Produto;DataEvento;MesHorizonte;QtdComprar;ValorCompra;Urgencia;Classe;Fornecedor;CicloDias;FrequenciaAno
PC001173;07/08/2026;1;204,0;142650,96;🚨 Urgente (até 7 dias);A;Não informado;1,0;319,3
PC001173;23/08/2026;1;210,0;147163,69;🔴 Prioritário (até 30 dias);A;Não informado;1,0;319,3
PC001173;08/09/2026;2;210,0;147091,37;🟡 Planejado;A;Não informado;1,0;319,2
PC001173;24/09/2026;2;210,0;147134,02;🟡 Planejado;A;Não informado;1,0;319,2
PC001173;10/10/2026;3;195,0;136667,65;🟡 Planejado;A;Não informado;1,0;310,4
PC001173;25/10/2026;3;191,0;134108,98;🟡 Planejado;A;Não informado;1,0;310,4
PC001173;10/11/2026;4;200,0;139893,03;🟡 Planejado;A;Não informado;1,0;307,8
PC001173;26/11/2026;4;202,0;141847,09;🟡 Planejado;A;Não informado;1,0;307,8
PC001173;09/12/2026;5;207,0;145135,64;🟡 Planejado;A;Não informado;1,0;333,1
PC001173;25/12/2026;5;219,0;153509,48;🟡 Planejado;A;Não informado;1,0;333,1
PC001173;10/01/2027;6;213,0;149476,44;🟡 Planejado;A;Não informado;1,0;329,8
PC001173;26/01/2027;6;217,0;152008,81;🟡 Planejado;A;Não informado;1,0;329,8
PC002592;06/09/2026;2;153,0;98676,61;🟡 Planejado;A;Não informado;2,0;234,1
PC002592;21/09/2026;2;144,0;93189,21;🟡 Planejado;A;Não informado;2,0;234,1
PC002592;07/10/2026;3;142,0;91588,22;🟡 Planejado;A;Não informado;2,0;226,3
PC002592;22/10/2026;3;140,0;90104,89;🟡 Planejado;A;Não informado;2,0;226,3
PC002592;03/11/2026;4;173,0;111713,72;🟡 Planejado;A;Não informado;1,0;269,0
PC002592;19/11/2026;4;177,0;114228,37;🟡 Planejado;A;Não informado;1,0;269,0
PC002592;05/12/2026;5;170,0;109834,19;🟡 Planejado;A;Não informado;1,0;264,5
PC002592;20/12/2026;5;163,0;105307,67;🟡 Planejado;A;Não informado;1,0;264,5
PC002592;04/01/2027;6;179,0;115830,11;🟡 Planejado;A;Não informado;1,0;275,3
PC002592;20/01/2027;6;181,0;116878,43;🟡 Planejado;A;Não informado;1,0;275,3
PC002709;20/08/2026;1;114,0;100818,06;🔴 Prioritário (até 30 dias);A;Não informado;2,0;179,8
PC002709;04/09/2026;2;111,0;98586,4;🟡 Planejado;A;Não informado;2,0;179,9
PC002709;19/09/2026;2;111,0;98510,63;🟡 Planejado;A;Não informado;2,0;179,9
PC002709;05/10/2026;3;118,0;105070,52;🟡 Planejado;A;Não informado;2,0;179,9
PC002709;21/10/2026;3;118,0;105074,68;🟡 Planejado;A;Não informado;2,0;179,9
PC002709;05/11/2026;4;111,0;98507,93;🟡 Planejado;A;Não informado;2,0;179,9
PC002709;21/11/2026;4;118,0;105074,86;🟡 Planejado;A;Não informado;2,0;179,9
PC002709;07/12/2026;5;118,0;105074,84;🟡 Planejado;A;Não informado;2,0;179,9
PC002709;23/12/2026;5;118,0;105074,85;🟡 Planejado;A;Não informado;2,0;179,9
PC002709;07/01/2027;6;111,0;98507,67;🟡 Planejado;A;Não informado;2,0;179,9
PC002709;23/01/2027;6;118,0;105074,85;🟡 Planejado;A;Não informado;2,0;179,9
PC003083;02/09/2026;2;103,0;85573,53;🟡 Planejado;A;Não informado;2,0;163,8
PC003083;18/09/2026;2;108,0;89786,2;🟡 Planejado;A;Não informado;2,0;163,8
PC003083;02/10/2026;3;107,0;89516,98;🟡 Planejado;A;Não informado;2,0;173,5
PC003083;17/10/2026;3;107,0;89153,68;🟡 Planejado;A;Não informado;2,0;173,5
PC003083;31/10/2026;4;121,0;101180,14;🟡 Planejado;A;Não informado;2,0;189,9
PC003083;15/11/2026;4;117,0;97577,13;🟡 Planejado;A;Não informado;2,0;189,9
PC003083;30/11/2026;5;126,0;104875,51;🟡 Planejado;A;Não informado;2,0;196,5
PC003083;15/12/2026;5;121,0;100998,25;🟡 Planejado;A;Não informado;2,0;196,5
PC003083;30/12/2026;6;128,0;106363,64;🟡 Planejado;A;Não informado;2,0;201,4
PC003083;14/01/2027;6;124,0;103513,28;🟡 Planejado;A;Não informado;2,0;201,4
PC000960;25/09/2026;2;120,0;93949,87;🟡 Planejado;A;Não informado;2,0;185,9
PC000960;11/10/2026;3;122,0;95409,28;🟡 Planejado;A;Não informado;2,0;185,9
PC000960;27/10/2026;3;122,0;95476,22;🟡 Planejado;A;Não informado;2,0;185,9
PC000960;12/11/2026;4;122,0;95385,6;🟡 Planejado;A;Não informado;2,0;185,8
PC000960;27/11/2026;4;115,0;89478,06;🟡 Planejado;A;Não informado;2,0;185,8
PC000960;13/12/2026;5;122,0;95369,12;🟡 Planejado;A;Não informado;2,0;185,7
PC000960;28/12/2026;5;114,0;89453,35;🟡 Planejado;A;Não informado;2,0;185,7
PC000960;13/01/2027;6;122,0;95356,27;🟡 Planejado;A;Não informado;2,0;185,7
PC000661;20/08/2026;1;110,0;72847,39;🔴 Prioritário (até 30 dias);A;Não informado;2,0;167,3
PC000661;05/09/2026;2;109,0;72632,28;🟡 Planejado;A;Não informado;2,0;166,8
PC000661;20/09/2026;2;103,0;68311,21;🟡 Planejado;A;Não informado;2,0;166,8
PC000661;05/10/2026;3;106,0;70600,85;🟡 Planejado;A;Não informado;2,0;169,2
PC000661;21/10/2026;3;111,0;73882,91;🟡 Planejado;A;Não informado;2,0;169,2
PC000661;04/11/2026;4;111,0;73781,27;🟡 Planejado;A;Não informado;2,0;178,4
PC000661;20/11/2026;4;117,0;77942,34;🟡 Planejado;A;Não informado;2,0;178,4
PC000661;05/12/2026;5;116,0;77135,46;🟡 Planejado;A;Não informado;2,0;182,5
PC000661;20/12/2026;5;112,0;74718,72;🟡 Planejado;A;Não informado;2,0;182,5
PC000661;05/01/2027;6;120,0;79415,86;🟡 Planejado;A;Não informado;2,0;182,2
PC000661;21/01/2027;6;120,0;79580,35;🟡 Planejado;A;Não informado;2,0;182,2
PC005395;13/08/2026;1;95,0;73930,04;🔴 Prioritário (até 30 dias);A;Não informado;2,0;151,7
PC005395;28/08/2026;1;93,0;72740,34;🔴 Prioritário (até 30 dias);A;Não informado;2,0;151,7
PC005395;12/09/2026;2;100,0;77438,04;🟡 Planejado;A;Não informado;2,0;155,1
PC005395;28/09/2026;2;102,0;79337,68;🟡 Planejado;A;Não informado;2,0;155,1
PC005395;14/10/2026;3;96,0;74525,56;🟡 Planejado;A;Não informado;2,0;151,7
PC005395;29/10/2026;3;94,0;72775,03;🟡 Planejado;A;Não informado;2,0;151,7
PC005395;12/11/2026;4;98,0;76102,52;🟡 Planejado;A;Não informado;2,0;157,6
PC005395;27/11/2026;4;97,0;75563,38;🟡 Planejado;A;Não informado;2,0;157,6
PC005395;12/12/2026;5;98,0;76586,36;🟡 Planejado;A;Não informado;2,0;158,3
PC005395;27/12/2026;5;98,0;75912,13;🟡 Planejado;A;Não informado;2,0;158,3
PC005395;11/01/2027;6;102,0;79421,82;🟡 Planejado;A;Não informado;2,0;160,8
PC005395;27/01/2027;6;106,0;82249,19;🟡 Planejado;A;Não informado;2,0;160,8
PC008800;05/10/2026;3;107,0;46104,76;🟡 Planejado;A;Não informado;2,0;167,7
PC008800;21/10/2026;3;110,0;47332,61;🟡 Planejado;A;Não informado;2,0;167,7
PC008800;05/11/2026;4;114,0;49051,45;🟡 Planejado;A;Não informado;2,0;174,9
PC008800;21/11/2026;4;115,0;49355,15;🟡 Planejado;A;Não informado;2,0;174,9
PC008800;05/12/2026;5;126,0;54038,63;🟡 Planejado;A;Não informado;2,0;191,5
PC008800;20/12/2026;5;118,0;50670,27;🟡 Planejado;A;Não informado;2,0;191,5
PC008800;03/01/2027;6;137,0;58700,83;🟡 Planejado;A;Não informado;2,0;209,5
PC008800;19/01/2027;6;138,0;59118,76;🟡 Planejado;A;Não informado;2,0;209,5
PC004563;04/09/2026;2;108,0;68383,65;🟡 Planejado;A;Não informado;2,0;173,5
PC004563;20/09/2026;2;114,0;72035,71;🟡 Planejado;A;Não informado;2,0;173,5
PC004563;05/10/2026;3;115,0;72300,34;🟡 Planejado;A;Não informado;2,0;178,6
PC004563;21/10/2026;3;117,0;74154,32;🟡 Planejado;A;Não informado;2,0;178,6
PC004563;03/11/2026;4;129,0;81404,06;🟡 Planejado;A;Não informado;2,0;201,9
PC004563;19/11/2026;4;133,0;83824,57;🟡 Planejado;A;Não informado;2,0;201,9
PC004563;04/12/2026;5;129,0;81282,78;🟡 Planejado;A;Não informado;2,0;204,8
PC004563;19/12/2026;5;126,0;79709,39;🟡 Planejado;A;Não informado;2,0;204,8
PC004563;04/01/2027;6;128,0;80661,51;🟡 Planejado;A;Não informado;2,0;200,3
PC004563;20/01/2027;6;132,0;83137,15;🟡 Planejado;A;Não informado;2,0;200,3
PC001450;22/09/2026;2;87,0;52357,23;🟡 Planejado;A;Não informado;3,0;138,1
PC001450;07/10/2026;3;85,0;51373,26;🟡 Planejado;A;Não informado;3,0;138,1
PC001450;22/10/2026;3;85,0;51355,53;🟡 Planejado;A;Não informado;3,0;138,1
PC001450;06/11/2026;4;85,0;51362,18;🟡 Planejado;A;Não informado;3,0;138,1
PC001450;22/11/2026;4;91,0;54782,03;🟡 Planejado;A;Não informado;3,0;138,1
PC001450;07/12/2026;5;85,0;51359,7;🟡 Planejado;A;Não informado;3,0;138,1
PC001450;23/12/2026;5;91,0;54782,67;🟡 Planejado;A;Não informado;3,0;138,1
PC001450;07/01/2027;6;85,0;51359,11;🟡 Planejado;A;Não informado;3,0;138,1
PC001450;23/01/2027;6;91,0;54782,81;🟡 Planejado;A;Não informado;3,0;138,1
PC000672;18/09/2026;2;89,0;50476,46;🟡 Planejado;A;Não informado;3,0;136,1
PC000672;02/10/2026;3;92,0;51991,31;🟡 Planejado;A;Não informado;3,0;145,9
PC000672;17/10/2026;3;90,0;51013,71;🟡 Planejado;A;Não informado;3,0;145,9
PC000672;03/11/2026;4;90,0;50838,73;🟡 Planejado;A;Não informado;3,0;137,4
PC000672;19/11/2026;4;90,0;51225,23;🟡 Planejado;A;Não informado;3,0;137,4
PC000672;05/12/2026;5;90,0;51152,07;🟡 Planejado;A;Não informado;3,0;137,3
PC000672;21/12/2026;5;90,0;51193,59;🟡 Planejado;A;Não informado;3,0;137,3
PC000672;03/01/2027;6;102,0;57866,4;🟡 Planejado;A;Não informado;2,0;156,7
PC000672;18/01/2027;6;97,0;54773,83;🟡 Planejado;A;Não informado;2,0;156,7
PC003019;10/08/2026;1;146,0;78908,6;🔴 Prioritário (até 30 dias);A;Não informado;2,0;234,9
PC003019;26/08/2026;1;154,0;83416,88;🔴 Prioritário (até 30 dias);A;Não informado;2,0;234,9
PC003019;03/10/2026;3;80,0;43105,84;🟡 Planejado;A;Não informado;3,0;122,7
PC003019;18/10/2026;3;76,0;40853,81;🟡 Planejado;A;Não informado;3,0;122,7
PC003019;04/11/2026;4;77,0;41345,91;🟡 Planejado;A;Não informado;3,0;116,5
PC003019;20/11/2026;4;77,0;41375,14;🟡 Planejado;A;Não informado;3,0;116,5
PC003019;06/12/2026;5;74,0;40104,87;🟡 Planejado;A;Não informado;3,0;115,0
PC003019;22/12/2026;5;76,0;40840,29;🟡 Planejado;A;Não informado;3,0;115,0
PC003019;04/01/2027;6;85,0;46171,84;🟡 Planejado;A;Não informado;3,0;130,8
PC003019;19/01/2027;6;81,0;43553,63;🟡 Planejado;A;Não informado;3,0;130,8
PC003925;22/08/2026;1;247,0;92315,42;🔴 Prioritário (até 30 dias);A;Não informado;1,0;380,4
PC003925;27/09/2026;2;131,0;48910,9;🟡 Planejado;A;Não informado;2,0;199,2
PC003925;10/10/2026;3;136,0;50791,35;🟡 Planejado;A;Não informado;2,0;216,6
PC003925;26/10/2026;3;142,0;53261,72;🟡 Planejado;A;Não informado;2,0;216,6
PC003925;12/11/2026;4;130,0;48470,08;🟡 Planejado;A;Não informado;2,0;204,6
PC003925;28/11/2026;4;135,0;50308,82;🟡 Planejado;A;Não informado;2,0;204,6
PC003925;13/12/2026;5;128,0;47775,35;🟡 Planejado;A;Não informado;2,0;205,5
PC003925;28/12/2026;5;127,0;47368,13;🟡 Planejado;A;Não informado;2,0;205,5
PC003925;13/01/2027;6;126,0;47001,18;🟡 Planejado;A;Não informado;2,0;200,5
PC002154;10/10/2026;3;52,0;42244,56;🟡 Planejado;A;Não informado;4,0;82,3
PC002154;25/10/2026;3;51,0;41442,05;🟡 Planejado;A;Não informado;4,0;82,3
PC002154;09/11/2026;4;51,0;41821,25;🟡 Planejado;A;Não informado;4,0;82,6
PC002154;25/11/2026;4;54,0;44352,83;🟡 Planejado;A;Não informado;4,0;82,6
PC002154;09/12/2026;5;57,0;46521,45;🟡 Planejado;A;Não informado;4,0;88,2
PC002154;24/12/2026;5;54,0;44402,51;🟡 Planejado;A;Não informado;4,0;88,2
PC002154;11/01/2027;6;51,0;41439,75;🟡 Planejado;A;Não informado;5,0;80,2
PC002154;26/01/2027;6;49,0;40365,03;🟡 Planejado;A;Não informado;5,0;80,2
PC004811;02/09/2026;2;101,0;49674,65;🟡 Planejado;A;Não informado;2,0;158,7
PC004811;18/09/2026;2;104,0;51482,89;🟡 Planejado;A;Não informado;2,0;158,7
PC004811;03/10/2026;3;98,0;48311,58;🟡 Planejado;A;Não informado;2,0;158,7
PC004811;18/10/2026;3;98,0;48285,67;🟡 Planejado;A;Não informado;2,0;158,7
PC004811;02/11/2026;4;98,0;48322,76;🟡 Planejado;A;Não informado;2,0;158,8
PC004811;18/11/2026;4;104,0;51522,17;🟡 Planejado;A;Não informado;2,0;158,8
PC004811;03/12/2026;5;98,0;48332,58;🟡 Planejado;A;Não informado;2,0;158,8
PC004811;18/12/2026;5;98,0;48315,12;🟡 Planejado;A;Não informado;2,0;158,8
PC004811;02/01/2027;6;98,0;48339,56;🟡 Planejado;A;Não informado;2,0;158,9
PC004811;17/01/2027;6;98,0;48325,59;🟡 Planejado;A;Não informado;2,0;158,9
PC003795;16/10/2026;3;72,0;41273,7;🟡 Planejado;A;Não informado;3,0;111,7
PC003795;01/11/2026;4;71,0;40825,23;🟡 Planejado;A;Não informado;3,0;110,2
PC003795;16/11/2026;4;68,0;38812,34;🟡 Planejado;A;Não informado;3,0;110,2
PC003795;01/12/2026;5;70,0;39912,75;🟡 Planejado;A;Não informado;3,0;111,6
PC003795;17/12/2026;5;73,0;41933,36;🟡 Planejado;A;Não informado;3,0;111,6
PC003795;02/01/2027;6;71,0;40781,92;🟡 Planejado;A;Não informado;3,0;110,2
PC003795;17/01/2027;6;68,0;38819,05;🟡 Planejado;A;Não informado;3,0;110,2
PC009877;26/08/2026;1;54,0;36174,91;🔴 Prioritário (até 30 dias);A;Não informado;4,0;84,7
PC009877;11/09/2026;2;54,0;36360,55;🟡 Planejado;A;Não informado;4,0;83,8
PC009877;27/09/2026;2;55,0;36977,35;🟡 Planejado;A;Não informado;4,0;83,8
PC009877;12/10/2026;3;54,0;36223,0;🟡 Planejado;A;Não informado;4,0;85,2
PC009877;28/10/2026;3;56,0;37556,6;🟡 Planejado;A;Não informado;4,0;85,2
PC009877;13/11/2026;4;55,0;36875,13;🟡 Planejado;A;Não informado;4,0;84,6
PC009877;29/11/2026;5;58,0;38868,83;🟡 Planejado;A;Não informado;4,0;86,4
PC009877;15/12/2026;5;57,0;38116,64;🟡 Planejado;A;Não informado;4,0;86,4
PC009877;31/12/2026;6;54,0;36169,31;🟡 Planejado;A;Não informado;4,0;84,3
PC009877;15/01/2027;6;52,0;34849,2;🟡 Planejado;A;Não informado;4,0;84,3
PC008523;05/09/2026;2;58,0;52191,4;🟡 Planejado;A;Não informado;4,0;92,1
PC008523;21/09/2026;2;61,0;54300,48;🟡 Planejado;A;Não informado;4,0;92,1
PC008523;06/10/2026;3;58,0;52423,65;🟡 Planejado;A;Não informado;4,0;93,2
PC008523;22/10/2026;3;61,0;54956,46;🟡 Planejado;A;Não informado;4,0;93,2
PC008523;07/11/2026;4;59,0;53110,02;🟡 Planejado;A;Não informado;4,0;91,9
PC008523;23/11/2026;4;60,0;54198,94;🟡 Planejado;A;Não informado;4,0;91,9
PC008523;08/12/2026;5;61,0;55115,93;🟡 Planejado;A;Não informado;4,0;94,9
PC008523;24/12/2026;5;62,0;55920,71;🟡 Planejado;A;Não informado;4,0;94,9
PC008523;08/01/2027;6;64,0;57733,04;🟡 Planejado;A;Não informado;4,0;98,4
PC008523;23/01/2027;6;61,0;54367,39;🟡 Planejado;A;Não informado;4,0;98,4
PC003936;24/10/2026;3;39,0;41792,4;🟡 Planejado;A;Não informado;6,0;60,9
PC003936;08/11/2026;4;41,0;44295,79;🟡 Planejado;A;Não informado;6,0;62,9
PC003936;24/11/2026;4;41,0;44861,66;🟡 Planejado;A;Não informado;6,0;62,9
PC003936;08/12/2026;5;41,0;44662,91;🟡 Planejado;A;Não informado;6,0;65,9
PC003936;24/12/2026;5;43,0;47025,25;🟡 Planejado;A;Não informado;6,0;65,9
PC003936;05/01/2027;6;49,0;52900,07;🟡 Planejado;A;Não informado;5,0;76,3
PC003936;21/01/2027;6;50,0;54448,88;🟡 Planejado;A;Não informado;5,0;76,3
PC009813;23/08/2026;1;83,0;65731,91;🔴 Prioritário (até 30 dias);A;Não informado;3,0;126,2
PC009813;26/09/2026;2;47,0;36860,32;🟡 Planejado;A;Não informado;5,0;70,8
PC009813;10/10/2026;3;48,0;37982,76;🟡 Planejado;A;Não informado;5,0;75,1
PC009813;25/10/2026;3;46,0;36668,74;🟡 Planejado;A;Não informado;5,0;75,1
PC009813;12/11/2026;4;43,0;34190,29;🟡 Planejado;A;Não informado;5,0;68,2
PC009813;28/11/2026;4;45,0;35545,25;🟡 Planejado;A;Não informado;5,0;68,2
PC009813;12/12/2026;5;44,0;34763,02;🟡 Planejado;A;Não informado;5,0;70,8
PC009813;27/12/2026;5;44,0;34571,71;🟡 Planejado;A;Não informado;5,0;70,8
PC009813;10/01/2027;6;50,0;39320,96;🟡 Planejado;A;Não informado;5,0;75,8
PC009813;26/01/2027;6;50,0;39501,25;🟡 Planejado;A;Não informado;5,0;75,8
PC008512;29/09/2026;2;76,0;29407,19;🟡 Planejado;A;Não informado;3,0;123,8
PC008512;13/10/2026;3;84,0;32246,2;🟡 Planejado;A;Não informado;3,0;130,8
PC008512;28/10/2026;3;81,0;31013,61;🟡 Planejado;A;Não informado;3,0;130,8
PC008512;14/11/2026;4;82,0;31455,17;🟡 Planejado;A;Não informado;3,0;125,7
PC008512;30/11/2026;5;82,0;31596,89;🟡 Planejado;A;Não informado;3,0;125,3
PC008512;15/12/2026;5;77,0;29715,63;🟡 Planejado;A;Não informado;3,0;125,3
PC008512;30/12/2026;6;80,0;30579,41;🟡 Planejado;A;Não informado;3,0;127,0
PC008512;15/01/2027;6;84,0;32128,56;🟡 Planejado;A;Não informado;3,0;127,0
PC004629;07/08/2026;1;64,0;60994,71;🚨 Urgente (até 7 dias);A;Não informado;4,0;103,3
PC004629;23/08/2026;1;68,0;64648,26;🔴 Prioritário (até 30 dias);A;Não informado;4,0;103,3
PC004629;25/09/2026;2;39,0;36746,98;🟡 Planejado;A;Não informado;6,0;59,2
PC004629;12/10/2026;3;34,0;32340,65;🟡 Planejado;A;Não informado;7,0;55,0
PC004629;28/10/2026;3;36,0;34436,72;🟡 Planejado;A;Não informado;7,0;55,0
PC004629;11/11/2026;4;38,0;36148,24;🟡 Planejado;A;Não informado;6,0;58,6
PC004629;27/11/2026;4;39,0;36675,27;🟡 Planejado;A;Não informado;6,0;58,6
PC004629;13/12/2026;5;36,0;34391,95;🟡 Planejado;A;Não informado;6,0;57,3
PC004629;28/12/2026;5;35,0;33621,96;🟡 Planejado;A;Não informado;6,0;57,3
PC004629;13/01/2027;6;34,0;32665,86;🟡 Planejado;A;Não informado;7,0;55,5
PC000587;12/09/2026;2;39,0;32978,84;🟡 Planejado;A;Não informado;6,0;59,6
PC000587;28/09/2026;2;39,0;33234,94;🟡 Planejado;A;Não informado;6,0;59,6
PC000587;14/10/2026;3;39,0;33234,94;🟡 Planejado;A;Não informado;6,0;59,6
PC000587;30/10/2026;4;39,0;33234,94;🟡 Planejado;A;Não informado;6,0;59,6
PC000587;15/11/2026;4;39,0;33234,94;🟡 Planejado;A;Não informado;6,0;59,6
PC000587;01/12/2026;5;39,0;33234,94;🟡 Planejado;A;Não informado;6,0;59,6
PC000587;17/12/2026;5;39,0;33234,94;🟡 Planejado;A;Não informado;6,0;59,6
PC000587;02/01/2027;6;39,0;33234,94;🟡 Planejado;A;Não informado;6,0;59,6
PC000587;18/01/2027;6;39,0;33234,94;🟡 Planejado;A;Não informado;6,0;59,6
PC004171;19/09/2026;2;53,0;39199,88;🟡 Planejado;A;Não informado;4,0;82,2
PC004171;04/10/2026;3;53,0;39302,15;🟡 Planejado;A;Não informado;4,0;84,0
PC004171;20/10/2026;3;55,0;40763,28;🟡 Planejado;A;Não informado;4,0;84,0
PC004171;05/11/2026;4;55,0;40472,01;🟡 Planejado;A;Não informado;4,0;83,8
PC004171;20/11/2026;4;52,0;38097,49;🟡 Planejado;A;Não informado;4,0;83,8
PC004171;05/12/2026;5;52,0;38136,22;🟡 Planejado;A;Não informado;4,0;83,8
PC004171;21/12/2026;5;55,0;40654,07;🟡 Planejado;A;Não informado;4,0;83,8
PC004171;06/01/2027;6;54,0;39521,47;🟡 Planejado;A;Não informado;4,0;82,9
PC004171;21/01/2027;6;51,0;37677,58;🟡 Planejado;A;Não informado;4,0;82,9
PC003690;02/10/2026;3;48,0;26527,17;🟡 Planejado;A;Não informado;5,0;74,1
PC003690;18/10/2026;3;49,0;27108,34;🟡 Planejado;A;Não informado;5,0;74,1
PC003690;03/11/2026;4;46,0;25869,14;🟡 Planejado;A;Não informado;5,0;72,5
PC003690;18/11/2026;4;45,0;24882,98;🟡 Planejado;A;Não informado;5,0;72,5
PC003690;02/12/2026;5;53,0;29425,57;🟡 Planejado;A;Não informado;5,0;80,5
PC003690;18/12/2026;5;53,0;29460,18;🟡 Planejado;A;Não informado;5,0;80,5
PC003690;05/01/2027;6;45,0;24941,92;🟡 Planejado;A;Não informado;5,0;71,0
PC003690;21/01/2027;6;47,0;26007,22;🟡 Planejado;A;Não informado;5,0;71,0
PC002515;23/08/2026;1;44,0;44997,18;🔴 Prioritário (até 30 dias);A;Não informado;5,0;68,8
PC002515;07/09/2026;2;46,0;46782,03;🟡 Planejado;A;Não informado;5,0;70,9
PC002515;22/09/2026;2;44,0;44791,39;🟡 Planejado;A;Não informado;5,0;70,9
PC002515;09/10/2026;3;44,0;44762,82;🟡 Planejado;A;Não informado;5,0;67,3
PC002515;24/10/2026;3;41,0;42541,11;🟡 Planejado;A;Não informado;5,0;67,3
PC002515;08/11/2026;4;42,0;43333,88;🟡 Planejado;A;Não informado;5,0;67,8
PC002515;24/11/2026;4;45,0;45694,29;🟡 Planejado;A;Não informado;5,0;67,8
PC002515;10/12/2026;5;43,0;43909,95;🟡 Planejado;A;Não informado;5,0;66,8
PC002515;25/12/2026;5;41,0;42201,13;🟡 Planejado;A;Não informado;5,0;66,8
PC002515;09/01/2027;6;43,0;44499,71;🟡 Planejado;A;Não informado;5,0;68,1
PC002515;25/01/2027;6;45,0;45890,19;🟡 Planejado;A;Não informado;5,0;68,1
PC000403;03/10/2026;3;42,0;36254,38;🟡 Planejado;A;Não informado;5,0;67,8
PC000403;18/10/2026;3;42,0;35891,36;🟡 Planejado;A;Não informado;5,0;67,8
PC000403;02/11/2026;4;43,0;36823,44;🟡 Planejado;A;Não informado;5,0;68,5
PC000403;18/11/2026;4;45,0;38722,74;🟡 Planejado;A;Não informado;5,0;68,5
PC000403;03/12/2026;5;43,0;36841,54;🟡 Planejado;A;Não informado;5,0;69,0
PC000403;18/12/2026;5;43,0;36533,56;🟡 Planejado;A;Não informado;5,0;69,0
PC000403;02/01/2027;6;47,0;40443,42;🟡 Planejado;A;Não informado;5,0;72,1
PC000403;18/01/2027;6;47,0;40756,49;🟡 Planejado;A;Não informado;5,0;72,1
PC002624;26/09/2026;2;61,0;34005,85;🟡 Planejado;A;Não informado;4,0;94,5
PC002624;10/10/2026;3;65,0;36350,51;🟡 Planejado;A;Não informado;4,0;101,0
PC002624;25/10/2026;3;62,0;34616,99;🟡 Planejado;A;Não informado;4,0;101,0
PC002624;11/11/2026;4;59,0;32721,86;🟡 Planejado;A;Não informado;4,0;94,4
PC002624;26/11/2026;4;58,0;32345,81;🟡 Planejado;A;Não informado;4,0;94,4
PC002624;09/12/2026;5;67,0;37032,22;🟡 Planejado;A;Não informado;4,0;104,0
PC002624;25/12/2026;5;68,0;38014,07;🟡 Planejado;A;Não informado;4,0;104,0
PC002624;11/01/2027;6;63,0;35162,64;🟡 Planejado;A;Não informado;4,0;98,8
PC002624;26/01/2027;6;61,0;33856,16;🟡 Planejado;A;Não informado;4,0;98,8
PC004051;19/10/2026;3;52,0;38057,37;🟡 Planejado;A;Não informado;4,0;81,7
PC004051;04/11/2026;4;54,0;39049,09;🟡 Planejado;A;Não informado;4,0;81,7
PC004051;20/11/2026;4;54,0;39049,09;🟡 Planejado;A;Não informado;4,0;81,7
PC004051;06/12/2026;5;54,0;39049,09;🟡 Planejado;A;Não informado;4,0;81,7
PC004051;22/12/2026;5;54,0;39049,09;🟡 Planejado;A;Não informado;4,0;81,7
PC004051;07/01/2027;6;54,0;39049,09;🟡 Planejado;A;Não informado;4,0;81,7
PC004051;23/01/2027;6;54,0;39049,09;🟡 Planejado;A;Não informado;4,0;81,7
PC000339;01/09/2026;2;39,0;31782,29;🟡 Planejado;A;Não informado;6,0;61,7
PC000339;16/09/2026;2;38,0;30905,88;🟡 Planejado;A;Não informado;6,0;61,7
PC000339;01/10/2026;3;41,0;33692,09;🟡 Planejado;A;Não informado;6,0;64,3
PC000339;17/10/2026;3;42,0;34359,38;🟡 Planejado;A;Não informado;6,0;64,3
PC000339;01/11/2026;4;43,0;34660,42;🟡 Planejado;A;Não informado;5,0;66,5
PC000339;17/11/2026;4;44,0;35546,53;🟡 Planejado;A;Não informado;5,0;66,5
PC000339;01/12/2026;5;45,0;36664,22;🟡 Planejado;A;Não informado;5,0;71,6
PC000339;17/12/2026;5;47,0;38242,77;🟡 Planejado;A;Não informado;5,0;71,6
PC000339;02/01/2027;6;46,0;37244,58;🟡 Planejado;A;Não informado;5,0;70,7
PC000339;18/01/2027;6;47,0;37786,46;🟡 Planejado;A;Não informado;5,0;70,7
PC006419;02/08/2026;1;45,0;33078,37;🚨 Urgente (até 7 dias);A;Não informado;5,0;71,2
PC006419;18/08/2026;1;47,0;34698,59;🔴 Prioritário (até 30 dias);A;Não informado;5,0;71,2
PC006419;02/09/2026;2;44,0;32543,61;🟡 Planejado;A;Não informado;5,0;71,2
PC006419;18/09/2026;2;47,0;34705,22;🟡 Planejado;A;Não informado;5,0;71,2
PC006419;03/10/2026;3;44,0;32537,84;🟡 Planejado;A;Não informado;5,0;71,2
PC006419;18/10/2026;3;44,0;32536,89;🟡 Planejado;A;Não informado;5,0;71,2
PC006419;02/11/2026;4;44,0;32537,09;🟡 Planejado;A;Não informado;5,0;71,2
PC006419;17/11/2026;4;44,0;32536,98;🟡 Planejado;A;Não informado;5,0;71,2
PC006419;02/12/2026;5;44,0;32537,01;🟡 Planejado;A;Não informado;5,0;71,2
PC006419;17/12/2026;5;44,0;32536,99;🟡 Planejado;A;Não informado;5,0;71,2
PC006419;01/01/2027;6;44,0;32536,99;🟡 Planejado;A;Não informado;5,0;71,2
PC006419;17/01/2027;6;47,0;34706,13;🟡 Planejado;A;Não informado;5,0;71,2
PC004747;01/08/2026;1;75,0;72773,01;🚨 Urgente (até 7 dias);A;Não informado;4,0;84,9
PC004747;17/08/2026;1;56,0;54038,29;🔴 Prioritário (até 30 dias);A;Não informado;4,0;84,9
PC004747;18/09/2026;2;28,0;27552,04;🟡 Planejado;A;Não informado;8,0;43,6
PC004747;04/10/2026;3;29,0;27713,95;🟡 Planejado;A;Não informado;8,0;43,6
PC004747;20/10/2026;3;29,0;27730,57;🟡 Planejado;A;Não informado;8,0;43,6
PC004747;03/11/2026;4;31,0;29635,41;🟡 Planejado;A;Não informado;8,0;47,5
PC004747;18/11/2026;4;29,0;28299,33;🟡 Planejado;A;Não informado;8,0;47,5
PC004747;06/12/2026;5;28,0;26867,32;🟡 Planejado;A;Não informado;9,0;42,8
PC004747;21/12/2026;5;26,0;25499,91;🟡 Planejado;A;Não informado;9,0;42,8
PC004747;02/01/2027;6;33,0;32325,45;🟡 Planejado;A;Não informado;7,0;51,3
PC004747;17/01/2027;6;32,0;30610,84;🟡 Planejado;A;Não informado;7,0;51,3
PC006539;01/08/2026;1;56,0;49026,66;🚨 Urgente (até 7 dias);A;Não informado;5,0;78,4
PC006539;17/08/2026;1;52,0;45215,7;🔴 Prioritário (até 30 dias);A;Não informado;5,0;78,4
PC006539;15/09/2026;2;27,0;23931,46;🟡 Planejado;A;Não informado;8,0;43,4
PC006539;01/10/2026;3;26,0;22989,86;🟡 Planejado;A;Não informado;9,0;41,6
PC006539;16/10/2026;3;26,0;22511,25;🟡 Planejado;A;Não informado;9,0;41,6
PC006539;01/11/2026;4;27,0;23768,13;🟡 Planejado;A;Não informado;9,0;41,4
PC006539;16/11/2026;4;26,0;22400,4;🟡 Planejado;A;Não informado;9,0;41,4
PC006539;01/12/2026;5;28,0;24436,91;🟡 Planejado;A;Não informado;8,0;43,2
PC006539;16/12/2026;5;27,0;23326,08;🟡 Planejado;A;Não informado;8,0;43,2
PC006539;31/12/2026;6;30,0;26036,69;🟡 Planejado;A;Não informado;8,0;45,4
PC006539;16/01/2027;6;30,0;26195,39;🟡 Planejado;A;Não informado;8,0;45,4
PC008192;20/10/2026;3;28,0;31747,29;🟡 Planejado;A;Não informado;8,0;43,3
PC008192;05/11/2026;4;28,0;31806,09;🟡 Planejado;A;Não informado;8,0;43,3
PC008192;20/11/2026;4;27,0;29818,25;🟡 Planejado;A;Não informado;8,0;43,3
PC008192;05/12/2026;5;27,0;29818,26;🟡 Planejado;A;Não informado;8,0;43,3
PC008192;21/12/2026;5;28,0;31806,13;🟡 Planejado;A;Não informado;8,0;43,3
PC008192;06/01/2027;6;28,0;31806,13;🟡 Planejado;A;Não informado;8,0;43,3
PC008192;21/01/2027;6;27,0;29818,25;🟡 Planejado;A;Não informado;8,0;43,3
PC007827;11/09/2026;2;30,0;28431,34;🟡 Planejado;A;Não informado;8,0;47,4
PC007827;27/09/2026;2;31,0;29387,77;🟡 Planejado;A;Não informado;8,0;47,4
PC007827;13/10/2026;3;31,0;29387,77;🟡 Planejado;A;Não informado;8,0;47,4
PC007827;29/10/2026;3;31,0;29387,77;🟡 Planejado;A;Não informado;8,0;47,4
PC007827;14/11/2026;4;31,0;29387,77;🟡 Planejado;A;Não informado;8,0;47,4
PC007827;30/11/2026;5;31,0;29387,77;🟡 Planejado;A;Não informado;8,0;47,4
PC007827;16/12/2026;5;31,0;29387,77;🟡 Planejado;A;Não informado;8,0;47,4
PC007827;01/01/2027;6;31,0;29387,77;🟡 Planejado;A;Não informado;8,0;47,4
PC007827;17/01/2027;6;31,0;29387,77;🟡 Planejado;A;Não informado;8,0;47,4
PC007840;01/08/2026;1;80,0;43224,32;🚨 Urgente (até 7 dias);A;Não informado;3,0;117,0
PC007840;17/08/2026;1;77,0;41537,09;🔴 Prioritário (até 30 dias);A;Não informado;3,0;117,0
PC007840;13/09/2026;2;46,0;24827,24;🟡 Planejado;A;Não informado;5,0;70,6
PC007840;28/09/2026;2;44,0;23509,23;🟡 Planejado;A;Não informado;5,0;70,6
PC007840;14/10/2026;3;44,0;23692,94;🟡 Planejado;A;Não informado;5,0;69,3
PC007840;30/10/2026;4;45,0;24058,18;🟡 Planejado;A;Não informado;5,0;68,5
PC007840;14/11/2026;4;42,0;22793,33;🟡 Planejado;A;Não informado;5,0;68,5
PC007840;30/11/2026;5;43,0;23190,57;🟡 Planejado;A;Não informado;5,0;66,9
PC007840;15/12/2026;5;41,0;22267,24;🟡 Planejado;A;Não informado;5,0;66,9
PC007840;30/12/2026;6;47,0;25163,96;🟡 Planejado;A;Não informado;5,0;71,0
PC007840;15/01/2027;6;47,0;25200,09;🟡 Planejado;A;Não informado;5,0;71,0
PC008362;13/08/2026;1;53,0;35724,62;🔴 Prioritário (até 30 dias);A;Não informado;4,0;83,4
PC008362;28/08/2026;1;51,0;34406,27;🔴 Prioritário (até 30 dias);A;Não informado;4,0;83,4
PC008362;07/10/2026;3;28,0;18803,83;🟡 Planejado;A;Não informado;8,0;45,2
PC008362;22/10/2026;3;28,0;18654,95;🟡 Planejado;A;Não informado;8,0;45,2
PC008362;08/11/2026;4;27,0;17841,05;🟡 Planejado;A;Não informado;9,0;42,2
PC008362;24/11/2026;4;28,0;18578,12;🟡 Planejado;A;Não informado;9,0;42,2
PC008362;08/12/2026;5;29,0;19384,45;🟡 Planejado;A;Não informado;8,0;45,1
PC008362;23/12/2026;5;28,0;18590,21;🟡 Planejado;A;Não informado;8,0;45,1
PC008362;08/01/2027;6;29,0;19339,96;🟡 Planejado;A;Não informado;8,0;44,6
PC008362;24/01/2027;6;29,0;19638,5;🟡 Planejado;A;Não informado;8,0;44,6
PC003648;15/09/2026;2;30,0;21761,66;🟡 Planejado;A;Não informado;8,0;47,3
PC003648;02/10/2026;3;29,0;20803,26;🟡 Planejado;A;Não informado;8,0;44,0
PC003648;18/10/2026;3;29,0;21070,38;🟡 Planejado;A;Não informado;8,0;44,0
PC003648;03/11/2026;4;26,0;18822,26;🟡 Planejado;A;Não informado;9,0;41,8
PC003648;18/11/2026;4;26,0;18790,0;🟡 Planejado;A;Não informado;9,0;41,8
PC003648;02/12/2026;5;30,0;22213,7;🟡 Planejado;A;Não informado;8,0;46,4
PC003648;17/12/2026;5;29,0;20853,1;🟡 Planejado;A;Não informado;8,0;46,4
PC003648;01/01/2027;6;31,0;22645,65;🟡 Planejado;A;Não informado;8,0;48,2
PC003648;16/01/2027;6;30,0;21643,93;🟡 Planejado;A;Não informado;8,0;48,2
PC006378;06/08/2026;1;37,0;31981,68;🚨 Urgente (até 7 dias);A;Não informado;6,0;56,8
PC006378;22/08/2026;1;37,0;32279,0;🔴 Prioritário (até 30 dias);A;Não informado;6,0;56,8
PC006378;05/09/2026;2;40,0;34456,02;🟡 Planejado;A;Não informado;6,0;61,6
PC006378;20/09/2026;2;38,0;32849,85;🟡 Planejado;A;Não informado;6,0;61,6
PC006378;05/10/2026;3;38,0;33228,9;🟡 Planejado;A;Não informado;6,0;61,9
PC006378;21/10/2026;3;41,0;35208,31;🟡 Planejado;A;Não informado;6,0;61,9
PC006378;06/11/2026;4;39,0;33533,49;🟡 Planejado;A;Não informado;6,0;60,7
PC006378;21/11/2026;4;37,0;32346,68;🟡 Planejado;A;Não informado;6,0;60,7
PC006378;05/12/2026;5;40,0;34432,82;🟡 Planejado;A;Não informado;6,0;63,9
PC006378;20/12/2026;5;39,0;34066,64;🟡 Planejado;A;Não informado;6,0;63,9
PC006378;05/01/2027;6;38,0;33163,94;🟡 Planejado;A;Não informado;6,0;61,6
PC006378;20/01/2027;6;38,0;32813,82;🟡 Planejado;A;Não informado;6,0;61,6
PC001227;01/08/2026;1;316,0;74801,7;🚨 Urgente (até 7 dias);B;Não informado;2,0;200,3
PC001227;22/08/2026;1;231,0;54554,65;🔴 Prioritário (até 30 dias);B;Não informado;2,0;200,3
PC001227;13/10/2026;3;112,0;26576,53;🟡 Planejado;B;Não informado;4,0;99,5
PC001227;02/11/2026;4;116,0;27502,79;🟡 Planejado;B;Não informado;4,0;102,5
PC001227;22/11/2026;4;112,0;26569,64;🟡 Planejado;B;Não informado;4,0;102,5
PC001227;09/12/2026;5;133,0;31360,61;🟡 Planejado;B;Não informado;3,0;115,7
PC001227;01/01/2027;6;113,0;26802,1;🟡 Planejado;B;Não informado;4,0;102,2
PC001227;21/01/2027;6;112,0;26506,38;🟡 Planejado;B;Não informado;4,0;102,2
PC001386;23/09/2026;2;43,0;32453,56;🟡 Planejado;B;Não informado;9,0;39,1
PC001386;12/10/2026;3;46,0;34700,94;🟡 Planejado;B;Não informado;9,0;41,0
PC001386;02/11/2026;4;43,0;32440,25;🟡 Planejado;B;Não informado;9,0;39,4
PC001386;22/11/2026;4;43,0;32361,54;🟡 Planejado;B;Não informado;9,0;39,4
PC001386;15/12/2026;5;41,0;30450,07;🟡 Planejado;B;Não informado;10,0;36,5
PC001386;31/12/2026;6;48,0;35817,79;🟡 Planejado;B;Não informado;8,0;43,2
PC001386;20/01/2027;6;47,0;35488,87;🟡 Planejado;B;Não informado;8,0;43,2
PC004491;04/10/2026;3;40,0;26291,56;🟡 Planejado;B;Não informado;10,0;35,5
PC004491;24/10/2026;3;39,0;25754,66;🟡 Planejado;B;Não informado;10,0;35,5
PC004491;12/11/2026;4;40,0;26532,71;🟡 Planejado;B;Não informado;10,0;36,5
PC004491;03/12/2026;5;40,0;26625,37;🟡 Planejado;B;Não informado;10,0;35,8
PC004491;23/12/2026;5;39,0;25977,37;🟡 Planejado;B;Não informado;10,0;35,8
PC004491;12/01/2027;6;42,0;28000,73;🟡 Planejado;B;Não informado;10,0;36,8
PC005715;30/08/2026;1;70,0;54908,55;🔴 Prioritário (até 30 dias);B;Não informado;6,0;62,3
PC005715;27/10/2026;3;37,0;29290,93;🟡 Planejado;B;Não informado;11,0;32,6
PC005715;19/11/2026;4;35,0;27402,39;🟡 Planejado;B;Não informado;12,0;30,7
PC005715;08/12/2026;5;36,0;28674,18;🟡 Planejado;B;Não informado;11,0;32,4
PC005715;28/12/2026;5;35,0;27888,13;🟡 Planejado;B;Não informado;11,0;32,4
PC005715;16/01/2027;6;37,0;28984,3;🟡 Planejado;B;Não informado;11,0;33,3
PC004512;09/10/2026;3;30,0;27813,54;🟡 Planejado;B;Não informado;14,0;25,9
PC004512;29/10/2026;3;28,0;26644,25;🟡 Planejado;B;Não informado;14,0;25,9
PC004512;21/11/2026;4;28,0;26065,72;🟡 Planejado;B;Não informado;15,0;24,5
PC004512;09/12/2026;5;29,0;26907,11;🟡 Planejado;B;Não informado;14,0;26,1
PC004512;29/12/2026;6;31,0;28888,57;🟡 Planejado;B;Não informado;13,0;27,1
PC004512;18/01/2027;6;30,0;27845,65;🟡 Planejado;B;Não informado;13,0;27,1
PC007786;24/08/2026;1;48,0;30356,11;🔴 Prioritário (até 30 dias);B;Não informado;8,0;43,7
PC007786;14/09/2026;2;50,0;31543,17;🟡 Planejado;B;Não informado;8,0;43,6
PC007786;05/10/2026;3;48,0;30593,3;🟡 Planejado;B;Não informado;9,0;42,9
PC007786;25/10/2026;3;47,0;29678,69;🟡 Planejado;B;Não informado;9,0;42,9
PC007786;14/11/2026;4;50,0;31246,23;🟡 Planejado;B;Não informado;8,0;43,7
PC007786;04/12/2026;5;48,0;30412,19;🟡 Planejado;B;Não informado;8,0;43,8
PC007786;25/12/2026;5;50,0;31829,73;🟡 Planejado;B;Não informado;8,0;43,8
PC007786;14/01/2027;6;50,0;31515,83;🟡 Planejado;B;Não informado;8,0;44,4
PC003968;01/09/2026;2;86,0;35260,81;🟡 Planejado;B;Não informado;5,0;76,0
PC003968;22/09/2026;2;87,0;35851,5;🟡 Planejado;B;Não informado;5,0;76,0
PC003968;13/10/2026;3;87,0;35824,77;🟡 Planejado;B;Não informado;5,0;76,0
PC003968;03/11/2026;4;87,0;35834,93;🟡 Planejado;B;Não informado;5,0;76,0
PC003968;24/11/2026;4;87,0;35838,22;🟡 Planejado;B;Não informado;5,0;76,0
PC003968;15/12/2026;5;87,0;35836,06;🟡 Planejado;B;Não informado;5,0;76,0
PC003968;05/01/2027;6;87,0;35836,92;🟡 Planejado;B;Não informado;5,0;76,0
PC003968;25/01/2027;6;83,0;34130,67;🟡 Planejado;B;Não informado;5,0;76,0
PC008768;20/08/2026;1;93,0;46719,08;🔴 Prioritário (até 30 dias);B;Não informado;4,0;82,6
PC008768;02/10/2026;3;53,0;26717,17;🟡 Planejado;B;Não informado;8,0;46,8
PC008768;23/10/2026;3;54,0;27186,32;🟡 Planejado;B;Não informado;8,0;46,8
PC008768;13/11/2026;4;52,0;26064,96;🟡 Planejado;B;Não informado;8,0;46,1
PC008768;04/12/2026;5;51,0;25537,36;🟡 Planejado;B;Não informado;8,0;45,1
PC008768;24/12/2026;5;49,0;24953,18;🟡 Planejado;B;Não informado;8,0;45,1
PC008768;10/01/2027;6;54,0;27408,23;🟡 Planejado;B;Não informado;7,0;49,4
PC008544;19/10/2026;3;53,0;38235,14;🟡 Planejado;B;Não informado;8,0;47,9
PC008544;08/11/2026;4;53,0;38206,72;🟡 Planejado;B;Não informado;8,0;48,2
PC008544;28/11/2026;4;53,0;37887,38;🟡 Planejado;B;Não informado;8,0;48,2
PC008544;18/12/2026;5;55,0;39185,82;🟡 Planejado;B;Não informado;7,0;48,8
PC008544;06/01/2027;6;56,0;40011,78;🟡 Planejado;B;Não informado;7,0;50,6
PC008544;26/01/2027;6;55,0;39792,68;🟡 Planejado;B;Não informado;7,0;50,6
PC008789;01/08/2026;1;32,0;22610,21;🚨 Urgente (até 7 dias);B;Não informado;14,0;26,9
PC008789;21/08/2026;1;29,0;20583,79;🔴 Prioritário (até 30 dias);B;Não informado;14,0;26,9
PC008789;07/09/2026;2;33,0;23278,2;🟡 Planejado;B;Não informado;12,0;30,0
PC008789;28/09/2026;2;35,0;24142,59;🟡 Planejado;B;Não informado;12,0;30,0
PC008789;17/10/2026;3;36,0;24929,73;🟡 Planejado;B;Não informado;12,0;31,4
PC008789;05/11/2026;4;36,0;25364,35;🟡 Planejado;B;Não informado;11,0;32,8
PC008789;26/11/2026;4;38,0;26381,57;🟡 Planejado;B;Não informado;11,0;32,8
PC008789;15/12/2026;5;39,0;27275,99;🟡 Planejado;B;Não informado;11,0;34,3
PC008789;03/01/2027;6;40,0;28236,96;🟡 Planejado;B;Não informado;10,0;36,2
PC008789;23/01/2027;6;40,0;27726,06;🟡 Planejado;B;Não informado;10,0;36,2
PC008288;16/09/2026;2;42,0;25741,25;🟡 Planejado;B;Não informado;10,0;37,7
PC008288;06/10/2026;3;43,0;25790,53;🟡 Planejado;B;Não informado;10,0;38,2
PC008288;26/10/2026;3;42,0;25346,0;🟡 Planejado;B;Não informado;10,0;38,2
PC008288;16/11/2026;4;43,0;26205,14;🟡 Planejado;B;Não informado;10,0;38,0
PC008288;06/12/2026;5;42,0;25339,35;🟡 Planejado;B;Não informado;10,0;38,0
PC008288;27/12/2026;5;44,0;26524,19;🟡 Planejado;B;Não informado;10,0;38,0
PC008288;16/01/2027;6;44,0;26879,81;🟡 Planejado;B;Não informado;9,0;38,9
PC000789;09/08/2026;1;50,0;39910,35;🔴 Prioritário (até 30 dias);B;Não informado;8,0;43,9
PC000789;30/08/2026;1;51,0;40388,71;🔴 Prioritário (até 30 dias);B;Não informado;8,0;43,9
PC000789;25/10/2026;3;27,0;21269,27;🟡 Planejado;B;Não informado;16,0;23,1
PC000789;14/11/2026;4;26,0;21052,61;🟡 Planejado;B;Não informado;16,0;23,5
PC000789;04/12/2026;5;27,0;21371,08;🟡 Planejado;B;Não informado;15,0;23,9
PC000789;25/12/2026;5;27,0;21948,64;🟡 Planejado;B;Não informado;15,0;23,9
PC000789;13/01/2027;6;29,0;22922,53;🟡 Planejado;B;Não informado;15,0;25,1
PC008064;02/08/2026;1;117,0;46874,69;🚨 Urgente (até 7 dias);B;Não informado;3,0;104,4
PC008064;22/08/2026;1;114,0;45754,54;🔴 Prioritário (até 30 dias);B;Não informado;3,0;104,4
PC008064;09/10/2026;3;61,0;24437,57;🟡 Planejado;B;Não informado;7,0;53,7
PC008064;30/10/2026;4;69,0;27667,45;🟡 Planejado;B;Não informado;6,0;57,0
PC008064;19/11/2026;4;62,0;24983,2;🟡 Planejado;B;Não informado;6,0;57,0
PC008064;09/12/2026;5;67,0;26782,64;🟡 Planejado;B;Não informado;6,0;58,6
PC008064;30/12/2026;6;67,0;26820,03;🟡 Planejado;B;Não informado;6,0;58,4
PC008064;20/01/2027;6;67,0;26896,67;🟡 Planejado;B;Não informado;6,0;58,4
PC002176;29/09/2026;2;36,0;31253,9;🟡 Planejado;B;Não informado;11,0;32,3
PC002176;20/10/2026;3;37,0;32386,98;🟡 Planejado;B;Não informado;11,0;32,3
PC002176;10/11/2026;4;37,0;32387,07;🟡 Planejado;B;Não informado;11,0;32,3
PC002176;01/12/2026;5;37,0;32387,07;🟡 Planejado;B;Não informado;11,0;32,3
PC002176;21/12/2026;5;35,0;30844,82;🟡 Planejado;B;Não informado;11,0;32,3
PC002176;11/01/2027;6;37,0;32387,07;🟡 Planejado;B;Não informado;11,0;32,3
PC008843;24/09/2026;2;31,0;27653,38;🟡 Planejado;B;Não informado;14,0;26,9
PC008843;11/10/2026;3;33,0;29598,47;🟡 Planejado;B;Não informado;12,0;29,6
PC008843;30/10/2026;4;34,0;31012,58;🟡 Planejado;B;Não informado;12,0;31,2
PC008843;19/11/2026;4;34,0;30830,16;🟡 Planejado;B;Não informado;12,0;31,2
PC008843;08/12/2026;5;36,0;32362,78;🟡 Planejado;B;Não informado;11,0;32,5
PC008843;29/12/2026;6;36,0;32066,79;🟡 Planejado;B;Não informado;12,0;31,7
PC008843;19/01/2027;6;36,0;32845,33;🟡 Planejado;B;Não informado;12,0;31,7
PC007008;09/08/2026;1;128,0;45954,73;🔴 Prioritário (até 30 dias);B;Não informado;3,0;112,2
PC007008;29/08/2026;1;123,0;44061,64;🔴 Prioritário (até 30 dias);B;Não informado;3,0;112,2
PC007008;23/10/2026;3;67,0;24174,13;🟡 Planejado;B;Não informado;6,0;60,8
PC007008;12/11/2026;4;70,0;24941,41;🟡 Planejado;B;Não informado;6,0;61,8
PC007008;03/12/2026;5;66,0;23773,71;🟡 Planejado;B;Não informado;6,0;59,9
PC007008;24/12/2026;5;69,0;24681,66;🟡 Planejado;B;Não informado;6,0;59,9
PC007008;15/01/2027;6;65,0;23416,16;🟡 Planejado;B;Não informado;6,0;57,7
PC002464;20/08/2026;1;26,0;22315,85;🔴 Prioritário (até 30 dias);B;Não informado;16,0;23,5
PC002464;09/09/2026;2;27,0;22777,53;🟡 Planejado;B;Não informado;15,0;23,8
PC002464;29/09/2026;2;26,0;22289,06;🟡 Planejado;B;Não informado;15,0;23,8
PC002464;20/10/2026;3;27,0;22999,59;🟡 Planejado;B;Não informado;15,0;23,7
PC002464;10/11/2026;4;27,0;23263,65;🟡 Planejado;B;Não informado;15,0;23,7
PC002464;01/12/2026;5;27,0;22895,36;🟡 Planejado;B;Não informado;16,0;23,5
PC002464;21/12/2026;5;26,0;21984,79;🟡 Planejado;B;Não informado;16,0;23,5
PC002464;10/01/2027;6;26,0;22511,88;🟡 Planejado;B;Não informado;15,0;23,7
PC003467;08/08/2026;1;45,0;23714,37;🔴 Prioritário (até 30 dias);B;Não informado;9,0;40,0
PC003467;29/08/2026;1;46,0;24138,44;🔴 Prioritário (até 30 dias);B;Não informado;9,0;40,0
PC003467;19/09/2026;2;46,0;24087,12;🟡 Planejado;B;Não informado;9,0;40,0
PC003467;06/10/2026;3;49,0;25915,98;🟡 Planejado;B;Não informado;8,0;44,7
PC003467;27/10/2026;3;51,0;26975,53;🟡 Planejado;B;Não informado;8,0;44,7
PC003467;15/11/2026;4;52,0;27033,98;🟡 Planejado;B;Não informado;8,0;46,3
PC003467;03/12/2026;5;56,0;29328,56;🟡 Planejado;B;Não informado;7,0;50,5
PC003467;24/12/2026;5;58,0;30452,8;🟡 Planejado;B;Não informado;7,0;50,5
PC003467;13/01/2027;6;56,0;29418,59;🟡 Planejado;B;Não informado;7,0;50,7
PC008992;08/10/2026;3;21,0;22823,19;🟡 Planejado;B;Não informado;19,0;19,2
PC008992;29/10/2026;3;22,0;23751,3;🟡 Planejado;B;Não informado;19,0;19,2
PC008992;17/11/2026;4;22,0;24202,44;🟡 Planejado;B;Não informado;18,0;20,0
PC008992;10/12/2026;5;21,0;22088,16;🟡 Planejado;B;Não informado;20,0;18,3
PC008992;29/12/2026;6;23,0;25246,27;🟡 Planejado;B;Não informado;18,0;20,3
PC008992;18/01/2027;6;22,0;23918,12;🟡 Planejado;B;Não informado;18,0;20,3
PC003091;26/09/2026;2;57,0;20927,62;🟡 Planejado;B;Não informado;7,0;50,1
PC003091;17/10/2026;3;57,0;21008,23;🟡 Planejado;B;Não informado;7,0;49,8
PC003091;06/11/2026;4;58,0;21290,6;🟡 Planejado;B;Não informado;7,0;50,9
PC003091;27/11/2026;4;59,0;21693,18;🟡 Planejado;B;Não informado;7,0;50,9
PC003091;15/12/2026;5;61,0;22571,06;🟡 Planejado;B;Não informado;7,0;54,4
PC003091;02/01/2027;6;65,0;23916,35;🟡 Planejado;B;Não informado;6,0;58,8
PC003091;22/01/2027;6;64,0;23862,83;🟡 Planejado;B;Não informado;6,0;58,8
PC009472;16/10/2026;3;28,0;19966,05;🟡 Planejado;B;Não informado;15,0;24,9
PC009472;04/11/2026;4;30,0;20910,92;🟡 Planejado;B;Não informado;14,0;26,5
PC009472;25/11/2026;4;30,0;21349,27;🟡 Planejado;B;Não informado;14,0;26,5
PC009472;14/12/2026;5;32,0;22384,15;🟡 Planejado;B;Não informado;13,0;27,9
PC009472;04/01/2027;6;32,0;22362,78;🟡 Planejado;B;Não informado;13,0;27,8
PC009472;25/01/2027;6;32,0;22438,59;🟡 Planejado;B;Não informado;13,0;27,8
PC001600;19/08/2026;1;44,0;38017,79;🔴 Prioritário (até 30 dias);B;Não informado;9,0;39,7
PC001600;04/10/2026;3;23,0;19857,62;🟡 Planejado;B;Não informado;18,0;20,7
PC001600;25/10/2026;3;24,0;20381,46;🟡 Planejado;B;Não informado;18,0;20,7
PC001600;12/11/2026;4;25,0;21378,43;🟡 Planejado;B;Não informado;16,0;22,3
PC001600;03/12/2026;5;24,0;20099,42;🟡 Planejado;B;Não informado;17,0;21,4
PC001600;24/12/2026;5;25,0;21060,52;🟡 Planejado;B;Não informado;17,0;21,4
PC001600;13/01/2027;6;25,0;21096,09;🟡 Planejado;B;Não informado;17,0;21,8
PC007061;22/10/2026;3;48,0;20480,57;🟡 Planejado;B;Não informado;8,0;43,2
PC007061;11/11/2026;4;50,0;21456,91;🟡 Planejado;B;Não informado;8,0;44,2
PC007061;02/12/2026;5;51,0;21709,55;🟡 Planejado;B;Não informado;8,0;44,1
PC007061;22/12/2026;5;48,0;20694,5;🟡 Planejado;B;Não informado;8,0;44,1
PC007061;12/01/2027;6;50,0;21470,45;🟡 Planejado;B;Não informado;8,0;43,9
PC006291;30/09/2026;3;27,0;20960,21;🟡 Planejado;B;Não informado;15,0;23,9
PC006291;21/10/2026;3;28,0;21762,3;🟡 Planejado;B;Não informado;15,0;23,9
PC006291;11/11/2026;4;28,0;21762,3;🟡 Planejado;B;Não informado;15,0;23,9
PC006291;02/12/2026;5;28,0;21762,3;🟡 Planejado;B;Não informado;15,0;23,9
PC006291;23/12/2026;5;28,0;21762,3;🟡 Planejado;B;Não informado;15,0;23,9
PC006291;13/01/2027;6;28,0;21762,3;🟡 Planejado;B;Não informado;15,0;23,9
PC002922;28/09/2026;2;28,0;22856,26;🟡 Planejado;B;Não informado;14,0;25,2
PC002922;19/10/2026;3;29,0;23966,53;🟡 Planejado;B;Não informado;14,0;25,2
PC002922;09/11/2026;4;29,0;23966,53;🟡 Planejado;B;Não informado;14,0;25,2
PC002922;30/11/2026;5;29,0;23966,53;🟡 Planejado;B;Não informado;14,0;25,2
PC002922;21/12/2026;5;29,0;23966,53;🟡 Planejado;B;Não informado;14,0;25,2
PC002922;11/01/2027;6;29,0;23966,53;🟡 Planejado;B;Não informado;14,0;25,2
PC006869;28/08/2026;1;30,0;26076,62;🔴 Prioritário (até 30 dias);B;Não informado;14,0;26,8
PC006869;17/09/2026;2;30,0;25971,44;🟡 Planejado;B;Não informado;14,0;26,8
PC006869;07/10/2026;3;30,0;25980,84;🟡 Planejado;B;Não informado;14,0;26,9
PC006869;28/10/2026;3;31,0;27189,39;🟡 Planejado;B;Não informado;14,0;26,9
PC006869;17/11/2026;4;30,0;26048,2;🟡 Planejado;B;Não informado;14,0;26,9
PC006869;07/12/2026;5;30,0;26054,52;🟡 Planejado;B;Não informado;14,0;27,0
PC006869;28/12/2026;5;31,0;27290,24;🟡 Planejado;B;Não informado;14,0;27,0
PC006869;17/01/2027;6;30,0;26102,32;🟡 Planejado;B;Não informado;14,0;27,0
PC008597;13/09/2026;2;30,0;29117,41;🟡 Planejado;B;Não informado;14,0;26,6
PC008597;04/10/2026;3;29,0;27763,91;🟡 Planejado;B;Não informado;14,0;25,9
PC008597;24/10/2026;3;28,0;27297,85;🟡 Planejado;B;Não informado;14,0;25,9
PC008597;15/11/2026;4;29,0;27610,85;🟡 Planejado;B;Não informado;15,0;25,1
PC008597;04/12/2026;5;29,0;27475,43;🟡 Planejado;B;Não informado;14,0;26,1
PC008597;24/12/2026;5;29,0;27470,76;🟡 Planejado;B;Não informado;14,0;26,1
PC008597;14/01/2027;6;30,0;28574,11;🟡 Planejado;B;Não informado;14,0;26,0
PC000448;07/10/2026;3;68,0;22639,21;🟡 Planejado;B;Não informado;6,0;61,0
PC000448;27/10/2026;3;67,0;22189,16;🟡 Planejado;B;Não informado;6,0;61,0
PC000448;16/11/2026;4;67,0;22189,16;🟡 Planejado;B;Não informado;6,0;61,0
PC000448;06/12/2026;5;67,0;22189,16;🟡 Planejado;B;Não informado;6,0;61,0
PC000448;26/12/2026;5;67,0;22189,16;🟡 Planejado;B;Não informado;6,0;61,0
PC000448;15/01/2027;6;67,0;22189,16;🟡 Planejado;B;Não informado;6,0;61,0
PC009280;12/10/2026;3;23,0;20517,6;🟡 Planejado;B;Não informado;17,0;21,2
PC009280;02/11/2026;4;24,0;21482,33;🟡 Planejado;B;Não informado;17,0;21,2
PC009280;23/11/2026;4;24,0;21482,33;🟡 Planejado;B;Não informado;17,0;21,2
PC009280;14/12/2026;5;24,0;21482,33;🟡 Planejado;B;Não informado;17,0;21,2
PC009280;04/01/2027;6;24,0;21482,33;🟡 Planejado;B;Não informado;17,0;21,2
PC009280;25/01/2027;6;24,0;21482,33;🟡 Planejado;B;Não informado;17,0;21,2
PC001322;03/08/2026;1;25,0;23892,19;🚨 Urgente (até 7 dias);B;Não informado;17,0;21,5
PC001322;23/08/2026;1;24,0;22841,67;🔴 Prioritário (até 30 dias);B;Não informado;17,0;21,5
PC001322;12/09/2026;2;24,0;23720,7;🟡 Planejado;B;Não informado;17,0;21,8
PC001322;02/10/2026;3;26,0;24858,45;🟡 Planejado;B;Não informado;16,0;22,5
PC001322;22/10/2026;3;25,0;23957,13;🟡 Planejado;B;Não informado;16,0;22,5
PC001322;14/11/2026;4;24,0;22954,48;🟡 Planejado;B;Não informado;17,0;21,0
PC001322;04/12/2026;5;25,0;23964,72;🟡 Planejado;B;Não informado;17,0;21,7
PC001322;25/12/2026;5;25,0;24184,26;🟡 Planejado;B;Não informado;17,0;21,7
PC001322;14/01/2027;6;24,0;23509,83;🟡 Planejado;B;Não informado;17,0;21,8
PC009675;04/10/2026;3;57,0;22519,82;🟡 Planejado;B;Não informado;7,0;51,1
PC009675;24/10/2026;3;56,0;22130,4;🟡 Planejado;B;Não informado;7,0;51,1
PC009675;13/11/2026;4;56,0;22130,4;🟡 Planejado;B;Não informado;7,0;51,1
PC009675;03/12/2026;5;56,0;22130,4;🟡 Planejado;B;Não informado;7,0;51,1
PC009675;23/12/2026;5;56,0;22130,4;🟡 Planejado;B;Não informado;7,0;51,1
PC009675;12/01/2027;6;56,0;22130,4;🟡 Planejado;B;Não informado;7,0;51,1
PC000128;07/08/2026;1;44,0;21284,31;🚨 Urgente (até 7 dias);B;Não informado;10,0;37,9
PC000128;28/08/2026;1;44,0;21313,5;🔴 Prioritário (até 30 dias);B;Não informado;10,0;37,9
PC000128;14/09/2026;2;45,0;22224,89;🟡 Planejado;B;Não informado;9,0;41,2
PC000128;05/10/2026;3;45,0;21959,74;🟡 Planejado;B;Não informado;9,0;40,2
PC000128;26/10/2026;3;46,0;22640,08;🟡 Planejado;B;Não informado;9,0;40,2
PC000128;13/11/2026;4;50,0;24240,16;🟡 Planejado;B;Não informado;8,0;43,5
PC000128;01/12/2026;5;53,0;25689,18;🟡 Planejado;B;Não informado;8,0;47,6
PC000128;22/12/2026;5;55,0;26781,88;🟡 Planejado;B;Não informado;8,0;47,6
PC000128;14/01/2027;6;48,0;23503,65;🟡 Planejado;B;Não informado;8,0;43,8
PC002507;26/08/2026;1;41,0;18116,14;🔴 Prioritário (até 30 dias);B;Não informado;10,0;37,0
PC002507;16/09/2026;2;40,0;17709,45;🟡 Planejado;B;Não informado;10,0;36,1
PC002507;06/10/2026;3;41,0;18232,9;🟡 Planejado;B;Não informado;10,0;36,6
PC002507;26/10/2026;3;40,0;17879,45;🟡 Planejado;B;Não informado;10,0;36,6
PC002507;15/11/2026;4;41,0;18094,23;🟡 Planejado;B;Não informado;10,0;36,7
PC002507;05/12/2026;5;42,0;18891,91;🟡 Planejado;B;Não informado;10,0;37,6
PC002507;25/12/2026;5;41,0;18353,58;🟡 Planejado;B;Não informado;10,0;37,6
PC002507;15/01/2027;6;41,0;18394,85;🟡 Planejado;B;Não informado;10,0;36,9
PC002197;03/08/2026;1;42,0;14598,25;🚨 Urgente (até 7 dias);B;Não informado;10,0;38,1
PC002197;23/08/2026;1;42,0;14591,33;🔴 Prioritário (até 30 dias);B;Não informado;10,0;38,1
PC002197;12/09/2026;2;42,0;14663,54;🟡 Planejado;B;Não informado;10,0;38,2
PC002197;03/10/2026;3;44,0;15308,08;🟡 Planejado;B;Não informado;10,0;38,1
PC002197;24/10/2026;3;44,0;15329,74;🟡 Planejado;B;Não informado;10,0;38,1
PC002197;13/11/2026;4;42,0;14635,53;🟡 Planejado;B;Não informado;10,0;38,2
PC002197;04/12/2026;5;44,0;15322,71;🟡 Planejado;B;Não informado;10,0;38,1
PC002197;25/12/2026;5;44,0;15333,95;🟡 Planejado;B;Não informado;10,0;38,1
PC002197;14/01/2027;6;42,0;14621,47;🟡 Planejado;B;Não informado;10,0;38,2
PC004179;28/08/2026;1;45,0;19045,53;🔴 Prioritário (até 30 dias);B;Não informado;9,0;39,9
PC004179;18/09/2026;2;43,0;18436,6;🟡 Planejado;B;Não informado;9,0;39,1
PC004179;08/10/2026;3;46,0;19570,21;🟡 Planejado;B;Não informado;9,0;40,3
PC004179;29/10/2026;3;46,0;19722,98;🟡 Planejado;B;Não informado;9,0;40,3
PC004179;20/11/2026;4;44,0;18700,14;🟡 Planejado;B;Não informado;9,0;38,9
PC004179;11/12/2026;5;41,0;17613,97;🟡 Planejado;B;Não informado;10,0;37,8
PC004179;30/12/2026;6;44,0;18527,35;🟡 Planejado;B;Não informado;9,0;39,6
PC004179;19/01/2027;6;43,0;18463,82;🟡 Planejado;B;Não informado;9,0;39,6
PC000213;01/08/2026;1;47,0;22072,58;🚨 Urgente (até 7 dias);B;Não informado;11,0;34,2
PC000213;21/08/2026;1;37,0;17664,33;🔴 Prioritário (até 30 dias);B;Não informado;11,0;34,2
PC000213;10/09/2026;2;38,0;17862,11;🟡 Planejado;B;Não informado;11,0;34,3
PC000213;30/09/2026;3;38,0;17811,48;🟡 Planejado;B;Não informado;11,0;34,4
PC000213;21/10/2026;3;40,0;18664,63;🟡 Planejado;B;Não informado;11,0;34,4
PC000213;10/11/2026;4;38,0;17814,47;🟡 Planejado;B;Não informado;11,0;34,4
PC000213;30/11/2026;5;38,0;17804,35;🟡 Planejado;B;Não informado;11,0;34,5
PC000213;20/12/2026;5;38,0;17797,2;🟡 Planejado;B;Não informado;11,0;34,5
PC000213;09/01/2027;6;38,0;17804,6;🟡 Planejado;B;Não informado;11,0;34,5
PC002699;08/08/2026;1;32,0;24120,68;🔴 Prioritário (até 30 dias);B;Não informado;13,0;28,5
PC002699;28/08/2026;1;31,0;23559,09;🔴 Prioritário (até 30 dias);B;Não informado;13,0;28,5
PC002699;21/10/2026;3;17,0;13093,03;🟡 Planejado;B;Não informado;24,0;15,3
PC002699;08/11/2026;4;18,0;13661,77;🟡 Planejado;B;Não informado;22,0;16,4
PC002699;30/11/2026;5;18,0;13361,63;🟡 Planejado;B;Não informado;24,0;15,5
PC002699;20/12/2026;5;17,0;12809,63;🟡 Planejado;B;Não informado;24,0;15,5
PC002699;07/01/2027;6;19,0;14268,48;🟡 Planejado;B;Não informado;22,0;16,8
PC002699;27/01/2027;6;18,0;13905,55;🟡 Planejado;B;Não informado;22,0;16,8
PC005011;21/09/2026;2;21,0;18063,33;🟡 Planejado;B;Não informado;20,0;18,5
PC005011;12/10/2026;3;21,0;17918,71;🟡 Planejado;B;Não informado;20,0;18,4
PC005011;01/11/2026;4;20,0;17239,64;🟡 Planejado;B;Não informado;20,0;18,4
PC005011;22/11/2026;4;21,0;18082,09;🟡 Planejado;B;Não informado;20,0;18,4
PC005011;12/12/2026;5;21,0;18204,36;🟡 Planejado;B;Não informado;19,0;18,8
PC005011;01/01/2027;6;21,0;18090,67;🟡 Planejado;B;Não informado;19,0;19,1
PC005011;22/01/2027;6;22,0;18705,73;🟡 Planejado;B;Não informado;19,0;19,1
PC005600;08/09/2026;2;24,0;17467,29;🟡 Planejado;B;Não informado;17,0;21,5
PC005600;28/09/2026;2;24,0;16931,99;🟡 Planejado;B;Não informado;17,0;21,5
PC005600;20/10/2026;3;24,0;17279,92;🟡 Planejado;B;Não informado;17,0;20,9
PC005600;09/11/2026;4;24,0;17227,34;🟡 Planejado;B;Não informado;17,0;21,3
PC005600;30/11/2026;5;23,0;16585,57;🟡 Planejado;B;Não informado;18,0;20,7
PC005600;21/12/2026;5;24,0;17102,13;🟡 Planejado;B;Não informado;18,0;20,7
PC005600;08/01/2027;6;24,0;17343,84;🟡 Planejado;B;Não informado;17,0;22,0
PC003989;05/09/2026;2;75,0;17280,42;🟡 Planejado;B;Não informado;6,0;65,7
PC003989;25/09/2026;2;72,0;16508,2;🟡 Planejado;B;Não informado;6,0;65,7
PC003989;15/10/2026;3;72,0;16581,89;🟡 Planejado;B;Não informado;6,0;65,8
PC003989;04/11/2026;4;72,0;16582,95;🟡 Planejado;B;Não informado;6,0;65,9
PC003989;24/11/2026;4;72,0;16555,58;🟡 Planejado;B;Não informado;6,0;65,9
PC003989;14/12/2026;5;72,0;16602,74;🟡 Planejado;B;Não informado;6,0;65,9
PC003989;03/01/2027;6;72,0;16603,41;🟡 Planejado;B;Não informado;6,0;66,0
PC003989;24/01/2027;6;76,0;17415,19;🟡 Planejado;B;Não informado;6,0;66,0
PC008275;30/08/2026;1;20,0;18000,04;🔴 Prioritário (até 30 dias);B;Não informado;21,0;17,6
PC008275;19/09/2026;2;19,0;17761,64;🟡 Planejado;B;Não informado;21,0;17,7
PC008275;09/10/2026;3;19,0;17761,64;🟡 Planejado;B;Não informado;21,0;17,7
PC008275;29/10/2026;3;19,0;17740,03;🟡 Planejado;B;Não informado;21,0;17,7
PC008275;18/11/2026;4;19,0;17774,6;🟡 Planejado;B;Não informado;21,0;17,7
PC008275;08/12/2026;5;19,0;17774,6;🟡 Planejado;B;Não informado;21,0;17,7
PC008275;29/12/2026;6;20,0;18663,93;🟡 Planejado;B;Não informado;21,0;17,7
PC008275;19/01/2027;6;20,0;18656,56;🟡 Planejado;B;Não informado;21,0;17,7
PC002835;19/09/2026;2;38,0;23254,2;🟡 Planejado;C;Não informado;17,0;21,4
PC002835;14/10/2026;3;37,0;22788,3;🟡 Planejado;C;Não informado;17,0;21,6
PC002835;07/11/2026;4;39,0;23581,49;🟡 Planejado;C;Não informado;16,0;22,3
PC002835;03/12/2026;5;39,0;23626,4;🟡 Planejado;C;Não informado;17,0;22,1
PC002835;29/12/2026;6;40,0;24143,37;🟡 Planejado;C;Não informado;16,0;22,1
PC002835;23/01/2027;6;38,0;23124,82;🟡 Planejado;C;Não informado;16,0;22,1
PC005203;01/08/2026;1;40,0;29859,48;🚨 Urgente (até 7 dias);C;Não informado;17,0;20,9
PC005203;26/08/2026;1;36,0;26594,77;🔴 Prioritário (até 30 dias);C;Não informado;17,0;20,9
PC005203;19/09/2026;2;39,0;28710,01;🟡 Planejado;C;Não informado;17,0;21,7
PC005203;16/10/2026;3;36,0;26948,35;🟡 Planejado;C;Não informado;17,0;20,9
PC005203;08/11/2026;4;39,0;29119,88;🟡 Planejado;C;Não informado;16,0;22,3
PC005203;05/12/2026;5;38,0;28484,22;🟡 Planejado;C;Não informado;17,0;21,6
PC005203;29/12/2026;6;40,0;29508,79;🟡 Planejado;C;Não informado;16,0;22,7
PC005203;24/01/2027;6;40,0;30058,73;🟡 Planejado;C;Não informado;16,0;22,7
PC008042;06/08/2026;1;23,0;22438,38;🚨 Urgente (até 7 dias);C;Não informado;27,0;13,4
PC008042;01/09/2026;2;24,0;23115,93;🟡 Planejado;C;Não informado;27,0;13,4
PC008042;27/09/2026;2;24,0;23198,93;🟡 Planejado;C;Não informado;27,0;13,4
PC008042;23/10/2026;3;24,0;23154,55;🟡 Planejado;C;Não informado;27,0;13,4
PC008042;18/11/2026;4;24,0;23175,48;🟡 Planejado;C;Não informado;27,0;13,4
PC008042;14/12/2026;5;24,0;23179,5;🟡 Planejado;C;Não informado;27,0;13,4
PC008042;09/01/2027;6;24,0;23180,27;🟡 Planejado;C;Não informado;27,0;13,4
PC005930;18/08/2026;1;95,0;28627,48;🔴 Prioritário (até 30 dias);C;Não informado;7,0;54,9
PC005930;16/10/2026;3;55,0;16576,31;🟡 Planejado;C;Não informado;12,0;31,1
PC005930;12/11/2026;4;52,0;15714,89;🟡 Planejado;C;Não informado;12,0;29,9
PC005930;05/12/2026;5;57,0;17232,4;🟡 Planejado;C;Não informado;11,0;32,2
PC005930;30/12/2026;6;56,0;17102,35;🟡 Planejado;C;Não informado;11,0;32,5
PC005930;25/01/2027;6;58,0;17548,61;🟡 Planejado;C;Não informado;11,0;32,5
PC000019;01/08/2026;1;324,0;117423,42;🚨 Urgente (até 7 dias);C;Não informado;3,0;121,5
PC000019;26/08/2026;1;208,0;75397,91;🔴 Prioritário (até 30 dias);C;Não informado;3,0;121,5
PC000019;20/09/2026;2;208,0;75397,91;🟡 Planejado;C;Não informado;3,0;121,5
PC000019;15/10/2026;3;208,0;75397,91;🟡 Planejado;C;Não informado;3,0;121,5
PC000019;09/11/2026;4;208,0;75397,91;🟡 Planejado;C;Não informado;3,0;121,5
PC000019;04/12/2026;5;208,0;75397,91;🟡 Planejado;C;Não informado;3,0;121,5
PC000019;29/12/2026;6;208,0;75397,91;🟡 Planejado;C;Não informado;3,0;121,5
PC000019;23/01/2027;6;208,0;75397,91;🟡 Planejado;C;Não informado;3,0;121,5
PC007379;01/09/2026;2;31,0;17219,55;🟡 Planejado;C;Não informado;21,0;17,5
PC007379;26/09/2026;2;30,0;16881,2;🟡 Planejado;C;Não informado;21,0;17,5
PC007379;23/10/2026;3;30,0;16869,02;🟡 Planejado;C;Não informado;21,0;17,0
PC007379;12/11/2026;4;33,0;18850,72;🟡 Planejado;C;Não informado;19,0;19,2
PC007379;07/12/2026;5;34,0;19284,59;🟡 Planejado;C;Não informado;19,0;19,5
PC007379;02/01/2027;6;34,0;18928,34;🟡 Planejado;C;Não informado;19,0;19,2
PC007379;27/01/2027;6;33,0;18547,9;🟡 Planejado;C;Não informado;19,0;19,2
PC009941;02/08/2026;1;28,0;18505,21;🚨 Urgente (até 7 dias);C;Não informado;24,0;15,5
PC009941;27/08/2026;1;27,0;17823,24;🔴 Prioritário (até 30 dias);C;Não informado;24,0;15,5
PC009941;21/09/2026;2;27,0;17823,24;🟡 Planejado;C;Não informado;24,0;15,5
PC009941;16/10/2026;3;27,0;17823,24;🟡 Planejado;C;Não informado;24,0;15,5
PC009941;10/11/2026;4;27,0;17823,24;🟡 Planejado;C;Não informado;24,0;15,5
PC009941;05/12/2026;5;27,0;17823,24;🟡 Planejado;C;Não informado;24,0;15,5
PC009941;30/12/2026;6;27,0;17823,24;🟡 Planejado;C;Não informado;24,0;15,5
PC009941;24/01/2027;6;27,0;17823,24;🟡 Planejado;C;Não informado;24,0;15,5
PC000981;04/09/2026;2;59,0;23758,96;🟡 Planejado;C;Não informado;11,0;33,7
PC000981;29/09/2026;2;58,0;23057,31;🟡 Planejado;C;Não informado;11,0;33,7
PC000981;24/10/2026;3;58,0;23335,16;🟡 Planejado;C;Não informado;11,0;33,8
PC000981;18/11/2026;4;58,0;23352,53;🟡 Planejado;C;Não informado;11,0;33,9
PC000981;13/12/2026;5;59,0;23369,2;🟡 Planejado;C;Não informado;11,0;34,0
PC000981;07/01/2027;6;59,0;23384,76;🟡 Planejado;C;Não informado;11,0;34,1
PC002571;01/08/2026;1;37,0;23575,32;🚨 Urgente (até 7 dias);C;Não informado;21,0;17,3
PC002571;26/08/2026;1;30,0;18664,64;🔴 Prioritário (até 30 dias);C;Não informado;21,0;17,3
PC002571;20/09/2026;2;30,0;18730,47;🟡 Planejado;C;Não informado;21,0;17,4
PC002571;15/10/2026;3;30,0;18735,49;🟡 Planejado;C;Não informado;21,0;17,4
PC002571;09/11/2026;4;30,0;18740,2;🟡 Planejado;C;Não informado;21,0;17,4
PC002571;04/12/2026;5;30,0;18744,53;🟡 Planejado;C;Não informado;21,0;17,4
PC002571;29/12/2026;6;30,0;18748,43;🟡 Planejado;C;Não informado;21,0;17,4
PC002571;24/01/2027;6;31,0;19486,93;🟡 Planejado;C;Não informado;21,0;17,4
PC000011;01/08/2026;1;42,0;28072,65;🚨 Urgente (até 7 dias);C;Não informado;24,0;15,3
PC000011;27/08/2026;1;27,0;18329,44;🔴 Prioritário (até 30 dias);C;Não informado;24,0;15,3
PC000011;23/09/2026;2;27,0;17919,22;🟡 Planejado;C;Não informado;24,0;15,0
PC000011;16/10/2026;3;28,0;18881,1;🟡 Planejado;C;Não informado;23,0;15,9
PC000011;07/11/2026;4;29,0;19766,18;🟡 Planejado;C;Não informado;21,0;17,2
PC000011;03/12/2026;5;30,0;20251,37;🟡 Planejado;C;Não informado;21,0;17,1
PC000011;28/12/2026;5;29,0;19622,5;🟡 Planejado;C;Não informado;21,0;17,1
PC000011;24/01/2027;6;30,0;20006,86;🟡 Planejado;C;Não informado;22,0;16,8
PC000064;01/08/2026;1;69,0;39675,6;🚨 Urgente (até 7 dias);C;Não informado;12,0;30,9
PC000064;26/08/2026;1;53,0;30212,79;🔴 Prioritário (até 30 dias);C;Não informado;12,0;30,9
PC000064;06/11/2026;4;27,0;15635,81;🟡 Planejado;C;Não informado;23,0;15,6
PC000064;02/12/2026;5;27,0;15353,02;🟡 Planejado;C;Não informado;24,0;15,4
PC000064;28/12/2026;5;27,0;15645,66;🟡 Planejado;C;Não informado;24,0;15,4
PC000064;19/01/2027;6;29,0;16355,8;🟡 Planejado;C;Não informado;22,0;16,4
PC001811;16/09/2026;2;27,0;19338,67;🟡 Planejado;C;Não informado;23,0;15,8
PC001811;11/10/2026;3;27,0;19300,11;🟡 Planejado;C;Não informado;23,0;15,8
PC001811;05/11/2026;4;27,0;19308,59;🟡 Planejado;C;Não informado;23,0;15,9
PC001811;01/12/2026;5;27,0;19024,77;🟡 Planejado;C;Não informado;24,0;15,5
PC001811;26/12/2026;5;27,0;18813,89;🟡 Planejado;C;Não informado;24,0;15,5
PC001811;18/01/2027;6;29,0;20328,08;🟡 Planejado;C;Não informado;22,0;16,3
PC005461;03/10/2026;3;68,0;18193,2;🟡 Planejado;C;Não informado;9,0;39,3
PC005461;29/10/2026;3;70,0;18839,73;🟡 Planejado;C;Não informado;9,0;39,3
PC005461;23/11/2026;4;67,0;18115,15;🟡 Planejado;C;Não informado;9,0;39,3
PC005461;18/12/2026;5;67,0;18115,14;🟡 Planejado;C;Não informado;9,0;39,3
PC005461;12/01/2027;6;67,0;18115,14;🟡 Planejado;C;Não informado;9,0;39,3
PC003605;07/09/2026;2;29,0;23174,37;🟡 Planejado;C;Não informado;22,0;16,7
PC003605;01/10/2026;3;31,0;24479,46;🟡 Planejado;C;Não informado;21,0;17,5
PC003605;27/10/2026;3;31,0;24986,6;🟡 Planejado;C;Não informado;21,0;17,5
PC003605;21/11/2026;4;30,0;24443,52;🟡 Planejado;C;Não informado;21,0;17,6
PC003605;16/12/2026;5;31,0;24966,31;🟡 Planejado;C;Não informado;21,0;17,8
PC003605;09/01/2027;6;33,0;26181,05;🟡 Planejado;C;Não informado;20,0;18,5
PC004000;02/10/2026;3;36,0;17944,9;🟡 Planejado;C;Não informado;18,0;20,2
PC004000;28/10/2026;3;36,0;18061,55;🟡 Planejado;C;Não informado;18,0;20,2
PC004000;20/11/2026;4;36,0;18251,61;🟡 Planejado;C;Não informado;17,0;21,0
PC004000;16/12/2026;5;35,0;17826,3;🟡 Planejado;C;Não informado;18,0;20,6
PC004000;10/01/2027;6;37,0;18538,59;🟡 Planejado;C;Não informado;17,0;21,0
PC002389;01/08/2026;1;126,0;103333,24;🚨 Urgente (até 7 dias);C;Não informado;9,0;40,7
PC002389;27/08/2026;1;72,0;59390,89;🔴 Prioritário (até 30 dias);C;Não informado;9,0;40,7
PC002389;22/09/2026;2;72,0;59390,89;🟡 Planejado;C;Não informado;9,0;40,7
PC002389;18/10/2026;3;72,0;59390,89;🟡 Planejado;C;Não informado;9,0;40,7
PC002389;13/11/2026;4;72,0;59390,89;🟡 Planejado;C;Não informado;9,0;40,7
PC002389;09/12/2026;5;72,0;59390,89;🟡 Planejado;C;Não informado;9,0;40,7
PC002389;04/01/2027;6;72,0;59390,89;🟡 Planejado;C;Não informado;9,0;40,7
PC007315;01/08/2026;1;34,0;18584,64;🚨 Urgente (até 7 dias);C;Não informado;21,0;17,6
PC007315;26/08/2026;1;30,0;16241,46;🔴 Prioritário (até 30 dias);C;Não informado;21,0;17,6
PC007315;20/09/2026;2;31,0;16509,14;🟡 Planejado;C;Não informado;21,0;17,7
PC007315;15/10/2026;3;31,0;16529,57;🟡 Planejado;C;Não informado;21,0;17,8
PC007315;09/11/2026;4;31,0;16548,73;🟡 Planejado;C;Não informado;20,0;17,8
PC007315;04/12/2026;5;31,0;16566,31;🟡 Planejado;C;Não informado;20,0;17,9
PC007315;29/12/2026;6;31,0;16582,18;🟡 Planejado;C;Não informado;20,0;17,9
PC007315;23/01/2027;6;31,0;16537,46;🟡 Planejado;C;Não informado;20,0;17,9
PC004768;06/08/2026;1;40,0;20701,29;🚨 Urgente (até 7 dias);C;Não informado;16,0;23,1
PC004768;01/09/2026;2;38,0;19643,3;🟡 Planejado;C;Não informado;16,0;22,4
PC004768;27/09/2026;2;40,0;20397,75;🟡 Planejado;C;Não informado;16,0;22,4
PC004768;22/10/2026;3;40,0;20548,24;🟡 Planejado;C;Não informado;16,0;22,7
PC004768;16/11/2026;4;40,0;20519,76;🟡 Planejado;C;Não informado;16,0;23,0
PC004768;12/12/2026;5;40,0;20412,13;🟡 Planejado;C;Não informado;16,0;22,8
PC004768;06/01/2027;6;39,0;20112,39;🟡 Planejado;C;Não informado;16,0;22,8
PC001312;01/08/2026;1;52,0;35143,3;🚨 Urgente (até 7 dias);C;Não informado;14,0;26,6
PC001312;27/08/2026;1;47,0;32001,96;🔴 Prioritário (até 30 dias);C;Não informado;14,0;26,6
PC001312;22/09/2026;2;47,0;32001,96;🟡 Planejado;C;Não informado;14,0;26,6
PC001312;18/10/2026;3;47,0;32001,96;🟡 Planejado;C;Não informado;14,0;26,6
PC001312;13/11/2026;4;47,0;32001,96;🟡 Planejado;C;Não informado;14,0;26,6
PC001312;09/12/2026;5;47,0;32001,96;🟡 Planejado;C;Não informado;14,0;26,6
PC001312;04/01/2027;6;47,0;32001,96;🟡 Planejado;C;Não informado;14,0;26,6
PC009824;22/08/2026;1;66,0;31365,18;🔴 Prioritário (até 30 dias);C;Não informado;10,0;38,3
PC009824;27/10/2026;3;36,0;16812,27;🟡 Planejado;C;Não informado;18,0;20,1
PC009824;18/11/2026;4;37,0;17360,76;🟡 Planejado;C;Não informado;17,0;21,3
PC009824;15/12/2026;5;37,0;17355,73;🟡 Planejado;C;Não informado;18,0;20,8
PC009824;08/01/2027;6;37,0;17318,68;🟡 Planejado;C;Não informado;17,0;21,3
PC003050;01/08/2026;1;159,0;118162,53;🚨 Urgente (até 7 dias);C;Não informado;8,0;44,2
PC003050;26/08/2026;1;76,0;56060,68;🔴 Prioritário (até 30 dias);C;Não informado;8,0;44,2
PC003050;20/09/2026;2;76,0;56060,68;🟡 Planejado;C;Não informado;8,0;44,2
PC003050;15/10/2026;3;76,0;56060,68;🟡 Planejado;C;Não informado;8,0;44,2
PC003050;09/11/2026;4;76,0;56060,68;🟡 Planejado;C;Não informado;8,0;44,2
PC003050;04/12/2026;5;76,0;56060,68;🟡 Planejado;C;Não informado;8,0;44,2
PC003050;29/12/2026;6;76,0;56060,68;🟡 Planejado;C;Não informado;8,0;44,2
PC003050;23/01/2027;6;76,0;56060,68;🟡 Planejado;C;Não informado;8,0;44,2
PC007648;29/08/2026;1;22,0;18591,28;🔴 Prioritário (até 30 dias);C;Não informado;28,0;12,9
PC007648;23/09/2026;2;22,0;18686,5;🟡 Planejado;C;Não informado;28,0;12,9
PC007648;18/10/2026;3;22,0;18692,95;🟡 Planejado;C;Não informado;28,0;12,9
PC007648;12/11/2026;4;22,0;18699,1;🟡 Planejado;C;Não informado;28,0;12,9
PC007648;07/12/2026;5;22,0;18704,81;🟡 Planejado;C;Não informado;28,0;12,9
PC007648;01/01/2027;6;22,0;18710,02;🟡 Planejado;C;Não informado;28,0;12,9
PC007648;27/01/2027;6;23,0;19440,46;🟡 Planejado;C;Não informado;28,0;12,9
PC006826;16/08/2026;1;24,0;14217,59;🔴 Prioritário (até 30 dias);C;Não informado;27,0;13,7
PC006826;10/09/2026;2;23,0;14094,34;🟡 Planejado;C;Não informado;27,0;13,7
PC006826;05/10/2026;3;23,0;14094,34;🟡 Planejado;C;Não informado;27,0;13,7
PC006826;30/10/2026;4;23,0;14094,34;🟡 Planejado;C;Não informado;27,0;13,7
PC006826;24/11/2026;4;23,0;14094,34;🟡 Planejado;C;Não informado;27,0;13,7
PC006826;19/12/2026;5;23,0;14094,34;🟡 Planejado;C;Não informado;27,0;13,7
PC006826;13/01/2027;6;23,0;14094,34;🟡 Planejado;C;Não informado;27,0;13,7
PC003562;11/09/2026;2;33,0;15356,98;🟡 Planejado;C;Não informado;19,0;18,9
PC003562;06/10/2026;3;33,0;15060,32;🟡 Planejado;C;Não informado;19,0;18,9
PC003562;31/10/2026;4;34,0;15743,04;🟡 Planejado;C;Não informado;19,0;19,3
PC003562;25/11/2026;4;33,0;15318,92;🟡 Planejado;C;Não informado;19,0;19,3
PC003562;22/12/2026;5;33,0;15175,09;🟡 Planejado;C;Não informado;19,0;18,8
PC003562;15/01/2027;6;34,0;15574,33;🟡 Planejado;C;Não informado;19,0;19,4
PC008853;19/09/2026;2;19,0;14949,95;🟡 Planejado;C;Não informado;33,0;11,0
PC008853;13/10/2026;3;20,0;16034,84;🟡 Planejado;C;Não informado;32,0;11,5
PC008853;09/11/2026;4;20,0;15711,61;🟡 Planejado;C;Não informado;33,0;11,2
PC008853;03/12/2026;5;20,0;15605,85;🟡 Planejado;C;Não informado;32,0;11,5
PC008853;28/12/2026;5;20,0;15581,95;🟡 Planejado;C;Não informado;32,0;11,5
PC008853;27/01/2027;6;19,0;14875,51;🟡 Planejado;C;Não informado;34,0;10,7
PC006867;13/09/2026;2;22,0;14672,4;🟡 Planejado;C;Não informado;29,0;12,5
PC006867;10/10/2026;3;21,0;14012,03;🟡 Planejado;C;Não informado;31,0;12,0
PC006867;04/11/2026;4;22,0;14703,4;🟡 Planejado;C;Não informado;30,0;12,2
PC006867;29/11/2026;5;22,0;15219,49;🟡 Planejado;C;Não informado;29,0;12,6
PC006867;25/12/2026;5;22,0;15262,53;🟡 Planejado;C;Não informado;29,0;12,6
PC006867;20/01/2027;6;22,0;15045,63;🟡 Planejado;C;Não informado;29,0;12,6
PC004992;01/08/2026;1;66,0;23825,25;🚨 Urgente (até 7 dias);C;Não informado;14,0;27,0
PC004992;26/08/2026;1;46,0;16790,41;🔴 Prioritário (até 30 dias);C;Não informado;14,0;27,0
PC004992;20/09/2026;2;46,0;16790,41;🟡 Planejado;C;Não informado;14,0;27,0
PC004992;15/10/2026;3;46,0;16790,41;🟡 Planejado;C;Não informado;14,0;27,0
PC004992;09/11/2026;4;46,0;16790,41;🟡 Planejado;C;Não informado;14,0;27,0
PC004992;04/12/2026;5;46,0;16790,41;🟡 Planejado;C;Não informado;14,0;27,0
PC004992;29/12/2026;6;46,0;16790,41;🟡 Planejado;C;Não informado;14,0;27,0
PC004992;23/01/2027;6;46,0;16790,41;🟡 Planejado;C;Não informado;14,0;27,0
PC000896;11/08/2026;1;89,0;17438,28;🔴 Prioritário (até 30 dias);C;Não informado;7,0;51,1
PC000896;04/09/2026;2;96,0;18792,5;🟡 Planejado;C;Não informado;7,0;53,9
PC000896;29/09/2026;2;92,0;18130,52;🟡 Planejado;C;Não informado;7,0;53,9
PC000896;21/10/2026;3;99,0;19533,31;🟡 Planejado;C;Não informado;6,0;57,4
PC000896;16/11/2026;4;100,0;19731,3;🟡 Planejado;C;Não informado;6,0;57,0
PC000896;10/12/2026;5;101,0;19858,82;🟡 Planejado;C;Não informado;6,0;58,6
PC000896;03/01/2027;6;108,0;21180,0;🟡 Planejado;C;Não informado;6,0;61,4
PC009664;23/08/2026;1;18,0;14504,26;🔴 Prioritário (até 30 dias);C;Não informado;35,0;10,3
PC009664;15/09/2026;2;19,0;15592,7;🟡 Planejado;C;Não informado;33,0;11,0
PC009664;09/10/2026;3;20,0;15691,73;🟡 Planejado;C;Não informado;32,0;11,3
PC009664;31/10/2026;4;21,0;17015,09;🟡 Planejado;C;Não informado;29,0;12,4
PC009664;25/11/2026;4;21,0;17004,48;🟡 Planejado;C;Não informado;29,0;12,4
PC009664;16/12/2026;5;24,0;19113,32;🟡 Planejado;C;Não informado;27,0;13,6
PC009664;12/01/2027;6;23,0;18852,04;🟡 Planejado;C;Não informado;28,0;13,2
PC006411;02/09/2026;2;35,0;16149,53;🟡 Planejado;C;Não informado;19,0;19,6
PC006411;28/09/2026;2;35,0;16287,07;🟡 Planejado;C;Não informado;19,0;19,6
PC006411;22/10/2026;3;35,0;16166,21;🟡 Planejado;C;Não informado;18,0;20,0
PC006411;17/11/2026;4;35,0;16545,86;🟡 Planejado;C;Não informado;18,0;20,0
PC006411;13/12/2026;5;34,0;16031,84;🟡 Planejado;C;Não informado;18,0;19,7
PC006411;04/01/2027;6;37,0;17477,66;🟡 Planejado;C;Não informado;17,0;21,5
PC004309;06/08/2026;1;29,0;18539,06;🚨 Urgente (até 7 dias);C;Não informado;22,0;16,8
PC004309;01/09/2026;2;30,0;18847,4;🟡 Planejado;C;Não informado;22,0;16,7
PC004309;26/09/2026;2;29,0;18222,41;🟡 Planejado;C;Não informado;22,0;16,7
PC004309;21/10/2026;3;29,0;18263,14;🟡 Planejado;C;Não informado;22,0;16,7
PC004309;16/11/2026;4;30,0;18958,96;🟡 Planejado;C;Não informado;22,0;16,7
PC004309;11/12/2026;5;29,0;18234,44;🟡 Planejado;C;Não informado;22,0;16,7
PC004309;06/01/2027;6;30,0;18963,1;🟡 Planejado;C;Não informado;22,0;16,7
PC007808;18/08/2026;1;43,0;16412,4;🔴 Prioritário (até 30 dias);C;Não informado;15,0;24,5
PC007808;11/09/2026;2;43,0;16760,08;🟡 Planejado;C;Não informado;14,0;25,2
PC007808;07/10/2026;3;44,0;16986,79;🟡 Planejado;C;Não informado;15,0;25,0
PC007808;30/10/2026;4;46,0;17678,24;🟡 Planejado;C;Não informado;14,0;26,7
PC007808;25/11/2026;4;47,0;18331,25;🟡 Planejado;C;Não informado;14,0;26,7
PC007808;25/12/2026;5;42,0;16276,31;🟡 Planejado;C;Não informado;15,0;24,4
PC007808;14/01/2027;6;49,0;18726,11;🟡 Planejado;C;Não informado;13,0;27,5
PC001898;20/08/2026;1;28,0;22182,8;🔴 Prioritário (até 30 dias);C;Não informado;23,0;16,1
PC001898;18/10/2026;3;16,0;12950,29;🟡 Planejado;C;Não informado;39,0;9,4
PC001898;13/11/2026;4;16,0;12764,16;🟡 Planejado;C;Não informado;40,0;9,2
PC001898;10/12/2026;5;15,0;12276,07;🟡 Planejado;C;Não informado;41,0;8,8
PC001898;01/01/2027;6;17,0;13710,77;🟡 Planejado;C;Não informado;37,0;9,8
PC001898;26/01/2027;6;17,0;13422,49;🟡 Planejado;C;Não informado;37,0;9,8
PC009152;05/10/2026;3;23,0;18269,79;🟡 Planejado;C;Não informado;28,0;12,9
PC009152;31/10/2026;4;23,0;18290,45;🟡 Planejado;C;Não informado;28,0;12,9
PC009152;25/11/2026;4;22,0;17587,72;🟡 Planejado;C;Não informado;28,0;12,9
PC009152;21/12/2026;5;23,0;18290,71;🟡 Planejado;C;Não informado;28,0;12,9
PC009152;16/01/2027;6;23,0;18290,92;🟡 Planejado;C;Não informado;28,0;12,9
PC007082;14/08/2026;1;18,0;13594,18;🔴 Prioritário (até 30 dias);C;Não informado;35,0;10,3
PC007082;09/09/2026;2;18,0;13995,17;🟡 Planejado;C;Não informado;36,0;10,3
PC007082;01/10/2026;3;20,0;15176,57;🟡 Planejado;C;Não informado;32,0;11,4
PC007082;27/10/2026;3;20,0;15552,04;🟡 Planejado;C;Não informado;32,0;11,4
PC007082;19/11/2026;4;21,0;16382,47;🟡 Planejado;C;Não informado;30,0;12,0
PC007082;16/12/2026;5;20,0;15548,01;🟡 Planejado;C;Não informado;31,0;11,6
PC007082;06/01/2027;6;23,0;17467,22;🟡 Planejado;C;Não informado;28,0;13,0
PC003541;30/09/2026;3;32,0;15341,37;🟡 Planejado;C;Não informado;20,0;18,2
PC003541;26/10/2026;3;32,0;15472,25;🟡 Planejado;C;Não informado;20,0;18,2
PC003541;20/11/2026;4;31,0;14882,49;🟡 Planejado;C;Não informado;20,0;18,2
PC003541;15/12/2026;5;31,0;14879,69;🟡 Planejado;C;Não informado;20,0;18,2
PC003541;09/01/2027;6;31,0;14879,29;🟡 Planejado;C;Não informado;20,0;18,2
PC005387;01/08/2026;1;24,0;17516,42;🚨 Urgente (até 7 dias);C;Não informado;26,0;13,9
PC005387;26/08/2026;1;24,0;17163,27;🔴 Prioritário (até 30 dias);C;Não informado;26,0;13,9
PC005387;20/09/2026;2;24,0;17248,32;🟡 Planejado;C;Não informado;26,0;13,9
PC005387;15/10/2026;3;24,0;17254,82;🟡 Planejado;C;Não informado;26,0;13,9
PC005387;09/11/2026;4;24,0;17260,9;🟡 Planejado;C;Não informado;26,0;13,9
PC005387;04/12/2026;5;24,0;17266,49;🟡 Planejado;C;Não informado;26,0;14,0
PC005387;29/12/2026;6;24,0;17271,53;🟡 Planejado;C;Não informado;26,0;14,0
PC005387;24/01/2027;6;25,0;17947,61;🟡 Planejado;C;Não informado;26,0;14,0
PC002259;13/09/2026;2;16,0;15821,93;🟡 Planejado;C;Não informado;40,0;9,1
PC002259;08/10/2026;3;16,0;15688,22;🟡 Planejado;C;Não informado;40,0;9,1
PC002259;02/11/2026;4;16,0;15700,85;🟡 Planejado;C;Não informado;40,0;9,2
PC002259;27/11/2026;4;16,0;15667,99;🟡 Planejado;C;Não informado;40,0;9,2
PC002259;22/12/2026;5;16,0;15732,83;🟡 Planejado;C;Não informado;40,0;9,2
PC002259;16/01/2027;6;16,0;15740,08;🟡 Planejado;C;Não informado;40,0;9,2
PC006611;01/08/2026;1;299,0;139265,74;🚨 Urgente (até 7 dias);C;Não informado;3,0;129,2
PC006611;26/08/2026;1;221,0;103195,7;🔴 Prioritário (até 30 dias);C;Não informado;3,0;129,2
PC006611;20/09/2026;2;221,0;103195,7;🟡 Planejado;C;Não informado;3,0;129,2
PC006611;15/10/2026;3;221,0;103195,7;🟡 Planejado;C;Não informado;3,0;129,2
PC006611;09/11/2026;4;221,0;103195,7;🟡 Planejado;C;Não informado;3,0;129,2
PC006611;04/12/2026;5;221,0;103195,7;🟡 Planejado;C;Não informado;3,0;129,2
PC006611;29/12/2026;6;221,0;103195,7;🟡 Planejado;C;Não informado;3,0;129,2
PC006611;23/01/2027;6;221,0;103195,7;🟡 Planejado;C;Não informado;3,0;129,2
PC000234;14/09/2026;2;16,0;11599,8;🟡 Planejado;C;Não informado;40,0;9,1
PC000234;05/10/2026;3;18,0;13316,57;🟡 Planejado;C;Não informado;35,0;10,3
PC000234;30/10/2026;4;18,0;13373,0;🟡 Planejado;C;Não informado;35,0;10,5
PC000234;25/11/2026;4;19,0;13623,54;🟡 Planejado;C;Não informado;35,0;10,5
PC000234;18/12/2026;5;20,0;14333,24;🟡 Planejado;C;Não informado;33,0;11,1
PC000234;12/01/2027;6;20,0;14399,74;🟡 Planejado;C;Não informado;32,0;11,2
PC003531;05/09/2026;2;124,0;12494,31;🟡 Planejado;C;Não informado;5,0;72,2
PC003531;30/09/2026;3;138,0;13907,98;🟡 Planejado;C;Não informado;5,0;75,8
PC003531;26/10/2026;3;135,0;13642,3;🟡 Planejado;C;Não informado;5,0;75,8
PC003531;18/11/2026;4;141,0;14196,97;🟡 Planejado;C;Não informado;5,0;79,9
PC003531;11/12/2026;5;146,0;14730,37;🟡 Planejado;C;Não informado;4,0;84,2
PC003531;06/01/2027;6;146,0;14725,65;🟡 Planejado;C;Não informado;4,0;83,3
PC008320;11/08/2026;1;33,0;21218,29;🔴 Prioritário (até 30 dias);C;Não informado;20,0;18,6
PC008320;07/10/2026;3;18,0;11630,4;🟡 Planejado;C;Não informado;36,0;10,2
PC008320;03/11/2026;4;17,0;10632,17;🟡 Planejado;C;Não informado;38,0;9,6
PC008320;29/11/2026;5;18,0;11716,76;🟡 Planejado;C;Não informado;37,0;9,9
PC008320;25/12/2026;5;18,0;11344,79;🟡 Planejado;C;Não informado;37,0;9,9
PC008320;13/01/2027;6;19,0;12336,1;🟡 Planejado;C;Não informado;33,0;11,2
PC006186;01/08/2026;1;22,0;17698,15;🚨 Urgente (até 7 dias);C;Não informado;31,0;11,6
PC006186;27/08/2026;1;21,0;16933,6;🔴 Prioritário (até 30 dias);C;Não informado;31,0;11,6
PC006186;22/09/2026;2;20,0;15975,89;🟡 Planejado;C;Não informado;32,0;11,4
PC006186;17/10/2026;3;20,0;16173,17;🟡 Planejado;C;Não informado;32,0;11,5
PC006186;11/11/2026;4;20,0;16091,57;🟡 Planejado;C;Não informado;32,0;11,5
PC006186;06/12/2026;5;20,0;16134,83;🟡 Planejado;C;Não informado;32,0;11,5
PC006186;01/01/2027;6;20,0;16613,43;🟡 Planejado;C;Não informado;32,0;11,5
PC006186;26/01/2027;6;20,0;16039,22;🟡 Planejado;C;Não informado;32,0;11,5
PC006720;01/08/2026;1;26,0;19841,48;🚨 Urgente (até 7 dias);C;Não informado;29,0;12,7
PC006720;26/08/2026;1;22,0;16825,25;🔴 Prioritário (até 30 dias);C;Não informado;29,0;12,7
PC006720;23/09/2026;2;22,0;16815,64;🟡 Planejado;C;Não informado;30,0;12,2
PC006720;13/10/2026;3;24,0;18969,64;🟡 Planejado;C;Não informado;26,0;13,8
PC006720;09/11/2026;4;23,0;17673,41;🟡 Planejado;C;Não informado;28,0;13,2
PC006720;02/12/2026;5;25,0;19360,12;🟡 Planejado;C;Não informado;26,0;14,2
PC006720;28/12/2026;5;25,0;19666,38;🟡 Planejado;C;Não informado;26,0;14,2
PC006720;23/01/2027;6;24,0;18749,7;🟡 Planejado;C;Não informado;26,0;14,0
PC000810;03/08/2026;1;51,0;20440,8;🚨 Urgente (até 7 dias);C;Não informado;12,0;29,8
PC000810;29/08/2026;1;53,0;21106,93;🔴 Prioritário (até 30 dias);C;Não informado;12,0;29,8
PC000810;10/11/2026;4;28,0;10958,29;🟡 Planejado;C;Não informado;23,0;16,0
PC000810;06/12/2026;5;28,0;11085,31;🟡 Planejado;C;Não informado;23,0;15,9
PC000810;29/12/2026;6;32,0;12808,52;🟡 Planejado;C;Não informado;21,0;17,8
PC000810;23/01/2027;6;30,0;12089,7;🟡 Planejado;C;Não informado;21,0;17,8
PC009685;08/10/2026;3;51,0;14069,41;🟡 Planejado;C;Não informado;13,0;28,7
PC009685;02/11/2026;4;49,0;13731,05;🟡 Planejado;C;Não informado;13,0;28,7
PC009685;27/11/2026;4;49,0;13684,04;🟡 Planejado;C;Não informado;13,0;28,7
PC009685;23/12/2026;5;51,0;14127,4;🟡 Planejado;C;Não informado;13,0;28,7
PC009685;17/01/2027;6;49,0;13743,22;🟡 Planejado;C;Não informado;13,0;28,7
PC002773;01/08/2026;1;61,0;28377,89;🚨 Urgente (até 7 dias);C;Não informado;12,0;29,8
PC002773;27/08/2026;1;53,0;24575,44;🔴 Prioritário (até 30 dias);C;Não informado;12,0;29,8
PC002773;05/11/2026;4;28,0;13100,17;🟡 Planejado;C;Não informado;22,0;16,4
PC002773;30/11/2026;5;29,0;13286,67;🟡 Planejado;C;Não informado;22,0;16,6
PC002773;25/12/2026;5;28,0;13132,04;🟡 Planejado;C;Não informado;22,0;16,6
PC002773;18/01/2027;6;29,0;13564,64;🟡 Planejado;C;Não informado;22,0;17,0
PC002848;08/08/2026;1;36,0;22774,45;🔴 Prioritário (até 30 dias);C;Não informado;18,0;20,6
PC002848;03/10/2026;3;19,0;12112,15;🟡 Planejado;C;Não informado;33,0;11,0
PC002848;28/10/2026;3;19,0;11928,44;🟡 Planejado;C;Não informado;33,0;11,0
PC002848;22/11/2026;4;20,0;12472,75;🟡 Planejado;C;Não informado;33,0;11,1
PC002848;18/12/2026;5;19,0;12181,07;🟡 Planejado;C;Não informado;33,0;11,0
PC002848;11/01/2027;6;20,0;12438,0;🟡 Planejado;C;Não informado;32,0;11,3
PC005568;29/08/2026;1;23,0;12711,81;🔴 Prioritário (até 30 dias);C;Não informado;27,0;13,4
PC005568;29/09/2026;2;21,0;11582,51;🟡 Planejado;C;Não informado;30,0;12,2
PC005568;18/10/2026;3;24,0;12911,18;🟡 Planejado;C;Não informado;27,0;13,7
PC005568;13/11/2026;4;23,0;12756,29;🟡 Planejado;C;Não informado;27,0;13,5
PC005568;05/12/2026;5;26,0;14025,35;🟡 Planejado;C;Não informado;25,0;14,8
PC005568;01/01/2027;6;24,0;13139,11;🟡 Planejado;C;Não informado;26,0;14,0
PC005568;26/01/2027;6;24,0;13049,05;🟡 Planejado;C;Não informado;26,0;14,0
PC004384;01/08/2026;1;41,0;22840,72;🚨 Urgente (até 7 dias);C;Não informado;20,0;17,9
PC004384;26/08/2026;1;31,0;17202,0;🔴 Prioritário (até 30 dias);C;Não informado;20,0;17,9
PC004384;18/09/2026;2;32,0;17986,46;🟡 Planejado;C;Não informado;20,0;18,7
PC004384;14/10/2026;3;31,0;17609,57;🟡 Planejado;C;Não informado;20,0;18,3
PC004384;06/11/2026;4;34,0;18858,71;🟡 Planejado;C;Não informado;19,0;19,4
PC004384;30/11/2026;5;36,0;19910,68;🟡 Planejado;C;Não informado;18,0;20,3
PC004384;26/12/2026;5;36,0;20301,23;🟡 Planejado;C;Não informado;18,0;20,3
PC004384;20/01/2027;6;36,0;20236,92;🟡 Planejado;C;Não informado;18,0;20,6
PC000490;07/09/2026;2;29,0;10542,26;🟡 Planejado;C;Não informado;22,0;16,5
PC000490;01/10/2026;3;31,0;11285,9;🟡 Planejado;C;Não informado;21,0;17,5
PC000490;27/10/2026;3;31,0;11375,97;🟡 Planejado;C;Não informado;21,0;17,5
PC000490;21/11/2026;4;31,0;11212,19;🟡 Planejado;C;Não informado;21,0;17,6
PC000490;17/12/2026;5;31,0;11229,5;🟡 Planejado;C;Não informado;21,0;17,5
PC000490;09/01/2027;6;31,0;11479,4;🟡 Planejado;C;Não informado;20,0;18,3
PC009043;22/08/2026;1;41,0;21748,51;🔴 Prioritário (até 30 dias);C;Não informado;16,0;23,4
PC009043;31/10/2026;4;21,0;11260,03;🟡 Planejado;C;Não informado;30,0;12,1
PC009043;25/11/2026;4;21,0;10883,95;🟡 Planejado;C;Não informado;30,0;12,1
PC009043;18/12/2026;5;22,0;11493,3;🟡 Planejado;C;Não informado;29,0;12,6
PC009043;11/01/2027;6;23,0;12008,53;🟡 Planejado;C;Não informado;28,0;13,1
PC006784;22/09/2026;2;26,0;10733,21;🟡 Planejado;C;Não informado;25,0;14,8
PC006784;21/10/2026;3;24,0;9899,57;🟡 Planejado;C;Não informado;26,0;13,8
PC006784;12/11/2026;4;25,0;10469,42;🟡 Planejado;C;Não informado;25,0;14,8
PC006784;09/12/2026;5;25,0;10434,53;🟡 Planejado;C;Não informado;26,0;14,3
PC006784;30/12/2026;6;28,0;11567,36;🟡 Planejado;C;Não informado;23,0;16,2
PC006784;24/01/2027;6;28,0;11464,56;🟡 Planejado;C;Não informado;23,0;16,2
PC008096;02/08/2026;1;42,0;18214,96;🚨 Urgente (até 7 dias);C;Não informado;15,0;23,8
PC008096;28/08/2026;1;42,0;18394,09;🔴 Prioritário (até 30 dias);C;Não informado;15,0;23,8
PC008096;22/11/2026;4;19,0;8317,43;🟡 Planejado;C;Não informado;33,0;11,0
PC008096;14/12/2026;5;20,0;8812,5;🟡 Planejado;C;Não informado;31,0;11,8
PC008096;07/01/2027;6;21,0;9180,75;🟡 Planejado;C;Não informado;30,0;12,2
PC007392;01/08/2026;1;176,0;15072,54;🚨 Urgente (até 7 dias);C;Não informado;4,0;86,6
PC007392;26/08/2026;1;148,0;12688,15;🔴 Prioritário (até 30 dias);C;Não informado;4,0;86,6
PC007392;20/09/2026;2;148,0;12688,15;🟡 Planejado;C;Não informado;4,0;86,6
PC007392;15/10/2026;3;148,0;12688,15;🟡 Planejado;C;Não informado;4,0;86,6
PC007392;09/11/2026;4;148,0;12688,15;🟡 Planejado;C;Não informado;4,0;86,6
PC007392;04/12/2026;5;148,0;12688,15;🟡 Planejado;C;Não informado;4,0;86,6
PC007392;29/12/2026;6;148,0;12688,15;🟡 Planejado;C;Não informado;4,0;86,6
PC007392;23/01/2027;6;148,0;12688,15;🟡 Planejado;C;Não informado;4,0;86,6
PC000576;15/09/2026;2;19,0;10528,25;🟡 Planejado;C;Não informado;34,0;10,6
PC000576;10/10/2026;3;18,0;10304,81;🟡 Planejado;C;Não informado;34,0;10,7
PC000576;04/11/2026;4;18,0;10306,55;🟡 Planejado;C;Não informado;34,0;10,7
PC000576;29/11/2026;5;18,0;10308,12;🟡 Planejado;C;Não informado;34,0;10,7
PC000576;24/12/2026;5;18,0;10303,7;🟡 Planejado;C;Não informado;34,0;10,7
PC000576;18/01/2027;6;18,0;10312,37;🟡 Planejado;C;Não informado;34,0;10,7
PC008403;16/09/2026;2;13,0;9797,12;🟡 Planejado;C;Não informado;48,0;7,7
PC008403;09/10/2026;3;15,0;10885,07;🟡 Planejado;C;Não informado;44,0;8,3
PC008403;05/11/2026;4;14,0;10021,35;🟡 Planejado;C;Não informado;47,0;7,8
PC008403;29/11/2026;5;15,0;10784,27;🟡 Planejado;C;Não informado;44,0;8,3
PC008403;24/12/2026;5;14,0;10502,5;🟡 Planejado;C;Não informado;44,0;8,3
PC008403;18/01/2027;6;14,0;10599,78;🟡 Planejado;C;Não informado;44,0;8,3
PC009600;30/09/2026;3;17,0;11382,6;🟡 Planejado;C;Não informado;37,0;9,9
PC009600;25/10/2026;3;17,0;11237,99;🟡 Planejado;C;Não informado;37,0;9,9
PC009600;20/11/2026;4;18,0;11645,05;🟡 Planejado;C;Não informado;37,0;9,9
PC009600;17/12/2026;5;17,0;11379,37;🟡 Planejado;C;Não informado;38,0;9,7
PC009600;09/01/2027;6;18,0;11948,95;🟡 Planejado;C;Não informado;35,0;10,3
PC002195;25/08/2026;1;36,0;12825,54;🔴 Prioritário (até 30 dias);C;Não informado;18,0;20,0
PC002195;18/09/2026;2;35,0;12802,73;🟡 Planejado;C;Não informado;18,0;20,5
PC002195;13/10/2026;3;37,0;13288,92;🟡 Planejado;C;Não informado;17,0;20,9
PC002195;06/11/2026;4;38,0;13821,0;🟡 Planejado;C;Não informado;17,0;21,8
PC002195;30/11/2026;5;39,0;13996,56;🟡 Planejado;C;Não informado;16,0;22,5
PC002195;25/12/2026;5;39,0;13936,03;🟡 Planejado;C;Não informado;16,0;22,5
PC002195;18/01/2027;6;42,0;14998,02;🟡 Planejado;C;Não informado;16,0;23,4
PC005579;01/08/2026;1;62,0;18633,2;🚨 Urgente (até 7 dias);C;Não informado;17,0;22,1
PC005579;27/08/2026;1;39,0;11882,47;🔴 Prioritário (até 30 dias);C;Não informado;17,0;22,1
PC005579;23/09/2026;2;37,0;11242,98;🟡 Planejado;C;Não informado;17,0;21,4
PC005579;19/10/2026;3;37,0;11243,32;🟡 Planejado;C;Não informado;17,0;21,2
PC005579;10/11/2026;4;41,0;12290,96;🟡 Planejado;C;Não informado;16,0;23,1
PC005579;06/12/2026;5;39,0;11944,64;🟡 Planejado;C;Não informado;16,0;22,7
PC005579;01/01/2027;6;40,0;12229,89;🟡 Planejado;C;Não informado;16,0;22,7
PC005579;27/01/2027;6;40,0;12234,12;🟡 Planejado;C;Não informado;16,0;22,7
PC006035;28/08/2026;1;43,0;19534,69;🔴 Prioritário (até 30 dias);C;Não informado;14,0;25,2
PC006035;06/11/2026;4;24,0;11033,33;🟡 Planejado;C;Não informado;27,0;13,7
PC006035;03/12/2026;5;22,0;10171,84;🟡 Planejado;C;Não informado;28,0;13,0
PC006035;28/12/2026;5;22,0;10085,03;🟡 Planejado;C;Não informado;28,0;13,0
PC006035;21/01/2027;6;24,0;10653,17;🟡 Planejado;C;Não informado;27,0;13,4
PC000085;01/08/2026;1;52,0;21225,83;🚨 Urgente (até 7 dias);C;Não informado;14,0;25,6
PC000085;26/08/2026;1;44,0;17836,93;🔴 Prioritário (até 30 dias);C;Não informado;14,0;25,6
PC000085;02/11/2026;4;25,0;10062,75;🟡 Planejado;C;Não informado;25,0;14,3
PC000085;28/11/2026;4;26,0;10402,53;🟡 Planejado;C;Não informado;25,0;14,3
PC000085;29/12/2026;6;31,0;12622,36;🟡 Planejado;C;Não informado;24,0;15,2
PC000085;24/01/2027;6;27,0;10999,28;🟡 Planejado;C;Não informado;24,0;15,2
PC008704;01/08/2026;1;182,0;83340,87;🚨 Urgente (até 7 dias);C;Não informado;6,0;63,0
PC008704;27/08/2026;1;112,0;51478,73;🔴 Prioritário (até 30 dias);C;Não informado;6,0;63,0
PC008704;22/09/2026;2;112,0;51478,73;🟡 Planejado;C;Não informado;6,0;63,0
PC008704;18/10/2026;3;112,0;51478,73;🟡 Planejado;C;Não informado;6,0;63,0
PC008704;13/11/2026;4;112,0;51478,73;🟡 Planejado;C;Não informado;6,0;63,0
PC008704;09/12/2026;5;112,0;51478,73;🟡 Planejado;C;Não informado;6,0;63,0
PC008704;04/01/2027;6;112,0;51478,73;🟡 Planejado;C;Não informado;6,0;63,0
PC003987;01/08/2026;1;159,0;29739,11;🚨 Urgente (até 7 dias);C;Não informado;7,0;55,2
PC003987;26/08/2026;1;95,0;17708,75;🔴 Prioritário (até 30 dias);C;Não informado;7,0;55,2
PC003987;06/11/2026;4;50,0;9297,06;🟡 Planejado;C;Não informado;13,0;28,1
PC003987;29/11/2026;5;52,0;9685,58;🟡 Planejado;C;Não informado;12,0;30,0
PC003987;24/12/2026;5;51,0;9637,96;🟡 Planejado;C;Não informado;12,0;30,0
PC003987;16/01/2027;6;57,0;10622,9;🟡 Planejado;C;Não informado;11,0;31,9
PC005408;09/10/2026;3;26,0;13386,1;🟡 Planejado;C;Não informado;24,0;15,0
PC005408;04/11/2026;4;26,0;13138,04;🟡 Planejado;C;Não informado;25,0;14,8
PC005408;29/11/2026;5;26,0;13114,51;🟡 Planejado;C;Não informado;24,0;15,0
PC005408;24/12/2026;5;26,0;12976,13;🟡 Planejado;C;Não informado;24,0;15,0
PC005408;19/01/2027;6;26,0;13272,4;🟡 Planejado;C;Não informado;25,0;14,9
PC006483;01/08/2026;1;15,0;11381,69;🚨 Urgente (até 7 dias);C;Não informado;43,0;8,4
PC006483;26/08/2026;1;14,0;10704,24;🔴 Prioritário (até 30 dias);C;Não informado;43,0;8,4
PC006483;20/09/2026;2;14,0;10708,4;🟡 Planejado;C;Não informado;43,0;8,4
PC006483;16/10/2026;3;15,0;11133,22;🟡 Planejado;C;Não informado;43,0;8,4
PC006483;10/11/2026;4;14,0;10705,49;🟡 Planejado;C;Não informado;43,0;8,4
PC006483;06/12/2026;5;15,0;11133,64;🟡 Planejado;C;Não informado;43,0;8,4
PC006483;31/12/2026;6;14,0;10705,43;🟡 Planejado;C;Não informado;43,0;8,4
PC006483;25/01/2027;6;14,0;10705,43;🟡 Planejado;C;Não informado;43,0;8,4
PC005653;19/08/2026;1;63,0;36348,68;🔴 Prioritário (até 30 dias);C;Não informado;10,0;35,5
PC005653;13/09/2026;2;61,0;35131,72;🟡 Planejado;C;Não informado;10,0;35,5
PC005653;08/10/2026;3;61,0;35131,72;🟡 Planejado;C;Não informado;10,0;35,5
PC005653;02/11/2026;4;61,0;35131,72;🟡 Planejado;C;Não informado;10,0;35,5
PC005653;27/11/2026;4;61,0;35131,72;🟡 Planejado;C;Não informado;10,0;35,5
PC005653;22/12/2026;5;61,0;35131,72;🟡 Planejado;C;Não informado;10,0;35,5
PC005653;16/01/2027;6;61,0;35131,72;🟡 Planejado;C;Não informado;10,0;35,5
PC007722;02/09/2026;2;27,0;11342,15;🟡 Planejado;C;Não informado;23,0;15,5
PC007722;28/09/2026;2;28,0;11756,04;🟡 Planejado;C;Não informado;23,0;15,5
PC007722;24/10/2026;3;28,0;11756,04;🟡 Planejado;C;Não informado;23,0;15,5
PC007722;19/11/2026;4;28,0;11756,04;🟡 Planejado;C;Não informado;23,0;15,5
PC007722;15/12/2026;5;28,0;11756,04;🟡 Planejado;C;Não informado;23,0;15,5
PC007722;10/01/2027;6;28,0;11756,04;🟡 Planejado;C;Não informado;23,0;15,5
PC009952;01/08/2026;1;88,0;64243,83;🚨 Urgente (até 7 dias);C;Não informado;11,0;32,4
PC009952;26/08/2026;1;55,0;40372,4;🔴 Prioritário (até 30 dias);C;Não informado;11,0;32,4
PC009952;19/09/2026;2;60,0;43306,05;🟡 Planejado;C;Não informado;11,0;33,6
PC009952;16/10/2026;3;56,0;40873,08;🟡 Planejado;C;Não informado;11,0;32,4
PC009952;09/11/2026;4;59,0;42760,22;🟡 Planejado;C;Não informado;11,0;33,6
PC009952;06/12/2026;5;57,0;41418,91;🟡 Planejado;C;Não informado;11,0;32,4
PC009952;30/12/2026;6;58,0;42214,38;🟡 Planejado;C;Não informado;11,0;33,6
PC009952;25/01/2027;6;60,0;43564,12;🟡 Planejado;C;Não informado;11,0;33,6
PC003667;05/08/2026;1;14,0;12880,74;🚨 Urgente (até 7 dias);C;Não informado;46,0;7,9
PC003667;30/08/2026;1;14,0;12838,01;🔴 Prioritário (até 30 dias);C;Não informado;46,0;7,9
PC003667;23/09/2026;2;14,0;13132,35;🟡 Planejado;C;Não informado;45,0;8,1
PC003667;17/10/2026;3;15,0;13833,29;🟡 Planejado;C;Não informado;44,0;8,4
PC003667;09/11/2026;4;15,0;14497,04;🟡 Planejado;C;Não informado;41,0;8,9
PC003667;04/12/2026;5;15,0;14510,09;🟡 Planejado;C;Não informado;41,0;8,9
PC003667;29/12/2026;6;18,0;17303,02;🟡 Planejado;C;Não informado;38,0;9,7
PC003667;24/01/2027;6;17,0;16317,16;🟡 Planejado;C;Não informado;38,0;9,7
PC004896;13/08/2026;1;25,0;11889,97;🔴 Prioritário (até 30 dias);C;Não informado;26,0;14,2
PC004896;08/09/2026;2;25,0;11803,79;🟡 Planejado;C;Não informado;26,0;14,1
PC004896;03/10/2026;3;25,0;11936,51;🟡 Planejado;C;Não informado;26,0;14,3
PC004896;29/10/2026;3;25,0;12133,34;🟡 Planejado;C;Não informado;26,0;14,3
PC004896;24/11/2026;4;25,0;12110,03;🟡 Planejado;C;Não informado;26,0;14,3
PC004896;19/12/2026;5;26,0;12337,69;🟡 Planejado;C;Não informado;25,0;14,6
PC004896;13/01/2027;6;26,0;12490,14;🟡 Planejado;C;Não informado;25,0;14,8
PC006997;01/08/2026;1;29,0;24161,83;🚨 Urgente (até 7 dias);C;Não informado;25,0;14,8
PC006997;26/08/2026;1;25,0;21264,65;🔴 Prioritário (até 30 dias);C;Não informado;25,0;14,8
PC006997;29/10/2026;3;15,0;12572,61;🟡 Planejado;C;Não informado;43,0;8,5
PC006997;28/11/2026;4;14,0;11522,56;🟡 Planejado;C;Não informado;46,0;7,9
PC006997;19/12/2026;5;15,0;12413,83;🟡 Planejado;C;Não informado;43,0;8,5
PC006997;12/01/2027;6;16,0;13127,47;🟡 Planejado;C;Não informado;41,0;8,9
PC009611;05/09/2026;2;20,0;12339,54;🟡 Planejado;C;Não informado;32,0;11,3
PC009611;30/09/2026;3;19,0;12225,31;🟡 Planejado;C;Não informado;32,0;11,3
PC009611;25/10/2026;3;19,0;12225,31;🟡 Planejado;C;Não informado;32,0;11,3
PC009611;19/11/2026;4;19,0;12225,31;🟡 Planejado;C;Não informado;32,0;11,3
PC009611;14/12/2026;5;19,0;12225,31;🟡 Planejado;C;Não informado;32,0;11,3
PC009611;08/01/2027;6;19,0;12225,31;🟡 Planejado;C;Não informado;32,0;11,3
PC002730;02/08/2026;1;31,0;11241,83;🚨 Urgente (até 7 dias);C;Não informado;21,0;17,3
PC002730;27/08/2026;1;30,0;10872,86;🔴 Prioritário (até 30 dias);C;Não informado;21,0;17,3
PC002730;20/09/2026;2;30,0;11121,98;🟡 Planejado;C;Não informado;21,0;17,7
PC002730;14/10/2026;3;33,0;11913,45;🟡 Planejado;C;Não informado;20,0;18,4
PC002730;09/11/2026;4;31,0;11525,79;🟡 Planejado;C;Não informado;20,0;18,1
PC002730;04/12/2026;5;33,0;12064,66;🟡 Planejado;C;Não informado;20,0;18,6
PC002730;30/12/2026;6;32,0;11587,52;🟡 Planejado;C;Não informado;20,0;18,2
PC002730;24/01/2027;6;31,0;11418,98;🟡 Planejado;C;Não informado;20,0;18,2
PC008160;26/09/2026;2;25,0;14272,83;🟡 Planejado;C;Não informado;25,0;14,5
PC008160;22/10/2026;3;26,0;14542,51;🟡 Planejado;C;Não informado;25,0;14,4
PC008160;17/11/2026;4;26,0;14570,12;🟡 Planejado;C;Não informado;25,0;14,4
PC008160;13/12/2026;5;26,0;14581,31;🟡 Planejado;C;Não informado;25,0;14,4
PC008160;08/01/2027;6;26,0;14585,77;🟡 Planejado;C;Não informado;25,0;14,4
PC003157;03/08/2026;1;33,0;17824,75;🚨 Urgente (até 7 dias);C;Não informado;19,0;18,9
PC003157;29/08/2026;1;34,0;18182,15;🔴 Prioritário (até 30 dias);C;Não informado;19,0;18,9
PC003157;14/11/2026;4;17,0;9373,04;🟡 Planejado;C;Não informado;37,0;9,8
PC003157;10/12/2026;5;17,0;9196,01;🟡 Planejado;C;Não informado;38,0;9,7
PC003157;05/01/2027;6;17,0;9356,98;🟡 Planejado;C;Não informado;38,0;9,7
PC004928;01/08/2026;1;40,0;24212,72;🚨 Urgente (até 7 dias);C;Não informado;18,0;20,5
PC004928;27/08/2026;1;37,0;22302,19;🔴 Prioritário (até 30 dias);C;Não informado;18,0;20,5
PC004928;07/11/2026;4;18,0;10736,16;🟡 Planejado;C;Não informado;37,0;9,9
PC004928;29/11/2026;5;21,0;12673,16;🟡 Planejado;C;Não informado;32,0;11,4
PC004928;24/12/2026;5;20,0;11967,0;🟡 Planejado;C;Não informado;32,0;11,4
PC004928;22/01/2027;6;19,0;11652,65;🟡 Planejado;C;Não informado;34,0;10,8
PC001291;01/08/2026;1;99,0;35100,09;🚨 Urgente (até 7 dias);C;Não informado;11,0;31,9
PC001291;27/08/2026;1;57,0;20066,75;🔴 Prioritário (até 30 dias);C;Não informado;11,0;31,9
PC001291;01/11/2026;4;32,0;11232,96;🟡 Planejado;C;Não informado;20,0;18,3
PC001291;27/11/2026;4;33,0;11506,13;🟡 Planejado;C;Não informado;20,0;18,3
PC001291;24/12/2026;5;32,0;11146,49;🟡 Planejado;C;Não informado;20,0;17,9
PC001291;17/01/2027;6;33,0;11509,0;🟡 Planejado;C;Não informado;20,0;18,5
PC006698;01/10/2026;3;15,0;10984,83;🟡 Planejado;C;Não informado;42,0;8,7
PC006698;26/10/2026;3;15,0;10617,51;🟡 Planejado;C;Não informado;42,0;8,7
PC006698;20/11/2026;4;16,0;11236,61;🟡 Planejado;C;Não informado;41,0;8,9
PC006698;13/12/2026;5;16,0;11435,46;🟡 Planejado;C;Não informado;39,0;9,4
PC006698;04/01/2027;6;18,0;12933,24;🟡 Planejado;C;Não informado;35,0;10,3
PC006954;14/09/2026;2;16,0;12375,57;🟡 Planejado;C;Não informado;39,0;9,3
PC006954;12/10/2026;3;16,0;11944,26;🟡 Planejado;C;Não informado;41,0;8,8
PC006954;04/11/2026;4;16,0;12321,05;🟡 Planejado;C;Não informado;39,0;9,4
PC006954;30/11/2026;5;16,0;12131,0;🟡 Planejado;C;Não informado;40,0;9,1
PC006954;26/12/2026;5;16,0;12472,48;🟡 Planejado;C;Não informado;40,0;9,1
PC006954;17/01/2027;6;17,0;12918,72;🟡 Planejado;C;Não informado;37,0;9,7
PC006163;22/09/2026;2;14,0;12726,06;🟡 Planejado;C;Não informado;47,0;7,7
PC006163;15/10/2026;3;14,0;13078,16;🟡 Planejado;C;Não informado;45,0;8,1
PC006163;09/11/2026;4;14,0;13164,12;🟡 Planejado;C;Não informado;45,0;8,2
PC006163;04/12/2026;5;14,0;13108,41;🟡 Planejado;C;Não informado;45,0;8,2
PC006163;29/12/2026;6;15,0;14201,24;🟡 Planejado;C;Não informado;43,0;8,5
PC006163;23/01/2027;6;15,0;13572,37;🟡 Planejado;C;Não informado;43,0;8,5
PC002581;10/08/2026;1;59,0;15908,13;🔴 Prioritário (até 30 dias);C;Não informado;11,0;33,6
PC002581;08/10/2026;3;30,0;8248,08;🟡 Planejado;C;Não informado;21,0;17,4
PC002581;05/11/2026;4;29,0;7824,59;🟡 Planejado;C;Não informado;22,0;16,3
PC002581;29/11/2026;5;30,0;8236,69;🟡 Planejado;C;Não informado;21,0;17,3
PC002581;25/12/2026;5;31,0;8331,28;🟡 Planejado;C;Não informado;21,0;17,3
PC002581;15/01/2027;6;33,0;8904,24;🟡 Planejado;C;Não informado;19,0;18,9
PC005184;09/10/2026;3;24,0;9626,05;🟡 Planejado;C;Não informado;26,0;14,2
PC005184;05/11/2026;4;23,0;9237,28;🟡 Planejado;C;Não informado;27,0;13,5
PC005184;29/11/2026;5;27,0;10696,98;🟡 Planejado;C;Não informado;25,0;14,8
PC005184;25/12/2026;5;26,0;10394,24;🟡 Planejado;C;Não informado;25,0;14,8
PC005184;18/01/2027;6;27,0;10744,2;🟡 Planejado;C;Não informado;24,0;15,4
PC006272;02/08/2026;1;81,0;19020,4;🚨 Urgente (até 7 dias);C;Não informado;8,0;46,8
PC006272;27/08/2026;1;80,0;18874,68;🔴 Prioritário (até 30 dias);C;Não informado;8,0;46,8
PC006272;01/11/2026;4;46,0;10884,87;🟡 Planejado;C;Não informado;14,0;26,1
PC006272;26/11/2026;4;45,0;10536,98;🟡 Planejado;C;Não informado;14,0;26,1
PC006272;19/12/2026;5;48,0;11382,94;🟡 Planejado;C;Não informado;13,0;27,5
PC006272;11/01/2027;6;50,0;11674,74;🟡 Planejado;C;Não informado;13,0;28,8
PC008213;01/08/2026;1;48,0;39345,81;🚨 Urgente (até 7 dias);C;Não informado;24,0;15,4
PC008213;26/08/2026;1;26,0;21577,79;🔴 Prioritário (até 30 dias);C;Não informado;24,0;15,4
PC008213;13/11/2026;4;13,0;10654,52;🟡 Planejado;C;Não informado;50,0;7,3
PC008213;05/12/2026;5;14,0;11833,08;🟡 Planejado;C;Não informado;45,0;8,1
PC008213;29/12/2026;6;18,0;14635,74;🟡 Planejado;C;Não informado;39,0;9,3
PC008213;24/01/2027;6;17,0;13565,3;🟡 Planejado;C;Não informado;39,0;9,3
PC008256;03/08/2026;1;15,0;12816,18;🚨 Urgente (até 7 dias);C;Não informado;43,0;8,6
PC008256;28/08/2026;1;15,0;12504,59;🔴 Prioritário (até 30 dias);C;Não informado;43,0;8,6
PC008256;25/09/2026;2;14,0;11932,03;🟡 Planejado;C;Não informado;45,0;8,1
PC008256;21/10/2026;3;14,0;12262,82;🟡 Planejado;C;Não informado;45,0;8,1
PC008256;12/11/2026;4;15,0;13044,02;🟡 Planejado;C;Não informado;42,0;8,8
PC008256;08/12/2026;5;16,0;13229,62;🟡 Planejado;C;Não informado;42,0;8,7
PC008256;04/01/2027;6;15,0;12834,27;🟡 Planejado;C;Não informado;43,0;8,5
PC002901;22/08/2026;1;27,0;9841,51;🔴 Prioritário (até 30 dias);C;Não informado;23,0;15,5
PC002901;16/09/2026;2;27,0;9710,83;🟡 Planejado;C;Não informado;23,0;15,5
PC002901;11/10/2026;3;27,0;9710,83;🟡 Planejado;C;Não informado;23,0;15,5
PC002901;05/11/2026;4;27,0;9710,83;🟡 Planejado;C;Não informado;23,0;15,5
PC002901;30/11/2026;5;27,0;9710,83;🟡 Planejado;C;Não informado;23,0;15,5
PC002901;25/12/2026;5;27,0;9710,83;🟡 Planejado;C;Não informado;23,0;15,5
PC002901;19/01/2027;6;27,0;9710,83;🟡 Planejado;C;Não informado;23,0;15,5
PC001941;25/09/2026;2;11,0;9330,72;🟡 Planejado;C;Não informado;58,0;6,3
PC001941;21/10/2026;3;11,0;9602,31;🟡 Planejado;C;Não informado;58,0;6,3
PC001941;16/11/2026;4;11,0;9601,96;🟡 Planejado;C;Não informado;58,0;6,3
PC001941;12/12/2026;5;11,0;9601,65;🟡 Planejado;C;Não informado;58,0;6,3
PC001941;07/01/2027;6;11,0;9601,38;🟡 Planejado;C;Não informado;58,0;6,3
PC009045;01/08/2026;1;36,0;29296,41;🚨 Urgente (até 7 dias);C;Não informado;28,0;13,0
PC009045;26/08/2026;1;22,0;18181,51;🔴 Prioritário (até 30 dias);C;Não informado;28,0;13,0
PC009045;11/11/2026;4;11,0;9278,14;🟡 Planejado;C;Não informado;56,0;6,5
PC009045;08/12/2026;5;11,0;8927,55;🟡 Planejado;C;Não informado;59,0;6,2
PC009045;30/12/2026;6;12,0;9999,16;🟡 Planejado;C;Não informado;52,0;7,0
PC009045;25/01/2027;6;12,0;10128,63;🟡 Planejado;C;Não informado;52,0;7,0
PC001696;21/08/2026;1;30,0;12359,31;🔴 Prioritário (até 30 dias);C;Não informado;22,0;16,9
PC001696;16/09/2026;2;30,0;12190,92;🟡 Planejado;C;Não informado;22,0;16,8
PC001696;11/10/2026;3;29,0;11966,53;🟡 Planejado;C;Não informado;22,0;16,9
PC001696;06/11/2026;4;30,0;12316,65;🟡 Planejado;C;Não informado;22,0;16,8
PC001696;01/12/2026;5;29,0;11903,17;🟡 Planejado;C;Não informado;22,0;16,8
PC001696;26/12/2026;5;29,0;11887,06;🟡 Planejado;C;Não informado;22,0;16,8
PC001696;21/01/2027;6;30,0;12341,55;🟡 Planejado;C;Não informado;22,0;16,8
PC001301;01/08/2026;1;26,0;16744,43;🚨 Urgente (até 7 dias);D;Não informado;60,0;6,1
PC001301;05/09/2026;2;20,0;12994,12;🟡 Planejado;D;Não informado;60,0;6,1
PC001301;10/10/2026;3;21,0;13137,32;🟡 Planejado;D;Não informado;60,0;6,1
PC001301;13/11/2026;4;21,0;13330,82;🟡 Planejado;D;Não informado;59,0;6,2
PC001301;16/12/2026;5;22,0;13881,89;🟡 Planejado;D;Não informado;57,0;6,5
PC001301;21/01/2027;6;22,0;14190,23;🟡 Planejado;D;Não informado;57,0;6,5
PC007123;01/08/2026;1;22,0;15723,05;🚨 Urgente (até 7 dias);D;Não informado;66,0;5,6
PC007123;05/09/2026;2;19,0;13793,38;🟡 Planejado;D;Não informado;65,0;5,6
PC007123;11/10/2026;3;19,0;13702,52;🟡 Planejado;D;Não informado;66,0;5,5
PC007123;13/11/2026;4;19,0;14084,9;🟡 Planejado;D;Não informado;64,0;5,7
PC007123;18/12/2026;5;20,0;14476,43;🟡 Planejado;D;Não informado;63,0;5,8
PC007123;25/01/2027;6;19,0;14008,36;🟡 Planejado;D;Não informado;65,0;5,6
PC004435;01/08/2026;1;48,0;39858,94;🚨 Urgente (até 7 dias);D;Não informado;42,0;8,6
PC004435;14/10/2026;3;16,0;13205,28;🟡 Planejado;D;Não informado;78,0;4,7
PC004435;23/11/2026;4;15,0;12595,66;🟡 Planejado;D;Não informado;83,0;4,4
PC004435;25/12/2026;5;16,0;13122,31;🟡 Planejado;D;Não informado;79,0;4,6
PC004435;27/01/2027;6;16,0;13430,43;🟡 Planejado;D;Não informado;77,0;4,8
PC001472;01/08/2026;1;29,0;15748,27;🚨 Urgente (até 7 dias);D;Não informado;42,0;8,7
PC001472;07/09/2026;2;28,0;15070,63;🟡 Planejado;D;Não informado;44,0;8,3
PC001472;10/10/2026;3;30,0;16187,96;🟡 Planejado;D;Não informado;42,0;8,7
PC001472;12/11/2026;4;32,0;17115,81;🟡 Planejado;D;Não informado;40,0;9,2
PC001472;23/12/2026;5;29,0;15636,94;🟡 Planejado;D;Não informado;43,0;8,4
PC008981;01/08/2026;1;46,0;25144,84;🚨 Urgente (até 7 dias);D;Não informado;34,0;10,7
PC008981;13/10/2026;3;19,0;10514,33;🟡 Planejado;D;Não informado;63,0;5,8
PC008981;16/11/2026;4;20,0;10715,52;🟡 Planejado;D;Não informado;62,0;5,9
PC008981;24/12/2026;5;20,0;10651,14;🟡 Planejado;D;Não informado;64,0;5,7
PC008981;25/01/2027;6;20,0;10977,46;🟡 Planejado;D;Não informado;61,0;6,0
PC003072;01/08/2026;1;125,0;83498,93;🚨 Urgente (até 7 dias);D;Não informado;20,0;18,6
PC003072;06/09/2026;2;64,0;42999,48;🟡 Planejado;D;Não informado;20,0;18,6
PC003072;12/10/2026;3;64,0;42986,41;🟡 Planejado;D;Não informado;20,0;18,6
PC003072;17/11/2026;4;64,0;42976,48;🟡 Planejado;D;Não informado;20,0;18,6
PC003072;23/12/2026;5;64,0;42968,94;🟡 Planejado;D;Não informado;20,0;18,6
PC001216;11/09/2026;2;19,0;11805,56;🟡 Planejado;D;Não informado;65,0;5,6
PC001216;19/10/2026;3;19,0;11563,42;🟡 Planejado;D;Não informado;67,0;5,4
PC001216;20/11/2026;4;19,0;11874,04;🟡 Planejado;D;Não informado;64,0;5,7
PC001216;25/12/2026;5;20,0;12248,84;🟡 Planejado;D;Não informado;64,0;5,7
PC001216;26/01/2027;6;21,0;12846,1;🟡 Planejado;D;Não informado;60,0;6,0
PC005802;01/08/2026;1;25,0;23264,93;🚨 Urgente (até 7 dias);D;Não informado;75,0;4,9
PC005802;06/09/2026;2;17,0;15962,47;🟡 Planejado;D;Não informado;75,0;4,9
PC005802;12/10/2026;3;17,0;15962,47;🟡 Planejado;D;Não informado;75,0;4,9
PC005802;17/11/2026;4;17,0;15962,47;🟡 Planejado;D;Não informado;75,0;4,9
PC005802;23/12/2026;5;17,0;15962,47;🟡 Planejado;D;Não informado;75,0;4,9
PC005589;01/08/2026;1;37,0;33293,24;🚨 Urgente (até 7 dias);D;Não informado;42,0;8,7
PC005589;22/10/2026;3;14,0;12996,1;🟡 Planejado;D;Não informado;86,0;4,3
PC005589;23/11/2026;4;16,0;14001,67;🟡 Planejado;D;Não informado;81,0;4,5
PC005589;30/12/2026;6;15,0;13678,95;🟡 Planejado;D;Não informado;82,0;4,4
PC004320;01/08/2026;1;44,0;23090,53;🚨 Urgente (até 7 dias);D;Não informado;41,0;8,8
PC004320;06/09/2026;2;30,0;15881,93;🟡 Planejado;D;Não informado;41,0;8,8
PC004320;12/10/2026;3;30,0;15881,93;🟡 Planejado;D;Não informado;41,0;8,8
PC004320;17/11/2026;4;30,0;15881,93;🟡 Planejado;D;Não informado;41,0;8,8
PC004320;23/12/2026;5;30,0;15881,93;🟡 Planejado;D;Não informado;41,0;8,8
PC005907;01/08/2026;1;45,0;26356,86;🚨 Urgente (até 7 dias);D;Não informado;28,0;12,8
PC005907;19/10/2026;3;22,0;13034,19;🟡 Planejado;D;Não informado;56,0;6,5
PC005907;23/11/2026;4;23,0;13110,57;🟡 Planejado;D;Não informado;55,0;6,6
PC005907;29/12/2026;6;23,0;13517,0;🟡 Planejado;D;Não informado;55,0;6,7
PC000395;13/09/2026;2;16,0;13533,71;🟡 Planejado;D;Não informado;79,0;4,6
PC000395;18/10/2026;3;16,0;13316,47;🟡 Planejado;D;Não informado;79,0;4,6
PC000395;22/11/2026;4;16,0;13316,47;🟡 Planejado;D;Não informado;79,0;4,6
PC000395;27/12/2026;5;16,0;13316,47;🟡 Planejado;D;Não informado;79,0;4,6
PC009834;09/08/2026;1;28,0;18224,41;🔴 Prioritário (até 30 dias);D;Não informado;44,0;8,2
PC009834;21/10/2026;3;17,0;10892,78;🟡 Planejado;D;Não informado;73,0;5,0
PC009834;02/12/2026;5;16,0;10119,98;🟡 Planejado;D;Não informado;79,0;4,6
PC009834;03/01/2027;6;17,0;11083,8;🟡 Planejado;D;Não informado;73,0;5,0
PC001504;16/08/2026;1;50,0;21857,3;🔴 Prioritário (até 30 dias);D;Não informado;25,0;14,8
PC001504;13/11/2026;4;27,0;11581,31;🟡 Planejado;D;Não informado;47,0;7,8
PC001504;16/12/2026;5;27,0;11871,55;🟡 Planejado;D;Não informado;45,0;8,1
PC001504;13/01/2027;6;32,0;13897,7;🟡 Planejado;D;Não informado;40,0;9,2
PC009066;01/08/2026;1;127,0;16763,67;🚨 Urgente (até 7 dias);D;Não informado;12,0;31,3
PC009066;04/09/2026;2;110,0;14567,01;🟡 Planejado;D;Não informado;11,0;32,3
PC009066;10/10/2026;3;106,0;14070,43;🟡 Planejado;D;Não informado;12,0;31,7
PC009066;14/11/2026;4;108,0;14305,61;🟡 Planejado;D;Não informado;11,0;31,9
PC009066;19/12/2026;5;111,0;14733,4;🟡 Planejado;D;Não informado;11,0;32,4
PC009066;23/01/2027;6;113,0;14962,17;🟡 Planejado;D;Não informado;11,0;32,8
PC001739;01/08/2026;1;21,0;17365,58;🚨 Urgente (até 7 dias);D;Não informado;79,0;4,6
PC001739;05/09/2026;2;16,0;12998,5;🟡 Planejado;D;Não informado;78,0;4,7
PC001739;10/10/2026;3;16,0;13004,86;🟡 Planejado;D;Não informado;78,0;4,7
PC001739;14/11/2026;4;16,0;13009,72;🟡 Planejado;D;Não informado;78,0;4,7
PC001739;19/12/2026;5;16,0;13013,44;🟡 Planejado;D;Não informado;78,0;4,7
PC001739;23/01/2027;6;16,0;13016,26;🟡 Planejado;D;Não informado;78,0;4,7
PC004704;31/08/2026;2;19,0;14069,58;🟡 Planejado;D;Não informado;70,0;5,2
PC004704;30/09/2026;3;20,0;14546,67;🟡 Planejado;D;Não informado;62,0;5,9
PC004704;06/11/2026;4;19,0;13950,6;🟡 Planejado;D;Não informado;65,0;5,7
PC004704;08/12/2026;5;21,0;15347,32;🟡 Planejado;D;Não informado;60,0;6,1
PC004704;11/01/2027;6;22,0;16001,34;🟡 Planejado;D;Não informado;58,0;6,3
PC008896;13/08/2026;1;35,0;24887,59;🔴 Prioritário (até 30 dias);D;Não informado;35,0;10,4
PC008896;08/11/2026;4;19,0;13036,23;🟡 Planejado;D;Não informado;68,0;5,4
PC008896;13/12/2026;5;18,0;12972,91;🟡 Planejado;D;Não informado;67,0;5,4
PC008896;14/01/2027;6;20,0;14029,03;🟡 Planejado;D;Não informado;63,0;5,8
PC005226;01/08/2026;1;16,0;15479,81;🚨 Urgente (até 7 dias);D;Não informado;96,0;3,8
PC005226;01/09/2026;2;15,0;14465,1;🟡 Planejado;D;Não informado;86,0;4,2
PC005226;07/10/2026;3;15,0;14432,55;🟡 Planejado;D;Não informado;86,0;4,2
PC005226;12/11/2026;4;15,0;14418,58;🟡 Planejado;D;Não informado;86,0;4,2
PC005226;14/12/2026;5;16,0;15379,89;🟡 Planejado;D;Não informado;81,0;4,5
PC005226;18/01/2027;6;15,0;15024,34;🟡 Planejado;D;Não informado;81,0;4,5
PC007187;01/08/2026;1;48,0;44811,75;🚨 Urgente (até 7 dias);D;Não informado;46,0;8,0
PC007187;20/10/2026;3;14,0;12937,23;🟡 Planejado;D;Não informado;90,0;4,0
PC007187;24/11/2026;4;14,0;12882,74;🟡 Planejado;D;Não informado;90,0;4,1
PC007187;27/12/2026;5;14,0;13300,21;🟡 Planejado;D;Não informado;87,0;4,2
PC007187;27/01/2027;6;15,0;14104,42;🟡 Planejado;D;Não informado;82,0;4,5
PC002827;01/08/2026;1;19,0;17194,36;🚨 Urgente (até 7 dias);D;Não informado;79,0;4,6
PC002827;06/09/2026;2;16,0;14632,23;🟡 Planejado;D;Não informado;79,0;4,6
PC002827;12/10/2026;3;16,0;14632,23;🟡 Planejado;D;Não informado;79,0;4,6
PC002827;17/11/2026;4;16,0;14632,23;🟡 Planejado;D;Não informado;79,0;4,6
PC002827;23/12/2026;5;16,0;14632,23;🟡 Planejado;D;Não informado;79,0;4,6
PC004714;20/08/2026;1;23,0;22931,72;🔴 Prioritário (até 30 dias);D;Não informado;53,0;6,9
PC004714;04/11/2026;4;14,0;13680,39;🟡 Planejado;D;Não informado;88,0;4,1
PC004714;06/12/2026;5;15,0;15027,53;🟡 Planejado;D;Não informado;82,0;4,5
PC004714;09/01/2027;6;16,0;15396,54;🟡 Planejado;D;Não informado;79,0;4,6
PC001043;22/08/2026;1;38,0;22042,2;🔴 Prioritário (até 30 dias);D;Não informado;33,0;10,9
PC001043;27/11/2026;4;19,0;11242,2;🟡 Planejado;D;Não informado;64,0;5,7
PC001043;31/12/2026;6;20,0;11852,78;🟡 Planejado;D;Não informado;61,0;5,9
PC006634;24/09/2026;2;14,0;11118,34;🟡 Planejado;D;Não informado;90,0;4,1
PC006634;25/10/2026;3;15,0;11909,06;🟡 Planejado;D;Não informado;84,0;4,3
PC006634;22/11/2026;4;17,0;13485,92;🟡 Planejado;D;Não informado;75,0;4,9
PC006634;24/12/2026;5;17,0;13984,43;🟡 Planejado;D;Não informado;71,0;5,1
PC000595;18/08/2026;1;17,0;10641,77;🔴 Prioritário (até 30 dias);D;Não informado;75,0;4,9
PC000595;22/09/2026;2;16,0;10507,99;🟡 Planejado;D;Não informado;75,0;4,9
PC000595;27/10/2026;3;16,0;10508,0;🟡 Planejado;D;Não informado;75,0;4,9
PC000595;01/12/2026;5;16,0;10508,0;🟡 Planejado;D;Não informado;75,0;4,9
PC000595;05/01/2027;6;16,0;10508,0;🟡 Planejado;D;Não informado;75,0;4,9
PC007136;01/08/2026;1;98,0;24840,15;🚨 Urgente (até 7 dias);D;Não informado;19,0;19,3
PC007136;07/09/2026;2;63,0;15895,66;🟡 Planejado;D;Não informado;20,0;18,6
PC007136;13/10/2026;3;62,0;15725,75;🟡 Planejado;D;Não informado;20,0;18,3
PC007136;15/11/2026;4;64,0;16236,62;🟡 Planejado;D;Não informado;19,0;19,0
PC007136;22/12/2026;5;62,0;15798,18;🟡 Planejado;D;Não informado;20,0;18,4
PC007136;24/01/2027;6;66,0;16664,31;🟡 Planejado;D;Não informado;19,0;19,2
PC005034;01/08/2026;1;141,0;123853,61;🚨 Urgente (até 7 dias);D;Não informado;16,0;23,5
PC005034;05/09/2026;2;79,0;69135,64;🟡 Planejado;D;Não informado;16,0;23,5
PC005034;10/10/2026;3;79,0;69135,64;🟡 Planejado;D;Não informado;16,0;23,5
PC005034;14/11/2026;4;79,0;69135,64;🟡 Planejado;D;Não informado;16,0;23,5
PC005034;19/12/2026;5;79,0;69135,64;🟡 Planejado;D;Não informado;16,0;23,5
PC005034;23/01/2027;6;79,0;69135,64;🟡 Planejado;D;Não informado;16,0;23,5
PC003392;01/08/2026;1;17,0;18848,01;🚨 Urgente (até 7 dias);D;Não informado;88,0;4,2
PC003392;05/09/2026;2;14,0;15213,8;🟡 Planejado;D;Não informado;88,0;4,2
PC003392;10/10/2026;3;14,0;15213,8;🟡 Planejado;D;Não informado;88,0;4,2
PC003392;14/11/2026;4;14,0;15213,8;🟡 Planejado;D;Não informado;88,0;4,2
PC003392;19/12/2026;5;14,0;15213,8;🟡 Planejado;D;Não informado;88,0;4,2
PC003392;23/01/2027;6;14,0;15213,8;🟡 Planejado;D;Não informado;88,0;4,2
PC001184;19/09/2026;2;29,0;12466,95;🟡 Planejado;D;Não informado;42,0;8,6
PC001184;24/10/2026;3;29,0;12373,62;🟡 Planejado;D;Não informado;42,0;8,6
PC001184;28/11/2026;4;29,0;12373,62;🟡 Planejado;D;Não informado;42,0;8,6
PC001184;02/01/2027;6;29,0;12373,62;🟡 Planejado;D;Não informado;42,0;8,6
PC007883;01/08/2026;1;40,0;29428,44;🚨 Urgente (até 7 dias);D;Não informado;41,0;8,9
PC007883;20/10/2026;3;16,0;11610,85;🟡 Planejado;D;Não informado;79,0;4,6
PC007883;23/11/2026;4;16,0;11639,5;🟡 Planejado;D;Não informado;78,0;4,7
PC007883;29/12/2026;6;17,0;12723,46;🟡 Planejado;D;Não informado;75,0;4,9
PC002963;20/08/2026;1;19,0;10227,0;🔴 Prioritário (até 30 dias);D;Não informado;65,0;5,6
PC002963;25/09/2026;2;19,0;10254,55;🟡 Planejado;D;Não informado;65,0;5,6
PC002963;31/10/2026;4;19,0;10196,16;🟡 Planejado;D;Não informado;65,0;5,6
PC002963;06/12/2026;5;19,0;10230,04;🟡 Planejado;D;Não informado;66,0;5,6
PC002963;11/01/2027;6;19,0;10219,68;🟡 Planejado;D;Não informado;66,0;5,6
PC008779;12/08/2026;1;18,0;17510,74;🔴 Prioritário (até 30 dias);D;Não informado;67,0;5,4
PC008779;17/09/2026;2;19,0;17802,64;🟡 Planejado;D;Não informado;67,0;5,4
PC008779;23/10/2026;3;19,0;17833,07;🟡 Planejado;D;Não informado;67,0;5,4
PC008779;28/11/2026;4;19,0;17846,0;🟡 Planejado;D;Não informado;68,0;5,4
PC008779;03/01/2027;6;19,0;17849,42;🟡 Planejado;D;Não informado;68,0;5,4
PC006656;03/08/2026;1;25,0;16554,6;🚨 Urgente (até 7 dias);D;Não informado;51,0;7,2
PC006656;15/10/2026;3;14,0;9312,52;🟡 Planejado;D;Não informado;89,0;4,1
PC006656;20/11/2026;4;14,0;9509,26;🟡 Planejado;D;Não informado;89,0;4,1
PC006656;29/12/2026;6;16,0;10844,94;🟡 Planejado;D;Não informado;85,0;4,3
PC004064;20/09/2026;2;59,0;10461,56;🟡 Planejado;D;Não informado;21,0;17,2
PC004064;22/10/2026;3;63,0;11124,15;🟡 Planejado;D;Não informado;20,0;18,3
PC004064;23/11/2026;4;66,0;11582,0;🟡 Planejado;D;Não informado;19,0;19,3
PC004064;26/12/2026;5;67,0;11827,28;🟡 Planejado;D;Não informado;18,0;19,9
PC004064;25/01/2027;6;74,0;13097,51;🟡 Planejado;D;Não informado;17,0;21,6
PC002026;29/09/2026;2;68,0;11549,36;🟡 Planejado;D;Não informado;19,0;19,7
PC002026;03/11/2026;4;67,0;11461,84;🟡 Planejado;D;Não informado;18,0;19,7
PC002026;10/12/2026;5;66,0;11353,2;🟡 Planejado;D;Não informado;19,0;19,3
PC002026;13/01/2027;6;67,0;11449,17;🟡 Planejado;D;Não informado;18,0;19,8
PC007210;24/09/2026;2;22,0;11340,64;🟡 Planejado;D;Não informado;57,0;6,4
PC007210;30/10/2026;4;22,0;11373,47;🟡 Planejado;D;Não informado;57,0;6,4
PC007210;05/12/2026;5;22,0;11373,47;🟡 Planejado;D;Não informado;57,0;6,4
PC007210;10/01/2027;6;22,0;11373,47;🟡 Planejado;D;Não informado;57,0;6,4
PC000917;06/08/2026;1;54,0;17154,08;🚨 Urgente (até 7 dias);D;Não informado;23,0;16,0
PC000917;24/10/2026;3;29,0;9311,59;🟡 Planejado;D;Não informado;42,0;8,6
PC000917;26/11/2026;4;31,0;9671,19;🟡 Planejado;D;Não informado;41,0;9,0
PC000917;29/12/2026;6;32,0;10225,96;🟡 Planejado;D;Não informado;38,0;9,6
PC007872;25/08/2026;1;32,0;11758,05;🔴 Prioritário (até 30 dias);D;Não informado;39,0;9,4
PC007872;30/09/2026;3;32,0;11853,13;🟡 Planejado;D;Não informado;39,0;9,4
PC007872;05/11/2026;4;32,0;11731,59;🟡 Planejado;D;Não informado;39,0;9,4
PC007872;09/12/2026;5;33,0;12087,1;🟡 Planejado;D;Não informado;38,0;9,6
PC007872;14/01/2027;6;33,0;11942,97;🟡 Planejado;D;Não informado;38,0;9,6
PC001675;31/08/2026;2;14,0;14305,23;🟡 Planejado;D;Não informado;91,0;4,0
PC001675;09/10/2026;3;13,0;13114,21;🟡 Planejado;D;Não informado;98,0;3,7
PC001675;11/11/2026;4;13,0;13874,83;🟡 Planejado;D;Não informado;93,0;3,9
PC001675;21/12/2026;5;12,0;12824,33;🟡 Planejado;D;Não informado;100,0;3,6
PC001675;19/01/2027;6;14,0;14317,67;🟡 Planejado;D;Não informado;90,0;4,0
PC004373;03/09/2026;2;27,0;15255,88;🟡 Planejado;D;Não informado;47,0;7,8
PC004373;09/10/2026;3;27,0;15277,77;🟡 Planejado;D;Não informado;47,0;7,8
PC004373;13/11/2026;4;26,0;14920,47;🟡 Planejado;D;Não informado;47,0;7,8
PC004373;14/12/2026;5;29,0;16601,1;🟡 Planejado;D;Não informado;43,0;8,5
PC004373;21/01/2027;6;28,0;15936,7;🟡 Planejado;D;Não informado;45,0;8,2
PC002763;01/08/2026;1;19,0;17004,88;🚨 Urgente (até 7 dias);D;Não informado;91,0;4,0
PC002763;05/09/2026;2;13,0;11972,27;🟡 Planejado;D;Não informado;91,0;4,0
PC002763;08/10/2026;3;15,0;12945,71;🟡 Planejado;D;Não informado;86,0;4,2
PC002763;13/11/2026;4;14,0;12816,35;🟡 Planejado;D;Não informado;86,0;4,2
PC002763;17/12/2026;5;15,0;13211,07;🟡 Planejado;D;Não informado;84,0;4,3
PC002763;14/01/2027;6;17,0;14858,9;🟡 Planejado;D;Não informado;74,0;4,9
PC005664;03/08/2026;1;16,0;12000,34;🚨 Urgente (até 7 dias);D;Não informado;75,0;4,9
PC005664;10/09/2026;2;16,0;11651,85;🟡 Planejado;D;Não informado;78,0;4,7
PC005664;13/10/2026;3;17,0;12133,56;🟡 Planejado;D;Não informado;75,0;4,9
PC005664;20/11/2026;4;16,0;11586,05;🟡 Planejado;D;Não informado;78,0;4,7
PC005664;18/12/2026;5;18,0;12907,68;🟡 Planejado;D;Não informado;70,0;5,2
PC007018;20/09/2026;2;42,0;11043,87;🟡 Planejado;D;Não informado;29,0;12,5
PC007018;21/10/2026;3;46,0;11948,42;🟡 Planejado;D;Não informado;27,0;13,4
PC007018;25/11/2026;4;46,0;12188,61;🟡 Planejado;D;Não informado;27,0;13,6
PC007018;28/12/2026;5;47,0;12449,38;🟡 Planejado;D;Não informado;26,0;14,0
PC007018;23/01/2027;6;55,0;14453,08;🟡 Planejado;D;Não informado;23,0;16,1
PC005792;01/08/2026;1;34,0;22976,04;🚨 Urgente (até 7 dias);D;Não informado;41,0;8,8
PC005792;16/10/2026;3;16,0;10971,0;🟡 Planejado;D;Não informado;77,0;4,8
PC005792;24/11/2026;4;15,0;10334,5;🟡 Planejado;D;Não informado;81,0;4,5
PC005792;26/12/2026;5;16,0;10819,6;🟡 Planejado;D;Não informado;77,0;4,8
PC005792;26/01/2027;6;17,0;11484,87;🟡 Planejado;D;Não informado;72,0;5,1
PC009683;21/08/2026;1;14,0;12813,64;🔴 Prioritário (até 30 dias);D;Não informado;92,0;4,0
PC009683;29/09/2026;2;13,0;12092,14;🟡 Planejado;D;Não informado;97,0;3,8
PC009683;30/10/2026;4;14,0;12918,01;🟡 Planejado;D;Não informado;91,0;4,0
PC009683;06/12/2026;5;13,0;12435,89;🟡 Planejado;D;Não informado;94,0;3,9
PC009683;11/01/2027;6;13,0;12428,93;🟡 Planejado;D;Não informado;95,0;3,9
PC005024;01/08/2026;1;120,0;16835,05;🚨 Urgente (até 7 dias);D;Não informado;18,0;20,8
PC005024;06/09/2026;2;72,0;10105,7;🟡 Planejado;D;Não informado;18,0;20,8
PC005024;12/10/2026;3;72,0;10105,7;🟡 Planejado;D;Não informado;18,0;20,8
PC005024;17/11/2026;4;72,0;10105,7;🟡 Planejado;D;Não informado;18,0;20,8
PC005024;23/12/2026;5;72,0;10105,7;🟡 Planejado;D;Não informado;18,0;20,8
PC001483;01/08/2026;1;73,0;20873,87;🚨 Urgente (até 7 dias);D;Não informado;18,0;20,0
PC001483;13/10/2026;3;38,0;10880,59;🟡 Planejado;D;Não informado;33,0;11,1
PC001483;21/11/2026;4;36,0;10179,17;🟡 Planejado;D;Não informado;35,0;10,5
PC001483;26/12/2026;5;36,0;10228,63;🟡 Planejado;D;Não informado;35,0;10,5
PC001483;20/01/2027;6;42,0;11904,98;🟡 Planejado;D;Não informado;30,0;12,3
PC001066;25/08/2026;1;19,0;10976,24;🔴 Prioritário (até 30 dias);D;Não informado;65,0;5,6
PC001066;29/09/2026;2;19,0;10970,57;🟡 Planejado;D;Não informado;65,0;5,6
PC001066;03/11/2026;4;19,0;10970,57;🟡 Planejado;D;Não informado;65,0;5,6
PC001066;08/12/2026;5;19,0;10970,57;🟡 Planejado;D;Não informado;65,0;5,6
PC001066;12/01/2027;6;19,0;10970,57;🟡 Planejado;D;Não informado;65,0;5,6
PC001557;04/08/2026;1;16,0;11667,71;🚨 Urgente (até 7 dias);D;Não informado;77,0;4,8
PC001557;08/09/2026;2;16,0;11609,59;🟡 Planejado;D;Não informado;77,0;4,8
PC001557;13/10/2026;3;16,0;11609,59;🟡 Planejado;D;Não informado;77,0;4,8
PC001557;17/11/2026;4;16,0;11609,59;🟡 Planejado;D;Não informado;77,0;4,8
PC001557;22/12/2026;5;16,0;11609,59;🟡 Planejado;D;Não informado;77,0;4,8
PC001557;26/01/2027;6;16,0;11609,59;🟡 Planejado;D;Não informado;77,0;4,8
PC007627;01/08/2026;1;50,0;22764,22;🚨 Urgente (até 7 dias);D;Não informado;39,0;9,4
PC007627;04/09/2026;2;32,0;14858,31;🟡 Planejado;D;Não informado;38,0;9,6
PC007627;13/10/2026;3;30,0;13850,99;🟡 Planejado;D;Não informado;41,0;8,9
PC007627;12/11/2026;4;33,0;15206,12;🟡 Planejado;D;Não informado;37,0;9,8
PC007627;20/12/2026;5;33,0;15002,87;🟡 Planejado;D;Não informado;38,0;9,5
PC007627;23/01/2027;6;33,0;15359,74;🟡 Planejado;D;Não informado;37,0;9,7
PC004586;01/08/2026;1;116,0;20100,94;🚨 Urgente (até 7 dias);D;Não informado;14,0;25,9
PC004586;05/09/2026;2;88,0;15364,46;🟡 Planejado;D;Não informado;14,0;26,1
PC004586;10/10/2026;3;90,0;15606,65;🟡 Planejado;D;Não informado;14,0;26,4
PC004586;13/11/2026;4;93,0;16215,88;🟡 Planejado;D;Não informado;13,0;27,2
PC004586;18/12/2026;5;94,0;16346,0;🟡 Planejado;D;Não informado;13,0;27,5
PC004586;24/01/2027;6;93,0;16208,69;🟡 Planejado;D;Não informado;13,0;27,1
PC001035;08/08/2026;1;23,0;19662,75;🔴 Prioritário (até 30 dias);D;Não informado;54,0;6,8
PC001035;30/10/2026;4;12,0;10199,68;🟡 Planejado;D;Não informado;104,0;3,5
PC001035;04/12/2026;5;12,0;10361,92;🟡 Planejado;D;Não informado;103,0;3,6
PC001035;05/01/2027;6;13,0;11244,8;🟡 Planejado;D;Não informado;95,0;3,8
PC003155;28/09/2026;2;18,0;11108,31;🟡 Planejado;D;Não informado;68,0;5,4
PC003155;03/11/2026;4;19,0;11392,93;🟡 Planejado;D;Não informado;68,0;5,4
PC003155;09/12/2026;5;19,0;11392,93;🟡 Planejado;D;Não informado;68,0;5,4
PC003155;14/01/2027;6;19,0;11392,93;🟡 Planejado;D;Não informado;68,0;5,4
PC004544;26/08/2026;1;28,0;10548,35;🔴 Prioritário (até 30 dias);D;Não informado;45,0;8,1
PC004544;30/09/2026;3;27,0;10432,18;🟡 Planejado;D;Não informado;45,0;8,1
PC004544;04/11/2026;4;27,0;10432,18;🟡 Planejado;D;Não informado;45,0;8,1
PC004544;09/12/2026;5;27,0;10432,18;🟡 Planejado;D;Não informado;45,0;8,1
PC004544;13/01/2027;6;27,0;10432,18;🟡 Planejado;D;Não informado;45,0;8,1
PC009547;06/08/2026;1;23,0;15735,04;🚨 Urgente (até 7 dias);D;Não informado;54,0;6,7
PC009547;26/10/2026;3;12,0;8260,79;🟡 Planejado;D;Não informado;103,0;3,5
PC009547;29/11/2026;5;13,0;8761,68;🟡 Planejado;D;Não informado;98,0;3,7
PC009547;01/01/2027;6;13,0;9132,85;🟡 Planejado;D;Não informado;93,0;3,9
PC005845;01/08/2026;1;83,0;58676,48;🚨 Urgente (até 7 dias);D;Não informado;28,0;13,2
PC005845;06/09/2026;2;46,0;32124,29;🟡 Planejado;D;Não informado;28,0;13,2
PC005845;12/10/2026;3;46,0;32124,29;🟡 Planejado;D;Não informado;28,0;13,2
PC005845;17/11/2026;4;46,0;32124,29;🟡 Planejado;D;Não informado;28,0;13,2
PC005845;23/12/2026;5;46,0;32124,29;🟡 Planejado;D;Não informado;28,0;13,2
PC007232;01/08/2026;1;20,0;16508,86;🚨 Urgente (até 7 dias);D;Não informado;75,0;4,8
PC007232;06/09/2026;2;17,0;13437,46;🟡 Planejado;D;Não informado;76,0;4,8
PC007232;12/10/2026;3;17,0;13503,57;🟡 Planejado;D;Não informado;76,0;4,8
PC007232;17/11/2026;4;17,0;13514,99;🟡 Planejado;D;Não informado;76,0;4,8
PC007232;23/12/2026;5;17,0;13516,93;🟡 Planejado;D;Não informado;76,0;4,8
PC001514;01/08/2026;1;86,0;76864,33;🚨 Urgente (até 7 dias);D;Não informado;26,0;14,0
PC001514;06/09/2026;2;48,0;43049,97;🟡 Planejado;D;Não informado;26,0;13,9
PC001514;12/10/2026;3;48,0;42969,24;🟡 Planejado;D;Não informado;26,0;13,9
PC001514;17/11/2026;4;48,0;42889,28;🟡 Planejado;D;Não informado;26,0;13,9
PC001514;23/12/2026;5;48,0;42810,16;🟡 Planejado;D;Não informado;26,0;13,9
PC004448;01/08/2026;1;170,0;149685,92;🚨 Urgente (até 7 dias);D;Não informado;14,0;25,5
PC004448;05/09/2026;2;85,0;75439,15;🟡 Planejado;D;Não informado;14,0;25,5
PC004448;10/10/2026;3;85,0;75439,15;🟡 Planejado;D;Não informado;14,0;25,5
PC004448;14/11/2026;4;85,0;75439,15;🟡 Planejado;D;Não informado;14,0;25,5
PC004448;19/12/2026;5;85,0;75439,15;🟡 Planejado;D;Não informado;14,0;25,5
PC004448;23/01/2027;6;85,0;75439,15;🟡 Planejado;D;Não informado;14,0;25,5
PC000800;01/09/2026;2;15,0;12984,26;🟡 Planejado;D;Não informado;84,0;4,4
PC000800;06/10/2026;3;15,0;12936,87;🟡 Planejado;D;Não informado;84,0;4,4
PC000800;10/11/2026;4;15,0;12936,87;🟡 Planejado;D;Não informado;84,0;4,4
PC000800;15/12/2026;5;15,0;12936,87;🟡 Planejado;D;Não informado;84,0;4,4
PC000800;19/01/2027;6;15,0;12936,87;🟡 Planejado;D;Não informado;84,0;4,4
PC006890;15/08/2026;1;36,0;10195,97;🔴 Prioritário (até 30 dias);D;Não informado;35,0;10,5
PC006890;19/09/2026;2;36,0;10216,37;🟡 Planejado;D;Não informado;35,0;10,5
PC006890;24/10/2026;3;37,0;10588,2;🟡 Planejado;D;Não informado;34,0;10,7
PC006890;29/11/2026;5;37,0;10573,49;🟡 Planejado;D;Não informado;34,0;10,7
PC006890;04/01/2027;6;37,0;10620,39;🟡 Planejado;D;Não informado;34,0;10,7
PC002986;01/08/2026;1;43,0;21538,15;🚨 Urgente (até 7 dias);D;Não informado;29,0;12,4
PC002986;16/10/2026;3;22,0;10965,63;🟡 Planejado;D;Não informado;56,0;6,6
PC002986;22/11/2026;4;22,0;11043,64;🟡 Planejado;D;Não informado;57,0;6,5
PC002986;25/12/2026;5;23,0;11541,4;🟡 Planejado;D;Não informado;54,0;6,7
PC001685;02/09/2026;2;53,0;12523,73;🟡 Planejado;D;Não informado;24,0;15,4
PC001685;07/10/2026;3;52,0;12306,39;🟡 Planejado;D;Não informado;24,0;15,4
PC001685;11/11/2026;4;52,0;12367,86;🟡 Planejado;D;Não informado;24,0;15,5
PC001685;16/12/2026;5;53,0;12428,99;🟡 Planejado;D;Não informado;23,0;15,6
PC001685;20/01/2027;6;53,0;12489,78;🟡 Planejado;D;Não informado;23,0;15,7
PC004883;01/08/2026;1;23,0;16034,53;🚨 Urgente (até 7 dias);D;Não informado;53,0;6,9
PC004883;20/10/2026;3;12,0;8228,25;🟡 Planejado;D;Não informado;105,0;3,5
PC004883;23/11/2026;4;12,0;8453,59;🟡 Planejado;D;Não informado;102,0;3,6
PC004883;26/12/2026;5;13,0;8841,0;🟡 Planejado;D;Não informado;98,0;3,7
PC000979;17/08/2026;1;18,0;18704,17;🔴 Prioritário (até 30 dias);D;Não informado;69,0;5,3
PC000979;08/11/2026;4;10,0;10517,01;🟡 Planejado;D;Não informado;123,0;3,0
PC000979;14/12/2026;5;10,0;10241,19;🟡 Planejado;D;Não informado;125,0;2,9
PC000979;19/01/2027;6;10,0;10144,39;🟡 Planejado;D;Não informado;127,0;2,9
PC001792;03/08/2026;1;19,0;12097,96;🚨 Urgente (até 7 dias);D;Não informado;64,0;5,7
PC001792;06/09/2026;2;20,0;12666,41;🟡 Planejado;D;Não informado;62,0;5,9
PC001792;14/10/2026;3;19,0;12061,92;🟡 Planejado;D;Não informado;64,0;5,7
PC001792;15/11/2026;4;20,0;12662,58;🟡 Planejado;D;Não informado;61,0;6,0
PC001792;23/12/2026;5;20,0;12337,26;🟡 Planejado;D;Não informado;63,0;5,8
PC001792;27/01/2027;6;20,0;12469,76;🟡 Planejado;D;Não informado;62,0;5,8
PC002771;01/08/2026;1;14,0;11258,32;🚨 Urgente (até 7 dias);D;Não informado;101,0;3,6
PC002771;03/09/2026;2;13,0;10104,36;🟡 Planejado;D;Não informado;96,0;3,8
PC002771;08/10/2026;3;13,0;10440,79;🟡 Planejado;D;Não informado;94,0;3,9
PC002771;09/11/2026;4;14,0;10825,7;🟡 Planejado;D;Não informado;89,0;4,1
PC002771;11/12/2026;5;15,0;11486,7;🟡 Planejado;D;Não informado;84,0;4,3
PC002771;16/01/2027;6;15,0;11482,04;🟡 Planejado;D;Não informado;85,0;4,3
PC004115;01/08/2026;1;39,0;34572,49;🚨 Urgente (até 7 dias);D;Não informado;53,0;6,9
PC004115;18/10/2026;3;12,0;10921,78;🟡 Planejado;D;Não informado;100,0;3,7
PC004115;26/11/2026;4;12,0;10226,38;🟡 Planejado;D;Não informado;106,0;3,4
PC004115;30/12/2026;6;12,0;10695,6;🟡 Planejado;D;Não informado;103,0;3,5
PC007893;13/08/2026;1;29,0;20281,92;🔴 Prioritário (até 30 dias);D;Não informado;42,0;8,7
PC007893;06/11/2026;4;16,0;11235,16;🟡 Planejado;D;Não informado;78,0;4,7
PC007893;11/12/2026;5;16,0;11420,48;🟡 Planejado;D;Não informado;76,0;4,8
PC007893;17/01/2027;6;16,0;11191,33;🟡 Planejado;D;Não informado;78,0;4,7
PC006176;25/08/2026;1;33,0;10262,26;🔴 Prioritário (até 30 dias);D;Não informado;37,0;9,7
PC006176;25/09/2026;2;35,0;10774,82;🟡 Planejado;D;Não informado;35,0;10,4
PC006176;30/10/2026;4;39,0;12111,19;🟡 Planejado;D;Não informado;33,0;11,1
PC006176;03/12/2026;5;39,0;11988,29;🟡 Planejado;D;Não informado;32,0;11,5
PC006176;03/01/2027;6;42,0;12944,87;🟡 Planejado;D;Não informado;29,0;12,5
PC001867;07/08/2026;1;21,0;11816,05;🚨 Urgente (até 7 dias);D;Não informado;60,0;6,1
PC001867;10/09/2026;2;21,0;11935,96;🟡 Planejado;D;Não informado;59,0;6,2
PC001867;18/10/2026;3;20,0;11699,04;🟡 Planejado;D;Não informado;61,0;5,9
PC001867;17/11/2026;4;22,0;12741,88;🟡 Planejado;D;Não informado;56,0;6,5
PC001867;25/12/2026;5;21,0;12232,34;🟡 Planejado;D;Não informado;58,0;6,3
PC001867;24/01/2027;6;23,0;13070,19;🟡 Planejado;D;Não informado;54,0;6,7
PC006336;01/08/2026;1;68,0;52921,73;🚨 Urgente (até 7 dias);D;Não informado;34,0;10,6
PC006336;06/09/2026;2;36,0;28206,87;🟡 Planejado;D;Não informado;35,0;10,6
PC006336;12/10/2026;3;36,0;28121,47;🟡 Planejado;D;Não informado;35,0;10,5
PC006336;17/11/2026;4;36,0;28036,56;🟡 Planejado;D;Não informado;35,0;10,5
PC006336;23/12/2026;5;36,0;27952,13;🟡 Planejado;D;Não informado;35,0;10,5
PC005003;19/08/2026;1;315,0;15981,75;🔴 Prioritário (até 30 dias);D;Não informado;4,0;93,5
PC005003;21/11/2026;4;167,0;8472,86;🟡 Planejado;D;Não informado;7,0;48,9
PC005003;29/12/2026;6;173,0;8756,6;🟡 Planejado;D;Não informado;7,0;48,8
PC007763;01/08/2026;1;79,0;31782,65;🚨 Urgente (até 7 dias);D;Não informado;23,0;15,9
PC007763;25/10/2026;3;26,0;10574,65;🟡 Planejado;D;Não informado;47,0;7,8
PC007763;01/12/2026;5;26,0;10521,44;🟡 Planejado;D;Não informado;47,0;7,7
PC007763;06/01/2027;6;26,0;10414,44;🟡 Planejado;D;Não informado;48,0;7,6
PC008661;01/08/2026;1;41,0;19201,46;🚨 Urgente (até 7 dias);D;Não informado;52,0;7,0
PC008661;05/09/2026;2;24,0;11115,49;🟡 Planejado;D;Não informado;52,0;7,0
PC008661;12/10/2026;3;23,0;10833,17;🟡 Planejado;D;Não informado;54,0;6,8
PC008661;18/11/2026;4;23,0;10689,58;🟡 Planejado;D;Não informado;55,0;6,7
PC008661;22/12/2026;5;23,0;10837,59;🟡 Planejado;D;Não informado;54,0;6,8
PC008661;21/01/2027;6;25,0;11960,06;🟡 Planejado;D;Não informado;49,0;7,4
PC009235;01/08/2026;1;14,0;11855,71;🚨 Urgente (até 7 dias);D;Não informado;103,0;3,6
PC009235;05/09/2026;2;12,0;10458,56;🟡 Planejado;D;Não informado;101,0;3,6
PC009235;12/10/2026;3;12,0;10194,55;🟡 Planejado;D;Não informado;104,0;3,5
PC009235;16/11/2026;4;12,0;10202,64;🟡 Planejado;D;Não informado;103,0;3,5
PC009235;21/12/2026;5;12,0;10144,15;🟡 Planejado;D;Não informado;103,0;3,5
PC009235;22/01/2027;6;13,0;10989,5;🟡 Planejado;D;Não informado;97,0;3,8
PC007168;25/09/2026;2;12,0;11876,24;🟡 Planejado;D;Não informado;106,0;3,4
PC007168;31/10/2026;4;12,0;11943,97;🟡 Planejado;D;Não informado;106,0;3,4
PC007168;06/12/2026;5;12,0;11933,38;🟡 Planejado;D;Não informado;106,0;3,4
PC007168;07/01/2027;6;12,0;12560,79;🟡 Planejado;D;Não informado;100,0;3,7
PC008459;30/08/2026;1;64,0;8258,71;🔴 Prioritário (até 30 dias);D;Não informado;19,0;18,9
PC008459;02/10/2026;3;68,0;8698,43;🟡 Planejado;D;Não informado;19,0;19,6
PC008459;03/11/2026;4;73,0;9425,36;🟡 Planejado;D;Não informado;17,0;21,4
PC008459;08/12/2026;5;74,0;9542,84;🟡 Planejado;D;Não informado;17,0;21,7
PC008459;06/01/2027;6;82,0;10540,33;🟡 Planejado;D;Não informado;15,0;24,4
PC008075;07/09/2026;2;18,0;10947,77;🟡 Planejado;D;Não informado;69,0;5,3
PC008075;11/10/2026;3;19,0;11508,1;🟡 Planejado;D;Não informado;67,0;5,5
PC008075;16/11/2026;4;18,0;11081,04;🟡 Planejado;D;Não informado;68,0;5,4
PC008075;22/12/2026;5;18,0;11021,6;🟡 Planejado;D;Não informado;68,0;5,3
PC008075;24/01/2027;6;19,0;11700,91;🟡 Planejado;D;Não informado;66,0;5,6
PC006931;05/08/2026;1;19,0;16236,26;🚨 Urgente (até 7 dias);D;Não informado;65,0;5,7
PC006931;25/10/2026;3;10,0;8303,32;🟡 Planejado;D;Não informado;125,0;2,9
PC006931;29/11/2026;5;11,0;9001,58;🟡 Planejado;D;Não informado;119,0;3,1
PC006931;02/01/2027;6;11,0;9105,64;🟡 Planejado;D;Não informado;115,0;3,2
PC007755;01/08/2026;1;95,0;66773,45;🚨 Urgente (até 7 dias);D;Não informado;25,0;14,9
PC007755;05/09/2026;2;50,0;34943,99;🟡 Planejado;D;Não informado;25,0;14,9
PC007755;10/10/2026;3;50,0;34943,99;🟡 Planejado;D;Não informado;25,0;14,9
PC007755;14/11/2026;4;50,0;34943,99;🟡 Planejado;D;Não informado;25,0;14,9
PC007755;19/12/2026;5;50,0;34943,99;🟡 Planejado;D;Não informado;25,0;14,9
PC007755;23/01/2027;6;50,0;34943,99;🟡 Planejado;D;Não informado;25,0;14,9
PC002410;28/08/2026;1;67,0;10872,67;🔴 Prioritário (até 30 dias);D;Não informado;19,0;19,5
PC002410;01/10/2026;3;70,0;11278,41;🟡 Planejado;D;Não informado;18,0;20,4
PC002410;05/11/2026;4;69,0;11155,69;🟡 Planejado;D;Não informado;18,0;20,4
PC002410;07/12/2026;5;73,0;11812,41;🟡 Planejado;D;Não informado;17,0;21,7
PC002410;07/01/2027;6;79,0;12867,75;🟡 Planejado;D;Não informado;16,0;23,5
PC003787;01/08/2026;1;61,0;32694,14;🚨 Urgente (até 7 dias);D;Não informado;36,0;10,2
PC003787;15/10/2026;3;19,0;10192,88;🟡 Planejado;D;Não informado;65,0;5,6
PC003787;21/11/2026;4;19,0;9905,39;🟡 Planejado;D;Não informado;67,0;5,5
PC003787;25/12/2026;5;19,0;10318,6;🟡 Planejado;D;Não informado;65,0;5,6
PC001931;28/09/2026;2;13,0;10458,65;🟡 Planejado;D;Não informado;97,0;3,8
PC001931;29/10/2026;3;14,0;11439,55;🟡 Planejado;D;Não informado;91,0;4,0
PC001931;29/11/2026;5;16,0;13071,58;🟡 Planejado;D;Não informado;82,0;4,5
PC001931;02/01/2027;6;16,0;13169,16;🟡 Planejado;D;Não informado;78,0;4,7
PC000659;01/08/2026;1;24,0;19019,75;🚨 Urgente (até 7 dias);D;Não informado;85,0;4,3
PC000659;05/09/2026;2;14,0;11301,65;🟡 Planejado;D;Não informado;85,0;4,3
PC000659;10/10/2026;3;14,0;11301,65;🟡 Planejado;D;Não informado;85,0;4,3
PC000659;14/11/2026;4;14,0;11301,65;🟡 Planejado;D;Não informado;85,0;4,3
PC000659;19/12/2026;5;14,0;11301,65;🟡 Planejado;D;Não informado;85,0;4,3
PC000659;23/01/2027;6;14,0;11301,65;🟡 Planejado;D;Não informado;85,0;4,3
PC007243;20/08/2026;1;47,0;12438,75;🔴 Prioritário (até 30 dias);D;Não informado;26,0;13,9
PC007243;19/11/2026;4;25,0;6555,02;🟡 Planejado;D;Não informado;49,0;7,4
PC007243;24/12/2026;5;25,0;6684,35;🟡 Planejado;D;Não informado;49,0;7,5
PC006229;01/08/2026;1;68,0;74398,76;🚨 Urgente (até 7 dias);D;Não informado;31,0;11,7
PC006229;06/09/2026;2;40,0;44047,39;🟡 Planejado;D;Não informado;31,0;11,7
PC006229;12/10/2026;3;40,0;44047,39;🟡 Planejado;D;Não informado;31,0;11,7
PC006229;17/11/2026;4;40,0;44047,39;🟡 Planejado;D;Não informado;31,0;11,7
PC006229;23/12/2026;5;40,0;44047,39;🟡 Planejado;D;Não informado;31,0;11,7
PC002965;01/08/2026;1;19,0;11611,13;🚨 Urgente (até 7 dias);D;Não informado;101,0;3,6
PC002965;04/09/2026;2;13,0;7698,49;🟡 Planejado;D;Não informado;97,0;3,8
PC002965;09/10/2026;3;13,0;7702,21;🟡 Planejado;D;Não informado;96,0;3,8
PC002965;12/11/2026;4;13,0;7777,27;🟡 Planejado;D;Não informado;95,0;3,9
PC002965;15/12/2026;5;14,0;8213,67;🟡 Planejado;D;Não informado;91,0;4,0
PC002965;17/01/2027;6;14,0;8485,03;🟡 Planejado;D;Não informado;87,0;4,2
PC006923;07/08/2026;1;21,0;16256,32;🚨 Urgente (até 7 dias);D;Não informado;60,0;6,1
PC006923;27/10/2026;3;11,0;8562,16;🟡 Planejado;D;Não informado;111,0;3,3
PC006923;06/12/2026;5;11,0;8206,5;🟡 Planejado;D;Não informado;117,0;3,1
PC006923;06/01/2027;6;12,0;9063,47;🟡 Planejado;D;Não informado;106,0;3,4
PC003349;01/08/2026;1;96,0;65890,17;🚨 Urgente (até 7 dias);D;Não informado;24,0;15,2
PC003349;05/09/2026;2;51,0;34750,22;🟡 Planejado;D;Não informado;24,0;15,2
PC003349;10/10/2026;3;51,0;34750,22;🟡 Planejado;D;Não informado;24,0;15,2
PC003349;14/11/2026;4;51,0;34750,22;🟡 Planejado;D;Não informado;24,0;15,2
PC003349;19/12/2026;5;51,0;34750,22;🟡 Planejado;D;Não informado;24,0;15,2
PC003349;23/01/2027;6;51,0;34750,22;🟡 Planejado;D;Não informado;24,0;15,2
PC002707;01/08/2026;1;19,0;15284,72;🚨 Urgente (até 7 dias);D;Não informado;111,0;3,3
PC002707;04/09/2026;2;12,0;9388,68;🟡 Planejado;D;Não informado;107,0;3,4
PC002707;09/10/2026;3;12,0;9630,58;🟡 Planejado;D;Não informado;105,0;3,5
PC002707;10/11/2026;4;13,0;10271,86;🟡 Planejado;D;Não informado;98,0;3,7
PC002707;13/12/2026;5;13,0;10488,49;🟡 Planejado;D;Não informado;94,0;3,9
PC002707;10/01/2027;6;15,0;12299,48;🟡 Planejado;D;Não informado;82,0;4,5
PC009888;01/08/2026;1;90,0;19052,01;🚨 Urgente (até 7 dias);D;Não informado;20,0;17,8
PC009888;07/09/2026;2;60,0;12641,72;🟡 Planejado;D;Não informado;21,0;17,4
PC009888;11/10/2026;3;61,0;12963,92;🟡 Planejado;D;Não informado;20,0;17,9
PC009888;17/11/2026;4;58,0;12328,76;🟡 Planejado;D;Não informado;21,0;17,3
PC009888;21/12/2026;5;62,0;13034,63;🟡 Planejado;D;Não informado;20,0;17,9
PC009888;24/01/2027;6;62,0;13188,09;🟡 Planejado;D;Não informado;20,0;18,3
PC000021;28/08/2026;1;117,0;9713,64;🔴 Prioritário (até 30 dias);D;Não informado;11,0;34,6
PC000021;30/09/2026;3;124,0;10226,46;🟡 Planejado;D;Não informado;10,0;36,5
PC000021;06/11/2026;4;118,0;9749,35;🟡 Planejado;D;Não informado;10,0;35,0
PC000021;09/12/2026;5;123,0;10169,2;🟡 Planejado;D;Não informado;10,0;36,5
PC000021;12/01/2027;6;127,0;10484,39;🟡 Planejado;D;Não informado;10,0;37,4
PC005610;08/08/2026;1;12,0;8390,17;🔴 Prioritário (até 30 dias);D;Não informado;104,0;3,5
PC005610;13/09/2026;2;12,0;8562,8;🟡 Planejado;D;Não informado;104,0;3,5
PC005610;19/10/2026;3;12,0;8562,8;🟡 Planejado;D;Não informado;104,0;3,5
PC005610;24/11/2026;4;12,0;8562,8;🟡 Planejado;D;Não informado;104,0;3,5
PC005610;30/12/2026;6;12,0;8562,8;🟡 Planejado;D;Não informado;104,0;3,5
PC002643;01/08/2026;1;25,0;13753,54;🚨 Urgente (até 7 dias);D;Não informado;76,0;4,8
PC002643;07/09/2026;2;16,0;8748,48;🟡 Planejado;D;Não informado;78,0;4,7
PC002643;09/10/2026;3;17,0;9346,76;🟡 Planejado;D;Não informado;73,0;5,0
PC002643;17/11/2026;4;16,0;8610,61;🟡 Planejado;D;Não informado;78,0;4,7
PC002643;20/12/2026;5;17,0;9012,8;🟡 Planejado;D;Não informado;75,0;4,9
PC002643;24/01/2027;6;17,0;9209,18;🟡 Planejado;D;Não informado;74,0;4,9
PC002752;13/08/2026;1;17,0;9151,03;🔴 Prioritário (até 30 dias);D;Não informado;73,0;5,0
PC002752;19/09/2026;2;17,0;9023,03;🟡 Planejado;D;Não informado;75,0;4,9
PC002752;21/10/2026;3;17,0;9313,97;🟡 Planejado;D;Não informado;71,0;5,2
PC002752;25/11/2026;4;18,0;9572,42;🟡 Planejado;D;Não informado;70,0;5,2
PC002752;31/12/2026;6;19,0;9960,91;🟡 Planejado;D;Não informado;67,0;5,4
PC005333;01/08/2026;1;50,0;13100,12;🚨 Urgente (até 7 dias);D;Não informado;34,0;10,7
PC005333;03/09/2026;2;38,0;9930,69;🟡 Planejado;D;Não informado;33,0;11,2
PC005333;06/10/2026;3;41,0;10811,42;🟡 Planejado;D;Não informado;31,0;11,9
PC005333;06/11/2026;4;44,0;11644,55;🟡 Planejado;D;Não informado;28,0;13,0
PC005333;11/12/2026;5;46,0;12005,89;🟡 Planejado;D;Não informado;28,0;13,3
PC005333;17/01/2027;6;44,0;11512,33;🟡 Planejado;D;Não informado;28,0;12,9
PC008021;23/08/2026;1;11,0;8809,3;🔴 Prioritário (até 30 dias);D;Não informado;109,0;3,3
PC008021;27/09/2026;2;12,0;9027,29;🟡 Planejado;D;Não informado;108,0;3,4
PC008021;29/10/2026;3;12,0;9223,74;🟡 Planejado;D;Não informado;103,0;3,5
PC008021;04/12/2026;5;11,0;8803,97;🟡 Planejado;D;Não informado;109,0;3,4
PC008021;08/01/2027;6;11,0;8860,87;🟡 Planejado;D;Não informado;108,0;3,4
PC006442;12/08/2026;1;19,0;14727,03;🔴 Prioritário (até 30 dias);D;Não informado;65,0;5,6
PC006442;09/11/2026;4;9,0;7049,92;🟡 Planejado;D;Não informado;136,0;2,7
PC006442;05/12/2026;5;11,0;8482,76;🟡 Planejado;D;Não informado;113,0;3,2
PC006442;10/01/2027;6;11,0;8310,94;🟡 Planejado;D;Não informado;115,0;3,2
PC000832;01/08/2026;1;24,0;12505,45;🚨 Urgente (até 7 dias);D;Não informado;73,0;5,0
PC000832;06/09/2026;2;17,0;8846,32;🟡 Planejado;D;Não informado;74,0;5,0
PC000832;12/10/2026;3;17,0;8841,9;🟡 Planejado;D;Não informado;74,0;5,0
PC000832;17/11/2026;4;17,0;8838,53;🟡 Planejado;D;Não informado;74,0;5,0
PC000832;23/12/2026;5;17,0;8835,98;🟡 Planejado;D;Não informado;74,0;5,0
PC004243;27/09/2026;2;31,0;10481,52;🟡 Planejado;D;Não informado;40,0;9,1
PC004243;01/11/2026;4;31,0;10335,97;🟡 Planejado;D;Não informado;40,0;9,1
PC004243;06/12/2026;5;31,0;10330,34;🟡 Planejado;D;Não informado;40,0;9,1
PC004243;10/01/2027;6;31,0;10331,83;🟡 Planejado;D;Não informado;40,0;9,1
PC009109;01/08/2026;1;27,0;15659,98;🚨 Urgente (até 7 dias);D;Não informado;61,0;6,0
PC009109;10/10/2026;3;12,0;6888,62;🟡 Planejado;D;Não informado;105,0;3,5
PC009109;16/11/2026;4;12,0;6840,43;🟡 Planejado;D;Não informado;108,0;3,4
PC009109;24/12/2026;5;11,0;6550,73;🟡 Planejado;D;Não informado;112,0;3,3
PC005205;01/08/2026;1;37,0;13195,82;🚨 Urgente (até 7 dias);D;Não informado;34,0;10,8
PC005205;12/10/2026;3;21,0;7566,63;🟡 Planejado;D;Não informado;59,0;6,2
PC005205;18/11/2026;4;20,0;7169,14;🟡 Planejado;D;Não informado;61,0;6,0
PC005205;20/12/2026;5;21,0;7516,48;🟡 Planejado;D;Não informado;58,0;6,3
PC001621;13/08/2026;1;19,0;11572,53;🔴 Prioritário (até 30 dias);D;Não informado;66,0;5,6
PC001621;03/11/2026;4;10,0;6280,61;🟡 Planejado;D;Não informado;121,0;3,0
PC001621;07/12/2026;5;11,0;6502,56;🟡 Planejado;D;Não informado;117,0;3,1
PC001621;06/01/2027;6;12,0;7089,95;🟡 Planejado;D;Não informado;106,0;3,4
PC001429;05/08/2026;1;10,0;8612,77;🚨 Urgente (até 7 dias);D;Não informado;129,0;2,8
PC001429;10/09/2026;2;10,0;8473,43;🟡 Planejado;D;Não informado;130,0;2,8
PC001429;15/10/2026;3;10,0;8526,73;🟡 Planejado;D;Não informado;129,0;2,8
PC001429;22/11/2026;4;9,0;8079,4;🟡 Planejado;D;Não informado;135,0;2,7
PC001429;22/12/2026;5;10,0;8837,22;🟡 Planejado;D;Não informado;124,0;2,9
PC001429;27/01/2027;6;10,0;8845,84;🟡 Planejado;D;Não informado;125,0;2,9
PC003434;08/08/2026;1;10,0;8281,27;🔴 Prioritário (até 30 dias);D;Não informado;128,0;2,9
PC003434;12/09/2026;2;10,0;8135,68;🟡 Planejado;D;Não informado;128,0;2,9
PC003434;17/10/2026;3;10,0;8135,68;🟡 Planejado;D;Não informado;128,0;2,9
PC003434;21/11/2026;4;10,0;8135,68;🟡 Planejado;D;Não informado;128,0;2,9
PC003434;26/12/2026;5;10,0;8135,68;🟡 Planejado;D;Não informado;128,0;2,9
PC009557;01/08/2026;1;10,0;8432,51;🚨 Urgente (até 7 dias);D;Não informado;126,0;2,9
PC009557;05/09/2026;2;10,0;8416,05;🟡 Planejado;D;Não informado;123,0;3,0
PC009557;07/10/2026;3;11,0;9169,7;🟡 Planejado;D;Não informado;114,0;3,2
PC009557;09/11/2026;4;11,0;9316,5;🟡 Planejado;D;Não informado;109,0;3,3
PC009557;12/12/2026;5;12,0;9815,74;🟡 Planejado;D;Não informado;105,0;3,5
PC009557;13/01/2027;6;13,0;10599,71;🟡 Planejado;D;Não informado;98,0;3,7
PC003851;01/08/2026;1;53,0;17625,95;🚨 Urgente (até 7 dias);D;Não informado;32,0;11,3
PC003851;11/10/2026;3;22,0;7288,18;🟡 Planejado;D;Não informado;56,0;6,5
PC003851;18/11/2026;4;21,0;7087,83;🟡 Planejado;D;Não informado;59,0;6,2
PC003851;23/12/2026;5;21,0;7121,8;🟡 Planejado;D;Não informado;58,0;6,3
PC001664;01/08/2026;1;27,0;12400,77;🚨 Urgente (até 7 dias);D;Não informado;70,0;5,2
PC001664;06/09/2026;2;17,0;8017,39;🟡 Planejado;D;Não informado;71,0;5,1
PC001664;09/10/2026;3;19,0;8571,76;🟡 Planejado;D;Não informado;67,0;5,4
PC001664;12/11/2026;4;19,0;8834,1;🟡 Planejado;D;Não informado;65,0;5,6
PC001664;13/12/2026;5;20,0;9364,71;🟡 Planejado;D;Não informado;61,0;6,0
PC001664;14/01/2027;6;21,0;9824,99;🟡 Planejado;D;Não informado;58,0;6,3
PC007443;07/08/2026;1;25,0;9549,71;🚨 Urgente (até 7 dias);D;Não informado;48,0;7,6
PC007443;15/09/2026;2;25,0;9245,41;🟡 Planejado;D;Não informado;51,0;7,1
PC007443;21/10/2026;3;25,0;9214,17;🟡 Planejado;D;Não informado;51,0;7,1
PC007443;26/11/2026;4;24,0;9150,24;🟡 Planejado;D;Não informado;51,0;7,1
PC007443;29/12/2026;6;28,0;10572,19;🟡 Planejado;D;Não informado;47,0;7,8
PC005216;04/08/2026;1;57,0;25584,37;🚨 Urgente (até 7 dias);D;Não informado;22,0;16,7
PC005216;08/09/2026;2;56,0;25315,06;🟡 Planejado;D;Não informado;22,0;16,8
PC005216;13/10/2026;3;56,0;25321,94;🟡 Planejado;D;Não informado;22,0;16,8
PC005216;17/11/2026;4;56,0;25327,21;🟡 Planejado;D;Não informado;22,0;16,8
PC005216;22/12/2026;5;56,0;25331,22;🟡 Planejado;D;Não informado;22,0;16,8
PC005216;26/01/2027;6;56,0;25334,27;🟡 Planejado;D;Não informado;22,0;16,8
PC004875;16/08/2026;1;17,0;14215,45;🔴 Prioritário (até 30 dias);D;Não informado;75,0;4,9
PC004875;15/11/2026;4;9,0;7548,43;🟡 Planejado;D;Não informado;140,0;2,6
PC004875;20/12/2026;5;9,0;7505,19;🟡 Planejado;D;Não informado;140,0;2,6
PC004875;24/01/2027;6;9,0;7758,96;🟡 Planejado;D;Não informado;138,0;2,6
PC001258;01/09/2026;2;12,0;9058,21;🟡 Planejado;D;Não informado;104,0;3,5
PC001258;06/10/2026;3;12,0;8833,34;🟡 Planejado;D;Não informado;104,0;3,5
PC001258;10/11/2026;4;12,0;8834,8;🟡 Planejado;D;Não informado;104,0;3,5
PC001258;15/12/2026;5;12,0;8835,92;🟡 Planejado;D;Não informado;104,0;3,5
PC001258;19/01/2027;6;12,0;8836,77;🟡 Planejado;D;Não informado;104,0;3,5
PC003360;01/08/2026;1;27,0;10786,32;🚨 Urgente (até 7 dias);D;Não informado;51,0;7,2
PC003360;04/09/2026;2;25,0;10037,27;🟡 Planejado;D;Não informado;49,0;7,4
PC003360;09/10/2026;3;26,0;10273,51;🟡 Planejado;D;Não informado;48,0;7,6
PC003360;13/11/2026;4;26,0;10104,3;🟡 Planejado;D;Não informado;48,0;7,6
PC003360;22/12/2026;5;25,0;9750,86;🟡 Planejado;D;Não informado;51,0;7,2
PC003475;14/08/2026;1;18,0;16830,29;🔴 Prioritário (até 30 dias);D;Não informado;72,0;5,1
PC003475;16/11/2026;4;9,0;8276,04;🟡 Planejado;D;Não informado;142,0;2,6
PC003475;21/12/2026;5;9,0;8602,09;🟡 Planejado;D;Não informado;140,0;2,6
PC006400;19/08/2026;1;16,0;12162,07;🔴 Prioritário (até 30 dias);D;Não informado;79,0;4,6
PC006400;20/11/2026;4;8,0;6211,34;🟡 Planejado;D;Não informado;155,0;2,3
PC006400;24/12/2026;5;8,0;6446,9;🟡 Planejado;D;Não informado;151,0;2,4
PC006400;26/01/2027;6;9,0;6627,08;🟡 Planejado;D;Não informado;145,0;2,5
PC004202;11/08/2026;1;48,0;11799,03;🔴 Prioritário (até 30 dias);D;Não informado;26,0;14,2
PC004202;27/10/2026;3;27,0;6632,77;🟡 Planejado;D;Não informado;46,0;8,0
PC004202;29/11/2026;5;31,0;7587,67;🟡 Planejado;D;Não informado;42,0;8,7
PC004202;04/01/2027;6;30,0;7362,13;🟡 Planejado;D;Não informado;42,0;8,7
PC009173;01/08/2026;1;21,0;12808,94;🚨 Urgente (até 7 dias);D;Não informado;80,0;4,6
PC009173;03/09/2026;2;16,0;9699,08;🟡 Planejado;D;Não informado;76,0;4,8
PC009173;07/10/2026;3;17,0;9983,56;🟡 Planejado;D;Não informado;74,0;4,9
PC009173;14/11/2026;4;16,0;9473,52;🟡 Planejado;D;Não informado;78,0;4,7
PC009173;18/12/2026;5;17,0;10012,02;🟡 Planejado;D;Não informado;75,0;4,9
PC009173;21/01/2027;6;17,0;10161,41;🟡 Planejado;D;Não informado;73,0;5,0
PC004053;03/09/2026;2;14,0;8514,32;🟡 Planejado;D;Não informado;92,0;4,0
PC004053;06/10/2026;3;14,0;9039,55;🟡 Planejado;D;Não informado;87,0;4,2
PC004053;08/11/2026;4;15,0;9476,65;🟡 Planejado;D;Não informado;82,0;4,4
PC004053;15/12/2026;5;14,0;9060,94;🟡 Planejado;D;Não informado;85,0;4,3
PC004053;09/01/2027;6;18,0;11234,8;🟡 Planejado;D;Não informado;70,0;5,2
PC000384;01/08/2026;1;54,0;48760,83;🚨 Urgente (até 7 dias);D;Não informado;42,0;8,7
PC000384;06/09/2026;2;30,0;26939,83;🟡 Planejado;D;Não informado;42,0;8,7
PC000384;12/10/2026;3;30,0;26939,83;🟡 Planejado;D;Não informado;42,0;8,7
PC000384;17/11/2026;4;30,0;26939,83;🟡 Planejado;D;Não informado;42,0;8,7
PC000384;23/12/2026;5;30,0;26939,83;🟡 Planejado;D;Não informado;42,0;8,7
PC000907;01/08/2026;1;11,0;9081,68;🚨 Urgente (até 7 dias);D;Não informado;130,0;2,8
PC000907;05/09/2026;2;10,0;8298,82;🟡 Planejado;D;Não informado;129,0;2,8
PC000907;10/10/2026;3;10,0;8241,5;🟡 Planejado;D;Não informado;128,0;2,8
PC000907;16/11/2026;4;10,0;8252,54;🟡 Planejado;D;Não informado;131,0;2,8
PC000907;21/12/2026;5;10,0;8291,62;🟡 Planejado;D;Não informado;130,0;2,8
PC000907;25/01/2027;6;10,0;8422,27;🟡 Planejado;D;Não informado;128,0;2,8
PC000512;01/10/2026;3;12,0;6804,87;🟡 Planejado;D;Não informado;102,0;3,6
PC000512;02/11/2026;4;13,0;7553,21;🟡 Planejado;D;Não informado;93,0;3,9
PC000512;08/12/2026;5;13,0;7331,74;🟡 Planejado;D;Não informado;95,0;3,9
PC000512;09/01/2027;6;14,0;8050,66;🟡 Planejado;D;Não informado;88,0;4,2
PC004192;01/08/2026;1;12,0;8245,16;🚨 Urgente (até 7 dias);D;Não informado;110,0;3,3
PC004192;05/09/2026;2;12,0;7890,87;🟡 Planejado;D;Não informado;108,0;3,4
PC004192;08/10/2026;3;12,0;8204,23;🟡 Planejado;D;Não informado;103,0;3,6
PC004192;12/11/2026;4;12,0;8120,79;🟡 Planejado;D;Não informado;103,0;3,6
PC004192;19/12/2026;5;12,0;8092,38;🟡 Planejado;D;Não informado;105,0;3,5
PC004192;25/01/2027;6;11,0;7795,67;🟡 Planejado;D;Não informado;108,0;3,4
PC002517;01/08/2026;1;15,0;11405,88;🚨 Urgente (até 7 dias);D;Não informado;120,0;3,0
PC002517;05/09/2026;2;11,0;7994,44;🟡 Planejado;D;Não informado;118,0;3,1
PC002517;10/10/2026;3;11,0;7972,6;🟡 Planejado;D;Não informado;117,0;3,1
PC002517;14/11/2026;4;11,0;7957,63;🟡 Planejado;D;Não informado;117,0;3,1
PC002517;19/12/2026;5;11,0;7948,41;🟡 Planejado;D;Não informado;117,0;3,1
PC002517;23/01/2027;6;11,0;7943,05;🟡 Planejado;D;Não informado;117,0;3,1
PC000843;12/08/2026;1;21,0;13499,72;🔴 Prioritário (até 30 dias);D;Não informado;59,0;6,2
PC000843;08/11/2026;4;11,0;7025,15;🟡 Planejado;D;Não informado;113,0;3,2
PC000843;11/12/2026;5;11,0;7271,84;🟡 Planejado;D;Não informado;109,0;3,4
PC000843;18/01/2027;6;11,0;7190,31;🟡 Planejado;D;Não informado;112,0;3,2
PC009621;01/08/2026;1;24,0;11864,68;🚨 Urgente (até 7 dias);D;Não informado;73,0;5,0
PC009621;05/09/2026;2;17,0;8147,0;🟡 Planejado;D;Não informado;73,0;5,0
PC009621;10/10/2026;3;17,0;8147,23;🟡 Planejado;D;Não informado;73,0;5,0
PC009621;14/11/2026;4;17,0;8147,4;🟡 Planejado;D;Não informado;73,0;5,0
PC009621;19/12/2026;5;17,0;8147,53;🟡 Planejado;D;Não informado;73,0;5,0
PC009621;23/01/2027;6;17,0;8147,64;🟡 Planejado;D;Não informado;73,0;5,0
PC006048;01/08/2026;1;22,0;17712,54;🚨 Urgente (até 7 dias);D;Não informado;71,0;5,1
PC006048;10/10/2026;3;10,0;7922,47;🟡 Planejado;D;Não informado;123,0;3,0
PC006048;18/11/2026;4;9,0;7397,12;🟡 Planejado;D;Não informado;132,0;2,8
PC006048;26/12/2026;5;9,0;7163,35;🟡 Planejado;D;Não informado;137,0;2,7
PC006048;27/01/2027;6;10,0;7535,8;🟡 Planejado;D;Não informado;131,0;2,8
PC001760;24/08/2026;1;23,0;9195,45;🔴 Prioritário (até 30 dias);D;Não informado;54,0;6,8
PC001760;27/09/2026;2;24,0;9479,37;🟡 Planejado;D;Não informado;52,0;7,0
PC001760;02/11/2026;4;24,0;9587,58;🟡 Planejado;D;Não informado;52,0;7,0
PC001760;07/12/2026;5;24,0;9680,77;🟡 Planejado;D;Não informado;51,0;7,1
PC001760;11/01/2027;6;25,0;9847,42;🟡 Planejado;D;Não informado;50,0;7,2
PC000938;15/09/2026;2;61,0;7917,6;🟡 Planejado;D;Não informado;20,0;18,2
PC000938;21/10/2026;3;63,0;8109,1;🟡 Planejado;D;Não informado;20,0;18,2
PC000938;26/11/2026;4;63,0;8109,1;🟡 Planejado;D;Não informado;20,0;18,2
PC000938;01/01/2027;6;63,0;8109,1;🟡 Planejado;D;Não informado;20,0;18,2
PC009184;08/09/2026;2;28,0;8983,06;🟡 Planejado;D;Não informado;44,0;8,2
PC009184;12/10/2026;3;29,0;9187,85;🟡 Planejado;D;Não informado;43,0;8,5
PC009184;18/11/2026;4;28,0;8874,22;🟡 Planejado;D;Não informado;44,0;8,3
PC009184;18/12/2026;5;30,0;9640,15;🟡 Planejado;D;Não informado;41,0;9,0
PC009184;22/01/2027;6;31,0;9709,65;🟡 Planejado;D;Não informado;40,0;9,0
PC005131;22/09/2026;2;19,0;7452,66;🟡 Planejado;D;Não informado;65,0;5,6
PC005131;27/10/2026;3;19,0;7352,88;🟡 Planejado;D;Não informado;65,0;5,6
PC005131;01/12/2026;5;19,0;7356,89;🟡 Planejado;D;Não informado;65,0;5,6
PC005131;05/01/2027;6;19,0;7354,34;🟡 Planejado;D;Não informado;65,0;5,6
PC005459;01/08/2026;1;11,0;12389,76;🚨 Urgente (até 7 dias);D;Não informado;174,0;2,1
PC005459;02/09/2026;2;8,0;8642,53;🟡 Planejado;D;Não informado;159,0;2,3
PC005459;08/10/2026;3;8,0;8460,84;🟡 Planejado;D;Não informado;161,0;2,3
PC005459;09/11/2026;4;8,0;9011,72;🟡 Planejado;D;Não informado;151,0;2,4
PC005459;13/12/2026;5;8,0;9085,62;🟡 Planejado;D;Não informado;148,0;2,5
PC005459;18/01/2027;6;8,0;9155,77;🟡 Planejado;D;Não informado;149,0;2,5
PC005651;08/08/2026;1;9,0;8800,96;🔴 Prioritário (até 30 dias);D;Não informado;140,0;2,6
PC005651;10/09/2026;2;9,0;9324,99;🟡 Planejado;D;Não informado;133,0;2,7
PC005651;15/10/2026;3;9,0;9370,87;🟡 Planejado;D;Não informado;132,0;2,8
PC005651;18/11/2026;4;10,0;9556,74;🟡 Planejado;D;Não informado;130,0;2,8
PC005651;23/12/2026;5;10,0;9624,22;🟡 Planejado;D;Não informado;129,0;2,8
PC005651;24/01/2027;6;10,0;10198,63;🟡 Planejado;D;Não informado;122,0;3,0
PC009376;01/08/2026;1;33,0;11528,34;🚨 Urgente (até 7 dias);D;Não informado;45,0;8,2
PC009376;28/10/2026;3;12,0;4393,69;🟡 Planejado;D;Não informado;100,0;3,6
PC009376;28/11/2026;4;13,0;4677,35;🟡 Planejado;D;Não informado;94,0;3,9
PC009376;29/12/2026;6;14,0;4978,48;🟡 Planejado;D;Não informado;88,0;4,2
PC008448;01/08/2026;1;13,0;13865,84;🚨 Urgente (até 7 dias);D;Não informado;146,0;2,5
PC008448;07/09/2026;2;8,0;8691,63;🟡 Planejado;D;Não informado;150,0;2,4
PC008448;10/10/2026;3;9,0;8943,57;🟡 Planejado;D;Não informado;144,0;2,5
PC008448;12/11/2026;4;9,0;9324,13;🟡 Planejado;D;Não informado;138,0;2,6
PC008448;16/12/2026;5;9,0;9432,02;🟡 Planejado;D;Não informado;136,0;2,7
PC008448;20/01/2027;6;9,0;9738,09;🟡 Planejado;D;Não informado;134,0;2,7
PC005120;19/09/2026;2;9,0;7326,3;🟡 Planejado;D;Não informado;141,0;2,6
PC005120;27/10/2026;3;8,0;6953,88;🟡 Planejado;D;Não informado;147,0;2,5
PC005120;01/12/2026;5;8,0;6932,17;🟡 Planejado;D;Não informado;149,0;2,5
PC005120;04/01/2027;6;9,0;7080,94;🟡 Planejado;D;Não informado;145,0;2,5
PC008000;01/08/2026;1;23,0;10957,36;🚨 Urgente (até 7 dias);D;Não informado;72,0;5,1
PC008000;07/09/2026;2;17,0;7961,1;🟡 Planejado;D;Não informado;75,0;4,9
PC008000;10/10/2026;3;17,0;8341,68;🟡 Planejado;D;Não informado;71,0;5,1
PC008000;10/11/2026;4;19,0;8879,29;🟡 Planejado;D;Não informado;66,0;5,5
PC008000;14/12/2026;5;19,0;9065,48;🟡 Planejado;D;Não informado;65,0;5,6
PC008000;12/01/2027;6;21,0;10160,3;🟡 Planejado;D;Não informado;58,0;6,3
PC008682;15/08/2026;1;13,0;11286,85;🔴 Prioritário (até 30 dias);D;Não informado;96,0;3,8
PC008682;06/11/2026;4;7,0;6480,71;🟡 Planejado;D;Não informado;166,0;2,2
PC008682;12/12/2026;5;7,0;6524,17;🟡 Planejado;D;Não informado;168,0;2,2
PC008682;16/01/2027;6;7,0;6573,58;🟡 Planejado;D;Não informado;166,0;2,2
PC008851;25/09/2026;2;24,0;8018,46;🟡 Planejado;D;Não informado;53,0;6,9
PC008851;27/10/2026;3;25,0;8389,83;🟡 Planejado;D;Não informado;50,0;7,3
PC008851;03/12/2026;5;25,0;8404,03;🟡 Planejado;D;Não informado;51,0;7,2
PC008851;07/01/2027;6;25,0;8598,14;🟡 Planejado;D;Não informado;50,0;7,3
PC006122;01/08/2026;1;29,0;19019,73;🚨 Urgente (até 7 dias);D;Não informado;72,0;5,1
PC006122;24/10/2026;3;9,0;5881,09;🟡 Planejado;D;Não informado;140,0;2,6
PC006122;03/12/2026;5;9,0;6098,61;🟡 Planejado;D;Não informado;136,0;2,7
PC006122;21/01/2027;6;7,0;4655,96;🟡 Planejado;D;Não informado;174,0;2,1
PC008554;01/08/2026;1;12,0;9021,39;🚨 Urgente (até 7 dias);D;Não informado;119,0;3,1
PC008554;05/09/2026;2;10,0;7598,07;🟡 Planejado;D;Não informado;118,0;3,1
PC008554;10/10/2026;3;10,0;7558,71;🟡 Planejado;D;Não informado;118,0;3,1
PC008554;14/11/2026;4;10,0;7551,44;🟡 Planejado;D;Não informado;118,0;3,1
PC008554;19/12/2026;5;10,0;7550,11;🟡 Planejado;D;Não informado;118,0;3,1
PC008554;23/01/2027;6;10,0;7549,87;🟡 Planejado;D;Não informado;118,0;3,1
PC009056;01/08/2026;1;12,0;9307,22;🚨 Urgente (até 7 dias);D;Não informado;130,0;2,8
PC009056;06/09/2026;2;9,0;6943,64;🟡 Planejado;D;Não informado;132,0;2,8
PC009056;11/10/2026;3;10,0;7139,23;🟡 Planejado;D;Não informado;131,0;2,8
PC009056;15/11/2026;4;10,0;7303,56;🟡 Planejado;D;Não informado;128,0;2,8
PC009056;21/12/2026;5;9,0;7044,94;🟡 Planejado;D;Não informado;130,0;2,8
PC009056;22/01/2027;6;10,0;7513,05;🟡 Planejado;D;Não informado;123,0;3,0
PC005013;01/08/2026;1;12,0;12815,37;🚨 Urgente (até 7 dias);D;Não informado;156,0;2,3
PC005013;06/09/2026;2;8,0;8442,53;🟡 Planejado;D;Não informado;157,0;2,3
PC005013;10/10/2026;3;8,0;8506,62;🟡 Planejado;D;Não informado;154,0;2,4
PC005013;13/11/2026;4;8,0;8910,24;🟡 Planejado;D;Não informado;149,0;2,4
PC005013;17/12/2026;5;8,0;9011,96;🟡 Planejado;D;Não informado;146,0;2,5
PC005013;20/01/2027;6;9,0;9356,22;🟡 Planejado;D;Não informado;142,0;2,6
PC009984;21/08/2026;1;16,0;6255,2;🔴 Prioritário (até 30 dias);D;Não informado;79,0;4,6
PC009984;26/09/2026;2;15,0;6142,89;🟡 Planejado;D;Não informado;80,0;4,6
PC009984;01/11/2026;4;15,0;6016,71;🟡 Planejado;D;Não informado;82,0;4,5
PC009984;05/12/2026;5;16,0;6316,09;🟡 Planejado;D;Não informado;79,0;4,6
PC009984;10/01/2027;6;15,0;6146,1;🟡 Planejado;D;Não informado;80,0;4,6
PC007104;08/08/2026;1;112,0;10348,99;🔴 Prioritário (até 30 dias);D;Não informado;11,0;33,1
PC007104;31/10/2026;4;61,0;5601,9;🟡 Planejado;D;Não informado;21,0;17,8
PC007104;06/12/2026;5;59,0;5458,87;🟡 Planejado;D;Não informado;21,0;17,5
PC007104;11/01/2027;6;60,0;5565,24;🟡 Planejado;D;Não informado;21,0;17,5
PC002496;29/08/2026;1;9,0;7584,44;🔴 Prioritário (até 30 dias);D;Não informado;133,0;2,7
PC002496;04/10/2026;3;9,0;7678,81;🟡 Planejado;D;Não informado;134,0;2,7
PC002496;09/11/2026;4;9,0;7697,42;🟡 Planejado;D;Não informado;134,0;2,7
PC002496;15/12/2026;5;9,0;7697,52;🟡 Planejado;D;Não informado;134,0;2,7
PC002496;20/01/2027;6;9,0;7697,53;🟡 Planejado;D;Não informado;134,0;2,7
PC004363;07/08/2026;1;9,0;7974,72;🚨 Urgente (até 7 dias);D;Não informado;147,0;2,5
PC004363;09/09/2026;2;9,0;8328,07;🟡 Planejado;D;Não informado;139,0;2,6
PC004363;19/10/2026;3;8,0;7673,13;🟡 Planejado;D;Não informado;150,0;2,4
PC004363;15/11/2026;4;9,0;8695,74;🟡 Planejado;D;Não informado;132,0;2,8
PC004363;21/12/2026;5;10,0;8855,26;🟡 Planejado;D;Não informado;132,0;2,8
PC004363;25/01/2027;6;9,0;8807,13;🟡 Planejado;D;Não informado;131,0;2,8
PC004555;01/08/2026;1;21,0;18118,17;🚨 Urgente (até 7 dias);D;Não informado;96,0;3,8
PC004555;15/10/2026;3;7,0;6091,51;🟡 Planejado;D;Não informado;179,0;2,0
PC004555;18/11/2026;4;7,0;6150,44;🟡 Planejado;D;Não informado;175,0;2,1
PC004555;24/12/2026;5;7,0;6129,59;🟡 Planejado;D;Não informado;177,0;2,1
PC004555;25/01/2027;6;7,0;6425,49;🟡 Planejado;D;Não informado;168,0;2,2
PC002666;07/08/2026;1;27,0;25764,0;🚨 Urgente (até 7 dias);D;Não informado;46,0;8,0
PC002666;12/09/2026;2;27,0;26076,07;🟡 Planejado;D;Não informado;46,0;8,0
PC002666;18/10/2026;3;27,0;25939,19;🟡 Planejado;D;Não informado;46,0;7,9
PC002666;23/11/2026;4;27,0;25803,09;🟡 Planejado;D;Não informado;46,0;7,9
PC002666;29/12/2026;6;27,0;25422,25;🟡 Planejado;D;Não informado;47,0;7,8
PC001493;01/08/2026;1;20,0;10665,3;🚨 Urgente (até 7 dias);D;Não informado;93,0;3,9
PC001493;06/09/2026;2;14,0;7372,55;🟡 Planejado;D;Não informado;93,0;3,9
PC001493;12/10/2026;3;14,0;7372,55;🟡 Planejado;D;Não informado;93,0;3,9
PC001493;17/11/2026;4;14,0;7372,55;🟡 Planejado;D;Não informado;93,0;3,9
PC001493;23/12/2026;5;14,0;7372,55;🟡 Planejado;D;Não informado;93,0;3,9
PC006464;01/08/2026;1;21,0;7682,11;🚨 Urgente (até 7 dias);D;Não informado;76,0;4,8
PC006464;06/09/2026;2;16,0;6003,51;🟡 Planejado;D;Não informado;77,0;4,8
PC006464;10/10/2026;3;17,0;6092,35;🟡 Planejado;D;Não informado;75,0;4,9
PC006464;14/11/2026;4;17,0;6184,35;🟡 Planejado;D;Não informado;74,0;4,9
PC006464;17/12/2026;5;18,0;6469,31;🟡 Planejado;D;Não informado;71,0;5,1
PC006464;22/01/2027;6;17,0;6304,84;🟡 Planejado;D;Não informado;72,0;5,1
PC009939;01/08/2026;1;150,0;48357,88;🚨 Urgente (até 7 dias);D;Não informado;16,0;22,4
PC009939;06/09/2026;2;77,0;24890,62;🟡 Planejado;D;Não informado;16,0;22,4
PC009939;12/10/2026;3;77,0;24890,62;🟡 Planejado;D;Não informado;16,0;22,4
PC009939;17/11/2026;4;77,0;24890,62;🟡 Planejado;D;Não informado;16,0;22,4
PC009939;23/12/2026;5;77,0;24890,62;🟡 Planejado;D;Não informado;16,0;22,4
PC000779;20/09/2026;2;15,0;7442,58;🟡 Planejado;D;Não informado;84,0;4,4
PC000779;26/10/2026;3;15,0;7604,14;🟡 Planejado;D;Não informado;84,0;4,4
PC000779;01/12/2026;5;15,0;7604,15;🟡 Planejado;D;Não informado;84,0;4,4
PC000779;06/01/2027;6;15,0;7604,15;🟡 Planejado;D;Não informado;84,0;4,4
PC000851;07/09/2026;2;18,0;7247,06;🟡 Planejado;D;Não informado;68,0;5,4
PC000851;12/10/2026;3;18,0;7257,53;🟡 Planejado;D;Não informado;68,0;5,4
PC000851;18/11/2026;4;18,0;7224,33;🟡 Planejado;D;Não informado;69,0;5,3
PC000851;18/12/2026;5;20,0;7951,84;🟡 Planejado;D;Não informado;63,0;5,8
PC000851;23/01/2027;6;20,0;7932,89;🟡 Planejado;D;Não informado;63,0;5,8
PC005835;28/09/2026;2;11,0;6270,36;🟡 Planejado;D;Não informado;115,0;3,2
PC005835;02/11/2026;4;11,0;6220,07;🟡 Planejado;D;Não informado;114,0;3,2
PC005835;07/12/2026;5;11,0;6198,26;🟡 Planejado;D;Não informado;114,0;3,2
PC005835;11/01/2027;6;11,0;6197,99;🟡 Planejado;D;Não informado;114,0;3,2
PC007264;13/08/2026;1;109,0;21204,03;🔴 Prioritário (até 30 dias);D;Não informado;11,0;32,3
PC007264;18/09/2026;2;112,0;21757,1;🟡 Planejado;D;Não informado;11,0;32,3
PC007264;24/10/2026;3;112,0;21757,1;🟡 Planejado;D;Não informado;11,0;32,3
PC007264;29/11/2026;5;112,0;21757,1;🟡 Planejado;D;Não informado;11,0;32,3
PC007264;04/01/2027;6;112,0;21757,1;🟡 Planejado;D;Não informado;11,0;32,3
PC009107;01/08/2026;1;21,0;18326,29;🚨 Urgente (até 7 dias);D;Não informado;91,0;4,0
PC009107;19/10/2026;3;7,0;6055,88;🟡 Planejado;D;Não informado;179,0;2,0
PC009107;25/11/2026;4;7,0;5798,0;🟡 Planejado;D;Não informado;184,0;2,0
PC009107;25/12/2026;5;7,0;6320,45;🟡 Planejado;D;Não informado;169,0;2,2
PC009107;26/01/2027;6;8,0;6678,07;🟡 Planejado;D;Não informado;161,0;2,3
PC007051;01/08/2026;1;69,0;12535,59;🚨 Urgente (até 7 dias);D;Não informado;20,0;18,4
PC007051;21/10/2026;3;31,0;5643,19;🟡 Planejado;D;Não informado;40,0;9,2
PC007051;26/11/2026;4;31,0;5704,9;🟡 Planejado;D;Não informado;40,0;9,2
PC007051;30/12/2026;6;31,0;5675,49;🟡 Planejado;D;Não informado;39,0;9,3
PC006752;01/08/2026;1;14,0;10864,19;🚨 Urgente (até 7 dias);D;Não informado;118,0;3,1
PC006752;05/09/2026;2;11,0;8419,13;🟡 Planejado;D;Não informado;117,0;3,1
PC006752;10/10/2026;3;11,0;8369,24;🟡 Planejado;D;Não informado;117,0;3,1
PC006752;14/11/2026;4;10,0;8362,51;🟡 Planejado;D;Não informado;117,0;3,1
PC006752;19/12/2026;5;10,0;8361,62;🟡 Planejado;D;Não informado;117,0;3,1
PC006752;23/01/2027;6;10,0;8361,5;🟡 Planejado;D;Não informado;117,0;3,1
PC008019;04/08/2026;1;51,0;6947,0;🚨 Urgente (até 7 dias);D;Não informado;24,0;15,0
PC008019;09/09/2026;2;51,0;7035,86;🟡 Planejado;D;Não informado;24,0;14,9
PC008019;15/10/2026;3;51,0;7058,85;🟡 Planejado;D;Não informado;24,0;14,9
PC008019;20/11/2026;4;52,0;7064,82;🟡 Planejado;D;Não informado;24,0;14,9
PC008019;26/12/2026;5;52,0;7066,34;🟡 Planejado;D;Não informado;24,0;14,9
PC008341;08/08/2026;1;15,0;11295,31;🔴 Prioritário (até 30 dias);D;Não informado;87,0;4,2
PC008341;03/11/2026;4;7,0;5545,29;🟡 Planejado;D;Não informado;173,0;2,1
PC008341;11/12/2026;5;7,0;5321,71;🟡 Planejado;D;Não informado;181,0;2,0
PC008341;10/01/2027;6;8,0;5843,95;🟡 Planejado;D;Não informado;165,0;2,2
PC003539;08/10/2026;3;7,0;6989,56;🟡 Planejado;D;Não informado;169,0;2,2
PC003539;11/11/2026;4;7,0;6962,43;🟡 Planejado;D;Não informado;165,0;2,2
PC003539;20/12/2026;5;7,0;6624,68;🟡 Planejado;D;Não informado;176,0;2,1
PC003539;24/01/2027;6;7,0;6554,83;🟡 Planejado;D;Não informado;175,0;2,1
PC006741;31/08/2026;2;11,0;5768,85;🟡 Planejado;D;Não informado;121,0;3,0
PC006741;04/10/2026;3;11,0;5453,91;🟡 Planejado;D;Não informado;118,0;3,1
PC006741;09/11/2026;4;10,0;5300,63;🟡 Planejado;D;Não informado;120,0;3,0
PC006741;13/12/2026;5;11,0;5609,67;🟡 Planejado;D;Não informado;116,0;3,1
PC006741;15/01/2027;6;11,0;5922,86;🟡 Planejado;D;Não informado;110,0;3,3
PC001728;18/08/2026;1;26,0;9493,89;🔴 Prioritário (até 30 dias);D;Não informado;48,0;7,7
PC001728;24/11/2026;4;12,0;4454,32;🟡 Planejado;D;Não informado;102,0;3,6
PC001728;28/12/2026;5;12,0;4442,86;🟡 Planejado;D;Não informado;100,0;3,7
PC001728;24/01/2027;6;14,0;5144,99;🟡 Planejado;D;Não informado;88,0;4,1
PC006560;30/08/2026;1;8,0;7445,63;🔴 Prioritário (até 30 dias);D;Não informado;152,0;2,4
PC006560;04/10/2026;3;8,0;7355,96;🟡 Planejado;D;Não informado;152,0;2,4
PC006560;08/11/2026;4;8,0;7355,96;🟡 Planejado;D;Não informado;152,0;2,4
PC006560;13/12/2026;5;8,0;7355,96;🟡 Planejado;D;Não informado;152,0;2,4
PC006560;17/01/2027;6;8,0;7355,96;🟡 Planejado;D;Não informado;152,0;2,4
PC006027;20/08/2026;1;69,0;9578,8;🔴 Prioritário (até 30 dias);D;Não informado;18,0;20,4
PC006027;17/11/2026;4;38,0;5233,13;🟡 Planejado;D;Não informado;33,0;11,1
PC006027;19/12/2026;5;40,0;5604,71;🟡 Planejado;D;Não informado;31,0;11,8
PC006027;17/01/2027;6;45,0;6213,35;🟡 Planejado;D;Não informado;28,0;13,1
PC007424;17/09/2026;2;16,0;8544,9;🟡 Planejado;D;Não informado;77,0;4,7
PC007424;19/10/2026;3;17,0;9163,89;🟡 Planejado;D;Não informado;72,0;5,0
PC007424;27/11/2026;4;16,0;8663,66;🟡 Planejado;D;Não informado;76,0;4,8
PC007424;01/01/2027;6;17,0;8849,48;🟡 Planejado;D;Não informado;75,0;4,9
PC009568;01/08/2026;1;15,0;12539,01;🚨 Urgente (até 7 dias);D;Não informado;87,0;4,2
PC009568;10/10/2026;3;8,0;7134,79;🟡 Planejado;D;Não informado;151,0;2,4
PC009568;15/11/2026;4;8,0;6955,83;🟡 Planejado;D;Não informado;153,0;2,4
PC009568;21/12/2026;5;8,0;6873,97;🟡 Planejado;D;Não informado;155,0;2,4
PC009568;25/01/2027;6;8,0;6945,19;🟡 Planejado;D;Não informado;154,0;2,4
PC005248;01/08/2026;1;48,0;48980,59;🚨 Urgente (até 7 dias);D;Não informado;53,0;6,8
PC005248;06/09/2026;2;24,0;24173,69;🟡 Planejado;D;Não informado;53,0;6,8
PC005248;12/10/2026;3;24,0;24173,69;🟡 Planejado;D;Não informado;53,0;6,8
PC005248;17/11/2026;4;24,0;24173,69;🟡 Planejado;D;Não informado;53,0;6,8
PC005248;23/12/2026;5;24,0;24173,69;🟡 Planejado;D;Não informado;53,0;6,8
PC009237;29/08/2026;1;7,0;6718,29;🔴 Prioritário (até 30 dias);D;Não informado;171,0;2,1
PC009237;29/09/2026;2;8,0;7144,11;🟡 Planejado;D;Não informado;160,0;2,3
PC009237;01/11/2026;4;8,0;7593,79;🟡 Planejado;D;Não informado;150,0;2,4
PC009237;03/12/2026;5;9,0;8378,35;🟡 Planejado;D;Não informado;138,0;2,6
PC009237;08/01/2027;6;9,0;8266,51;🟡 Planejado;D;Não informado;139,0;2,6
PC000723;01/08/2026;1;29,0;17991,21;🚨 Urgente (até 7 dias);D;Não informado;74,0;4,9
PC000723;18/10/2026;3;9,0;5502,48;🟡 Planejado;D;Não informado;141,0;2,6
PC000723;23/11/2026;4;9,0;5468,69;🟡 Planejado;D;Não informado;142,0;2,6
PC000723;29/12/2026;6;9,0;5680,12;🟡 Planejado;D;Não informado;139,0;2,6
PC008170;22/08/2026;1;11,0;10213,72;🔴 Prioritário (até 30 dias);D;Não informado;114,0;3,2
PC008170;23/11/2026;4;6,0;5408,34;🟡 Planejado;D;Não informado;218,0;1,7
PC008170;18/12/2026;5;7,0;6447,88;🟡 Planejado;D;Não informado;184,0;2,0
PC008170;25/01/2027;6;7,0;6246,86;🟡 Planejado;D;Não informado;190,0;1,9
PC002891;16/09/2026;2;47,0;7396,99;🟡 Planejado;D;Não informado;26,0;13,9
PC002891;21/10/2026;3;47,0;7339,41;🟡 Planejado;D;Não informado;26,0;13,9
PC002891;25/11/2026;4;47,0;7348,29;🟡 Planejado;D;Não informado;26,0;13,9
PC002891;30/12/2026;6;47,0;7372,89;🟡 Planejado;D;Não informado;26,0;14,0
PC000320;01/08/2026;1;11,0;11419,02;🚨 Urgente (até 7 dias);D;Não informado;172,0;2,1
PC000320;06/09/2026;2;7,0;7221,23;🟡 Planejado;D;Não informado;173,0;2,1
PC000320;11/10/2026;3;7,0;7323,89;🟡 Planejado;D;Não informado;171,0;2,1
PC000320;16/11/2026;4;7,0;7210,73;🟡 Planejado;D;Não informado;172,0;2,1
PC000320;19/12/2026;5;7,0;7458,86;🟡 Planejado;D;Não informado;166,0;2,2
PC000320;27/01/2027;6;7,0;7154,7;🟡 Planejado;D;Não informado;174,0;2,1
PC005354;25/08/2026;1;12,0;6463,05;🔴 Prioritário (até 30 dias);D;Não informado;107,0;3,4
PC005354;29/09/2026;2;12,0;6417,96;🟡 Planejado;D;Não informado;107,0;3,4
PC005354;03/11/2026;4;12,0;6466,48;🟡 Planejado;D;Não informado;106,0;3,4
PC005354;08/12/2026;5;12,0;6434,73;🟡 Planejado;D;Não informado;106,0;3,4
PC005354;12/01/2027;6;12,0;6442,63;🟡 Planejado;D;Não informado;106,0;3,4
PC004437;28/09/2026;2;15,0;7928,72;🟡 Planejado;D;Não informado;86,0;4,2
PC004437;02/11/2026;4;15,0;8007,45;🟡 Planejado;D;Não informado;85,0;4,3
PC004437;08/12/2026;5;14,0;7866,24;🟡 Planejado;D;Não informado;86,0;4,2
PC004437;10/01/2027;6;15,0;8343,15;🟡 Planejado;D;Não informado;82,0;4,5
PC003339;01/08/2026;1;31,0;21745,89;🚨 Urgente (até 7 dias);D;Não informado;41,0;8,8
PC003339;06/09/2026;2;30,0;21172,96;🟡 Planejado;D;Não informado;41,0;8,8
PC003339;12/10/2026;3;30,0;21167,58;🟡 Planejado;D;Não informado;41,0;8,8
PC003339;17/11/2026;4;30,0;21163,47;🟡 Planejado;D;Não informado;41,0;8,8
PC003339;23/12/2026;5;30,0;21160,35;🟡 Planejado;D;Não informado;41,0;8,8
PC006293;01/08/2026;1;159,0;64536,05;🚨 Urgente (até 7 dias);D;Não informado;13,0;27,9
PC006293;05/09/2026;2;94,0;37920,65;🟡 Planejado;D;Não informado;13,0;27,9
PC006293;10/10/2026;3;94,0;37920,65;🟡 Planejado;D;Não informado;13,0;27,9
PC006293;14/11/2026;4;94,0;37920,65;🟡 Planejado;D;Não informado;13,0;27,9
PC006293;19/12/2026;5;94,0;37920,65;🟡 Planejado;D;Não informado;13,0;27,9
PC006293;23/01/2027;6;94,0;37920,65;🟡 Planejado;D;Não informado;13,0;27,9
PC003882;08/08/2026;1;35,0;6942,9;🔴 Prioritário (até 30 dias);D;Não informado;35,0;10,4
PC003882;11/09/2026;2;36,0;7105,07;🟡 Planejado;D;Não informado;34,0;10,7
PC003882;15/10/2026;3;37,0;7305,43;🟡 Planejado;D;Não informado;33,0;10,9
PC003882;19/11/2026;4;38,0;7548,87;🟡 Planejado;D;Não informado;33,0;11,1
PC003882;27/12/2026;5;36,0;7073,97;🟡 Planejado;D;Não informado;34,0;10,6
PC004288;19/08/2026;1;7,0;6758,27;🔴 Prioritário (até 30 dias);D;Não informado;170,0;2,1
PC004288;23/09/2026;2;7,0;6740,05;🟡 Planejado;D;Não informado;169,0;2,2
PC004288;28/10/2026;3;7,0;6762,51;🟡 Planejado;D;Não informado;168,0;2,2
PC004288;02/12/2026;5;7,0;6826,85;🟡 Planejado;D;Não informado;167,0;2,2
PC004288;06/01/2027;6;7,0;6785,35;🟡 Planejado;D;Não informado;167,0;2,2
PC001163;01/08/2026;1;11,0;10181,62;🚨 Urgente (até 7 dias);D;Não informado;175,0;2,1
PC001163;05/09/2026;2;7,0;6429,0;🟡 Planejado;D;Não informado;174,0;2,1
PC001163;11/10/2026;3;7,0;6568,26;🟡 Planejado;D;Não informado;174,0;2,1
PC001163;15/11/2026;4;7,0;6388,73;🟡 Planejado;D;Não informado;174,0;2,1
PC001163;21/12/2026;5;7,0;6571,05;🟡 Planejado;D;Não informado;174,0;2,1
PC001163;25/01/2027;6;7,0;6388,53;🟡 Planejado;D;Não informado;174,0;2,1
PC004117;01/08/2026;1;54,0;38489,9;🚨 Urgente (até 7 dias);D;Não informado;45,0;8,2
PC004117;06/09/2026;2;28,0;19905,3;🟡 Planejado;D;Não informado;45,0;8,2
PC004117;12/10/2026;3;28,0;19905,3;🟡 Planejado;D;Não informado;45,0;8,2
PC004117;17/11/2026;4;28,0;19905,3;🟡 Planejado;D;Não informado;45,0;8,2
PC004117;23/12/2026;5;28,0;19905,3;🟡 Planejado;D;Não informado;45,0;8,2
PC006624;17/08/2026;1;8,0;7883,38;🔴 Prioritário (até 30 dias);D;Não informado;152,0;2,4
PC006624;21/09/2026;2;8,0;7804,79;🟡 Planejado;D;Não informado;151,0;2,4
PC006624;26/10/2026;3;8,0;7816,94;🟡 Planejado;D;Não informado;151,0;2,4
PC006624;30/11/2026;5;8,0;7850,6;🟡 Planejado;D;Não informado;151,0;2,4
PC006624;04/01/2027;6;8,0;7829,53;🟡 Planejado;D;Não informado;150,0;2,4
PC004800;01/08/2026;1;23,0;15234,79;🚨 Urgente (até 7 dias);D;Não informado;72,0;5,1
PC004800;15/10/2026;3;9,0;6151,78;🟡 Planejado;D;Não informado;133,0;2,7
PC004800;18/11/2026;4;9,0;6309,17;🟡 Planejado;D;Não informado;130,0;2,8
PC004800;27/12/2026;5;9,0;5995,09;🟡 Planejado;D;Não informado;138,0;2,7
PC004800;21/01/2027;6;11,0;7053,76;🟡 Planejado;D;Não informado;118,0;3,1
PC005451;05/09/2026;2;14,0;6146,68;🟡 Planejado;D;Não informado;88,0;4,1
PC005451;10/10/2026;3;14,0;6113,4;🟡 Planejado;D;Não informado;88,0;4,1
PC005451;14/11/2026;4;14,0;6110,08;🟡 Planejado;D;Não informado;88,0;4,1
PC005451;19/12/2026;5;14,0;6109,58;🟡 Planejado;D;Não informado;88,0;4,1
PC005451;23/01/2027;6;14,0;6109,51;🟡 Planejado;D;Não informado;88,0;4,1
PC001749;29/08/2026;1;14,0;6798,76;🔴 Prioritário (até 30 dias);D;Não informado;88,0;4,1
PC001749;03/10/2026;3;14,0;6637,81;🟡 Planejado;D;Não informado;88,0;4,1
PC001749;07/11/2026;4;14,0;6620,65;🟡 Planejado;D;Não informado;88,0;4,1
PC001749;13/12/2026;5;14,0;6809,8;🟡 Planejado;D;Não informado;88,0;4,1
PC001749;17/01/2027;6;14,0;6620,64;🟡 Planejado;D;Não informado;88,0;4,1
PC006675;01/08/2026;1;26,0;17217,98;🚨 Urgente (até 7 dias);D;Não informado;72,0;5,1
PC006675;16/10/2026;3;9,0;6010,44;🟡 Planejado;D;Não informado;136,0;2,7
PC006675;25/11/2026;4;9,0;5697,68;🟡 Planejado;D;Não informado;145,0;2,5
PC006675;25/12/2026;5;9,0;6032,68;🟡 Planejado;D;Não informado;135,0;2,7
PC006227;01/08/2026;1;20,0;9716,97;🚨 Urgente (até 7 dias);D;Não informado;105,0;3,5
PC006227;05/09/2026;2;12,0;5572,34;🟡 Planejado;D;Não informado;105,0;3,5
PC006227;11/10/2026;3;12,0;5730,24;🟡 Planejado;D;Não informado;105,0;3,5
PC006227;15/11/2026;4;12,0;5571,16;🟡 Planejado;D;Não informado;105,0;3,5
PC006227;21/12/2026;5;12,0;5730,33;🟡 Planejado;D;Não informado;105,0;3,5
PC006227;25/01/2027;6;12,0;5571,16;🟡 Planejado;D;Não informado;105,0;3,5
PC005067;09/09/2026;2;15,0;5989,94;🟡 Planejado;D;Não informado;84,0;4,4
PC005067;14/10/2026;3;15,0;5856,49;🟡 Planejado;D;Não informado;84,0;4,4
PC005067;18/11/2026;4;15,0;5860,67;🟡 Planejado;D;Não informado;84,0;4,4
PC005067;23/12/2026;5;15,0;5863,85;🟡 Planejado;D;Não informado;84,0;4,4
PC005067;27/01/2027;6;15,0;5866,27;🟡 Planejado;D;Não informado;84,0;4,4
PC009536;10/08/2026;1;7,0;5793,4;🔴 Prioritário (até 30 dias);D;Não informado;172,0;2,1
PC009536;15/09/2026;2;7,0;5799,86;🟡 Planejado;D;Não informado;173,0;2,1
PC009536;18/10/2026;3;7,0;5863,1;🟡 Planejado;D;Não informado;167,0;2,2
PC009536;23/11/2026;4;7,0;5884,82;🟡 Planejado;D;Não informado;169,0;2,2
PC009536;29/12/2026;6;7,0;5831,26;🟡 Planejado;D;Não informado;168,0;2,2
PC004107;08/09/2026;2;15,0;6516,54;🟡 Planejado;D;Não informado;83,0;4,4
PC004107;14/10/2026;3;15,0;6426,05;🟡 Planejado;D;Não informado;84,0;4,3
PC004107;18/11/2026;4;15,0;6550,49;🟡 Planejado;D;Não informado;83,0;4,4
PC004107;24/12/2026;5;15,0;6380,52;🟡 Planejado;D;Não informado;85,0;4,3
PC004821;24/09/2026;2;12,0;5981,84;🟡 Planejado;D;Não informado;103,0;3,5
PC004821;25/10/2026;3;13,0;6477,69;🟡 Planejado;D;Não informado;96,0;3,8
PC004821;28/11/2026;4;13,0;6613,28;🟡 Planejado;D;Não informado;94,0;3,9
PC004821;29/12/2026;6;15,0;7483,66;🟡 Planejado;D;Não informado;85,0;4,3
PC005280;05/08/2026;1;11,0;8304,27;🚨 Urgente (até 7 dias);D;Não informado;111,0;3,3
PC005280;20/10/2026;3;6,0;4572,03;🟡 Planejado;D;Não informado;203,0;1,8
PC005280;26/11/2026;4;6,0;4361,88;🟡 Planejado;D;Não informado;208,0;1,8
PC005280;28/12/2026;5;6,0;4583,94;🟡 Planejado;D;Não informado;199,0;1,8
PC006859;06/08/2026;1;11,0;10617,06;🚨 Urgente (até 7 dias);D;Não informado;107,0;3,4
PC006859;29/10/2026;3;6,0;5671,43;🟡 Planejado;D;Não informado;205,0;1,8
PC006859;10/12/2026;5;5,0;5068,5;🟡 Planejado;D;Não informado;226,0;1,6
PC006859;09/01/2027;6;6,0;5644,66;🟡 Planejado;D;Não informado;204,0;1,8
PC001824;15/08/2026;1;13,0;8103,46;🔴 Prioritário (até 30 dias);D;Não informado;95,0;3,9
PC001824;07/11/2026;4;8,0;4662,33;🟡 Planejado;D;Não informado;165,0;2,2
PC001824;17/12/2026;5;7,0;4322,23;🟡 Planejado;D;Não informado;178,0;2,1
PC001824;20/01/2027;6;7,0;4386,0;🟡 Planejado;D;Não informado;173,0;2,1
PC002067;01/08/2026;1;14,0;7551,11;🚨 Urgente (até 7 dias);D;Não informado;129,0;2,8
PC002067;05/09/2026;2;10,0;5275,4;🟡 Planejado;D;Não informado;129,0;2,8
PC002067;10/10/2026;3;10,0;5326,5;🟡 Planejado;D;Não informado;128,0;2,8
PC002067;15/11/2026;4;10,0;5326,91;🟡 Planejado;D;Não informado;129,0;2,8
PC002067;21/12/2026;5;10,0;5308,83;🟡 Planejado;D;Não informado;130,0;2,8
PC002067;22/01/2027;6;10,0;5511,96;🟡 Planejado;D;Não informado;124,0;2,9
PC005259;03/08/2026;1;11,0;9338,45;🚨 Urgente (até 7 dias);D;Não informado;114,0;3,2
PC005259;18/10/2026;3;6,0;5109,5;🟡 Planejado;D;Não informado;210,0;1,7
PC005259;20/11/2026;4;6,0;5235,05;🟡 Planejado;D;Não informado;202,0;1,8
PC005259;24/12/2026;5;6,0;5479,37;🟡 Planejado;D;Não informado;197,0;1,9
PC005259;27/01/2027;6;6,0;5461,49;🟡 Planejado;D;Não informado;193,0;1,9
PC009696;01/08/2026;1;33,0;9653,59;🚨 Urgente (até 7 dias);D;Não informado;52,0;7,1
PC009696;04/09/2026;2;24,0;7033,77;🟡 Planejado;D;Não informado;51,0;7,2
PC009696;11/10/2026;3;24,0;7006,5;🟡 Planejado;D;Não informado;52,0;7,1
PC009696;12/11/2026;4;26,0;7381,42;🟡 Planejado;D;Não informado;49,0;7,5
PC009696;18/12/2026;5;25,0;7247,17;🟡 Planejado;D;Não informado;49,0;7,4
PC009696;20/01/2027;6;27,0;7697,08;🟡 Planejado;D;Não informado;47,0;7,8
PC007563;01/08/2026;1;35,0;19491,98;🚨 Urgente (até 7 dias);D;Não informado;43,0;8,5
PC007563;06/09/2026;2;29,0;16441,45;🟡 Planejado;D;Não informado;43,0;8,5
PC007563;12/10/2026;3;29,0;16441,45;🟡 Planejado;D;Não informado;43,0;8,5
PC007563;17/11/2026;4;29,0;16441,45;🟡 Planejado;D;Não informado;43,0;8,5
PC007563;23/12/2026;5;29,0;16441,45;🟡 Planejado;D;Não informado;43,0;8,5
PC007957;01/08/2026;1;19,0;6022,84;🚨 Urgente (até 7 dias);D;Não informado;81,0;4,5
PC007957;06/09/2026;2;15,0;4990,95;🟡 Planejado;D;Não informado;81,0;4,5
PC007957;12/10/2026;3;15,0;4990,95;🟡 Planejado;D;Não informado;81,0;4,5
PC007957;17/11/2026;4;15,0;4990,95;🟡 Planejado;D;Não informado;81,0;4,5
PC007957;23/12/2026;5;15,0;4990,95;🟡 Planejado;D;Não informado;81,0;4,5
PC007307;01/08/2026;1;8,0;4915,24;🚨 Urgente (até 7 dias);D;Não informado;194,0;1,9
PC007307;05/09/2026;2;7,0;4180,62;🟡 Planejado;D;Não informado;190,0;1,9
PC007307;07/10/2026;3;7,0;4399,85;🟡 Planejado;D;Não informado;178,0;2,0
PC007307;05/11/2026;4;8,0;4976,16;🟡 Planejado;D;Não informado;157,0;2,3
PC007307;15/12/2026;5;7,0;4699,56;🟡 Planejado;D;Não informado;170,0;2,1
PC007307;12/01/2027;6;8,0;5188,32;🟡 Planejado;D;Não informado;150,0;2,4
PC003904;01/08/2026;1;72,0;14272,32;🚨 Urgente (até 7 dias);D;Não informado;27,0;13,5
PC003904;15/10/2026;3;25,0;4857,04;🟡 Planejado;D;Não informado;51,0;7,2
PC003904;17/11/2026;4;25,0;4973,52;🟡 Planejado;D;Não informado;49,0;7,5
PC003904;24/12/2026;5;25,0;4972,15;🟡 Planejado;D;Não informado;50,0;7,3
PC006528;21/09/2026;2;39,0;5250,33;🟡 Planejado;D;Não informado;31,0;11,6
PC006528;25/10/2026;3;40,0;5429,32;🟡 Planejado;D;Não informado;31,0;11,9
PC006528;29/11/2026;5;43,0;5768,92;🟡 Planejado;D;Não informado;30,0;12,3
PC006528;03/01/2027;6;42,0;5691,2;🟡 Planejado;D;Não informado;29,0;12,4
PC005984;01/08/2026;1;28,0;10017,04;🚨 Urgente (até 7 dias);D;Não informado;63,0;5,8
PC005984;13/09/2026;2;17,0;6155,27;🟡 Planejado;D;Não informado;73,0;5,0
PC005984;14/10/2026;3;18,0;6529,21;🟡 Planejado;D;Não informado;68,0;5,4
PC005984;29/11/2026;5;21,0;7509,68;🟡 Planejado;D;Não informado;68,0;5,4
PC005984;04/01/2027;6;18,0;6460,34;🟡 Planejado;D;Não informado;69,0;5,3
PC002069;31/08/2026;2;11,0;5609,96;🟡 Planejado;D;Não informado;112,0;3,2
PC002069;06/10/2026;3;11,0;5699,52;🟡 Planejado;D;Não informado;112,0;3,2
PC002069;11/11/2026;4;11,0;5700,09;🟡 Planejado;D;Não informado;112,0;3,2
PC002069;17/12/2026;5;11,0;5700,29;🟡 Planejado;D;Não informado;112,0;3,2
PC002069;22/01/2027;6;11,0;5700,36;🟡 Planejado;D;Não informado;112,0;3,2
PC002720;01/08/2026;1;93,0;32099,9;🚨 Urgente (até 7 dias);D;Não informado;23,0;16,0
PC002720;05/09/2026;2;54,0;18425,16;🟡 Planejado;D;Não informado;23,0;16,0
PC002720;10/10/2026;3;54,0;18425,16;🟡 Planejado;D;Não informado;23,0;16,0
PC002720;14/11/2026;4;54,0;18425,16;🟡 Planejado;D;Não informado;23,0;16,0
PC002720;19/12/2026;5;54,0;18425,16;🟡 Planejado;D;Não informado;23,0;16,0
PC002720;23/01/2027;6;54,0;18425,16;🟡 Planejado;D;Não informado;23,0;16,0
PC009728;30/09/2026;3;6,0;5592,38;🟡 Planejado;D;Não informado;206,0;1,8
PC009728;04/11/2026;4;6,0;5488,89;🟡 Planejado;D;Não informado;206,0;1,8
PC009728;09/12/2026;5;6,0;5488,73;🟡 Planejado;D;Não informado;206,0;1,8
PC009728;13/01/2027;6;6,0;5488,72;🟡 Planejado;D;Não informado;206,0;1,8
PC008640;01/08/2026;1;22,0;10914,01;🚨 Urgente (até 7 dias);D;Não informado;67,0;5,5
PC008640;14/10/2026;3;11,0;5253,91;🟡 Planejado;D;Não informado;119,0;3,1
PC008640;17/11/2026;4;11,0;5324,07;🟡 Planejado;D;Não informado;116,0;3,1
PC008640;21/12/2026;5;11,0;5349,35;🟡 Planejado;D;Não informado;114,0;3,2
PC008011;14/09/2026;2;6,0;4783,26;🟡 Planejado;D;Não informado;210,0;1,7
PC008011;18/10/2026;3;6,0;4894,15;🟡 Planejado;D;Não informado;205,0;1,8
PC008011;24/11/2026;4;6,0;4859,08;🟡 Planejado;D;Não informado;208,0;1,8
PC008011;29/12/2026;6;6,0;4878,85;🟡 Planejado;D;Não informado;206,0;1,8
PC005843;01/08/2026;1;91,0;9274,62;🚨 Urgente (até 7 dias);D;Não informado;17,0;21,8
PC005843;15/10/2026;3;39,0;3996,54;🟡 Planejado;D;Não informado;32,0;11,5
PC005843;20/11/2026;4;39,0;4004,14;🟡 Planejado;D;Não informado;32,0;11,5
PC005843;25/12/2026;5;40,0;4100,48;🟡 Planejado;D;Não informado;31,0;11,6
PC004427;01/08/2026;1;11,0;5629,36;🚨 Urgente (até 7 dias);D;Não informado;121,0;3,0
PC004427;03/09/2026;2;11,0;5465,3;🟡 Planejado;D;Não informado;115,0;3,2
PC004427;08/10/2026;3;11,0;5518,48;🟡 Planejado;D;Não informado;115,0;3,2
PC004427;10/11/2026;4;12,0;5891,48;🟡 Planejado;D;Não informado;109,0;3,4
PC004427;12/12/2026;5;12,0;6277,03;🟡 Planejado;D;Não informado;102,0;3,6
PC004427;10/01/2027;6;14,0;7149,73;🟡 Planejado;D;Não informado;90,0;4,1
PC002474;01/08/2026;1;42,0;31749,27;🚨 Urgente (até 7 dias);D;Não informado;46,0;8,0
PC002474;05/09/2026;2;28,0;21078,71;🟡 Planejado;D;Não informado;45,0;8,1
PC002474;11/10/2026;3;27,0;20353,74;🟡 Planejado;D;Não informado;46,0;8,0
PC002474;15/11/2026;4;28,0;20976,05;🟡 Planejado;D;Não informado;45,0;8,1
PC002474;21/12/2026;5;27,0;20455,08;🟡 Planejado;D;Não informado;46,0;8,0
PC002474;25/01/2027;6;28,0;20877,78;🟡 Planejado;D;Não informado;45,0;8,1
PC002005;31/08/2026;2;7,0;5644,16;🟡 Planejado;D;Não informado;177,0;2,1
PC002005;05/10/2026;3;7,0;5587,91;🟡 Planejado;D;Não informado;177,0;2,1
PC002005;09/11/2026;4;7,0;5587,91;🟡 Planejado;D;Não informado;177,0;2,1
PC002005;14/12/2026;5;7,0;5587,91;🟡 Planejado;D;Não informado;177,0;2,1
PC002005;18/01/2027;6;7,0;5587,91;🟡 Planejado;D;Não informado;177,0;2,1
PC000467;01/08/2026;1;23,0;8741,49;🚨 Urgente (até 7 dias);D;Não informado;78,0;4,7
PC000467;06/09/2026;2;16,0;6108,45;🟡 Planejado;D;Não informado;78,0;4,7
PC000467;12/10/2026;3;16,0;6107,51;🟡 Planejado;D;Não informado;78,0;4,7
PC000467;17/11/2026;4;16,0;6106,8;🟡 Planejado;D;Não informado;78,0;4,7
PC000467;23/12/2026;5;16,0;6106,27;🟡 Planejado;D;Não informado;78,0;4,7
PC009130;01/08/2026;1;60,0;58519,7;🚨 Urgente (até 7 dias);D;Não informado;35,0;10,4
PC009130;06/09/2026;2;36,0;35159,96;🟡 Planejado;D;Não informado;35,0;10,4
PC009130;12/10/2026;3;36,0;35159,96;🟡 Planejado;D;Não informado;35,0;10,4
PC009130;17/11/2026;4;36,0;35159,96;🟡 Planejado;D;Não informado;35,0;10,4
PC009130;23/12/2026;5;36,0;35159,96;🟡 Planejado;D;Não informado;35,0;10,4
PC000298;17/09/2026;2;9,0;5475,87;🟡 Planejado;D;Não informado;133,0;2,7
PC000298;22/10/2026;3;10,0;5657,71;🟡 Planejado;D;Não informado;131,0;2,8
PC000298;25/11/2026;4;10,0;5774,16;🟡 Planejado;D;Não informado;128,0;2,8
PC000298;29/12/2026;6;10,0;5822,86;🟡 Planejado;D;Não informado;125,0;2,9
PC006144;29/08/2026;1;6,0;4467,79;🔴 Prioritário (até 30 dias);D;Não informado;219,0;1,7
PC006144;30/09/2026;3;6,0;5048,27;🟡 Planejado;D;Não informado;201,0;1,8
PC006144;06/11/2026;4;6,0;4874,54;🟡 Planejado;D;Não informado;206,0;1,8
PC006144;08/12/2026;5;6,0;5124,45;🟡 Planejado;D;Não informado;192,0;1,9
PC006144;12/01/2027;6;7,0;5292,33;🟡 Planejado;D;Não informado;189,0;1,9
PC006603;02/09/2026;2;8,0;4489,61;🟡 Planejado;D;Não informado;152,0;2,4
PC006603;08/10/2026;3;8,0;4468,25;🟡 Planejado;D;Não informado;154,0;2,4
PC006603;14/11/2026;4;8,0;4342,96;🟡 Planejado;D;Não informado;158,0;2,3
PC006603;17/12/2026;5;8,0;4562,47;🟡 Planejado;D;Não informado;152,0;2,4
PC006603;18/01/2027;6;9,0;4802,97;🟡 Planejado;D;Não informado;143,0;2,5
PC008587;01/08/2026;1;89,0;42291,96;🚨 Urgente (até 7 dias);D;Não informado;27,0;13,6
PC008587;06/09/2026;2;47,0;22283,37;🟡 Planejado;D;Não informado;27,0;13,6
PC008587;12/10/2026;3;47,0;22283,37;🟡 Planejado;D;Não informado;27,0;13,6
PC008587;17/11/2026;4;47,0;22283,37;🟡 Planejado;D;Não informado;27,0;13,6
PC008587;23/12/2026;5;47,0;22283,37;🟡 Planejado;D;Não informado;27,0;13,6
PC008979;31/08/2026;2;7,0;5804,62;🟡 Planejado;D;Não informado;177,0;2,1
PC008979;05/10/2026;3;7,0;5780,32;🟡 Planejado;D;Não informado;177,0;2,1
PC008979;09/11/2026;4;7,0;5780,32;🟡 Planejado;D;Não informado;177,0;2,1
PC008979;14/12/2026;5;7,0;5780,32;🟡 Planejado;D;Não informado;177,0;2,1
PC008979;18/01/2027;6;7,0;5780,32;🟡 Planejado;D;Não informado;177,0;2,1
PC001491;07/08/2026;1;13,0;6542,14;🚨 Urgente (até 7 dias);D;Não informado;97,0;3,8
PC001491;27/10/2026;3;7,0;3580,11;🟡 Planejado;D;Não informado;181,0;2,0
PC001491;29/11/2026;5;8,0;4023,19;🟡 Planejado;D;Não informado;166,0;2,2
PC001491;02/01/2027;6;8,0;3898,94;🟡 Planejado;D;Não informado;162,0;2,3
PC001120;14/08/2026;1;7,0;4626,35;🔴 Prioritário (até 30 dias);D;Não informado;170,0;2,2
PC001120;19/09/2026;2;7,0;4588,8;🟡 Planejado;D;Não informado;171,0;2,1
PC001120;24/10/2026;3;7,0;4514,82;🟡 Planejado;D;Não informado;171,0;2,1
PC001120;28/11/2026;4;7,0;4529,83;🟡 Planejado;D;Não informado;171,0;2,1
PC001120;02/01/2027;6;7,0;4704,03;🟡 Planejado;D;Não informado;168,0;2,2
PC004522;01/08/2026;1;37,0;29479,65;🚨 Urgente (até 7 dias);D;Não informado;63,0;5,8
PC004522;06/09/2026;2;20,0;16150,12;🟡 Planejado;D;Não informado;63,0;5,8
PC004522;11/10/2026;3;20,0;15806,24;🟡 Planejado;D;Não informado;63,0;5,8
PC004522;16/11/2026;4;20,0;16208,28;🟡 Planejado;D;Não informado;63,0;5,8
PC004522;21/12/2026;5;20,0;15779,53;🟡 Planejado;D;Não informado;63,0;5,8
PC004522;26/01/2027;6;20,0;16220,35;🟡 Planejado;D;Não informado;63,0;5,8
PC002528;01/08/2026;1;28,0;8909,85;🚨 Urgente (até 7 dias);D;Não informado;61,0;6,0
PC002528;14/10/2026;3;11,0;3579,49;🟡 Planejado;D;Não informado;109,0;3,3
PC002528;18/11/2026;4;11,0;3576,4;🟡 Planejado;D;Não informado;109,0;3,3
PC002528;25/12/2026;5;11,0;3544,34;🟡 Planejado;D;Não informado;112,0;3,3
PC008384;15/08/2026;1;15,0;5752,25;🔴 Prioritário (até 30 dias);D;Não informado;83,0;4,4
PC008384;11/09/2026;2;17,0;6542,57;🟡 Planejado;D;Não informado;72,0;5,1
PC008384;20/10/2026;3;16,0;6125,33;🟡 Planejado;D;Não informado;77,0;4,8
PC008384;29/11/2026;5;17,0;6488,68;🟡 Planejado;D;Não informado;78,0;4,7
PC008384;02/01/2027;6;17,0;6390,35;🟡 Planejado;D;Não informado;75,0;4,9
PC004619;12/09/2026;2;20,0;5844,98;🟡 Planejado;D;Não informado;60,0;6,0
PC004619;17/10/2026;3;20,0;5802,27;🟡 Planejado;D;Não informado;60,0;6,0
PC004619;21/11/2026;4;20,0;5802,27;🟡 Planejado;D;Não informado;60,0;6,0
PC004619;26/12/2026;5;20,0;5802,27;🟡 Planejado;D;Não informado;60,0;6,0
PC006739;01/08/2026;1;111,0;15387,18;🚨 Urgente (até 7 dias);D;Não informado;20,0;17,9
PC006739;22/10/2026;3;29,0;4016,14;🟡 Planejado;D;Não informado;43,0;8,5
PC006739;20/11/2026;4;32,0;4402,65;🟡 Planejado;D;Não informado;39,0;9,4
PC006739;27/12/2026;5;31,0;4356,3;🟡 Planejado;D;Não informado;40,0;9,2
PC002272;01/08/2026;1;20,0;13871,34;🚨 Urgente (até 7 dias);D;Não informado;92,0;4,0
PC002272;24/10/2026;3;6,0;4497,38;🟡 Planejado;D;Não informado;194,0;1,9
PC002272;25/11/2026;4;7,0;4704,37;🟡 Planejado;D;Não informado;184,0;2,0
PC002272;29/12/2026;6;7,0;4919,3;🟡 Planejado;D;Não informado;178,0;2,0
PC003168;01/08/2026;1;8,0;5357,66;🚨 Urgente (até 7 dias);D;Não informado;207,0;1,8
PC003168;03/09/2026;2;6,0;4285,96;🟡 Planejado;D;Não informado;197,0;1,9
PC003168;08/10/2026;3;6,0;4284,9;🟡 Planejado;D;Não informado;196,0;1,9
PC003168;15/11/2026;4;6,0;4068,12;🟡 Planejado;D;Não informado;206,0;1,8
PC003168;19/12/2026;5;6,0;4118,75;🟡 Planejado;D;Não informado;203,0;1,8
PC003168;19/01/2027;6;6,0;4405,72;🟡 Planejado;D;Não informado;190,0;1,9
PC004736;01/08/2026;1;44,0;37353,08;🚨 Urgente (até 7 dias);D;Não informado;53,0;7,0
PC004736;05/09/2026;2;23,0;19960,26;🟡 Planejado;D;Não informado;53,0;7,0
PC004736;10/10/2026;3;23,0;19960,26;🟡 Planejado;D;Não informado;53,0;7,0
PC004736;14/11/2026;4;23,0;19960,26;🟡 Planejado;D;Não informado;53,0;7,0
PC004736;19/12/2026;5;23,0;19960,26;🟡 Planejado;D;Não informado;53,0;7,0
PC004736;23/01/2027;6;23,0;19960,26;🟡 Planejado;D;Não informado;53,0;7,0
PC003552;01/08/2026;1;13,0;4807,17;🚨 Urgente (até 7 dias);D;Não informado;105,0;3,5
PC003552;01/09/2026;2;13,0;4827,33;🟡 Planejado;D;Não informado;94,0;3,9
PC003552;06/10/2026;3;13,0;4800,48;🟡 Planejado;D;Não informado;93,0;3,9
PC003552;05/11/2026;4;15,0;5292,55;🟡 Planejado;D;Não informado;84,0;4,4
PC003552;13/12/2026;5;14,0;5156,82;🟡 Planejado;D;Não informado;88,0;4,2
PC003552;14/01/2027;6;15,0;5520,07;🟡 Planejado;D;Não informado;82,0;4,5
PC007914;01/08/2026;1;11,0;9082,03;🚨 Urgente (até 7 dias);D;Não informado;195,0;1,9
PC007914;05/09/2026;2;6,0;5373,21;🟡 Planejado;D;Não informado;195,0;1,9
PC007914;11/10/2026;3;6,0;5520,67;🟡 Planejado;D;Não informado;195,0;1,9
PC007914;15/11/2026;4;6,0;5368,04;🟡 Planejado;D;Não informado;195,0;1,9
PC007914;21/12/2026;5;6,0;5521,32;🟡 Planejado;D;Não informado;195,0;1,9
PC007914;25/01/2027;6;6,0;5367,96;🟡 Planejado;D;Não informado;195,0;1,9
PC004693;01/08/2026;1;20,0;6888,37;🚨 Urgente (até 7 dias);E;Não informado;137,0;2,7
PC004693;15/09/2026;2;15,0;5101,29;🟡 Planejado;E;Não informado;136,0;2,7
PC004693;26/10/2026;3;16,0;5331,06;🟡 Planejado;E;Não informado;130,0;2,8
PC004693;01/12/2026;5;18,0;6002,47;🟡 Planejado;E;Não informado;116,0;3,1
PC004693;10/01/2027;6;19,0;6418,5;🟡 Planejado;E;Não informado;108,0;3,4
PC002123;07/08/2026;1;40,0;22139,96;🚨 Urgente (até 7 dias);E;Não informado;51,0;7,2
PC002123;21/09/2026;2;40,0;22132,16;🟡 Planejado;E;Não informado;51,0;7,2
PC002123;05/11/2026;4;40,0;22132,16;🟡 Planejado;E;Não informado;51,0;7,2
PC002123;20/12/2026;5;40,0;22132,16;🟡 Planejado;E;Não informado;51,0;7,2
PC002144;01/08/2026;1;71,0;20239,97;🚨 Urgente (até 7 dias);E;Não informado;54,0;6,8
PC002144;22/11/2026;4;20,0;5656,61;🟡 Planejado;E;Não informado;104,0;3,5
PC002144;08/01/2027;6;20,0;5587,63;🟡 Planejado;E;Não informado;105,0;3,5
PC006112;01/08/2026;1;114,0;34432,18;🚨 Urgente (até 7 dias);E;Não informado;36,0;10,1
PC006112;15/09/2026;2;56,0;16961,71;🟡 Planejado;E;Não informado;36,0;10,1
PC006112;30/10/2026;4;56,0;16961,71;🟡 Planejado;E;Não informado;36,0;10,1
PC006112;14/12/2026;5;56,0;16961,71;🟡 Planejado;E;Não informado;36,0;10,1
PC002336;01/08/2026;1;76,0;21025,01;🚨 Urgente (até 7 dias);E;Não informado;52,0;7,0
PC002336;06/11/2026;4;24,0;6683,17;🟡 Planejado;E;Não informado;85,0;4,3
PC002336;29/12/2026;6;27,0;7546,13;🟡 Planejado;E;Não informado;84,0;4,3
PC003840;01/08/2026;1;19,0;14801,22;🚨 Urgente (até 7 dias);E;Não informado;137,0;2,7
PC003840;12/11/2026;4;8,0;6436,02;🟡 Planejado;E;Não informado;246,0;1,5
PC003840;29/12/2026;6;9,0;7258,66;🟡 Planejado;E;Não informado;234,0;1,6
PC000618;01/08/2026;1;13,0;5833,99;🚨 Urgente (até 7 dias);E;Não informado;208,0;1,8
PC000618;13/09/2026;2;10,0;4611,26;🟡 Planejado;E;Não informado;201,0;1,8
PC000618;26/10/2026;3;11,0;4782,85;🟡 Planejado;E;Não informado;195,0;1,9
PC000618;03/12/2026;5;12,0;5301,76;🟡 Planejado;E;Não informado;177,0;2,1
PC000618;13/01/2027;6;13,0;5686,7;🟡 Planejado;E;Não informado;165,0;2,2
PC009450;01/08/2026;1;51,0;6376,99;🚨 Urgente (até 7 dias);E;Não informado;42,0;8,8
PC009450;16/09/2026;2;49,0;6153,65;🟡 Planejado;E;Não informado;42,0;8,7
PC009450;31/10/2026;4;49,0;6057,46;🟡 Planejado;E;Não informado;42,0;8,7
PC009450;15/12/2026;5;49,0;6051,2;🟡 Planejado;E;Não informado;42,0;8,7
PC007507;29/08/2026;1;33,0;5261,27;🔴 Prioritário (até 30 dias);E;Não informado;62,0;5,8
PC007507;18/10/2026;3;31,0;4897,03;🟡 Planejado;E;Não informado;66,0;5,5
PC007507;29/11/2026;5;34,0;5365,04;🟡 Planejado;E;Não informado;62,0;5,9
PC007507;10/01/2027;6;35,0;5620,77;🟡 Planejado;E;Não informado;59,0;6,2
PC008277;23/08/2026;1;6,0;5971,53;🔴 Prioritário (até 30 dias);E;Não informado;318,0;1,1
PC008277;09/10/2026;3;6,0;5985,29;🟡 Planejado;E;Não informado;320,0;1,1
PC008277;24/11/2026;4;6,0;5843,92;🟡 Planejado;E;Não informado;324,0;1,1
PC008277;03/01/2027;6;7,0;6454,26;🟡 Planejado;E;Não informado;298,0;1,2
PC008339;01/08/2026;1;14,0;9095,51;🚨 Urgente (até 7 dias);E;Não informado;221,0;1,7
PC008339;16/09/2026;2;9,0;6275,84;🟡 Planejado;E;Não informado;221,0;1,7
PC008339;01/11/2026;4;9,0;6275,84;🟡 Planejado;E;Não informado;221,0;1,7
PC008339;17/12/2026;5;9,0;6275,84;🟡 Planejado;E;Não informado;221,0;1,7
PC002899;01/08/2026;1;88,0;43386,32;🚨 Urgente (até 7 dias);E;Não informado;41,0;8,9
PC002899;16/09/2026;2;50,0;24950,17;🟡 Planejado;E;Não informado;41,0;8,9
PC002899;01/11/2026;4;50,0;24950,17;🟡 Planejado;E;Não informado;41,0;8,9
PC002899;17/12/2026;5;50,0;24950,17;🟡 Planejado;E;Não informado;41,0;8,9
PC006016;28/08/2026;1;25,0;5783,6;🔴 Prioritário (até 30 dias);E;Não informado;81,0;4,5
PC006016;12/10/2026;3;25,0;5758,33;🟡 Planejado;E;Não informado;81,0;4,5
PC006016;26/11/2026;4;25,0;5758,33;🟡 Planejado;E;Não informado;81,0;4,5
PC006016;10/01/2027;6;25,0;5758,33;🟡 Planejado;E;Não informado;81,0;4,5
PC009363;29/08/2026;1;15,0;5584,04;🔴 Prioritário (até 30 dias);E;Não informado;134,0;2,7
PC009363;12/10/2026;3;16,0;5721,57;🟡 Planejado;E;Não informado;133,0;2,7
PC009363;15/11/2026;4;18,0;6532,45;🟡 Planejado;E;Não informado;115,0;3,2
PC009363;31/12/2026;6;18,0;6515,52;🟡 Planejado;E;Não informado;116,0;3,1
PC005888;04/09/2026;2;11,0;6250,56;🟡 Planejado;E;Não informado;191,0;1,9
PC005888;20/10/2026;3;11,0;6278,76;🟡 Planejado;E;Não informado;191,0;1,9
PC005888;05/12/2026;5;11,0;6278,71;🟡 Planejado;E;Não informado;191,0;1,9
PC005888;20/01/2027;6;11,0;6278,73;🟡 Planejado;E;Não informado;191,0;1,9
PC006677;09/08/2026;1;11,0;6286,47;🔴 Prioritário (até 30 dias);E;Não informado;180,0;2,0
PC006677;27/09/2026;2;11,0;5970,69;🟡 Planejado;E;Não informado;189,0;1,9
PC006677;10/11/2026;4;11,0;5996,55;🟡 Planejado;E;Não informado;188,0;1,9
PC006677;22/12/2026;5;12,0;6429,48;🟡 Planejado;E;Não informado;179,0;2,0
PC003872;01/08/2026;1;97,0;15434,32;🚨 Urgente (até 7 dias);E;Não informado;35,0;10,5
PC003872;11/11/2026;4;32,0;5126,24;🟡 Planejado;E;Não informado;63,0;5,8
PC003872;29/12/2026;6;37,0;5881,19;🟡 Planejado;E;Não informado;60,0;6,1
PC006357;01/08/2026;1;199,0;30299,23;🚨 Urgente (até 7 dias);E;Não informado;20,0;18,5
PC006357;16/09/2026;2;104,0;15894,6;🟡 Planejado;E;Não informado;20,0;18,5
PC006357;01/11/2026;4;104,0;15786,11;🟡 Planejado;E;Não informado;20,0;18,4
PC006357;17/12/2026;5;104,0;15834,46;🟡 Planejado;E;Não informado;20,0;18,4
PC000426;01/08/2026;1;67,0;39819,45;🚨 Urgente (até 7 dias);E;Não informado;62,0;5,9
PC000426;16/09/2026;2;34,0;20042,34;🟡 Planejado;E;Não informado;62,0;5,9
PC000426;01/11/2026;4;34,0;20042,34;🟡 Planejado;E;Não informado;62,0;5,9
PC000426;17/12/2026;5;34,0;20042,34;🟡 Planejado;E;Não informado;62,0;5,9
PC001107;01/08/2026;1;20,0;8819,84;🚨 Urgente (até 7 dias);E;Não informado;183,0;2,0
PC001107;17/09/2026;2;11,0;4939,33;🟡 Planejado;E;Não informado;185,0;2,0
PC001107;28/10/2026;3;12,0;5159,64;🟡 Planejado;E;Não informado;176,0;2,1
PC001107;01/12/2026;5;13,0;5834,04;🟡 Planejado;E;Não informado;155,0;2,4
PC001107;14/01/2027;6;13,0;5885,16;🟡 Planejado;E;Não informado;153,0;2,4
PC006314;01/08/2026;1;15,0;7818,39;🚨 Urgente (até 7 dias);E;Não informado;196,0;1,9
PC006314;16/09/2026;2;11,0;5438,05;🟡 Planejado;E;Não informado;196,0;1,9
PC006314;01/11/2026;4;11,0;5438,05;🟡 Planejado;E;Não informado;196,0;1,9
PC006314;17/12/2026;5;11,0;5438,05;🟡 Planejado;E;Não informado;196,0;1,9
PC003754;01/08/2026;1;20,0;16691,8;🚨 Urgente (até 7 dias);E;Não informado;174,0;2,1
PC003754;15/11/2026;4;6,0;5160,56;🟡 Planejado;E;Não informado;327,0;1,1
PC003754;29/12/2026;6;8,0;6811,86;🟡 Planejado;E;Não informado;284,0;1,3
PC005760;01/08/2026;1;37,0;6723,44;🚨 Urgente (até 7 dias);E;Não informado;80,0;4,6
PC005760;17/09/2026;2;25,0;4582,4;🟡 Planejado;E;Não informado;81,0;4,5
PC005760;31/10/2026;4;25,0;4625,99;🟡 Planejado;E;Não informado;80,0;4,6
PC005760;14/12/2026;5;26,0;4728,08;🟡 Planejado;E;Não informado;79,0;4,6
PC006976;01/08/2026;1;36,0;17716,4;🚨 Urgente (até 7 dias);E;Não informado;106,0;3,5
PC006976;19/11/2026;4;10,0;5024,76;🟡 Planejado;E;Não informado;202,0;1,8
PC006976;30/12/2026;6;11,0;5570,02;🟡 Planejado;E;Não informado;182,0;2,0
PC006485;02/09/2026;2;39,0;5738,23;🟡 Planejado;E;Não informado;51,0;7,1
PC006485;18/10/2026;3;40,0;5848,72;🟡 Planejado;E;Não informado;51,0;7,1
PC006485;03/12/2026;5;40,0;5851,32;🟡 Planejado;E;Não informado;51,0;7,1
PC006485;18/01/2027;6;40,0;5852,09;🟡 Planejado;E;Não informado;51,0;7,1
PC003477;01/08/2026;1;49,0;32916,58;🚨 Urgente (até 7 dias);E;Não informado;79,0;4,6
PC003477;15/09/2026;2;26,0;17375,49;🟡 Planejado;E;Não informado;79,0;4,6
PC003477;30/10/2026;4;26,0;17375,49;🟡 Planejado;E;Não informado;79,0;4,6
PC003477;14/12/2026;5;26,0;17375,49;🟡 Planejado;E;Não informado;79,0;4,6
PC003731;02/09/2026;2;18,0;4360,97;🟡 Planejado;E;Não informado;112,0;3,2
PC003731;17/10/2026;3;18,0;4349,67;🟡 Planejado;E;Não informado;112,0;3,3
PC003731;01/12/2026;5;18,0;4342,0;🟡 Planejado;E;Não informado;112,0;3,3
PC003731;15/01/2027;6;18,0;4340,09;🟡 Planejado;E;Não informado;112,0;3,3
PC005139;31/08/2026;2;6,0;5885,7;🟡 Planejado;E;Não informado;319,0;1,1
PC005139;22/10/2026;3;6,0;5282,71;🟡 Planejado;E;Não informado;349,0;1,0
PC005139;04/12/2026;5;6,0;5490,94;🟡 Planejado;E;Não informado;340,0;1,1
PC005139;15/01/2027;6;6,0;5784,2;🟡 Planejado;E;Não informado;323,0;1,1
PC007765;08/08/2026;1;13,0;5231,4;🔴 Prioritário (até 30 dias);E;Não informado;156,0;2,3
PC007765;12/09/2026;2;15,0;6149,88;🟡 Planejado;E;Não informado;134,0;2,7
PC007765;27/10/2026;3;15,0;6127,87;🟡 Planejado;E;Não informado;134,0;2,7
PC007765;04/12/2026;5;17,0;6797,83;🟡 Planejado;E;Não informado;121,0;3,0
PC007765;14/01/2027;6;18,0;7130,86;🟡 Planejado;E;Não informado;114,0;3,2
PC004755;11/09/2026;2;13,0;4795,9;🟡 Planejado;E;Não informado;155,0;2,4
PC004755;21/10/2026;3;14,0;5177,4;🟡 Planejado;E;Não informado;145,0;2,5
PC004755;30/11/2026;5;15,0;5397,53;🟡 Planejado;E;Não informado;137,0;2,7
PC004755;12/01/2027;6;16,0;5685,46;🟡 Planejado;E;Não informado;132,0;2,8
PC001248;01/08/2026;1;10,0;5943,47;🚨 Urgente (até 7 dias);E;Não informado;202,0;1,8
PC001248;12/09/2026;2;10,0;5961,17;🟡 Planejado;E;Não informado;194,0;1,9
PC001248;01/11/2026;4;10,0;5781,39;🟡 Planejado;E;Não informado;203,0;1,8
PC001248;12/12/2026;5;11,0;6061,99;🟡 Planejado;E;Não informado;191,0;1,9
PC001248;18/01/2027;6;12,0;6680,84;🟡 Planejado;E;Não informado;173,0;2,1
PC003659;16/09/2026;2;12,0;5501,0;🟡 Planejado;E;Não informado;174,0;2,1
PC003659;23/10/2026;3;13,0;5980,79;🟡 Planejado;E;Não informado;158,0;2,3
PC003659;02/12/2026;5;14,0;6517,48;🟡 Planejado;E;Não informado;147,0;2,5
PC003659;11/01/2027;6;15,0;6936,77;🟡 Planejado;E;Não informado;136,0;2,7
PC005536;04/08/2026;1;22,0;4376,94;🚨 Urgente (até 7 dias);E;Não informado;94,0;3,9
PC005536;16/09/2026;2;22,0;4512,68;🟡 Planejado;E;Não informado;92,0;4,0
PC005536;26/10/2026;3;24,0;4834,51;🟡 Planejado;E;Não informado;86,0;4,3
PC005536;29/11/2026;5;27,0;5526,23;🟡 Planejado;E;Não informado;75,0;4,9
PC005536;09/01/2027;6;29,0;5862,51;🟡 Planejado;E;Não informado;70,0;5,2
PC009355;01/08/2026;1;20,0;7418,17;🚨 Urgente (até 7 dias);E;Não informado;142,0;2,6
PC009355;17/09/2026;2;14,0;5277,51;🟡 Planejado;E;Não informado;145,0;2,5
PC009355;30/10/2026;4;15,0;5389,96;🟡 Planejado;E;Não informado;140,0;2,6
PC009355;17/12/2026;5;14,0;5310,51;🟡 Planejado;E;Não informado;144,0;2,5
PC005098;01/08/2026;1;31,0;9278,3;🚨 Urgente (até 7 dias);E;Não informado;74,0;4,9
PC005098;15/11/2026;4;15,0;4405,75;🟡 Planejado;E;Não informado;137,0;2,7
PC005098;29/12/2026;6;17,0;5135,42;🟡 Planejado;E;Não informado;125,0;2,9
PC002880;07/08/2026;1;40,0;5291,21;🚨 Urgente (até 7 dias);E;Não informado;51,0;7,2
PC002880;22/09/2026;2;41,0;5375,49;🟡 Planejado;E;Não informado;51,0;7,2
PC002880;07/11/2026;4;41,0;5373,47;🟡 Planejado;E;Não informado;51,0;7,2
PC002880;23/12/2026;5;41,0;5374,45;🟡 Planejado;E;Não informado;51,0;7,2
PC004757;13/08/2026;1;19,0;4165,3;🔴 Prioritário (até 30 dias);E;Não informado;109,0;3,3
PC004757;23/09/2026;2;20,0;4453,46;🟡 Planejado;E;Não informado;103,0;3,5
PC004757;05/11/2026;4;21,0;4682,69;🟡 Planejado;E;Não informado;99,0;3,7
PC004757;12/12/2026;5;23,0;5172,52;🟡 Planejado;E;Não informado;88,0;4,1
PC004757;26/01/2027;6;24,0;5311,31;🟡 Planejado;E;Não informado;87,0;4,2
PC002858;01/08/2026;1;42,0;15621,6;🚨 Urgente (até 7 dias);E;Não informado;74,0;4,9
PC002858;23/11/2026;4;14,0;5220,7;🟡 Planejado;E;Não informado;145,0;2,5
PC002858;10/01/2027;6;14,0;5025,44;🟡 Planejado;E;Não informado;152,0;2,4
PC008331;01/08/2026;1;14,0;5903,71;🚨 Urgente (até 7 dias);E;Não informado;223,0;1,6
PC008331;06/09/2026;2;11,0;4378,7;🟡 Planejado;E;Não informado;192,0;1,9
PC008331;21/10/2026;3;11,0;4419,9;🟡 Planejado;E;Não informado;191,0;1,9
PC008331;02/12/2026;5;11,0;4519,83;🟡 Planejado;E;Não informado;184,0;2,0
PC008331;10/01/2027;6;12,0;4984,99;🟡 Planejado;E;Não informado;168,0;2,2
PC001770;14/08/2026;1;9,0;5240,95;🔴 Prioritário (até 30 dias);E;Não informado;221,0;1,7
PC001770;28/09/2026;2;9,0;5204,98;🟡 Planejado;E;Não informado;221,0;1,7
PC001770;12/11/2026;4;9,0;5204,98;🟡 Planejado;E;Não informado;221,0;1,7
PC001770;27/12/2026;5;9,0;5204,98;🟡 Planejado;E;Não informado;221,0;1,7
PC006688;01/08/2026;1;8,0;8070,96;🚨 Urgente (até 7 dias);E;Não informado;347,0;1,1
PC006688;15/09/2026;2;6,0;5939,18;🟡 Planejado;E;Não informado;344,0;1,1
PC006688;29/10/2026;3;6,0;6084,78;🟡 Planejado;E;Não informado;337,0;1,1
PC006688;13/12/2026;5;6,0;6191,71;🟡 Planejado;E;Não informado;331,0;1,1
PC006688;26/01/2027;6;6,0;6248,27;🟡 Planejado;E;Não informado;326,0;1,1
PC009301;01/08/2026;1;44,0;26214,98;🚨 Urgente (até 7 dias);E;Não informado;85,0;4,3
PC009301;16/09/2026;2;24,0;14683,74;🟡 Planejado;E;Não informado;85,0;4,3
PC009301;01/11/2026;4;24,0;14683,74;🟡 Planejado;E;Não informado;85,0;4,3
PC009301;17/12/2026;5;24,0;14683,74;🟡 Planejado;E;Não informado;85,0;4,3
PC008106;01/08/2026;1;55,0;30416,58;🚨 Urgente (até 7 dias);E;Não informado;69,0;5,3
PC008106;15/09/2026;2;29,0;16254,98;🟡 Planejado;E;Não informado;69,0;5,3
PC008106;30/10/2026;4;29,0;16254,98;🟡 Planejado;E;Não informado;69,0;5,3
PC008106;14/12/2026;5;29,0;16254,98;🟡 Planejado;E;Não informado;69,0;5,3
PC002187;13/09/2026;2;23,0;5163,61;🟡 Planejado;E;Não informado;87,0;4,2
PC002187;28/10/2026;3;23,0;5133,18;🟡 Planejado;E;Não informado;87,0;4,2
PC002187;12/12/2026;5;23,0;5140,2;🟡 Planejado;E;Não informado;87,0;4,2
PC002187;26/01/2027;6;23,0;5136,34;🟡 Planejado;E;Não informado;87,0;4,2
PC008651;01/08/2026;1;33,0;9923,37;🚨 Urgente (até 7 dias);E;Não informado;112,0;3,3
PC008651;15/09/2026;2;18,0;5576,16;🟡 Planejado;E;Não informado;112,0;3,3
PC008651;30/10/2026;4;19,0;5668,55;🟡 Planejado;E;Não informado;111,0;3,3
PC008651;14/12/2026;5;19,0;5653,04;🟡 Planejado;E;Não informado;110,0;3,3
PC003008;01/08/2026;1;22,0;8013,75;🚨 Urgente (até 7 dias);E;Não informado;169,0;2,2
PC003008;16/09/2026;2;12,0;4472,89;🟡 Planejado;E;Não informado;169,0;2,2
PC003008;01/11/2026;4;12,0;4464,13;🟡 Planejado;E;Não informado;169,0;2,2
PC003008;17/12/2026;5;12,0;4468,03;🟡 Planejado;E;Não informado;169,0;2,2
PC000416;01/08/2026;1;33,0;5733,1;🚨 Urgente (até 7 dias);E;Não informado;70,0;5,2
PC000416;13/09/2026;2;31,0;5391,64;🟡 Planejado;E;Não informado;68,0;5,4
PC000416;28/10/2026;3;31,0;5459,75;🟡 Planejado;E;Não informado;67,0;5,5
PC000416;04/12/2026;5;34,0;5915,78;🟡 Planejado;E;Não informado;61,0;6,0
PC000416;19/01/2027;6;34,0;5924,53;🟡 Planejado;E;Não informado;61,0;6,0
PC006912;09/09/2026;2;10,0;4316,46;🟡 Planejado;E;Não informado;202,0;1,8
PC006912;25/10/2026;3;10,0;4311,69;🟡 Planejado;E;Não informado;202,0;1,8
PC006912;10/12/2026;5;10,0;4301,02;🟡 Planejado;E;Não informado;202,0;1,8
PC006912;25/01/2027;6;10,0;4306,44;🟡 Planejado;E;Não informado;202,0;1,8
PC008203;01/08/2026;1;7,0;4482,11;🚨 Urgente (até 7 dias);E;Não informado;317,0;1,2
PC008203;10/09/2026;2;7,0;4233,65;🟡 Planejado;E;Não informado;294,0;1,2
PC008203;15/10/2026;3;8,0;4881,63;🟡 Planejado;E;Não informado;256,0;1,4
PC008203;30/11/2026;5;8,0;5064,61;🟡 Planejado;E;Não informado;248,0;1,5
PC008203;15/01/2027;6;8,0;4979,09;🟡 Planejado;E;Não informado;251,0;1,5
PC000149;01/08/2026;1;103,0;37279,66;🚨 Urgente (até 7 dias);E;Não informado;41,0;8,8
PC000149;16/09/2026;2;50,0;18132,16;🟡 Planejado;E;Não informado;41,0;8,8
PC000149;01/11/2026;4;50,0;18132,16;🟡 Planejado;E;Não informado;41,0;8,8
PC000149;17/12/2026;5;50,0;18132,16;🟡 Planejado;E;Não informado;41,0;8,8
PC008659;15/08/2026;1;6,0;3989,56;🔴 Prioritário (até 30 dias);E;Não informado;347,0;1,1
PC008659;30/09/2026;3;6,0;4155,28;🟡 Planejado;E;Não informado;341,0;1,1
PC008659;12/11/2026;4;6,0;4215,32;🟡 Planejado;E;Não informado;329,0;1,1
PC008659;25/12/2026;5;6,0;4265,53;🟡 Planejado;E;Não informado;321,0;1,1
PC008128;01/08/2026;1;6,0;4720,33;🚨 Urgente (até 7 dias);E;Não informado;383,0;1,0
PC008128;14/09/2026;2;5,0;4348,78;🟡 Planejado;E;Não informado;377,0;1,0
PC008128;17/10/2026;3;6,0;5137,18;🟡 Planejado;E;Não informado;321,0;1,1
PC008128;01/12/2026;5;7,0;5265,72;🟡 Planejado;E;Não informado;315,0;1,2
PC008128;07/01/2027;6;7,0;6009,69;🟡 Planejado;E;Não informado;277,0;1,3
PC004096;01/08/2026;1;11,0;5720,19;🚨 Urgente (até 7 dias);E;Não informado;311,0;1,2
PC004096;09/09/2026;2;7,0;3939,82;🟡 Planejado;E;Não informado;282,0;1,3
PC004096;24/10/2026;3;7,0;3938,04;🟡 Planejado;E;Não informado;280,0;1,3
PC004096;29/11/2026;5;8,0;4476,57;🟡 Planejado;E;Não informado;245,0;1,5
PC004096;14/01/2027;6;8,0;4419,56;🟡 Planejado;E;Não informado;248,0;1,5
PC007040;01/08/2026;1;32,0;7657,94;🚨 Urgente (até 7 dias);E;Não informado;112,0;3,3
PC007040;15/09/2026;2;18,0;4382,03;🟡 Planejado;E;Não informado;112,0;3,3
PC007040;30/10/2026;4;18,0;4382,03;🟡 Planejado;E;Não informado;112,0;3,3
PC007040;14/12/2026;5;18,0;4382,03;🟡 Planejado;E;Não informado;112,0;3,3
PC007296;05/08/2026;1;5,0;4252,61;🚨 Urgente (até 7 dias);E;Não informado;382,0;1,0
PC007296;19/09/2026;2;5,0;4333,96;🟡 Planejado;E;Não informado;378,0;1,0
PC007296;29/10/2026;3;6,0;4580,79;🟡 Planejado;E;Não informado;354,0;1,0
PC007296;02/12/2026;5;7,0;5173,63;🟡 Planejado;E;Não informado;313,0;1,2
PC007296;09/01/2027;6;7,0;5745,59;🟡 Planejado;E;Não informado;282,0;1,3
PC007338;01/08/2026;1;89,0;54457,57;🚨 Urgente (até 7 dias);E;Não informado;48,0;7,5
PC007338;16/09/2026;2;43,0;26198,47;🟡 Planejado;E;Não informado;48,0;7,5
PC007338;01/11/2026;4;43,0;26198,47;🟡 Planejado;E;Não informado;48,0;7,5
PC007338;17/12/2026;5;43,0;26198,47;🟡 Planejado;E;Não informado;48,0;7,5
PC001427;01/08/2026;1;113,0;12898,13;🚨 Urgente (até 7 dias);E;Não informado;28,0;13,1
PC001427;11/11/2026;4;41,0;4675,87;🟡 Planejado;E;Não informado;50,0;7,3
PC001427;29/12/2026;6;44,0;5004,52;🟡 Planejado;E;Não informado;49,0;7,4
PC004499;01/08/2026;1;14,0;5981,05;🚨 Urgente (até 7 dias);E;Não informado;233,0;1,6
PC004499;15/09/2026;2;9,0;3946,76;🟡 Planejado;E;Não informado;231,0;1,6
PC004499;27/10/2026;3;9,0;4046,4;🟡 Planejado;E;Não informado;222,0;1,6
PC004499;06/12/2026;5;9,0;4191,47;🟡 Planejado;E;Não informado;215,0;1,7
PC004499;20/01/2027;6;10,0;4240,06;🟡 Planejado;E;Não informado;214,0;1,7
PC005707;14/09/2026;2;9,0;4014,58;🟡 Planejado;E;Não informado;223,0;1,6
PC005707;29/10/2026;3;9,0;3950,88;🟡 Planejado;E;Não informado;223,0;1,6
PC005707;13/12/2026;5;9,0;3949,73;🟡 Planejado;E;Não informado;223,0;1,6
PC005707;27/01/2027;6;9,0;3948,82;🟡 Planejado;E;Não informado;223,0;1,6
PC008298;08/09/2026;2;8,0;5535,08;🟡 Planejado;E;Não informado;246,0;1,5
PC008298;23/10/2026;3;8,0;5426,78;🟡 Planejado;E;Não informado;246,0;1,5
PC008298;07/12/2026;5;8,0;5426,42;🟡 Planejado;E;Não informado;246,0;1,5
PC008298;21/01/2027;6;8,0;5426,4;🟡 Planejado;E;Não informado;246,0;1,5
PC009770;01/08/2026;1;32,0;18825,72;🚨 Urgente (até 7 dias);E;Não informado;99,0;3,7
PC009770;15/09/2026;2;21,0;12213,41;🟡 Planejado;E;Não informado;99,0;3,7
PC009770;30/10/2026;4;21,0;12148,84;🟡 Planejado;E;Não informado;99,0;3,7
PC009770;14/12/2026;5;21,0;12138,19;🟡 Planejado;E;Não informado;99,0;3,7
PC006880;01/08/2026;1;69,0;41426,79;🚨 Urgente (até 7 dias);E;Não informado;61,0;6,0
PC006880;16/09/2026;2;34,0;20232,59;🟡 Planejado;E;Não informado;61,0;6,0
PC006880;01/11/2026;4;34,0;20232,59;🟡 Planejado;E;Não informado;61,0;6,0
PC006880;17/12/2026;5;34,0;20232,59;🟡 Planejado;E;Não informado;61,0;6,0
PC006987;06/08/2026;1;8,0;4796,31;🚨 Urgente (até 7 dias);E;Não informado;271,0;1,3
PC006987;20/09/2026;2;7,0;4708,07;🟡 Planejado;E;Não informado;271,0;1,3
PC006987;04/11/2026;4;7,0;4708,07;🟡 Planejado;E;Não informado;271,0;1,3
PC006987;19/12/2026;5;7,0;4708,07;🟡 Planejado;E;Não informado;271,0;1,3
PC001376;18/08/2026;1;16,0;3892,68;🔴 Prioritário (até 30 dias);E;Não informado;131,0;2,8
PC001376;30/09/2026;3;16,0;4018,11;🟡 Planejado;E;Não informado;127,0;2,9
PC001376;11/11/2026;4;17,0;4226,6;🟡 Planejado;E;Não informado;121,0;3,0
PC001376;16/12/2026;5;20,0;4896,19;🟡 Planejado;E;Não informado;106,0;3,5
PC005525;01/08/2026;1;13,0;7283,16;🚨 Urgente (até 7 dias);E;Não informado;284,0;1,3
PC005525;13/09/2026;2;7,0;4113,4;🟡 Planejado;E;Não informado;276,0;1,3
PC005525;24/10/2026;3;8,0;4338,36;🟡 Planejado;E;Não informado;262,0;1,4
PC005525;01/12/2026;5;9,0;4891,88;🟡 Planejado;E;Não informado;237,0;1,5
PC005525;15/01/2027;6;9,0;4937,87;🟡 Planejado;E;Não informado;234,0;1,6
PC007936;06/08/2026;1;6,0;4615,9;🚨 Urgente (até 7 dias);E;Não informado;340,0;1,1
PC007936;20/09/2026;2;6,0;4564,38;🟡 Planejado;E;Não informado;340,0;1,1
PC007936;04/11/2026;4;6,0;4564,38;🟡 Planejado;E;Não informado;340,0;1,1
PC007936;19/12/2026;5;6,0;4564,38;🟡 Planejado;E;Não informado;340,0;1,1
PC005312;27/08/2026;1;12,0;4339,49;🔴 Prioritário (até 30 dias);E;Não informado;166,0;2,2
PC005312;12/10/2026;3;12,0;4362,59;🟡 Planejado;E;Não informado;166,0;2,2
PC005312;27/11/2026;4;12,0;4362,59;🟡 Planejado;E;Não informado;166,0;2,2
PC005312;12/01/2027;6;12,0;4362,59;🟡 Planejado;E;Não informado;166,0;2,2
PC005290;01/08/2026;1;11,0;8461,02;🚨 Urgente (até 7 dias);E;Não informado;361,0;1,0
PC005290;10/09/2026;2;6,0;4905,56;🟡 Planejado;E;Não informado;333,0;1,1
PC005290;24/10/2026;3;6,0;4960,99;🟡 Planejado;E;Não informado;328,0;1,1
PC005290;04/12/2026;5;7,0;5239,28;🟡 Planejado;E;Não informado;310,0;1,2
PC005290;19/01/2027;6;7,0;5233,08;🟡 Planejado;E;Não informado;313,0;1,2
PC000267;01/08/2026;1;9,0;9168,16;🚨 Urgente (até 7 dias);E;Não informado;344,0;1,1
PC000267;16/09/2026;2;6,0;5978,23;🟡 Planejado;E;Não informado;345,0;1,1
PC000267;01/11/2026;4;6,0;5967,11;🟡 Planejado;E;Não informado;345,0;1,1
PC000267;17/12/2026;5;6,0;5972,07;🟡 Planejado;E;Não informado;345,0;1,1
PC000971;01/08/2026;1;95,0;41174,1;🚨 Urgente (até 7 dias);E;Não informado;42,0;8,6
PC000971;15/09/2026;2;48,0;20656,74;🟡 Planejado;E;Não informado;42,0;8,6
PC000971;30/10/2026;4;48,0;20656,74;🟡 Planejado;E;Não informado;42,0;8,6
PC000971;14/12/2026;5;48,0;20656,74;🟡 Planejado;E;Não informado;42,0;8,6
PC006475;01/08/2026;1;9,0;8178,28;🚨 Urgente (até 7 dias);E;Não informado;345,0;1,1
PC006475;15/09/2026;2;6,0;5238,58;🟡 Planejado;E;Não informado;344,0;1,1
PC006475;30/10/2026;4;6,0;5245,58;🟡 Planejado;E;Não informado;344,0;1,1
PC006475;14/12/2026;5;6,0;5242,36;🟡 Planejado;E;Não informado;344,0;1,1
PC000459;31/08/2026;2;6,0;4506,04;🟡 Planejado;E;Não informado;347,0;1,1
PC000459;14/10/2026;3;6,0;4561,66;🟡 Planejado;E;Não informado;341,0;1,1
PC000459;28/11/2026;4;6,0;4675,95;🟡 Planejado;E;Não informado;338,0;1,1
PC000459;12/01/2027;6;6,0;4722,3;🟡 Planejado;E;Não informado;334,0;1,1
PC002387;01/08/2026;1;19,0;3964,62;🚨 Urgente (até 7 dias);E;Não informado;122,0;3,0
PC002387;09/09/2026;2;18,0;3780,19;🟡 Planejado;E;Não informado;111,0;3,3
PC002387;24/10/2026;3;19,0;3802,06;🟡 Planejado;E;Não informado;110,0;3,3
PC002387;30/11/2026;5;21,0;4308,77;🟡 Planejado;E;Não informado;97,0;3,8
PC002387;11/01/2027;6;22,0;4506,08;🟡 Planejado;E;Não informado;93,0;3,9
PC008746;15/08/2026;1;8,0;4107,08;🔴 Prioritário (até 30 dias);E;Não informado;260,0;1,4
PC008746;29/09/2026;2;8,0;4148,76;🟡 Planejado;E;Não informado;257,0;1,4
PC008746;14/11/2026;4;8,0;4058,24;🟡 Planejado;E;Não informado;261,0;1,4
PC008746;29/12/2026;6;8,0;4273,08;🟡 Planejado;E;Não informado;255,0;1,4
PC000554;03/08/2026;1;15,0;3300,44;🚨 Urgente (até 7 dias);E;Não informado;137,0;2,7
PC000554;17/09/2026;2;15,0;3395,14;🟡 Planejado;E;Não informado;135,0;2,7
PC000554;22/10/2026;3;17,0;3795,84;🟡 Planejado;E;Não informado;119,0;3,1
PC000554;02/12/2026;5;19,0;4236,31;🟡 Planejado;E;Não informado;109,0;3,4
PC000554;16/01/2027;6;19,0;4282,73;🟡 Planejado;E;Não informado;107,0;3,4
PC008915;26/08/2026;1;9,0;3970,54;🔴 Prioritário (até 30 dias);E;Não informado;227,0;1,6
PC008915;10/10/2026;3;9,0;3955,56;🟡 Planejado;E;Não informado;226,0;1,6
PC008915;24/11/2026;4;9,0;3940,01;🟡 Planejado;E;Não informado;226,0;1,6
PC008915;08/01/2027;6;9,0;3940,0;🟡 Planejado;E;Não informado;226,0;1,6
PC001632;02/09/2026;2;15,0;4387,16;🟡 Planejado;E;Não informado;139,0;2,6
PC001632;22/10/2026;3;14,0;4145,9;🟡 Planejado;E;Não informado;147,0;2,5
PC001632;05/12/2026;5;14,0;4082,08;🟡 Planejado;E;Não informado;147,0;2,5
PC001632;14/01/2027;6;15,0;4426,1;🟡 Planejado;E;Não informado;137,0;2,7
PC009429;01/08/2026;1;15,0;9871,01;🚨 Urgente (até 7 dias);E;Não informado;206,0;1,8
PC009429;13/11/2026;4;6,0;3651,02;🟡 Planejado;E;Não informado;367,0;1,0
PC009429;29/12/2026;6;6,0;3683,76;🟡 Planejado;E;Não informado;361,0;1,0
PC004010;01/08/2026;1;12,0;8257,16;🚨 Urgente (até 7 dias);E;Não informado;210,0;1,7
PC004010;18/11/2026;4;5,0;3656,01;🟡 Planejado;E;Não informado;394,0;0,9
PC004010;31/12/2026;6;5,0;3829,42;🟡 Planejado;E;Não informado;381,0;1,0
PC009171;01/08/2026;1;7,0;5417,67;🚨 Urgente (até 7 dias);E;Não informado;335,0;1,1
PC009171;16/09/2026;2;6,0;5095,85;🟡 Planejado;E;Não informado;335,0;1,1
PC009171;28/10/2026;3;6,0;5182,99;🟡 Planejado;E;Não informado;323,0;1,1
PC009171;15/12/2026;5;6,0;5118,32;🟡 Planejado;E;Não informado;332,0;1,1
PC006240;01/08/2026;1;14,0;5010,48;🚨 Urgente (até 7 dias);E;Não informado;167,0;2,2
PC006240;17/09/2026;2;12,0;4288,48;🟡 Planejado;E;Não informado;170,0;2,1
PC006240;01/11/2026;4;12,0;4293,9;🟡 Planejado;E;Não informado;169,0;2,2
PC006240;25/12/2026;5;11,0;3839,64;🟡 Planejado;E;Não informado;189,0;1,9
PC006240;27/01/2027;6;12,0;4366,18;🟡 Planejado;E;Não informado;165,0;2,2
PC004691;04/08/2026;1;16,0;4455,46;🚨 Urgente (até 7 dias);E;Não informado;131,0;2,8
PC004691;16/09/2026;2;16,0;4545,4;🟡 Planejado;E;Não informado;127,0;2,9
PC004691;29/10/2026;3;16,0;4641,54;🟡 Planejado;E;Não informado;124,0;3,0
PC004691;15/12/2026;5;17,0;4660,64;🟡 Planejado;E;Não informado;125,0;2,9
PC004906;01/08/2026;1;6,0;4386,21;🚨 Urgente (até 7 dias);E;Não informado;447,0;0,8
PC004906;16/09/2026;2;5,0;3293,79;🟡 Planejado;E;Não informado;447,0;0,8
PC004906;01/11/2026;4;5,0;3293,79;🟡 Planejado;E;Não informado;447,0;0,8
PC004906;17/12/2026;5;5,0;3293,79;🟡 Planejado;E;Não informado;447,0;0,8
PC004683;01/08/2026;1;34,0;15467,59;🚨 Urgente (até 7 dias);E;Não informado;80,0;4,6
PC004683;16/09/2026;2;26,0;11791,29;🟡 Planejado;E;Não informado;80,0;4,6
PC004683;01/11/2026;4;26,0;11791,29;🟡 Planejado;E;Não informado;80,0;4,6
PC004683;17/12/2026;5;26,0;11791,29;🟡 Planejado;E;Não informado;80,0;4,6
PC007658;01/08/2026;1;13,0;3537,84;🚨 Urgente (até 7 dias);E;Não informado;204,0;1,8
PC007658;09/09/2026;2;11,0;2896,41;🟡 Planejado;E;Não informado;186,0;2,0
PC007658;22/10/2026;3;11,0;2986,03;🟡 Planejado;E;Não informado;181,0;2,0
PC007658;29/11/2026;5;13,0;3343,08;🟡 Planejado;E;Não informado;165,0;2,2
PC007658;07/01/2027;6;14,0;3661,72;🟡 Planejado;E;Não informado;149,0;2,4
PC003733;31/08/2026;2;8,0;3979,28;🟡 Planejado;E;Não informado;274,0;1,3
PC003733;16/10/2026;3;8,0;3987,81;🟡 Planejado;E;Não informado;274,0;1,3
PC003733;01/12/2026;5;8,0;3987,81;🟡 Planejado;E;Não informado;274,0;1,3
PC003733;16/01/2027;6;8,0;3987,81;🟡 Planejado;E;Não informado;274,0;1,3
PC004864;01/08/2026;1;27,0;20631,15;🚨 Urgente (até 7 dias);E;Não informado;138,0;2,6
PC004864;16/09/2026;2;15,0;11483,8;🟡 Planejado;E;Não informado;138,0;2,6
PC004864;01/11/2026;4;15,0;11476,05;🟡 Planejado;E;Não informado;138,0;2,6
PC004864;17/12/2026;5;15,0;11479,5;🟡 Planejado;E;Não informado;138,0;2,6
PC005971;01/08/2026;1;24,0;16985,28;🚨 Urgente (até 7 dias);E;Não informado;133,0;2,7
PC005971;16/09/2026;2;16,0;10948,49;🟡 Planejado;E;Não informado;133,0;2,7
PC005971;01/11/2026;4;16,0;10948,49;🟡 Planejado;E;Não informado;133,0;2,7
PC005971;17/12/2026;5;16,0;10948,49;🟡 Planejado;E;Não informado;133,0;2,7
PC008267;02/08/2026;1;11,0;3518,76;🚨 Urgente (até 7 dias);E;Não informado;181,0;2,0
PC008267;09/09/2026;2;13,0;3890,68;🟡 Planejado;E;Não informado;163,0;2,2
PC008267;21/10/2026;3;13,0;4124,68;🟡 Planejado;E;Não informado;155,0;2,4
PC008267;01/12/2026;5;14,0;4403,51;🟡 Planejado;E;Não informado;143,0;2,5
PC008267;15/01/2027;6;15,0;4531,29;🟡 Planejado;E;Não informado;141,0;2,6
PC000352;01/08/2026;1;9,0;5695,07;🚨 Urgente (até 7 dias);E;Não informado;253,0;1,4
PC000352;16/09/2026;2;8,0;5133,85;🟡 Planejado;E;Não informado;255,0;1,4
PC000352;30/10/2026;4;8,0;5216,26;🟡 Planejado;E;Não informado;250,0;1,5
PC000352;13/12/2026;5;9,0;5419,34;🟡 Planejado;E;Não informado;243,0;1,5
PC000352;25/01/2027;6;9,0;5514,3;🟡 Planejado;E;Não informado;236,0;1,5
PC001962;01/08/2026;1;65,0;7704,13;🚨 Urgente (até 7 dias);E;Não informado;47,0;7,7
PC001962;16/09/2026;2;43,0;5172,06;🟡 Planejado;E;Não informado;48,0;7,7
PC001962;01/11/2026;4;44,0;5180,74;🟡 Planejado;E;Não informado;48,0;7,7
PC001962;17/12/2026;5;44,0;5182,02;🟡 Planejado;E;Não informado;48,0;7,7
PC009419;22/08/2026;1;16,0;4352,03;🔴 Prioritário (até 30 dias);E;Não informado;132,0;2,8
PC009419;06/10/2026;3;16,0;4372,18;🟡 Planejado;E;Não informado;131,0;2,8
PC009419;20/11/2026;4;16,0;4344,08;🟡 Planejado;E;Não informado;130,0;2,8
PC009419;04/01/2027;6;16,0;4372,69;🟡 Planejado;E;Não informado;130,0;2,8
PC003200;01/08/2026;1;9,0;7957,63;🚨 Urgente (até 7 dias);E;Não informado;269,0;1,4
PC003200;21/11/2026;4;4,0;3455,9;🟡 Planejado;E;Não informado;531,0;0,7
PC003200;29/12/2026;6;4,0;3989,46;🟡 Planejado;E;Não informado;469,0;0,8
PC003221;01/08/2026;1;17,0;5414,48;🚨 Urgente (até 7 dias);E;Não informado;196,0;1,9
PC003221;12/09/2026;2;11,0;3506,12;🟡 Planejado;E;Não informado;186,0;2,0
PC003221;21/10/2026;3;12,0;3750,32;🟡 Planejado;E;Não informado;172,0;2,1
PC003221;29/11/2026;5;15,0;4703,68;🟡 Planejado;E;Não informado;149,0;2,5
PC003221;15/01/2027;6;13,0;4204,66;🟡 Planejado;E;Não informado;153,0;2,4
PC008224;06/09/2026;2;5,0;3800,25;🟡 Planejado;E;Não informado;373,0;1,0
PC008224;16/10/2026;3;6,0;4070,64;🟡 Planejado;E;Não informado;348,0;1,0
PC008224;26/11/2026;4;6,0;4372,7;🟡 Planejado;E;Não informado;329,0;1,1
PC008224;30/12/2026;6;7,0;5128,87;🟡 Planejado;E;Não informado;278,0;1,3
PC009632;16/08/2026;1;5,0;3329,94;🔴 Prioritário (até 30 dias);E;Não informado;452,0;0,8
PC009632;01/10/2026;3;5,0;3356,12;🟡 Planejado;E;Não informado;452,0;0,8
PC009632;16/11/2026;4;5,0;3356,12;🟡 Planejado;E;Não informado;452,0;0,8
PC009632;01/01/2027;6;5,0;3356,12;🟡 Planejado;E;Não informado;452,0;0,8
PC008938;01/08/2026;1;8,0;5237,86;🚨 Urgente (até 7 dias);E;Não informado;362,0;1,0
PC008938;16/09/2026;2;6,0;3961,27;🟡 Planejado;E;Não informado;362,0;1,0
PC008938;01/11/2026;4;6,0;3961,27;🟡 Planejado;E;Não informado;362,0;1,0
PC008938;17/12/2026;5;6,0;3961,27;🟡 Planejado;E;Não informado;362,0;1,0
PC005269;03/08/2026;1;9,0;4144,11;🚨 Urgente (até 7 dias);E;Não informado;236,0;1,5
PC005269;16/09/2026;2;9,0;4202,45;🟡 Planejado;E;Não informado;233,0;1,6
PC005269;29/10/2026;3;9,0;4328,28;🟡 Planejado;E;Não informado;227,0;1,6
PC005269;12/12/2026;5;9,0;4515,11;🟡 Planejado;E;Não informado;220,0;1,7
PC005269;24/01/2027;6;9,0;4547,19;🟡 Planejado;E;Não informado;215,0;1,7
PC000597;05/08/2026;1;5,0;2996,94;🚨 Urgente (até 7 dias);E;Não informado;385,0;0,9
PC000597;15/09/2026;2;6,0;3264,74;🟡 Planejado;E;Não informado;359,0;1,0
PC000597;26/10/2026;3;6,0;3406,15;🟡 Planejado;E;Não informado;341,0;1,1
PC000597;02/12/2026;5;7,0;3846,21;🟡 Planejado;E;Não informado;304,0;1,2
PC000597;16/01/2027;6;7,0;3864,85;🟡 Planejado;E;Não informado;301,0;1,2
PC005472;01/08/2026;1;14,0;12096,4;🚨 Urgente (até 7 dias);E;Não informado;292,0;1,3
PC005472;05/11/2026;4;4,0;3645,71;🟡 Planejado;E;Não informado;500,0;0,7
PC005472;22/12/2026;5;4,0;3611,15;🟡 Planejado;E;Não informado;508,0;0,7
PC000275;30/08/2026;1;5,0;4365,84;🔴 Prioritário (até 30 dias);E;Não informado;425,0;0,9
PC000275;14/10/2026;3;5,0;4463,78;🟡 Planejado;E;Não informado;422,0;0,9
PC000275;28/11/2026;4;5,0;4433,46;🟡 Planejado;E;Não informado;421,0;0,9
PC000275;12/01/2027;6;5,0;4461,34;🟡 Planejado;E;Não informado;419,0;0,9
PC003861;16/09/2026;2;7,0;4078,83;🟡 Planejado;E;Não informado;278,0;1,3
PC003861;28/10/2026;3;8,0;4304,51;🟡 Planejado;E;Não informado;266,0;1,4
PC003861;08/12/2026;5;8,0;4458,49;🟡 Planejado;E;Não informado;254,0;1,4
PC003861;22/01/2027;6;8,0;4550,19;🟡 Planejado;E;Não informado;252,0;1,5
PC001952;01/08/2026;1;39,0;7025,18;🚨 Urgente (até 7 dias);E;Não informado;84,0;4,3
PC001952;18/09/2026;2;24,0;4274,45;🟡 Planejado;E;Não informado;87,0;4,2
PC001952;31/10/2026;4;24,0;4416,22;🟡 Planejado;E;Não informado;84,0;4,3
PC001952;16/12/2026;5;24,0;4412,02;🟡 Planejado;E;Não informado;84,0;4,3
PC000874;01/08/2026;1;14,0;7052,75;🚨 Urgente (até 7 dias);E;Não informado;263,0;1,4
PC000874;16/09/2026;2;8,0;3887,51;🟡 Planejado;E;Não informado;263,0;1,4
PC000874;01/11/2026;4;8,0;3887,51;🟡 Planejado;E;Não informado;263,0;1,4
PC000874;17/12/2026;5;8,0;3887,51;🟡 Planejado;E;Não informado;263,0;1,4
PC007274;01/08/2026;1;7,0;5459,0;🚨 Urgente (até 7 dias);E;Não informado;450,0;0,8
PC007274;15/09/2026;2;5,0;3458,32;🟡 Planejado;E;Não informado;450,0;0,8
PC007274;30/10/2026;4;5,0;3458,32;🟡 Planejado;E;Não informado;450,0;0,8
PC007274;14/12/2026;5;5,0;3458,32;🟡 Planejado;E;Não informado;450,0;0,8
PC008531;01/08/2026;1;12,0;7037,52;🚨 Urgente (até 7 dias);E;Não informado;173,0;2,1
PC008531;15/11/2026;4;6,0;3660,34;🟡 Planejado;E;Não informado;323,0;1,1
PC008531;24/12/2026;5;7,0;3955,88;🟡 Planejado;E;Não informado;298,0;1,2
PC002323;01/08/2026;1;13,0;6479,31;🚨 Urgente (até 7 dias);E;Não informado;269,0;1,4
PC002323;15/09/2026;2;8,0;3921,26;🟡 Planejado;E;Não informado;265,0;1,4
PC002323;30/10/2026;4;8,0;3876,8;🟡 Planejado;E;Não informado;263,0;1,4
PC002323;14/12/2026;5;8,0;3952,06;🟡 Planejado;E;Não informado;261,0;1,4
PC002323;27/01/2027;6;8,0;3973,34;🟡 Planejado;E;Não informado;257,0;1,4
PC001056;14/09/2026;2;19,0;4219,69;🟡 Planejado;E;Não informado;111,0;3,3
PC001056;30/10/2026;4;20,0;4572,24;🟡 Planejado;E;Não informado;107,0;3,4
PC001056;15/12/2026;5;19,0;4377,6;🟡 Planejado;E;Não informado;107,0;3,4
PC001056;27/01/2027;6;19,0;4411,99;🟡 Planejado;E;Não informado;105,0;3,5
PC002432;01/08/2026;1;25,0;13574,03;🚨 Urgente (até 7 dias);E;Não informado;97,0;3,7
PC002432;15/09/2026;2;21,0;11437,85;🟡 Planejado;E;Não informado;97,0;3,7
PC002432;30/10/2026;4;21,0;11437,85;🟡 Planejado;E;Não informado;97,0;3,7
PC002432;14/12/2026;5;21,0;11437,85;🟡 Planejado;E;Não informado;97,0;3,7
PC001995;01/08/2026;1;11,0;7336,74;🚨 Urgente (até 7 dias);E;Não informado;325,0;1,1
PC001995;16/09/2026;2;6,0;4159,58;🟡 Planejado;E;Não informado;328,0;1,1
PC001995;03/11/2026;4;6,0;3936,66;🟡 Planejado;E;Não informado;346,0;1,1
PC001995;16/12/2026;5;6,0;4142,06;🟡 Planejado;E;Não informado;333,0;1,1
PC001995;25/01/2027;6;7,0;4456,11;🟡 Planejado;E;Não informado;310,0;1,2
PC004256;01/08/2026;1;13,0;5130,75;🚨 Urgente (até 7 dias);E;Não informado;232,0;1,6
PC004256;13/09/2026;2;9,0;3686,23;🟡 Planejado;E;Não informado;225,0;1,6
PC004256;30/10/2026;4;10,0;3948,15;🟡 Planejado;E;Não informado;219,0;1,7
PC004256;11/12/2026;5;10,0;3988,85;🟡 Planejado;E;Não informado;209,0;1,7
PC004256;26/01/2027;6;10,0;3904,58;🟡 Planejado;E;Não informado;211,0;1,7
PC002635;04/09/2026;2;30,0;3733,59;🟡 Planejado;E;Não informado;68,0;5,4
PC002635;13/10/2026;3;33,0;4066,01;🟡 Planejado;E;Não informado;62,0;5,9
PC002635;26/11/2026;4;34,0;4123,81;🟡 Planejado;E;Não informado;61,0;6,0
PC002635;02/01/2027;6;37,0;4585,11;🟡 Planejado;E;Não informado;55,0;6,6
PC004371;01/08/2026;1;31,0;23210,52;🚨 Urgente (até 7 dias);E;Não informado;122,0;3,0
PC004371;16/09/2026;2;17,0;12607,0;🟡 Planejado;E;Não informado;122,0;3,0
PC004371;01/11/2026;4;17,0;12607,0;🟡 Planejado;E;Não informado;122,0;3,0
PC004371;17/12/2026;5;17,0;12607,0;🟡 Planejado;E;Não informado;122,0;3,0
PC009920;01/08/2026;1;28,0;4146,09;🚨 Urgente (até 7 dias);E;Não informado;82,0;4,5
PC009920;12/09/2026;2;26,0;3980,48;🟡 Planejado;E;Não informado;78,0;4,7
PC009920;28/10/2026;3;27,0;4002,93;🟡 Planejado;E;Não informado;78,0;4,7
PC009920;13/12/2026;5;26,0;3957,41;🟡 Planejado;E;Não informado;78,0;4,7
PC009920;17/01/2027;6;30,0;4473,08;🟡 Planejado;E;Não informado;69,0;5,3
PC005696;16/08/2026;1;8,0;3229,83;🔴 Prioritário (até 30 dias);E;Não informado;265,0;1,4
PC005696;30/09/2026;3;9,0;3585,0;🟡 Planejado;E;Não informado;252,0;1,5
PC005696;16/11/2026;4;8,0;3315,64;🟡 Planejado;E;Não informado;258,0;1,4
PC005696;31/12/2026;6;8,0;3405,28;🟡 Planejado;E;Não informado;254,0;1,4
PC006283;19/08/2026;1;13,0;3737,65;🔴 Prioritário (até 30 dias);E;Não informado;158,0;2,3
PC006283;03/10/2026;3;13,0;3746,39;🟡 Planejado;E;Não informado;158,0;2,3
PC006283;13/11/2026;4;14,0;4050,84;🟡 Planejado;E;Não informado;148,0;2,5
PC006283;23/12/2026;5;15,0;4358,92;🟡 Planejado;E;Não informado;138,0;2,6
PC008907;04/08/2026;1;6,0;2905,15;🚨 Urgente (até 7 dias);E;Não informado;332,0;1,1
PC008907;19/09/2026;2;6,0;2967,65;🟡 Planejado;E;Não informado;332,0;1,1
PC008907;04/11/2026;4;6,0;2967,65;🟡 Planejado;E;Não informado;332,0;1,1
PC008907;20/12/2026;5;6,0;2967,65;🟡 Planejado;E;Não informado;332,0;1,1
PC001152;01/08/2026;1;54,0;35322,74;🚨 Urgente (até 7 dias);E;Não informado;81,0;4,5
PC001152;15/09/2026;2;25,0;16318,78;🟡 Planejado;E;Não informado;81,0;4,5
PC001152;30/10/2026;4;25,0;16318,78;🟡 Planejado;E;Não informado;81,0;4,5
PC001152;14/12/2026;5;25,0;16318,78;🟡 Planejado;E;Não informado;81,0;4,5
PC006613;01/08/2026;1;10,0;7949,04;🚨 Urgente (até 7 dias);E;Não informado;280,0;1,3
PC006613;12/11/2026;4;4,0;3290,97;🟡 Planejado;E;Não informado;488,0;0,7
PC006613;29/12/2026;6;4,0;3244,65;🟡 Planejado;E;Não informado;488,0;0,7
PC000725;15/09/2026;2;5,0;2909,05;🟡 Planejado;E;Não informado;445,0;0,8
PC000725;30/10/2026;4;5,0;3360,52;🟡 Planejado;E;Não informado;416,0;0,9
PC000725;12/12/2026;5;5,0;3222,93;🟡 Planejado;E;Não informado;402,0;0,9
PC000725;22/01/2027;6;5,0;3400,52;🟡 Planejado;E;Não informado;382,0;1,0
PC000640;01/08/2026;1;22,0;10236,69;🚨 Urgente (até 7 dias);E;Não informado;169,0;2,2
PC000640;20/11/2026;4;6,0;2912,47;🟡 Planejado;E;Não informado;330,0;1,1
PC000640;29/12/2026;6;7,0;3335,11;🟡 Planejado;E;Não informado;292,0;1,2
PC008469;01/08/2026;1;14,0;7460,51;🚨 Urgente (até 7 dias);E;Não informado;167,0;2,2
PC008469;21/11/2026;4;6,0;3291,33;🟡 Planejado;E;Não informado;323,0;1,1
PC008469;04/01/2027;6;7,0;3423,87;🟡 Planejado;E;Não informado;309,0;1,2
PC003413;01/08/2026;1;6,0;3231,65;🚨 Urgente (até 7 dias);E;Não informado;370,0;1,0
PC003413;11/09/2026;2;6,0;3039,9;🟡 Planejado;E;Não informado;347,0;1,1
PC003413;22/10/2026;3;6,0;3216,77;🟡 Planejado;E;Não informado;328,0;1,1
PC003413;01/12/2026;5;7,0;3462,05;🟡 Planejado;E;Não informado;305,0;1,2
PC003413;09/01/2027;6;7,0;3731,33;🟡 Planejado;E;Não informado;280,0;1,3
PC002368;01/08/2026;1;25,0;19775,06;🚨 Urgente (até 7 dias);E;Não informado;162,0;2,2
PC002368;13/09/2026;2;13,0;10210,13;🟡 Planejado;E;Não informado;158,0;2,3
PC002368;27/10/2026;3;13,0;10651,0;🟡 Planejado;E;Não informado;154,0;2,4
PC002368;09/12/2026;5;14,0;10965,54;🟡 Planejado;E;Não informado;149,0;2,5
PC002368;23/01/2027;6;14,0;11130,5;🟡 Planejado;E;Não informado;147,0;2,5
PC009322;01/08/2026;1;32,0;9625,82;🚨 Urgente (até 7 dias);E;Não informado;108,0;3,4
PC009322;22/11/2026;4;10,0;2879,93;🟡 Planejado;E;Não informado;211,0;1,7
PC009322;30/12/2026;6;11,0;3263,4;🟡 Planejado;E;Não informado;190,0;1,9
PC008533;02/08/2026;1;4,0;4082,47;🚨 Urgente (até 7 dias);E;Não informado;507,0;0,7
PC008533;16/09/2026;2;4,0;4019,14;🟡 Planejado;E;Não informado;507,0;0,7
PC008533;31/10/2026;4;4,0;4019,09;🟡 Planejado;E;Não informado;507,0;0,7
PC008533;15/12/2026;5;4,0;4019,09;🟡 Planejado;E;Não informado;507,0;0,7
PC000192;12/08/2026;1;6,0;3816,65;🔴 Prioritário (até 30 dias);E;Não informado;332,0;1,1
PC000192;26/09/2026;2;6,0;3840,36;🟡 Planejado;E;Não informado;329,0;1,1
PC000192;08/11/2026;4;6,0;3929,28;🟡 Planejado;E;Não informado;320,0;1,1
PC000192;21/12/2026;5;7,0;4011,4;🟡 Planejado;E;Não informado;312,0;1,2
PC001611;10/09/2026;2;21,0;2972,61;🟡 Planejado;E;Não informado;98,0;3,7
PC001611;24/10/2026;3;22,0;3058,67;🟡 Planejado;E;Não informado;95,0;3,8
PC001611;01/12/2026;5;25,0;3456,16;🟡 Planejado;E;Não informado;84,0;4,3
PC001611;17/01/2027;6;24,0;3381,9;🟡 Planejado;E;Não informado;86,0;4,3
PC003520;31/08/2026;2;4,0;3482,57;🟡 Planejado;E;Não informado;476,0;0,8
PC003520;15/10/2026;3;4,0;3527,23;🟡 Planejado;E;Não informado;473,0;0,8
PC003520;23/11/2026;4;5,0;3842,72;🟡 Planejado;E;Não informado;437,0;0,8
PC003520;05/01/2027;6;5,0;3909,1;🟡 Planejado;E;Não informado;430,0;0,8
PC002602;30/08/2026;1;23,0;3646,2;🔴 Prioritário (até 30 dias);E;Não informado;88,0;4,1
PC002602;23/10/2026;3;20,0;3192,16;🟡 Planejado;E;Não informado;99,0;3,7
PC002602;01/12/2026;5;22,0;3485,51;🟡 Planejado;E;Não informado;92,0;4,0
PC002602;09/01/2027;6;25,0;3840,01;🟡 Planejado;E;Não informado;83,0;4,4
PC005899;10/08/2026;1;11,0;2918,4;🔴 Prioritário (até 30 dias);E;Não informado;183,0;2,0
PC005899;24/09/2026;2;11,0;2980,36;🟡 Planejado;E;Não informado;181,0;2,0
PC005899;08/11/2026;4;12,0;3033,9;🟡 Planejado;E;Não informado;179,0;2,0
PC005899;23/12/2026;5;11,0;3005,87;🟡 Planejado;E;Não informado;178,0;2,0
PC005771;17/08/2026;1;8,0;3116,2;🔴 Prioritário (até 30 dias);E;Não informado;268,0;1,4
PC005771;05/10/2026;3;7,0;2979,24;🟡 Planejado;E;Não informado;280,0;1,3
PC005771;25/11/2026;4;7,0;2740,47;🟡 Planejado;E;Não informado;303,0;1,2
PC005771;24/12/2026;5;8,0;3328,43;🟡 Planejado;E;Não informado;251,0;1,5
PC000256;01/08/2026;1;41,0;9858,05;🚨 Urgente (até 7 dias);E;Não informado;80,0;4,6
PC000256;23/11/2026;4;13,0;3210,86;🟡 Planejado;E;Não informado;153,0;2,4
PC000256;10/01/2027;6;13,0;3085,45;🟡 Planejado;E;Não informado;160,0;2,3
PC002048;08/09/2026;2;9,0;2693,67;🟡 Planejado;E;Não informado;222,0;1,6
PC002048;22/10/2026;3;9,0;2744,84;🟡 Planejado;E;Não informado;218,0;1,7
PC002048;09/12/2026;5;9,0;2656,83;🟡 Planejado;E;Não informado;225,0;1,6
PC002048;19/01/2027;6;10,0;2844,13;🟡 Planejado;E;Não informado;212,0;1,7
PC003424;01/08/2026;1;9,0;5285,6;🚨 Urgente (até 7 dias);E;Não informado;349,0;1,0
PC003424;23/09/2026;2;5,0;3136,04;🟡 Planejado;E;Não informado;385,0;0,9
PC003424;28/10/2026;3;6,0;3479,87;🟡 Planejado;E;Não informado;343,0;1,1
PC003424;06/12/2026;5;6,0;3702,98;🟡 Planejado;E;Não informado;324,0;1,1
PC003424;18/01/2027;6;6,0;3794,7;🟡 Planejado;E;Não informado;315,0;1,2
PC001344;01/08/2026;1;10,0;4248,73;🚨 Urgente (até 7 dias);E;Não informado;346,0;1,1
PC001344;15/09/2026;2;6,0;2541,87;🟡 Planejado;E;Não informado;341,0;1,1
PC001344;30/10/2026;4;7,0;2743,65;🟡 Planejado;E;Não informado;323,0;1,1
PC001344;13/12/2026;5;7,0;2745,79;🟡 Planejado;E;Não informado;315,0;1,2
PC002218;01/08/2026;1;10,0;3918,43;🚨 Urgente (até 7 dias);E;Não informado;333,0;1,1
PC002218;16/09/2026;2;6,0;2525,58;🟡 Planejado;E;Não informado;333,0;1,1
PC002218;01/11/2026;4;6,0;2525,58;🟡 Planejado;E;Não informado;333,0;1,1
PC002218;17/12/2026;5;6,0;2525,58;🟡 Planejado;E;Não informado;333,0;1,1
PC002944;01/08/2026;1;13,0;10543,65;🚨 Urgente (até 7 dias);E;Não informado;225,0;1,6
PC002944;16/09/2026;2;9,0;7312,16;🟡 Planejado;E;Não informado;225,0;1,6
PC002944;01/11/2026;4;9,0;7286,92;🟡 Planejado;E;Não informado;225,0;1,6
PC002944;17/12/2026;5;9,0;7298,17;🟡 Planejado;E;Não informado;226,0;1,6
PC001578;01/08/2026;1;26,0;14789,32;🚨 Urgente (até 7 dias);E;Não informado;147,0;2,5
PC001578;15/09/2026;2;14,0;7890,22;🟡 Planejado;E;Não informado;147,0;2,5
PC001578;30/10/2026;4;14,0;7915,31;🟡 Planejado;E;Não informado;146,0;2,5
PC001578;14/12/2026;5;14,0;7903,78;🟡 Planejado;E;Não informado;146,0;2,5
PC009931;01/08/2026;1;38,0;8109,19;🚨 Urgente (até 7 dias);E;Não informado;103,0;3,6
PC009931;23/11/2026;4;10,0;2139,3;🟡 Planejado;E;Não informado;204,0;1,8
PC009931;02/01/2027;6;11,0;2247,75;🟡 Planejado;E;Não informado;194,0;1,9
PC000341;01/08/2026;1;47,0;9566,42;🚨 Urgente (até 7 dias);E;Não informado;88,0;4,2
PC000341;07/11/2026;4;13,0;2704,21;🟡 Planejado;E;Não informado;153,0;2,4
PC000341;22/12/2026;5;14,0;2794,01;🟡 Planejado;E;Não informado;151,0;2,4
PC009514;01/08/2026;1;40,0;6245,58;🚨 Urgente (até 7 dias);E;Não informado;80,0;4,6
PC009514;18/11/2026;4;13,0;2056,15;🟡 Planejado;E;Não informado;155,0;2,4
PC009514;29/12/2026;6;17,0;2642,94;🟡 Planejado;E;Não informado;133,0;2,7
PC000203;01/08/2026;1;8,0;5755,53;🚨 Urgente (até 7 dias);E;Não informado;275,0;1,3
PC000203;13/11/2026;4;4,0;3182,34;🟡 Planejado;E;Não informado;495,0;0,7
PC000203;04/01/2027;6;4,0;2951,78;🟡 Planejado;E;Não informado;531,0;0,7
PC008725;01/08/2026;1;7,0;6805,42;🚨 Urgente (até 7 dias);E;Não informado;492,0;0,7
PC008725;15/09/2026;2;4,0;3972,61;🟡 Planejado;E;Não informado;487,0;0,7
PC008725;27/10/2026;3;4,0;4190,65;🟡 Planejado;E;Não informado;464,0;0,8
PC008725;14/12/2026;5;4,0;4069,95;🟡 Planejado;E;Não informado;470,0;0,8
PC007456;01/08/2026;1;64,0;7084,1;🚨 Urgente (até 7 dias);E;Não informado;48,0;7,6
PC007456;22/11/2026;4;22,0;2427,84;🟡 Planejado;E;Não informado;93,0;3,9
PC007456;30/12/2026;6;24,0;2706,28;🟡 Planejado;E;Não informado;83,0;4,4
PC007509;01/08/2026;1;11,0;6028,14;🚨 Urgente (até 7 dias);E;Não informado;284,0;1,3
PC007509;13/11/2026;4;4,0;2183,11;🟡 Planejado;E;Não informado;511,0;0,7
PC007509;30/12/2026;6;4,0;2149,16;🟡 Planejado;E;Não informado;521,0;0,7
PC009642;01/08/2026;1;13,0;3447,03;🚨 Urgente (até 7 dias);E;Não informado;214,0;1,7
PC009642;11/09/2026;2;10,0;2688,04;🟡 Planejado;E;Não informado;199,0;1,8
PC009642;04/11/2026;4;9,0;2385,1;🟡 Planejado;E;Não informado;222,0;1,6
PC009642;17/12/2026;5;10,0;2490,15;🟡 Planejado;E;Não informado;214,0;1,7
PC005781;01/08/2026;1;30,0;3052,3;🚨 Urgente (até 7 dias);E;Não informado;69,0;5,3
PC005781;12/09/2026;2;31,0;3188,86;🟡 Planejado;E;Não informado;66,0;5,5
PC005781;22/10/2026;3;33,0;3432,22;🟡 Planejado;E;Não informado;62,0;5,9
PC005781;08/12/2026;5;32,0;3342,01;🟡 Planejado;E;Não informado;63,0;5,8
PC005781;22/01/2027;6;33,0;3409,39;🟡 Planejado;E;Não informado;63,0;5,8
PC007978;01/08/2026;1;37,0;25296,92;🚨 Urgente (até 7 dias);E;Não informado;105,0;3,5
PC007978;16/09/2026;2;20,0;13370,02;🟡 Planejado;E;Não informado;105,0;3,5
PC007978;01/11/2026;4;20,0;13370,02;🟡 Planejado;E;Não informado;105,0;3,5
PC007978;17/12/2026;5;20,0;13370,02;🟡 Planejado;E;Não informado;105,0;3,5
PC000533;03/09/2026;2;3,0;3051,76;🟡 Planejado;E;Não informado;666,0;0,5
PC000533;19/10/2026;3;3,0;3108,47;🟡 Planejado;E;Não informado;666,0;0,5
PC000533;04/12/2026;5;3,0;3108,47;🟡 Planejado;E;Não informado;666,0;0,5
PC000533;19/01/2027;6;3,0;3108,47;🟡 Planejado;E;Não informado;666,0;0,5
PC006547;01/08/2026;1;8,0;5724,52;🚨 Urgente (até 7 dias);E;Não informado;298,0;1,2
PC006547;08/11/2026;4;4,0;2782,83;🟡 Planejado;E;Não informado;510,0;0,7
PC006547;28/12/2026;5;4,0;2616,79;🟡 Planejado;E;Não informado;540,0;0,7
PC002251;01/08/2026;1;16,0;12489,88;🚨 Urgente (até 7 dias);E;Não informado;226,0;1,6
PC002251;16/09/2026;2;9,0;7098,27;🟡 Planejado;E;Não informado;226,0;1,6
PC002251;01/11/2026;4;9,0;7095,59;🟡 Planejado;E;Não informado;226,0;1,6
PC002251;17/12/2026;5;9,0;7096,78;🟡 Planejado;E;Não informado;226,0;1,6
PC000531;01/08/2026;1;22,0;5148,24;🚨 Urgente (até 7 dias);E;Não informado;168,0;2,2
PC000531;15/09/2026;2;12,0;2812,41;🟡 Planejado;E;Não informado;168,0;2,2
PC000531;31/10/2026;4;12,0;2874,83;🟡 Planejado;E;Não informado;168,0;2,2
PC000531;16/12/2026;5;12,0;2874,83;🟡 Planejado;E;Não informado;168,0;2,2
PC004394;01/08/2026;1;31,0;25557,08;🚨 Urgente (até 7 dias);E;Não informado;131,0;2,8
PC004394;16/09/2026;2;16,0;13154,65;🟡 Planejado;E;Não informado;131,0;2,8
PC004394;01/11/2026;4;16,0;13154,65;🟡 Planejado;E;Não informado;131,0;2,8
PC004394;17/12/2026;5;16,0;13154,65;🟡 Planejado;E;Não informado;131,0;2,8
PC002133;01/08/2026;1;3,0;2586,44;🚨 Urgente (até 7 dias);E;Não informado;758,0;0,5
PC002133;18/09/2026;2;3,0;2249,58;🟡 Planejado;E;Não informado;786,0;0,5
PC002133;26/10/2026;3;3,0;2499,35;🟡 Planejado;E;Não informado;715,0;0,5
PC002133;02/12/2026;5;3,0;2755,85;🟡 Planejado;E;Não informado;643,0;0,6
PC002133;09/01/2027;6;3,0;3021,9;🟡 Planejado;E;Não informado;581,0;0,6
PC004576;01/08/2026;1;12,0;4277,02;🚨 Urgente (até 7 dias);E;Não informado;278,0;1,3
PC004576;15/09/2026;2;8,0;2602,58;🟡 Planejado;E;Não informado;275,0;1,3
PC004576;02/11/2026;4;7,0;2472,62;🟡 Planejado;E;Não informado;288,0;1,3
PC004576;15/12/2026;5;7,0;2586,8;🟡 Planejado;E;Não informado;277,0;1,3
PC000715;01/08/2026;1;78,0;15046,56;🚨 Urgente (até 7 dias);E;Não informado;40,0;9,2
PC000715;16/09/2026;2;52,0;10099,9;🟡 Planejado;E;Não informado;40,0;9,2
PC000715;01/11/2026;4;52,0;10090,62;🟡 Planejado;E;Não informado;40,0;9,2
PC000715;17/12/2026;5;52,0;10094,76;🟡 Planejado;E;Não informado;40,0;9,2
PC000211;01/08/2026;1;31,0;20835,36;🚨 Urgente (até 7 dias);E;Não informado;132,0;2,8
PC000211;16/09/2026;2;16,0;10398,59;🟡 Planejado;E;Não informado;132,0;2,8
PC000211;01/11/2026;4;16,0;10398,59;🟡 Planejado;E;Não informado;132,0;2,8
PC000211;17/12/2026;5;16,0;10398,59;🟡 Planejado;E;Não informado;132,0;2,8
PC007488;01/08/2026;1;9,0;3215,39;🚨 Urgente (até 7 dias);E;Não informado;331,0;1,1
PC007488;17/09/2026;2;6,0;2238,5;🟡 Planejado;E;Não informado;338,0;1,1
PC007488;01/11/2026;4;6,0;2215,18;🟡 Planejado;E;Não informado;338,0;1,1
PC007488;16/12/2026;5;6,0;2282,34;🟡 Planejado;E;Não informado;334,0;1,1
PC004627;01/08/2026;1;16,0;13165,7;🚨 Urgente (até 7 dias);E;Não informado;166,0;2,2
PC004627;15/09/2026;2;12,0;9816,6;🟡 Planejado;E;Não informado;166,0;2,2
PC004627;30/10/2026;4;12,0;9823,36;🟡 Planejado;E;Não informado;166,0;2,2
PC004627;14/12/2026;5;12,0;9820,26;🟡 Planejado;E;Não informado;166,0;2,2
PC000544;01/08/2026;1;22,0;4924,29;🚨 Urgente (até 7 dias);E;Não informado;168,0;2,2
PC000544;16/09/2026;2;12,0;2752,68;🟡 Planejado;E;Não informado;168,0;2,2
PC000544;31/10/2026;4;12,0;2692,92;🟡 Planejado;E;Não informado;168,0;2,2
PC000544;15/12/2026;5;12,0;2692,91;🟡 Planejado;E;Não informado;168,0;2,2
PC003669;01/08/2026;1;11,0;3113,84;🚨 Urgente (até 7 dias);E;Não informado;211,0;1,7
PC003669;15/09/2026;2;10,0;2862,54;🟡 Planejado;E;Não informado;210,0;1,7
PC003669;30/10/2026;4;10,0;2890,64;🟡 Planejado;E;Não informado;208,0;1,8
PC003669;14/12/2026;5;10,0;2877,73;🟡 Planejado;E;Não informado;208,0;1,8
PC006816;12/09/2026;2;7,0;2283,61;🟡 Planejado;E;Não informado;274,0;1,3
PC006816;27/10/2026;3;7,0;2282,19;🟡 Planejado;E;Não informado;273,0;1,3
PC006816;12/12/2026;5;8,0;2311,59;🟡 Planejado;E;Não informado;273,0;1,3
PC006816;25/01/2027;6;8,0;2332,57;🟡 Planejado;E;Não informado;268,0;1,4
PC003776;04/09/2026;2;14,0;2350,39;🟡 Planejado;E;Não informado;144,0;2,5
PC003776;20/10/2026;3;14,0;2389,88;🟡 Planejado;E;Não informado;144,0;2,5
PC003776;05/12/2026;5;14,0;2389,88;🟡 Planejado;E;Não informado;144,0;2,5
PC003776;20/01/2027;6;14,0;2389,88;🟡 Planejado;E;Não informado;144,0;2,5
PC007680;23/08/2026;1;5,0;2466,56;🔴 Prioritário (até 30 dias);E;Não informado;434,0;0,8
PC007680;07/10/2026;3;5,0;2421,89;🟡 Planejado;E;Não informado;434,0;0,8
PC007680;21/11/2026;4;5,0;2421,89;🟡 Planejado;E;Não informado;434,0;0,8
PC007680;05/01/2027;6;5,0;2421,89;🟡 Planejado;E;Não informado;434,0;0,8
PC004949;21/08/2026;1;4,0;1997,83;🔴 Prioritário (até 30 dias);E;Não informado;484,0;0,8
PC004949;02/10/2026;3;5,0;2157,1;🟡 Planejado;E;Não informado;450,0;0,8
PC004949;12/11/2026;4;5,0;2305,94;🟡 Planejado;E;Não informado;420,0;0,9
PC004949;21/12/2026;5;5,0;2453,01;🟡 Planejado;E;Não informado;389,0;0,9
PC008467;01/08/2026;1;59,0;6627,71;🚨 Urgente (até 7 dias);E;Não informado;61,0;6,0
PC008467;20/11/2026;4;17,0;1918,22;🟡 Planejado;E;Não informado;120,0;3,0
PC008467;29/12/2026;6;20,0;2206,17;🟡 Planejado;E;Não informado;108,0;3,4
PC002451;01/08/2026;1;34,0;6697,6;🚨 Urgente (até 7 dias);E;Não informado;90,0;4,1
PC002451;26/11/2026;4;11,0;2241,66;🟡 Planejado;E;Não informado;183,0;2,0
PC002451;29/12/2026;6;13,0;2624,47;🟡 Planejado;E;Não informado;156,0;2,3
PC005963;23/09/2026;2;3,0;2530,95;🟡 Planejado;E;Não informado;702,0;0,5
PC005963;30/10/2026;4;3,0;2784,64;🟡 Planejado;E;Não informado;641,0;0,6
PC005963;09/12/2026;5;3,0;3028,38;🟡 Planejado;E;Não informado;592,0;0,6
PC005963;24/01/2027;6;3,0;3060,86;🟡 Planejado;E;Não informado;592,0;0,6
PC006037;01/08/2026;1;8,0;3790,29;🚨 Urgente (até 7 dias);E;Não informado;287,0;1,3
PC006037;15/11/2026;4;4,0;1876,46;🟡 Planejado;E;Não informado;532,0;0,7
PC006037;31/12/2026;6;4,0;1904,8;🟡 Planejado;E;Não informado;522,0;0,7
PC005504;01/08/2026;1;18,0;14182,77;🚨 Urgente (até 7 dias);E;Não informado;195,0;1,9
PC005504;16/09/2026;2;11,0;8221,67;🟡 Planejado;E;Não informado;195,0;1,9
PC005504;01/11/2026;4;11,0;8221,67;🟡 Planejado;E;Não informado;195,0;1,9
PC005504;17/12/2026;5;11,0;8221,67;🟡 Planejado;E;Não informado;195,0;1,9
PC001939;01/08/2026;1;9,0;6805,32;🚨 Urgente (até 7 dias);E;Não informado;412,0;0,9
PC001939;20/11/2026;4;3,0;1936,49;🟡 Planejado;E;Não informado;792,0;0,5
PC001939;31/12/2026;6;3,0;2055,84;🟡 Planejado;E;Não informado;745,0;0,5
PC004307;01/08/2026;1;37,0;5346,54;🚨 Urgente (até 7 dias);E;Não informado;105,0;3,5
PC004307;15/09/2026;2;19,0;2765,76;🟡 Planejado;E;Não informado;105,0;3,5
PC004307;30/10/2026;4;19,0;2765,76;🟡 Planejado;E;Não informado;105,0;3,5
PC004307;14/12/2026;5;19,0;2765,76;🟡 Planejado;E;Não informado;105,0;3,5
PC007402;01/08/2026;1;13,0;4711,9;🚨 Urgente (até 7 dias);E;Não informado;212,0;1,7
PC007402;13/11/2026;4;5,0;1885,98;🟡 Planejado;E;Não informado;384,0;0,9
PC007402;29/12/2026;6;5,0;1894,49;🟡 Planejado;E;Não informado;376,0;1,0
PC009299;01/09/2026;2;7,0;2502,59;🟡 Planejado;E;Não informado;275,0;1,3
PC009299;15/10/2026;3;8,0;2565,39;🟡 Planejado;E;Não informado;269,0;1,4
PC009299;24/11/2026;4;8,0;2698,71;🟡 Planejado;E;Não informado;253,0;1,4
PC009299;10/01/2027;6;8,0;2693,84;🟡 Planejado;E;Não informado;256,0;1,4
PC009258;01/08/2026;1;8,0;3320,55;🚨 Urgente (até 7 dias);E;Não informado;395,0;0,9
PC009258;11/09/2026;2;5,0;2421,33;🟡 Planejado;E;Não informado;371,0;1,0
PC009258;19/10/2026;3;6,0;2730,07;🟡 Planejado;E;Não informado;335,0;1,1
PC009258;26/11/2026;4;7,0;2925,25;🟡 Planejado;E;Não informado;308,0;1,2
PC009258;03/01/2027;6;7,0;3245,01;🟡 Planejado;E;Não informado;279,0;1,3
PC008083;01/08/2026;1;5,0;3603,28;🚨 Urgente (até 7 dias);E;Não informado;671,0;0,5
PC008083;16/09/2026;2;3,0;2327,26;🟡 Planejado;E;Não informado;671,0;0,5
PC008083;01/11/2026;4;3,0;2327,93;🟡 Planejado;E;Não informado;671,0;0,5
PC008083;17/12/2026;5;3,0;2327,94;🟡 Planejado;E;Não informado;671,0;0,5
PC007381;03/08/2026;1;10,0;2548,19;🚨 Urgente (até 7 dias);E;Não informado;215,0;1,7
PC007381;17/09/2026;2;9,0;2515,63;🟡 Planejado;E;Não informado;214,0;1,7
PC007381;01/11/2026;4;10,0;2524,64;🟡 Planejado;E;Não informado;214,0;1,7
PC007381;16/12/2026;5;9,0;2520,37;🟡 Planejado;E;Não informado;214,0;1,7
PC007125;01/08/2026;1;20,0;2292,53;🚨 Urgente (até 7 dias);E;Não informado;107,0;3,4
PC007125;15/09/2026;2;19,0;2123,7;🟡 Planejado;E;Não informado;107,0;3,4
PC007125;30/10/2026;4;19,0;2127,31;🟡 Planejado;E;Não informado;107,0;3,4
PC007125;14/12/2026;5;19,0;2125,65;🟡 Planejado;E;Não informado;107,0;3,4
PC006101;14/09/2026;2;5,0;2435,12;🟡 Planejado;E;Não informado;450,0;0,8
PC006101;29/10/2026;3;5,0;2438,16;🟡 Planejado;E;Não informado;449,0;0,8
PC006101;13/12/2026;5;5,0;2436,52;🟡 Planejado;E;Não informado;449,0;0,8
PC006101;27/01/2027;6;5,0;2436,12;🟡 Planejado;E;Não informado;449,0;0,8
PC007072;01/08/2026;1;55,0;14286,35;🚨 Urgente (até 7 dias);E;Não informado;81,0;4,5
PC007072;17/09/2026;2;25,0;6518,18;🟡 Planejado;E;Não informado;82,0;4,4
PC007072;03/11/2026;4;24,0;6296,87;🟡 Planejado;E;Não informado;84,0;4,3
PC007072;19/12/2026;5;24,0;6254,81;🟡 Planejado;E;Não informado;85,0;4,3
PC007146;01/08/2026;1;8,0;6078,29;🚨 Urgente (até 7 dias);E;Não informado;447,0;0,8
PC007146;12/11/2026;4;3,0;1878,98;🟡 Planejado;E;Não informado;804,0;0,5
PC007146;29/12/2026;6;3,0;1878,94;🟡 Planejado;E;Não informado;804,0;0,5
PC009120;01/08/2026;1;41,0;6122,1;🚨 Urgente (até 7 dias);E;Não informado;71,0;5,1
PC009120;19/11/2026;4;15,0;2239,08;🟡 Planejado;E;Não informado;137,0;2,7
PC009120;28/12/2026;5;16,0;2443,62;🟡 Planejado;E;Não informado;127,0;2,9
PC008928;01/08/2026;1;52,0;11696,79;🚨 Urgente (até 7 dias);E;Não informado;62,0;5,9
PC008928;14/09/2026;2;34,0;7593,88;🟡 Planejado;E;Não informado;61,0;6,0
PC008928;29/10/2026;3;34,0;7712,2;🟡 Planejado;E;Não informado;60,0;6,1
PC008928;12/12/2026;5;35,0;7777,42;🟡 Planejado;E;Não informado;59,0;6,2
PC008928;26/01/2027;6;35,0;7824,57;🟡 Planejado;E;Não informado;59,0;6,2
PC009491;01/08/2026;1;61,0;15356,33;🚨 Urgente (até 7 dias);E;Não informado;65,0;5,6
PC009491;15/09/2026;2;31,0;7859,24;🟡 Planejado;E;Não informado;65,0;5,6
PC009491;30/10/2026;4;31,0;7859,24;🟡 Planejado;E;Não informado;65,0;5,6
PC009491;14/12/2026;5;31,0;7859,24;🟡 Planejado;E;Não informado;65,0;5,6
PC002688;01/08/2026;1;24,0;13677,85;🚨 Urgente (até 7 dias);E;Não informado;166,0;2,2
PC002688;15/09/2026;2;12,0;6843,36;🟡 Planejado;E;Não informado;166,0;2,2
PC002688;30/10/2026;4;12,0;6844,63;🟡 Planejado;E;Não informado;166,0;2,2
PC002688;14/12/2026;5;12,0;6844,05;🟡 Planejado;E;Não informado;166,0;2,2
PC003626;01/08/2026;1;14,0;11765,19;🚨 Urgente (até 7 dias);E;Não informado;236,0;1,5
PC003626;16/09/2026;2;9,0;7209,09;🟡 Planejado;E;Não informado;236,0;1,5
PC003626;01/11/2026;4;9,0;7221,94;🟡 Planejado;E;Não informado;236,0;1,5
PC003626;17/12/2026;5;9,0;7223,16;🟡 Planejado;E;Não informado;236,0;1,5
PC008085;01/08/2026;1;44,0;22802,24;🚨 Urgente (até 7 dias);E;Não informado;90,0;4,1
PC008085;15/09/2026;2;23,0;11788,12;🟡 Planejado;E;Não informado;90,0;4,1
PC008085;30/10/2026;4;23,0;11788,12;🟡 Planejado;E;Não informado;90,0;4,1
PC008085;14/12/2026;5;23,0;11788,12;🟡 Planejado;E;Não informado;90,0;4,1
PC000480;03/09/2026;2;3,0;2746,8;🟡 Planejado;E;Não informado;662,0;0,6
PC000480;19/10/2026;3;3,0;2766,84;🟡 Planejado;E;Não informado;662,0;0,6
PC000480;04/12/2026;5;3,0;2766,84;🟡 Planejado;E;Não informado;662,0;0,6
PC000480;19/01/2027;6;3,0;2766,84;🟡 Planejado;E;Não informado;662,0;0,6
PC007904;01/08/2026;1;6,0;4093,16;🚨 Urgente (até 7 dias);E;Não informado;446,0;0,8
PC007904;09/11/2026;4;3,0;1701,46;🟡 Planejado;E;Não informado;792,0;0,5
PC007904;28/12/2026;5;2,0;1624,5;🟡 Planejado;E;Não informado;829,0;0,4
PC007819;01/08/2026;1;14,0;10050,73;🚨 Urgente (até 7 dias);E;Não informado;275,0;1,3
PC007819;16/09/2026;2;7,0;5489,15;🟡 Planejado;E;Não informado;277,0;1,3
PC007819;01/11/2026;4;7,0;5400,47;🟡 Planejado;E;Não informado;280,0;1,3
PC007819;17/12/2026;5;7,0;5439,99;🟡 Planejado;E;Não informado;281,0;1,3
PC001706;22/08/2026;1;4,0;2541,17;🔴 Prioritário (até 30 dias);E;Não informado;491,0;0,7
PC001706;04/10/2026;3;4,0;2614,79;🟡 Planejado;E;Não informado;473,0;0,8
PC001706;19/11/2026;4;4,0;2636,88;🟡 Planejado;E;Não informado;474,0;0,8
PC001706;29/12/2026;6;5,0;2951,61;🟡 Planejado;E;Não informado;426,0;0,9
PC002837;01/08/2026;1;42,0;5074,67;🚨 Urgente (até 7 dias);E;Não informado;69,0;5,3
PC002837;15/11/2026;4;16,0;1975,38;🟡 Planejado;E;Não informado;126,0;2,9
PC002837;30/12/2026;6;16,0;1958,8;🟡 Planejado;E;Não informado;126,0;2,9
PC000032;11/08/2026;1;3,0;1644,69;🔴 Prioritário (até 30 dias);E;Não informado;734,0;0,5
PC000032;22/09/2026;2;3,0;1726,16;🟡 Planejado;E;Não informado;700,0;0,5
PC000032;30/10/2026;4;3,0;1984,21;🟡 Planejado;E;Não informado;613,0;0,6
PC000032;13/12/2026;5;3,0;2026,3;🟡 Planejado;E;Não informado;597,0;0,6
PC000032;26/01/2027;6;3,0;2036,19;🟡 Planejado;E;Não informado;587,0;0,6
PC006506;01/08/2026;1;7,0;4702,22;🚨 Urgente (até 7 dias);E;Não informado;442,0;0,8
PC006506;12/11/2026;4;3,0;1628,46;🟡 Planejado;E;Não informado;810,0;0,5
PC006506;22/12/2026;5;3,0;1744,15;🟡 Planejado;E;Não informado;757,0;0,5
PC009365;01/08/2026;1;19,0;4193,74;🚨 Urgente (até 7 dias);E;Não informado;139,0;2,6
PC009365;12/11/2026;4;8,0;1844,21;🟡 Planejado;E;Não informado;251,0;1,5
PC009365;29/12/2026;6;10,0;2198,5;🟡 Planejado;E;Não informado;232,0;1,6
PC006803;01/08/2026;1;8,0;3146,71;🚨 Urgente (até 7 dias);E;Não informado;292,0;1,3
PC006803;13/11/2026;4;4,0;1613,86;🟡 Planejado;E;Não informado;528,0;0,7
PC006803;01/01/2027;6;4,0;1544,99;🟡 Planejado;E;Não informado;545,0;0,7
PC004565;01/08/2026;1;11,0;9349,09;🚨 Urgente (até 7 dias);E;Não informado;345,0;1,1
PC004565;15/09/2026;2;6,0;4909,97;🟡 Planejado;E;Não informado;345,0;1,1
PC004565;30/10/2026;4;6,0;4909,97;🟡 Planejado;E;Não informado;345,0;1,1
PC004565;14/12/2026;5;6,0;4909,97;🟡 Planejado;E;Não informado;345,0;1,1
PC008810;01/08/2026;1;8,0;2065,54;🚨 Urgente (até 7 dias);E;Não informado;266,0;1,4
PC008810;20/09/2026;2;7,0;1844,32;🟡 Planejado;E;Não informado;283,0;1,3
PC008810;27/10/2026;3;8,0;2066,28;🟡 Planejado;E;Não informado;255,0;1,4
PC008810;19/12/2026;5;7,0;1900,41;🟡 Planejado;E;Não informado;276,0;1,3
PC009747;26/08/2026;1;12,0;2191,43;🔴 Prioritário (até 30 dias);E;Não informado;165,0;2,2
PC009747;11/10/2026;3;13,0;2217,73;🟡 Planejado;E;Não informado;165,0;2,2
PC009747;26/11/2026;4;13,0;2217,73;🟡 Planejado;E;Não informado;165,0;2,2
PC009747;11/01/2027;6;13,0;2217,73;🟡 Planejado;E;Não informado;165,0;2,2
PC003488;01/08/2026;1;9,0;3152,83;🚨 Urgente (até 7 dias);E;Não informado;334,0;1,1
PC003488;15/09/2026;2;6,0;2233,83;🟡 Planejado;E;Não informado;333,0;1,1
PC003488;30/10/2026;4;6,0;2235,58;🟡 Planejado;E;Não informado;333,0;1,1
PC003488;14/12/2026;5;6,0;2230,77;🟡 Planejado;E;Não informado;332,0;1,1
PC003027;05/09/2026;2;3,0;1999,39;🟡 Planejado;E;Não informado;678,0;0,5
PC003027;15/10/2026;3;3,0;2170,28;🟡 Planejado;E;Não informado;624,0;0,6
PC003027;05/12/2026;5;3,0;2064,64;🟡 Planejado;E;Não informado;654,0;0,6
PC003027;18/01/2027;6;3,0;2100,97;🟡 Planejado;E;Não informado;640,0;0,6
PC007584;04/09/2026;2;3,0;1719,13;🟡 Planejado;E;Não informado;674,0;0,5
PC007584;20/10/2026;3;3,0;1751,23;🟡 Planejado;E;Não informado;674,0;0,5
PC007584;05/12/2026;5;3,0;1751,23;🟡 Planejado;E;Não informado;674,0;0,5
PC007584;20/01/2027;6;3,0;1751,23;🟡 Planejado;E;Não informado;674,0;0,5
PC006592;02/08/2026;1;4,0;1586,8;🚨 Urgente (até 7 dias);E;Não informado;512,0;0,7
PC006592;08/09/2026;2;5,0;1845,88;🟡 Planejado;E;Não informado;448,0;0,8
PC006592;23/10/2026;3;5,0;1850,11;🟡 Planejado;E;Não informado;444,0;0,8
PC006592;03/12/2026;5;5,0;1943,18;🟡 Planejado;E;Não informado;419,0;0,9
PC006592;11/01/2027;6;5,0;2117,56;🟡 Planejado;E;Não informado;384,0;0,9
PC003347;01/08/2026;1;14,0;7242,17;🚨 Urgente (até 7 dias);E;Não informado;270,0;1,4
PC003347;20/11/2026;4;4,0;2075,91;🟡 Planejado;E;Não informado;512,0;0,7
PC003347;07/01/2027;6;4,0;2087,53;🟡 Planejado;E;Não informado;517,0;0,7
PC009088;01/08/2026;1;5,0;2573,58;🚨 Urgente (até 7 dias);E;Não informado;509,0;0,7
PC009088;15/09/2026;2;4,0;2093,98;🟡 Planejado;E;Não informado;507,0;0,7
PC009088;31/10/2026;4;4,0;2116,02;🟡 Planejado;E;Não informado;506,0;0,7
PC009088;17/12/2026;5;4,0;2086,69;🟡 Planejado;E;Não informado;515,0;0,7
PC006496;01/08/2026;1;20,0;4618,15;🚨 Urgente (até 7 dias);E;Não informado;165,0;2,2
PC006496;26/11/2026;4;6,0;1436,13;🟡 Planejado;E;Não informado;336,0;1,1
PC006496;07/01/2027;6;6,0;1496,63;🟡 Planejado;E;Não informado;321,0;1,1
PC005323;03/08/2026;1;5,0;2799,9;🚨 Urgente (até 7 dias);E;Não informado;431,0;0,8
PC005323;16/11/2026;4;3,0;1588,75;🟡 Planejado;E;Não informado;761,0;0,5
PC005323;30/12/2026;6;3,0;1671,91;🟡 Planejado;E;Não informado;723,0;0,5
PC008480;01/08/2026;1;56,0;3968,62;🚨 Urgente (até 7 dias);E;Não informado;51,0;7,2
PC008480;14/11/2026;4;22,0;1552,22;🟡 Planejado;E;Não informado;94,0;3,9
PC008480;29/12/2026;6;26,0;1851,99;🟡 Planejado;E;Não informado;85,0;4,3
PC008917;01/08/2026;1;30,0;2042,53;🚨 Urgente (até 7 dias);E;Não informado;78,0;4,7
PC008917;10/09/2026;2;29,0;1917,52;🟡 Planejado;E;Não informado;72,0;5,1
PC008917;29/10/2026;3;28,0;1859,33;🟡 Planejado;E;Não informado;75,0;4,9
PC008917;30/11/2026;5;32,0;2167,98;🟡 Planejado;E;Não informado;63,0;5,7
PC008917;16/01/2027;6;32,0;2134,73;🟡 Planejado;E;Não informado;65,0;5,6
PC008874;31/08/2026;2;4,0;1942,94;🟡 Planejado;E;Não informado;653,0;0,6
PC008874;18/10/2026;3;3,0;1610,3;🟡 Planejado;E;Não informado;672,0;0,5
PC008874;28/11/2026;4;3,0;1667,65;🟡 Planejado;E;Não informado;640,0;0,6
PC008874;05/01/2027;6;4,0;1840,57;🟡 Planejado;E;Não informado;580,0;0,6
PC003456;01/08/2026;1;25,0;6515,16;🚨 Urgente (até 7 dias);E;Não informado;171,0;2,1
PC003456;18/11/2026;4;6,0;1676,17;🟡 Planejado;E;Não informado;322,0;1,1
PC003456;31/12/2026;6;7,0;1727,77;🟡 Planejado;E;Não informado;313,0;1,2
PC003306;01/08/2026;1;19,0;15537,65;🚨 Urgente (até 7 dias);E;Não informado;179,0;2,0
PC003306;15/09/2026;2;11,0;9062,43;🟡 Planejado;E;Não informado;179,0;2,0
PC003306;30/10/2026;4;11,0;9062,43;🟡 Planejado;E;Não informado;179,0;2,0
PC003306;14/12/2026;5;11,0;9062,43;🟡 Planejado;E;Não informado;179,0;2,0
PC001045;01/08/2026;1;5,0;3626,01;🚨 Urgente (até 7 dias);E;Não informado;732,0;0,5
PC001045;14/09/2026;2;3,0;2015,03;🟡 Planejado;E;Não informado;713,0;0,5
PC001045;27/10/2026;3;3,0;2061,31;🟡 Planejado;E;Não informado;692,0;0,5
PC001045;29/11/2026;5;4,0;2487,32;🟡 Planejado;E;Não informado;576,0;0,6
PC001045;17/01/2027;6;3,0;2349,62;🟡 Planejado;E;Não informado;605,0;0,6
PC007691;02/08/2026;1;23,0;1901,92;🚨 Urgente (até 7 dias);E;Não informado;88,0;4,2
PC007691;17/09/2026;2;24,0;1928,6;🟡 Planejado;E;Não informado;88,0;4,2
PC007691;02/11/2026;4;24,0;1928,91;🟡 Planejado;E;Não informado;88,0;4,2
PC007691;18/12/2026;5;24,0;1928,91;🟡 Planejado;E;Não informado;88,0;4,2
PC003178;01/08/2026;1;4,0;2241,21;🚨 Urgente (até 7 dias);E;Não informado;657,0;0,6
PC003178;16/09/2026;2;3,0;1791,41;🟡 Planejado;E;Não informado;659,0;0,6
PC003178;01/11/2026;4;3,0;1785,48;🟡 Planejado;E;Não informado;660,0;0,6
PC003178;15/12/2026;5;3,0;1791,95;🟡 Planejado;E;Não informado;649,0;0,6
PC003178;26/01/2027;6;3,0;1852,12;🟡 Planejado;E;Não informado;626,0;0,6
PC003915;01/08/2026;1;28,0;3369,49;🚨 Urgente (até 7 dias);E;Não informado;115,0;3,2
PC003915;16/09/2026;2;18,0;2202,99;🟡 Planejado;E;Não informado;115,0;3,2
PC003915;01/11/2026;4;18,0;2202,96;🟡 Planejado;E;Não informado;115,0;3,2
PC003915;17/12/2026;5;18,0;2202,97;🟡 Planejado;E;Não informado;115,0;3,2
PC001408;01/08/2026;1;94,0;27133,76;🚨 Urgente (até 7 dias);E;Não informado;46,0;8,0
PC001408;16/09/2026;2;45,0;13150,31;🟡 Planejado;E;Não informado;46,0;8,0
PC001408;01/11/2026;4;45,0;13150,31;🟡 Planejado;E;Não informado;46,0;8,0
PC001408;17/12/2026;5;45,0;13150,31;🟡 Planejado;E;Não informado;46,0;8,0
PC001235;01/08/2026;1;32,0;18525,94;🚨 Urgente (até 7 dias);E;Não informado;120,0;3,0
PC001235;16/09/2026;2;17,0;10021,3;🟡 Planejado;E;Não informado;120,0;3,0
PC001235;01/11/2026;4;17,0;10021,3;🟡 Planejado;E;Não informado;120,0;3,0
PC001235;17/12/2026;5;17,0;10021,3;🟡 Planejado;E;Não informado;120,0;3,0
PC005674;19/08/2026;1;3,0;1490,09;🔴 Prioritário (até 30 dias);E;Não informado;823,0;0,4
PC005674;23/09/2026;2;3,0;1677,46;🟡 Planejado;E;Não informado;725,0;0,5
PC005674;03/11/2026;4;3,0;1743,76;🟡 Planejado;E;Não informado;701,0;0,5
PC005674;15/12/2026;5;3,0;1791,12;🟡 Planejado;E;Não informado;672,0;0,5
PC005674;24/01/2027;6;3,0;1918,16;🟡 Planejado;E;Não informado;631,0;0,6
PC000651;08/08/2026;1;3,0;2259,0;🔴 Prioritário (até 30 dias);E;Não informado;700,0;0,5
PC000651;22/09/2026;2;3,0;2260,08;🟡 Planejado;E;Não informado;695,0;0,5
PC000651;30/10/2026;4;3,0;2629,76;🟡 Planejado;E;Não informado;616,0;0,6
PC000651;22/12/2026;5;3,0;2341,17;🟡 Planejado;E;Não informado;677,0;0,5
PC000651;27/01/2027;6;3,0;2567,17;🟡 Planejado;E;Não informado;610,0;0,6
PC002912;18/09/2026;2;4,0;1600,87;🟡 Planejado;E;Não informado;463,0;0,8
PC002912;29/10/2026;3;5,0;1694,39;🟡 Planejado;E;Não informado;440,0;0,8
PC002912;05/12/2026;5;5,0;1933,97;🟡 Planejado;E;Não informado;388,0;0,9
PC002912;24/01/2027;6;5,0;1808,52;🟡 Planejado;E;Não informado;412,0;0,9
PC003283;16/09/2026;2;3,0;1772,46;🟡 Planejado;E;Não informado;781,0;0,5
PC003283;25/10/2026;3;3,0;1911,48;🟡 Planejado;E;Não informado;723,0;0,5
PC003283;04/12/2026;5;3,0;2063,81;🟡 Planejado;E;Não informado;673,0;0,5
PC003283;14/01/2027;6;3,0;2204,03;🟡 Planejado;E;Não informado;631,0;0,6
PC000277;01/08/2026;1;37,0;4679,5;🚨 Urgente (até 7 dias);E;Não informado;69,0;5,3
PC000277;16/09/2026;2;30,0;3702,04;🟡 Planejado;E;Não informado;70,0;5,2
PC000277;01/11/2026;4;29,0;3672,58;🟡 Planejado;E;Não informado;70,0;5,2
PC000277;17/12/2026;5;29,0;3677,23;🟡 Planejado;E;Não informado;70,0;5,2
PC006549;08/09/2026;2;6,0;1750,45;🟡 Planejado;E;Não informado;337,0;1,1
PC006549;24/10/2026;3;6,0;1766,87;🟡 Planejado;E;Não informado;338,0;1,1
PC006549;28/11/2026;4;7,0;1970,76;🟡 Planejado;E;Não informado;300,0;1,2
PC006549;07/01/2027;6;7,0;2129,86;🟡 Planejado;E;Não informado;275,0;1,3
PC005152;03/08/2026;1;5,0;2954,43;🚨 Urgente (até 7 dias);E;Não informado;428,0;0,9
PC005152;17/11/2026;4;3,0;1578,9;🟡 Planejado;E;Não informado;789,0;0,5
PC005152;24/12/2026;5;3,0;1766,58;🟡 Planejado;E;Não informado;712,0;0,5
PC002080;01/08/2026;1;16,0;2216,54;🚨 Urgente (até 7 dias);E;Não informado;143,0;2,5
PC002080;15/09/2026;2;14,0;2014,31;🟡 Planejado;E;Não informado;143,0;2,6
PC002080;30/10/2026;4;14,0;2034,15;🟡 Planejado;E;Não informado;142,0;2,6
PC002080;14/12/2026;5;14,0;2025,03;🟡 Planejado;E;Não informado;141,0;2,6
PC006421;01/08/2026;1;19,0;10295,1;🚨 Urgente (até 7 dias);E;Não informado;220,0;1,7
PC006421;15/09/2026;2;9,0;5084,33;🟡 Planejado;E;Não informado;220,0;1,7
PC006421;30/10/2026;4;9,0;5091,07;🟡 Planejado;E;Não informado;220,0;1,7
PC006421;14/12/2026;5;9,0;5089,94;🟡 Planejado;E;Não informado;220,0;1,7
PC003744;01/08/2026;1;20,0;14035,86;🚨 Urgente (até 7 dias);E;Não informado;205,0;1,8
PC003744;15/09/2026;2;10,0;6874,77;🟡 Planejado;E;Não informado;205,0;1,8
PC003744;30/10/2026;4;10,0;6874,77;🟡 Planejado;E;Não informado;205,0;1,8
PC003744;14/12/2026;5;10,0;6874,77;🟡 Planejado;E;Não informado;205,0;1,8
PC003712;01/08/2026;1;8,0;3781,39;🚨 Urgente (até 7 dias);E;Não informado;455,0;0,8
PC003712;16/09/2026;2;4,0;2097,64;🟡 Planejado;E;Não informado;459,0;0,8
PC003712;29/10/2026;3;5,0;2176,94;🟡 Planejado;E;Não informado;446,0;0,8
PC003712;03/12/2026;5;5,0;2469,46;🟡 Planejado;E;Não informado;389,0;0,9
PC003712;19/01/2027;6;5,0;2430,98;🟡 Planejado;E;Não informado;397,0;0,9
PC002016;07/08/2026;1;9,0;1894,73;🚨 Urgente (até 7 dias);E;Não informado;230,0;1,6
PC002016;23/09/2026;2;9,0;1879,26;🟡 Planejado;E;Não informado;233,0;1,6
PC002016;30/10/2026;4;12,0;2629,08;🟡 Planejado;E;Não informado;186,0;2,0
PC002016;23/12/2026;5;10,0;2086,45;🟡 Planejado;E;Não informado;208,0;1,8
PC003370;01/08/2026;1;6,0;1940,13;🚨 Urgente (até 7 dias);E;Não informado;515,0;0,7
PC003370;11/09/2026;2;4,0;1402,17;🟡 Planejado;E;Não informado;484,0;0,8
PC003370;19/10/2026;3;5,0;1533,05;🟡 Planejado;E;Não informado;442,0;0,8
PC003370;29/11/2026;5;5,0;1685,03;🟡 Planejado;E;Não informado;411,0;0,9
PC003370;06/01/2027;6;6,0;1861,3;🟡 Planejado;E;Não informado;367,0;1,0
PC007552;04/08/2026;1;5,0;2273,04;🚨 Urgente (até 7 dias);E;Não informado;438,0;0,8
PC007552;17/11/2026;4;3,0;1284,97;🟡 Planejado;E;Não informado;772,0;0,5
PC007552;02/01/2027;6;3,0;1294,03;🟡 Planejado;E;Não informado;768,0;0,5
PC004128;01/08/2026;1;15,0;12030,29;🚨 Urgente (até 7 dias);E;Não informado;268,0;1,4
PC004128;16/09/2026;2;8,0;6175,46;🟡 Planejado;E;Não informado;268,0;1,4
PC004128;31/10/2026;4;8,0;6067,55;🟡 Planejado;E;Não informado;268,0;1,4
PC004128;15/12/2026;5;8,0;6063,99;🟡 Planejado;E;Não informado;268,0;1,4
PC002208;04/09/2026;2;6,0;1643,33;🟡 Planejado;E;Não informado;336,0;1,1
PC002208;20/10/2026;3;6,0;1647,31;🟡 Planejado;E;Não informado;336,0;1,1
PC002208;05/12/2026;5;6,0;1638,01;🟡 Planejado;E;Não informado;338,0;1,1
PC002208;20/01/2027;6;6,0;1642,42;🟡 Planejado;E;Não informado;338,0;1,1
PC004032;08/08/2026;1;4,0;1944,31;🔴 Prioritário (até 30 dias);E;Não informado;470,0;0,8
PC004032;24/09/2026;2;4,0;1884,77;🟡 Planejado;E;Não informado;482,0;0,8
PC004032;06/11/2026;4;4,0;1910,66;🟡 Planejado;E;Não informado;476,0;0,8
PC004032;20/12/2026;5;4,0;1951,62;🟡 Planejado;E;Não informado;468,0;0,8
PC008490;01/08/2026;1;18,0;2727,52;🚨 Urgente (até 7 dias);E;Não informado;162,0;2,3
PC008490;18/09/2026;2;12,0;1850,71;🟡 Planejado;E;Não informado;168,0;2,2
PC008490;20/10/2026;3;15,0;2200,49;🟡 Planejado;E;Não informado;142,0;2,6
PC008490;03/12/2026;5;15,0;2295,89;🟡 Planejado;E;Não informado;135,0;2,7
PC008490;13/01/2027;6;16,0;2453,08;🟡 Planejado;E;Não informado;126,0;2,9
PC004224;01/08/2026;1;8,0;5999,89;🚨 Urgente (até 7 dias);E;Não informado;359,0;1,0
PC004224;16/09/2026;2;6,0;4455,51;🟡 Planejado;E;Não informado;361,0;1,0
PC004224;01/11/2026;4;6,0;4403,87;🟡 Planejado;E;Não informado;363,0;1,0
PC004224;17/12/2026;5;6,0;4426,88;🟡 Planejado;E;Não informado;364,0;1,0
PC001920;01/08/2026;1;17,0;6167,73;🚨 Urgente (até 7 dias);E;Não informado;143,0;2,6
PC001920;15/09/2026;2;14,0;5196,51;🟡 Planejado;E;Não informado;143,0;2,6
PC001920;30/10/2026;4;14,0;5196,51;🟡 Planejado;E;Não informado;143,0;2,6
PC001920;14/12/2026;5;14,0;5196,51;🟡 Planejado;E;Não informado;143,0;2,6
PC007635;13/08/2026;1;4,0;1635,43;🔴 Prioritário (até 30 dias);E;Não informado;508,0;0,7
PC007635;28/09/2026;2;4,0;1613,42;🟡 Planejado;E;Não informado;513,0;0,7
PC007635;12/11/2026;4;4,0;1617,63;🟡 Planejado;E;Não informado;512,0;0,7
PC007635;27/12/2026;5;4,0;1611,27;🟡 Planejado;E;Não informado;512,0;0,7
PC003603;08/08/2026;1;4,0;1348,39;🔴 Prioritário (até 30 dias);E;Não informado;468,0;0,8
PC003603;22/09/2026;2;4,0;1333,08;🟡 Planejado;E;Não informado;467,0;0,8
PC003603;02/11/2026;4;5,0;1410,85;🟡 Planejado;E;Não informado;448,0;0,8
PC003603;10/12/2026;5;5,0;1571,19;🟡 Planejado;E;Não informado;402,0;0,9
PC003603;20/01/2027;6;5,0;1663,46;🟡 Planejado;E;Não informado;379,0;1,0
PC004939;01/08/2026;1;7,0;3187,83;🚨 Urgente (até 7 dias);E;Não informado;444,0;0,8
PC004939;14/09/2026;2;5,0;2088,1;🟡 Planejado;E;Não informado;434,0;0,8
PC004939;01/11/2026;4;5,0;2031,56;🟡 Planejado;E;Não informado;449,0;0,8
PC004939;18/12/2026;5;4,0;1963,61;🟡 Planejado;E;Não informado;459,0;0,8
PC003029;01/08/2026;1;84,0;15291,0;🚨 Urgente (até 7 dias);E;Não informado;47,0;7,8
PC003029;15/09/2026;2;43,0;7872,77;🟡 Planejado;E;Não informado;47,0;7,8
PC003029;30/10/2026;4;43,0;7872,77;🟡 Planejado;E;Não informado;47,0;7,8
PC003029;14/12/2026;5;43,0;7872,77;🟡 Planejado;E;Não informado;47,0;7,8
PC008395;01/08/2026;1;28,0;4878,88;🚨 Urgente (até 7 dias);E;Não informado;136,0;2,7
PC008395;20/11/2026;4;8,0;1356,57;🟡 Planejado;E;Não informado;261,0;1,4
PC008395;03/01/2027;6;8,0;1373,19;🟡 Planejado;E;Não informado;255,0;1,4
PC003584;05/09/2026;2;6,0;1640,12;🟡 Planejado;E;Não informado;339,0;1,1
PC003584;20/10/2026;3;6,0;1622,47;🟡 Planejado;E;Não informado;338,0;1,1
PC003584;04/12/2026;5;6,0;1621,26;🟡 Planejado;E;Não informado;338,0;1,1
PC003584;18/01/2027;6;6,0;1621,06;🟡 Planejado;E;Não informado;338,0;1,1
PC003114;20/08/2026;1;3,0;1686,09;🔴 Prioritário (até 30 dias);E;Não informado;666,0;0,5
PC003114;30/09/2026;3;3,0;1780,38;🟡 Planejado;E;Não informado;625,0;0,6
PC003114;16/11/2026;4;3,0;1716,01;🟡 Planejado;E;Não informado;642,0;0,6
PC003114;01/01/2027;6;3,0;1752,18;🟡 Planejado;E;Não informado;638,0;0,6
PC004235;01/08/2026;1;14,0;5881,13;🚨 Urgente (até 7 dias);E;Não informado;163,0;2,2
PC004235;15/09/2026;2;12,0;5291,85;🟡 Planejado;E;Não informado;163,0;2,2
PC004235;30/10/2026;4;12,0;5306,92;🟡 Planejado;E;Não informado;163,0;2,2
PC004235;14/12/2026;5;12,0;5299,99;🟡 Planejado;E;Não informado;163,0;2,2
PC008139;15/09/2026;2;10,0;1567,28;🟡 Planejado;E;Não informado;202,0;1,8
PC008139;30/10/2026;4;12,0;1791,04;🟡 Planejado;E;Não informado;190,0;1,9
PC008139;06/12/2026;5;12,0;1936,27;🟡 Planejado;E;Não informado;166,0;2,2
PC008139;19/01/2027;6;12,0;1928,96;🟡 Planejado;E;Não informado;163,0;2,2
PC005077;01/08/2026;1;36,0;10901,41;🚨 Urgente (até 7 dias);E;Não informado;113,0;3,2
PC005077;16/09/2026;2;18,0;5514,39;🟡 Planejado;E;Não informado;113,0;3,2
PC005077;01/11/2026;4;18,0;5514,39;🟡 Planejado;E;Não informado;113,0;3,2
PC005077;17/12/2026;5;18,0;5514,39;🟡 Planejado;E;Não informado;113,0;3,2
PC008736;01/08/2026;1;8,0;4656,29;🚨 Urgente (até 7 dias);E;Não informado;416,0;0,9
PC008736;20/11/2026;4;3,0;1522,05;🟡 Planejado;E;Não informado;796,0;0,5
PC008736;30/12/2026;6;3,0;1606,84;🟡 Planejado;E;Não informado;747,0;0,5
PC004501;01/08/2026;1;33,0;13489,86;🚨 Urgente (até 7 dias);E;Não informado;131,0;2,8
PC004501;16/09/2026;2;16,0;6519,23;🟡 Planejado;E;Não informado;131,0;2,8
PC004501;01/11/2026;4;16,0;6519,23;🟡 Planejado;E;Não informado;131,0;2,8
PC004501;17/12/2026;5;16,0;6519,23;🟡 Planejado;E;Não informado;131,0;2,8
PC006219;01/08/2026;1;55,0;5181,61;🚨 Urgente (até 7 dias);E;Não informado;63,0;5,8
PC006219;23/11/2026;4;17,0;1561,13;🟡 Planejado;E;Não informado;122,0;3,0
PC006219;04/01/2027;6;18,0;1670,72;🟡 Planejado;E;Não informado;116,0;3,1
PC000915;01/08/2026;1;5,0;2615,75;🚨 Urgente (até 7 dias);E;Não informado;698,0;0,5
PC000915;17/09/2026;2;3,0;1692,33;🟡 Planejado;E;Não informado;708,0;0,5
PC000915;27/10/2026;3;3,0;1800,08;🟡 Planejado;E;Não informado;662,0;0,6
PC000915;07/12/2026;5;3,0;1885,81;🟡 Planejado;E;Não informado;625,0;0,6
PC000915;15/01/2027;6;4,0;2041,26;🟡 Planejado;E;Não informado;577,0;0,6
PC005973;01/08/2026;1;45,0;22140,62;🚨 Urgente (até 7 dias);E;Não informado;89,0;4,1
PC005973;15/09/2026;2;23,0;11181,22;🟡 Planejado;E;Não informado;89,0;4,1
PC005973;30/10/2026;4;23,0;11181,22;🟡 Planejado;E;Não informado;89,0;4,1
PC005973;14/12/2026;5;23,0;11181,22;🟡 Planejado;E;Não informado;89,0;4,1
PC000682;01/08/2026;1;18,0;2018,43;🚨 Urgente (até 7 dias);E;Não informado;156,0;2,3
PC000682;07/09/2026;2;15,0;1671,96;🟡 Planejado;E;Não informado;137,0;2,7
PC000682;18/10/2026;3;16,0;1778,06;🟡 Planejado;E;Não informado;129,0;2,8
PC000682;01/12/2026;5;16,0;1831,24;🟡 Planejado;E;Não informado;124,0;2,9
PC000682;15/01/2027;6;17,0;1864,25;🟡 Planejado;E;Não informado;123,0;3,0
PC008234;01/08/2026;1;11,0;2876,4;🚨 Urgente (até 7 dias);E;Não informado;336,0;1,1
PC008234;15/09/2026;2;6,0;1664,35;🟡 Planejado;E;Não informado;335,0;1,1
PC008234;30/10/2026;4;6,0;1678,86;🟡 Planejado;E;Não informado;333,0;1,1
PC008234;14/12/2026;5;6,0;1672,19;🟡 Planejado;E;Não informado;332,0;1,1
PC001747;06/09/2026;2;3,0;1511,94;🟡 Planejado;E;Não informado;685,0;0,5
PC001747;22/10/2026;3;3,0;1516,38;🟡 Planejado;E;Não informado;686,0;0,5
PC001747;07/12/2026;5;3,0;1511,48;🟡 Planejado;E;Não informado;688,0;0,5
PC001747;22/01/2027;6;3,0;1513,87;🟡 Planejado;E;Não informado;688,0;0,5
PC001888;22/08/2026;1;11,0;1469,44;🔴 Prioritário (até 30 dias);E;Não informado;192,0;1,9
PC001888;06/10/2026;3;11,0;1473,03;🟡 Planejado;E;Não informado;191,0;1,9
PC001888;20/11/2026;4;11,0;1462,9;🟡 Planejado;E;Não informado;191,0;1,9
PC001888;05/01/2027;6;11,0;1495,3;🟡 Planejado;E;Não informado;191,0;1,9
PC009760;02/09/2026;2;10,0;1595,91;🟡 Planejado;E;Não informado;196,0;1,9
PC009760;17/10/2026;3;11,0;1607,31;🟡 Planejado;E;Não informado;195,0;1,9
PC009760;01/12/2026;5;11,0;1611,21;🟡 Planejado;E;Não informado;194,0;1,9
PC009760;15/01/2027;6;10,0;1600,92;🟡 Planejado;E;Não informado;194,0;1,9
PC008426;04/08/2026;1;5,0;1806,26;🚨 Urgente (até 7 dias);E;Não informado;440,0;0,8
PC008426;18/09/2026;2;5,0;1832,73;🟡 Planejado;E;Não informado;437,0;0,8
PC008426;02/11/2026;4;5,0;1818,3;🟡 Planejado;E;Não informado;436,0;0,8
PC008426;17/12/2026;5;5,0;1812,7;🟡 Planejado;E;Não informado;436,0;0,8
PC006099;01/08/2026;1;27,0;10184,07;🚨 Urgente (até 7 dias);E;Não informado;130,0;2,8
PC006099;15/09/2026;2;16,0;5877,51;🟡 Planejado;E;Não informado;130,0;2,8
PC006099;30/10/2026;4;16,0;5877,51;🟡 Planejado;E;Não informado;130,0;2,8
PC006099;14/12/2026;5;16,0;5877,51;🟡 Planejado;E;Não informado;130,0;2,8
PC006347;04/08/2026;1;3,0;1846,65;🚨 Urgente (até 7 dias);E;Não informado;655,0;0,6
PC006347;21/09/2026;2;3,0;1805,93;🟡 Planejado;E;Não informado;673,0;0,5
PC006347;06/11/2026;4;3,0;1724,95;🟡 Planejado;E;Não informado;696,0;0,5
PC006347;17/12/2026;5;3,0;1846,5;🟡 Planejado;E;Não informado;654,0;0,6
PC006347;26/01/2027;6;3,0;1927,92;🟡 Planejado;E;Não informado;617,0;0,6
PC000469;01/08/2026;1;11,0;3017,38;🚨 Urgente (até 7 dias);E;Não informado;361,0;1,0
PC000469;15/09/2026;2;6,0;1608,55;🟡 Planejado;E;Não informado;360,0;1,0
PC000469;30/10/2026;4;6,0;1650,81;🟡 Planejado;E;Não informado;353,0;1,0
PC000469;14/12/2026;5;6,0;1672,92;🟡 Planejado;E;Não informado;350,0;1,0
PC000469;25/01/2027;6;6,0;1712,6;🟡 Planejado;E;Não informado;337,0;1,1
PC005482;01/08/2026;1;15,0;5178,11;🚨 Urgente (até 7 dias);E;Não informado;187,0;2,0
PC005482;16/09/2026;2;11,0;3741,76;🟡 Planejado;E;Não informado;187,0;2,0
PC005482;01/11/2026;4;11,0;3741,76;🟡 Planejado;E;Não informado;187,0;2,0
PC005482;17/12/2026;5;11,0;3741,76;🟡 Planejado;E;Não informado;187,0;2,0
PC009408;05/08/2026;1;5,0;1562,76;🚨 Urgente (até 7 dias);E;Não informado;448,0;0,8
PC009408;19/09/2026;2;5,0;1553,9;🟡 Planejado;E;Não informado;448,0;0,8
PC009408;04/11/2026;4;5,0;1587,47;🟡 Planejado;E;Não informado;448,0;0,8
PC009408;20/12/2026;5;5,0;1587,5;🟡 Planejado;E;Não informado;448,0;0,8
PC005632;16/08/2026;1;2,0;1748,87;🔴 Prioritário (até 30 dias);E;Não informado;;
PC005632;30/09/2026;3;2,0;1747,56;🟡 Planejado;E;Não informado;;
PC005632;14/11/2026;4;2,0;1747,56;🟡 Planejado;E;Não informado;;
PC005632;29/12/2026;6;2,0;1747,56;🟡 Planejado;E;Não informado;;
PC001803;01/08/2026;1;7,0;2507,95;🚨 Urgente (até 7 dias);E;Não informado;307,0;1,2
PC001803;26/10/2026;3;4,0;1578,77;🟡 Planejado;E;Não informado;475,0;0,8
PC001803;17/12/2026;5;4,0;1453,14;🟡 Planejado;E;Não informado;516,0;0,7
PC001803;23/01/2027;6;4,0;1625,07;🟡 Planejado;E;Não informado;465,0;0,8
PC009035;01/08/2026;1;5,0;1885,98;🚨 Urgente (até 7 dias);E;Não informado;534,0;0,7
PC009035;12/09/2026;2;4,0;1691,26;🟡 Planejado;E;Não informado;507,0;0,7
PC009035;28/10/2026;3;4,0;1663,43;🟡 Planejado;E;Não informado;512,0;0,7
PC009035;12/12/2026;5;4,0;1666,21;🟡 Planejado;E;Não informado;512,0;0,7
PC009035;26/01/2027;6;4,0;1670,83;🟡 Planejado;E;Não informado;510,0;0,7
PC003403;01/08/2026;1;6,0;2827,79;🚨 Urgente (até 7 dias);E;Não informado;462,0;0,8
PC003403;05/11/2026;4;3,0;1298,91;🟡 Planejado;E;Não informado;767,0;0,5
PC003403;28/12/2026;5;2,0;1161,7;🟡 Planejado;E;Não informado;846,0;0,4
PC007115;01/08/2026;1;45,0;18727,55;🚨 Urgente (até 7 dias);E;Não informado;93,0;3,9
PC007115;15/09/2026;2;22,0;9091,25;🟡 Planejado;E;Não informado;93,0;3,9
PC007115;30/10/2026;4;22,0;9091,25;🟡 Planejado;E;Não informado;93,0;3,9
PC007115;14/12/2026;5;22,0;9091,25;🟡 Planejado;E;Não informado;93,0;3,9
PC000992;01/08/2026;1;15,0;5489,66;🚨 Urgente (até 7 dias);E;Não informado;273,0;1,3
PC000992;11/11/2026;4;4,0;1551,12;🟡 Planejado;E;Não informado;492,0;0,7
PC000992;29/12/2026;6;5,0;1890,07;🟡 Planejado;E;Não informado;454,0;0,8
PC000704;01/08/2026;1;13,0;7035,19;🚨 Urgente (até 7 dias);E;Não informado;265,0;1,4
PC000704;15/09/2026;2;8,0;4105,7;🟡 Planejado;E;Não informado;265,0;1,4
PC000704;30/10/2026;4;8,0;4129,19;🟡 Planejado;E;Não informado;264,0;1,4
PC000704;14/12/2026;5;8,0;4124,57;🟡 Planejado;E;Não informado;263,0;1,4
PC004947;01/08/2026;1;4,0;1603,68;🚨 Urgente (até 7 dias);E;Não informado;658,0;0,6
PC004947;16/09/2026;2;3,0;1262,51;🟡 Planejado;E;Não informado;664,0;0,5
PC004947;29/10/2026;3;3,0;1305,96;🟡 Planejado;E;Não informado;644,0;0,6
PC004947;12/12/2026;5;3,0;1298,03;🟡 Planejado;E;Não informado;642,0;0,6
PC004947;19/01/2027;6;3,0;1430,84;🟡 Planejado;E;Não informado;586,0;0,6
PC003818;01/08/2026;1;17,0;12298,07;🚨 Urgente (até 7 dias);E;Não informado;258,0;1,4
PC003818;17/09/2026;2;8,0;5456,61;🟡 Planejado;E;Não informado;267,0;1,4
PC003818;01/11/2026;4;8,0;5488,36;🟡 Planejado;E;Não informado;265,0;1,4
PC003818;16/12/2026;5;8,0;5418,29;🟡 Planejado;E;Não informado;264,0;1,4
PC009024;01/08/2026;1;5,0;1943,78;🚨 Urgente (até 7 dias);E;Não informado;443,0;0,8
PC009024;16/09/2026;2;5,0;1703,84;🟡 Planejado;E;Não informado;445,0;0,8
PC009024;01/11/2026;4;5,0;1715,79;🟡 Planejado;E;Não informado;445,0;0,8
PC009024;17/12/2026;5;5,0;1716,91;🟡 Planejado;E;Não informado;445,0;0,8
PC000864;01/08/2026;1;16,0;8972,58;🚨 Urgente (até 7 dias);E;Não informado;263,0;1,4
PC000864;16/09/2026;2;8,0;4255,2;🟡 Planejado;E;Não informado;265,0;1,4
PC000864;01/11/2026;4;8,0;4284,05;🟡 Planejado;E;Não informado;266,0;1,4
PC000864;17/12/2026;5;8,0;4296,99;🟡 Planejado;E;Não informado;266,0;1,4
PC000736;01/08/2026;1;12,0;6752,39;🚨 Urgente (até 7 dias);E;Não informado;267,0;1,4
PC000736;15/09/2026;2;8,0;4257,4;🟡 Planejado;E;Não informado;267,0;1,4
PC000736;30/10/2026;4;8,0;4257,4;🟡 Planejado;E;Não informado;267,0;1,4
PC000736;14/12/2026;5;8,0;4257,4;🟡 Planejado;E;Não informado;267,0;1,4
PC002579;11/08/2026;1;2,0;1980,95;🔴 Prioritário (até 30 dias);E;Não informado;986,0;0,4
PC002579;25/09/2026;2;2,0;1980,07;🟡 Planejado;E;Não informado;985,0;0,4
PC002579;09/11/2026;4;2,0;1989,02;🟡 Planejado;E;Não informado;982,0;0,4
PC002579;24/12/2026;5;2,0;1984,84;🟡 Planejado;E;Não informado;981,0;0,4
PC009099;03/08/2026;1;5,0;1990,86;🚨 Urgente (até 7 dias);E;Não informado;431,0;0,8
PC009099;23/11/2026;4;2,0;1042,05;🟡 Planejado;E;Não informado;829,0;0,4
PC009099;05/01/2027;6;3,0;1078,17;🟡 Planejado;E;Não informado;793,0;0,5
PC001642;03/08/2026;1;22,0;1364,21;🚨 Urgente (até 7 dias);E;Não informado;92,0;4,0
PC001642;17/09/2026;2;22,0;1347,02;🟡 Planejado;E;Não informado;92,0;4,0
PC001642;01/11/2026;4;22,0;1347,86;🟡 Planejado;E;Não informado;92,0;4,0
PC001642;16/12/2026;5;22,0;1347,46;🟡 Planejado;E;Não informado;92,0;4,0
PC002261;01/08/2026;1;9,0;1233,41;🚨 Urgente (até 7 dias);E;Não informado;225,0;1,6
PC002261;15/09/2026;2;9,0;1206,18;🟡 Planejado;E;Não informado;225,0;1,6
PC002261;30/10/2026;4;9,0;1206,18;🟡 Planejado;E;Não informado;225,0;1,6
PC002261;14/12/2026;5;9,0;1206,18;🟡 Planejado;E;Não informado;225,0;1,6
PC008416;02/08/2026;1;2,0;1201,01;🚨 Urgente (até 7 dias);E;Não informado;;
PC008416;16/09/2026;2;2,0;1219,85;🟡 Planejado;E;Não informado;;
PC008416;30/10/2026;4;2,0;1221,1;🟡 Planejado;E;Não informado;;
PC008416;16/12/2026;5;2,0;1194,68;🟡 Planejado;E;Não informado;;
PC008416;26/01/2027;6;2,0;1255,89;🟡 Planejado;E;Não informado;;
PC006933;18/08/2026;1;8,0;1361,5;🔴 Prioritário (até 30 dias);E;Não informado;270,0;1,4
PC006933;03/10/2026;3;8,0;1356,27;🟡 Planejado;E;Não informado;270,0;1,3
PC006933;18/11/2026;4;8,0;1359,51;🟡 Planejado;E;Não informado;270,0;1,3
PC006933;03/01/2027;6;8,0;1359,57;🟡 Planejado;E;Não informado;270,0;1,3
PC002794;01/08/2026;1;32,0;10058,98;🚨 Urgente (até 7 dias);E;Não informado;123,0;3,0
PC002794;16/09/2026;2;17,0;5298,19;🟡 Planejado;E;Não informado;123,0;3,0
PC002794;01/11/2026;4;17,0;5298,19;🟡 Planejado;E;Não informado;123,0;3,0
PC002794;17/12/2026;5;17,0;5298,19;🟡 Planejado;E;Não informado;123,0;3,0
PC006731;04/08/2026;1;3,0;1488,28;🚨 Urgente (até 7 dias);E;Não informado;655,0;0,6
PC006731;19/09/2026;2;3,0;1494,45;🟡 Planejado;E;Não informado;655,0;0,6
PC006731;04/11/2026;4;3,0;1494,45;🟡 Planejado;E;Não informado;655,0;0,6
PC006731;20/12/2026;5;3,0;1494,45;🟡 Planejado;E;Não informado;655,0;0,6
PC007253;01/08/2026;1;19,0;14102,0;🚨 Urgente (até 7 dias);E;Não informado;220,0;1,7
PC007253;15/09/2026;2;9,0;6955,06;🟡 Planejado;E;Não informado;220,0;1,7
PC007253;30/10/2026;4;9,0;6955,06;🟡 Planejado;E;Não informado;220,0;1,7
PC007253;14/12/2026;5;9,0;6955,06;🟡 Planejado;E;Não informado;220,0;1,7
PC004960;01/08/2026;1;4,0;1310,2;🚨 Urgente (até 7 dias);E;Não informado;698,0;0,5
PC004960;11/09/2026;2;3,0;1173,5;🟡 Planejado;E;Não informado;653,0;0,6
PC004960;29/10/2026;3;3,0;1146,75;🟡 Planejado;E;Não informado;671,0;0,5
PC004960;10/12/2026;5;3,0;1159,13;🟡 Planejado;E;Não informado;656,0;0,6
PC004960;19/01/2027;6;3,0;1268,69;🟡 Planejado;E;Não informado;609,0;0,6
PC001237;10/09/2026;2;6,0;1251,33;🟡 Planejado;E;Não informado;332,0;1,1
PC001237;25/10/2026;3;6,0;1245,33;🟡 Planejado;E;Não informado;332,0;1,1
PC001237;09/12/2026;5;6,0;1245,33;🟡 Planejado;E;Não informado;332,0;1,1
PC001237;23/01/2027;6;6,0;1245,33;🟡 Planejado;E;Não informado;332,0;1,1
PC005994;01/08/2026;1;8,0;5671,64;🚨 Urgente (até 7 dias);E;Não informado;457,0;0,8
PC005994;15/09/2026;2;4,0;3162,64;🟡 Planejado;E;Não informado;457,0;0,8
PC005994;30/10/2026;4;4,0;3162,64;🟡 Planejado;E;Não informado;457,0;0,8
PC005994;14/12/2026;5;4,0;3162,64;🟡 Planejado;E;Não informado;457,0;0,8
PC004299;01/08/2026;1;3,0;3271,87;🚨 Urgente (até 7 dias);E;Não informado;856,0;0,4
PC004299;23/11/2026;4;1,0;1181,2;🟡 Planejado;E;Não informado;;
PC004299;02/01/2027;6;1,0;1302,22;🟡 Planejado;E;Não informado;;
PC007328;01/08/2026;1;12,0;2983,37;🚨 Urgente (até 7 dias);E;Não informado;328,0;1,1
PC007328;15/09/2026;2;6,0;1554,94;🟡 Planejado;E;Não informado;328,0;1,1
PC007328;30/10/2026;4;6,0;1554,42;🟡 Planejado;E;Não informado;328,0;1,1
PC007328;14/12/2026;5;6,0;1554,29;🟡 Planejado;E;Não informado;328,0;1,1
PC000746;07/09/2026;2;2,0;1528,03;🟡 Planejado;E;Não informado;;
PC000746;23/10/2026;3;2,0;1531,69;🟡 Planejado;E;Não informado;;
PC000746;30/11/2026;5;2,0;1654,72;🟡 Planejado;E;Não informado;;
PC000746;11/01/2027;6;2,0;1762,06;🟡 Planejado;E;Não informado;;
PC005056;01/08/2026;1;8,0;3371,15;🚨 Urgente (até 7 dias);E;Não informado;402,0;0,9
PC005056;28/11/2026;4;2,0;954,9;🟡 Planejado;E;Não informado;866,0;0,4
PC005056;02/01/2027;6;3,0;1079,46;🟡 Planejado;E;Não informado;768,0;0,5
PC005397;01/08/2026;1;57,0;9207,6;🚨 Urgente (até 7 dias);E;Não informado;71,0;5,2
PC005397;16/09/2026;2;29,0;4706,43;🟡 Planejado;E;Não informado;71,0;5,2
PC005397;01/11/2026;4;29,0;4706,43;🟡 Planejado;E;Não informado;71,0;5,2
PC005397;17/12/2026;5;29,0;4706,43;🟡 Planejado;E;Não informado;71,0;5,2
PC006667;01/08/2026;1;2,0;2003,4;🚨 Urgente (até 7 dias);E;Não informado;;
PC006667;14/09/2026;2;1,0;1309,37;🟡 Planejado;E;Não informado;;
PC006667;29/10/2026;3;2,0;1325,65;🟡 Planejado;E;Não informado;;
PC006667;13/12/2026;5;2,0;1322,09;🟡 Planejado;E;Não informado;;
PC006667;27/01/2027;6;2,0;1315,79;🟡 Planejado;E;Não informado;;
PC003296;01/08/2026;1;25,0;10507,39;🚨 Urgente (até 7 dias);E;Não informado;139,0;2,6
PC003296;16/09/2026;2;15,0;6340,29;🟡 Planejado;E;Não informado;139,0;2,6
PC003296;01/11/2026;4;15,0;6340,29;🟡 Planejado;E;Não informado;139,0;2,6
PC003296;17/12/2026;5;15,0;6340,29;🟡 Planejado;E;Não informado;139,0;2,6
PC009856;05/08/2026;1;2,0;1099,9;🚨 Urgente (até 7 dias);E;Não informado;;
PC009856;20/09/2026;2;2,0;1110,6;🟡 Planejado;E;Não informado;;
PC009856;05/11/2026;4;2,0;1111,04;🟡 Planejado;E;Não informado;;
PC009856;21/12/2026;5;2,0;1111,04;🟡 Planejado;E;Não informado;;
PC000224;01/08/2026;1;14,0;5996,18;🚨 Urgente (até 7 dias);E;Não informado;223,0;1,6
PC000224;15/09/2026;2;9,0;3786,88;🟡 Planejado;E;Não informado;223,0;1,6
PC000224;30/10/2026;4;9,0;3786,88;🟡 Planejado;E;Não informado;223,0;1,6
PC000224;14/12/2026;5;9,0;3786,88;🟡 Planejado;E;Não informado;223,0;1,6
PC008211;01/08/2026;1;30,0;11243,01;🚨 Urgente (até 7 dias);E;Não informado;129,0;2,8
PC008211;16/09/2026;2;16,0;5964,13;🟡 Planejado;E;Não informado;129,0;2,8
PC008211;01/11/2026;4;16,0;5964,13;🟡 Planejado;E;Não informado;129,0;2,8
PC008211;17/12/2026;5;16,0;5964,13;🟡 Planejado;E;Não informado;129,0;2,8
PC004074;06/08/2026;1;1,0;1036,3;🚨 Urgente (até 7 dias);E;Não informado;;
PC004074;20/09/2026;2;2,0;1055,97;🟡 Planejado;E;Não informado;;
PC004074;04/11/2026;4;2,0;1052,88;🟡 Planejado;E;Não informado;;
PC004074;19/12/2026;5;2,0;1046,12;🟡 Planejado;E;Não informado;;
PC007360;11/08/2026;1;20,0;1176,72;🔴 Prioritário (até 30 dias);E;Não informado;102,0;3,6
PC007360;26/09/2026;2;20,0;1189,37;🟡 Planejado;E;Não informado;102,0;3,6
PC007360;10/11/2026;4;20,0;1168,24;🟡 Planejado;E;Não informado;102,0;3,6
PC007360;25/12/2026;5;20,0;1168,14;🟡 Planejado;E;Não informado;102,0;3,6
PC008971;01/08/2026;1;8,0;3166,45;🚨 Urgente (até 7 dias);E;Não informado;406,0;0,9
PC008971;19/11/2026;4;3,0;1035,27;🟡 Planejado;E;Não informado;767,0;0,5
PC008971;29/12/2026;6;3,0;1125,52;🟡 Planejado;E;Não informado;704,0;0,5
PC009386;01/08/2026;1;4,0;1461,7;🚨 Urgente (até 7 dias);E;Não informado;683,0;0,5
PC009386;15/09/2026;2;3,0;1185,42;🟡 Planejado;E;Não informado;682,0;0,5
PC009386;30/10/2026;4;3,0;1185,59;🟡 Planejado;E;Não informado;682,0;0,5
PC009386;14/12/2026;5;3,0;1185,51;🟡 Planejado;E;Não informado;682,0;0,5
PC005856;01/08/2026;1;3,0;1462,89;🚨 Urgente (até 7 dias);E;Não informado;743,0;0,5
PC005856;14/09/2026;2;3,0;1335,69;🟡 Planejado;E;Não informado;724,0;0,5
PC005856;24/10/2026;3;3,0;1430,99;🟡 Planejado;E;Não informado;675,0;0,5
PC005856;29/11/2026;5;4,0;1680,06;🟡 Planejado;E;Não informado;592,0;0,6
PC005856;07/01/2027;6;4,0;1767,57;🟡 Planejado;E;Não informado;540,0;0,7
PC002400;05/08/2026;1;6,0;1471,08;🚨 Urgente (até 7 dias);E;Não informado;336,0;1,1
PC002400;19/09/2026;2;6,0;1466,1;🟡 Planejado;E;Não informado;335,0;1,1
PC002400;31/10/2026;4;6,0;1547,32;🟡 Planejado;E;Não informado;320,0;1,1
PC002400;16/12/2026;5;6,0;1514,41;🟡 Planejado;E;Não informado;324,0;1,1
PC002976;01/08/2026;1;13,0;3702,23;🚨 Urgente (até 7 dias);E;Não informado;272,0;1,3
PC002976;18/11/2026;4;4,0;1129,71;🟡 Planejado;E;Não informado;522,0;0,7
PC002976;01/01/2027;6;4,0;1201,29;🟡 Planejado;E;Não informado;499,0;0,7
PC004266;01/08/2026;1;14,0;2061,12;🚨 Urgente (até 7 dias);E;Não informado;270,0;1,4
PC004266;15/09/2026;2;8,0;1134,82;🟡 Planejado;E;Não informado;268,0;1,4
PC004266;30/10/2026;4;8,0;1127,14;🟡 Planejado;E;Não informado;268,0;1,4
PC004266;14/12/2026;5;8,0;1125,15;🟡 Planejado;E;Não informado;268,0;1,4
PC001130;01/08/2026;1;20,0;12858,85;🚨 Urgente (até 7 dias);E;Não informado;216,0;1,7
PC001130;16/09/2026;2;10,0;6148,67;🟡 Planejado;E;Não informado;216,0;1,7
PC001130;01/11/2026;4;10,0;6148,67;🟡 Planejado;E;Não informado;216,0;1,7
PC001130;17/12/2026;5;10,0;6148,67;🟡 Planejado;E;Não informado;216,0;1,7
PC005141;01/08/2026;1;2,0;1531,21;🚨 Urgente (até 7 dias);E;Não informado;;
PC005141;15/09/2026;2;2,0;963,67;🟡 Planejado;E;Não informado;;
PC005141;30/10/2026;4;2,0;962,81;🟡 Planejado;E;Não informado;;
PC005141;14/12/2026;5;2,0;962,77;🟡 Planejado;E;Não informado;;
PC009555;01/08/2026;1;33,0;8925,73;🚨 Urgente (até 7 dias);E;Não informado;116,0;3,2
PC009555;15/09/2026;2;17,0;4694,69;🟡 Planejado;E;Não informado;116,0;3,2
PC009555;30/10/2026;4;17,0;4694,69;🟡 Planejado;E;Não informado;116,0;3,2
PC009555;14/12/2026;5;17,0;4694,69;🟡 Planejado;E;Não informado;116,0;3,2
PC004330;13/08/2026;1;2,0;1086,69;🔴 Prioritário (até 30 dias);E;Não informado;;
PC004330;27/09/2026;2;2,0;1105,4;🟡 Planejado;E;Não informado;;
PC004330;10/11/2026;4;2,0;1138,59;🟡 Planejado;E;Não informado;977,0;0,4
PC004330;27/12/2026;5;2,0;1100,44;🟡 Planejado;E;Não informado;998,0;0,4
PC007712;01/08/2026;1;12,0;7855,47;🚨 Urgente (até 7 dias);E;Não informado;316,0;1,2
PC007712;15/09/2026;2;6,0;4073,32;🟡 Planejado;E;Não informado;316,0;1,2
PC007712;31/10/2026;4;7,0;4157,91;🟡 Planejado;E;Não informado;316,0;1,2
PC007712;16/12/2026;5;7,0;4158,7;🟡 Planejado;E;Não informado;316,0;1,2
PC000075;01/08/2026;1;5,0;3636,76;🚨 Urgente (até 7 dias);E;Não informado;857,0;0,4
PC000075;21/11/2026;4;1,0;832,28;🟡 Planejado;E;Não informado;;
PC000075;03/01/2027;6;1,0;857,75;🟡 Planejado;E;Não informado;;
PC002059;01/08/2026;1;2,0;1431,62;🚨 Urgente (até 7 dias);E;Não informado;;
PC002059;12/09/2026;2;2,0;981,34;🟡 Planejado;E;Não informado;;
PC002059;22/10/2026;3;2,0;1046,5;🟡 Planejado;E;Não informado;;
PC002059;01/12/2026;5;2,0;1141,89;🟡 Planejado;E;Não informado;;
PC002059;18/01/2027;6;2,0;1099,43;🟡 Planejado;E;Não informado;;
PC008595;01/08/2026;1;73,0;6333,54;🚨 Urgente (até 7 dias);E;Não informado;48,0;7,5
PC008595;16/09/2026;2;43,0;3716,68;🟡 Planejado;E;Não informado;48,0;7,5
PC008595;01/11/2026;4;43,0;3716,68;🟡 Planejado;E;Não informado;48,0;7,5
PC008595;17/12/2026;5;43,0;3716,68;🟡 Planejado;E;Não informado;48,0;7,5
PC007594;01/08/2026;1;13,0;7340,45;🚨 Urgente (até 7 dias);E;Não informado;332,0;1,1
PC007594;16/09/2026;2;6,0;3605,02;🟡 Planejado;E;Não informado;332,0;1,1
PC007594;01/11/2026;4;6,0;3603,54;🟡 Planejado;E;Não informado;332,0;1,1
PC007594;17/12/2026;5;6,0;3604,2;🟡 Planejado;E;Não informado;332,0;1,1
PC008149;01/08/2026;1;18,0;3690,92;🚨 Urgente (até 7 dias);E;Não informado;211,0;1,7
PC008149;20/11/2026;4;5,0;1040,27;🟡 Planejado;E;Não informado;410,0;0,9
PC008149;27/12/2026;5;6,0;1165,02;🟡 Planejado;E;Não informado;371,0;1,0
PC003104;01/08/2026;1;8,0;2938,37;🚨 Urgente (até 7 dias);E;Não informado;438,0;0,8
PC003104;10/11/2026;4;3,0;883,3;🟡 Planejado;E;Não informado;809,0;0,5
PC003104;22/12/2026;5;3,0;933,34;🟡 Planejado;E;Não informado;772,0;0,5
PC004970;06/09/2026;2;6,0;1643,52;🟡 Planejado;E;Não informado;318,0;1,1
PC004970;26/10/2026;3;6,0;1537,2;🟡 Planejado;E;Não informado;336,0;1,1
PC004970;06/12/2026;5;6,0;1582,31;🟡 Planejado;E;Não informado;326,0;1,1
PC004970;20/01/2027;6;6,0;1584,31;🟡 Planejado;E;Não informado;325,0;1,1
PC002090;01/08/2026;1;3,0;1746,19;🚨 Urgente (até 7 dias);E;Não informado;;
PC002090;21/09/2026;2;1,0;1004,72;🟡 Planejado;E;Não informado;;
PC002090;04/11/2026;4;1,0;1020,31;🟡 Planejado;E;Não informado;;
PC002090;20/12/2026;5;2,0;1028,67;🟡 Planejado;E;Não informado;;
PC003797;01/08/2026;1;4,0;2694,91;🚨 Urgente (até 7 dias);E;Não informado;803,0;0,5
PC003797;29/11/2026;5;1,0;991,38;🟡 Planejado;E;Não informado;;
PC003797;07/01/2027;6;1,0;1051,96;🟡 Planejado;E;Não informado;;
PC005376;13/09/2026;2;4,0;1020,13;🟡 Planejado;E;Não informado;496,0;0,7
PC005376;21/10/2026;3;4,0;1112,85;🟡 Planejado;E;Não informado;455,0;0,8
PC005376;26/11/2026;4;5,0;1258,62;🟡 Planejado;E;Não informado;407,0;0,9
PC005376;12/01/2027;6;5,0;1224,16;🟡 Planejado;E;Não informado;412,0;0,9
PC006208;01/08/2026;1;13,0;6217,14;🚨 Urgente (até 7 dias);E;Não informado;340,0;1,1
PC006208;15/09/2026;2;6,0;2859,89;🟡 Planejado;E;Não informado;340,0;1,1
PC006208;31/10/2026;4;6,0;2859,89;🟡 Planejado;E;Não informado;340,0;1,1
PC006208;16/12/2026;5;6,0;2859,89;🟡 Planejado;E;Não informado;340,0;1,1
PC006165;01/08/2026;1;12,0;2157,82;🚨 Urgente (até 7 dias);E;Não informado;209,0;1,7
PC006165;22/11/2026;4;5,0;913,51;🟡 Planejado;E;Não informado;415,0;0,9
PC006165;31/12/2026;6;5,0;1004,48;🟡 Planejado;E;Não informado;376,0;1,0
PC006570;01/08/2026;1;4,0;2054,96;🚨 Urgente (até 7 dias);E;Não informado;990,0;0,4
PC006570;15/09/2026;2;2,0;1183,28;🟡 Planejado;E;Não informado;985,0;0,4
PC006570;30/10/2026;4;2,0;1198,53;🟡 Planejado;E;Não informado;978,0;0,4
PC006570;14/12/2026;5;2,0;1194,6;🟡 Planejado;E;Não informado;975,0;0,4
PC004832;01/08/2026;1;33,0;4432,51;🚨 Urgente (até 7 dias);E;Não informado;84,0;4,3
PC004832;16/09/2026;2;25,0;3296,23;🟡 Planejado;E;Não informado;84,0;4,3
PC004832;31/10/2026;4;24,0;3228,66;🟡 Planejado;E;Não informado;84,0;4,3
PC004832;15/12/2026;5;24,0;3228,49;🟡 Planejado;E;Não informado;84,0;4,3
PC004181;01/08/2026;1;29,0;3641,97;🚨 Urgente (até 7 dias);E;Não informado;140,0;2,6
PC004181;17/11/2026;4;8,0;986,52;🟡 Planejado;E;Não informado;266,0;1,4
PC004181;29/12/2026;6;8,0;1052,61;🟡 Planejado;E;Não informado;249,0;1,5
PC008618;01/08/2026;1;13,0;1713,85;🚨 Urgente (até 7 dias);E;Não informado;168,0;2,2
PC008618;15/11/2026;4;7,0;881,9;🟡 Planejado;E;Não informado;305,0;1,2
PC008618;02/01/2027;6;7,0;866,5;🟡 Planejado;E;Não informado;309,0;1,2
PC003946;08/09/2026;2;1,0;1089,43;🟡 Planejado;E;Não informado;;
PC003946;19/10/2026;3;2,0;1168,43;🟡 Planejado;E;Não informado;;
PC003946;29/11/2026;5;2,0;1244,86;🟡 Planejado;E;Não informado;;
PC003946;16/01/2027;6;2,0;1182,21;🟡 Planejado;E;Não informado;;
PC009312;10/09/2026;2;1,0;927,55;🟡 Planejado;E;Não informado;;
PC009312;20/10/2026;3;2,0;987,41;🟡 Planejado;E;Não informado;;
PC009312;05/12/2026;5;2,0;972,19;🟡 Planejado;E;Não informado;;
PC009312;13/01/2027;6;2,0;1071,9;🟡 Planejado;E;Não informado;;
PC003093;04/08/2026;1;5,0;940,51;🚨 Urgente (até 7 dias);E;Não informado;379,0;1,0
PC003093;14/09/2026;2;6,0;1001,7;🟡 Planejado;E;Não informado;357,0;1,0
PC003093;25/10/2026;3;6,0;1057,57;🟡 Planejado;E;Não informado;339,0;1,1
PC003093;04/12/2026;5;7,0;1172,2;🟡 Planejado;E;Não informado;308,0;1,2
PC003093;24/01/2027;6;6,0;1091,82;🟡 Planejado;E;Não informado;330,0;1,1
PC009578;03/09/2026;2;3,0;1025,09;🟡 Planejado;E;Não informado;663,0;0,6
PC009578;19/10/2026;3;3,0;1034,34;🟡 Planejado;E;Não informado;663,0;0,6
PC009578;04/12/2026;5;3,0;1034,34;🟡 Planejado;E;Não informado;663,0;0,6
PC009578;19/01/2027;6;3,0;1034,34;🟡 Planejado;E;Não informado;663,0;0,6
PC004672;14/08/2026;1;5,0;1023,15;🔴 Prioritário (até 30 dias);E;Não informado;442,0;0,8
PC004672;28/09/2026;2;5,0;1033,92;🟡 Planejado;E;Não informado;440,0;0,8
PC004672;13/11/2026;4;5,0;1044,45;🟡 Planejado;E;Não informado;440,0;0,8
PC004672;29/12/2026;6;5,0;1045,54;🟡 Planejado;E;Não informado;440,0;0,8
PC005824;01/08/2026;1;10,0;6587,66;🚨 Urgente (até 7 dias);E;Não informado;334,0;1,1
PC005824;16/09/2026;2;6,0;4248,81;🟡 Planejado;E;Não informado;334,0;1,1
PC005824;01/11/2026;4;6,0;4248,81;🟡 Planejado;E;Não informado;334,0;1,1
PC005824;17/12/2026;5;6,0;4248,81;🟡 Planejado;E;Não informado;334,0;1,1
PC002784;01/08/2026;1;7,0;1386,44;🚨 Urgente (até 7 dias);E;Não informado;455,0;0,8
PC002784;19/09/2026;2;4,0;840,03;🟡 Planejado;E;Não informado;480,0;0,8
PC002784;29/10/2026;3;5,0;899,53;🟡 Planejado;E;Não informado;451,0;0,8
PC002784;19/12/2026;5;4,0;854,5;🟡 Planejado;E;Não informado;476,0;0,8
PC002784;20/01/2027;6;5,0;996,5;🟡 Planejado;E;Não informado;406,0;0,9
PC003595;01/08/2026;1;8,0;1825,31;🚨 Urgente (até 7 dias);E;Não informado;474,0;0,8
PC003595;15/09/2026;2;4,0;1035,47;🟡 Planejado;E;Não informado;473,0;0,8
PC003595;23/10/2026;3;5,0;1158,01;🟡 Planejado;E;Não informado;429,0;0,9
PC003595;05/12/2026;5;5,0;1186,01;🟡 Planejado;E;Não informado;414,0;0,9
PC003595;11/01/2027;6;6,0;1327,81;🟡 Planejado;E;Não informado;370,0;1,0
PC006368;01/08/2026;1;5,0;1633,8;🚨 Urgente (até 7 dias);E;Não informado;696,0;0,5
PC006368;16/09/2026;2;3,0;1072,06;🟡 Planejado;E;Não informado;696,0;0,5
PC006368;01/11/2026;4;3,0;1071,6;🟡 Planejado;E;Não informado;696,0;0,5
PC006368;17/12/2026;5;3,0;1071,81;🟡 Planejado;E;Não informado;696,0;0,5
PC008723;01/08/2026;1;2,0;1683,96;🚨 Urgente (até 7 dias);E;Não informado;;
PC008723;15/09/2026;2;2,0;1065,79;🟡 Planejado;E;Não informado;;
PC008723;30/10/2026;4;2,0;1065,79;🟡 Planejado;E;Não informado;;
PC008723;14/12/2026;5;2,0;1065,79;🟡 Planejado;E;Não informado;;
PC003979;01/08/2026;1;27,0;2271,54;🚨 Urgente (até 7 dias);E;Não informado;86,0;4,3
PC003979;27/11/2026;4;12,0;981,78;🟡 Planejado;E;Não informado;175,0;2,1
PC003979;05/01/2027;6;13,0;1076,3;🟡 Planejado;E;Não informado;161,0;2,3
PC003680;03/08/2026;1;2,0;834,11;🚨 Urgente (até 7 dias);E;Não informado;;
PC003680;18/09/2026;2;2,0;846,73;🟡 Planejado;E;Não informado;;
PC003680;03/11/2026;4;2,0;845,15;🟡 Planejado;E;Não informado;;
PC003680;19/12/2026;5;2,0;845,88;🟡 Planejado;E;Não informado;;
PC007189;01/08/2026;1;19,0;7064,19;🚨 Urgente (até 7 dias);E;Não informado;225,0;1,6
PC007189;16/09/2026;2;9,0;3385,04;🟡 Planejado;E;Não informado;225,0;1,6
PC007189;01/11/2026;4;9,0;3385,04;🟡 Planejado;E;Não informado;225,0;1,6
PC007189;17/12/2026;5;9,0;3385,04;🟡 Planejado;E;Não informado;225,0;1,6
PC005075;14/08/2026;1;5,0;918,3;🔴 Prioritário (até 30 dias);E;Não informado;441,0;0,8
PC005075;28/09/2026;2;5,0;915,04;🟡 Planejado;E;Não informado;440,0;0,8
PC005075;11/11/2026;4;5,0;957,26;🟡 Planejado;E;Não informado;426,0;0,9
PC005075;29/12/2026;6;5,0;986,19;🟡 Planejado;E;Não informado;420,0;0,9
PC003147;01/08/2026;1;5,0;2685,31;🚨 Urgente (até 7 dias);E;Não informado;762,0;0,5
PC003147;29/11/2026;5;1,0;803,31;🟡 Planejado;E;Não informado;;
PC003147;22/01/2027;6;1,0;677,42;🟡 Planejado;E;Não informado;;
PC003136;03/08/2026;1;3,0;802,04;🚨 Urgente (até 7 dias);E;Não informado;652,0;0,6
PC003136;18/09/2026;2;3,0;804,13;🟡 Planejado;E;Não informado;657,0;0,6
PC003136;02/11/2026;4;3,0;798,83;🟡 Planejado;E;Não informado;657,0;0,6
PC003136;17/12/2026;5;3,0;797,04;🟡 Planejado;E;Não informado;657,0;0,6
PC003498;01/08/2026;1;2,0;1283,38;🚨 Urgente (até 7 dias);E;Não informado;;
PC003498;13/09/2026;2;1,0;878,39;🟡 Planejado;E;Não informado;;
PC003498;30/10/2026;4;2,0;1065,27;🟡 Planejado;E;Não informado;;
PC003498;11/12/2026;5;2,0;1021,76;🟡 Planejado;E;Não informado;;
PC003498;21/01/2027;6;2,0;1074,02;🟡 Planejado;E;Não informado;;
PC001834;08/08/2026;1;8,0;824,49;🔴 Prioritário (até 30 dias);E;Não informado;255,0;1,4
PC001834;19/09/2026;2;8,0;850,73;🟡 Planejado;E;Não informado;245,0;1,5
PC001834;28/10/2026;3;9,0;914,36;🟡 Planejado;E;Não informado;228,0;1,6
PC001834;09/12/2026;5;9,0;947,07;🟡 Planejado;E;Não informado;222,0;1,6
PC001834;15/01/2027;6;10,0;1057,72;🟡 Planejado;E;Não informado;199,0;1,8
PC003211;01/08/2026;1;4,0;1201,66;🚨 Urgente (até 7 dias);E;Não informado;664,0;0,6
PC003211;15/09/2026;2;3,0;952,69;🟡 Planejado;E;Não informado;664,0;0,6
PC003211;30/10/2026;4;3,0;952,69;🟡 Planejado;E;Não informado;664,0;0,6
PC003211;14/12/2026;5;3,0;952,69;🟡 Planejado;E;Não informado;664,0;0,6
PC005717;03/08/2026;1;22,0;2645,53;🚨 Urgente (até 7 dias);E;Não informado;92,0;4,0
PC005717;17/09/2026;2;22,0;2603,71;🟡 Planejado;E;Não informado;92,0;4,0
PC005717;01/11/2026;4;22,0;2603,71;🟡 Planejado;E;Não informado;92,0;4,0
PC005717;16/12/2026;5;22,0;2603,71;🟡 Planejado;E;Não informado;92,0;4,0
PC006250;01/08/2026;1;8,0;1409,43;🚨 Urgente (até 7 dias);E;Não informado;280,0;1,3
PC006250;16/11/2026;4;4,0;701,45;🟡 Planejado;E;Não informado;497,0;0,7
PC006250;02/01/2027;6;4,0;735,57;🟡 Planejado;E;Não informado;478,0;0,8
PC007968;10/09/2026;2;3,0;717,48;🟡 Planejado;E;Não informado;723,0;0,5
PC007968;18/10/2026;3;3,0;788,16;🟡 Planejado;E;Não informado;659,0;0,6
PC007968;25/11/2026;4;3,0;852,84;🟡 Planejado;E;Não informado;607,0;0,6
PC007968;01/01/2027;6;4,0;985,36;🟡 Planejado;E;Não informado;531,0;0,7
PC009792;01/08/2026;1;2,0;924,82;🚨 Urgente (até 7 dias);E;Não informado;;
PC009792;08/09/2026;2;1,0;731,65;🟡 Planejado;E;Não informado;;
PC009792;16/10/2026;3;2,0;809,15;🟡 Planejado;E;Não informado;;
PC009792;30/11/2026;5;2,0;798,04;🟡 Planejado;E;Não informado;;
PC009792;10/01/2027;6;2,0;861,57;🟡 Planejado;E;Não informado;;
PC008715;01/08/2026;1;4,0;2643,85;🚨 Urgente (até 7 dias);E;Não informado;856,0;0,4
PC008715;17/11/2026;4;1,0;782,5;🟡 Planejado;E;Não informado;;
PC008715;30/12/2026;6;1,0;808,73;🟡 Planejado;E;Não informado;;
PC006432;09/08/2026;1;8,0;741,44;🔴 Prioritário (até 30 dias);E;Não informado;261,0;1,4
PC006432;20/09/2026;2;8,0;789,21;🟡 Planejado;E;Não informado;249,0;1,5
PC006432;27/10/2026;3;9,0;866,72;🟡 Planejado;E;Não informado;226,0;1,6
PC006432;06/12/2026;5;10,0;945,59;🟡 Planejado;E;Não informado;208,0;1,8
PC006432;16/01/2027;6;10,0;989,24;🟡 Planejado;E;Não informado;197,0;1,9
PC000362;01/08/2026;1;4,0;2941,28;🚨 Urgente (até 7 dias);E;Não informado;844,0;0,4
PC000362;14/11/2026;4;1,0;872,08;🟡 Planejado;E;Não informado;;
PC000362;29/12/2026;6;1,0;904,14;🟡 Planejado;E;Não informado;;
PC004819;06/09/2026;2;2,0;1182,69;🟡 Planejado;E;Não informado;;
PC004819;22/10/2026;3;2,0;1196,69;🟡 Planejado;E;Não informado;;
PC004819;06/12/2026;5;2,0;1170,92;🟡 Planejado;E;Não informado;;
PC004819;20/01/2027;6;2,0;1170,9;🟡 Planejado;E;Não informado;;
PC009248;01/08/2026;1;5,0;3622,93;🚨 Urgente (até 7 dias);E;Não informado;662,0;0,6
PC009248;16/09/2026;2;3,0;2328,95;🟡 Planejado;E;Não informado;662,0;0,6
PC009248;01/11/2026;4;3,0;2328,95;🟡 Planejado;E;Não informado;662,0;0,6
PC009248;17/12/2026;5;3,0;2328,95;🟡 Planejado;E;Não informado;662,0;0,6
PC002131;25/08/2026;1;8,0;1013,35;🔴 Prioritário (até 30 dias);E;Não informado;273,0;1,3
PC002131;06/10/2026;3;8,0;1037,21;🟡 Planejado;E;Não informado;264,0;1,4
PC002131;23/11/2026;4;7,0;995,48;🟡 Planejado;E;Não informado;273,0;1,3
PC002131;02/01/2027;6;8,0;1049,19;🟡 Planejado;E;Não informado;259,0;1,4
PC002325;01/08/2026;1;12,0;5649,13;🚨 Urgente (até 7 dias);E;Não informado;334,0;1,1
PC002325;16/09/2026;2;6,0;2981,96;🟡 Planejado;E;Não informado;336,0;1,1
PC002325;01/11/2026;4;6,0;2951,75;🟡 Planejado;E;Não informado;338,0;1,1
PC002325;17/12/2026;5;6,0;2965,21;🟡 Planejado;E;Não informado;339,0;1,1
PC007059;01/08/2026;1;3,0;1482,56;🚨 Urgente (até 7 dias);E;Não informado;812,0;0,4
PC007059;22/11/2026;4;1,0;723,82;🟡 Planejado;E;Não informado;;
PC007059;05/01/2027;6;1,0;734,55;🟡 Planejado;E;Não informado;;
PC004885;01/08/2026;1;2,0;1284,71;🚨 Urgente (até 7 dias);E;Não informado;;
PC004885;12/09/2026;2;1,0;884,63;🟡 Planejado;E;Não informado;;
PC004885;23/10/2026;3;2,0;954,08;🟡 Planejado;E;Não informado;;
PC004885;05/12/2026;5;2,0;995,24;🟡 Planejado;E;Não informado;;
PC004885;20/01/2027;6;2,0;983,2;🟡 Planejado;E;Não informado;;
PC001280;14/09/2026;2;4,0;609,75;🟡 Planejado;E;Não informado;491,0;0,7
PC001280;27/10/2026;3;4,0;616,96;🟡 Planejado;E;Não informado;479,0;0,8
PC001280;29/11/2026;5;5,0;739,97;🟡 Planejado;E;Não informado;404,0;0,9
PC001280;11/01/2027;6;5,0;773,26;🟡 Planejado;E;Não informado;388,0;0,9
PC000768;01/08/2026;1;22,0;3918,75;🚨 Urgente (até 7 dias);E;Não informado;171,0;2,1
PC000768;15/09/2026;2;12,0;2151,26;🟡 Planejado;E;Não informado;171,0;2,1
PC000768;30/10/2026;4;12,0;2151,45;🟡 Planejado;E;Não informado;171,0;2,1
PC000768;14/12/2026;5;12,0;2151,36;🟡 Planejado;E;Não informado;171,0;2,1
PC008672;01/08/2026;1;35,0;8672,92;🚨 Urgente (até 7 dias);E;Não informado;118,0;3,1
PC008672;15/09/2026;2;17,0;4190,85;🟡 Planejado;E;Não informado;118,0;3,1
PC008672;30/10/2026;4;17,0;4190,85;🟡 Planejado;E;Não informado;118,0;3,1
PC008672;14/12/2026;5;17,0;4190,85;🟡 Planejado;E;Não informado;118,0;3,1
PC007317;11/09/2026;2;2,0;1058,94;🟡 Planejado;E;Não informado;;
PC007317;26/10/2026;3;2,0;1054,65;🟡 Planejado;E;Não informado;;
PC007317;10/12/2026;5;2,0;1053,53;🟡 Planejado;E;Não informado;;
PC007317;24/01/2027;6;2,0;1052,99;🟡 Planejado;E;Não informado;;
PC009962;01/08/2026;1;3,0;1450,61;🚨 Urgente (até 7 dias);E;Não informado;890,0;0,4
PC009962;20/11/2026;4;1,0;546,95;🟡 Planejado;E;Não informado;;
PC009962;29/12/2026;6;1,0;657,01;🟡 Planejado;E;Não informado;;
PC005546;01/08/2026;1;5,0;910,65;🚨 Urgente (até 7 dias);E;Não informado;447,0;0,8
PC005546;15/09/2026;2;5,0;799,49;🟡 Planejado;E;Não informado;447,0;0,8
PC005546;31/10/2026;4;5,0;816,75;🟡 Planejado;E;Não informado;447,0;0,8
PC005546;16/12/2026;5;5,0;816,82;🟡 Planejado;E;Não informado;447,0;0,8
PC007955;01/08/2026;1;6,0;3855,85;🚨 Urgente (até 7 dias);E;Não informado;660,0;0,6
PC007955;16/09/2026;2;3,0;2054,63;🟡 Planejado;E;Não informado;660,0;0,6
PC007955;01/11/2026;4;3,0;2054,63;🟡 Planejado;E;Não informado;660,0;0,6
PC007955;17/12/2026;5;3,0;2054,63;🟡 Planejado;E;Não informado;660,0;0,6
PC001984;01/08/2026;1;4,0;729,82;🚨 Urgente (até 7 dias);E;Não informado;498,0;0,7
PC001984;11/09/2026;2;4,0;787,84;🟡 Planejado;E;Não informado;464,0;0,8
PC001984;20/10/2026;3;5,0;836,82;🟡 Planejado;E;Não informado;429,0;0,9
PC001984;30/11/2026;5;5,0;917,42;🟡 Planejado;E;Não informado;398,0;0,9
PC001984;06/01/2027;6;6,0;1051,93;🟡 Planejado;E;Não informado;348,0;1,0
PC006995;01/08/2026;1;4,0;1936,78;🚨 Urgente (até 7 dias);E;Não informado;844,0;0,4
PC006995;20/11/2026;4;1,0;547,53;🟡 Planejado;E;Não informado;;
PC006995;05/01/2027;6;1,0;550,93;🟡 Planejado;E;Não informado;;
PC000160;01/08/2026;1;39,0;4340,11;🚨 Urgente (até 7 dias);E;Não informado;103,0;3,5
PC000160;15/09/2026;2;20,0;2200,51;🟡 Planejado;E;Não informado;103,0;3,5
PC000160;31/10/2026;4;20,0;2235,44;🟡 Planejado;E;Não informado;103,0;3,5
PC000160;16/12/2026;5;20,0;2236,94;🟡 Planejado;E;Não informado;103,0;3,5
PC000405;01/08/2026;1;21,0;6455,87;🚨 Urgente (até 7 dias);E;Não informado;145,0;2,5
PC000405;15/09/2026;2;14,0;4224,37;🟡 Planejado;E;Não informado;145,0;2,5
PC000405;30/10/2026;4;14,0;4224,37;🟡 Planejado;E;Não informado;145,0;2,5
PC000405;14/12/2026;5;14,0;4224,37;🟡 Planejado;E;Não informado;145,0;2,5
PC001109;18/09/2026;2;3,0;954,77;🟡 Planejado;E;Não informado;663,0;0,6
PC001109;03/11/2026;4;3,0;956,35;🟡 Planejado;E;Não informado;663,0;0,6
PC001109;19/12/2026;5;3,0;956,35;🟡 Planejado;E;Não informado;663,0;0,6
PC007829;01/08/2026;1;11,0;4517,37;🚨 Urgente (até 7 dias);E;Não informado;269,0;1,4
PC007829;15/09/2026;2;8,0;3117,87;🟡 Planejado;E;Não informado;269,0;1,4
PC007829;30/10/2026;4;8,0;3117,87;🟡 Planejado;E;Não informado;269,0;1,4
PC007829;14/12/2026;5;8,0;3117,87;🟡 Planejado;E;Não informado;269,0;1,4
PC007744;01/08/2026;1;4,0;2173,25;🚨 Urgente (até 7 dias);E;Não informado;816,0;0,4
PC007744;16/11/2026;4;1,0;810,21;🟡 Planejado;E;Não informado;;
PC007744;30/12/2026;6;1,0;828,76;🟡 Planejado;E;Não informado;;
PC005267;01/08/2026;1;10,0;4108,88;🚨 Urgente (até 7 dias);E;Não informado;302,0;1,2
PC005267;18/09/2026;2;6,0;2639,94;🟡 Planejado;E;Não informado;314,0;1,2
PC005267;05/11/2026;4;6,0;2604,1;🟡 Planejado;E;Não informado;323,0;1,1
PC005267;21/12/2026;5;6,0;2588,84;🟡 Planejado;E;Não informado;324,0;1,1
PC006304;01/08/2026;1;5,0;2741,26;🚨 Urgente (até 7 dias);E;Não informado;811,0;0,5
PC006304;27/11/2026;4;1,0;725,83;🟡 Planejado;E;Não informado;;
PC006304;03/01/2027;6;1,0;804,92;🟡 Planejado;E;Não informado;;
PC001813;01/08/2026;1;3,0;2002,26;🚨 Urgente (até 7 dias);E;Não informado;827,0;0,4
PC001813;22/11/2026;4;1,0;709,23;🟡 Planejado;E;Não informado;;
PC001813;01/01/2027;6;1,0;772,24;🟡 Planejado;E;Não informado;;
PC003808;01/08/2026;1;4,0;2235,59;🚨 Urgente (até 7 dias);E;Não informado;846,0;0,4
PC003808;18/11/2026;4;1,0;647,84;🟡 Planejado;E;Não informado;;
PC003808;29/12/2026;6;2,0;792,91;🟡 Planejado;E;Não informado;;
PC007200;06/09/2026;2;1,0;784,56;🟡 Planejado;E;Não informado;;
PC007200;19/10/2026;3;2,0;812,66;🟡 Planejado;E;Não informado;;
PC007200;02/12/2026;5;2,0;840,4;🟡 Planejado;E;Não informado;;
PC007200;15/01/2027;6;2,0;850,8;🟡 Planejado;E;Não informado;;
PC005195;01/08/2026;1;55,0;7355,34;🚨 Urgente (até 7 dias);E;Não informado;65,0;5,6
PC005195;16/09/2026;2;32,0;4264,24;🟡 Planejado;E;Não informado;65,0;5,6
PC005195;01/11/2026;4;32,0;4264,24;🟡 Planejado;E;Não informado;65,0;5,6
PC005195;17/12/2026;5;32,0;4264,24;🟡 Planejado;E;Não informado;65,0;5,6
PC009898;01/08/2026;1;31,0;4923,85;🚨 Urgente (até 7 dias);E;Não informado;126,0;2,9
PC009898;16/09/2026;2;16,0;2601,75;🟡 Planejado;E;Não informado;126,0;2,9
PC009898;01/11/2026;4;16,0;2601,75;🟡 Planejado;E;Não informado;126,0;2,9
PC009898;17/12/2026;5;16,0;2601,75;🟡 Planejado;E;Não informado;126,0;2,9
PC003411;01/08/2026;1;9,0;5325,23;🚨 Urgente (até 7 dias);E;Não informado;343,0;1,1
PC003411;15/09/2026;2;6,0;3396,91;🟡 Planejado;E;Não informado;343,0;1,1
PC003411;30/10/2026;4;6,0;3396,91;🟡 Planejado;E;Não informado;343,0;1,1
PC003411;14/12/2026;5;6,0;3396,91;🟡 Planejado;E;Não informado;343,0;1,1
PC001088;02/09/2026;2;3,0;818,68;🟡 Planejado;E;Não informado;657,0;0,6
PC001088;18/10/2026;3;3,0;829,69;🟡 Planejado;E;Não informado;657,0;0,6
PC001088;03/12/2026;5;3,0;829,69;🟡 Planejado;E;Não informado;657,0;0,6
PC001088;18/01/2027;6;3,0;829,69;🟡 Planejado;E;Não informado;657,0;0,6
PC009227;01/08/2026;1;7,0;785,61;🚨 Urgente (até 7 dias);E;Não informado;332,0;1,1
PC009227;16/09/2026;2;6,0;722,67;🟡 Planejado;E;Não informado;333,0;1,1
PC009227;31/10/2026;4;6,0;712,39;🟡 Planejado;E;Não informado;333,0;1,1
PC009227;16/12/2026;5;6,0;727,68;🟡 Planejado;E;Não informado;334,0;1,1
PC000170;01/08/2026;1;20,0;3419,19;🚨 Urgente (até 7 dias);E;Não informado;157,0;2,3
PC000170;16/09/2026;2;13,0;2260,89;🟡 Planejado;E;Não informado;157,0;2,3
PC000170;01/11/2026;4;13,0;2260,89;🟡 Planejado;E;Não informado;157,0;2,3
PC000170;17/12/2026;5;13,0;2260,89;🟡 Planejado;E;Não informado;157,0;2,3
PC004778;01/08/2026;1;16,0;5449,34;🚨 Urgente (até 7 dias);E;Não informado;221,0;1,6
PC004778;16/09/2026;2;9,0;3281,03;🟡 Planejado;E;Não informado;221,0;1,6
PC004778;01/11/2026;4;9,0;3281,03;🟡 Planejado;E;Não informado;221,0;1,6
PC004778;17/12/2026;5;9,0;3281,03;🟡 Planejado;E;Não informado;221,0;1,6
PC001419;01/08/2026;1;32,0;3578,49;🚨 Urgente (até 7 dias);E;Não informado;125,0;2,9
PC001419;16/09/2026;2;17,0;1831,3;🟡 Planejado;E;Não informado;125,0;2,9
PC001419;01/11/2026;4;17,0;1831,3;🟡 Planejado;E;Não informado;125,0;2,9
PC001419;17/12/2026;5;17,0;1831,3;🟡 Planejado;E;Não informado;125,0;2,9
PC008405;01/08/2026;1;5,0;1326,31;🚨 Urgente (até 7 dias);E;Não informado;659,0;0,6
PC008405;16/09/2026;2;3,0;850,25;🟡 Planejado;E;Não informado;659,0;0,6
PC008405;01/11/2026;4;3,0;850,42;🟡 Planejado;E;Não informado;659,0;0,6
PC008405;17/12/2026;5;3,0;850,5;🟡 Planejado;E;Não informado;659,0;0,6
PC003859;01/08/2026;1;12,0;835,57;🚨 Urgente (até 7 dias);E;Não informado;212,0;1,7
PC003859;22/09/2026;2;9,0;593,38;🟡 Planejado;E;Não informado;231,0;1,6
PC003859;25/10/2026;3;10,0;682,62;🟡 Planejado;E;Não informado;200,0;1,8
PC003859;02/12/2026;5;12,0;781,2;🟡 Planejado;E;Não informado;177,0;2,1
PC003859;15/01/2027;6;12,0;786,34;🟡 Planejado;E;Não informado;174,0;2,1
PC003219;01/08/2026;1;6,0;1268,26;🚨 Urgente (até 7 dias);E;Não informado;664,0;0,5
PC003219;16/09/2026;2;3,0;665,89;🟡 Planejado;E;Não informado;668,0;0,5
PC003219;31/10/2026;4;3,0;693,39;🟡 Planejado;E;Não informado;645,0;0,6
PC003219;21/12/2026;5;3,0;640,06;🟡 Planejado;E;Não informado;694,0;0,5
PC003923;01/08/2026;1;14,0;5334,65;🚨 Urgente (até 7 dias);E;Não informado;263,0;1,4
PC003923;16/09/2026;2;8,0;2938,85;🟡 Planejado;E;Não informado;263,0;1,4
PC003923;01/11/2026;4;8,0;2938,85;🟡 Planejado;E;Não informado;263,0;1,4
PC003923;17/12/2026;5;8,0;2938,85;🟡 Planejado;E;Não informado;263,0;1,4
PC004842;01/08/2026;1;10,0;6394,51;🚨 Urgente (até 7 dias);E;Não informado;427,0;0,9
PC004842;15/09/2026;2;5,0;3144,55;🟡 Planejado;E;Não informado;427,0;0,9
PC004842;30/10/2026;4;5,0;3144,55;🟡 Planejado;E;Não informado;427,0;0,9
PC004842;14/12/2026;5;5,0;3144,55;🟡 Planejado;E;Não informado;427,0;0,9
PC001171;01/08/2026;1;20,0;4802,75;🚨 Urgente (até 7 dias);E;Não informado;191,0;1,9
PC001171;15/09/2026;2;11,0;2572,21;🟡 Planejado;E;Não informado;191,0;1,9
PC001171;30/10/2026;4;11,0;2572,21;🟡 Planejado;E;Não informado;191,0;1,9
PC001171;14/12/2026;5;11,0;2572,21;🟡 Planejado;E;Não informado;191,0;1,9
PC002112;01/08/2026;1;4,0;987,22;🚨 Urgente (até 7 dias);E;Não informado;736,0;0,5
PC002112;14/09/2026;2;3,0;668,04;🟡 Planejado;E;Não informado;722,0;0,5
PC002112;23/10/2026;3;3,0;716,62;🟡 Planejado;E;Não informado;670,0;0,5
PC002112;02/12/2026;5;3,0;801,19;🟡 Planejado;E;Não informado;610,0;0,6
PC002112;15/01/2027;6;3,0;802,07;🟡 Planejado;E;Não informado;600,0;0,6
PC004352;01/08/2026;1;6,0;1256,15;🚨 Urgente (até 7 dias);E;Não informado;436,0;0,8
PC004352;12/11/2026;4;3,0;512,66;🟡 Planejado;E;Não informado;773,0;0,5
PC004352;26/12/2026;5;3,0;525,72;🟡 Planejado;E;Não informado;760,0;0,5
PC005866;01/08/2026;1;54,0;7528,89;🚨 Urgente (até 7 dias);E;Não informado;80,0;4,6
PC005866;15/09/2026;2;25,0;3540,66;🟡 Planejado;E;Não informado;80,0;4,6
PC005866;30/10/2026;4;25,0;3540,66;🟡 Planejado;E;Não informado;80,0;4,6
PC005866;14/12/2026;5;25,0;3540,66;🟡 Planejado;E;Não informado;80,0;4,6
PC002645;01/08/2026;1;16,0;7007,7;🚨 Urgente (até 7 dias);E;Não informado;263,0;1,4
PC002645;15/09/2026;2;8,0;3313,64;🟡 Planejado;E;Não informado;263,0;1,4
PC002645;30/10/2026;4;8,0;3313,64;🟡 Planejado;E;Não informado;263,0;1,4
PC002645;14/12/2026;5;8,0;3313,64;🟡 Planejado;E;Não informado;263,0;1,4
PC008832;01/08/2026;1;48,0;4834,0;🚨 Urgente (até 7 dias);E;Não informado;89,0;4,1
PC008832;16/09/2026;2;23,0;2338,96;🟡 Planejado;E;Não informado;89,0;4,1
PC008832;01/11/2026;4;23,0;2338,96;🟡 Planejado;E;Não informado;89,0;4,1
PC008832;17/12/2026;5;23,0;2338,96;🟡 Planejado;E;Não informado;89,0;4,1
PC009739;01/08/2026;1;9,0;4720,11;🚨 Urgente (até 7 dias);E;Não informado;438,0;0,8
PC009739;15/09/2026;2;5,0;2327,23;🟡 Planejado;E;Não informado;438,0;0,8
PC009739;30/10/2026;4;5,0;2327,23;🟡 Planejado;E;Não informado;438,0;0,8
PC009739;14/12/2026;5;5,0;2327,23;🟡 Planejado;E;Não informado;438,0;0,8
PC005920;02/09/2026;2;2,0;566,0;🟡 Planejado;E;Não informado;;
PC005920;18/10/2026;3;2,0;570,84;🟡 Planejado;E;Não informado;;
PC005920;02/12/2026;5;2,0;558,97;🟡 Planejado;E;Não informado;;
PC005920;16/01/2027;6;2,0;558,9;🟡 Planejado;E;Não informado;;
PC002656;01/08/2026;1;12,0;3269,71;🚨 Urgente (até 7 dias);E;Não informado;339,0;1,1
PC002656;16/09/2026;2;6,0;1606,45;🟡 Planejado;E;Não informado;339,0;1,1
PC002656;01/11/2026;4;6,0;1603,57;🟡 Planejado;E;Não informado;339,0;1,1
PC002656;17/12/2026;5;6,0;1604,42;🟡 Planejado;E;Não informado;339,0;1,1
PC003264;29/08/2026;1;3,0;510,7;🔴 Prioritário (até 30 dias);E;Não informado;749,0;0,5
PC003264;07/10/2026;3;3,0;553,64;🟡 Planejado;E;Não informado;687,0;0,5
PC003264;18/11/2026;4;3,0;574,69;🟡 Planejado;E;Não informado;659,0;0,6
PC003264;30/12/2026;6;3,0;612,07;🟡 Planejado;E;Não informado;621,0;0,6
PC007776;03/09/2026;2;6,0;663,8;🟡 Planejado;E;Não informado;332,0;1,1
PC007776;18/10/2026;3;6,0;659,31;🟡 Planejado;E;Não informado;332,0;1,1
PC007776;02/12/2026;5;6,0;659,03;🟡 Planejado;E;Não informado;332,0;1,1
PC007776;16/01/2027;6;6,0;659,01;🟡 Planejado;E;Não informado;332,0;1,1
PC005779;27/08/2026;1;3,0;496,0;🔴 Prioritário (até 30 dias);E;Não informado;732,0;0,5
PC005779;01/10/2026;3;3,0;569,6;🟡 Planejado;E;Não informado;636,0;0,6
PC005779;18/11/2026;4;3,0;557,41;🟡 Planejado;E;Não informado;654,0;0,6
PC005779;24/12/2026;5;3,0;616,78;🟡 Planejado;E;Não informado;585,0;0,6
PC009440;10/09/2026;2;2,0;651,66;🟡 Planejado;E;Não informado;;
PC009440;28/10/2026;3;1,0;633,84;🟡 Planejado;E;Não informado;;
PC009440;07/12/2026;5;2,0;680,76;🟡 Planejado;E;Não informado;;
PC009440;13/01/2027;6;2,0;776,78;🟡 Planejado;E;Não informado;;
PC007251;01/08/2026;1;24,0;1501,08;🚨 Urgente (até 7 dias);E;Não informado;159,0;2,3
PC007251;22/09/2026;2;12,0;751,42;🟡 Planejado;E;Não informado;173,0;2,1
PC007251;03/11/2026;4;12,0;787,34;🟡 Planejado;E;Não informado;166,0;2,2
PC007251;16/12/2026;5;13,0;799,26;🟡 Planejado;E;Não informado;161,0;2,3
PC007251;25/01/2027;6;13,0;852,93;🟡 Planejado;E;Não informado;152,0;2,4
PC005587;01/08/2026;1;11,0;4828,71;🚨 Urgente (até 7 dias);E;Não informado;348,0;1,0
PC005587;16/09/2026;2;6,0;2596,39;🟡 Planejado;E;Não informado;348,0;1,0
PC005587;01/11/2026;4;6,0;2596,39;🟡 Planejado;E;Não informado;348,0;1,0
PC005587;17/12/2026;5;6,0;2596,39;🟡 Planejado;E;Não informado;348,0;1,0
PC005738;01/08/2026;1;8,0;2411,9;🚨 Urgente (até 7 dias);E;Não informado;441,0;0,8
PC005738;15/09/2026;2;5,0;1333,57;🟡 Planejado;E;Não informado;441,0;0,8
PC005738;30/10/2026;4;5,0;1333,66;🟡 Planejado;E;Não informado;441,0;0,8
PC005738;14/12/2026;5;5,0;1333,62;🟡 Planejado;E;Não informado;441,0;0,8
PC000139;01/08/2026;1;32,0;3010,39;🚨 Urgente (até 7 dias);E;Não informado;100,0;3,7
PC000139;15/09/2026;2;20,0;1934,77;🟡 Planejado;E;Não informado;100,0;3,7
PC000139;30/10/2026;4;20,0;1934,77;🟡 Planejado;E;Não informado;100,0;3,7
PC000139;14/12/2026;5;20,0;1934,77;🟡 Planejado;E;Não informado;100,0;3,7
PC002304;01/08/2026;1;2,0;914,26;🚨 Urgente (até 7 dias);E;Não informado;;
PC002304;17/09/2026;2;1,0;571,2;🟡 Planejado;E;Não informado;;
PC002304;28/10/2026;3;2,0;603,7;🟡 Planejado;E;Não informado;;
PC002304;09/12/2026;5;2,0;609,93;🟡 Planejado;E;Não informado;;
PC002304;20/01/2027;6;2,0;643,21;🟡 Planejado;E;Não informado;;
PC001099;03/08/2026;1;2,0;503,32;🚨 Urgente (até 7 dias);E;Não informado;;
PC001099;17/09/2026;2;2,0;502,17;🟡 Planejado;E;Não informado;;
PC001099;01/11/2026;4;2,0;502,17;🟡 Planejado;E;Não informado;;
PC001099;16/12/2026;5;2,0;502,17;🟡 Planejado;E;Não informado;;
PC009504;01/08/2026;1;7,0;5058,89;🚨 Urgente (até 7 dias);E;Não informado;437,0;0,8
PC009504;15/09/2026;2;5,0;3167,93;🟡 Planejado;E;Não informado;437,0;0,8
PC009504;30/10/2026;4;5,0;3167,93;🟡 Planejado;E;Não informado;437,0;0,8
PC009504;14/12/2026;5;5,0;3167,93;🟡 Planejado;E;Não informado;437,0;0,8
PC004480;01/08/2026;1;7,0;6025,93;🚨 Urgente (até 7 dias);E;Não informado;675,0;0,5
PC004480;15/09/2026;2;3,0;2771,93;🟡 Planejado;E;Não informado;675,0;0,5
PC004480;31/10/2026;4;3,0;2771,93;🟡 Planejado;E;Não informado;675,0;0,5
PC004480;16/12/2026;5;3,0;2771,93;🟡 Planejado;E;Não informado;675,0;0,5
PC003616;01/08/2026;1;12,0;972,4;🚨 Urgente (até 7 dias);E;Não informado;266,0;1,4
PC003616;18/09/2026;2;7,0;591,83;🟡 Planejado;E;Não informado;277,0;1,3
PC003616;01/11/2026;4;7,0;591,78;🟡 Planejado;E;Não informado;276,0;1,3
PC003616;15/12/2026;5;8,0;609,29;🟡 Planejado;E;Não informado;270,0;1,3
PC003616;26/01/2027;6;8,0;628,11;🟡 Planejado;E;Não informado;261,0;1,4
PC006355;01/08/2026;1;4,0;646,88;🚨 Urgente (até 7 dias);E;Não informado;665,0;0,5
PC006355;15/09/2026;2;3,0;516,12;🟡 Planejado;E;Não informado;664,0;0,5
PC006355;29/10/2026;3;3,0;535,89;🟡 Planejado;E;Não informado;650,0;0,6
PC006355;16/12/2026;5;3,0;513,35;🟡 Planejado;E;Não informado;672,0;0,5
PC003328;01/08/2026;1;5,0;2023,53;🚨 Urgente (até 7 dias);E;Não informado;450,0;0,8
PC003328;15/09/2026;2;5,0;1785,42;🟡 Planejado;E;Não informado;450,0;0,8
PC003328;30/10/2026;4;5,0;1785,42;🟡 Planejado;E;Não informado;450,0;0,8
PC003328;14/12/2026;5;5,0;1785,42;🟡 Planejado;E;Não informado;450,0;0,8
PC008147;01/08/2026;1;7,0;4594,23;🚨 Urgente (até 7 dias);E;Não informado;655,0;0,6
PC008147;14/09/2026;2;3,0;2067,4;🟡 Planejado;E;Não informado;655,0;0,6
PC008147;29/10/2026;3;3,0;2067,4;🟡 Planejado;E;Não informado;655,0;0,6
PC008147;13/12/2026;5;3,0;2067,4;🟡 Planejado;E;Não informado;655,0;0,6
PC008147;27/01/2027;6;3,0;2067,4;🟡 Planejado;E;Não informado;655,0;0,6
PC004650;01/08/2026;1;22,0;3471,91;🚨 Urgente (até 7 dias);E;Não informado;164,0;2,2
PC004650;15/09/2026;2;12,0;1973,76;🟡 Planejado;E;Não informado;164,0;2,2
PC004650;30/10/2026;4;12,0;1973,76;🟡 Planejado;E;Não informado;164,0;2,2
PC004650;14/12/2026;5;12,0;1973,76;🟡 Planejado;E;Não informado;164,0;2,2
PC008787;01/08/2026;1;5,0;921,73;🚨 Urgente (até 7 dias);E;Não informado;647,0;0,6
PC008787;18/09/2026;2;3,0;557,56;🟡 Planejado;E;Não informado;671,0;0,5
PC008787;31/10/2026;4;3,0;579,88;🟡 Planejado;E;Não informado;646,0;0,6
PC008787;17/12/2026;5;3,0;571,5;🟡 Planejado;E;Não informado;659,0;0,6
PC000106;01/08/2026;1;7,0;6220,98;🚨 Urgente (até 7 dias);E;Não informado;605,0;0,6
PC000106;15/09/2026;2;3,0;3197,05;🟡 Planejado;E;Não informado;605,0;0,6
PC000106;30/10/2026;4;3,0;3197,05;🟡 Planejado;E;Não informado;605,0;0,6
PC000106;14/12/2026;5;3,0;3197,05;🟡 Planejado;E;Não informado;605,0;0,6
PC001365;01/08/2026;1;20,0;7548,36;🚨 Urgente (até 7 dias);E;Não informado;214,0;1,7
PC001365;16/09/2026;2;10,0;3607,34;🟡 Planejado;E;Não informado;214,0;1,7
PC001365;01/11/2026;4;10,0;3607,34;🟡 Planejado;E;Não informado;214,0;1,7
PC001365;17/12/2026;5;10,0;3607,34;🟡 Planejado;E;Não informado;214,0;1,7
PC004043;01/08/2026;1;5,0;1487,56;🚨 Urgente (até 7 dias);E;Não informado;784,0;0,5
PC004043;25/11/2026;4;1,0;400,14;🟡 Planejado;E;Não informado;;
PC004043;03/01/2027;6;1,0;427,02;🟡 Planejado;E;Não informado;;
PC009995;01/08/2026;1;5,0;3361,91;🚨 Urgente (até 7 dias);E;Não informado;684,0;0,5
PC009995;15/09/2026;2;3,0;2142,61;🟡 Planejado;E;Não informado;684,0;0,5
PC009995;30/10/2026;4;3,0;2142,61;🟡 Planejado;E;Não informado;684,0;0,5
PC009995;14/12/2026;5;3,0;2142,61;🟡 Planejado;E;Não informado;684,0;0,5
PC009749;01/08/2026;1;19,0;6257,0;🚨 Urgente (até 7 dias);E;Não informado;220,0;1,7
PC009749;15/09/2026;2;9,0;3086,97;🟡 Planejado;E;Não informado;220,0;1,7
PC009749;30/10/2026;4;9,0;3086,97;🟡 Planejado;E;Não informado;220,0;1,7
PC009749;14/12/2026;5;9,0;3086,97;🟡 Planejado;E;Não informado;220,0;1,7
PC006848;01/08/2026;1;18,0;6078,51;🚨 Urgente (até 7 dias);E;Não informado;222,0;1,6
PC006848;16/09/2026;2;9,0;3068,52;🟡 Planejado;E;Não informado;222,0;1,6
PC006848;01/11/2026;4;9,0;3068,52;🟡 Planejado;E;Não informado;222,0;1,6
PC006848;17/12/2026;5;9,0;3068,52;🟡 Planejado;E;Não informado;222,0;1,6
PC007571;07/09/2026;2;2,0;671,9;🟡 Planejado;E;Não informado;;
PC007571;18/10/2026;3;2,0;708,74;🟡 Planejado;E;Não informado;971,0;0,4
PC007571;08/12/2026;5;2,0;684,62;🟡 Planejado;E;Não informado;;
PC007571;18/01/2027;6;2,0;739,01;🟡 Planejado;E;Não informado;942,0;0,4
PC001683;14/09/2026;2;6,0;436,47;🟡 Planejado;E;Não informado;336,0;1,1
PC001683;30/10/2026;4;7,0;471,8;🟡 Planejado;E;Não informado;322,0;1,1
PC001683;08/12/2026;5;7,0;498,86;🟡 Planejado;E;Não informado;294,0;1,2
PC001683;21/01/2027;6;7,0;515,92;🟡 Planejado;E;Não informado;287,0;1,3
PC004138;04/08/2026;1;2,0;636,39;🚨 Urgente (até 7 dias);E;Não informado;;
PC004138;19/09/2026;2;2,0;620,04;🟡 Planejado;E;Não informado;;
PC004138;03/11/2026;4;2,0;623,15;🟡 Planejado;E;Não informado;;
PC004138;18/12/2026;5;2,0;620,97;🟡 Planejado;E;Não informado;;
PC001002;01/08/2026;1;12,0;1745,09;🚨 Urgente (até 7 dias);E;Não informado;197,0;1,9
PC001002;16/09/2026;2;10,0;1514,11;🟡 Planejado;E;Não informado;197,0;1,9
PC001002;01/11/2026;4;10,0;1510,98;🟡 Planejado;E;Não informado;197,0;1,9
PC001002;17/12/2026;5;10,0;1512,38;🟡 Planejado;E;Não informado;197,0;1,8
PC008960;01/08/2026;1;2,0;998,43;🚨 Urgente (até 7 dias);E;Não informado;839,0;0,4
PC008960;14/11/2026;4;1,0;550,26;🟡 Planejado;E;Não informado;;
PC008960;26/12/2026;5;1,0;576,71;🟡 Planejado;E;Não informado;;
PC006762;01/08/2026;1;6,0;1038,86;🚨 Urgente (até 7 dias);E;Não informado;693,0;0,5
PC006762;16/09/2026;2;3,0;549,25;🟡 Planejado;E;Não informado;698,0;0,5
PC006762;31/10/2026;4;3,0;550,62;🟡 Planejado;E;Não informado;695,0;0,5
PC006762;14/12/2026;5;3,0;558,81;🟡 Planejado;E;Não informado;682,0;0,5
PC007573;01/08/2026;1;4,0;590,24;🚨 Urgente (até 7 dias);E;Não informado;680,0;0,5
PC007573;16/09/2026;2;3,0;485,75;🟡 Planejado;E;Não informado;682,0;0,5
PC007573;01/11/2026;4;3,0;483,83;🟡 Planejado;E;Não informado;683,0;0,5
PC007573;17/12/2026;5;3,0;484,69;🟡 Planejado;E;Não informado;684,0;0,5
PC009803;05/08/2026;1;5,0;559,74;🚨 Urgente (até 7 dias);E;Não informado;449,0;0,8
PC009803;19/09/2026;2;5,0;557,62;🟡 Planejado;E;Não informado;449,0;0,8
PC009803;03/11/2026;4;5,0;557,62;🟡 Planejado;E;Não informado;449,0;0,8
PC009803;18/12/2026;5;5,0;557,62;🟡 Planejado;E;Não informado;449,0;0,8
PC009194;01/08/2026;1;6,0;3380,1;🚨 Urgente (até 7 dias);E;Não informado;643,0;0,6
PC009194;15/09/2026;2;3,0;1754,19;🟡 Planejado;E;Não informado;643,0;0,6
PC009194;30/10/2026;4;3,0;1754,19;🟡 Planejado;E;Não informado;643,0;0,6
PC009194;14/12/2026;5;3,0;1754,19;🟡 Planejado;E;Não informado;643,0;0,6
PC002443;01/08/2026;1;5,0;970,03;🚨 Urgente (até 7 dias);E;Não informado;637,0;0,6
PC002443;15/09/2026;2;3,0;605,71;🟡 Planejado;E;Não informado;635,0;0,6
PC002443;30/10/2026;4;3,0;610,21;🟡 Planejado;E;Não informado;631,0;0,6
PC002443;14/12/2026;5;3,0;608,14;🟡 Planejado;E;Não informado;630,0;0,6
PC007179;01/08/2026;1;4,0;640,97;🚨 Urgente (até 7 dias);E;Não informado;649,0;0,6
PC007179;15/09/2026;2;3,0;509,21;🟡 Planejado;E;Não informado;645,0;0,6
PC007179;30/10/2026;4;3,0;517,15;🟡 Planejado;E;Não informado;638,0;0,6
PC007179;14/12/2026;5;3,0;513,5;🟡 Planejado;E;Não informado;636,0;0,6
PC003242;01/08/2026;1;9,0;4601,81;🚨 Urgente (até 7 dias);E;Não informado;460,0;0,8
PC003242;15/09/2026;2;4,0;2281,31;🟡 Planejado;E;Não informado;460,0;0,8
PC003242;30/10/2026;4;4,0;2281,31;🟡 Planejado;E;Não informado;460,0;0,8
PC003242;14/12/2026;5;4,0;2281,31;🟡 Planejado;E;Não informado;460,0;0,8
PC001194;13/09/2026;2;1,0;384,02;🟡 Planejado;E;Não informado;;
PC001194;21/10/2026;3;2,0;419,7;🟡 Planejado;E;Não informado;;
PC001194;28/11/2026;4;2,0;458,8;🟡 Planejado;E;Não informado;;
PC001194;07/01/2027;6;2,0;489,71;🟡 Planejado;E;Não informado;;
PC001856;01/08/2026;1;6,0;5897,44;🚨 Urgente (até 7 dias);E;Não informado;609,0;0,6
PC001856;16/09/2026;2;3,0;3101,39;🟡 Planejado;E;Não informado;609,0;0,6
PC001856;01/11/2026;4;3,0;3101,39;🟡 Planejado;E;Não informado;609,0;0,6
PC001856;17/12/2026;5;3,0;3101,39;🟡 Planejado;E;Não informado;609,0;0,6
PC009811;01/08/2026;1;12,0;5517,76;🚨 Urgente (até 7 dias);E;Não informado;333,0;1,1
PC009811;15/09/2026;2;6,0;2880,03;🟡 Planejado;E;Não informado;333,0;1,1
PC009811;30/10/2026;4;6,0;2880,03;🟡 Planejado;E;Não informado;333,0;1,1
PC009811;14/12/2026;5;6,0;2880,03;🟡 Planejado;E;Não informado;333,0;1,1
PC009706;01/08/2026;1;5,0;1337,61;🚨 Urgente (até 7 dias);E;Não informado;814,0;0,4
PC009706;29/11/2026;5;1,0;404,26;🟡 Planejado;E;Não informado;;
PC009706;13/01/2027;6;1,0;373,8;🟡 Planejado;E;Não informado;;
PC002955;01/08/2026;1;13,0;6226,96;🚨 Urgente (até 7 dias);E;Não informado;328,0;1,1
PC002955;15/09/2026;2;6,0;2990,34;🟡 Planejado;E;Não informado;328,0;1,1
PC002955;30/10/2026;4;6,0;2990,34;🟡 Planejado;E;Não informado;328,0;1,1
PC002955;14/12/2026;5;6,0;2990,34;🟡 Planejado;E;Não informado;328,0;1,1
PC001875;01/08/2026;1;6,0;2378,74;🚨 Urgente (até 7 dias);E;Não informado;444,0;0,8
PC001875;16/09/2026;2;5,0;1778,54;🟡 Planejado;E;Não informado;444,0;0,8
PC001875;01/11/2026;4;5,0;1778,54;🟡 Planejado;E;Não informado;444,0;0,8
PC001875;17/12/2026;5;5,0;1778,54;🟡 Planejado;E;Não informado;444,0;0,8
PC002315;24/08/2026;1;6,0;421,85;🔴 Prioritário (até 30 dias);E;Não informado;352,0;1,0
PC002315;08/10/2026;3;6,0;423,57;🟡 Planejado;E;Não informado;350,0;1,0
PC002315;22/11/2026;4;6,0;418,24;🟡 Planejado;E;Não informado;350,0;1,0
PC002315;07/01/2027;6;6,0;427,0;🟡 Planejado;E;Não informado;350,0;1,0
PC000608;01/08/2026;1;12,0;5826,94;🚨 Urgente (até 7 dias);E;Não informado;320,0;1,1
PC000608;16/09/2026;2;6,0;3088,5;🟡 Planejado;E;Não informado;320,0;1,1
PC000608;01/11/2026;4;6,0;3088,5;🟡 Planejado;E;Não informado;320,0;1,1
PC000608;17/12/2026;5;6,0;3088,5;🟡 Planejado;E;Não informado;320,0;1,1
PC000083;01/08/2026;1;2,0;1962,01;🚨 Urgente (até 7 dias);E;Não informado;;
PC000083;15/09/2026;2;2,0;1255,69;🟡 Planejado;E;Não informado;;
PC000083;31/10/2026;4;2,0;1267,24;🟡 Planejado;E;Não informado;;
PC000083;16/12/2026;5;2,0;1268,64;🟡 Planejado;E;Não informado;;
PC007947;01/08/2026;1;7,0;651,61;🚨 Urgente (até 7 dias);E;Não informado;430,0;0,8
PC007947;15/09/2026;2;5,0;467,33;🟡 Planejado;E;Não informado;430,0;0,8
PC007947;30/10/2026;4;5,0;467,33;🟡 Planejado;E;Não informado;430,0;0,8
PC007947;14/12/2026;5;5,0;467,33;🟡 Planejado;E;Não informado;430,0;0,8
PC007850;12/08/2026;1;1,0;461,11;🔴 Prioritário (até 30 dias);E;Não informado;;
PC007850;21/09/2026;2;1,0;499,52;🟡 Planejado;E;Não informado;;
PC007850;30/10/2026;4;2,0;577,15;🟡 Planejado;E;Não informado;;
PC007850;13/12/2026;5;2,0;565,75;🟡 Planejado;E;Não informado;;
PC007850;24/01/2027;6;2,0;584,78;🟡 Planejado;E;Não informado;;
PC007699;07/08/2026;1;1,0;485,35;🚨 Urgente (até 7 dias);E;Não informado;;
PC007699;22/09/2026;2;1,0;484,16;🟡 Planejado;E;Não informado;;
PC007699;31/10/2026;4;2,0;528,23;🟡 Planejado;E;Não informado;;
PC007699;15/12/2026;5;2,0;532,92;🟡 Planejado;E;Não informado;;
PC001877;01/08/2026;1;2,0;562,71;🚨 Urgente (até 7 dias);E;Não informado;;
PC001877;09/09/2026;2;1,0;435,49;🟡 Planejado;E;Não informado;;
PC001877;17/10/2026;3;2,0;472,9;🟡 Planejado;E;Não informado;;
PC001877;29/11/2026;5;2,0;501,87;🟡 Planejado;E;Não informado;;
PC001877;09/01/2027;6;2,0;539,4;🟡 Planejado;E;Não informado;;
PC004416;01/08/2026;1;9,0;5342,21;🚨 Urgente (até 7 dias);E;Não informado;475,0;0,8
PC004416;16/09/2026;2;4,0;2716,97;🟡 Planejado;E;Não informado;475,0;0,8
PC004416;01/11/2026;4;4,0;2716,97;🟡 Planejado;E;Não informado;475,0;0,8
PC004416;17/12/2026;5;4,0;2716,97;🟡 Planejado;E;Não informado;475,0;0,8
PC009483;01/08/2026;1;2,0;454,44;🚨 Urgente (até 7 dias);E;Não informado;;
PC009483;15/09/2026;2;1,0;319,22;🟡 Planejado;E;Não informado;;
PC009483;20/10/2026;3;2,0;361,78;🟡 Planejado;E;Não informado;;
PC009483;24/11/2026;4;2,0;402,6;🟡 Planejado;E;Não informado;;
PC009483;09/01/2027;6;2,0;420,72;🟡 Planejado;E;Não informado;;
PC009493;06/09/2026;2;2,0;447,91;🟡 Planejado;E;Não informado;;
PC009493;19/10/2026;3;2,0;459,53;🟡 Planejado;E;Não informado;;
PC009493;25/11/2026;4;2,0;513,63;🟡 Planejado;E;Não informado;;
PC009493;06/01/2027;6;2,0;530,84;🟡 Planejado;E;Não informado;;
PC007499;01/08/2026;1;2,0;480,52;🚨 Urgente (até 7 dias);E;Não informado;;
PC007499;15/09/2026;2;2,0;302,78;🟡 Planejado;E;Não informado;;
PC007499;30/10/2026;4;2,0;302,78;🟡 Planejado;E;Não informado;;
PC007499;14/12/2026;5;2,0;302,78;🟡 Planejado;E;Não informado;;
PC005952;07/09/2026;2;2,0;461,1;🟡 Planejado;E;Não informado;;
PC005952;22/10/2026;3;2,0;468,24;🟡 Planejado;E;Não informado;;
PC005952;05/12/2026;5;2,0;468,81;🟡 Planejado;E;Não informado;;
PC005952;17/01/2027;6;2,0;480,68;🟡 Planejado;E;Não informado;991,0;0,4
PC001536;01/08/2026;1;3,0;1859,22;🚨 Urgente (até 7 dias);E;Não informado;;
PC001536;15/09/2026;2;2,0;851,32;🟡 Planejado;E;Não informado;;
PC001536;31/10/2026;4;2,0;845,83;🟡 Planejado;E;Não informado;;
PC001536;16/12/2026;5;2,0;846,67;🟡 Planejado;E;Não informado;;
PC005909;01/08/2026;1;8,0;625,26;🚨 Urgente (até 7 dias);E;Não informado;476,0;0,8
PC005909;09/09/2026;2;5,0;386,94;🟡 Planejado;E;Não informado;435,0;0,8
PC005909;27/10/2026;3;5,0;382,72;🟡 Planejado;E;Não informado;447,0;0,8
PC005909;13/12/2026;5;4,0;369,1;🟡 Planejado;E;Não informado;459,0;0,8
PC005909;17/01/2027;6;5,0;427,21;🟡 Planejado;E;Não informado;401,0;0,9
PC004458;01/08/2026;1;8,0;1042,45;🚨 Urgente (até 7 dias);E;Não informado;430,0;0,8
PC004458;20/11/2026;4;2,0;335,66;🟡 Planejado;E;Não informado;838,0;0,4
PC004458;30/12/2026;6;3,0;364,93;🟡 Planejado;E;Não informado;768,0;0,5
PC009002;31/08/2026;2;2,0;378,66;🟡 Planejado;E;Não informado;;
PC009002;16/10/2026;3;2,0;383,16;🟡 Planejado;E;Não informado;;
PC009002;01/12/2026;5;2,0;383,16;🟡 Planejado;E;Não informado;;
PC009002;16/01/2027;6;2,0;383,16;🟡 Planejado;E;Não informado;;
PC002538;01/08/2026;1;8,0;2115,72;🚨 Urgente (até 7 dias);E;Não informado;445,0;0,8
PC002538;15/09/2026;2;5,0;1172,08;🟡 Planejado;E;Não informado;445,0;0,8
PC002538;30/10/2026;4;5,0;1172,08;🟡 Planejado;E;Não informado;445,0;0,8
PC002538;14/12/2026;5;5,0;1172,08;🟡 Planejado;E;Não informado;445,0;0,8
PC006795;01/08/2026;1;5,0;1170,91;🚨 Urgente (até 7 dias);E;Não informado;802,0;0,5
PC006795;19/11/2026;4;1,0;339,59;🟡 Planejado;E;Não informado;;
PC006795;09/01/2027;6;1,0;316,65;🟡 Planejado;E;Não informado;;
PC007891;01/08/2026;1;11,0;2764,74;🚨 Urgente (até 7 dias);E;Não informado;357,0;1,0
PC007891;15/09/2026;2;6,0;1461,4;🟡 Planejado;E;Não informado;357,0;1,0
PC007891;30/10/2026;4;6,0;1461,4;🟡 Planejado;E;Não informado;357,0;1,0
PC007891;14/12/2026;5;6,0;1461,4;🟡 Planejado;E;Não informado;357,0;1,0
PC006805;01/08/2026;1;9,0;2486,28;🚨 Urgente (até 7 dias);E;Não informado;442,0;0,8
PC006805;15/09/2026;2;5,0;1227,0;🟡 Planejado;E;Não informado;442,0;0,8
PC006805;30/10/2026;4;5,0;1227,0;🟡 Planejado;E;Não informado;442,0;0,8
PC006805;14/12/2026;5;5,0;1227,0;🟡 Planejado;E;Não informado;442,0;0,8
PC005440;04/08/2026;1;2,0;1024,02;🚨 Urgente (até 7 dias);E;Não informado;;
PC005440;19/09/2026;2;2,0;1038,85;🟡 Planejado;E;Não informado;;
PC005440;04/11/2026;4;2,0;1038,85;🟡 Planejado;E;Não informado;;
PC005440;20/12/2026;5;2,0;1038,85;🟡 Planejado;E;Não informado;;
PC004608;01/08/2026;1;4,0;854,19;🚨 Urgente (até 7 dias);E;Não informado;856,0;0,4
PC004608;14/11/2026;4;1,0;258,68;🟡 Planejado;E;Não informado;;
PC004608;31/12/2026;6;1,0;251,81;🟡 Planejado;E;Não informado;;
PC005088;01/08/2026;1;5,0;487,65;🚨 Urgente (até 7 dias);E;Não informado;675,0;0,5
PC005088;15/09/2026;2;3,0;309,15;🟡 Planejado;E;Não informado;675,0;0,5
PC005088;30/10/2026;4;3,0;309,16;🟡 Planejado;E;Não informado;675,0;0,5
PC005088;14/12/2026;5;3,0;309,16;🟡 Planejado;E;Não informado;675,0;0,5
PC009619;01/08/2026;1;6,0;2875,95;🚨 Urgente (até 7 dias);E;Não informado;632,0;0,6
PC009619;16/09/2026;2;3,0;1521,28;🟡 Planejado;E;Não informado;632,0;0,6
PC009619;01/11/2026;4;3,0;1521,28;🟡 Planejado;E;Não informado;632,0;0,6
PC009619;17/12/2026;5;3,0;1521,28;🟡 Planejado;E;Não informado;632,0;0,6
PC004640;01/08/2026;1;3,0;357,22;🚨 Urgente (até 7 dias);E;Não informado;745,0;0,5
PC004640;13/09/2026;2;3,0;326,56;🟡 Planejado;E;Não informado;721,0;0,5
PC004640;26/10/2026;3;3,0;339,49;🟡 Planejado;E;Não informado;698,0;0,5
PC004640;29/11/2026;5;3,0;391,89;🟡 Planejado;E;Não informado;599,0;0,6
PC004640;09/01/2027;6;4,0;421,97;🟡 Planejado;E;Não informado;561,0;0,7
PC007520;09/08/2026;1;2,0;381,11;🔴 Prioritário (até 30 dias);E;Não informado;950,0;0,4
PC007520;23/09/2026;2;2,0;383,51;🟡 Planejado;E;Não informado;942,0;0,4
PC007520;06/11/2026;4;2,0;385,87;🟡 Planejado;E;Não informado;928,0;0,4
PC007520;21/12/2026;5;2,0;392,08;🟡 Planejado;E;Não informado;921,0;0,4
PC009291;01/08/2026;1;5,0;1822,11;🚨 Urgente (até 7 dias);E;Não informado;669,0;0,5
PC009291;15/09/2026;2;3,0;1150,57;🟡 Planejado;E;Não informado;669,0;0,5
PC009291;30/10/2026;4;3,0;1150,57;🟡 Planejado;E;Não informado;669,0;0,5
PC009291;14/12/2026;5;3,0;1150,57;🟡 Planejado;E;Não informado;669,0;0,5
PC002379;01/08/2026;1;6,0;2499,39;🚨 Urgente (até 7 dias);E;Não informado;673,0;0,5
PC002379;16/09/2026;2;3,0;1336,17;🟡 Planejado;E;Não informado;673,0;0,5
PC002379;01/11/2026;4;3,0;1336,17;🟡 Planejado;E;Não informado;673,0;0,5
PC002379;17/12/2026;5;3,0;1336,17;🟡 Planejado;E;Não informado;673,0;0,5
PC009344;01/08/2026;1;3,0;2667,04;🚨 Urgente (até 7 dias);E;Não informado;;
PC009344;15/09/2026;2;2,0;1226,84;🟡 Planejado;E;Não informado;;
PC009344;31/10/2026;4;2,0;1226,84;🟡 Planejado;E;Não informado;;
PC009344;16/12/2026;5;2,0;1226,84;🟡 Planejado;E;Não informado;;
PC006080;01/08/2026;1;5,0;1411,86;🚨 Urgente (até 7 dias);E;Não informado;461,0;0,8
PC006080;15/09/2026;2;4,0;1276,76;🟡 Planejado;E;Não informado;461,0;0,8
PC006080;30/10/2026;4;4,0;1276,76;🟡 Planejado;E;Não informado;461,0;0,8
PC006080;14/12/2026;5;4,0;1276,76;🟡 Planejado;E;Não informado;461,0;0,8
PC008032;15/08/2026;1;5,0;348,22;🔴 Prioritário (até 30 dias);E;Não informado;448,0;0,8
PC008032;29/09/2026;2;5,0;347,11;🟡 Planejado;E;Não informado;448,0;0,8
PC008032;14/11/2026;4;5,0;353,83;🟡 Planejado;E;Não informado;448,0;0,8
PC008032;30/12/2026;6;5,0;354,0;🟡 Planejado;E;Não informado;448,0;0,8
PC001299;01/08/2026;1;2,0;1110,76;🚨 Urgente (até 7 dias);E;Não informado;;
PC001299;14/09/2026;2;2,0;725,56;🟡 Planejado;E;Não informado;;
PC001299;30/10/2026;4;2,0;728,2;🟡 Planejado;E;Não informado;;
PC001299;15/12/2026;5;2,0;733,28;🟡 Planejado;E;Não informado;;
PC001024;01/08/2026;1;9,0;3387,22;🚨 Urgente (até 7 dias);E;Não informado;434,0;0,8
PC001024;15/09/2026;2;5,0;1668,66;🟡 Planejado;E;Não informado;434,0;0,8
PC001024;30/10/2026;4;5,0;1668,66;🟡 Planejado;E;Não informado;434,0;0,8
PC001024;14/12/2026;5;5,0;1668,66;🟡 Planejado;E;Não informado;434,0;0,8
PC008576;01/08/2026;1;17,0;1559,07;🚨 Urgente (até 7 dias);E;Não informado;188,0;1,9
PC008576;15/09/2026;2;11,0;988,46;🟡 Planejado;E;Não informado;187,0;2,0
PC008576;30/10/2026;4;11,0;1003,32;🟡 Planejado;E;Não informado;186,0;2,0
PC008576;14/12/2026;5;11,0;1000,83;🟡 Planejado;E;Não informado;185,0;2,0
PC007445;08/08/2026;1;1,0;297,48;🔴 Prioritário (até 30 dias);E;Não informado;;
PC007445;23/09/2026;2;1,0;302,49;🟡 Planejado;E;Não informado;;
PC007445;08/11/2026;4;1,0;302,49;🟡 Planejado;E;Não informado;;
PC007445;24/12/2026;5;1,0;302,49;🟡 Planejado;E;Não informado;;
PC003275;01/08/2026;1;5,0;534,34;🚨 Urgente (até 7 dias);E;Não informado;435,0;0,8
PC003275;11/11/2026;4;3,0;253,48;🟡 Planejado;E;Não informado;791,0;0,5
PC003275;23/12/2026;5;3,0;267,6;🟡 Planejado;E;Não informado;755,0;0,5
PC009867;01/08/2026;1;18,0;1618,96;🚨 Urgente (até 7 dias);E;Não informado;224,0;1,6
PC009867;16/09/2026;2;9,0;818,1;🟡 Planejado;E;Não informado;224,0;1,6
PC009867;01/11/2026;4;9,0;818,1;🟡 Planejado;E;Não informado;224,0;1,6
PC009867;17/12/2026;5;9,0;818,1;🟡 Planejado;E;Não informado;224,0;1,6
PC007701;01/08/2026;1;8,0;732,75;🚨 Urgente (até 7 dias);E;Não informado;391,0;0,9
PC007701;26/11/2026;4;3,0;260,6;🟡 Planejado;E;Não informado;752,0;0,5
PC007701;10/01/2027;6;3,0;268,32;🟡 Planejado;E;Não informado;731,0;0,5
PC006944;01/08/2026;1;2,0;1721,45;🚨 Urgente (até 7 dias);E;Não informado;;
PC006944;15/09/2026;2;2,0;1085,38;🟡 Planejado;E;Não informado;;
PC006944;30/10/2026;4;2,0;1085,38;🟡 Planejado;E;Não informado;;
PC006944;14/12/2026;5;2,0;1085,38;🟡 Planejado;E;Não informado;;
PC003723;11/08/2026;1;5,0;317,15;🔴 Prioritário (até 30 dias);E;Não informado;420,0;0,9
PC003723;25/11/2026;4;3,0;179,67;🟡 Planejado;E;Não informado;730,0;0,5
PC003723;07/01/2027;6;3,0;185,22;🟡 Planejado;E;Não informado;713,0;0,5
PC007530;01/08/2026;1;9,0;589,69;🚨 Urgente (até 7 dias);E;Não informado;419,0;0,9
PC007530;20/11/2026;4;3,0;172,81;🟡 Planejado;E;Não informado;794,0;0,5
PC007530;02/01/2027;6;3,0;179,59;🟡 Planejado;E;Não informado;762,0;0,5
PC008352;01/08/2026;1;3,0;1253,43;🚨 Urgente (até 7 dias);E;Não informado;;
PC008352;14/09/2026;2;2,0;574,16;🟡 Planejado;E;Não informado;;
PC008352;29/10/2026;3;2,0;572,99;🟡 Planejado;E;Não informado;;
PC008352;13/12/2026;5;2,0;572,99;🟡 Planejado;E;Não informado;;
PC008352;27/01/2027;6;2,0;571,22;🟡 Planejado;E;Não informado;;
PC000096;18/08/2026;1;2,0;155,75;🔴 Prioritário (até 30 dias);E;Não informado;819,0;0,4
PC000096;21/09/2026;2;3,0;179,22;🟡 Planejado;E;Não informado;714,0;0,5
PC000096;27/10/2026;3;3,0;203,41;🟡 Planejado;E;Não informado;637,0;0,6
PC000096;11/12/2026;5;3,0;211,82;🟡 Planejado;E;Não informado;607,0;0,6
PC000096;25/01/2027;6;3,0;210,58;🟡 Planejado;E;Não informado;606,0;0,6
PC007371;01/08/2026;1;3,0;1555,73;🚨 Urgente (até 7 dias);E;Não informado;;
PC007371;14/09/2026;2;1,0;700,08;🟡 Planejado;E;Não informado;;
PC007371;29/10/2026;3;1,0;700,08;🟡 Planejado;E;Não informado;;
PC007371;13/12/2026;5;1,0;700,08;🟡 Planejado;E;Não informado;;
PC007371;27/01/2027;6;1,0;700,08;🟡 Planejado;E;Não informado;;
PC001619;01/08/2026;1;4,0;197,69;🚨 Urgente (até 7 dias);E;Não informado;687,0;0,5
PC001619;15/09/2026;2;3,0;161,49;🟡 Planejado;E;Não informado;686,0;0,5
PC001619;05/11/2026;4;3,0;152,25;🟡 Planejado;E;Não informado;740,0;0,5
PC001619;16/12/2026;5;3,0;162,48;🟡 Planejado;E;Não informado;693,0;0,5
PC000787;01/08/2026;1;8,0;804,88;🚨 Urgente (até 7 dias);E;Não informado;260,0;1,4
PC000787;15/09/2026;2;8,0;745,98;🟡 Planejado;E;Não informado;259,0;1,4
PC000787;30/10/2026;4;8,0;756,47;🟡 Planejado;E;Não informado;257,0;1,4
PC000787;14/12/2026;5;8,0;754,71;🟡 Planejado;E;Não informado;256,0;1,4
PC000147;01/08/2026;1;4,0;321,91;🚨 Urgente (até 7 dias);E;Não informado;822,0;0,4
PC000147;22/11/2026;4;1,0;115,13;🟡 Planejado;E;Não informado;;
PC000147;04/01/2027;6;1,0;118,01;🟡 Planejado;E;Não informado;;
PC004160;01/08/2026;1;7,0;1205,76;🚨 Urgente (até 7 dias);E;Não informado;643,0;0,6
PC004160;15/09/2026;2;3,0;554,65;🟡 Planejado;E;Não informado;643,0;0,6
PC004160;31/10/2026;4;3,0;554,65;🟡 Planejado;E;Não informado;643,0;0,6
PC004160;16/12/2026;5;3,0;554,65;🟡 Planejado;E;Não informado;643,0;0,6
PC000288;01/08/2026;1;3,0;1033,73;🚨 Urgente (até 7 dias);E;Não informado;;
PC000288;13/09/2026;2;2,0;476,13;🟡 Planejado;E;Não informado;;
PC000288;27/10/2026;3;2,0;482,19;🟡 Planejado;E;Não informado;;
PC000288;10/12/2026;5;2,0;497,32;🟡 Planejado;E;Não informado;;
PC000288;24/01/2027;6;2,0;499,71;🟡 Planejado;E;Não informado;;
PC005515;02/09/2026;2;2,0;170,11;🟡 Planejado;E;Não informado;;
PC005515;22/10/2026;3;1,0;157,76;🟡 Planejado;E;Não informado;;
PC005515;29/11/2026;5;2,0;177,98;🟡 Planejado;E;Não informado;;
PC005515;13/01/2027;6;2,0;175,78;🟡 Planejado;E;Não informado;;
PC008864;01/08/2026;1;2,0;1250,51;🚨 Urgente (até 7 dias);E;Não informado;;
PC008864;16/09/2026;2;2,0;801,25;🟡 Planejado;E;Não informado;;
PC008864;01/11/2026;4;2,0;801,25;🟡 Planejado;E;Não informado;;
PC008864;17/12/2026;5;2,0;801,25;🟡 Planejado;E;Não informado;;
PC001363;01/08/2026;1;2,0;749,01;🚨 Urgente (até 7 dias);E;Não informado;;
PC001363;16/09/2026;2;2,0;479,3;🟡 Planejado;E;Não informado;;
PC001363;01/11/2026;4;2,0;479,3;🟡 Planejado;E;Não informado;;
PC001363;17/12/2026;5;2,0;479,3;🟡 Planejado;E;Não informado;;
PC001355;01/08/2026;1;6,0;828,87;🚨 Urgente (até 7 dias);E;Não informado;727,0;0,5
PC001355;12/09/2026;2;3,0;396,21;🟡 Planejado;E;Não informado;697,0;0,5
PC001355;30/10/2026;4;3,0;399,87;🟡 Planejado;E;Não informado;704,0;0,5
PC001355;15/12/2026;5;3,0;384,48;🟡 Planejado;E;Não informado;711,0;0,5
PC002346;01/08/2026;1;2,0;558,28;🚨 Urgente (até 7 dias);E;Não informado;;
PC002346;15/09/2026;2;1,0;357,8;🟡 Planejado;E;Não informado;;
PC002346;30/10/2026;4;1,0;357,8;🟡 Planejado;E;Não informado;;
PC002346;14/12/2026;5;1,0;357,8;🟡 Planejado;E;Não informado;;
PC002816;03/08/2026;1;2,0;208,49;🚨 Urgente (até 7 dias);E;Não informado;;
PC002816;18/09/2026;2;2,0;208,24;🟡 Planejado;E;Não informado;;
PC002816;03/11/2026;4;2,0;208,88;🟡 Planejado;E;Não informado;;
PC002816;19/12/2026;5;2,0;209,97;🟡 Planejado;E;Não informado;;
PC001547;01/08/2026;1;3,0;675,04;🚨 Urgente (até 7 dias);E;Não informado;;
PC001547;14/09/2026;2;2,0;303,77;🟡 Planejado;E;Não informado;;
PC001547;29/10/2026;3;2,0;303,77;🟡 Planejado;E;Não informado;;
PC001547;13/12/2026;5;2,0;303,77;🟡 Planejado;E;Não informado;;
PC001547;27/01/2027;6;2,0;303,77;🟡 Planejado;E;Não informado;;
PC004245;01/08/2026;1;3,0;603,01;🚨 Urgente (até 7 dias);E;Não informado;;
PC004245;14/09/2026;2;2,0;271,35;🟡 Planejado;E;Não informado;;
PC004245;29/10/2026;3;2,0;271,35;🟡 Planejado;E;Não informado;;
PC004245;13/12/2026;5;2,0;271,35;🟡 Planejado;E;Não informado;;
PC004245;27/01/2027;6;2,0;271,35;🟡 Planejado;E;Não informado;;
PC000331;01/08/2026;1;2,0;120,7;🚨 Urgente (até 7 dias);E;Não informado;;
PC000331;16/09/2026;2;1,0;80,78;🟡 Planejado;E;Não informado;;
PC000331;01/11/2026;4;1,0;80,78;🟡 Planejado;E;Não informado;;
PC000331;17/12/2026;5;1,0;80,78;🟡 Planejado;E;Não informado;;
