Produto;Fornecedor;Classe;Volatilidade;EstoqueAtual;DemandaPrevMes(un);CoberturaDias;MinDias;MaxDias;LeadTimeDias;GiroAtual;GiroAlvo;Status;QtdSugerida;CustoUnitario;ValorSugerido
PC004109;Não informado;A;Baixa;194,0;425,4;13,7;15;30;15;26,68;16,22;🚨 RUPTURA IMINENTE;231,0;7443,26;1722696,82
PC008728;Não informado;A;Baixa;590,0;490,7;36,1;15;30;15;10,12;16,22;🟡 Estoque excessivo;0,0;6993,05;0,0
PC008559;Não informado;A;Baixa;520,0;225,3;69,2;15;30;15;5,27;16,22;🟡 Estoque excessivo;0,0;6101,87;0,0
PC001624;Não informado;A;Baixa;497,0;289,5;51,5;15;30;15;7,09;16,22;🟡 Estoque excessivo;0,0;5427,12;0,0
PC000879;Não informado;A;Baixa;213,0;206,8;30,9;15;30;15;11,81;16,22;🟡 Estoque excessivo;0,0;6154,71;0,0
PC003508;Não informado;A;Baixa;843,0;272,0;93,0;15;30;15;3,93;16,22;🟡 Estoque excessivo;0,0;6034,88;0,0
PC001007;Não informado;A;Baixa;221,0;174,6;38,0;15;30;15;9,61;16,22;🟡 Estoque excessivo;0,0;6689,17;0,0
PC004564;Não informado;A;Baixa;657,0;364,8;54,0;15;30;15;6,76;16,22;🟡 Estoque excessivo;0,0;5306,54;0,0
PC002178;Não informado;A;Baixa;922,0;485,9;56,9;15;30;15;6,41;16,22;🟡 Estoque excessivo;0,0;3947,86;0,0
PC007676;Não informado;A;Baixa;694,0;480,5;43,3;15;30;15;8,42;16,22;🟡 Estoque excessivo;0,0;4242,51;0,0
PC000815;Não informado;A;Baixa;499,0;233,7;64,0;15;30;15;5,7;16,22;🟡 Estoque excessivo;0,0;5073,32;0,0
PC006612;Não informado;A;Baixa;575,0;482,8;35,7;15;30;15;10,22;16,22;🟡 Estoque excessivo;0,0;3809,26;0,0
PC008084;Não informado;A;Baixa;98,0;189,0;15,6;15;30;15;23,47;16,22;🟢 OK;0,0;5969,66;0,0
PC008962;Não informado;A;Média;459,0;469,6;29,3;15;30;15;12,45;16,22;🟢 OK;0,0;3557,61;0,0
PC007693;Não informado;A;Baixa;132,0;216,6;18,3;15;30;15;19,96;16,22;🟢 OK;0,0;6733,26;0,0
PC004689;Não informado;A;Baixa;449,0;173,7;77,5;15;30;15;4,71;16,22;🟡 Estoque excessivo;0,0;4385,11;0,0
PC003117;Não informado;A;Baixa;344,0;140,4;73,5;15;30;15;4,97;16,22;🟡 Estoque excessivo;0,0;6092,31;0,0
PC007791;Não informado;A;Baixa;91,0;109,3;25,0;15;30;15;14,61;16,22;🟢 OK;0,0;7718,27;0,0
PC003771;Não informado;A;Baixa;310,0;313,8;29,6;15;30;15;12,32;16,22;🟢 OK;0,0;2376,87;0,0
PC008785;Não informado;A;Baixa;252,0;437,3;17,3;15;30;15;21,11;16,22;🟢 OK;0,0;3164,77;0,0
PC001677;Não informado;A;Baixa;320,0;126,1;76,1;15;30;15;4,79;16,22;🟡 Estoque excessivo;0,0;5072,11;0,0
PC007252;Não informado;A;Baixa;248,0;245,2;30,3;15;30;15;12,03;16,22;🟡 Estoque excessivo;0,0;4652,82;0,0
PC002074;Não informado;A;Baixa;355,0;331,9;32,1;15;30;15;11,38;16,22;🟡 Estoque excessivo;0,0;2132,9;0,0
PC004212;Não informado;A;Baixa;399,0;123,1;97,2;15;30;15;3,75;16,22;🟡 Estoque excessivo;0,0;5885,74;0,0
PC009924;Não informado;A;Baixa;550,0;372,2;44,3;15;30;15;8,23;16,22;🟡 Estoque excessivo;0,0;2543,91;0,0
PC004439;Não informado;A;Baixa;453,0;297,6;45,7;15;30;15;7,99;16,22;🟡 Estoque excessivo;0,0;2449,06;0,0
PC009540;Não informado;A;Baixa;353,0;290,5;36,5;15;30;15;10,01;16,22;🟡 Estoque excessivo;0,0;3417,77;0,0
PC001815;Não informado;A;Baixa;130,0;245,3;15,9;15;30;15;22,96;16,22;🟢 OK;0,0;2750,39;0,0
PC003457;Não informado;A;Baixa;369,0;129,3;85,6;15;30;15;4,26;16,22;🟡 Estoque excessivo;0,0;4362,59;0,0
PC008601;Não informado;A;Baixa;135,0;304,1;13,3;15;30;15;27,4;16,22;🚨 RUPTURA IMINENTE;169,0;7152,32;1209296,62
PC002501;Não informado;A;Baixa;575,0;238,5;72,3;15;30;15;5,05;16,22;🟡 Estoque excessivo;0,0;2432,07;0,0
PC008574;Não informado;A;Baixa;324,0;153,5;63,3;15;30;15;5,76;16,22;🟡 Estoque excessivo;0,0;3100,85;0,0
PC006844;Não informado;A;Baixa;399,0;209,6;57,1;15;30;15;6,39;16,22;🟡 Estoque excessivo;0,0;2780,23;0,0
PC008500;Não informado;A;Baixa;395,0;303,8;39,0;15;30;15;9,36;16,22;🟡 Estoque excessivo;0,0;1752,63;0,0
PC001709;Não informado;A;Baixa;273,0;95,3;86,0;15;30;15;4,25;16,22;🟡 Estoque excessivo;0,0;5836,68;0,0
PC008017;Não informado;A;Baixa;325,0;211,8;46,0;15;30;15;7,93;16,22;🟡 Estoque excessivo;0,0;3563,11;0,0
PC000728;Não informado;A;Baixa;100,0;88,0;34,1;15;30;15;10,7;16,22;🟡 Estoque excessivo;0,0;5016,71;0,0
PC000980;Não informado;A;Baixa;317,0;108,6;87,6;15;30;15;4,17;16,22;🟡 Estoque excessivo;0,0;4488,57;0,0
PC005784;Não informado;A;Baixa;63,0;71,9;26,3;15;30;15;13,88;16,22;🟢 OK;0,0;6888,82;0,0
PC005037;Não informado;A;Baixa;298,0;151,9;58,9;15;30;15;6,2;16,22;🟡 Estoque excessivo;0,0;3104,09;0,0
PC007876;Não informado;A;Baixa;63,0;123,3;15,3;15;30;15;23,81;16,22;🟢 OK;0,0;5290,46;0,0
PC000927;Não informado;A;Baixa;137,0;426,3;9,6;15;30;15;37,86;16,22;🚨 RUPTURA IMINENTE;289,0;1847,29;534343,11
PC003652;Não informado;A;Baixa;544,0;236,7;69,0;15;30;15;5,29;16,22;🟡 Estoque excessivo;0,0;1564,9;0,0
PC006125;Não informado;A;Baixa;292,0;95,2;92,0;15;30;15;3,97;16,22;🟡 Estoque excessivo;0,0;4471,57;0,0
PC005447;Não informado;A;Baixa;285,0;108,4;78,9;15;30;15;4,63;16,22;🟡 Estoque excessivo;0,0;3826,64;0,0
PC005103;Não informado;A;Baixa;156,0;104,6;44,7;15;30;15;8,16;16,22;🟡 Estoque excessivo;0,0;7291,12;0,0
PC008197;Não informado;A;Baixa;526,0;184,9;85,3;15;30;15;4,28;16,22;🟡 Estoque excessivo;0,0;2040,24;0,0
PC005633;Não informado;A;Baixa;277,0;94,0;88,4;15;30;15;4,13;16,22;🟡 Estoque excessivo;0,0;4882,18;0,0
PC002817;Não informado;A;Média;419,0;244,2;51,5;15;30;15;7,09;16,22;🟡 Estoque excessivo;0,0;2994,94;0,0
PC002818;Não informado;A;Baixa;93,0;157,4;17,7;15;30;15;20,59;16,22;🟢 OK;0,0;2198,9;0,0
PC006530;Não informado;A;Baixa;79,0;109,5;21,6;15;30;15;16,86;16,22;🟢 OK;0,0;4141,0;0,0
PC002366;Não informado;A;Baixa;215,0;91,5;70,5;15;30;15;5,18;16,22;🟡 Estoque excessivo;0,0;3917,85;0,0
PC006637;Não informado;A;Baixa;200,0;155,5;38,6;15;30;15;9,46;16,22;🟡 Estoque excessivo;0,0;2371,72;0,0
PC000555;Não informado;A;Baixa;218,0;250,0;26,2;15;30;15;13,95;16,22;🟢 OK;0,0;1672,16;0,0
PC004673;Não informado;A;Média;303,0;236,1;38,5;15;30;15;9,48;16,22;🟡 Estoque excessivo;0,0;3313,91;0,0
PC008273;Não informado;A;Baixa;64,0;121,8;15,8;15;30;15;23,16;16,22;🟢 OK;0,0;5650,82;0,0
PC001432;Não informado;A;Baixa;107,0;60,1;53,4;15;30;15;6,84;16,22;🟡 Estoque excessivo;0,0;7002,39;0,0
PC004935;Não informado;A;Média;627,0;341,2;55,1;15;30;15;6,62;16,22;🟡 Estoque excessivo;0,0;2151,93;0,0
PC008508;Não informado;A;Média;182,0;91,3;59,8;15;30;15;6,1;16,22;🟡 Estoque excessivo;0,0;8601,82;0,0
PC008252;Não informado;A;Baixa;180,0;92,5;58,4;15;30;15;6,25;16,22;🟡 Estoque excessivo;0,0;3670,11;0,0
PC003737;Não informado;A;Baixa;381,0;141,1;81,0;15;30;15;4,5;16,22;🟡 Estoque excessivo;0,0;2791,87;0,0
PC006829;Não informado;A;Baixa;236,0;71,2;99,4;15;30;15;3,67;16,22;🟡 Estoque excessivo;0,0;5704,49;0,0
PC008647;Não informado;A;Baixa;216,0;97,4;66,5;15;30;15;5,49;16,22;🟡 Estoque excessivo;0,0;3793,54;0,0
PC000124;Não informado;A;Baixa;123,0;58,2;63,4;15;30;15;5,76;16,22;🟡 Estoque excessivo;0,0;6381,78;0,0
PC006098;Não informado;A;Baixa;204,0;317,8;19,3;15;30;15;18,95;16,22;🟢 OK;0,0;1115,74;0,0
PC002257;Não informado;A;Baixa;228,0;70,3;97,3;15;30;15;3,75;16,22;🟡 Estoque excessivo;0,0;4957,91;0,0
PC003418;Não informado;A;Baixa;267,0;144,4;55,5;15;30;15;6,58;16,22;🟡 Estoque excessivo;0,0;3729,15;0,0
PC008269;Não informado;A;Baixa;66,0;169,6;11,7;15;30;15;31,27;16,22;🚨 RUPTURA IMINENTE;104,0;3449,23;357422,8
PC006652;Não informado;A;Média;122,0;111,1;32,9;15;30;15;11,08;16,22;🟡 Estoque excessivo;0,0;4353,95;0,0
PC001389;Não informado;A;Baixa;85,0;117,1;21,8;15;30;15;16,77;16,22;🟢 OK;0,0;5068,46;0,0
PC009988;Não informado;A;Baixa;142,0;48,7;87,5;15;30;15;4,17;16,22;🟡 Estoque excessivo;0,0;5875,32;0,0
PC005756;Não informado;A;Baixa;84,0;59,8;42,2;15;30;15;8,66;16,22;🟡 Estoque excessivo;0,0;6733,05;0,0
PC002381;Não informado;A;Baixa;100,0;51,2;58,6;15;30;15;6,23;16,22;🟡 Estoque excessivo;0,0;8699,79;0,0
PC005556;Não informado;A;Baixa;243,0;77,5;94,0;15;30;15;3,88;16,22;🟡 Estoque excessivo;0,0;6395,12;0,0
PC007705;Não informado;A;Baixa;136,0;114,4;35,7;15;30;15;10,24;16,22;🟡 Estoque excessivo;0,0;3886,64;0,0
PC008729;Não informado;A;Baixa;130,0;77,7;50,2;15;30;15;7,28;16,22;🟡 Estoque excessivo;0,0;6811,41;0,0
PC009212;Não informado;A;Baixa;270,0;88,1;92,0;15;30;15;3,97;16,22;🟡 Estoque excessivo;0,0;4693,11;0,0
PC000943;Não informado;A;Baixa;74,0;59,0;37,6;15;30;15;9,7;16,22;🟡 Estoque excessivo;0,0;5989,82;0,0
PC007834;Não informado;A;Baixa;53,0;108,3;14,7;15;30;15;24,85;16,22;🚨 RUPTURA IMINENTE;55,0;5776,13;319159,36
PC006552;Não informado;A;Média;184,0;111,5;49,5;15;30;15;7,38;16,22;🟡 Estoque excessivo;0,0;4459,46;0,0
PC000572;Não informado;A;Baixa;47,0;87,5;16,1;15;30;15;22,64;16,22;🟢 OK;0,0;5315,29;0,0
PC005191;Não informado;A;Baixa;167,0;64,4;77,8;15;30;15;4,69;16,22;🟡 Estoque excessivo;0,0;5094,22;0,0
PC006555;Não informado;A;Baixa;697,0;402,5;51,9;15;30;15;7,03;16,22;🟡 Estoque excessivo;0,0;1385,7;0,0
PC002750;Não informado;A;Baixa;57,0;80,8;21,2;15;30;15;17,24;16,22;🟢 OK;0,0;4318,13;0,0
PC009026;Não informado;A;Média;168,0;131,1;38,5;15;30;15;9,49;16,22;🟡 Estoque excessivo;0,0;4662,77;0,0
PC003838;Não informado;A;Baixa;559,0;349,3;48,0;15;30;15;7,6;16,22;🟡 Estoque excessivo;0,0;1242,83;0,0
PC003055;Não informado;A;Baixa;116,0;73,4;47,4;15;30;15;7,7;16,22;🟡 Estoque excessivo;0,0;7204,26;0,0
PC002244;Não informado;A;Baixa;86,0;57,9;44,6;15;30;15;8,19;16,22;🟡 Estoque excessivo;0,0;6321,19;0,0
PC002317;Não informado;A;Média;170,0;92,3;55,3;15;30;15;6,6;16,22;🟡 Estoque excessivo;0,0;5479,57;0,0
PC002157;Não informado;A;Baixa;95,0;218,7;13,0;15;30;15;28,0;16,22;🚨 RUPTURA IMINENTE;124,0;2558,83;316419,03
PC003544;Não informado;A;Baixa;34,0;49,4;20,7;15;30;15;17,67;16,22;🟢 OK;0,0;7279,94;0,0
PC009908;Não informado;A;Baixa;97,0;77,1;37,7;15;30;15;9,67;16,22;🟡 Estoque excessivo;0,0;4476,96;0,0
PC004676;Não informado;A;Baixa;93,0;47,6;58,7;15;30;15;6,22;16,22;🟡 Estoque excessivo;0,0;5546,46;0,0
PC002094;Não informado;A;Baixa;993,0;302,8;98,4;15;30;15;3,71;16,22;🟡 Estoque excessivo;0,0;796,5;0,0
PC008397;Não informado;A;Baixa;145,0;49,5;87,9;15;30;15;4,15;16,22;🟡 Estoque excessivo;0,0;6823,51;0,0
PC008292;Não informado;A;Baixa;759,0;379,9;59,9;15;30;15;6,09;16,22;🟡 Estoque excessivo;0,0;1043,32;0,0
PC007156;Não informado;A;Baixa;193,0;59,8;96,9;15;30;15;3,77;16,22;🟡 Estoque excessivo;0,0;6074,24;0,0
PC000821;Não informado;A;Baixa;964,0;395,7;73,1;15;30;15;4,99;16,22;🟡 Estoque excessivo;0,0;770,91;0,0
PC003142;Não informado;A;Baixa;661,0;290,8;68,2;15;30;15;5,35;16,22;🟡 Estoque excessivo;0,0;928,96;0,0
PC001357;Não informado;A;Baixa;28,0;241,3;3,5;15;30;15;104,85;16,22;🚨 RUPTURA IMINENTE;213,0;5606,05;1195750,9
PC003501;Não informado;A;Média;324,0;205,0;47,4;15;30;15;7,7;16,22;🟡 Estoque excessivo;0,0;2590,42;0,0
PC009647;Não informado;A;Baixa;66,0;99,7;19,9;15;30;15;18,38;16,22;🟢 OK;0,0;5073,13;0,0
PC000258;Não informado;A;Baixa;91,0;66,1;41,3;15;30;15;8,84;16,22;🟡 Estoque excessivo;0,0;4795,92;0,0
PC004063;Não informado;A;Baixa;499,0;230,8;64,8;15;30;15;5,63;16,22;🟡 Estoque excessivo;0,0;1651,69;0,0
PC007633;Não informado;A;Baixa;111,0;93,2;35,7;15;30;15;10,21;16,22;🟡 Estoque excessivo;0,0;5078,92;0,0
PC005500;Não informado;A;Baixa;88,0;45,0;58,7;15;30;15;6,22;16,22;🟡 Estoque excessivo;0,0;5629,46;0,0
PC005848;Não informado;A;Baixa;120,0;35,0;102,9;15;30;15;3,55;16,22;🟡 Estoque excessivo;0,0;8228,15;0,0
PC004852;Não informado;A;Baixa;113,0;33,0;102,8;15;30;15;3,55;16,22;🟡 Estoque excessivo;0,0;6905,41;0,0
PC008820;Não informado;A;Baixa;87,0;47,2;55,3;15;30;15;6,6;16,22;🟡 Estoque excessivo;0,0;5700,24;0,0
PC006574;Não informado;A;Baixa;510,0;203,5;75,2;15;30;15;4,85;16,22;🟡 Estoque excessivo;0,0;1447,68;0,0
PC000532;Não informado;A;Baixa;86,0;93,3;27,7;15;30;15;13,2;16,22;🟢 OK;0,0;4758,3;0,0
PC007188;Não informado;A;Baixa;148,0;73,1;60,7;15;30;15;6,01;16,22;🟡 Estoque excessivo;0,0;3220,39;0,0
PC006460;Não informado;A;Baixa;101,0;34,4;88,0;15;30;15;4,15;16,22;🟡 Estoque excessivo;0,0;8542,4;0,0
PC002182;Não informado;A;Baixa;743,0;271,7;82,0;15;30;15;4,45;16,22;🟡 Estoque excessivo;0,0;1190,95;0,0
PC000005;Não informado;A;Baixa;108,0;124,5;26,0;15;30;15;14,03;16,22;🟢 OK;0,0;2141,14;0,0
PC002247;Não informado;A;Baixa;233,0;108,7;64,3;15;30;15;5,68;16,22;🟡 Estoque excessivo;0,0;3584,73;0,0
PC001415;Não informado;A;Baixa;62,0;65,6;28,3;15;30;15;12,88;16,22;🟢 OK;0,0;3321,42;0,0
PC000260;Não informado;A;Baixa;105,0;55,3;57,0;15;30;15;6,4;16,22;🟡 Estoque excessivo;0,0;5154,15;0,0
PC002415;Não informado;A;Baixa;33,0;69,3;14,3;15;30;15;25,54;16,22;🚨 RUPTURA IMINENTE;36,0;4404,87;159786,11
PC008479;Não informado;A;Baixa;190,0;201,1;28,3;15;30;15;12,88;16,22;🟢 OK;0,0;1445,41;0,0
PC001430;Não informado;A;Baixa;690,0;308,3;67,1;15;30;15;5,44;16,22;🟡 Estoque excessivo;0,0;924,03;0,0
PC009754;Não informado;A;Baixa;124,0;73,3;50,7;15;30;15;7,19;16,22;🟡 Estoque excessivo;0,0;3222,66;0,0
PC006989;Não informado;A;Média;116,0;82,0;42,5;15;30;15;8,6;16,22;🟡 Estoque excessivo;0,0;4650,27;0,0
PC004258;Não informado;A;Baixa;342,0;299,7;34,2;15;30;15;10,66;16,22;🟡 Estoque excessivo;0,0;697,13;0,0
PC001173;Não informado;A;Baixa;282,0;393,7;21,5;15;30;15;16,98;16,22;🟢 OK;0,0;700,94;0,0
PC001741;Não informado;A;Baixa;50,0;31,1;48,2;15;30;15;7,58;16,22;🟡 Estoque excessivo;0,0;7233,64;0,0
PC001005;Não informado;A;Baixa;139,0;121,1;34,4;15;30;15;10,6;16,22;🟡 Estoque excessivo;0,0;2109,34;0,0
PC008623;Não informado;A;Média;39,0;89,7;13,0;15;30;15;27,99;16,22;🚨 RUPTURA IMINENTE;51,0;4051,07;205536,92
PC009093;Não informado;A;Baixa;323,0;106,6;90,9;15;30;15;4,01;16,22;🟡 Estoque excessivo;0,0;2135,83;0,0
PC001340;Não informado;A;Baixa;95,0;37,2;76,6;15;30;15;4,76;16,22;🟡 Estoque excessivo;0,0;7620,08;0,0
PC007294;Não informado;A;Baixa;123,0;167,3;22,0;15;30;15;16,55;16,22;🟢 OK;0,0;5140,49;0,0
PC003012;Não informado;A;Baixa;16,0;52,5;9,1;15;30;15;39,94;16,22;🚨 RUPTURA IMINENTE;37,0;8474,19;309511,41
PC002309;Não informado;A;Baixa;60,0;113,3;15,9;15;30;15;22,98;16,22;🟢 OK;0,0;2038,23;0,0
PC005000;Não informado;A;Baixa;390,0;211,2;55,4;15;30;15;6,59;16,22;🟡 Estoque excessivo;0,0;1128,36;0,0
PC006398;Não informado;A;Baixa;317,0;256,3;37,1;15;30;15;9,84;16,22;🟡 Estoque excessivo;0,0;3145,84;0,0
PC006801;Não informado;A;Baixa;29,0;54,3;16,0;15;30;15;22,8;16,22;🟢 OK;0,0;3491,59;0,0
PC006068;Não informado;A;Baixa;37,0;38,3;29,0;15;30;15;12,6;16,22;🟢 OK;0,0;5625,66;0,0
PC000282;Não informado;A;Baixa;118,0;49,2;72,0;15;30;15;5,07;16,22;🟡 Estoque excessivo;0,0;5104,59;0,0
PC007856;Não informado;A;Baixa;953,0;287,7;99,4;15;30;15;3,67;16,22;🟡 Estoque excessivo;0,0;950,29;0,0
PC005748;Não informado;A;Baixa;119,0;55,7;64,1;15;30;15;5,69;16,22;🟡 Estoque excessivo;0,0;3704,09;0,0
PC007623;Não informado;A;Baixa;51,0;37,3;41,0;15;30;15;8,91;16,22;🟡 Estoque excessivo;0,0;6046,77;0,0
PC005709;Não informado;A;Baixa;119,0;44,2;80,7;15;30;15;4,52;16,22;🟡 Estoque excessivo;0,0;6358,85;0,0
PC008132;Não informado;A;Baixa;82,0;72,4;34,0;15;30;15;10,74;16,22;🟡 Estoque excessivo;0,0;4761,73;0,0
PC002592;Não informado;A;Baixa;481,0;277,9;51,9;15;30;15;7,03;16,22;🟡 Estoque excessivo;0,0;645,78;0,0
PC004924;Não informado;A;Baixa;116,0;35,2;98,8;15;30;15;3,7;16,22;🟡 Estoque excessivo;0,0;5864,64;0,0
PC007614;Não informado;A;Baixa;116,0;53,1;65,5;15;30;15;5,57;16,22;🟡 Estoque excessivo;0,0;4480,53;0,0
PC002049;Não informado;A;Baixa;152,0;118,6;38,5;15;30;15;9,49;16,22;🟡 Estoque excessivo;0,0;1717,79;0,0
PC009543;Não informado;A;Média;50,0;89,5;16,8;15;30;15;21,78;16,22;🟢 OK;0,0;4570,48;0,0
PC003452;Não informado;A;Baixa;45,0;142,2;9,5;15;30;15;38,44;16,22;🚨 RUPTURA IMINENTE;97,0;2274,13;220947,38
PC002906;Não informado;A;Baixa;67,0;62,5;32,1;15;30;15;11,36;16,22;🟡 Estoque excessivo;0,0;4004,34;0,0
PC004999;Não informado;A;Baixa;217,0;70,4;92,5;15;30;15;3,95;16,22;🟡 Estoque excessivo;0,0;3112,43;0,0
PC000216;Não informado;A;Baixa;144,0;51,6;83,7;15;30;15;4,36;16,22;🟡 Estoque excessivo;0,0;4260,91;0,0
PC001460;Não informado;A;Baixa;75,0;53,4;42,1;15;30;15;8,67;16,22;🟡 Estoque excessivo;0,0;7421,09;0,0
PC006682;Não informado;A;Baixa;35,0;74,5;14,1;15;30;15;25,89;16,22;🚨 RUPTURA IMINENTE;39,0;4433,99;175019,43
PC003004;Não informado;A;Baixa;145,0;48,9;88,9;15;30;15;4,1;16,22;🟡 Estoque excessivo;0,0;5112,11;0,0
PC001304;Não informado;A;Baixa;67,0;49,3;40,7;15;30;15;8,96;16,22;🟡 Estoque excessivo;0,0;6655,2;0,0
PC009133;Não informado;A;Baixa;61,0;38,6;47,3;15;30;15;7,71;16,22;🟡 Estoque excessivo;0,0;5490,1;0,0
PC009474;Não informado;A;Baixa;121,0;86,9;41,8;15;30;15;8,74;16,22;🟡 Estoque excessivo;0,0;3471,89;0,0
PC005332;Não informado;A;Baixa;139,0;90,7;46,0;15;30;15;7,94;16,22;🟡 Estoque excessivo;0,0;2414,35;0,0
PC000155;Não informado;A;Baixa;831,0;437,8;56,9;15;30;15;6,41;16,22;🟡 Estoque excessivo;0,0;686,11;0,0
PC003672;Não informado;A;Baixa;32,0;31,3;30,6;15;30;15;11,91;16,22;🟡 Estoque excessivo;0,0;7102,85;0,0
PC000986;Não informado;A;Baixa;120,0;77,9;46,2;15;30;15;7,9;16,22;🟡 Estoque excessivo;0,0;4042,08;0,0
PC008628;Não informado;A;Baixa;19,0;35,7;15,9;15;30;15;22,89;16,22;🟢 OK;0,0;6164,69;0,0
PC000303;Não informado;A;Baixa;308,0;115,0;80,3;15;30;15;4,54;16,22;🟡 Estoque excessivo;0,0;1851,29;0,0
PC009473;Não informado;A;Baixa;79,0;67,8;35,0;15;30;15;10,44;16,22;🟡 Estoque excessivo;0,0;2750,53;0,0
PC008943;Não informado;A;Baixa;50,0;38,4;39,1;15;30;15;9,34;16,22;🟡 Estoque excessivo;0,0;5405,23;0,0
PC002484;Não informado;A;Baixa;80,0;89,7;26,7;15;30;15;13,65;16,22;🟢 OK;0,0;1969,71;0,0
PC007943;Não informado;A;Baixa;204,0;120,4;50,8;15;30;15;7,18;16,22;🟡 Estoque excessivo;0,0;5169,93;0,0
PC003003;Não informado;A;Baixa;47,0;283,4;5,0;15;30;15;73,36;16,22;🚨 RUPTURA IMINENTE;236,0;2379,26;562443,84
PC005581;Não informado;A;Baixa;142,0;42,6;100,1;15;30;15;3,65;16,22;🟡 Estoque excessivo;0,0;4350,58;0,0
PC005374;Não informado;A;Baixa;327,0;123,2;79,6;15;30;15;4,58;16,22;🟡 Estoque excessivo;0,0;1511,14;0,0
PC004717;Não informado;A;Baixa;315,0;99,1;95,4;15;30;15;3,83;16,22;🟡 Estoque excessivo;0,0;2122,57;0,0
PC009247;Não informado;A;Baixa;522,0;365,5;42,8;15;30;15;8,52;16,22;🟡 Estoque excessivo;0,0;1053,33;0,0
PC008645;Não informado;A;Baixa;285,0;90,7;94,2;15;30;15;3,87;16,22;🟡 Estoque excessivo;0,0;1937,49;0,0
PC005933;Não informado;A;Média;98,0;64,8;45,4;15;30;15;8,04;16,22;🟡 Estoque excessivo;0,0;5655,92;0,0
PC000653;Não informado;A;Baixa;38,0;74,7;15,3;15;30;15;23,92;16,22;🟢 OK;0,0;4800,33;0,0
PC004783;Não informado;A;Baixa;37,0;26,6;41,7;15;30;15;8,75;16,22;🟡 Estoque excessivo;0,0;6199,35;0,0
PC008903;Não informado;A;Baixa;408,0;203,1;60,3;15;30;15;6,06;16,22;🟡 Estoque excessivo;0,0;972,42;0,0
PC005115;Não informado;A;Baixa;273,0;140,5;58,3;15;30;15;6,26;16,22;🟡 Estoque excessivo;0,0;1986,82;0,0
PC007508;Não informado;A;Baixa;38,0;45,2;25,2;15;30;15;14,47;16,22;🟢 OK;0,0;4401,47;0,0
PC002695;Não informado;A;Baixa;42,0;76,7;16,4;15;30;15;22,22;16,22;🟢 OK;0,0;4409,89;0,0
PC007810;Não informado;A;Baixa;100,0;41,6;72,0;15;30;15;5,07;16,22;🟡 Estoque excessivo;0,0;4055,74;0,0
PC000920;Não informado;A;Baixa;122,0;68,7;53,3;15;30;15;6,85;16,22;🟡 Estoque excessivo;0,0;4709,95;0,0
PC006607;Não informado;A;Baixa;440,0;170,0;77,7;15;30;15;4,7;16,22;🟡 Estoque excessivo;0,0;1310,85;0,0
PC003119;Não informado;A;Baixa;292,0;102,8;85,2;15;30;15;4,28;16,22;🟡 Estoque excessivo;0,0;1695,84;0,0
PC002224;Não informado;A;Baixa;265,0;186,4;42,7;15;30;15;8,56;16,22;🟡 Estoque excessivo;0,0;891,06;0,0
PC002823;Não informado;A;Baixa;70,0;35,7;58,8;15;30;15;6,21;16,22;🟡 Estoque excessivo;0,0;4197,79;0,0
PC000089;Não informado;A;Baixa;99,0;63,4;46,9;15;30;15;7,79;16,22;🟡 Estoque excessivo;0,0;5248,06;0,0
PC002689;Não informado;A;Baixa;88,0;95,6;27,6;15;30;15;13,22;16,22;🟢 OK;0,0;2188,03;0,0
PC009644;Não informado;A;Baixa;707,0;258,4;82,1;15;30;15;4,45;16,22;🟡 Estoque excessivo;0,0;749,45;0,0
PC000394;Não informado;A;Baixa;325,0;135,7;71,9;15;30;15;5,08;16,22;🟡 Estoque excessivo;0,0;1753,86;0,0
PC000130;Não informado;A;Baixa;143,0;83,4;51,5;15;30;15;7,09;16,22;🟡 Estoque excessivo;0,0;1940,12;0,0
PC005650;Não informado;A;Baixa;204,0;175,0;35,0;15;30;15;10,44;16,22;🟡 Estoque excessivo;0,0;1432,88;0,0
PC002842;Não informado;A;Baixa;45,0;37,9;35,6;15;30;15;10,25;16,22;🟡 Estoque excessivo;0,0;4646,02;0,0
PC009167;Não informado;A;Baixa;411,0;135,0;91,4;15;30;15;4,0;16,22;🟡 Estoque excessivo;0,0;1559,43;0,0
PC006104;Não informado;A;Baixa;64,0;32,0;60,1;15;30;15;6,08;16,22;🟡 Estoque excessivo;0,0;4633,65;0,0
PC007513;Não informado;A;Baixa;120,0;61,7;58,4;15;30;15;6,25;16,22;🟡 Estoque excessivo;0,0;3351,0;0,0
PC002836;Não informado;A;Baixa;154,0;45,1;102,4;15;30;15;3,56;16,22;🟡 Estoque excessivo;0,0;4052,95;0,0
PC003225;Não informado;A;Baixa;53,0;41,8;38,0;15;30;15;9,59;16,22;🟡 Estoque excessivo;0,0;4306,14;0,0
PC002996;Não informado;A;Baixa;140,0;84,4;49,8;15;30;15;7,33;16,22;🟡 Estoque excessivo;0,0;1695,59;0,0
PC005912;Não informado;A;Baixa;68,0;32,3;63,1;15;30;15;5,79;16,22;🟡 Estoque excessivo;0,0;6235,17;0,0
PC004920;Não informado;A;Baixa;438,0;285,3;46,1;15;30;15;7,93;16,22;🟡 Estoque excessivo;0,0;1069,28;0,0
PC000721;Não informado;A;Baixa;23,0;34,2;20,2;15;30;15;18,09;16,22;🟢 OK;0,0;5299,26;0,0
PC005956;Não informado;A;Baixa;25,0;25,8;29,0;15;30;15;12,58;16,22;🟢 OK;0,0;6039,45;0,0
PC007422;Não informado;A;Baixa;422,0;293,5;43,1;15;30;15;8,46;16,22;🟡 Estoque excessivo;0,0;638,42;0,0
PC001071;Não informado;A;Baixa;48,0;34,0;42,4;15;30;15;8,62;16,22;🟡 Estoque excessivo;0,0;5725,24;0,0
PC006736;Não informado;A;Baixa;181,0;131,4;41,3;15;30;15;8,83;16,22;🟡 Estoque excessivo;0,0;1520,37;0,0
PC002503;Não informado;A;Média;171,0;154,7;33,2;15;30;15;11,01;16,22;🟡 Estoque excessivo;0,0;1618,88;0,0
PC005285;Não informado;A;Baixa;212,0;70,0;90,8;15;30;15;4,02;16,22;🟡 Estoque excessivo;0,0;2575,77;0,0
PC000495;Não informado;A;Baixa;244,0;172,0;42,6;15;30;15;8,58;16,22;🟡 Estoque excessivo;0,0;3146,42;0,0
PC006657;Não informado;A;Baixa;105,0;69,8;45,1;15;30;15;8,09;16,22;🟡 Estoque excessivo;0,0;2465,09;0,0
PC001596;Não informado;A;Baixa;42,0;42,9;29,4;15;30;15;12,42;16,22;🟢 OK;0,0;5108,75;0,0
PC005293;Não informado;A;Baixa;217,0;71,9;90,5;15;30;15;4,03;16,22;🟡 Estoque excessivo;0,0;2624,16;0,0
PC009602;Não informado;A;Baixa;17,0;140,0;3,6;15;30;15;100,23;16,22;🚨 RUPTURA IMINENTE;123,0;4022,56;494957,32
PC009549;Não informado;A;Baixa;123,0;35,6;103,6;15;30;15;3,52;16,22;🟡 Estoque excessivo;0,0;4266,86;0,0
PC005871;Não informado;A;Baixa;88,0;45,2;58,4;15;30;15;6,25;16,22;🟡 Estoque excessivo;0,0;4141,63;0,0
PC001844;Não informado;A;Baixa;82,0;29,6;83,0;15;30;15;4,4;16,22;🟡 Estoque excessivo;0,0;7199,99;0,0
PC002709;Não informado;A;Baixa;256,0;221,7;34,6;15;30;15;10,54;16,22;🟡 Estoque excessivo;0,0;888,13;0,0
PC007493;Não informado;A;Baixa;455,0;206,4;66,1;15;30;15;5,52;16,22;🟡 Estoque excessivo;0,0;956,42;0,0
PC005182;Não informado;A;Baixa;89,0;46,4;57,5;15;30;15;6,35;16,22;🟡 Estoque excessivo;0,0;3184,56;0,0
PC004348;Não informado;A;Baixa;36,0;74,1;14,6;15;30;15;25,04;16,22;🚨 RUPTURA IMINENTE;38,0;3246,31;123658,4
PC009812;Não informado;A;Baixa;150,0;74,9;60,1;15;30;15;6,07;16,22;🟡 Estoque excessivo;0,0;2483,14;0,0
PC007151;Não informado;A;Baixa;55,0;37,8;43,7;15;30;15;8,36;16,22;🟡 Estoque excessivo;0,0;7426,86;0,0
PC002364;Não informado;A;Baixa;83,0;49,9;49,9;15;30;15;7,31;16,22;🟡 Estoque excessivo;0,0;5960,65;0,0
PC003083;Não informado;A;Baixa;334,0;214,5;46,7;15;30;15;7,81;16,22;🟡 Estoque excessivo;0,0;833,6;0,0
PC001556;Não informado;A;Baixa;59,0;103,8;17,1;15;30;15;21,41;16,22;🟢 OK;0,0;1580,25;0,0
PC004476;Não informado;A;Baixa;78,0;25,0;93,7;15;30;15;3,9;16,22;🟡 Estoque excessivo;0,0;5427,62;0,0
PC006789;Não informado;A;Baixa;86,0;57,2;45,1;15;30;15;8,09;16,22;🟡 Estoque excessivo;0,0;2299,04;0,0
PC001154;Não informado;A;Baixa;37,0;181,7;6,1;15;30;15;59,76;16,22;🚨 RUPTURA IMINENTE;145,0;2636,24;381590,95
PC008985;Não informado;A;Baixa;42,0;36,3;34,7;15;30;15;10,52;16,22;🟡 Estoque excessivo;0,0;4819,37;0,0
PC008519;Não informado;A;Baixa;49,0;30,1;48,9;15;30;15;7,47;16,22;🟡 Estoque excessivo;0,0;6269,22;0,0
PC000647;Não informado;A;Baixa;27,0;71,4;11,3;15;30;15;32,19;16,22;🚨 RUPTURA IMINENTE;44,0;4501,56;200055,34
PC005294;Não informado;A;Baixa;102,0;180,0;17,0;15;30;15;21,47;16,22;🟢 OK;0,0;931,86;0,0
PC006538;Não informado;A;Baixa;279,0;108,2;77,3;15;30;15;4,72;16,22;🟡 Estoque excessivo;0,0;1649,66;0,0
PC004440;Não informado;A;Baixa;30,0;111,4;8,1;15;30;15;45,16;16,22;🚨 RUPTURA IMINENTE;81,0;5857,91;476614,46
PC005165;Não informado;A;Baixa;93,0;34,1;81,8;15;30;15;4,46;16,22;🟡 Estoque excessivo;0,0;5170,67;0,0
PC001294;Não informado;A;Baixa;322,0;118,0;81,9;15;30;15;4,46;16,22;🟡 Estoque excessivo;0,0;1482,28;0,0
PC008589;Não informado;A;Baixa;141,0;65,7;64,4;15;30;15;5,67;16,22;🟡 Estoque excessivo;0,0;2109,48;0,0
PC006020;Não informado;A;Baixa;55,0;34,9;47,3;15;30;15;7,71;16,22;🟡 Estoque excessivo;0,0;3630,97;0,0
PC000110;Não informado;A;Baixa;318,0;121,0;78,9;15;30;15;4,63;16,22;🟡 Estoque excessivo;0,0;1089,69;0,0
PC009069;Não informado;A;Baixa;109,0;50,3;65,0;15;30;15;5,62;16,22;🟡 Estoque excessivo;0,0;3519,62;0,0
PC008367;Não informado;A;Baixa;14,0;23,4;17,9;15;30;15;20,36;16,22;🟢 OK;0,0;6874,47;0,0
PC001647;Não informado;A;Baixa;35,0;20,2;52,0;15;30;15;7,02;16,22;🟡 Estoque excessivo;0,0;8364,07;0,0
PC005851;Não informado;A;Baixa;364,0;186,5;58,6;15;30;15;6,23;16,22;🟡 Estoque excessivo;0,0;1006,41;0,0
PC003665;Não informado;A;Baixa;86,0;82,2;31,4;15;30;15;11,63;16,22;🟡 Estoque excessivo;0,0;3562,26;0,0
PC001726;Não informado;A;Baixa;195,0;66,2;88,4;15;30;15;4,13;16,22;🟡 Estoque excessivo;0,0;3030,51;0,0
PC007505;Não informado;A;Baixa;104,0;33,3;93,8;15;30;15;3,89;16,22;🟡 Estoque excessivo;0,0;4861,79;0,0
PC003614;Não informado;A;Baixa;401,0;171,9;70,0;15;30;15;5,21;16,22;🟡 Estoque excessivo;0,0;963,0;0,0
PC000180;Não informado;A;Baixa;38,0;39,7;28,7;15;30;15;12,72;16,22;🟢 OK;0,0;3458,15;0,0
PC001115;Não informado;A;Baixa;721,0;259,7;83,3;15;30;15;4,38;16,22;🟡 Estoque excessivo;0,0;550,19;0,0
PC009882;Não informado;A;Baixa;108,0;42,1;76,9;15;30;15;4,75;16,22;🟡 Estoque excessivo;0,0;4878,06;0,0
PC002957;Não informado;A;Baixa;35,0;22,3;47,0;15;30;15;7,77;16,22;🟡 Estoque excessivo;0,0;5486,52;0,0
PC006191;Não informado;A;Baixa;50,0;30,6;49,0;15;30;15;7,45;16,22;🟡 Estoque excessivo;0,0;4876,97;0,0
PC007540;Não informado;A;Baixa;37,0;186,3;6,0;15;30;15;61,26;16,22;🚨 RUPTURA IMINENTE;149,0;3502,93;522960,63
PC009455;Não informado;A;Baixa;71,0;23,1;92,0;15;30;15;3,97;16,22;🟡 Estoque excessivo;0,0;5468,96;0,0
PC006596;Não informado;A;Baixa;65,0;43,6;44,7;15;30;15;8,17;16,22;🟡 Estoque excessivo;0,0;6825,43;0,0
PC006809;Não informado;A;Baixa;80,0;31,0;77,3;15;30;15;4,72;16,22;🟡 Estoque excessivo;0,0;5783,98;0,0
PC004731;Não informado;A;Baixa;78,0;64,7;36,2;15;30;15;10,09;16,22;🟡 Estoque excessivo;0,0;2494,14;0,0
PC007313;Não informado;A;Baixa;66,0;39,3;50,4;15;30;15;7,24;16,22;🟡 Estoque excessivo;0,0;4071,78;0,0
PC006254;Não informado;A;Média;142,0;174,7;24,4;15;30;15;14,97;16,22;🟢 OK;0,0;1492,38;0,0
PC001141;Não informado;A;Baixa;225,0;224,3;30,1;15;30;15;12,13;16,22;🟡 Estoque excessivo;0,0;766,57;0,0
PC000960;Não informado;A;Baixa;537,0;229,4;70,2;15;30;15;5,2;16,22;🟡 Estoque excessivo;0,0;781,29;0,0
PC008705;Não informado;A;Baixa;80,0;37,5;64,0;15;30;15;5,7;16,22;🟡 Estoque excessivo;0,0;4183,85;0,0
PC001551;Não informado;A;Média;247,0;262,4;28,2;15;30;15;12,93;16,22;🟢 OK;0,0;974,04;0,0
PC003930;Não informado;A;Baixa;33,0;42,2;23,5;15;30;15;15,54;16,22;🟢 OK;0,0;4437,21;0,0
PC007700;Não informado;A;Baixa;58,0;30,3;57,5;15;30;15;6,35;16,22;🟡 Estoque excessivo;0,0;5427,44;0,0
PC005908;Não informado;A;Baixa;70,0;54,1;38,8;15;30;15;9,4;16,22;🟡 Estoque excessivo;0,0;3259,36;0,0
PC007459;Não informado;A;Baixa;203,0;137,1;44,4;15;30;15;8,22;16,22;🟡 Estoque excessivo;0,0;1131,1;0,0
PC005561;Não informado;A;Média;219,0;230,2;28,5;15;30;15;12,79;16,22;🟢 OK;0,0;1026,61;0,0
PC007853;Não informado;A;Média;360,0;200,1;54,0;15;30;15;6,76;16,22;🟡 Estoque excessivo;0,0;1202,11;0,0
PC004697;Não informado;A;Baixa;55,0;41,2;40,0;15;30;15;9,12;16,22;🟡 Estoque excessivo;0,0;3680,59;0,0
PC004773;Não informado;A;Baixa;169,0;64,2;79,0;15;30;15;4,62;16,22;🟡 Estoque excessivo;0,0;2328,48;0,0
PC000661;Não informado;A;Baixa;234,0;206,2;34,0;15;30;15;10,72;16,22;🟡 Estoque excessivo;0,0;664,27;0,0
PC008856;Não informado;A;Média;51,0;45,8;33,4;15;30;15;10,92;16,22;🟡 Estoque excessivo;0,0;4745,48;0,0
PC007607;Não informado;A;Baixa;364,0;261,9;41,7;15;30;15;8,75;16,22;🟡 Estoque excessivo;0,0;889,18;0,0
PC002868;Não informado;A;Baixa;18,0;20,6;26,2;15;30;15;13,94;16,22;🟢 OK;0,0;7562,3;0,0
PC005528;Não informado;A;Média;29,0;37,7;23,1;15;30;15;15,8;16,22;🟢 OK;0,0;5889,61;0,0
PC005954;Não informado;A;Baixa;107,0;49,1;65,3;15;30;15;5,59;16,22;🟡 Estoque excessivo;0,0;3126,45;0,0
PC004162;Não informado;A;Baixa;44,0;35,4;37,3;15;30;15;9,78;16,22;🟡 Estoque excessivo;0,0;4263,2;0,0
PC006974;Não informado;A;Baixa;218,0;128,0;51,1;15;30;15;7,14;16,22;🟡 Estoque excessivo;0,0;2230,76;0,0
PC009711;Não informado;A;Baixa;64,0;61,2;31,4;15;30;15;11,63;16,22;🟡 Estoque excessivo;0,0;3062,39;0,0
PC003993;Não informado;A;Baixa;112,0;40,3;83,3;15;30;15;4,38;16,22;🟡 Estoque excessivo;0,0;3108,61;0,0
PC006873;Não informado;A;Média;29,0;69,1;12,6;15;30;15;28,99;16,22;🚨 RUPTURA IMINENTE;40,0;3382,0;135605,34
PC002330;Não informado;A;Baixa;203,0;70,6;86,3;15;30;15;4,23;16,22;🟡 Estoque excessivo;0,0;1821,44;0,0
PC001752;Não informado;A;Baixa;64,0;31,0;62,0;15;30;15;5,89;16,22;🟡 Estoque excessivo;0,0;3842,6;0,0
PC000293;Não informado;A;Baixa;134,0;164,2;24,5;15;30;15;14,91;16,22;🟢 OK;0,0;1426,39;0,0
PC000342;Não informado;A;Baixa;115,0;140,3;24,6;15;30;15;14,84;16,22;🟢 OK;0,0;1064,28;0,0
PC001048;Não informado;A;Baixa;33,0;33,8;29,3;15;30;15;12,46;16,22;🟢 OK;0,0;5244,85;0,0
PC008919;Não informado;A;Baixa;921,0;298,6;92,5;15;30;15;3,94;16,22;🟡 Estoque excessivo;0,0;395,34;0,0
PC008955;Não informado;A;Baixa;183,0;153,2;35,8;15;30;15;10,19;16,22;🟡 Estoque excessivo;0,0;1268,78;0,0
PC006716;Não informado;A;Média;59,0;52,9;33,5;15;30;15;10,9;16,22;🟡 Estoque excessivo;0,0;5380,64;0,0
PC009410;Não informado;A;Baixa;86,0;40,4;63,9;15;30;15;5,71;16,22;🟡 Estoque excessivo;0,0;4151,6;0,0
PC009285;Não informado;A;Baixa;180,0;68,8;78,5;15;30;15;4,65;16,22;🟡 Estoque excessivo;0,0;2649,29;0,0
PC004871;Não informado;A;Baixa;594,0;205,3;86,8;15;30;15;4,2;16,22;🟡 Estoque excessivo;0,0;771,62;0,0
PC002522;Não informado;A;Baixa;178,0;61,4;87,0;15;30;15;4,2;16,22;🟡 Estoque excessivo;0,0;2257,23;0,0
PC002391;Não informado;A;Baixa;90,0;104,6;25,8;15;30;15;14,14;16,22;🟢 OK;0,0;2342,29;0,0
PC003000;Não informado;A;Baixa;334,0;135,9;73,7;15;30;15;4,95;16,22;🟡 Estoque excessivo;0,0;1181,79;0,0
PC006737;Não informado;A;Baixa;28,0;44,8;18,7;15;30;15;19,47;16,22;🟢 OK;0,0;2858,42;0,0
PC006972;Não informado;A;Baixa;59,0;22,6;78,5;15;30;15;4,65;16,22;🟡 Estoque excessivo;0,0;6255,44;0,0
PC003522;Não informado;A;Baixa;30,0;39,8;22,6;15;30;15;16,14;16,22;🟢 OK;0,0;3498,0;0,0
PC000921;Não informado;A;Média;120,0;71,5;50,3;15;30;15;7,25;16,22;🟡 Estoque excessivo;0,0;3591,7;0,0
PC002201;Não informado;A;Baixa;63,0;34,8;54,3;15;30;15;6,72;16,22;🟡 Estoque excessivo;0,0;5260,16;0,0
PC002349;Não informado;A;Baixa;113,0;65,7;51,6;15;30;15;7,07;16,22;🟡 Estoque excessivo;0,0;3523,0;0,0
PC006541;Não informado;A;Baixa;29,0;30,1;28,9;15;30;15;12,64;16,22;🟢 OK;0,0;4886,36;0,0
PC007203;Não informado;A;Baixa;161,0;167,7;28,8;15;30;15;12,67;16,22;🟢 OK;0,0;819,8;0,0
PC007194;Não informado;A;Baixa;133,0;62,8;63,5;15;30;15;5,74;16,22;🟡 Estoque excessivo;0,0;3873,37;0,0
PC003348;Não informado;A;Baixa;33,0;41,1;24,1;15;30;15;15,15;16,22;🟢 OK;0,0;4237,42;0,0
PC005705;Não informado;A;Baixa;238,0;148,8;48,0;15;30;15;7,61;16,22;🟡 Estoque excessivo;0,0;945,47;0,0
PC000788;Não informado;A;Baixa;250,0;74,8;100,3;15;30;15;3,64;16,22;🟡 Estoque excessivo;0,0;1313,9;0,0
PC009579;Não informado;A;Baixa;813,0;319,3;76,4;15;30;15;4,78;16,22;🟡 Estoque excessivo;0,0;440,86;0,0
PC008665;Não informado;A;Baixa;87,0;144,9;18,0;15;30;15;20,26;16,22;🟢 OK;0,0;2261,53;0,0
PC002046;Não informado;A;Baixa;86,0;43,5;59,3;15;30;15;6,15;16,22;🟡 Estoque excessivo;0,0;3659,68;0,0
PC008846;Não informado;A;Baixa;250,0;104,4;71,9;15;30;15;5,08;16,22;🟡 Estoque excessivo;0,0;1489,34;0,0
PC003951;Não informado;A;Baixa;65,0;19,6;99,5;15;30;15;3,67;16,22;🟡 Estoque excessivo;0,0;7774,41;0,0
PC000711;Não informado;A;Baixa;58,0;28,7;60,6;15;30;15;6,03;16,22;🟡 Estoque excessivo;0,0;3821,38;0,0
PC003132;Não informado;A;Baixa;31,0;29,6;31,4;15;30;15;11,61;16,22;🟡 Estoque excessivo;0,0;7841,07;0,0
PC001689;Não informado;A;Baixa;115,0;57,7;59,7;15;30;15;6,11;16,22;🟡 Estoque excessivo;0,0;2538,19;0,0
PC005400;Não informado;A;Baixa;80,0;31,2;77,0;15;30;15;4,74;16,22;🟡 Estoque excessivo;0,0;4719,49;0,0
PC005377;Não informado;A;Baixa;161,0;60,5;79,8;15;30;15;4,57;16,22;🟡 Estoque excessivo;0,0;1709,61;0,0
PC003173;Não informado;A;Baixa;946,0;292,6;97,0;15;30;15;3,76;16,22;🟡 Estoque excessivo;0,0;509,2;0,0
PC009332;Não informado;A;Baixa;54,0;25,7;63,0;15;30;15;5,79;16,22;🟡 Estoque excessivo;0,0;4774,45;0,0
PC000657;Não informado;A;Baixa;103,0;86,8;35,6;15;30;15;10,26;16,22;🟡 Estoque excessivo;0,0;1461,9;0,0
PC003973;Não informado;A;Baixa;86,0;48,4;53,3;15;30;15;6,85;16,22;🟡 Estoque excessivo;0,0;3200,26;0,0
PC005359;Não informado;A;Baixa;108,0;35,1;92,4;15;30;15;3,95;16,22;🟡 Estoque excessivo;0,0;3425,88;0,0
PC006085;Não informado;A;Baixa;49,0;56,8;25,9;15;30;15;14,1;16,22;🟢 OK;0,0;2370,75;0,0
PC006535;Não informado;A;Média;64,0;49,5;38,8;15;30;15;9,41;16,22;🟡 Estoque excessivo;0,0;5426,56;0,0
PC006609;Não informado;A;Baixa;226,0;148,1;45,8;15;30;15;7,97;16,22;🟡 Estoque excessivo;0,0;1644,54;0,0
PC009788;Não informado;A;Baixa;29,0;53,7;16,2;15;30;15;22,55;16,22;🟢 OK;0,0;2313,04;0,0
PC003610;Não informado;A;Baixa;76,0;34,7;65,8;15;30;15;5,55;16,22;🟡 Estoque excessivo;0,0;4318,71;0,0
PC007060;Não informado;A;Baixa;66,0;36,3;54,6;15;30;15;6,69;16,22;🟡 Estoque excessivo;0,0;5129,82;0,0
PC002449;Não informado;A;Baixa;51,0;29,2;52,4;15;30;15;6,96;16,22;🟡 Estoque excessivo;0,0;4799,26;0,0
PC009112;Não informado;A;Baixa;14,0;19,8;21,3;15;30;15;17,17;16,22;🟢 OK;0,0;6680,29;0,0
PC000333;Não informado;A;Baixa;55,0;30,3;54,4;15;30;15;6,71;16,22;🟡 Estoque excessivo;0,0;7762,57;0,0
PC007484;Não informado;A;Média;99,0;61,8;48,1;15;30;15;7,59;16,22;🟡 Estoque excessivo;0,0;3003,48;0,0
PC008175;Não informado;A;Baixa;48,0;28,9;49,9;15;30;15;7,32;16,22;🟡 Estoque excessivo;0,0;4936,95;0,0
PC000772;Não informado;A;Baixa;211,0;65,8;96,3;15;30;15;3,79;16,22;🟡 Estoque excessivo;0,0;2000,7;0,0
PC002740;Não informado;A;Baixa;47,0;18,9;74,6;15;30;15;4,89;16,22;🟡 Estoque excessivo;0,0;7501,97;0,0
PC007492;Não informado;A;Baixa;30,0;18,3;49,1;15;30;15;7,43;16,22;🟡 Estoque excessivo;0,0;5069,26;0,0
PC004916;Não informado;A;Baixa;50,0;35,2;42,6;15;30;15;8,57;16,22;🟡 Estoque excessivo;0,0;6106,35;0,0
PC000081;Não informado;A;Baixa;52,0;106,5;14,6;15;30;15;24,92;16,22;🚨 RUPTURA IMINENTE;54,0;3712,71;202311,49
PC006424;Não informado;A;Baixa;109,0;38,6;84,8;15;30;15;4,31;16,22;🟡 Estoque excessivo;0,0;3968,92;0,0
PC007149;Não informado;A;Baixa;86,0;163,2;15,8;15;30;15;23,09;16,22;🟢 OK;0,0;3931,21;0,0
PC005679;Não informado;A;Baixa;77,0;35,3;65,4;15;30;15;5,58;16,22;🟡 Estoque excessivo;0,0;4036,51;0,0
PC005395;Não informado;A;Baixa;173,0;187,0;27,8;15;30;15;13,15;16,22;🟢 OK;0,0;777,99;0,0
PC000056;Não informado;A;Média;583,0;311,0;56,2;15;30;15;6,49;16,22;🟡 Estoque excessivo;0,0;769,69;0,0
PC007961;Não informado;A;Baixa;35,0;21,0;50,0;15;30;15;7,3;16,22;🟡 Estoque excessivo;0,0;5689,41;0,0
PC001890;Não informado;A;Baixa;405,0;188,0;64,6;15;30;15;5,65;16,22;🟡 Estoque excessivo;0,0;506,83;0,0
PC008564;Não informado;A;Baixa;35,0;22,0;47,8;15;30;15;7,63;16,22;🟡 Estoque excessivo;0,0;5941,37;0,0
PC004143;Não informado;A;Baixa;53,0;20,2;78,7;15;30;15;4,64;16,22;🟡 Estoque excessivo;0,0;5576,27;0,0
PC001986;Não informado;A;Baixa;84,0;27,4;92,0;15;30;15;3,97;16,22;🟡 Estoque excessivo;0,0;4777,99;0,0
PC008800;Não informado;A;Baixa;798,0;438,9;54,5;15;30;15;6,69;16,22;🟡 Estoque excessivo;0,0;429,23;0,0
PC000837;Não informado;A;Baixa;73,0;149,7;14,6;15;30;15;24,96;16,22;🚨 RUPTURA IMINENTE;77,0;2400,01;184173,29
PC008429;Não informado;A;Baixa;348,0;155,3;67,2;15;30;15;5,43;16,22;🟡 Estoque excessivo;0,0;862,38;0,0
PC006361;Não informado;A;Baixa;79,0;41,5;57,1;15;30;15;6,39;16,22;🟡 Estoque excessivo;0,0;2417,35;0,0
PC000379;Não informado;A;Média;37,0;87,5;12,7;15;30;15;28,79;16,22;🚨 RUPTURA IMINENTE;51,0;2096,97;105983,47
PC002923;Não informado;A;Baixa;199,0;92,9;64,3;15;30;15;5,68;16,22;🟡 Estoque excessivo;0,0;1234,53;0,0
PC008333;Não informado;A;Baixa;87,0;32,7;79,7;15;30;15;4,58;16,22;🟡 Estoque excessivo;0,0;3822,39;0,0
PC001332;Não informado;A;Baixa;52,0;27,0;57,9;15;30;15;6,31;16,22;🟡 Estoque excessivo;0,0;3833,53;0,0
PC001604;Não informado;A;Baixa;80,0;28,3;84,7;15;30;15;4,31;16,22;🟡 Estoque excessivo;0,0;3858,16;0,0
PC004563;Não informado;A;Baixa;349,0;207,7;50,4;15;30;15;7,24;16,22;🟡 Estoque excessivo;0,0;631,29;0,0
PC003396;Não informado;A;Baixa;40,0;21,8;54,9;15;30;15;6,64;16,22;🟡 Estoque excessivo;0,0;6930,54;0,0
PC007343;Não informado;A;Baixa;66,0;22,4;88,6;15;30;15;4,12;16,22;🟡 Estoque excessivo;0,0;6539,91;0,0
PC005893;Não informado;A;Baixa;126,0;46,7;81,0;15;30;15;4,51;16,22;🟡 Estoque excessivo;0,0;2750,7;0,0
PC001450;Não informado;A;Baixa;384,0;170,1;67,7;15;30;15;5,39;16,22;🟡 Estoque excessivo;0,0;603,24;0,0
PC009858;Não informado;A;Baixa;68,0;26,5;77,0;15;30;15;4,74;16,22;🟡 Estoque excessivo;0,0;5494,2;0,0
PC006298;Não informado;A;Média;50,0;41,3;36,3;15;30;15;10,05;16,22;🟡 Estoque excessivo;0,0;4423,07;0,0
PC002416;Não informado;A;Baixa;247,0;100,6;73,6;15;30;15;4,96;16,22;🟡 Estoque excessivo;0,0;1025,07;0,0
PC000141;Não informado;A;Baixa;64,0;33,2;57,8;15;30;15;6,31;16,22;🟡 Estoque excessivo;0,0;4432,31;0,0
PC006745;Não informado;A;Baixa;48,0;23,3;61,8;15;30;15;5,9;16,22;🟡 Estoque excessivo;0,0;4584,81;0,0
PC003444;Não informado;A;Baixa;35,0;20,6;51,0;15;30;15;7,15;16,22;🟡 Estoque excessivo;0,0;4265,71;0,0
PC007102;Não informado;A;Baixa;52,0;29,7;52,6;15;30;15;6,94;16,22;🟡 Estoque excessivo;0,0;4417,06;0,0
PC006489;Não informado;A;Baixa;27,0;16,8;48,2;15;30;15;7,57;16,22;🟡 Estoque excessivo;0,0;6646,93;0,0
PC001241;Não informado;A;Baixa;51,0;19,4;78,7;15;30;15;4,64;16,22;🟡 Estoque excessivo;0,0;5198,95;0,0
PC004504;Não informado;A;Baixa;58,0;45,6;38,2;15;30;15;9,56;16,22;🟡 Estoque excessivo;0,0;4823,52;0,0
PC003790;Não informado;A;Baixa;413,0;131,0;94,6;15;30;15;3,86;16,22;🟡 Estoque excessivo;0,0;857,25;0,0
PC002948;Não informado;A;Baixa;133,0;83,5;47,8;15;30;15;7,64;16,22;🟡 Estoque excessivo;0,0;1800,9;0,0
PC002893;Não informado;A;Baixa;100,0;28,4;105,7;15;30;15;3,45;16,22;🟡 Estoque excessivo;0,0;3365,64;0,0
PC005716;Não informado;A;Baixa;106,0;35,4;89,8;15;30;15;4,07;16,22;🟡 Estoque excessivo;0,0;3339,31;0,0
PC004802;Não informado;A;Baixa;38,0;36,5;31,3;15;30;15;11,68;16,22;🟡 Estoque excessivo;0,0;4099,16;0,0
PC004112;Não informado;A;Baixa;65,0;119,8;16,3;15;30;15;22,43;16,22;🟢 OK;0,0;974,37;0,0
PC007981;Não informado;A;Baixa;38,0;41,7;27,4;15;30;15;13,34;16,22;🟢 OK;0,0;4007,34;0,0
PC006115;Não informado;A;Baixa;253,0;80,4;94,4;15;30;15;3,87;16,22;🟡 Estoque excessivo;0,0;1285,67;0,0
PC007375;Não informado;A;Baixa;55,0;93,3;17,7;15;30;15;20,64;16,22;🟢 OK;0,0;1414,22;0,0
PC001348;Não informado;A;Baixa;58,0;18,4;94,7;15;30;15;3,86;16,22;🟡 Estoque excessivo;0,0;7426,27;0,0
PC003782;Não informado;A;Baixa;321,0;143,3;67,2;15;30;15;5,43;16,22;🟡 Estoque excessivo;0,0;919,78;0,0
PC000254;Não informado;A;Baixa;157,0;51,7;91,1;15;30;15;4,01;16,22;🟡 Estoque excessivo;0,0;2349,64;0,0
PC002372;Não informado;A;Baixa;16,0;15,4;31,2;15;30;15;11,69;16,22;🟡 Estoque excessivo;0,0;7234,7;0,0
PC001364;Não informado;A;Baixa;173,0;67,1;77,3;15;30;15;4,72;16,22;🟡 Estoque excessivo;0,0;1459,87;0,0
PC006768;Não informado;A;Baixa;845,0;302,4;83,8;15;30;15;4,35;16,22;🟡 Estoque excessivo;0,0;316,76;0,0
PC000672;Não informado;A;Baixa;506,0;321,0;47,3;15;30;15;7,72;16,22;🟡 Estoque excessivo;0,0;567,05;0,0
PC005231;Não informado;A;Baixa;98,0;42,2;69,6;15;30;15;5,24;16,22;🟡 Estoque excessivo;0,0;3201,39;0,0
PC005140;Não informado;A;Baixa;34,0;55,5;18,4;15;30;15;19,86;16,22;🟢 OK;0,0;2408,98;0,0
PC005948;Não informado;A;Baixa;24,0;22,9;31,5;15;30;15;11,59;16,22;🟡 Estoque excessivo;0,0;4711,37;0,0
PC000549;Não informado;A;Baixa;149,0;65,1;68,6;15;30;15;5,32;16,22;🟡 Estoque excessivo;0,0;1457,21;0,0
PC000468;Não informado;A;Baixa;48,0;27,6;52,1;15;30;15;7,01;16,22;🟡 Estoque excessivo;0,0;4016,63;0,0
PC005246;Não informado;A;Baixa;27,0;21,0;38,6;15;30;15;9,46;16,22;🟡 Estoque excessivo;0,0;4671,94;0,0
PC001816;Não informado;A;Baixa;24,0;20,7;34,8;15;30;15;10,5;16,22;🟡 Estoque excessivo;0,0;4690,1;0,0
PC000858;Não informado;A;Baixa;48,0;24,0;60,1;15;30;15;6,08;16,22;🟡 Estoque excessivo;0,0;5580,14;0,0
PC003019;Não informado;A;Média;240,0;289,6;24,9;15;30;15;14,68;16,22;🟢 OK;0,0;540,14;0,0
PC004548;Não informado;A;Baixa;121,0;44,7;81,3;15;30;15;4,49;16,22;🟡 Estoque excessivo;0,0;2388,14;0,0
PC008948;Não informado;A;Baixa;23,0;13,9;49,6;15;30;15;7,36;16,22;🟡 Estoque excessivo;0,0;5670,83;0,0
PC007087;Não informado;A;Baixa;22,0;19,0;34,8;15;30;15;10,5;16,22;🟡 Estoque excessivo;0,0;5292,51;0,0
PC003405;Não informado;A;Baixa;57,0;76,6;22,3;15;30;15;16,35;16,22;🟢 OK;0,0;2023,16;0,0
PC007202;Não informado;A;Baixa;153,0;129,5;35,5;15;30;15;10,29;16,22;🟡 Estoque excessivo;0,0;794,11;0,0
PC005207;Não informado;A;Baixa;314,0;111,6;84,4;15;30;15;4,32;16,22;🟡 Estoque excessivo;0,0;887,0;0,0
PC004781;Não informado;A;Baixa;35,0;90,3;11,6;15;30;15;31,37;16,22;🚨 RUPTURA IMINENTE;55,0;2669,98;147520,64
PC001561;Não informado;A;Baixa;43,0;21,1;61,3;15;30;15;5,96;16,22;🟡 Estoque excessivo;0,0;5154,05;0,0
PC006076;Não informado;A;Baixa;137,0;40,4;101,7;15;30;15;3,59;16,22;🟡 Estoque excessivo;0,0;2423,48;0,0
PC003262;Não informado;A;Baixa;69,0;31,2;66,3;15;30;15;5,51;16,22;🟡 Estoque excessivo;0,0;4700,63;0,0
PC004993;Não informado;A;Baixa;31,0;47,6;19,5;15;30;15;18,67;16,22;🟢 OK;0,0;3385,63;0,0
PC003555;Não informado;A;Baixa;36,0;253,8;4,3;15;30;15;85,77;16,22;🚨 RUPTURA IMINENTE;218,0;1579,36;343948,74
PC003970;Não informado;A;Baixa;40,0;59,6;20,1;15;30;15;18,13;16,22;🟢 OK;0,0;1443,65;0,0
PC007746;Não informado;A;Média;24,0;34,1;21,1;15;30;15;17,28;16,22;🟢 OK;0,0;4747,75;0,0
PC003134;Não informado;A;Média;103,0;64,8;47,7;15;30;15;7,65;16,22;🟡 Estoque excessivo;0,0;2653,09;0,0
PC001617;Não informado;A;Baixa;219,0;72,6;90,5;15;30;15;4,03;16,22;🟡 Estoque excessivo;0,0;1092,17;0,0
PC007684;Não informado;A;Baixa;70,0;76,6;27,4;15;30;15;13,32;16,22;🟢 OK;0,0;4828,47;0,0
PC008794;Não informado;A;Média;131,0;163,0;24,1;15;30;15;15,14;16,22;🟢 OK;0,0;1164,62;0,0
PC009645;Não informado;A;Baixa;42,0;44,8;28,1;15;30;15;12,98;16,22;🟢 OK;0,0;3624,04;0,0
PC008188;Não informado;A;Baixa;29,0;18,1;48,0;15;30;15;7,61;16,22;🟡 Estoque excessivo;0,0;7056,34;0,0
PC009217;Não informado;A;Baixa;403,0;131,9;91,7;15;30;15;3,98;16,22;🟡 Estoque excessivo;0,0;952,86;0,0
PC005073;Não informado;A;Baixa;84,0;45,3;55,6;15;30;15;6,56;16,22;🟡 Estoque excessivo;0,0;3479,34;0,0
PC006317;Não informado;A;Média;72,0;49,5;43,7;15;30;15;8,36;16,22;🟡 Estoque excessivo;0,0;3013,36;0,0
PC005886;Não informado;A;Baixa;63,0;23,6;80,0;15;30;15;4,57;16,22;🟡 Estoque excessivo;0,0;4868,54;0,0
PC004719;Não informado;A;Baixa;147,0;69,9;63,1;15;30;15;5,78;16,22;🟡 Estoque excessivo;0,0;1706,65;0,0
PC001268;Não informado;A;Baixa;201,0;137,6;43,8;15;30;15;8,33;16,22;🟡 Estoque excessivo;0,0;1126,64;0,0
PC001550;Não informado;A;Baixa;177,0;90,1;58,9;15;30;15;6,19;16,22;🟡 Estoque excessivo;0,0;1205,66;0,0
PC006857;Não informado;A;Baixa;358,0;238,4;45,0;15;30;15;8,1;16,22;🟡 Estoque excessivo;0,0;421,62;0,0
PC009383;Não informado;A;Baixa;718,0;239,6;89,9;15;30;15;4,06;16,22;🟡 Estoque excessivo;0,0;470,48;0,0
PC005761;Não informado;A;Baixa;36,0;31,4;34,4;15;30;15;10,63;16,22;🟡 Estoque excessivo;0,0;5754,76;0,0
PC005564;Não informado;A;Baixa;67,0;59,8;33,6;15;30;15;10,86;16,22;🟡 Estoque excessivo;0,0;4890,76;0,0
PC001175;Não informado;A;Baixa;201,0;103,0;58,6;15;30;15;6,23;16,22;🟡 Estoque excessivo;0,0;1089,95;0,0
PC003842;Não informado;A;Baixa;77,0;24,7;93,7;15;30;15;3,9;16,22;🟡 Estoque excessivo;0,0;3472,5;0,0
PC001455;Não informado;A;Média;92,0;57,0;48,4;15;30;15;7,54;16,22;🟡 Estoque excessivo;0,0;3346,82;0,0
PC000525;Não informado;A;Baixa;239,0;154,1;46,5;15;30;15;7,84;16,22;🟡 Estoque excessivo;0,0;1106,01;0,0
PC001935;Não informado;A;Baixa;113,0;131,3;25,8;15;30;15;14,13;16,22;🟢 OK;0,0;632,71;0,0
PC002669;Não informado;A;Baixa;148,0;225,9;19,7;15;30;15;18,57;16,22;🟢 OK;0,0;904,74;0,0
PC002452;Não informado;A;Baixa;52,0;24,4;64,0;15;30;15;5,71;16,22;🟡 Estoque excessivo;0,0;4406,3;0,0
PC006105;Não informado;A;Baixa;39,0;12,4;94,0;15;30;15;3,88;16,22;🟡 Estoque excessivo;0,0;6539,26;0,0
PC007813;Não informado;A;Baixa;108,0;38,9;83,2;15;30;15;4,39;16,22;🟡 Estoque excessivo;0,0;2642,15;0,0
PC003330;Não informado;A;Baixa;32,0;18,9;50,7;15;30;15;7,2;16,22;🟡 Estoque excessivo;0,0;4867,18;0,0
PC004668;Não informado;A;Baixa;100,0;36,9;81,2;15;30;15;4,49;16,22;🟡 Estoque excessivo;0,0;2209,56;0,0
PC000601;Não informado;A;Média;64,0;45,0;42,7;15;30;15;8,55;16,22;🟡 Estoque excessivo;0,0;3653,05;0,0
PC003705;Não informado;A;Baixa;227,0;99,5;68,4;15;30;15;5,34;16,22;🟡 Estoque excessivo;0,0;866,19;0,0
PC007796;Não informado;A;Baixa;58,0;19,7;88,3;15;30;15;4,13;16,22;🟡 Estoque excessivo;0,0;5731,56;0,0
PC004818;Não informado;A;Baixa;327,0;109,4;89,7;15;30;15;4,07;16,22;🟡 Estoque excessivo;0,0;936,94;0,0
PC008453;Não informado;A;Baixa;248,0;118,5;62,8;15;30;15;5,82;16,22;🟡 Estoque excessivo;0,0;1390,35;0,0
PC004411;Não informado;A;Baixa;130,0;49,5;78,8;15;30;15;4,63;16,22;🟡 Estoque excessivo;0,0;1806,51;0,0
PC009465;Não informado;A;Baixa;332,0;223,5;44,6;15;30;15;8,19;16,22;🟡 Estoque excessivo;0,0;540,14;0,0
PC000001;Não informado;A;Baixa;36,0;38,3;28,2;15;30;15;12,94;16,22;🟢 OK;0,0;4242,13;0,0
PC000205;Não informado;A;Baixa;45,0;19,4;69,6;15;30;15;5,24;16,22;🟡 Estoque excessivo;0,0;5748,74;0,0
PC004869;Não informado;A;Baixa;128,0;51,5;74,6;15;30;15;4,89;16,22;🟡 Estoque excessivo;0,0;2039,63;0,0
PC009532;Não informado;A;Baixa;40,0;15,3;78,7;15;30;15;4,64;16,22;🟡 Estoque excessivo;0,0;6787,66;0,0
PC000060;Não informado;A;Baixa;21,0;19,9;31,6;15;30;15;11,56;16,22;🟡 Estoque excessivo;0,0;5013,71;0,0
PC003707;Não informado;A;Baixa;144,0;117,4;36,8;15;30;15;9,92;16,22;🟡 Estoque excessivo;0,0;1559,68;0,0
PC007797;Não informado;A;Baixa;394,0;240,0;49,3;15;30;15;7,41;16,22;🟡 Estoque excessivo;0,0;921,2;0,0
PC001153;Não informado;A;Baixa;99,0;33,8;87,9;15;30;15;4,15;16,22;🟡 Estoque excessivo;0,0;3855,71;0,0
PC003577;Não informado;A;Baixa;437,0;123,0;106,6;15;30;15;3,42;16,22;🟡 Estoque excessivo;0,0;642,59;0,0
PC001345;Não informado;A;Baixa;77,0;33,4;69,2;15;30;15;5,28;16,22;🟡 Estoque excessivo;0,0;2812,04;0,0
PC002612;Não informado;A;Baixa;147,0;58,5;75,3;15;30;15;4,85;16,22;🟡 Estoque excessivo;0,0;1465,38;0,0
PC002066;Não informado;A;Média;194,0;138,1;42,2;15;30;15;8,66;16,22;🟡 Estoque excessivo;0,0;997,46;0,0
PC003202;Não informado;A;Baixa;62,0;56,8;32,7;15;30;15;11,16;16,22;🟡 Estoque excessivo;0,0;2085,57;0,0
PC003266;Não informado;A;Baixa;26,0;37,2;21,0;15;30;15;17,39;16,22;🟢 OK;0,0;2614,2;0,0
PC006523;Não informado;A;Baixa;79,0;49,3;48,1;15;30;15;7,59;16,22;🟡 Estoque excessivo;0,0;1776,4;0,0
PC000479;Não informado;A;Baixa;136,0;104,4;39,1;15;30;15;9,34;16,22;🟡 Estoque excessivo;0,0;918,32;0,0
PC008229;Não informado;A;Baixa;72,0;31,9;67,6;15;30;15;5,4;16,22;🟡 Estoque excessivo;0,0;3213,5;0,0
PC001681;Não informado;A;Baixa;19,0;28,5;20,0;15;30;15;18,26;16,22;🟢 OK;0,0;2855,31;0,0
PC004417;Não informado;A;Baixa;13,0;20,8;18,7;15;30;15;19,48;16,22;🟢 OK;0,0;5385,6;0,0
PC009346;Não informado;A;Baixa;10,0;18,2;16,5;15;30;15;22,09;16,22;🟢 OK;0,0;5580,32;0,0
PC000654;Não informado;A;Baixa;141,0;80,8;52,3;15;30;15;6,97;16,22;🟡 Estoque excessivo;0,0;1259,34;0,0
PC003925;Não informado;A;Baixa;566,0;469,0;36,2;15;30;15;10,08;16,22;🟡 Estoque excessivo;0,0;373,91;0,0
PC002292;Não informado;A;Baixa;47,0;15,2;92,5;15;30;15;3,95;16,22;🟡 Estoque excessivo;0,0;6690,86;0,0
PC003307;Não informado;A;Média;324,0;183,2;53,1;15;30;15;6,88;16,22;🟡 Estoque excessivo;0,0;884,23;0,0
PC001479;Não informado;A;Baixa;72,0;22,5;96,0;15;30;15;3,8;16,22;🟡 Estoque excessivo;0,0;4744,06;0,0
PC004808;Não informado;A;Baixa;312,0;99,1;94,5;15;30;15;3,86;16,22;🟡 Estoque excessivo;0,0;862,63;0,0
PC003215;Não informado;A;Baixa;100,0;110,0;27,3;15;30;15;13,39;16,22;🟢 OK;0,0;1391,76;0,0
PC001716;Não informado;A;Baixa;241,0;122,1;59,2;15;30;15;6,16;16,22;🟡 Estoque excessivo;0,0;1068,07;0,0
PC003607;Não informado;A;Baixa;56,0;43,9;38,3;15;30;15;9,54;16,22;🟡 Estoque excessivo;0,0;2438,99;0,0
PC003006;Não informado;A;Baixa;83,0;64,7;38,5;15;30;15;9,49;16,22;🟡 Estoque excessivo;0,0;1434,95;0,0
PC002200;Não informado;A;Baixa;69,0;24,1;85,8;15;30;15;4,25;16,22;🟡 Estoque excessivo;0,0;4067,39;0,0
PC002915;Não informado;A;Baixa;109,0;56,2;58,2;15;30;15;6,27;16,22;🟡 Estoque excessivo;0,0;1913,63;0,0
PC001229;Não informado;A;Baixa;37,0;13,2;84,0;15;30;15;4,35;16,22;🟡 Estoque excessivo;0,0;5514,91;0,0
PC002055;Não informado;A;Baixa;50,0;21,6;69,4;15;30;15;5,26;16,22;🟡 Estoque excessivo;0,0;5269,66;0,0
PC000126;Não informado;A;Baixa;106,0;70,8;44,9;15;30;15;8,13;16,22;🟡 Estoque excessivo;0,0;4846,44;0,0
PC002626;Não informado;A;Baixa;37,0;27,5;40,4;15;30;15;9,03;16,22;🟡 Estoque excessivo;0,0;3743,78;0,0
PC006703;Não informado;A;Baixa;78,0;37,3;62,8;15;30;15;5,82;16,22;🟡 Estoque excessivo;0,0;3264,32;0,0
PC007001;Não informado;A;Baixa;16,0;15,0;32,0;15;30;15;11,39;16,22;🟡 Estoque excessivo;0,0;8647,52;0,0
PC005256;Não informado;A;Baixa;255,0;125,6;60,9;15;30;15;5,99;16,22;🟡 Estoque excessivo;0,0;893,03;0,0
PC006722;Não informado;A;Média;150,0;94,7;47,5;15;30;15;7,68;16,22;🟡 Estoque excessivo;0,0;1868,05;0,0
PC008380;Não informado;A;Baixa;45,0;14,7;91,7;15;30;15;3,98;16,22;🟡 Estoque excessivo;0,0;7414,22;0,0
PC006148;Não informado;A;Baixa;45,0;16,7;80,8;15;30;15;4,52;16,22;🟡 Estoque excessivo;0,0;5975,97;0,0
PC000452;Não informado;A;Baixa;119,0;35,8;99,8;15;30;15;3,66;16,22;🟡 Estoque excessivo;0,0;2282,49;0,0
PC009738;Não informado;A;Média;160,0;97,3;49,3;15;30;15;7,4;16,22;🟡 Estoque excessivo;0,0;1298,97;0,0
PC007170;Não informado;A;Baixa;49,0;90,0;16,3;15;30;15;22,35;16,22;🟢 OK;0,0;3314,64;0,0
PC001655;Não informado;A;Baixa;635,0;289,8;65,7;15;30;15;5,55;16,22;🟡 Estoque excessivo;0,0;262,72;0,0
PC006218;Não informado;A;Baixa;85,0;118,8;21,5;15;30;15;17,0;16,22;🟢 OK;0,0;1082,15;0,0
PC004996;Não informado;A;Baixa;39,0;22,7;51,6;15;30;15;7,08;16,22;🟡 Estoque excessivo;0,0;4227,28;0,0
PC000493;Não informado;A;Média;51,0;37,7;40,6;15;30;15;9,0;16,22;🟡 Estoque excessivo;0,0;4321,68;0,0
PC006785;Não informado;A;Baixa;29,0;18,0;48,3;15;30;15;7,55;16,22;🟡 Estoque excessivo;0,0;4763,8;0,0
PC005040;Não informado;A;Baixa;117,0;188,9;18,6;15;30;15;19,64;16,22;🟢 OK;0,0;923,24;0,0
PC002385;Não informado;A;Baixa;38,0;65,1;17,5;15;30;15;20,86;16,22;🟢 OK;0,0;1478,86;0,0
PC008235;Não informado;A;Baixa;392,0;204,0;57,7;15;30;15;6,33;16,22;🟡 Estoque excessivo;0,0;509,64;0,0
PC006663;Não informado;A;Baixa;84,0;30,2;83,3;15;30;15;4,38;16,22;🟡 Estoque excessivo;0,0;4111,99;0,0
PC009921;Não informado;A;Baixa;27,0;17,6;46,0;15;30;15;7,93;16,22;🟡 Estoque excessivo;0,0;4759,38;0,0
PC002924;Não informado;A;Baixa;71,0;129,9;16,4;15;30;15;22,26;16,22;🟢 OK;0,0;669,46;0,0
PC003774;Não informado;A;Baixa;36,0;28,9;37,4;15;30;15;9,75;16,22;🟡 Estoque excessivo;0,0;2887,57;0,0
PC006575;Não informado;A;Baixa;16,0;14,4;33,4;15;30;15;10,92;16,22;🟡 Estoque excessivo;0,0;5661,92;0,0
PC003609;Não informado;A;Baixa;64,0;178,5;10,8;15;30;15;33,93;16,22;🚨 RUPTURA IMINENTE;114,0;1331,14;152397,89
PC004545;Não informado;A;Baixa;19,0;30,0;19,0;15;30;15;19,2;16,22;🟢 OK;0,0;6023,84;0,0
PC001433;Não informado;A;Baixa;86,0;26,8;96,4;15;30;15;3,79;16,22;🟡 Estoque excessivo;0,0;3619,07;0,0
PC007678;Não informado;A;Baixa;71,0;22,5;94,7;15;30;15;3,86;16,22;🟡 Estoque excessivo;0,0;3400,5;0,0
PC002154;Não informado;A;Baixa;379,0;190,4;59,7;15;30;15;6,11;16,22;🟡 Estoque excessivo;0,0;816,91;0,0
PC005829;Não informado;A;Baixa;192,0;107,3;53,7;15;30;15;6,8;16,22;🟡 Estoque excessivo;0,0;1571,79;0,0
PC002116;Não informado;A;Baixa;37,0;17,8;62,4;15;30;15;5,85;16,22;🟡 Estoque excessivo;0,0;5448,72;0,0
PC004484;Não informado;A;Baixa;90,0;28,4;95,2;15;30;15;3,84;16,22;🟡 Estoque excessivo;0,0;3125,82;0,0
PC005411;Não informado;A;Baixa;229,0;74,1;92,7;15;30;15;3,94;16,22;🟡 Estoque excessivo;0,0;1280,77;0,0
PC004482;Não informado;A;Baixa;178,0;78,4;68,1;15;30;15;5,36;16,22;🟡 Estoque excessivo;0,0;1032,19;0,0
PC008052;Não informado;A;Baixa;246,0;95,4;77,4;15;30;15;4,72;16,22;🟡 Estoque excessivo;0,0;1136,06;0,0
PC005713;Não informado;A;Baixa;23,0;16,3;42,3;15;30;15;8,62;16,22;🟡 Estoque excessivo;0,0;5315,97;0,0
PC004811;Não informado;A;Baixa;310,0;195,5;47,6;15;30;15;7,67;16,22;🟡 Estoque excessivo;0,0;493,51;0,0
PC007803;Não informado;A;Baixa;78,0;62,8;37,3;15;30;15;9,79;16,22;🟡 Estoque excessivo;0,0;2447,67;0,0
PC002903;Não informado;A;Baixa;64,0;91,6;21,0;15;30;15;17,41;16,22;🟢 OK;0,0;1034,2;0,0
PC008644;Não informado;A;Baixa;104,0;62,3;50,1;15;30;15;7,28;16,22;🟡 Estoque excessivo;0,0;3943,3;0,0
PC002831;Não informado;A;Baixa;129,0;63,5;61,0;15;30;15;5,99;16,22;🟡 Estoque excessivo;0,0;1395,98;0,0
PC009304;Não informado;A;Baixa;10,0;18,6;16,1;15;30;15;22,62;16,22;🟢 OK;0,0;5555,45;0,0
PC007897;Não informado;A;Baixa;28,0;12,1;69,3;15;30;15;5,27;16,22;🟡 Estoque excessivo;0,0;7709,42;0,0
PC004674;Não informado;A;Baixa;20,0;20,9;28,7;15;30;15;12,72;16,22;🟢 OK;0,0;4061,64;0,0
PC007996;Não informado;A;Baixa;21,0;34,6;18,2;15;30;15;20,05;16,22;🟢 OK;0,0;4650,71;0,0
PC004532;Não informado;A;Baixa;35,0;11,9;88,3;15;30;15;4,13;16,22;🟡 Estoque excessivo;0,0;6870,1;0,0
PC006340;Não informado;A;Baixa;55,0;19,3;85,5;15;30;15;4,27;16,22;🟡 Estoque excessivo;0,0;3963,78;0,0
PC002306;Não informado;A;Baixa;120,0;94,5;38,1;15;30;15;9,58;16,22;🟡 Estoque excessivo;0,0;1228,97;0,0
PC005719;Não informado;A;Baixa;336,0;134,4;75,0;15;30;15;4,87;16,22;🟡 Estoque excessivo;0,0;752,58;0,0
PC001445;Não informado;A;Baixa;95,0;52,3;54,5;15;30;15;6,7;16,22;🟡 Estoque excessivo;0,0;1705,48;0,0
PC006081;Não informado;A;Média;60,0;35,2;51,1;15;30;15;7,14;16,22;🟡 Estoque excessivo;0,0;4710,07;0,0
PC007535;Não informado;A;Baixa;29,0;33,8;25,8;15;30;15;14,17;16,22;🟢 OK;0,0;3436,81;0,0
PC005349;Não informado;A;Baixa;62,0;41,2;45,1;15;30;15;8,09;16,22;🟡 Estoque excessivo;0,0;2149,24;0,0
PC008980;Não informado;A;Baixa;60,0;20,6;87,3;15;30;15;4,18;16,22;🟡 Estoque excessivo;0,0;4627,19;0,0
PC009796;Não informado;A;Baixa;19,0;12,6;45,2;15;30;15;8,08;16,22;🟡 Estoque excessivo;0,0;7131,31;0,0
PC008517;Não informado;A;Baixa;227,0;77,6;87,8;15;30;15;4,16;16,22;🟡 Estoque excessivo;0,0;966,96;0,0
PC002964;Não informado;A;Baixa;20,0;29,8;20,2;15;30;15;18,11;16,22;🟢 OK;0,0;4871,27;0,0
PC007378;Não informado;A;Baixa;261,0;90,2;86,8;15;30;15;4,2;16,22;🟡 Estoque excessivo;0,0;1280,72;0,0
PC008187;Não informado;A;Média;60,0;112,6;16,0;15;30;15;22,84;16,22;🟢 OK;0,0;1420,26;0,0
PC007117;Não informado;A;Baixa;67,0;33,5;59,9;15;30;15;6,09;16,22;🟡 Estoque excessivo;0,0;4604,93;0,0
PC007949;Não informado;A;Baixa;17,0;17,7;28,9;15;30;15;12,65;16,22;🟢 OK;0,0;5463,77;0,0
PC001473;Não informado;A;Baixa;30,0;13,8;65,2;15;30;15;5,6;16,22;🟡 Estoque excessivo;0,0;6454,34;0,0
PC003795;Não informado;A;Baixa;417,0;137,7;90,9;15;30;15;4,02;16,22;🟡 Estoque excessivo;0,0;571,2;0,0
PC000747;Não informado;A;Média;63,0;120,3;15,7;15;30;15;23,23;16,22;🟢 OK;0,0;1316,23;0,0
PC009290;Não informado;A;Baixa;173,0;81,7;63,5;15;30;15;5,75;16,22;🟡 Estoque excessivo;0,0;1144,09;0,0
PC009918;Não informado;A;Baixa;91,0;35,2;77,7;15;30;15;4,7;16,22;🟡 Estoque excessivo;0,0;2391,87;0,0
PC003034;Não informado;A;Baixa;31,0;20,1;46,2;15;30;15;7,91;16,22;🟡 Estoque excessivo;0,0;3984,41;0,0
PC008700;Não informado;A;Baixa;46,0;23,8;58,0;15;30;15;6,29;16,22;🟡 Estoque excessivo;0,0;5907,32;0,0
PC006216;Não informado;A;Baixa;130,0;123,0;31,7;15;30;15;11,51;16,22;🟡 Estoque excessivo;0,0;696,64;0,0
PC009877;Não informado;A;Baixa;141,0;104,4;40,5;15;30;15;9,01;16,22;🟡 Estoque excessivo;0,0;670,74;0,0
PC008614;Não informado;A;Baixa;339,0;102,3;99,4;15;30;15;3,67;16,22;🟡 Estoque excessivo;0,0;656,15;0,0
PC000769;Não informado;A;Baixa;57,0;56,1;30,5;15;30;15;11,98;16,22;🟡 Estoque excessivo;0,0;6518,16;0,0
PC002423;Não informado;A;Média;243,0;245,2;29,7;15;30;15;12,28;16,22;🟢 OK;0,0;595,6;0,0
PC008916;Não informado;A;Baixa;52,0;31,3;49,9;15;30;15;7,32;16,22;🟡 Estoque excessivo;0,0;2748,53;0,0
PC005436;Não informado;A;Baixa;91,0;65,3;41,8;15;30;15;8,73;16,22;🟡 Estoque excessivo;0,0;1700,86;0,0
PC001662;Não informado;A;Baixa;32,0;46,2;20,8;15;30;15;17,58;16,22;🟢 OK;0,0;3144,13;0,0
PC007028;Não informado;A;Baixa;24,0;12,5;57,6;15;30;15;6,34;16,22;🟡 Estoque excessivo;0,0;6961,03;0,0
PC009874;Não informado;A;Baixa;550,0;286,7;57,6;15;30;15;6,34;16,22;🟡 Estoque excessivo;0,0;413,67;0,0
PC009089;Não informado;A;Baixa;60,0;18,8;96,0;15;30;15;3,8;16,22;🟡 Estoque excessivo;0,0;4456,55;0,0
PC006370;Não informado;A;Baixa;56,0;164,4;10,2;15;30;15;35,72;16,22;🚨 RUPTURA IMINENTE;108,0;841,23;91188,58
PC006362;Não informado;A;Baixa;110,0;33,6;98,1;15;30;15;3,72;16,22;🟡 Estoque excessivo;0,0;1970,57;0,0
PC005569;Não informado;A;Baixa;28,0;21,0;40,0;15;30;15;9,13;16,22;🟡 Estoque excessivo;0,0;3302,75;0,0
PC005825;Não informado;A;Baixa;132,0;44,8;88,5;15;30;15;4,13;16,22;🟡 Estoque excessivo;0,0;2000,74;0,0
PC004164;Não informado;A;Baixa;8,0;20,8;11,5;15;30;15;31,69;16,22;🚨 RUPTURA IMINENTE;13,0;5072,25;65110,01
PC004525;Não informado;A;Baixa;23,0;20,3;34,0;15;30;15;10,73;16,22;🟡 Estoque excessivo;0,0;4741,25;0,0
PC007770;Não informado;A;Baixa;64,0;27,9;68,7;15;30;15;5,31;16,22;🟡 Estoque excessivo;0,0;3753,41;0,0
PC003885;Não informado;A;Baixa;13,0;17,2;22,7;15;30;15;16,1;16,22;🟢 OK;0,0;5945,46;0,0
PC003551;Não informado;A;Baixa;254,0;77,0;99,0;15;30;15;3,69;16,22;🟡 Estoque excessivo;0,0;1208,9;0,0
PC000644;Não informado;A;Baixa;39,0;27,2;43,0;15;30;15;8,48;16,22;🟡 Estoque excessivo;0,0;3911,43;0,0
PC009765;Não informado;A;Baixa;110,0;40,0;82,4;15;30;15;4,43;16,22;🟡 Estoque excessivo;0,0;1980,84;0,0
PC005758;Não informado;A;Baixa;45,0;39,1;34,6;15;30;15;10,56;16,22;🟡 Estoque excessivo;0,0;2976,22;0,0
PC006727;Não informado;A;Baixa;111,0;38,5;86,4;15;30;15;4,22;16,22;🟡 Estoque excessivo;0,0;2741,47;0,0
PC002009;Não informado;A;Baixa;90,0;47,1;57,4;15;30;15;6,36;16,22;🟡 Estoque excessivo;0,0;1813,52;0,0
PC001276;Não informado;A;Baixa;15,0;23,1;19,5;15;30;15;18,73;16,22;🟢 OK;0,0;6088,72;0,0
PC006019;Não informado;A;Baixa;741,0;372,5;59,7;15;30;15;6,12;16,22;🟡 Estoque excessivo;0,0;383,56;0,0
PC009702;Não informado;A;Baixa;139,0;93,9;44,4;15;30;15;8,22;16,22;🟡 Estoque excessivo;0,0;1045,76;0,0
PC008431;Não informado;A;Baixa;23,0;12,8;54,0;15;30;15;6,76;16,22;🟡 Estoque excessivo;0,0;6648,8;0,0
PC009854;Não informado;A;Baixa;35,0;14,4;72,9;15;30;15;5,01;16,22;🟡 Estoque excessivo;0,0;5468,28;0,0
PC004298;Não informado;A;Média;127,0;162,7;23,4;15;30;15;15,59;16,22;🟢 OK;0,0;911,45;0,0
PC005702;Não informado;A;Baixa;195,0;113,0;51,8;15;30;15;7,05;16,22;🟡 Estoque excessivo;0,0;569,55;0,0
PC003053;Não informado;A;Baixa;26,0;19,5;39,9;15;30;15;9,14;16,22;🟡 Estoque excessivo;0,0;3724,77;0,0
PC005658;Não informado;A;Baixa;29,0;22,3;39,0;15;30;15;9,35;16,22;🟡 Estoque excessivo;0,0;3625,77;0,0
PC003537;Não informado;A;Baixa;40,0;28,7;41,9;15;30;15;8,72;16,22;🟡 Estoque excessivo;0,0;2214,56;0,0
PC000984;Não informado;A;Baixa;18,0;17,6;30,7;15;30;15;11,89;16,22;🟡 Estoque excessivo;0,0;5212,13;0,0
PC000281;Não informado;A;Baixa;56,0;20,3;83,0;15;30;15;4,4;16,22;🟡 Estoque excessivo;0,0;3940,25;0,0
PC005355;Não informado;A;Média;123,0;100,0;36,9;15;30;15;9,89;16,22;🟡 Estoque excessivo;0,0;1174,02;0,0
PC000956;Não informado;A;Baixa;36,0;20,3;53,1;15;30;15;6,87;16,22;🟡 Estoque excessivo;0,0;3181,53;0,0
PC000343;Não informado;A;Baixa;27,0;44,6;18,2;15;30;15;20,1;16,22;🟢 OK;0,0;1808,07;0,0
PC007450;Não informado;A;Baixa;19,0;55,4;10,3;15;30;15;35,48;16,22;🚨 RUPTURA IMINENTE;36,0;3926,39;142922,99
PC000154;Não informado;A;Baixa;80,0;62,1;38,7;15;30;15;9,44;16,22;🟡 Estoque excessivo;0,0;1110,71;0,0
PC000175;Não informado;A;Baixa;31,0;12,6;73,6;15;30;15;4,96;16,22;🟡 Estoque excessivo;0,0;7760,56;0,0
PC000903;Não informado;A;Baixa;19,0;48,8;11,7;15;30;15;31,27;16,22;🚨 RUPTURA IMINENTE;30,0;4754,1;141855,36
PC006132;Não informado;A;Baixa;62,0;51,5;36,1;15;30;15;10,1;16,22;🟡 Estoque excessivo;0,0;2733,92;0,0
PC005969;Não informado;A;Baixa;106,0;51,4;61,9;15;30;15;5,89;16,22;🟡 Estoque excessivo;0,0;2425,93;0,0
PC000764;Não informado;A;Baixa;41,0;20,5;60,0;15;30;15;6,08;16,22;🟡 Estoque excessivo;0,0;4369,08;0,0
PC003799;Não informado;A;Baixa;34,0;36,7;27,8;15;30;15;13,12;16,22;🟢 OK;0,0;2322,01;0,0
PC006666;Não informado;A;Baixa;65,0;59,7;32,7;15;30;15;11,17;16,22;🟡 Estoque excessivo;0,0;1474,31;0,0
PC006093;Não informado;A;Baixa;45,0;58,2;23,2;15;30;15;15,73;16,22;🟢 OK;0,0;3929,45;0,0
PC008215;Não informado;A;Baixa;16,0;27,4;17,5;15;30;15;20,86;16,22;🟢 OK;0,0;2720,63;0,0
PC003284;Não informado;A;Baixa;11,0;17,5;18,9;15;30;15;19,32;16,22;🟢 OK;0,0;5489,28;0,0
PC001281;Não informado;A;Baixa;33,0;18,1;54,6;15;30;15;6,69;16,22;🟡 Estoque excessivo;0,0;3569,48;0,0
PC005423;Não informado;A;Baixa;14,0;16,9;24,8;15;30;15;14,71;16,22;🟢 OK;0,0;6255,41;0,0
PC001119;Não informado;A;Baixa;202,0;65,6;92,4;15;30;15;3,95;16,22;🟡 Estoque excessivo;0,0;950,25;0,0
PC005505;Não informado;A;Baixa;66,0;69,5;28,5;15;30;15;12,81;16,22;🟢 OK;0,0;1393,67;0,0
PC006161;Não informado;A;Baixa;30,0;14,6;61,5;15;30;15;5,94;16,22;🟡 Estoque excessivo;0,0;6358,94;0,0
PC006228;Não informado;A;Baixa;35,0;23,1;45,5;15;30;15;8,03;16,22;🟡 Estoque excessivo;0,0;4410,8;0,0
PC002981;Não informado;A;Baixa;96,0;56,1;51,4;15;30;15;7,1;16,22;🟡 Estoque excessivo;0,0;1393,56;0,0
PC005338;Não informado;A;Baixa;49,0;90,7;16,2;15;30;15;22,52;16,22;🟢 OK;0,0;2727,98;0,0
PC008523;Não informado;A;Baixa;190,0;111,9;50,9;15;30;15;7,17;16,22;🟡 Estoque excessivo;0,0;896,53;0,0
PC002520;Não informado;A;Baixa;50,0;16,5;91,1;15;30;15;4,01;16,22;🟡 Estoque excessivo;0,0;4824,49;0,0
PC003417;Não informado;A;Baixa;35,0;11,4;92,2;15;30;15;3,96;16,22;🟡 Estoque excessivo;0,0;5620,57;0,0
PC005039;Não informado;A;Baixa;24,0;10,3;70,1;15;30;15;5,2;16,22;🟡 Estoque excessivo;0,0;7655,24;0,0
PC008082;Não informado;A;Baixa;147,0;73,9;59,7;15;30;15;6,11;16,22;🟡 Estoque excessivo;0,0;1141,4;0,0
PC008776;Não informado;A;Baixa;85,0;81,5;31,3;15;30;15;11,67;16,22;🟡 Estoque excessivo;0,0;1651,27;0,0
PC009281;Não informado;A;Baixa;33,0;21,9;45,1;15;30;15;8,09;16,22;🟡 Estoque excessivo;0,0;2898,07;0,0
PC003921;Não informado;A;Baixa;17,0;33,6;15,2;15;30;15;24,08;16,22;🟢 OK;0,0;3587,56;0,0
PC006268;Não informado;A;Baixa;27,0;10,9;74,4;15;30;15;4,91;16,22;🟡 Estoque excessivo;0,0;6144,87;0,0
PC007053;Não informado;A;Baixa;6,0;11,1;16,2;15;30;15;22,51;16,22;🟢 OK;0,0;7622,99;0,0
PC008047;Não informado;A;Baixa;18,0;10,1;53,6;15;30;15;6,8;16,22;🟡 Estoque excessivo;0,0;7321,45;0,0
PC005677;Não informado;A;Baixa;33,0;12,6;78,4;15;30;15;4,65;16,22;🟡 Estoque excessivo;0,0;5444,25;0,0
PC006551;Não informado;A;Baixa;26,0;28,9;27,0;15;30;15;13,54;16,22;🟢 OK;0,0;2635,56;0,0
PC002177;Não informado;A;Baixa;13,0;51,4;7,6;15;30;15;48,1;16,22;🚨 RUPTURA IMINENTE;38,0;5687,74;218364,18
PC002446;Não informado;A;Baixa;119,0;55,2;64,7;15;30;15;5,64;16,22;🟡 Estoque excessivo;0,0;1100,58;0,0
PC004612;Não informado;A;Baixa;27,0;10,9;74,5;15;30;15;4,9;16,22;🟡 Estoque excessivo;0,0;7523,51;0,0
PC003874;Não informado;A;Baixa;120,0;166,3;21,6;15;30;15;16,87;16,22;🟢 OK;0,0;399,33;0,0
PC001034;Não informado;A;Baixa;185,0;62,3;89,1;15;30;15;4,1;16,22;🟡 Estoque excessivo;0,0;1449,62;0,0
PC000388;Não informado;A;Baixa;38,0;13,2;86,6;15;30;15;4,22;16,22;🟡 Estoque excessivo;0,0;4626,28;0,0
PC009571;Não informado;A;Baixa;155,0;93,5;49,8;15;30;15;7,34;16,22;🟡 Estoque excessivo;0,0;889,76;0,0
PC003179;Não informado;A;Baixa;43,0;57,9;22,3;15;30;15;16,39;16,22;🟢 OK;0,0;1129,95;0,0
PC000194;Não informado;A;Baixa;48,0;40,1;35,9;15;30;15;10,17;16,22;🟡 Estoque excessivo;0,0;2429,8;0,0
PC006127;Não informado;A;Baixa;72,0;27,8;77,8;15;30;15;4,69;16,22;🟡 Estoque excessivo;0,0;2611,03;0,0
PC007551;Não informado;A;Baixa;121,0;287,1;12,6;15;30;15;28,87;16,22;🚨 RUPTURA IMINENTE;166,0;921,58;153093,7
PC001169;Não informado;A;Baixa;45,0;24,5;55,1;15;30;15;6,62;16,22;🟡 Estoque excessivo;0,0;3521,98;0,0
PC004442;Não informado;A;Baixa;53,0;18,5;85,9;15;30;15;4,25;16,22;🟡 Estoque excessivo;0,0;4913,19;0,0
PC009090;Não informado;A;Baixa;41,0;14,3;86,1;15;30;15;4,24;16,22;🟡 Estoque excessivo;0,0;5142,25;0,0
PC006893;Não informado;A;Baixa;39,0;14,2;82,2;15;30;15;4,44;16,22;🟡 Estoque excessivo;0,0;4951,43;0,0
PC006639;Não informado;A;Baixa;25,0;11,8;63,8;15;30;15;5,72;16,22;🟡 Estoque excessivo;0,0;7475,32;0,0
PC006438;Não informado;A;Baixa;66,0;89,9;22,0;15;30;15;16,57;16,22;🟢 OK;0,0;900,65;0,0
PC005567;Não informado;A;Baixa;358,0;200,1;53,7;15;30;15;6,8;16,22;🟡 Estoque excessivo;0,0;314,82;0,0
PC003455;Não informado;A;Baixa;204,0;301,1;20,3;15;30;15;17,96;16,22;🟢 OK;0,0;808,56;0,0
PC000833;Não informado;A;Baixa;47,0;14,4;97,9;15;30;15;3,73;16,22;🟡 Estoque excessivo;0,0;4268,96;0,0
PC007428;Não informado;A;Baixa;34,0;11,3;90,2;15;30;15;4,05;16,22;🟡 Estoque excessivo;0,0;7231,0;0,0
PC006041;Não informado;A;Baixa;66,0;40,8;48,5;15;30;15;7,53;16,22;🟡 Estoque excessivo;0,0;1737,95;0,0
PC005991;Não informado;A;Baixa;93,0;85,9;32,5;15;30;15;11,23;16,22;🟡 Estoque excessivo;0,0;955,8;0,0
PC001305;Não informado;A;Baixa;33,0;25,7;38,5;15;30;15;9,48;16,22;🟡 Estoque excessivo;0,0;2464,76;0,0
PC005357;Não informado;A;Baixa;37,0;75,0;14,8;15;30;15;24,66;16,22;🚨 RUPTURA IMINENTE;38,0;2354,57;89456,0
PC009625;Não informado;A;Baixa;18,0;12,0;45,2;15;30;15;8,08;16,22;🟡 Estoque excessivo;0,0;5778,95;0,0
PC007284;Não informado;A;Baixa;39,0;16,7;69,9;15;30;15;5,22;16,22;🟡 Estoque excessivo;0,0;5463,63;0,0
PC006349;Não informado;A;Baixa;30,0;57,8;15,6;15;30;15;23,46;16,22;🟢 OK;0,0;1656,7;0,0
PC007992;Não informado;A;Baixa;140,0;190,6;22,0;15;30;15;16,56;16,22;🟢 OK;0,0;741,92;0,0
PC008706;Não informado;A;Baixa;14,0;14,0;29,9;15;30;15;12,19;16,22;🟢 OK;0,0;4803,05;0,0
PC003278;Não informado;A;Baixa;83,0;64,3;38,7;15;30;15;9,43;16,22;🟡 Estoque excessivo;0,0;821,13;0,0
PC005721;Não informado;A;Baixa;9,0;20,0;13,5;15;30;15;26,99;16,22;🚨 RUPTURA IMINENTE;11,0;5335,87;58503,88
PC001478;Não informado;A;Baixa;43,0;134,6;9,6;15;30;15;38,08;16,22;🚨 RUPTURA IMINENTE;92,0;984,45;90142,73
PC004496;Não informado;A;Baixa;164,0;53,9;91,3;15;30;15;4,0;16,22;🟡 Estoque excessivo;0,0;1236,37;0,0
PC003936;Não informado;A;Baixa;235,0;66,5;106,0;15;30;15;3,44;16,22;🟡 Estoque excessivo;0,0;1084,59;0,0
PC004362;Não informado;A;Baixa;313,0;131,4;71,4;15;30;15;5,11;16,22;🟡 Estoque excessivo;0,0;561,94;0,0
PC007173;Não informado;A;Baixa;48,0;109,6;13,1;15;30;15;27,77;16,22;🚨 RUPTURA IMINENTE;62,0;1213,88;74742,11
PC008276;Não informado;A;Baixa;35,0;15,1;69,4;15;30;15;5,26;16,22;🟡 Estoque excessivo;0,0;5901,86;0,0
PC009079;Não informado;A;Baixa;125,0;100,7;37,2;15;30;15;9,8;16,22;🟡 Estoque excessivo;0,0;794,23;0,0
PC007868;Não informado;A;Baixa;15,0;36,7;12,2;15;30;15;29,8;16,22;🚨 RUPTURA IMINENTE;22,0;6084,06;132270,95
PC009809;Não informado;A;Baixa;11,0;16,4;20,1;15;30;15;18,15;16,22;🟢 OK;0,0;5313,13;0,0
PC000337;Não informado;A;Baixa;56,0;34,1;49,2;15;30;15;7,42;16,22;🟡 Estoque excessivo;0,0;2180,42;0,0
PC008143;Não informado;A;Baixa;76,0;64,3;35,5;15;30;15;10,29;16,22;🟡 Estoque excessivo;0,0;842,62;0,0
PC005465;Não informado;A;Baixa;17,0;9,3;54,7;15;30;15;6,68;16,22;🟡 Estoque excessivo;0,0;6638,79;0,0
PC000222;Não informado;A;Baixa;142,0;55,8;76,3;15;30;15;4,78;16,22;🟡 Estoque excessivo;0,0;1061,51;0,0
PC000237;Não informado;A;Baixa;89,0;39,7;67,2;15;30;15;5,43;16,22;🟡 Estoque excessivo;0,0;1856,72;0,0
PC001924;Não informado;A;Baixa;121,0;39,5;92,0;15;30;15;3,97;16,22;🟡 Estoque excessivo;0,0;1934,48;0,0
PC005541;Não informado;A;Baixa;141,0;54,9;77,1;15;30;15;4,73;16,22;🟡 Estoque excessivo;0,0;1103,82;0,0
PC009813;Não informado;A;Baixa;192,0;155,6;37,0;15;30;15;9,86;16,22;🟡 Estoque excessivo;0,0;792,37;0,0
PC006353;Não informado;A;Média;28,0;50,0;16,8;15;30;15;21,72;16,22;🟢 OK;0,0;2352,25;0,0
PC003713;Não informado;A;Baixa;65,0;37,7;51,7;15;30;15;7,06;16,22;🟡 Estoque excessivo;0,0;1916,91;0,0
PC006849;Não informado;A;Baixa;25,0;14,7;51,0;15;30;15;7,15;16,22;🟡 Estoque excessivo;0,0;4891,3;0,0
PC004692;Não informado;A;Baixa;18,0;18,4;29,4;15;30;15;12,44;16,22;🟢 OK;0,0;2920,48;0,0
PC004173;Não informado;A;Baixa;33,0;20,5;48,2;15;30;15;7,57;16,22;🟡 Estoque excessivo;0,0;4433,95;0,0
PC008512;Não informado;A;Baixa;536,0;307,1;52,4;15;30;15;6,97;16,22;🟡 Estoque excessivo;0,0;384,63;0,0
PC003063;Não informado;A;Baixa;187,0;73,7;76,1;15;30;15;4,79;16,22;🟡 Estoque excessivo;0,0;1134,91;0,0
PC008535;Não informado;A;Baixa;70,0;30,3;69,3;15;30;15;5,26;16,22;🟡 Estoque excessivo;0,0;1839,88;0,0
PC008450;Não informado;A;Baixa;42,0;14,6;86,6;15;30;15;4,22;16,22;🟡 Estoque excessivo;0,0;5696,73;0,0
PC002393;Não informado;A;Média;46,0;51,0;27,1;15;30;15;13,49;16,22;🟢 OK;0,0;1976,16;0,0
PC002812;Não informado;A;Baixa;9,0;17,7;15,2;15;30;15;23,97;16,22;🟢 OK;0,0;3470,94;0,0
PC008337;Não informado;A;Baixa;20,0;18,6;32,2;15;30;15;11,34;16,22;🟡 Estoque excessivo;0,0;3145,03;0,0
PC006658;Não informado;A;Baixa;12,0;11,8;30,5;15;30;15;11,96;16,22;🟡 Estoque excessivo;0,0;5068,64;0,0
PC005439;Não informado;A;Baixa;95,0;57,9;49,2;15;30;15;7,41;16,22;🟡 Estoque excessivo;0,0;864,82;0,0
PC003646;Não informado;A;Baixa;43,0;25,7;50,1;15;30;15;7,28;16,22;🟡 Estoque excessivo;0,0;3683,7;0,0
PC006630;Não informado;A;Baixa;396,0;303,5;39,1;15;30;15;9,32;16,22;🟡 Estoque excessivo;0,0;252,72;0,0
PC001029;Não informado;A;Média;28,0;52,6;16,0;15;30;15;22,85;16,22;🟢 OK;0,0;2303,6;0,0
PC008020;Não informado;A;Baixa;49,0;24,5;60,0;15;30;15;6,09;16,22;🟡 Estoque excessivo;0,0;3742,55;0,0
PC002128;Não informado;A;Baixa;130,0;217,7;17,9;15;30;15;20,37;16,22;🟢 OK;0,0;590,69;0,0
PC004197;Não informado;A;Baixa;86,0;35,8;72,1;15;30;15;5,06;16,22;🟡 Estoque excessivo;0,0;1766,37;0,0
PC003311;Não informado;A;Baixa;30,0;22,5;40,0;15;30;15;9,13;16,22;🟡 Estoque excessivo;0,0;3346,46;0,0
PC008638;Não informado;A;Baixa;32,0;12,2;78,6;15;30;15;4,64;16,22;🟡 Estoque excessivo;0,0;5332,94;0,0
PC003073;Não informado;A;Baixa;103,0;71,3;43,4;15;30;15;8,42;16,22;🟡 Estoque excessivo;0,0;775,36;0,0
PC004629;Não informado;A;Baixa;93,0;127,4;21,9;15;30;15;16,66;16,22;🟢 OK;0,0;951,66;0,0
PC000002;Não informado;A;Baixa;43,0;13,9;92,5;15;30;15;3,94;16,22;🟡 Estoque excessivo;0,0;4752,68;0,0
PC002000;Não informado;A;Baixa;134,0;63,7;63,1;15;30;15;5,78;16,22;🟡 Estoque excessivo;0,0;952,91;0,0
PC000587;Não informado;A;Baixa;140,0;73,5;57,1;15;30;15;6,39;16,22;🟡 Estoque excessivo;0,0;847,54;0,0
PC004461;Não informado;A;Baixa;21,0;12,0;52,6;15;30;15;6,94;16,22;🟡 Estoque excessivo;0,0;4716,5;0,0
PC001860;Não informado;A;Baixa;7,0;10,6;19,7;15;30;15;18,49;16,22;🟢 OK;0,0;6714,75;0,0
PC004376;Não informado;A;Baixa;5,0;9,0;16,6;15;30;15;22,02;16,22;🟢 OK;0,0;7994,19;0,0
PC004171;Não informado;A;Baixa;217,0;101,1;64,4;15;30;15;5,67;16,22;🟡 Estoque excessivo;0,0;737,69;0,0
PC001498;Não informado;A;Baixa;53,0;21,8;72,8;15;30;15;5,01;16,22;🟡 Estoque excessivo;0,0;3281,74;0,0
PC005249;Não informado;A;Baixa;63,0;48,9;38,6;15;30;15;9,45;16,22;🟡 Estoque excessivo;0,0;3150,72;0,0
PC005316;Não informado;A;Baixa;26,0;31,8;24,6;15;30;15;14,86;16,22;🟢 OK;0,0;1834,79;0,0
PC000199;Não informado;A;Baixa;26,0;18,0;43,5;15;30;15;8,4;16,22;🟡 Estoque excessivo;0,0;2980,92;0,0
PC003929;Não informado;A;Baixa;13,0;12,9;30,2;15;30;15;12,09;16,22;🟡 Estoque excessivo;0,0;4752,4;0,0
PC005578;Não informado;A;Baixa;137,0;44,9;91,6;15;30;15;3,99;16,22;🟡 Estoque excessivo;0,0;1633,39;0,0
PC001607;Não informado;A;Baixa;34,0;23,6;43,1;15;30;15;8,46;16,22;🟡 Estoque excessivo;0,0;4119,23;0,0
PC004937;Não informado;A;Baixa;181,0;71,2;76,3;15;30;15;4,78;16,22;🟡 Estoque excessivo;0,0;1019,11;0,0
PC004930;Não informado;A;Baixa;11,0;49,4;6,7;15;30;15;54,66;16,22;🚨 RUPTURA IMINENTE;38,0;4027,63;154718,61
PC001165;Não informado;A;Baixa;30,0;16,7;53,7;15;30;15;6,79;16,22;🟡 Estoque excessivo;0,0;3054,57;0,0
PC009058;Não informado;A;Baixa;116,0;86,3;40,3;15;30;15;9,05;16,22;🟡 Estoque excessivo;0,0;848,94;0,0
PC002136;Não informado;A;Baixa;10,0;13,9;21,5;15;30;15;16,96;16,22;🟢 OK;0,0;5173,82;0,0
PC006434;Não informado;A;Baixa;344,0;106,0;97,4;15;30;15;3,75;16,22;🟡 Estoque excessivo;0,0;668,81;0,0
PC007837;Não informado;A;Baixa;418,0;320,2;39,2;15;30;15;9,32;16,22;🟡 Estoque excessivo;0,0;359,23;0,0
PC005645;Não informado;A;Baixa;10,0;36,1;8,3;15;30;15;43,96;16,22;🚨 RUPTURA IMINENTE;26,0;7334,36;191657,05
PC003137;Não informado;A;Baixa;43,0;15,8;81,8;15;30;15;4,46;16,22;🟡 Estoque excessivo;0,0;3503,13;0,0
PC000004;Não informado;A;Baixa;20,0;9,3;64,4;15;30;15;5,67;16,22;🟡 Estoque excessivo;0,0;8285,64;0,0
PC000514;Não informado;A;Baixa;29,0;12,1;72,0;15;30;15;5,07;16,22;🟡 Estoque excessivo;0,0;6371,34;0,0
PC003464;Não informado;A;Baixa;112,0;38,8;86,7;15;30;15;4,21;16,22;🟡 Estoque excessivo;0,0;1735,72;0,0
PC002904;Não informado;A;Baixa;27,0;12,2;66,5;15;30;15;5,49;16,22;🟡 Estoque excessivo;0,0;4265,63;0,0
PC005940;Não informado;A;Baixa;33,0;56,4;17,6;15;30;15;20,78;16,22;🟢 OK;0,0;1162,48;0,0
PC002101;Não informado;A;Baixa;218,0;83,2;78,6;15;30;15;4,64;16,22;🟡 Estoque excessivo;0,0;735,86;0,0
PC007169;Não informado;A;Baixa;41,0;38,8;31,7;15;30;15;11,51;16,22;🟡 Estoque excessivo;0,0;1638,38;0,0
PC009150;Não informado;A;Baixa;112,0;33,2;101,3;15;30;15;3,6;16,22;🟡 Estoque excessivo;0,0;1982,68;0,0
PC000756;Não informado;A;Baixa;46,0;15,6;88,6;15;30;15;4,12;16,22;🟡 Estoque excessivo;0,0;3602,38;0,0
PC009573;Não informado;A;Baixa;164,0;104,3;47,2;15;30;15;7,74;16,22;🟡 Estoque excessivo;0,0;1587,21;0,0
PC008505;Não informado;A;Baixa;197,0;58,9;100,3;15;30;15;3,64;16,22;🟡 Estoque excessivo;0,0;1095,53;0,0
PC004279;Não informado;A;Média;129,0;100,7;38,4;15;30;15;9,5;16,22;🟡 Estoque excessivo;0,0;985,22;0,0
PC008280;Não informado;A;Baixa;46,0;31,1;44,4;15;30;15;8,22;16,22;🟡 Estoque excessivo;0,0;6527,59;0,0
PC005048;Não informado;A;Média;143,0;113,0;38,0;15;30;15;9,61;16,22;🟡 Estoque excessivo;0,0;858,61;0,0
PC004775;Não informado;A;Baixa;160,0;64,0;75,0;15;30;15;4,86;16,22;🟡 Estoque excessivo;0,0;1188,93;0,0
PC003690;Não informado;A;Baixa;307,0;165,3;55,7;15;30;15;6,55;16,22;🟡 Estoque excessivo;0,0;556,72;0,0
PC000102;Não informado;A;Baixa;114,0;150,9;22,7;15;30;15;16,11;16,22;🟢 OK;0,0;422,17;0,0
PC003153;Não informado;A;Baixa;39,0;32,6;35,8;15;30;15;10,18;16,22;🟡 Estoque excessivo;0,0;1717,59;0,0
PC001238;Não informado;A;Baixa;151,0;52,5;86,3;15;30;15;4,23;16,22;🟡 Estoque excessivo;0,0;947,05;0,0
PC007348;Não informado;A;Baixa;34,0;16,6;61,5;15;30;15;5,93;16,22;🟡 Estoque excessivo;0,0;3005,44;0,0
PC000057;Não informado;A;Baixa;124,0;90,8;41,0;15;30;15;8,91;16,22;🟡 Estoque excessivo;0,0;1295,12;0,0
PC003594;Não informado;A;Média;163,0;132,5;36,9;15;30;15;9,89;16,22;🟡 Estoque excessivo;0,0;788,41;0,0
PC005044;Não informado;A;Baixa;27,0;10,4;78,0;15;30;15;4,68;16,22;🟡 Estoque excessivo;0,0;5561,15;0,0
PC001464;Não informado;A;Média;197,0;258,6;22,9;15;30;15;15,97;16,22;🟢 OK;0,0;467,66;0,0
PC006548;Não informado;A;Baixa;53,0;33,1;48,0;15;30;15;7,6;16,22;🟡 Estoque excessivo;0,0;4396,35;0,0
PC008510;Não informado;A;Baixa;16,0;13,2;36,3;15;30;15;10,04;16,22;🟡 Estoque excessivo;0,0;5585,48;0,0
PC004301;Não informado;A;Baixa;30,0;9,5;94,9;15;30;15;3,84;16,22;🟡 Estoque excessivo;0,0;6760,16;0,0
PC007011;Não informado;A;Baixa;172,0;194,8;26,5;15;30;15;13,78;16,22;🟢 OK;0,0;1192,38;0,0
PC009524;Não informado;A;Baixa;25,0;10,0;75,3;15;30;15;4,85;16,22;🟡 Estoque excessivo;0,0;5682,91;0,0
PC000080;Não informado;A;Baixa;74,0;174,8;12,7;15;30;15;28,75;16,22;🚨 RUPTURA IMINENTE;101,0;601,79;60685,07
PC009360;Não informado;A;Baixa;139,0;52,0;80,1;15;30;15;4,55;16,22;🟡 Estoque excessivo;0,0;1411,05;0,0
PC006395;Não informado;A;Baixa;109,0;34,8;93,9;15;30;15;3,89;16,22;🟡 Estoque excessivo;0,0;1675,89;0,0
PC007960;Não informado;A;Média;106,0;57,0;55,8;15;30;15;6,54;16,22;🟡 Estoque excessivo;0,0;1650,43;0,0
PC009200;Não informado;A;Baixa;73,0;300,2;7,3;15;30;15;50,03;16,22;🚨 RUPTURA IMINENTE;227,0;495,2;112494,22
PC001880;Não informado;A;Baixa;53,0;16,8;94,6;15;30;15;3,86;16,22;🟡 Estoque excessivo;0,0;4523,68;0,0
PC005062;Não informado;A;Baixa;158,0;173,0;27,4;15;30;15;13,32;16,22;🟢 OK;0,0;385,48;0,0
PC006744;Não informado;A;Baixa;14,0;21,6;19,5;15;30;15;18,74;16,22;🟢 OK;0,0;3806,84;0,0
PC004020;Não informado;A;Baixa;26,0;15,1;51,5;15;30;15;7,09;16,22;🟡 Estoque excessivo;0,0;4332,57;0,0
PC009191;Não informado;A;Baixa;298,0;133,5;67,0;15;30;15;5,45;16,22;🟡 Estoque excessivo;0,0;504,85;0,0
PC002515;Não informado;A;Baixa;106,0;84,8;37,5;15;30;15;9,74;16,22;🟡 Estoque excessivo;0,0;1025,27;0,0
PC004100;Não informado;A;Baixa;10,0;8,8;34,3;15;30;15;10,65;16,22;🟡 Estoque excessivo;0,0;7079,78;0,0
PC008802;Não informado;A;Baixa;146,0;84,4;51,9;15;30;15;7,03;16,22;🟡 Estoque excessivo;0,0;797,39;0,0
PC004500;Não informado;A;Baixa;40,0;17,2;69,7;15;30;15;5,24;16,22;🟡 Estoque excessivo;0,0;5111,64;0,0
PC002875;Não informado;A;Baixa;64,0;26,7;72,0;15;30;15;5,07;16,22;🟡 Estoque excessivo;0,0;2164,06;0,0
PC003033;Não informado;A;Baixa;6,0;35,7;5,0;15;30;15;72,39;16,22;🚨 RUPTURA IMINENTE;30,0;4706,3;139777,18
PC000749;Não informado;A;Baixa;22,0;34,8;19,0;15;30;15;19,25;16,22;🟢 OK;0,0;2865,14;0,0
PC001162;Não informado;A;Baixa;84,0;39,1;64,4;15;30;15;5,67;16,22;🟡 Estoque excessivo;0,0;1288,47;0,0
PC001113;Não informado;A;Baixa;17,0;26,7;19,1;15;30;15;19,13;16,22;🟢 OK;0,0;3949,75;0,0
PC009709;Não informado;A;Baixa;49,0;33,9;43,3;15;30;15;8,42;16,22;🟡 Estoque excessivo;0,0;3007,75;0,0
PC004353;Não informado;A;Baixa;39,0;14,7;79,7;15;30;15;4,58;16,22;🟡 Estoque excessivo;0,0;4840,61;0,0
PC002833;Não informado;A;Baixa;73,0;36,3;60,3;15;30;15;6,06;16,22;🟡 Estoque excessivo;0,0;3216,33;0,0
PC006273;Não informado;A;Baixa;34,0;16,7;61,0;15;30;15;5,98;16,22;🟡 Estoque excessivo;0,0;3450,19;0,0
PC000403;Não informado;A;Baixa;221,0;86,2;76,9;15;30;15;4,75;16,22;🟡 Estoque excessivo;0,0;859,25;0,0
PC003353;Não informado;A;Baixa;158,0;62,8;75,5;15;30;15;4,84;16,22;🟡 Estoque excessivo;0,0;1068,43;0,0
PC008721;Não informado;A;Baixa;135,0;106,3;38,1;15;30;15;9,58;16,22;🟡 Estoque excessivo;0,0;760,42;0,0
PC009364;Não informado;A;Baixa;69,0;28,9;71,7;15;30;15;5,09;16,22;🟡 Estoque excessivo;0,0;1929,52;0,0
PC003244;Não informado;A;Baixa;82,0;116,1;21,2;15;30;15;17,22;16,22;🟢 OK;0,0;824,23;0,0
PC002624;Não informado;A;Baixa;284,0;123,9;68,8;15;30;15;5,31;16,22;🟡 Estoque excessivo;0,0;555,87;0,0
PC003039;Não informado;A;Baixa;63,0;66,7;28,3;15;30;15;12,88;16,22;🟢 OK;0,0;1328,91;0,0
PC004051;Não informado;A;Baixa;317,0;100,7;94,4;15;30;15;3,87;16,22;🟡 Estoque excessivo;0,0;726,83;0,0
PC008205;Não informado;A;Baixa;214,0;78,2;82,1;15;30;15;4,45;16,22;🟡 Estoque excessivo;0,0;680,16;0,0
PC003102;Não informado;A;Baixa;171,0;110,3;46,5;15;30;15;7,85;16,22;🟡 Estoque excessivo;0,0;756,45;0,0
PC005223;Não informado;A;Baixa;86,0;189,7;13,6;15;30;15;26,84;16,22;🚨 RUPTURA IMINENTE;104,0;439,97;45622,59
PC007915;Não informado;A;Baixa;199,0;73,6;81,1;15;30;15;4,5;16,22;🟡 Estoque excessivo;0,0;802,55;0,0
PC004948;Não informado;A;Baixa;30,0;20,3;44,3;15;30;15;8,24;16,22;🟡 Estoque excessivo;0,0;3266,67;0,0
PC000385;Não informado;A;Baixa;18,0;20,9;25,9;15;30;15;14,11;16,22;🟢 OK;0,0;4509,49;0,0
PC009153;Não informado;A;Baixa;25,0;21,2;35,3;15;30;15;10,34;16,22;🟡 Estoque excessivo;0,0;2469,7;0,0
PC006563;Não informado;A;Baixa;43,0;63,8;20,2;15;30;15;18,04;16,22;🟢 OK;0,0;833,65;0,0
PC004459;Não informado;A;Baixa;121,0;83,8;43,3;15;30;15;8,43;16,22;🟡 Estoque excessivo;0,0;671,05;0,0
PC007855;Não informado;A;Baixa;45,0;15,8;85,6;15;30;15;4,27;16,22;🟡 Estoque excessivo;0,0;4021,74;0,0
PC004866;Não informado;A;Baixa;20,0;10,0;60,2;15;30;15;6,06;16,22;🟡 Estoque excessivo;0,0;5454,26;0,0
PC003673;Não informado;A;Baixa;11,0;10,3;31,9;15;30;15;11,43;16,22;🟡 Estoque excessivo;0,0;5567,48;0,0
PC004387;Não informado;A;Baixa;80,0;40,6;59,1;15;30;15;6,18;16,22;🟡 Estoque excessivo;0,0;1356,86;0,0
PC003458;Não informado;A;Baixa;82,0;31,1;79,1;15;30;15;4,61;16,22;🟡 Estoque excessivo;0,0;1619,02;0,0
PC008912;Não informado;A;Baixa;120,0;84,8;42,5;15;30;15;8,6;16,22;🟡 Estoque excessivo;0,0;1379,67;0,0
PC003604;Não informado;A;Baixa;27,0;11,1;72,8;15;30;15;5,01;16,22;🟡 Estoque excessivo;0,0;6195,49;0,0
PC004570;Não informado;A;Baixa;38,0;17,9;63,6;15;30;15;5,74;16,22;🟡 Estoque excessivo;0,0;4284,19;0,0
PC007825;Não informado;A;Baixa;21,0;37,6;16,8;15;30;15;21,77;16,22;🟢 OK;0,0;2828,8;0,0
PC001972;Não informado;A;Baixa;34,0;13,0;78,4;15;30;15;4,65;16,22;🟡 Estoque excessivo;0,0;5036,51;0,0
PC003682;Não informado;A;Baixa;67,0;58,4;34,4;15;30;15;10,61;16,22;🟡 Estoque excessivo;0,0;817,5;0,0
PC008522;Não informado;A;Baixa;31,0;48,9;19,0;15;30;15;19,2;16,22;🟢 OK;0,0;1887,02;0,0
PC007917;Não informado;A;Baixa;17,0;18,2;28,1;15;30;15;12,99;16,22;🟢 OK;0,0;5226,9;0,0
PC008409;Não informado;A;Baixa;20,0;22,3;26,9;15;30;15;13,55;16,22;🟢 OK;0,0;2339,29;0,0
PC007320;Não informado;A;Baixa;26,0;36,8;21,2;15;30;15;17,24;16,22;🟢 OK;0,0;1970,73;0,0
PC007373;Não informado;A;Baixa;35,0;20,4;51,4;15;30;15;7,1;16,22;🟡 Estoque excessivo;0,0;2511,26;0,0
PC008194;Não informado;A;Baixa;19,0;11,1;51,2;15;30;15;7,13;16,22;🟡 Estoque excessivo;0,0;5381,53;0,0
PC001492;Não informado;A;Baixa;74,0;20,9;106,5;15;30;15;3,43;16,22;🟡 Estoque excessivo;0,0;2127,86;0,0
PC007889;Não informado;A;Baixa;16,0;27,9;17,2;15;30;15;21,24;16,22;🟢 OK;0,0;4185,99;0,0
PC006116;Não informado;A;Baixa;85,0;74,0;34,4;15;30;15;10,6;16,22;🟡 Estoque excessivo;0,0;798,36;0,0
PC000697;Não informado;A;Baixa;294,0;89,8;98,2;15;30;15;3,72;16,22;🟡 Estoque excessivo;0,0;677,14;0,0
PC007681;Não informado;A;Baixa;34,0;18,6;54,8;15;30;15;6,66;16,22;🟡 Estoque excessivo;0,0;2998,34;0,0
PC005615;Não informado;A;Baixa;56,0;31,8;52,8;15;30;15;6,91;16,22;🟡 Estoque excessivo;0,0;1658,12;0,0
PC008803;Não informado;A;Baixa;30,0;48,8;18,4;15;30;15;19,79;16,22;🟢 OK;0,0;1152,27;0,0
PC006190;Não informado;A;Baixa;219,0;81,2;80,9;15;30;15;4,51;16,22;🟡 Estoque excessivo;0,0;588,3;0,0
PC007845;Não informado;A;Baixa;69,0;24,5;84,6;15;30;15;4,32;16,22;🟡 Estoque excessivo;0,0;2634,79;0,0
PC000666;Não informado;A;Baixa;32,0;13,6;70,8;15;30;15;5,16;16,22;🟡 Estoque excessivo;0,0;4271,74;0,0
PC006232;Não informado;A;Baixa;24,0;7,8;92,6;15;30;15;3,94;16,22;🟡 Estoque excessivo;0,0;7658,21;0,0
PC005438;Não informado;A;Baixa;39,0;11,8;99,1;15;30;15;3,68;16,22;🟡 Estoque excessivo;0,0;5603,5;0,0
PC007629;Não informado;A;Baixa;14,0;44,0;9,5;15;30;15;38,24;16,22;🚨 RUPTURA IMINENTE;30,0;3627,52;108827,37
PC008849;Não informado;A;Baixa;34,0;28,5;35,8;15;30;15;10,19;16,22;🟡 Estoque excessivo;0,0;1681,32;0,0
PC001030;Não informado;A;Média;314,0;170,3;55,3;15;30;15;6,6;16,22;🟡 Estoque excessivo;0,0;541,6;0,0
PC009362;Não informado;A;Baixa;69,0;46,9;44,1;15;30;15;8,28;16,22;🟡 Estoque excessivo;0,0;1334,11;0,0
PC000339;Não informado;A;Baixa;120,0;78,0;46,2;15;30;15;7,91;16,22;🟡 Estoque excessivo;0,0;812,54;0,0
PC002437;Não informado;A;Baixa;13,0;22,0;17,7;15;30;15;20,59;16,22;🟢 OK;0,0;2266,52;0,0
PC002060;Não informado;A;Baixa;710,0;300,7;70,8;15;30;15;5,15;16,22;🟡 Estoque excessivo;0,0;210,93;0,0
PC007951;Não informado;A;Baixa;140,0;47,0;89,3;15;30;15;4,09;16,22;🟡 Estoque excessivo;0,0;1141,2;0,0
PC001300;Não informado;A;Baixa;46,0;23,2;59,5;15;30;15;6,13;16,22;🟡 Estoque excessivo;0,0;2522,33;0,0
PC001933;Não informado;A;Baixa;6,0;9,8;18,4;15;30;15;19,84;16,22;🟢 OK;0,0;6675,04;0,0
PC000589;Não informado;A;Média;28,0;28,7;29,3;15;30;15;12,45;16,22;🟢 OK;0,0;3362,39;0,0
PC005009;Não informado;A;Baixa;50,0;17,8;84,1;15;30;15;4,34;16,22;🟡 Estoque excessivo;0,0;2699,35;0,0
PC006419;Não informado;A;Baixa;49,0;87,8;16,7;15;30;15;21,79;16,22;🟢 OK;0,0;741,2;0,0
PC002285;Não informado;A;Baixa;31,0;18,6;50,1;15;30;15;7,28;16,22;🟡 Estoque excessivo;0,0;3518,62;0,0
PC005591;Não informado;A;Baixa;121,0;48,1;75,5;15;30;15;4,84;16,22;🟡 Estoque excessivo;0,0;1379,46;0,0
PC003290;Não informado;A;Baixa;19,0;14,4;39,6;15;30;15;9,23;16,22;🟡 Estoque excessivo;0,0;4325,68;0,0
PC007621;Não informado;A;Baixa;46,0;23,7;58,3;15;30;15;6,26;16,22;🟡 Estoque excessivo;0,0;2615,79;0,0
PC008127;Não informado;A;Baixa;33,0;57,0;17,4;15;30;15;21,01;16,22;🟢 OK;0,0;1001,8;0,0
PC002061;Não informado;A;Baixa;19,0;9,2;61,9;15;30;15;5,9;16,22;🟡 Estoque excessivo;0,0;6102,64;0,0
PC005884;Não informado;A;Baixa;51,0;27,1;56,5;15;30;15;6,46;16,22;🟡 Estoque excessivo;0,0;3736,29;0,0
PC008077;Não informado;A;Baixa;13,0;15,4;25,3;15;30;15;14,43;16,22;🟢 OK;0,0;3337,56;0,0
PC003393;Não informado;A;Baixa;26,0;30,7;25,4;15;30;15;14,36;16,22;🟢 OK;0,0;3120,87;0,0
PC001172;Não informado;A;Média;34,0;23,4;43,7;15;30;15;8,36;16,22;🟡 Estoque excessivo;0,0;3446,81;0,0
PC005079;Não informado;A;Baixa;34,0;23,2;43,9;15;30;15;8,31;16,22;🟡 Estoque excessivo;0,0;2406,61;0,0
PC007946;Não informado;A;Baixa;200,0;60,2;99,7;15;30;15;3,66;16,22;🟡 Estoque excessivo;0,0;1159,29;0,0
PC004747;Não informado;A;Média;33,0;104,7;9,5;15;30;15;38,61;16,22;🚨 RUPTURA IMINENTE;72,0;967,46;69395,61
PC006588;Não informado;A;Baixa;6,0;8,1;22,3;15;30;15;16,38;16,22;🟢 OK;0,0;5911,69;0,0
PC003900;Não informado;A;Baixa;31,0;17,6;52,8;15;30;15;6,92;16,22;🟡 Estoque excessivo;0,0;4863,06;0,0
PC002044;Não informado;A;Baixa;27,0;15,1;53,6;15;30;15;6,81;16,22;🟡 Estoque excessivo;0,0;4684,62;0,0
PC006221;Não informado;A;Baixa;12,0;17,0;21,2;15;30;15;17,26;16,22;🟢 OK;0,0;6329,92;0,0
PC007175;Não informado;A;Baixa;32,0;10,3;93,3;15;30;15;3,91;16,22;🟡 Estoque excessivo;0,0;6032,98;0,0
PC007885;Não informado;A;Baixa;8,0;8,4;28,4;15;30;15;12,84;16,22;🟢 OK;0,0;6412,98;0,0
PC004740;Não informado;A;Baixa;46,0;23,0;60,0;15;30;15;6,08;16,22;🟡 Estoque excessivo;0,0;2000,28;0,0
PC007814;Não informado;A;Baixa;48,0;77,5;18,6;15;30;15;19,63;16,22;🟢 OK;0,0;781,34;0,0
PC008135;Não informado;A;Baixa;36,0;107,7;10,0;15;30;15;36,39;16,22;🚨 RUPTURA IMINENTE;72,0;702,78;50366,85
PC002580;Não informado;A;Média;49,0;27,5;53,4;15;30;15;6,84;16,22;🟡 Estoque excessivo;0,0;2865,08;0,0
PC009637;Não informado;A;Baixa;64,0;107,9;17,8;15;30;15;20,52;16,22;🟢 OK;0,0;2556,47;0,0
PC001279;Não informado;A;Média;79,0;86,0;27,5;15;30;15;13,25;16,22;🟢 OK;0,0;995,97;0,0
PC001991;Não informado;A;Baixa;14,0;27,2;15,4;15;30;15;23,68;16,22;🟢 OK;0,0;2014,14;0,0
PC004581;Não informado;A;Baixa;29,0;74,7;11,6;15;30;15;31,34;16,22;🚨 RUPTURA IMINENTE;46,0;1396,42;63826,04
PC003448;Não informado;A;Baixa;548,0;220,0;74,7;15;30;15;4,89;16,22;🟡 Estoque excessivo;0,0;213,34;0,0
PC007815;Não informado;A;Baixa;88,0;30,4;86,8;15;30;15;4,21;16,22;🟡 Estoque excessivo;0,0;2027,66;0,0
PC007128;Não informado;A;Baixa;17,0;10,1;50,5;15;30;15;7,22;16,22;🟡 Estoque excessivo;0,0;4913,74;0,0
PC001598;Não informado;A;Baixa;63,0;39,8;47,5;15;30;15;7,68;16,22;🟡 Estoque excessivo;0,0;2084,07;0,0
PC001174;Não informado;A;Baixa;207,0;71,6;86,7;15;30;15;4,21;16,22;🟡 Estoque excessivo;0,0;886,04;0,0
PC007106;Não informado;A;Baixa;307,0;99,8;92,3;15;30;15;3,96;16,22;🟡 Estoque excessivo;0,0;667,4;0,0
PC008111;Não informado;A;Baixa;10,0;9,4;31,9;15;30;15;11,45;16,22;🟡 Estoque excessivo;0,0;6384,65;0,0
PC009963;Não informado;A;Baixa;95,0;32,7;87,3;15;30;15;4,18;16,22;🟡 Estoque excessivo;0,0;1559,66;0,0
PC001583;Não informado;A;Baixa;14,0;10,2;41,2;15;30;15;8,87;16,22;🟡 Estoque excessivo;0,0;5888,73;0,0
PC007220;Não informado;A;Baixa;25,0;20,6;36,4;15;30;15;10,04;16,22;🟡 Estoque excessivo;0,0;4277,59;0,0
PC002287;Não informado;A;Baixa;239,0;88,0;81,5;15;30;15;4,48;16,22;🟡 Estoque excessivo;0,0;589,9;0,0
PC006539;Não informado;A;Baixa;44,0;96,7;13,7;15;30;15;26,74;16,22;🚨 RUPTURA IMINENTE;53,0;876,79;46200,68
PC003201;Não informado;A;Baixa;68,0;22,3;91,4;15;30;15;4,0;16,22;🟡 Estoque excessivo;0,0;2320,11;0,0
PC006215;Não informado;A;Baixa;54,0;44,5;36,4;15;30;15;10,03;16,22;🟡 Estoque excessivo;0,0;5228,36;0,0
PC001554;Não informado;A;Baixa;86,0;46,0;56,1;15;30;15;6,51;16,22;🟡 Estoque excessivo;0,0;1138,97;0,0
PC005535;Não informado;A;Baixa;75,0;33,1;68,1;15;30;15;5,36;16,22;🟡 Estoque excessivo;0,0;1541,29;0,0
PC005762;Não informado;A;Baixa;17,0;33,0;15,5;15;30;15;23,58;16,22;🟢 OK;0,0;2902,72;0,0
PC002375;Não informado;A;Baixa;18,0;20,2;26,7;15;30;15;13,66;16,22;🟢 OK;0,0;4971,58;0,0
PC004487;Não informado;A;Baixa;93,0;33,0;84,6;15;30;15;4,31;16,22;🟡 Estoque excessivo;0,0;1765,17;0,0
PC006243;Não informado;A;Baixa;91,0;38,5;70,9;15;30;15;5,15;16,22;🟡 Estoque excessivo;0,0;1329,79;0,0
PC003670;Não informado;A;Baixa;70,0;94,1;22,3;15;30;15;16,35;16,22;🟢 OK;0,0;1118,07;0,0
PC008805;Não informado;A;Baixa;47,0;19,2;73,3;15;30;15;4,98;16,22;🟡 Estoque excessivo;0,0;2141,49;0,0
PC008070;Não informado;A;Baixa;129,0;72,9;53,1;15;30;15;6,88;16,22;🟡 Estoque excessivo;0,0;704,31;0,0
PC006936;Não informado;A;Baixa;66,0;26,8;73,9;15;30;15;4,94;16,22;🟡 Estoque excessivo;0,0;1809,46;0,0
PC004216;Não informado;A;Baixa;173,0;59,3;87,6;15;30;15;4,17;16,22;🟡 Estoque excessivo;0,0;732,66;0,0
PC008299;Não informado;A;Média;51,0;88,1;17,4;15;30;15;21,02;16,22;🟢 OK;0,0;968,9;0,0
PC009980;Não informado;A;Média;32,0;19,9;48,2;15;30;15;7,57;16,22;🟡 Estoque excessivo;0,0;4416,49;0,0
PC004379;Não informado;A;Baixa;135,0;55,9;72,4;15;30;15;5,04;16,22;🟡 Estoque excessivo;0,0;968,84;0,0
PC002335;Não informado;A;Baixa;150,0;185,5;24,3;15;30;15;15,04;16,22;🟢 OK;0,0;278,31;0,0
PC008369;Não informado;A;Baixa;616,0;212,6;86,9;15;30;15;4,2;16,22;🟡 Estoque excessivo;0,0;225,65;0,0
PC008877;Não informado;A;Baixa;69,0;22,7;91,3;15;30;15;4,0;16,22;🟡 Estoque excessivo;0,0;2211,79;0,0
PC003287;Não informado;A;Baixa;28,0;20,4;41,1;15;30;15;8,88;16,22;🟡 Estoque excessivo;0,0;2217,55;0,0
PC007444;Não informado;A;Baixa;18,0;15,6;34,6;15;30;15;10,56;16,22;🟡 Estoque excessivo;0,0;3874,27;0,0
PC000047;Não informado;A;Baixa;20,0;15,9;37,8;15;30;15;9,66;16,22;🟡 Estoque excessivo;0,0;2817,85;0,0
PC002221;Não informado;A;Baixa;29,0;9,2;95,0;15;30;15;3,84;16,22;🟡 Estoque excessivo;0,0;6039,14;0,0
PC000692;Não informado;A;Baixa;39,0;31,4;37,2;15;30;15;9,8;16,22;🟡 Estoque excessivo;0,0;2535,46;0,0
PC000948;Não informado;A;Baixa;25,0;19,3;38,9;15;30;15;9,38;16,22;🟡 Estoque excessivo;0,0;3106,04;0,0
PC003032;Não informado;A;Baixa;43,0;17,9;72,1;15;30;15;5,06;16,22;🟡 Estoque excessivo;0,0;4149,12;0,0
PC009303;Não informado;A;Baixa;39,0;20,4;57,4;15;30;15;6,36;16,22;🟡 Estoque excessivo;0,0;2903,58;0,0
PC006196;Não informado;A;Baixa;15,0;11,5;39,0;15;30;15;9,35;16,22;🟡 Estoque excessivo;0,0;5405,4;0,0
PC004276;Não informado;A;Baixa;9,0;23,6;11,5;15;30;15;31,85;16,22;🚨 RUPTURA IMINENTE;15,0;3958,08;57617,83
PC009255;Não informado;A;Baixa;38,0;48,1;23,7;15;30;15;15,39;16,22;🟢 OK;0,0;1149,63;0,0
PC003196;Não informado;A;Baixa;35,0;17,6;59,7;15;30;15;6,12;16,22;🟡 Estoque excessivo;0,0;4241,18;0,0
PC002693;Não informado;A;Baixa;36,0;25,1;43,0;15;30;15;8,48;16,22;🟡 Estoque excessivo;0,0;2107,73;0,0
PC008162;Não informado;A;Baixa;58,0;102,7;16,9;15;30;15;21,55;16,22;🟢 OK;0,0;470,24;0,0
PC001392;Não informado;A;Baixa;164,0;59,1;83,3;15;30;15;4,38;16,22;🟡 Estoque excessivo;0,0;770,69;0,0
PC006042;Não informado;A;Baixa;44,0;38,9;34,0;15;30;15;10,75;16,22;🟡 Estoque excessivo;0,0;2938,62;0,0
PC001496;Não informado;A;Baixa;23,0;7,9;87,7;15;30;15;4,16;16,22;🟡 Estoque excessivo;0,0;8308,55;0,0
PC000347;Não informado;A;Baixa;171,0;92,3;55,6;15;30;15;6,57;16,22;🟡 Estoque excessivo;0,0;568,51;0,0
PC008537;Não informado;A;Baixa;14,0;12,2;34,4;15;30;15;10,6;16,22;🟡 Estoque excessivo;0,0;3773,62;0,0
PC008244;Não informado;A;Baixa;28,0;28,8;29,1;15;30;15;12,53;16,22;🟢 OK;0,0;3077,22;0,0
PC009990;Não informado;A;Baixa;107,0;63,8;50,3;15;30;15;7,25;16,22;🟡 Estoque excessivo;0,0;736,55;0,0
PC008192;Não informado;A;Baixa;169,0;53,4;95,0;15;30;15;3,84;16,22;🟡 Estoque excessivo;0,0;1117,81;0,0
PC000559;Não informado;A;Baixa;26,0;9,9;78,5;15;30;15;4,65;16,22;🟡 Estoque excessivo;0,0;4682,99;0,0
PC002129;Não informado;A;Baixa;107,0;58,8;54,5;15;30;15;6,69;16,22;🟡 Estoque excessivo;0,0;1754,76;0,0
PC002185;Não informado;A;Baixa;372,0;129,0;86,5;15;30;15;4,22;16,22;🟡 Estoque excessivo;0,0;505,13;0,0
PC002219;Não informado;A;Baixa;113,0;39,7;85,4;15;30;15;4,28;16,22;🟡 Estoque excessivo;0,0;1439,15;0,0
PC008473;Não informado;A;Baixa;36,0;11,0;98,4;15;30;15;3,71;16,22;🟡 Estoque excessivo;0,0;3797,56;0,0
PC008248;Não informado;A;Baixa;212,0;110,1;57,8;15;30;15;6,32;16,22;🟡 Estoque excessivo;0,0;441,62;0,0
PC003546;Não informado;A;Baixa;22,0;46,4;14,2;15;30;15;25,66;16,22;🚨 RUPTURA IMINENTE;24,0;3893,64;95011,58
PC009852;Não informado;A;Média;84,0;80,3;31,4;15;30;15;11,63;16,22;🟡 Estoque excessivo;0,0;860,42;0,0
PC005637;Não informado;A;Baixa;108,0;48,0;67,6;15;30;15;5,4;16,22;🟡 Estoque excessivo;0,0;1195,45;0,0
PC002705;Não informado;A;Baixa;7,0;10,3;20,3;15;30;15;17,95;16,22;🟢 OK;0,0;5653,7;0,0
PC007533;Não informado;A;Baixa;82,0;69,5;35,4;15;30;15;10,3;16,22;🟡 Estoque excessivo;0,0;2515,25;0,0
PC003365;Não informado;A;Baixa;68,0;60,5;33,7;15;30;15;10,83;16,22;🟡 Estoque excessivo;0,0;2954,23;0,0
PC009582;Não informado;A;Baixa;171,0;54,1;94,8;15;30;15;3,85;16,22;🟡 Estoque excessivo;0,0;1022,14;0,0
PC005010;Não informado;A;Baixa;36,0;41,3;26,2;15;30;15;13,96;16,22;🟢 OK;0,0;1334,56;0,0
PC001724;Não informado;A;Média;14,0;11,5;36,4;15;30;15;10,02;16,22;🟡 Estoque excessivo;0,0;8540,95;0,0
PC009311;Não informado;A;Baixa;38,0;45,6;25,0;15;30;15;14,59;16,22;🟢 OK;0,0;1038,77;0,0
PC007395;Não informado;A;Baixa;112,0;59,2;56,7;15;30;15;6,43;16,22;🟡 Estoque excessivo;0,0;922,63;0,0
PC005612;Não informado;A;Baixa;93,0;141,5;19,7;15;30;15;18,51;16,22;🟢 OK;0,0;576,41;0,0
PC003728;Não informado;A;Baixa;105,0;59,0;53,4;15;30;15;6,84;16,22;🟡 Estoque excessivo;0,0;1153,68;0,0
PC003828;Não informado;A;Baixa;26,0;10,2;76,7;15;30;15;4,76;16,22;🟡 Estoque excessivo;0,0;4125,34;0,0
PC000251;Não informado;A;Baixa;53,0;56,2;28,3;15;30;15;12,9;16,22;🟢 OK;0,0;1872,21;0,0
PC001314;Não informado;A;Baixa;148,0;116,4;38,2;15;30;15;9,56;16,22;🟡 Estoque excessivo;0,0;675,28;0,0
PC005081;Não informado;A;Baixa;22,0;13,5;48,8;15;30;15;7,48;16,22;🟡 Estoque excessivo;0,0;4331,83;0,0
PC003935;Não informado;A;Baixa;107,0;45,9;69,9;15;30;15;5,22;16,22;🟡 Estoque excessivo;0,0;1184,99;0,0
PC007245;Não informado;A;Baixa;68,0;40,8;50,0;15;30;15;7,3;16,22;🟡 Estoque excessivo;0,0;958,87;0,0
PC006836;Não informado;A;Baixa;32,0;18,2;52,7;15;30;15;6,92;16,22;🟡 Estoque excessivo;0,0;4728,27;0,0
PC005054;Não informado;A;Baixa;32,0;10,2;94,6;15;30;15;3,86;16,22;🟡 Estoque excessivo;0,0;5287,42;0,0
PC003865;Não informado;A;Baixa;12,0;9,2;39,1;15;30;15;9,32;16,22;🟡 Estoque excessivo;0,0;5931,95;0,0
PC008813;Não informado;A;Baixa;37,0;17,4;64,0;15;30;15;5,71;16,22;🟡 Estoque excessivo;0,0;2479,49;0,0
PC001563;Não informado;A;Baixa;102,0;37,0;82,8;15;30;15;4,41;16,22;🟡 Estoque excessivo;0,0;1255,6;0,0
PC002498;Não informado;A;Baixa;20,0;18,8;31,9;15;30;15;11,45;16,22;🟡 Estoque excessivo;0,0;2543,27;0,0
PC003380;Não informado;A;Baixa;14,0;6,2;67,2;15;30;15;5,43;16,22;🟡 Estoque excessivo;0,0;6315,1;0,0
PC005300;Não informado;A;Baixa;16,0;8,2;58,9;15;30;15;6,2;16,22;🟡 Estoque excessivo;0,0;5445,44;0,0
PC006145;Não informado;A;Baixa;37,0;12,1;92,1;15;30;15;3,96;16,22;🟡 Estoque excessivo;0,0;3318,5;0,0
PC003649;Não informado;A;Baixa;41,0;12,8;95,8;15;30;15;3,81;16,22;🟡 Estoque excessivo;0,0;4531,53;0,0
PC000820;Não informado;A;Baixa;105,0;54,8;57,5;15;30;15;6,35;16,22;🟡 Estoque excessivo;0,0;1065,87;0,0
PC002457;Não informado;A;Baixa;22,0;15,3;43,3;15;30;15;8,43;16,22;🟡 Estoque excessivo;0,0;2785,53;0,0
PC002514;Não informado;A;Baixa;107,0;96,1;33,4;15;30;15;10,92;16,22;🟡 Estoque excessivo;0,0;739,47;0,0
PC000278;Não informado;A;Baixa;653,0;211,2;92,7;15;30;15;3,94;16,22;🟡 Estoque excessivo;0,0;320,84;0,0
PC005201;Não informado;A;Baixa;98,0;34,8;84,6;15;30;15;4,32;16,22;🟡 Estoque excessivo;0,0;1426,0;0,0
PC009708;Não informado;A;Baixa;77,0;51,0;45,3;15;30;15;8,06;16,22;🟡 Estoque excessivo;0,0;1052,08;0,0
PC001176;Não informado;A;Baixa;23,0;21,9;31,5;15;30;15;11,6;16,22;🟡 Estoque excessivo;0,0;3908,96;0,0
PC003270;Não informado;A;Baixa;265,0;119,1;66,7;15;30;15;5,47;16,22;🟡 Estoque excessivo;0,0;312,97;0,0
PC003454;Não informado;A;Baixa;45,0;26,3;51,4;15;30;15;7,11;16,22;🟡 Estoque excessivo;0,0;3260,07;0,0
PC009994;Não informado;A;Baixa;26,0;26,1;29,9;15;30;15;12,22;16,22;🟢 OK;0,0;1572,46;0,0
PC000471;Não informado;A;Baixa;67,0;156,2;12,9;15;30;15;28,37;16,22;🚨 RUPTURA IMINENTE;89,0;552,61;49311,45
PC003802;Não informado;A;Baixa;25,0;11,2;66,7;15;30;15;5,47;16,22;🟡 Estoque excessivo;0,0;3691,36;0,0
PC002900;Não informado;A;Baixa;14,0;11,8;35,7;15;30;15;10,23;16,22;🟡 Estoque excessivo;0,0;5565,02;0,0
PC006827;Não informado;A;Baixa;81,0;29,5;82,5;15;30;15;4,43;16,22;🟡 Estoque excessivo;0,0;1558,25;0,0
PC002065;Não informado;A;Baixa;88,0;93,5;28,2;15;30;15;12,93;16,22;🟢 OK;0,0;610,0;0,0
PC000077;Não informado;A;Baixa;102,0;65,0;47,1;15;30;15;7,75;16,22;🟡 Estoque excessivo;0,0;1327,3;0,0
PC007246;Não informado;A;Baixa;182,0;56,3;97,0;15;30;15;3,76;16,22;🟡 Estoque excessivo;0,0;901,75;0,0
PC003326;Não informado;A;Baixa;21,0;11,1;56,6;15;30;15;6,44;16,22;🟡 Estoque excessivo;0,0;5282,79;0,0
PC004941;Não informado;A;Baixa;27,0;31,2;25,9;15;30;15;14,08;16,22;🟢 OK;0,0;6191,2;0,0
PC006874;Não informado;A;Média;40,0;23,4;51,3;15;30;15;7,12;16,22;🟡 Estoque excessivo;0,0;3071,81;0,0
PC006733;Não informado;A;Baixa;10,0;70,4;4,3;15;30;15;85,62;16,22;🚨 RUPTURA IMINENTE;60,0;2124,52;128268,52
PC001061;Não informado;A;Baixa;29,0;20,8;41,8;15;30;15;8,73;16,22;🟡 Estoque excessivo;0,0;1938,23;0,0
PC005271;Não informado;A;Baixa;65,0;32,3;60,5;15;30;15;6,04;16,22;🟡 Estoque excessivo;0,0;1949,41;0,0
PC006462;Não informado;A;Baixa;29,0;13,9;62,5;15;30;15;5,84;16,22;🟡 Estoque excessivo;0,0;3495,03;0,0
PC007827;Não informado;A;Baixa;110,0;58,4;56,5;15;30;15;6,46;16,22;🟡 Estoque excessivo;0,0;943,76;0,0
PC004423;Não informado;A;Baixa;172,0;66,3;77,8;15;30;15;4,69;16,22;🟡 Estoque excessivo;0,0;683,51;0,0
PC000983;Não informado;A;Baixa;63,0;25,2;75,0;15;30;15;4,87;16,22;🟡 Estoque excessivo;0,0;1527,18;0,0
PC007566;Não informado;A;Baixa;27,0;45,9;17,7;15;30;15;20,67;16,22;🟢 OK;0,0;1266,46;0,0
PC002556;Não informado;A;Média;22,0;16,9;39,1;15;30;15;9,33;16,22;🟡 Estoque excessivo;0,0;4164,82;0,0
PC005186;Não informado;A;Baixa;35,0;10,1;104,4;15;30;15;3,5;16,22;🟡 Estoque excessivo;0,0;4309,37;0,0
PC004645;Não informado;A;Baixa;97,0;31,1;93,7;15;30;15;3,9;16,22;🟡 Estoque excessivo;0,0;1666,45;0,0
PC007214;Não informado;A;Baixa;30,0;31,7;28,4;15;30;15;12,86;16,22;🟢 OK;0,0;1356,43;0,0
PC001287;Não informado;A;Baixa;26,0;13,7;56,8;15;30;15;6,43;16,22;🟡 Estoque excessivo;0,0;5878,55;0,0
PC004305;Não informado;A;Baixa;47,0;14,3;98,7;15;30;15;3,7;16,22;🟡 Estoque excessivo;0,0;3718,87;0,0
PC000726;Não informado;A;Baixa;66,0;73,8;26,8;15;30;15;13,6;16,22;🟢 OK;0,0;1263,17;0,0
PC000687;Não informado;A;Baixa;56,0;53,0;31,7;15;30;15;11,51;16,22;🟡 Estoque excessivo;0,0;960,91;0,0
PC004933;Não informado;A;Baixa;22,0;17,9;36,9;15;30;15;9,89;16,22;🟡 Estoque excessivo;0,0;2954,56;0,0
PC005487;Não informado;A;Baixa;40,0;25,5;47,1;15;30;15;7,74;16,22;🟡 Estoque excessivo;0,0;3697,01;0,0
PC004028;Não informado;A;Média;5,0;11,5;13,1;15;30;15;27,95;16,22;🚨 RUPTURA IMINENTE;6,0;6609,77;42879,94
PC006233;Não informado;A;Baixa;15,0;7,0;63,9;15;30;15;5,71;16,22;🟡 Estoque excessivo;0,0;7134,19;0,0
PC004988;Não informado;A;Baixa;4,0;47,2;2,5;15;30;15;143,59;16,22;🚨 RUPTURA IMINENTE;43,0;6046,27;261248,65
PC003230;Não informado;A;Baixa;119,0;52,1;68,6;15;30;15;5,32;16,22;🟡 Estoque excessivo;0,0;1087,8;0,0
PC003695;Não informado;A;Baixa;16,0;35,9;13,4;15;30;15;27,27;16,22;🚨 RUPTURA IMINENTE;20,0;2416,89;48012,15
PC007461;Não informado;A;Média;26,0;32,1;24,3;15;30;15;15,02;16,22;🟢 OK;0,0;2615,36;0,0
PC006661;Não informado;A;Baixa;69,0;26,6;77,7;15;30;15;4,69;16,22;🟡 Estoque excessivo;0,0;1727,81;0,0
PC008001;Não informado;A;Baixa;11,0;15,1;21,8;15;30;15;16,73;16,22;🟢 OK;0,0;3579,56;0,0
PC002207;Não informado;A;Baixa;39,0;37,6;31,1;15;30;15;11,72;16,22;🟡 Estoque excessivo;0,0;1308,45;0,0
PC007983;Não informado;A;Baixa;33,0;14,0;70,5;15;30;15;5,18;16,22;🟡 Estoque excessivo;0,0;3612,57;0,0
PC000358;Não informado;A;Baixa;193,0;84,0;68,9;15;30;15;5,3;16,22;🟡 Estoque excessivo;0,0;530,77;0,0
PC007840;Não informado;A;Baixa;69,0;144,3;14,4;15;30;15;25,44;16,22;🚨 RUPTURA IMINENTE;75,0;539,91;40628,26
PC008837;Não informado;A;Baixa;12,0;24,4;14,7;15;30;15;24,75;16,22;🚨 RUPTURA IMINENTE;12,0;1812,27;22494,05
PC005396;Não informado;A;Baixa;46,0;13,9;99,3;15;30;15;3,68;16,22;🟡 Estoque excessivo;0,0;3364,35;0,0
PC006537;Não informado;A;Baixa;144,0;49,5;87,3;15;30;15;4,18;16,22;🟡 Estoque excessivo;0,0;762,47;0,0
PC002719;Não informado;A;Baixa;92,0;50,5;54,7;15;30;15;6,68;16,22;🟡 Estoque excessivo;0,0;914,33;0,0
PC007416;Não informado;A;Baixa;134,0;309,5;13,0;15;30;15;28,1;16,22;🚨 RUPTURA IMINENTE;176,0;640,33;112383,64
PC000269;Não informado;A;Baixa;37,0;24,7;44,9;15;30;15;8,12;16,22;🟡 Estoque excessivo;0,0;6228,91;0,0
PC008830;Não informado;A;Média;30,0;19,3;46,6;15;30;15;7,83;16,22;🟡 Estoque excessivo;0,0;3537,97;0,0
PC001195;Não informado;A;Média;34,0;60,0;17,0;15;30;15;21,47;16,22;🟢 OK;0,0;1401,74;0,0
PC006797;Não informado;A;Baixa;21,0;7,1;88,3;15;30;15;4,13;16,22;🟡 Estoque excessivo;0,0;5339,92;0,0
PC009534;Não informado;A;Baixa;31,0;21,3;43,7;15;30;15;8,35;16,22;🟡 Estoque excessivo;0,0;2369,02;0,0
PC005401;Não informado;A;Baixa;24,0;44,7;16,1;15;30;15;22,65;16,22;🟢 OK;0,0;5960,1;0,0
PC009613;Não informado;A;Baixa;9,0;6,2;43,5;15;30;15;8,4;16,22;🟡 Estoque excessivo;0,0;5702,66;0,0
PC001892;Não informado;A;Baixa;523,0;143,5;109,3;15;30;15;3,34;16,22;🟡 Estoque excessivo;0,0;335,03;0,0
PC003863;Não informado;A;Baixa;88,0;35,9;73,5;15;30;15;4,97;16,22;🟡 Estoque excessivo;0,0;1365,78;0,0
PC003860;Não informado;A;Baixa;25,0;14,4;52,1;15;30;15;7,0;16,22;🟡 Estoque excessivo;0,0;6081,35;0,0
PC007547;Não informado;A;Baixa;57,0;28,2;60,6;15;30;15;6,02;16,22;🟡 Estoque excessivo;0,0;1487,5;0,0
PC002149;Não informado;A;Baixa;130,0;43,7;89,1;15;30;15;4,09;16,22;🟡 Estoque excessivo;0,0;962,45;0,0
PC005913;Não informado;A;Média;33,0;20,0;49,5;15;30;15;7,37;16,22;🟡 Estoque excessivo;0,0;3670,07;0,0
PC006445;Não informado;A;Baixa;11,0;12,2;27,2;15;30;15;13,44;16,22;🟢 OK;0,0;3241,91;0,0
PC009482;Não informado;A;Baixa;72,0;53,0;40,8;15;30;15;8,95;16,22;🟡 Estoque excessivo;0,0;1136,31;0,0
PC001837;Não informado;A;Baixa;39,0;20,7;56,5;15;30;15;6,46;16,22;🟡 Estoque excessivo;0,0;3801,94;0,0
PC001047;Não informado;A;Baixa;61,0;19,5;93,8;15;30;15;3,89;16,22;🟡 Estoque excessivo;0,0;2607,41;0,0
PC006949;Não informado;A;Baixa;87,0;30,1;86,9;15;30;15;4,2;16,22;🟡 Estoque excessivo;0,0;1338,41;0,0
PC008218;Não informado;A;Baixa;15,0;10,9;41,2;15;30;15;8,86;16,22;🟡 Estoque excessivo;0,0;4657,82;0,0
PC009340;Não informado;A;Baixa;40,0;28,0;42,8;15;30;15;8,53;16,22;🟡 Estoque excessivo;0,0;4786,32;0,0
PC001012;Não informado;A;Baixa;10,0;7,2;41,6;15;30;15;8,77;16,22;🟡 Estoque excessivo;0,0;6260,98;0,0
PC001748;Não informado;A;Baixa;26,0;14,7;53,1;15;30;15;6,88;16,22;🟡 Estoque excessivo;0,0;3329,26;0,0
PC004111;Não informado;A;Baixa;27,0;35,2;23,0;15;30;15;15,85;16,22;🟢 OK;0,0;1514,76;0,0
PC000483;Não informado;A;Baixa;22,0;43,1;15,3;15;30;15;23,81;16,22;🟢 OK;0,0;1337,11;0,0
PC008468;Não informado;A;Baixa;20,0;11,2;53,6;15;30;15;6,8;16,22;🟡 Estoque excessivo;0,0;3416,09;0,0
PC002392;Não informado;A;Baixa;24,0;7,4;96,8;15;30;15;3,77;16,22;🟡 Estoque excessivo;0,0;7020,07;0,0
PC000701;Não informado;A;Baixa;140,0;142,4;29,5;15;30;15;12,38;16,22;🟢 OK;0,0;355,46;0,0
PC007498;Não informado;A;Baixa;71,0;29,0;73,6;15;30;15;4,96;16,22;🟡 Estoque excessivo;0,0;1380,32;0,0
PC005227;Não informado;A;Baixa;52,0;28,5;54,8;15;30;15;6,66;16,22;🟡 Estoque excessivo;0,0;1614,31;0,0
PC001366;Não informado;A;Baixa;35,0;52,2;20,1;15;30;15;18,14;16,22;🟢 OK;0,0;1086,76;0,0
PC002898;Não informado;A;Baixa;118,0;32,0;110,7;15;30;15;3,3;16,22;🟡 Estoque excessivo;0,0;1118,69;0,0
PC005211;Não informado;A;Baixa;118,0;50,7;69,8;15;30;15;5,23;16,22;🟡 Estoque excessivo;0,0;755,79;0,0
PC000356;Não informado;A;Baixa;40,0;64,7;18,5;15;30;15;19,68;16,22;🟢 OK;0,0;865,2;0,0
PC005966;Não informado;A;Baixa;71,0;47,8;44,6;15;30;15;8,19;16,22;🟡 Estoque excessivo;0,0;797,52;0,0
PC008362;Não informado;A;Baixa;94,0;102,8;27,4;15;30;15;13,31;16,22;🟢 OK;0,0;669,22;0,0
PC001214;Não informado;A;Baixa;31,0;11,7;79,3;15;30;15;4,6;16,22;🟡 Estoque excessivo;0,0;2984,88;0,0
PC008783;Não informado;A;Baixa;217,0;169,3;38,5;15;30;15;9,49;16,22;🟡 Estoque excessivo;0,0;483,48;0,0
PC004190;Não informado;A;Baixa;283,0;87,7;96,8;15;30;15;3,77;16,22;🟡 Estoque excessivo;0,0;475,2;0,0
PC004313;Não informado;A;Média;6,0;17,3;10,4;15;30;15;35,04;16,22;🚨 RUPTURA IMINENTE;11,0;4840,94;54596,78
PC003068;Não informado;A;Baixa;72,0;36,2;59,6;15;30;15;6,12;16,22;🟡 Estoque excessivo;0,0;3124,14;0,0
PC009753;Não informado;A;Baixa;36,0;12,3;87,5;15;30;15;4,17;16,22;🟡 Estoque excessivo;0,0;3997,96;0,0
PC004651;Não informado;A;Baixa;140,0;84,7;49,6;15;30;15;7,36;16,22;🟡 Estoque excessivo;0,0;633,36;0,0
PC008828;Não informado;A;Baixa;45,0;13,8;97,8;15;30;15;3,73;16,22;🟡 Estoque excessivo;0,0;2925,56;0,0
PC005414;Não informado;A;Baixa;838,0;319,4;78,7;15;30;15;4,64;16,22;🟡 Estoque excessivo;0,0;129,11;0,0
PC008251;Não informado;A;Baixa;77,0;87,7;26,3;15;30;15;13,87;16,22;🟢 OK;0,0;1798,17;0,0
PC003648;Não informado;A;Média;171,0;111,5;46,0;15;30;15;7,93;16,22;🟡 Estoque excessivo;0,0;728,53;0,0
PC009013;Não informado;A;Baixa;117,0;101,2;34,7;15;30;15;10,52;16,22;🟡 Estoque excessivo;0,0;704,61;0,0
PC005822;Não informado;A;Baixa;12,0;40,7;8,8;15;30;15;41,29;16,22;🚨 RUPTURA IMINENTE;29,0;3010,44;86463,25
PC003159;Não informado;A;Baixa;108,0;31,1;104,2;15;30;15;3,5;16,22;🟡 Estoque excessivo;0,0;1613,52;0,0
PC002010;Não informado;A;Baixa;23,0;51,5;13,4;15;30;15;27,22;16,22;🚨 RUPTURA IMINENTE;28,0;1543,1;43904,24
PC003138;Não informado;A;Baixa;79,0;53,3;44,5;15;30;15;8,21;16,22;🟡 Estoque excessivo;0,0;721,38;0,0
PC008303;Não informado;A;Baixa;36,0;21,9;49,3;15;30;15;7,41;16,22;🟡 Estoque excessivo;0,0;3458,47;0,0
PC002591;Não informado;A;Baixa;164,0;47,4;103,8;15;30;15;3,52;16,22;🟡 Estoque excessivo;0,0;1004,75;0,0
PC000720;Não informado;A;Baixa;103,0;52,2;59,2;15;30;15;6,17;16,22;🟡 Estoque excessivo;0,0;845,22;0,0
PC007099;Não informado;A;Baixa;12,0;29,4;12,3;15;30;15;29,78;16,22;🚨 RUPTURA IMINENTE;17,0;2849,47;49490,9
PC008484;Não informado;A;Baixa;131,0;59,8;65,7;15;30;15;5,55;16,22;🟡 Estoque excessivo;0,0;884,93;0,0
PC004696;Não informado;A;Baixa;26,0;20,9;37,3;15;30;15;9,79;16,22;🟡 Estoque excessivo;0,0;2884,34;0,0
PC000449;Não informado;A;Baixa;42,0;105,6;11,9;15;30;15;30,6;16,22;🚨 RUPTURA IMINENTE;64,0;2056,8;130881,66
PC003783;Não informado;A;Baixa;23,0;14,3;48,2;15;30;15;7,57;16,22;🟡 Estoque excessivo;0,0;4923,71;0,0
PC005185;Não informado;A;Média;32,0;22,0;43,6;15;30;15;8,38;16,22;🟡 Estoque excessivo;0,0;3702,71;0,0
PC007518;Não informado;A;Baixa;67,0;56,0;35,9;15;30;15;10,16;16,22;🟡 Estoque excessivo;0,0;782,76;0,0
PC005080;Não informado;A;Baixa;46,0;20,4;67,6;15;30;15;5,4;16,22;🟡 Estoque excessivo;0,0;2005,26;0,0
PC006378;Não informado;A;Baixa;47,0;70,0;20,1;15;30;15;18,12;16,22;🟢 OK;0,0;864,81;0,0
PC003323;Não informado;A;Baixa;63,0;33,6;56,3;15;30;15;6,48;16,22;🟡 Estoque excessivo;0,0;2559,11;0,0
PC005295;Não informado;A;Baixa;35,0;96,5;10,9;15;30;15;33,54;16,22;🚨 RUPTURA IMINENTE;61,0;1393,14;85656,57
PC007959;Não informado;A;Baixa;18,0;17,0;31,7;15;30;15;11,5;16,22;🟡 Estoque excessivo;0,0;2840,02;0,0
PC002300;Não informado;A;Média;40,0;22,8;52,6;15;30;15;6,94;16,22;🟡 Estoque excessivo;0,0;3902,19;0,0
PC000239;Não informado;A;Baixa;28,0;42,4;19,8;15;30;15;18,42;16,22;🟢 OK;0,0;1961,25;0,0
PC001966;Não informado;A;Baixa;49,0;48,2;30,5;15;30;15;11,96;16,22;🟡 Estoque excessivo;0,0;1036,84;0,0
PC005273;Não informado;A;Baixa;52,0;35,8;43,5;15;30;15;8,39;16,22;🟡 Estoque excessivo;0,0;1515,26;0,0
PC008583;Não informado;A;Baixa;19,0;24,7;23,1;15;30;15;15,81;16,22;🟢 OK;0,0;2102,2;0,0
PC008023;Não informado;A;Baixa;50,0;25,6;58,5;15;30;15;6,24;16,22;🟡 Estoque excessivo;0,0;2559,41;0,0
PC004145;Não informado;A;Baixa;429,0;128,4;100,2;15;30;15;3,64;16,22;🟡 Estoque excessivo;0,0;291,41;0,0
PC007471;Não informado;A;Baixa;7,0;24,4;8,6;15;30;15;42,44;16,22;🚨 RUPTURA IMINENTE;17,0;4693,04;81730,49
PC002830;Não informado;A;Baixa;208,0;79,4;78,6;15;30;15;4,64;16,22;🟡 Estoque excessivo;0,0;471,36;0,0
PC004040;Não informado;A;Baixa;45,0;46,4;29,1;15;30;15;12,55;16,22;🟢 OK;0,0;836,23;0,0
PC000878;Não informado;A;Baixa;44,0;40,1;32,9;15;30;15;11,08;16,22;🟡 Estoque excessivo;0,0;973,44;0,0
PC000845;Não informado;A;Baixa;22,0;16,0;41,3;15;30;15;8,83;16,22;🟡 Estoque excessivo;0,0;2482,56;0,0
PC007750;Não informado;A;Baixa;115,0;51,3;67,3;15;30;15;5,43;16,22;🟡 Estoque excessivo;0,0;923,23;0,0
PC009327;Não informado;A;Baixa;9,0;6,3;42,6;15;30;15;8,57;16,22;🟡 Estoque excessivo;0,0;7680,22;0,0
PC001227;Não informado;B;Baixa;134,0;329,3;12,2;20;40;15;29,9;12,17;🚨 RUPTURA IMINENTE;305,0;236,64;72203,86
PC005847;Não informado;B;Baixa;39,0;22,3;52,5;20;40;15;6,95;12,17;🟡 Estoque excessivo;0,0;2612,36;0,0
PC003316;Não informado;B;Baixa;9,0;5,5;49,2;20;40;15;7,42;12,17;🟡 Estoque excessivo;0,0;7595,06;0,0
PC007595;Não informado;B;Baixa;61,0;47,5;38,5;20;40;15;9,47;12,17;🟢 OK;0,0;943,59;0,0
PC006996;Não informado;B;Baixa;16,0;9,6;50,0;20;40;15;7,3;12,17;🟡 Estoque excessivo;0,0;3566,18;0,0
PC001386;Não informado;B;Baixa;160,0;66,3;72,4;20;40;15;5,04;12,17;🟡 Estoque excessivo;0,0;750,4;0,0
PC000193;Não informado;B;Baixa;54,0;44,9;36,0;20;40;15;10,13;12,17;🟢 OK;0,0;1952,45;0,0
PC001179;Não informado;B;Baixa;62,0;41,6;44,7;20;40;15;8,16;12,17;🟡 Estoque excessivo;0,0;1096,76;0,0
PC004491;Não informado;B;Baixa;167,0;59,4;84,3;20;40;15;4,33;12,17;🟡 Estoque excessivo;0,0;662,38;0,0
PC002791;Não informado;B;Baixa;131,0;73,4;53,6;20;40;15;6,82;12,17;🟡 Estoque excessivo;0,0;747,91;0,0
PC008456;Não informado;B;Baixa;21,0;27,4;23,0;20;40;15;15,85;12,17;🟢 OK;0,0;1677,89;0,0
PC001282;Não informado;B;Baixa;25,0;8,1;92,8;20;40;15;3,94;12,17;🟡 Estoque excessivo;0,0;4925,79;0,0
PC004753;Não informado;B;Baixa;6,0;11,6;15,6;20;40;15;23,44;12,17;🔴 Comprar agora;9,0;3646,08;34318,97
PC000007;Não informado;B;Baixa;7,0;10,6;19,8;20;40;15;18,4;12,17;🔴 Comprar agora;7,0;5705,8;40586,54
PC001105;Não informado;B;Baixa;13,0;10,3;38,0;20;40;15;9,61;12,17;🟢 OK;0,0;3606,4;0,0
PC004343;Não informado;B;Baixa;129,0;97,8;39,6;20;40;15;9,22;12,17;🟢 OK;0,0;945,84;0,0
PC007150;Não informado;B;Baixa;29,0;42,0;20,7;20;40;15;17,64;12,17;🟢 OK;0,0;1600,42;0,0
PC001476;Não informado;B;Baixa;26,0;12,4;63,1;20;40;15;5,78;12,17;🟡 Estoque excessivo;0,0;6871,87;0,0
PC004270;Não informado;B;Baixa;90,0;26,4;102,2;20;40;15;3,57;12,17;🟡 Estoque excessivo;0,0;1317,54;0,0
PC003864;Não informado;B;Baixa;24,0;18,4;39,1;20;40;15;9,34;12,17;🟢 OK;0,0;2253,05;0,0
PC009388;Não informado;B;Média;95,0;104,5;27,3;20;40;15;13,38;12,17;🟢 OK;0,0;566,02;0,0
PC005071;Não informado;B;Baixa;41,0;42,6;28,9;20;40;15;12,65;12,17;🟢 OK;0,0;857,04;0,0
PC004014;Não informado;B;Baixa;48,0;68,6;21,0;20;40;15;17,38;12,17;🟢 OK;0,0;1504,86;0,0
PC009177;Não informado;B;Baixa;26,0;9,4;83,3;20;40;15;4,38;12,17;🟡 Estoque excessivo;0,0;4290,52;0,0
PC005005;Não informado;B;Baixa;13,0;9,3;41,9;20;40;15;8,72;12,17;🟡 Estoque excessivo;0,0;4564,69;0,0
PC000991;Não informado;B;Baixa;223,0;82,6;81,0;20;40;15;4,5;12,17;🟡 Estoque excessivo;0,0;669,07;0,0
PC002804;Não informado;B;Baixa;11,0;22,9;14,4;20;40;15;25,29;12,17;🚨 RUPTURA IMINENTE;19,0;3174,22;61836,83
PC009559;Não informado;B;Baixa;35,0;27,8;37,8;20;40;15;9,65;12,17;🟢 OK;0,0;1745,58;0,0
PC007851;Não informado;B;Baixa;89,0;61,6;43,4;20;40;15;8,42;12,17;🟡 Estoque excessivo;0,0;617,68;0,0
PC004893;Não informado;B;Baixa;602,0;187,7;96,2;20;40;15;3,79;12,17;🟡 Estoque excessivo;0,0;211,23;0,0
PC006459;Não informado;B;Baixa;29,0;47,4;18,4;20;40;15;19,89;12,17;🔴 Comprar agora;34,0;1114,24;38123,59
PC006255;Não informado;B;Baixa;51,0;15,8;96,6;20;40;15;3,78;12,17;🟡 Estoque excessivo;0,0;2802,89;0,0
PC006807;Não informado;B;Baixa;55,0;21,8;75,6;20;40;15;4,83;12,17;🟡 Estoque excessivo;0,0;2250,43;0,0
PC007301;Não informado;B;Baixa;48,0;41,2;34,9;20;40;15;10,45;12,17;🟢 OK;0,0;1432,31;0,0
PC001104;Não informado;B;Baixa;63,0;48,0;39,4;20;40;15;9,27;12,17;🟢 OK;0,0;962,56;0,0
PC002732;Não informado;B;Baixa;129,0;99,7;38,8;20;40;15;9,4;12,17;🟢 OK;0,0;742,1;0,0
PC007823;Não informado;B;Baixa;78,0;39,1;59,8;20;40;15;6,1;12,17;🟡 Estoque excessivo;0,0;1048,44;0,0
PC004052;Não informado;B;Baixa;33,0;14,2;69,9;20;40;15;5,22;12,17;🟡 Estoque excessivo;0,0;3411,61;0,0
PC005715;Não informado;B;Média;169,0;102,3;49,5;20;40;15;7,37;12,17;🟡 Estoque excessivo;0,0;786,55;0,0
PC005914;Não informado;B;Baixa;47,0;19,9;71,0;20;40;15;5,14;12,17;🟡 Estoque excessivo;0,0;2316,44;0,0
PC004589;Não informado;B;Baixa;17,0;8,6;59,4;20;40;15;6,15;12,17;🟡 Estoque excessivo;0,0;5445,41;0,0
PC000322;Não informado;B;Baixa;104,0;35,7;87,3;20;40;15;4,18;12,17;🟡 Estoque excessivo;0,0;1056,95;0,0
PC004369;Não informado;B;Baixa;42,0;17,1;73,5;20;40;15;4,97;12,17;🟡 Estoque excessivo;0,0;2311,87;0,0
PC009396;Não informado;B;Baixa;11,0;31,7;10,4;20;40;15;35,09;12,17;🚨 RUPTURA IMINENTE;31,0;2783,59;87127,75
PC006654;Não informado;B;Baixa;26,0;23,3;33,4;20;40;15;10,92;12,17;🟢 OK;0,0;2879,54;0,0
PC001720;Não informado;B;Baixa;172,0;98,9;52,2;20;40;15;7,0;12,17;🟡 Estoque excessivo;0,0;412,17;0,0
PC007860;Não informado;B;Baixa;17,0;10,3;49,5;20;40;15;7,37;12,17;🟡 Estoque excessivo;0,0;6006,84;0,0
PC002640;Não informado;B;Baixa;23,0;31,9;21,6;20;40;15;16,87;12,17;🟢 OK;0,0;1477,85;0,0
PC008625;Não informado;B;Baixa;344,0;129,2;79,9;20;40;15;4,57;12,17;🟡 Estoque excessivo;0,0;270,43;0,0
PC004512;Não informado;B;Baixa;172,0;87,9;58,7;20;40;15;6,22;12,17;🟡 Estoque excessivo;0,0;937,3;0,0
PC004881;Não informado;B;Baixa;44,0;14,0;94,4;20;40;15;3,87;12,17;🟡 Estoque excessivo;0,0;4306,61;0,0
PC006391;Não informado;B;Baixa;40,0;63,1;19,0;20;40;15;19,19;12,17;🔴 Comprar agora;44,0;988,63;43624,52
PC007786;Não informado;B;Baixa;105,0;71,8;43,9;20;40;15;8,32;12,17;🟡 Estoque excessivo;0,0;631,02;0,0
PC000148;Não informado;B;Baixa;20,0;15,1;39,8;20;40;15;9,16;12,17;🟢 OK;0,0;3375,83;0,0
PC003968;Não informado;B;Baixa;214,0;125,1;51,3;20;40;15;7,11;12,17;🟡 Estoque excessivo;0,0;409,87;0,0
PC005755;Não informado;B;Baixa;31,0;16,2;57,3;20;40;15;6,37;12,17;🟡 Estoque excessivo;0,0;2199,62;0,0
PC009752;Não informado;B;Baixa;10,0;31,9;9,4;20;40;15;38,79;12,17;🚨 RUPTURA IMINENTE;33,0;4932,92;160376,28
PC004533;Não informado;B;Baixa;94,0;73,5;38,4;20;40;15;9,52;12,17;🟢 OK;0,0;1107,66;0,0
PC001975;Não informado;B;Baixa;89,0;88,3;30,2;20;40;15;12,08;12,17;🟢 OK;0,0;476,0;0,0
PC006018;Não informado;B;Baixa;30,0;11,0;81,8;20;40;15;4,46;12,17;🟡 Estoque excessivo;0,0;4359,82;0,0
PC008768;Não informado;B;Baixa;179,0;135,8;39,5;20;40;15;9,23;12,17;🟢 OK;0,0;504,63;0,0
PC008193;Não informado;B;Média;41,0;33,9;36,3;20;40;15;10,06;12,17;🟢 OK;0,0;1976,45;0,0
PC009413;Não informado;B;Baixa;29,0;17,1;50,8;20;40;15;7,19;12,17;🟡 Estoque excessivo;0,0;2642,01;0,0
PC002119;Não informado;B;Baixa;29,0;33,4;26,1;20;40;15;14,0;12,17;🟢 OK;0,0;1146,61;0,0
PC008282;Não informado;B;Baixa;24,0;8,4;85,5;20;40;15;4,27;12,17;🟡 Estoque excessivo;0,0;4769,09;0,0
PC002577;Não informado;B;Baixa;32,0;17,1;56,0;20;40;15;6,52;12,17;🟡 Estoque excessivo;0,0;2878,4;0,0
PC006494;Não informado;B;Baixa;62,0;50,1;37,1;20;40;15;9,84;12,17;🟢 OK;0,0;739,0;0,0
PC002648;Não informado;B;Baixa;5,0;7,3;20,7;20;40;15;17,66;12,17;🟢 OK;0,0;7055,6;0,0
PC009982;Não informado;B;Baixa;11,0;8,9;36,9;20;40;15;9,88;12,17;🟢 OK;0,0;4233,37;0,0
PC001729;Não informado;B;Baixa;8,0;9,4;25,6;20;40;15;14,28;12,17;🟢 OK;0,0;5410,78;0,0
PC004580;Não informado;B;Baixa;147,0;60,4;73,0;20;40;15;5,0;12,17;🟡 Estoque excessivo;0,0;801,3;0,0
PC001285;Não informado;B;Baixa;68,0;25,5;80,0;20;40;15;4,56;12,17;🟡 Estoque excessivo;0,0;1400,73;0,0
PC004567;Não informado;B;Baixa;20,0;46,7;12,8;20;40;15;28,43;12,17;🚨 RUPTURA IMINENTE;42,0;1485,92;62872,71
PC008712;Não informado;B;Baixa;46,0;25,6;53,8;20;40;15;6,78;12,17;🟡 Estoque excessivo;0,0;1823,08;0,0
PC001311;Não informado;B;Baixa;48,0;29,8;48,4;20;40;15;7,54;12,17;🟡 Estoque excessivo;0,0;1479,76;0,0
PC006279;Não informado;B;Baixa;13,0;14,2;27,5;20;40;15;13,29;12,17;🟢 OK;0,0;2959,16;0,0
PC000724;Não informado;B;Baixa;13,0;19,2;20,3;20;40;15;17,94;12,17;🟢 OK;0,0;1795,46;0,0
PC000397;Não informado;B;Baixa;9,0;10,3;26,3;20;40;15;13,87;12,17;🟢 OK;0,0;3847,49;0,0
PC005314;Não informado;B;Baixa;23,0;10,1;68,6;20;40;15;5,32;12,17;🟡 Estoque excessivo;0,0;3761,75;0,0
PC004443;Não informado;B;Baixa;69,0;43,4;47,7;20;40;15;7,65;12,17;🟡 Estoque excessivo;0,0;1393,87;0,0
PC006365;Não informado;B;Baixa;154,0;132,0;35,0;20;40;15;10,43;12,17;🟢 OK;0,0;350,23;0,0
PC000741;Não informado;B;Baixa;38,0;36,5;31,2;20;40;15;11,69;12,17;🟢 OK;0,0;1129,03;0,0
PC002686;Não informado;B;Baixa;28,0;17,0;49,3;20;40;15;7,4;12,17;🟡 Estoque excessivo;0,0;4501,26;0,0
PC008544;Não informado;B;Baixa;262,0;81,0;97,1;20;40;15;3,76;12,17;🟡 Estoque excessivo;0,0;717,19;0,0
PC008789;Não informado;B;Baixa;28,0;44,1;19,0;20;40;15;19,18;12,17;🔴 Comprar agora;31,0;699,52;21581,02
PC004027;Não informado;B;Baixa;26,0;23,2;33,7;20;40;15;10,84;12,17;🟢 OK;0,0;2261,99;0,0
PC001262;Não informado;B;Baixa;33,0;62,6;15,8;20;40;15;23,09;12,17;🔴 Comprar agora;51,0;1070,57;54082,7
PC007193;Não informado;B;Média;25,0;20,0;37,6;20;40;15;9,72;12,17;🟢 OK;0,0;3304,57;0,0
PC008494;Não informado;B;Baixa;101,0;65,9;46,0;20;40;15;7,94;12,17;🟡 Estoque excessivo;0,0;677,79;0,0
PC003572;Não informado;B;Baixa;30,0;13,2;68,1;20;40;15;5,36;12,17;🟡 Estoque excessivo;0,0;2783,69;0,0
PC009282;Não informado;B;Baixa;154,0;321,1;14,4;20;40;15;25,37;12,17;🚨 RUPTURA IMINENTE;274,0;569,33;156100,96
PC006210;Não informado;B;Baixa;11,0;9,3;35,4;20;40;15;10,31;12,17;🟢 OK;0,0;4112,87;0,0
PC004987;Não informado;B;Baixa;98,0;33,6;87,5;20;40;15;4,17;12,17;🟡 Estoque excessivo;0,0;1241,75;0,0
PC005764;Não informado;B;Baixa;133,0;45,3;88,1;20;40;15;4,14;12,17;🟡 Estoque excessivo;0,0;1185,78;0,0
PC002639;Não informado;B;Baixa;78,0;42,7;54,8;20;40;15;6,66;12,17;🟡 Estoque excessivo;0,0;988,26;0,0
PC008288;Não informado;B;Baixa;139,0;63,8;65,3;20;40;15;5,59;12,17;🟡 Estoque excessivo;0,0;605,9;0,0
PC004283;Não informado;B;Baixa;61,0;16,6;110,2;20;40;15;3,31;12,17;🟡 Estoque excessivo;0,0;2589,01;0,0
PC000408;Não informado;B;Baixa;62,0;23,5;79,3;20;40;15;4,6;12,17;🟡 Estoque excessivo;0,0;2066,82;0,0
PC005593;Não informado;B;Baixa;30,0;22,9;39,3;20;40;15;9,29;12,17;🟢 OK;0,0;1545,87;0,0
PC004237;Não informado;B;Baixa;7,0;6,0;35,0;20;40;15;10,42;12,17;🟢 OK;0,0;6479,57;0,0
PC002407;Não informado;B;Baixa;71,0;39,8;53,5;20;40;15;6,82;12,17;🟡 Estoque excessivo;0,0;996,7;0,0
PC006531;Não informado;B;Baixa;236,0;112,2;63,1;20;40;15;5,79;12,17;🟡 Estoque excessivo;0,0;308,4;0,0
PC005815;Não informado;B;Baixa;46,0;57,4;24,1;20;40;15;15,18;12,17;🟢 OK;0,0;1097,63;0,0
PC005488;Não informado;B;Baixa;36,0;43,0;25,1;20;40;15;14,52;12,17;🟢 OK;0,0;772,92;0,0
PC004744;Não informado;B;Baixa;62,0;40,3;46,2;20;40;15;7,9;12,17;🟡 Estoque excessivo;0,0;1216,19;0,0
PC004167;Não informado;B;Baixa;15,0;9,2;48,8;20;40;15;7,49;12,17;🟡 Estoque excessivo;0,0;4676,98;0,0
PC006946;Não informado;B;Baixa;198,0;71,5;83,1;20;40;15;4,39;12,17;🟡 Estoque excessivo;0,0;580,48;0,0
PC000789;Não informado;B;Baixa;68,0;72,2;28,2;20;40;15;12,92;12,17;🟢 OK;0,0;798,97;0,0
PC007723;Não informado;B;Baixa;93,0;36,9;75,6;20;40;15;4,83;12,17;🟡 Estoque excessivo;0,0;920,53;0,0
PC004796;Não informado;B;Baixa;13,0;12,4;31,5;20;40;15;11,57;12,17;🟢 OK;0,0;5642,16;0,0
PC004077;Não informado;B;Média;5,0;13,9;10,8;20;40;15;33,75;12,17;🚨 RUPTURA IMINENTE;13,0;5390,02;72715,88
PC003839;Não informado;B;Baixa;52,0;42,3;36,9;20;40;15;9,89;12,17;🟢 OK;0,0;1033,1;0,0
PC005410;Não informado;B;Baixa;89,0;70,8;37,7;20;40;15;9,67;12,17;🟢 OK;0,0;856,93;0,0
PC005656;Não informado;B;Baixa;16,0;7,9;60,9;20;40;15;5,99;12,17;🟡 Estoque excessivo;0,0;5173,06;0,0
PC007048;Não informado;B;Baixa;77,0;24,4;94,7;20;40;15;3,85;12,17;🟡 Estoque excessivo;0,0;1931,8;0,0
PC006550;Não informado;B;Baixa;58,0;52,3;33,3;20;40;15;10,97;12,17;🟢 OK;0,0;769,88;0,0
PC008226;Não informado;B;Baixa;151,0;47,9;94,7;20;40;15;3,86;12,17;🟡 Estoque excessivo;0,0;819,06;0,0
PC008880;Não informado;B;Baixa;214,0;95,4;67,3;20;40;15;5,42;12,17;🟡 Estoque excessivo;0,0;493,21;0,0
PC003248;Não informado;B;Baixa;125,0;90,8;41,3;20;40;15;8,84;12,17;🟡 Estoque excessivo;0,0;762,09;0,0
PC004155;Não informado;B;Baixa;51,0;16,2;94,4;20;40;15;3,87;12,17;🟡 Estoque excessivo;0,0;2703,92;0,0
PC008440;Não informado;B;Baixa;59,0;39,2;45,2;20;40;15;8,08;12,17;🟡 Estoque excessivo;0,0;843,99;0,0
PC009544;Não informado;B;Baixa;21,0;22,0;28,7;20;40;15;12,72;12,17;🟢 OK;0,0;1665,46;0,0
PC000791;Não informado;B;Baixa;14,0;17,1;24,5;20;40;15;14,89;12,17;🟢 OK;0,0;2594,88;0,0
PC006182;Não informado;B;Baixa;103,0;47,0;65,7;20;40;15;5,55;12,17;🟡 Estoque excessivo;0,0;1030,56;0,0
PC007634;Não informado;B;Baixa;77,0;52,0;44,5;20;40;15;8,21;12,17;🟡 Estoque excessivo;0,0;769,02;0,0
PC006660;Não informado;B;Baixa;132,0;46,7;84,8;20;40;15;4,31;12,17;🟡 Estoque excessivo;0,0;1076,4;0,0
PC002925;Não informado;B;Baixa;6,0;11,6;15,5;20;40;15;23,56;12,17;🔴 Comprar agora;9,0;3075,95;29194,15
PC000665;Não informado;B;Baixa;38,0;17,2;66,1;20;40;15;5,52;12,17;🟡 Estoque excessivo;0,0;2279,64;0,0
PC007021;Não informado;B;Baixa;28,0;12,1;69,6;20;40;15;5,25;12,17;🟡 Estoque excessivo;0,0;3073,57;0,0
PC000581;Não informado;B;Baixa;50,0;50,5;29,7;20;40;15;12,28;12,17;🟢 OK;0,0;3073,78;0,0
PC002735;Não informado;B;Baixa;145,0;44,4;98,0;20;40;15;3,72;12,17;🟡 Estoque excessivo;0,0;927,23;0,0
PC001544;Não informado;B;Baixa;306,0;197,9;46,4;20;40;15;7,87;12,17;🟡 Estoque excessivo;0,0;208,48;0,0
PC009453;Não informado;B;Baixa;5,0;8,3;18,2;20;40;15;20,09;12,17;🔴 Comprar agora;6,0;5304,96;31878,38
PC005138;Não informado;B;Média;69,0;54,7;37,8;20;40;15;9,65;12,17;🟢 OK;0,0;1233,78;0,0
PC009945;Não informado;B;Baixa;17,0;35,5;14,4;20;40;15;25,4;12,17;🚨 RUPTURA IMINENTE;30,0;3986,34;120899,16
PC005388;Não informado;B;Baixa;522,0;184,5;84,9;20;40;15;4,3;12,17;🟡 Estoque excessivo;0,0;183,98;0,0
PC003563;Não informado;B;Baixa;28,0;19,7;42,7;20;40;15;8,56;12,17;🟡 Estoque excessivo;0,0;1630,97;0,0
PC000153;Não informado;B;Baixa;7,0;23,0;9,1;20;40;15;39,92;12,17;🚨 RUPTURA IMINENTE;24,0;4978,03;117595,85
PC007076;Não informado;B;Baixa;344,0;97,7;105,6;20;40;15;3,46;12,17;🟡 Estoque excessivo;0,0;309,12;0,0
PC006932;Não informado;B;Baixa;61,0;47,3;38,7;20;40;15;9,43;12,17;🟢 OK;0,0;1264,87;0,0
PC006885;Não informado;B;Baixa;46,0;14,2;97,5;20;40;15;3,75;12,17;🟡 Estoque excessivo;0,0;2866,47;0,0
PC008064;Não informado;B;Baixa;123,0;171,5;21,5;20;40;15;16,97;12,17;🟢 OK;0,0;400,08;0,0
PC001485;Não informado;B;Baixa;21,0;7,9;79,4;20;40;15;4,6;12,17;🟡 Estoque excessivo;0,0;4195,44;0,0
PC007554;Não informado;B;Baixa;38,0;19,1;59,8;20;40;15;6,1;12,17;🟡 Estoque excessivo;0,0;2749,87;0,0
PC000346;Não informado;B;Baixa;158,0;62,2;76,2;20;40;15;4,79;12,17;🟡 Estoque excessivo;0,0;681,99;0,0
PC006681;Não informado;B;Baixa;16,0;7,3;66,2;20;40;15;5,52;12,17;🟡 Estoque excessivo;0,0;5810,16;0,0
PC001352;Não informado;B;Baixa;99,0;55,4;53,6;20;40;15;6,81;12,17;🟡 Estoque excessivo;0,0;1340,04;0,0
PC006767;Não informado;B;Baixa;18,0;7,8;69,5;20;40;15;5,25;12,17;🟡 Estoque excessivo;0,0;5925,74;0,0
PC003239;Não informado;B;Baixa;100,0;38,8;77,3;20;40;15;4,72;12,17;🟡 Estoque excessivo;0,0;1027,68;0,0
PC005244;Não informado;B;Baixa;37,0;18,5;60,1;20;40;15;6,08;12,17;🟡 Estoque excessivo;0,0;3886,48;0,0
PC000461;Não informado;B;Baixa;23,0;31,3;22,1;20;40;15;16,54;12,17;🟢 OK;0,0;1113,34;0,0
PC005329;Não informado;B;Baixa;34,0;16,4;62,3;20;40;15;5,85;12,17;🟡 Estoque excessivo;0,0;3057,13;0,0
PC009020;Não informado;B;Baixa;15,0;6,7;67,6;20;40;15;5,4;12,17;🟡 Estoque excessivo;0,0;5599,51;0,0
PC004795;Não informado;B;Baixa;119,0;82,9;43,1;20;40;15;8,48;12,17;🟡 Estoque excessivo;0,0;410,66;0,0
PC002778;Não informado;B;Baixa;52,0;61,6;25,3;20;40;15;14,41;12,17;🟢 OK;0,0;1153,34;0,0
PC008167;Não informado;B;Baixa;103,0;89,4;34,5;20;40;15;10,57;12,17;🟢 OK;0,0;472,42;0,0
PC000584;Não informado;B;Baixa;97,0;56,7;51,3;20;40;15;7,11;12,17;🟡 Estoque excessivo;0,0;763,8;0,0
PC005372;Não informado;B;Baixa;8,0;14,6;16,5;20;40;15;22,18;12,17;🔴 Comprar agora;11,0;4097,34;46885,63
PC007514;Não informado;B;Baixa;13,0;17,9;21,8;20;40;15;16,71;12,17;🟢 OK;0,0;3035,91;0,0
PC008263;Não informado;B;Baixa;27,0;16,5;49,0;20;40;15;7,45;12,17;🟡 Estoque excessivo;0,0;2680,9;0,0
PC006477;Não informado;B;Baixa;42,0;13,8;91,0;20;40;15;4,01;12,17;🟡 Estoque excessivo;0,0;2496,36;0,0
PC000419;Não informado;B;Baixa;30,0;39,3;22,9;20;40;15;15,92;12,17;🟢 OK;0,0;1142,8;0,0
PC004126;Não informado;B;Baixa;88,0;53,1;49,7;20;40;15;7,34;12,17;🟡 Estoque excessivo;0,0;862,31;0,0
PC003151;Não informado;B;Baixa;51,0;66,6;23,0;20;40;15;15,9;12,17;🟢 OK;0,0;695,72;0,0
PC003580;Não informado;B;Baixa;20,0;7,5;80,3;20;40;15;4,55;12,17;🟡 Estoque excessivo;0,0;4168,65;0,0
PC007832;Não informado;B;Baixa;48,0;36,5;39,5;20;40;15;9,24;12,17;🟢 OK;0,0;1834,3;0,0
PC002932;Não informado;B;Baixa;27,0;9,3;87,1;20;40;15;4,19;12,17;🟡 Estoque excessivo;0,0;3747,97;0,0
PC008724;Não informado;B;Baixa;29,0;9,9;87,7;20;40;15;4,16;12,17;🟡 Estoque excessivo;0,0;4061,62;0,0
PC006554;Não informado;B;Baixa;17,0;29,8;17,1;20;40;15;21,31;12,17;🔴 Comprar agora;23,0;5487,24;124553,95
PC004759;Não informado;B;Baixa;60,0;24,5;73,3;20;40;15;4,98;12,17;🟡 Estoque excessivo;0,0;1552,75;0,0
PC004656;Não informado;B;Baixa;77,0;48,7;47,5;20;40;15;7,69;12,17;🟡 Estoque excessivo;0,0;650,78;0,0
PC002176;Não informado;B;Baixa;141,0;53,1;79,7;20;40;15;4,58;12,17;🟡 Estoque excessivo;0,0;872,17;0,0
PC003972;Não informado;B;Baixa;52,0;21,9;71,2;20;40;15;5,13;12,17;🟡 Estoque excessivo;0,0;2064,1;0,0
PC006619;Não informado;B;Baixa;51,0;24,2;63,2;20;40;15;5,78;12,17;🟡 Estoque excessivo;0,0;1597,3;0,0
PC004292;Não informado;B;Baixa;22,0;30,3;21,8;20;40;15;16,77;12,17;🟢 OK;0,0;3492,69;0,0
PC005441;Não informado;B;Baixa;19,0;11,2;51,0;20;40;15;7,16;12,17;🟡 Estoque excessivo;0,0;4019,54;0,0
PC004140;Não informado;B;Baixa;83,0;35,5;70,2;20;40;15;5,2;12,17;🟡 Estoque excessivo;0,0;772,79;0,0
PC007873;Não informado;B;Baixa;19,0;24,3;23,5;20;40;15;15,55;12,17;🟢 OK;0,0;5008,3;0,0
PC005563;Não informado;B;Baixa;16,0;24,5;19,6;20;40;15;18,63;12,17;🔴 Comprar agora;17,0;1612,47;26870,0
PC002712;Não informado;B;Baixa;5,0;6,2;24,0;20;40;15;15,2;12,17;🟢 OK;0,0;5188,37;0,0
PC008879;Não informado;B;Baixa;20,0;19,9;30,1;20;40;15;12,12;12,17;🟢 OK;0,0;2016,52;0,0
PC007789;Não informado;B;Baixa;14,0;11,3;37,3;20;40;15;9,79;12,17;🟢 OK;0,0;3732,64;0,0
PC007751;Não informado;B;Baixa;12,0;7,1;50,8;20;40;15;7,19;12,17;🟡 Estoque excessivo;0,0;5224,25;0,0
PC006405;Não informado;B;Baixa;20,0;24,1;24,9;20;40;15;14,65;12,17;🟢 OK;0,0;1923,94;0,0
PC002264;Não informado;B;Baixa;6,0;10,3;17,5;20;40;15;20,91;12,17;🔴 Comprar agora;8,0;3585,23;27771,25
PC000108;Não informado;B;Baixa;60,0;42,0;42,9;20;40;15;8,51;12,17;🟡 Estoque excessivo;0,0;715,97;0,0
PC009808;Não informado;B;Baixa;49,0;44,6;33,0;20;40;15;11,07;12,17;🟢 OK;0,0;1519,01;0,0
PC008786;Não informado;B;Baixa;805,0;377,5;64,0;20;40;15;5,71;12,17;🟡 Estoque excessivo;0,0;116,53;0,0
PC009470;Não informado;B;Baixa;11,0;13,5;24,5;20;40;15;14,89;12,17;🟢 OK;0,0;3862,39;0,0
PC006200;Não informado;B;Baixa;62,0;97,8;19,0;20;40;15;19,19;12,17;🔴 Comprar agora;68,0;620,9;42463,43
PC007532;Não informado;B;Baixa;122,0;38,9;94,0;20;40;15;3,88;12,17;🟡 Estoque excessivo;0,0;1038,6;0,0
PC001829;Não informado;B;Baixa;34,0;39,8;25,6;20;40;15;14,25;12,17;🟢 OK;0,0;2688,03;0,0
PC008465;Não informado;B;Baixa;36,0;12,7;84,8;20;40;15;4,31;12,17;🟡 Estoque excessivo;0,0;2819,35;0,0
PC004703;Não informado;B;Baixa;43,0;75,6;17,1;20;40;15;21,38;12,17;🔴 Comprar agora;58,0;432,58;24985,16
PC000842;Não informado;B;Baixa;70,0;43,1;48,8;20;40;15;7,48;12,17;🟡 Estoque excessivo;0,0;653,81;0,0
PC007105;Não informado;B;Baixa;20,0;7,0;85,6;20;40;15;4,26;12,17;🟡 Estoque excessivo;0,0;5613,08;0,0
PC001197;Não informado;B;Baixa;19,0;11,3;50,5;20;40;15;7,23;12,17;🟡 Estoque excessivo;0,0;5728,55;0,0
PC001178;Não informado;B;Baixa;85,0;91,6;27,8;20;40;15;13,11;12,17;🟢 OK;0,0;1688,46;0,0
PC009215;Não informado;B;Baixa;95,0;41,9;68,1;20;40;15;5,36;12,17;🟡 Estoque excessivo;0,0;662,4;0,0
PC008843;Não informado;B;Baixa;113,0;47,9;70,8;20;40;15;5,15;12,17;🟡 Estoque excessivo;0,0;900,86;0,0
PC008696;Não informado;B;Baixa;196,0;115,4;51,0;20;40;15;7,16;12,17;🟡 Estoque excessivo;0,0;449,63;0,0
PC002637;Não informado;B;Baixa;24,0;11,0;65,6;20;40;15;5,56;12,17;🟡 Estoque excessivo;0,0;3588,08;0,0
PC009083;Não informado;B;Baixa;11,0;25,6;12,9;20;40;15;28,36;12,17;🚨 RUPTURA IMINENTE;23,0;2567,21;59533,24
PC003871;Não informado;B;Baixa;131,0;36,1;109,0;20;40;15;3,35;12,17;🟡 Estoque excessivo;0,0;965,72;0,0
PC000961;Não informado;B;Baixa;15,0;13,2;34,2;20;40;15;10,67;12,17;🟢 OK;0,0;3511,47;0,0
PC004798;Não informado;B;Baixa;21,0;13,0;48,5;20;40;15;7,53;12,17;🟡 Estoque excessivo;0,0;5567,36;0,0
PC002590;Não informado;B;Baixa;96,0;33,5;86,0;20;40;15;4,25;12,17;🟡 Estoque excessivo;0,0;1237,91;0,0
PC008847;Não informado;B;Baixa;88,0;27,5;95,9;20;40;15;3,81;12,17;🟡 Estoque excessivo;0,0;1408,6;0,0
PC007694;Não informado;B;Baixa;75,0;29,0;77,5;20;40;15;4,71;12,17;🟡 Estoque excessivo;0,0;1431,16;0,0
PC000146;Não informado;B;Baixa;52,0;39,0;40,0;20;40;15;9,11;12,17;🟡 Estoque excessivo;0,0;845,29;0,0
PC007008;Não informado;B;Média;173,0;184,4;28,1;20;40;15;12,97;12,17;🟢 OK;0,0;358,36;0,0
PC002299;Não informado;B;Baixa;42,0;30,7;41,1;20;40;15;8,88;12,17;🟡 Estoque excessivo;0,0;1392,03;0,0
PC000781;Não informado;B;Baixa;3,0;18,3;4,9;20;40;15;74,14;12,17;🚨 RUPTURA IMINENTE;21,0;5209,05;111340,31
PC000350;Não informado;B;Baixa;208,0;121,7;51,3;20;40;15;7,12;12,17;🟡 Estoque excessivo;0,0;349,72;0,0
PC002896;Não informado;B;Média;94,0;49,5;57,0;20;40;15;6,4;12,17;🟡 Estoque excessivo;0,0;1445,56;0,0
PC007924;Não informado;B;Baixa;30,0;11,4;78,7;20;40;15;4,64;12,17;🟡 Estoque excessivo;0,0;2784,26;0,0
PC009517;Não informado;B;Baixa;25,0;7,7;97,3;20;40;15;3,75;12,17;🟡 Estoque excessivo;0,0;5077,17;0,0
PC007562;Não informado;B;Baixa;99,0;29,9;99,5;20;40;15;3,67;12,17;🟡 Estoque excessivo;0,0;1212,38;0,0
PC008148;Não informado;B;Baixa;38,0;11,0;103,7;20;40;15;3,52;12,17;🟡 Estoque excessivo;0,0;3607,64;0,0
PC000855;Não informado;B;Baixa;73,0;40,0;54,7;20;40;15;6,67;12,17;🟡 Estoque excessivo;0,0;847,01;0,0
PC004911;Não informado;B;Baixa;6,0;19,9;9,0;20;40;15;40,41;12,17;🚨 RUPTURA IMINENTE;21,0;6774,85;139369,99
PC002464;Não informado;B;Baixa;51,0;38,6;39,7;20;40;15;9,2;12,17;🟢 OK;0,0;854,4;0,0
PC002369;Não informado;B;Baixa;18,0;11,1;48,5;20;40;15;7,53;12,17;🟡 Estoque excessivo;0,0;3286,84;0,0
PC009495;Não informado;B;Baixa;36,0;19,9;54,3;20;40;15;6,72;12,17;🟡 Estoque excessivo;0,0;2899,14;0,0
PC008678;Não informado;B;Baixa;151,0;86,5;52,3;20;40;15;6,97;12,17;🟡 Estoque excessivo;0,0;431,31;0,0
PC001278;Não informado;B;Baixa;23,0;57,9;11,9;20;40;15;30,61;12,17;🚨 RUPTURA IMINENTE;54,0;3573,29;193475,35
PC005261;Não informado;B;Baixa;108,0;43,1;75,1;20;40;15;4,86;12,17;🟡 Estoque excessivo;0,0;695,58;0,0
PC001532;Não informado;B;Baixa;9,0;5,1;53,2;20;40;15;6,87;12,17;🟡 Estoque excessivo;0,0;7832,89;0,0
PC008165;Não informado;B;Baixa;22,0;27,3;24,2;20;40;15;15,11;12,17;🟢 OK;0,0;1258,18;0,0
PC005402;Não informado;B;Baixa;18,0;26,5;20,4;20;40;15;17,92;12,17;🟢 OK;0,0;5927,99;0,0
PC004498;Não informado;B;Baixa;112,0;54,3;61,8;20;40;15;5,9;12,17;🟡 Estoque excessivo;0,0;938,07;0,0
PC005670;Não informado;B;Baixa;448,0;137,8;97,5;20;40;15;3,74;12,17;🟡 Estoque excessivo;0,0;257,25;0,0
PC008969;Não informado;B;Média;117,0;94,2;37,3;20;40;15;9,8;12,17;🟢 OK;0,0;520,15;0,0
PC002569;Não informado;B;Baixa;81,0;85,2;28,5;20;40;15;12,79;12,17;🟢 OK;0,0;327,55;0,0
PC005369;Não informado;B;Baixa;100,0;65,7;45,7;20;40;15;8,0;12,17;🟡 Estoque excessivo;0,0;814,23;0,0
PC009323;Não informado;B;Baixa;196,0;174,4;33,7;20;40;15;10,83;12,17;🟢 OK;0,0;298,2;0,0
PC004494;Não informado;B;Baixa;598,0;177,6;101,0;20;40;15;3,61;12,17;🟡 Estoque excessivo;0,0;161,36;0,0
PC001199;Não informado;B;Baixa;6,0;10,5;17,2;20;40;15;21,28;12,17;🔴 Comprar agora;8,0;2932,62;23433,64
PC009977;Não informado;B;Baixa;85,0;80,2;31,8;20;40;15;11,49;12,17;🟢 OK;0,0;755,7;0,0
PC004067;Não informado;B;Baixa;68,0;37,0;55,1;20;40;15;6,63;12,17;🟡 Estoque excessivo;0,0;1379,31;0,0
PC009381;Não informado;B;Baixa;26,0;33,5;23,3;20;40;15;15,68;12,17;🟢 OK;0,0;1199,16;0,0
PC003650;Não informado;B;Baixa;3,0;16,1;5,6;20;40;15;65,12;12,17;🚨 RUPTURA IMINENTE;18,0;5464,63;100602,98
PC001489;Não informado;B;Baixa;95,0;33,8;84,2;20;40;15;4,33;12,17;🟡 Estoque excessivo;0,0;1093,49;0,0
PC000729;Não informado;B;Baixa;13,0;6,1;64,0;20;40;15;5,7;12,17;🟡 Estoque excessivo;0,0;6304,57;0,0
PC009345;Não informado;B;Baixa;14,0;8,0;52,3;20;40;15;6,98;12,17;🟡 Estoque excessivo;0,0;4423,14;0,0
PC001799;Não informado;B;Baixa;21,0;30,4;20,7;20;40;15;17,62;12,17;🟢 OK;0,0;1853,23;0,0
PC003717;Não informado;B;Baixa;38,0;26,1;43,6;20;40;15;8,37;12,17;🟡 Estoque excessivo;0,0;2579,93;0,0
PC003947;Não informado;B;Baixa;25,0;29,1;25,7;20;40;15;14,19;12,17;🟢 OK;0,0;1175,05;0,0
PC003098;Não informado;B;Baixa;41,0;41,6;29,6;20;40;15;12,34;12,17;🟢 OK;0,0;2446,04;0,0
PC003722;Não informado;B;Baixa;133,0;46,1;86,5;20;40;15;4,22;12,17;🟡 Estoque excessivo;0,0;752,19;0,0
PC006674;Não informado;B;Baixa;15,0;26,8;16,8;20;40;15;21,72;12,17;🔴 Comprar agora;21,0;1157,42;23971,28
PC004653;Não informado;B;Baixa;82,0;30,0;81,9;20;40;15;4,45;12,17;🟡 Estoque excessivo;0,0;1296,17;0,0
PC001089;Não informado;B;Baixa;71,0;20,5;104,1;20;40;15;3,51;12,17;🟡 Estoque excessivo;0,0;2049,14;0,0
PC007341;Não informado;B;Baixa;11,0;17,2;19,1;20;40;15;19,07;12,17;🔴 Comprar agora;12,0;2737,99;32837,63
PC005155;Não informado;B;Baixa;63,0;39,3;48,1;20;40;15;7,59;12,17;🟡 Estoque excessivo;0,0;1533,48;0,0
PC001025;Não informado;B;Baixa;32,0;23,8;40,4;20;40;15;9,04;12,17;🟡 Estoque excessivo;0,0;2895,92;0,0
PC001086;Não informado;B;Baixa;40,0;31,7;37,9;20;40;15;9,64;12,17;🟢 OK;0,0;1984,89;0,0
PC009297;Não informado;B;Baixa;16,0;14,5;33,1;20;40;15;11,03;12,17;🟢 OK;0,0;3341,17;0,0
PC009556;Não informado;B;Baixa;6,0;40,4;4,5;20;40;15;81,95;12,17;🚨 RUPTURA IMINENTE;48,0;2922,43;139934,37
PC007469;Não informado;B;Baixa;64,0;28,2;68,1;20;40;15;5,36;12,17;🟡 Estoque excessivo;0,0;1324,65;0,0
PC008335;Não informado;B;Baixa;119,0;48,4;73,7;20;40;15;4,95;12,17;🟡 Estoque excessivo;0,0;778,91;0,0
PC004418;Não informado;B;Baixa;35,0;13,6;77,2;20;40;15;4,73;12,17;🟡 Estoque excessivo;0,0;2928,23;0,0
PC004377;Não informado;B;Baixa;7,0;42,7;4,9;20;40;15;74,19;12,17;🚨 RUPTURA IMINENTE;50,0;2343,69;116980,95
PC002975;Não informado;B;Baixa;61,0;22,3;81,9;20;40;15;4,46;12,17;🟡 Estoque excessivo;0,0;1457,57;0,0
PC009031;Não informado;B;Baixa;7,0;7,1;29,6;20;40;15;12,33;12,17;🟢 OK;0,0;3992,38;0,0
PC001672;Não informado;B;Baixa;41,0;19,2;63,9;20;40;15;5,71;12,17;🟡 Estoque excessivo;0,0;1371,43;0,0
PC002159;Não informado;B;Baixa;21,0;11,1;56,7;20;40;15;6,44;12,17;🟡 Estoque excessivo;0,0;4904,22;0,0
PC008798;Não informado;B;Baixa;46,0;63,6;21,7;20;40;15;16,83;12,17;🟢 OK;0,0;525,29;0,0
PC004168;Não informado;B;Média;38,0;37,7;30,3;20;40;15;12,06;12,17;🟢 OK;0,0;1311,23;0,0
PC009583;Não informado;B;Baixa;63,0;23,7;79,7;20;40;15;4,58;12,17;🟡 Estoque excessivo;0,0;1495,71;0,0
PC008539;Não informado;B;Baixa;35,0;60,9;17,2;20;40;15;21,17;12,17;🔴 Comprar agora;46,0;777,07;35908,48
PC001707;Não informado;B;Baixa;17,0;17,3;29,5;20;40;15;12,39;12,17;🟢 OK;0,0;1472,72;0,0
PC002052;Não informado;B;Baixa;31,0;10,6;87,8;20;40;15;4,16;12,17;🟡 Estoque excessivo;0,0;3818,6;0,0
PC009361;Não informado;B;Baixa;23,0;20,7;33,4;20;40;15;10,94;12,17;🟢 OK;0,0;5919,27;0,0
PC000579;Não informado;B;Baixa;141,0;158,5;26,7;20;40;15;13,68;12,17;🟢 OK;0,0;237,06;0,0
PC000604;Não informado;B;Baixa;134,0;156,9;25,6;20;40;15;14,25;12,17;🟢 OK;0,0;207,43;0,0
PC009671;Não informado;B;Baixa;31,0;18,7;49,7;20;40;15;7,34;12,17;🟡 Estoque excessivo;0,0;1805,65;0,0
PC002373;Não informado;B;Baixa;113,0;275,0;12,3;20;40;15;29,61;12,17;🚨 RUPTURA IMINENTE;254,0;407,15;103302,17
PC008769;Não informado;B;Baixa;11,0;31,4;10,5;20;40;15;34,68;12,17;🚨 RUPTURA IMINENTE;31,0;3891,71;119890,62
PC002448;Não informado;B;Baixa;22,0;67,6;9,8;20;40;15;37,38;12,17;🚨 RUPTURA IMINENTE;68,0;970,12;66076,75
PC007352;Não informado;B;Baixa;85,0;38,3;66,6;20;40;15;5,48;12,17;🟡 Estoque excessivo;0,0;887,72;0,0
PC008815;Não informado;B;Baixa;13,0;15,9;24,5;20;40;15;14,87;12,17;🟢 OK;0,0;2042,25;0,0
PC000537;Não informado;B;Baixa;20,0;39,1;15,3;20;40;15;23,81;12,17;🔴 Comprar agora;32,0;2399,86;77259,04
PC000543;Não informado;B;Baixa;29,0;38,4;22,7;20;40;15;16,1;12,17;🟢 OK;0,0;1568,34;0,0
PC006948;Não informado;B;Baixa;113,0;97,6;34,7;20;40;15;10,51;12,17;🟢 OK;0,0;661,88;0,0
PC003222;Não informado;B;Baixa;469,0;214,0;65,7;20;40;15;5,55;12,17;🟡 Estoque excessivo;0,0;255,25;0,0
PC006410;Não informado;B;Média;87,0;53,1;49,1;20;40;15;7,43;12,17;🟡 Estoque excessivo;0,0;982,23;0,0
PC007743;Não informado;B;Baixa;70,0;53,8;39,0;20;40;15;9,36;12,17;🟢 OK;0,0;886,85;0,0
PC008221;Não informado;B;Baixa;177,0;122,1;43,5;20;40;15;8,39;12,17;🟡 Estoque excessivo;0,0;231,47;0,0
PC000805;Não informado;B;Baixa;30,0;20,3;44,4;20;40;15;8,22;12,17;🟡 Estoque excessivo;0,0;1550,51;0,0
PC000500;Não informado;B;Baixa;12,0;14,5;24,8;20;40;15;14,75;12,17;🟢 OK;0,0;3437,13;0,0
PC004101;Não informado;B;Baixa;56,0;37,2;45,2;20;40;15;8,07;12,17;🟡 Estoque excessivo;0,0;743,61;0,0
PC002411;Não informado;B;Baixa;199,0;144,7;41,3;20;40;15;8,84;12,17;🟡 Estoque excessivo;0,0;310,48;0,0
PC003467;Não informado;B;Baixa;60,0;65,8;27,4;20;40;15;13,34;12,17;🟢 OK;0,0;524,32;0,0
PC006608;Não informado;B;Baixa;65,0;30,6;63,7;20;40;15;5,73;12,17;🟡 Estoque excessivo;0,0;1177,6;0,0
PC005950;Não informado;B;Baixa;23,0;8,7;79,1;20;40;15;4,61;12,17;🟡 Estoque excessivo;0,0;4113,21;0,0
PC001396;Não informado;B;Baixa;16,0;17,1;28,0;20;40;15;13,04;12,17;🟢 OK;0,0;3552,65;0,0
PC001781;Não informado;B;Baixa;42,0;36,2;34,8;20;40;15;10,5;12,17;🟢 OK;0,0;806,68;0,0
PC009604;Não informado;B;Média;13,0;38,9;10,0;20;40;15;36,39;12,17;🚨 RUPTURA IMINENTE;39,0;1255,02;48756,53
PC001863;Não informado;B;Baixa;13,0;28,3;13,8;20;40;15;26,48;12,17;🚨 RUPTURA IMINENTE;25,0;1659,57;41031,53
PC004688;Não informado;B;Baixa;104,0;37,2;83,8;20;40;15;4,36;12,17;🟡 Estoque excessivo;0,0;796,35;0,0
PC007438;Não informado;B;Média;102,0;56,2;54,5;20;40;15;6,7;12,17;🟡 Estoque excessivo;0,0;814,38;0,0
PC005820;Não informado;B;Baixa;18,0;14,2;38,0;20;40;15;9,6;12,17;🟢 OK;0,0;2199,41;0,0
PC007753;Não informado;B;Baixa;46,0;37,5;36,8;20;40;15;9,91;12,17;🟢 OK;0,0;1063,58;0,0
PC004963;Não informado;B;Baixa;76,0;31,4;72,7;20;40;15;5,02;12,17;🟡 Estoque excessivo;0,0;931,93;0,0
PC001955;Não informado;B;Baixa;79,0;106,7;22,2;20;40;15;16,44;12,17;🟢 OK;0,0;525,71;0,0
PC008586;Não informado;B;Baixa;51,0;148,0;10,3;20;40;15;35,31;12,17;🚨 RUPTURA IMINENTE;146,0;802,55;117448,81
PC009635;Não informado;B;Baixa;69,0;36,0;57,5;20;40;15;6,35;12,17;🟡 Estoque excessivo;0,0;1548,24;0,0
PC002329;Não informado;B;Baixa;74,0;23,7;93,7;20;40;15;3,89;12,17;🟡 Estoque excessivo;0,0;1386,08;0,0
PC007212;Não informado;B;Baixa;53,0;49,9;31,9;20;40;15;11,45;12,17;🟢 OK;0,0;928,48;0,0
PC006214;Não informado;B;Baixa;123,0;46,2;79,9;20;40;15;4,57;12,17;🟡 Estoque excessivo;0,0;728,35;0,0
PC008774;Não informado;B;Baixa;70,0;36,7;57,2;20;40;15;6,38;12,17;🟡 Estoque excessivo;0,0;773,56;0,0
PC003332;Não informado;B;Baixa;12,0;6,5;55,0;20;40;15;6,63;12,17;🟡 Estoque excessivo;0,0;6596,04;0,0
PC008540;Não informado;B;Baixa;88,0;110,3;23,9;20;40;15;15,24;12,17;🟢 OK;0,0;359,58;0,0
PC007321;Não informado;B;Baixa;55,0;17,0;97,1;20;40;15;3,76;12,17;🟡 Estoque excessivo;0,0;2115,88;0,0
PC000351;Não informado;B;Baixa;56,0;52,0;32,3;20;40;15;11,31;12,17;🟢 OK;0,0;557,32;0,0
PC009220;Não informado;B;Baixa;47,0;16,3;86,3;20;40;15;4,23;12,17;🟡 Estoque excessivo;0,0;2139,72;0,0
PC002902;Não informado;B;Baixa;128,0;55,5;69,2;20;40;15;5,27;12,17;🟡 Estoque excessivo;0,0;545,27;0,0
PC002824;Não informado;B;Baixa;38,0;39,4;29,0;20;40;15;12,6;12,17;🟢 OK;0,0;1116,41;0,0
PC002308;Não informado;B;Baixa;8,0;8,0;30,1;20;40;15;12,13;12,17;🟢 OK;0,0;6370,49;0,0
PC007192;Não informado;B;Baixa;8,0;7,6;31,6;20;40;15;11,54;12,17;🟢 OK;0,0;3422,46;0,0
PC008992;Não informado;B;Baixa;121,0;60,1;60,4;20;40;15;6,04;12,17;🟡 Estoque excessivo;0,0;1076,5;0,0
PC007704;Não informado;B;Baixa;9,0;17,8;15,1;20;40;15;24,11;12,17;🔴 Comprar agora;15,0;5187,08;76654,23
PC005767;Não informado;B;Baixa;43,0;15,5;83,4;20;40;15;4,38;12,17;🟡 Estoque excessivo;0,0;2681,5;0,0
PC006597;Não informado;B;Baixa;91,0;161,9;16,9;20;40;15;21,65;12,17;🔴 Comprar agora;125,0;972,59;121472,99
PC008372;Não informado;B;Média;15,0;20,5;22,0;20;40;15;16,62;12,17;🟢 OK;0,0;2505,61;0,0
PC005508;Não informado;B;Baixa;22,0;8,1;82,0;20;40;15;4,45;12,17;🟡 Estoque excessivo;0,0;3858,47;0,0
PC009489;Não informado;B;Baixa;29,0;17,7;49,2;20;40;15;7,42;12,17;🟡 Estoque excessivo;0,0;3221,58;0,0
PC003811;Não informado;B;Baixa;40,0;20,6;58,2;20;40;15;6,27;12,17;🟡 Estoque excessivo;0,0;1595,14;0,0
PC001805;Não informado;B;Baixa;46,0;16,3;84,9;20;40;15;4,3;12,17;🟡 Estoque excessivo;0,0;1976,12;0,0
PC003213;Não informado;B;Baixa;12,0;7,4;48,4;20;40;15;7,54;12,17;🟡 Estoque excessivo;0,0;3860,7;0,0
PC006559;Não informado;B;Baixa;61,0;69,6;26,3;20;40;15;13,88;12,17;🟢 OK;0,0;654,09;0,0
PC006437;Não informado;B;Baixa;8,0;13,4;17,9;20;40;15;20,44;12,17;🔴 Comprar agora;10,0;2692,24;26709,6
PC002458;Não informado;B;Baixa;15,0;5,5;81,9;20;40;15;4,46;12,17;🟡 Estoque excessivo;0,0;5655,52;0,0
PC004955;Não informado;B;Baixa;32,0;45,0;21,3;20;40;15;17,12;12,17;🟢 OK;0,0;669,57;0,0
PC005780;Não informado;B;Baixa;8,0;10,4;23,2;20;40;15;15,76;12,17;🟢 OK;0,0;4172,34;0,0
PC005521;Não informado;B;Baixa;49,0;26,3;55,9;20;40;15;6,53;12,17;🟡 Estoque excessivo;0,0;1093,56;0,0
PC003156;Não informado;B;Baixa;8,0;21,6;11,1;20;40;15;32,88;12,17;🚨 RUPTURA IMINENTE;21,0;2549,49;53086,24
PC005042;Não informado;B;Baixa;595,0;306,6;58,2;20;40;15;6,27;12,17;🟡 Estoque excessivo;0,0;110,14;0,0
PC000363;Não informado;B;Baixa;91,0;132,6;20,6;20;40;15;17,73;12,17;🟢 OK;0,0;310,31;0,0
PC002650;Não informado;B;Baixa;19,0;14,2;40,2;20;40;15;9,08;12,17;🟡 Estoque excessivo;0,0;3066,82;0,0
PC005109;Não informado;B;Baixa;164,0;129,9;37,9;20;40;15;9,63;12,17;🟢 OK;0,0;299,0;0,0
PC006128;Não informado;B;Baixa;95,0;105,0;27,1;20;40;15;13,45;12,17;🟢 OK;0,0;274,85;0,0
PC001979;Não informado;B;Baixa;7,0;49,3;4,3;20;40;15;85,72;12,17;🚨 RUPTURA IMINENTE;59,0;2242,98;131787,38
PC003289;Não informado;B;Baixa;6,0;17,1;10,5;20;40;15;34,7;12,17;🚨 RUPTURA IMINENTE;17,0;2515,17;42291,31
PC003887;Não informado;B;Baixa;27,0;20,1;40,2;20;40;15;9,07;12,17;🟡 Estoque excessivo;0,0;2817,78;0,0
PC009142;Não informado;B;Baixa;579,0;195,6;88,8;20;40;15;4,11;12,17;🟡 Estoque excessivo;0,0;130,29;0,0
PC000079;Não informado;B;Baixa;82,0;52,1;47,2;20;40;15;7,73;12,17;🟡 Estoque excessivo;0,0;843,67;0,0
PC008080;Não informado;B;Baixa;139,0;44,8;93,0;20;40;15;3,92;12,17;🟡 Estoque excessivo;0,0;818,58;0,0
PC007309;Não informado;B;Baixa;99,0;30,4;97,7;20;40;15;3,74;12,17;🟡 Estoque excessivo;0,0;1179,4;0,0
PC007677;Não informado;B;Baixa;237,0;110,3;64,4;20;40;15;5,66;12,17;🟡 Estoque excessivo;0,0;366,2;0,0
PC003091;Não informado;B;Baixa;204,0;76,6;79,9;20;40;15;4,57;12,17;🟡 Estoque excessivo;0,0;370,12;0,0
PC002508;Não informado;B;Baixa;68,0;108,5;18,8;20;40;15;19,41;12,17;🔴 Comprar agora;77,0;270,9;20768,65
PC006382;Não informado;B;Baixa;70,0;46,3;45,4;20;40;15;8,04;12,17;🟡 Estoque excessivo;0,0;747,71;0,0
PC009998;Não informado;B;Média;65,0;71,1;27,4;20;40;15;13,31;12,17;🟢 OK;0,0;641,56;0,0
PC006484;Não informado;B;Baixa;8,0;19,7;12,2;20;40;15;30,03;12,17;🚨 RUPTURA IMINENTE;18,0;3973,65;72836,3
PC002384;Não informado;B;Baixa;35,0;32,3;32,5;20;40;15;11,22;12,17;🟢 OK;0,0;1045,06;0,0
PC009472;Não informado;B;Baixa;128,0;37,7;101,8;20;40;15;3,59;12,17;🟡 Estoque excessivo;0,0;701,02;0,0
PC005935;Não informado;B;Baixa;9,0;10,9;24,7;20;40;15;14,78;12,17;🟢 OK;0,0;4560,83;0,0
PC007793;Não informado;B;Baixa;210,0;191,3;32,9;20;40;15;11,08;12,17;🟢 OK;0,0;213,72;0,0
PC010000;Não informado;B;Baixa;41,0;29,2;42,1;20;40;15;8,68;12,17;🟡 Estoque excessivo;0,0;1152,86;0,0
PC006779;Não informado;B;Baixa;47,0;20,8;67,7;20;40;15;5,39;12,17;🟡 Estoque excessivo;0,0;1405,83;0,0
PC008657;Não informado;B;Baixa;25,0;9,2;81,4;20;40;15;4,48;12,17;🟡 Estoque excessivo;0,0;3170,23;0,0
PC002047;Não informado;B;Baixa;50,0;36,7;40,9;20;40;15;8,92;12,17;🟡 Estoque excessivo;0,0;977,37;0,0
PC009965;Não informado;B;Baixa;31,0;12,5;74,7;20;40;15;4,89;12,17;🟡 Estoque excessivo;0,0;3518,22;0,0
PC002905;Não informado;B;Baixa;49,0;14,1;104,4;20;40;15;3,5;12,17;🟡 Estoque excessivo;0,0;2581,4;0,0
PC008475;Não informado;B;Baixa;54,0;32,0;50,5;20;40;15;7,22;12,17;🟡 Estoque excessivo;0,0;1054,73;0,0
PC007092;Não informado;B;Baixa;19,0;9,7;58,6;20;40;15;6,22;12,17;🟡 Estoque excessivo;0,0;4535,97;0,0
PC008932;Não informado;B;Baixa;119,0;41,1;86,9;20;40;15;4,2;12,17;🟡 Estoque excessivo;0,0;1017,84;0,0
PC003567;Não informado;B;Baixa;18,0;6,8;79,0;20;40;15;4,62;12,17;🟡 Estoque excessivo;0,0;5199,27;0,0
PC005145;Não informado;B;Baixa;112,0;38,1;88,3;20;40;15;4,13;12,17;🟡 Estoque excessivo;0,0;770,25;0,0
PC007618;Não informado;B;Baixa;10,0;11,6;26,0;20;40;15;14,06;12,17;🟢 OK;0,0;2674,03;0,0
PC000966;Não informado;B;Baixa;37,0;37,0;30,0;20;40;15;12,16;12,17;🟢 OK;0,0;1022,29;0,0
PC005890;Não informado;B;Baixa;8,0;31,7;7,6;20;40;15;48,24;12,17;🚨 RUPTURA IMINENTE;34,0;3470,65;119023,34
PC004324;Não informado;B;Baixa;68,0;83,8;24,3;20;40;15;15,0;12,17;🟢 OK;0,0;395,65;0,0
PC003288;Não informado;B;Baixa;41,0;21,3;57,8;20;40;15;6,32;12,17;🟡 Estoque excessivo;0,0;1414,46;0,0
PC005091;Não informado;B;Baixa;61,0;177,5;10,3;20;40;15;35,4;12,17;🚨 RUPTURA IMINENTE;176,0;794,27;139511,8
PC001044;Não informado;B;Baixa;82,0;25,8;95,2;20;40;15;3,83;12,17;🟡 Estoque excessivo;0,0;1300,38;0,0
PC006843;Não informado;B;Baixa;21,0;15,9;39,7;20;40;15;9,2;12,17;🟢 OK;0,0;1642,6;0,0
PC009652;Não informado;B;Baixa;12,0;8,2;44,0;20;40;15;8,3;12,17;🟡 Estoque excessivo;0,0;5761,01;0,0
PC001600;Não informado;B;Baixa;84,0;65,3;38,6;20;40;15;9,46;12,17;🟢 OK;0,0;854,5;0,0
PC000052;Não informado;B;Baixa;33,0;30,9;32,0;20;40;15;11,41;12,17;🟢 OK;0,0;911,19;0,0
PC005292;Não informado;B;Baixa;121,0;77,1;47,1;20;40;15;7,75;12,17;🟡 Estoque excessivo;0,0;448,26;0,0
PC009815;Não informado;B;Baixa;78,0;76,5;30,6;20;40;15;11,94;12,17;🟢 OK;0,0;1537,64;0,0
PC005692;Não informado;B;Baixa;39,0;12,7;92,2;20;40;15;3,96;12,17;🟡 Estoque excessivo;0,0;2312,55;0,0
PC000364;Não informado;B;Baixa;124,0;93,0;40,0;20;40;15;9,12;12,17;🟡 Estoque excessivo;0,0;687,37;0,0
PC008991;Não informado;B;Média;18,0;32,6;16,6;20;40;15;22,04;12,17;🔴 Comprar agora;25,0;1740,29;44320,45
PC001361;Não informado;B;Baixa;212,0;112,7;56,4;20;40;15;6,47;12,17;🟡 Estoque excessivo;0,0;349,07;0,0
PC003687;Não informado;B;Baixa;251,0;107,0;70,4;20;40;15;5,19;12,17;🟡 Estoque excessivo;0,0;394,77;0,0
PC001067;Não informado;B;Baixa;38,0;33,7;33,9;20;40;15;10,77;12,17;🟢 OK;0,0;875,3;0,0
PC000226;Não informado;B;Baixa;97,0;46,8;62,1;20;40;15;5,88;12,17;🟡 Estoque excessivo;0,0;639,67;0,0
PC002829;Não informado;B;Média;9,0;7,8;34,7;20;40;15;10,53;12,17;🟢 OK;0,0;6241,94;0,0
PC002583;Não informado;B;Baixa;19,0;14,0;40,8;20;40;15;8,95;12,17;🟡 Estoque excessivo;0,0;2075,8;0,0
PC007754;Não informado;B;Baixa;116,0;120,3;28,9;20;40;15;12,62;12,17;🟢 OK;0,0;1689,63;0,0
PC007895;Não informado;B;Média;54,0;28,4;57,0;20;40;15;6,4;12,17;🟡 Estoque excessivo;0,0;1778,6;0,0
PC007061;Não informado;B;Baixa;253,0;76,0;99,8;20;40;15;3,66;12,17;🟡 Estoque excessivo;0,0;428,03;0,0
PC008107;Não informado;B;Baixa;48,0;18,3;78,8;20;40;15;4,63;12,17;🟡 Estoque excessivo;0,0;2060,4;0,0
PC000706;Não informado;B;Baixa;9,0;7,1;37,9;20;40;15;9,64;12,17;🟢 OK;0,0;3945,14;0,0
PC004588;Não informado;B;Baixa;47,0;90,9;15,5;20;40;15;23,54;12,17;🔴 Comprar agora;74,0;507,08;37651,8
PC006291;Não informado;B;Baixa;106,0;39,4;80,8;20;40;15;4,52;12,17;🟡 Estoque excessivo;0,0;789,68;0,0
PC005038;Não informado;B;Baixa;24,0;23,7;30,4;20;40;15;11,99;12,17;🟢 OK;0,0;1325,38;0,0
PC008069;Não informado;B;Baixa;56,0;18,3;92,0;20;40;15;3,97;12,17;🟡 Estoque excessivo;0,0;1896,98;0,0
PC002922;Não informado;B;Baixa;109,0;41,4;79,0;20;40;15;4,62;12,17;🟡 Estoque excessivo;0,0;826,87;0,0
PC003079;Não informado;B;Baixa;14,0;10,7;39,1;20;40;15;9,33;12,17;🟢 OK;0,0;4786,08;0,0
PC007002;Não informado;B;Baixa;20,0;7,9;76,4;20;40;15;4,78;12,17;🟡 Estoque excessivo;0,0;3710,36;0,0
PC000793;Não informado;B;Baixa;9,0;9,8;27,6;20;40;15;13,21;12,17;🟢 OK;0,0;2589,29;0,0
PC007225;Não informado;B;Baixa;56,0;51,5;32,6;20;40;15;11,19;12,17;🟢 OK;0,0;1018,06;0,0
PC001212;Não informado;B;Baixa;44,0;19,2;68,9;20;40;15;5,3;12,17;🟡 Estoque excessivo;0,0;1490,56;0,0
PC003853;Não informado;B;Média;18,0;9,8;55,0;20;40;15;6,64;12,17;🟡 Estoque excessivo;0,0;5301,18;0,0
PC004454;Não informado;B;Baixa;144,0;78,9;54,8;20;40;15;6,66;12,17;🟡 Estoque excessivo;0,0;508,47;0,0
PC000775;Não informado;B;Baixa;5,0;5,6;26,9;20;40;15;13,58;12,17;🟢 OK;0,0;4626,48;0,0
PC006869;Não informado;B;Baixa;70,0;44,0;47,8;20;40;15;7,64;12,17;🟡 Estoque excessivo;0,0;878,69;0,0
PC007761;Não informado;B;Baixa;8,0;12,3;19,5;20;40;15;18,69;12,17;🔴 Comprar agora;8,0;4682,09;39243,27
PC006695;Não informado;B;Média;35,0;53,7;19,6;20;40;15;18,66;12,17;🔴 Comprar agora;37,0;1092,12;39942,9
PC006759;Não informado;B;Baixa;222,0;70,7;94,2;20;40;15;3,87;12,17;🟡 Estoque excessivo;0,0;366,53;0,0
PC004540;Não informado;B;Baixa;48,0;24,0;60,1;20;40;15;6,08;12,17;🟡 Estoque excessivo;0,0;1685,89;0,0
PC001391;Não informado;B;Baixa;51,0;16,7;91,7;20;40;15;3,98;12,17;🟡 Estoque excessivo;0,0;2169,13;0,0
PC008913;Não informado;B;Baixa;14,0;7,9;53,4;20;40;15;6,84;12,17;🟡 Estoque excessivo;0,0;3465,19;0,0
PC008081;Não informado;B;Baixa;50,0;24,4;61,6;20;40;15;5,93;12,17;🟡 Estoque excessivo;0,0;1300,82;0,0
PC002114;Não informado;B;Baixa;16,0;13,4;35,8;20;40;15;10,19;12,17;🟢 OK;0,0;2184,51;0,0
PC007833;Não informado;B;Baixa;23,0;8,2;84,4;20;40;15;4,33;12,17;🟡 Estoque excessivo;0,0;3743,5;0,0
PC009305;Não informado;B;Baixa;28,0;12,3;68,4;20;40;15;5,34;12,17;🟡 Estoque excessivo;0,0;2894,18;0,0
PC001699;Não informado;B;Baixa;65,0;18,9;103,1;20;40;15;3,54;12,17;🟡 Estoque excessivo;0,0;1568,01;0,0
PC004559;Não informado;B;Baixa;57,0;85,2;20,1;20;40;15;18,19;12,17;🟢 OK;0,0;331,59;0,0
PC006276;Não informado;B;Baixa;28,0;41,2;20,4;20;40;15;17,91;12,17;🟢 OK;0,0;4379,36;0,0
PC007405;Não informado;B;Baixa;14,0;10,2;41,1;20;40;15;8,88;12,17;🟡 Estoque excessivo;0,0;4538,67;0,0
PC007675;Não informado;B;Baixa;20,0;15,8;38,1;20;40;15;9,59;12,17;🟢 OK;0,0;1923,84;0,0
PC001827;Não informado;B;Baixa;24,0;23,5;30,6;20;40;15;11,93;12,17;🟢 OK;0,0;1170,21;0,0
PC004690;Não informado;B;Baixa;87,0;39,9;65,4;20;40;15;5,58;12,17;🟡 Estoque excessivo;0,0;788,55;0,0
PC008597;Não informado;B;Baixa;89,0;40,5;66,0;20;40;15;5,53;12,17;🟡 Estoque excessivo;0,0;960,38;0,0
PC006359;Não informado;B;Baixa;27,0;12,4;65,1;20;40;15;5,61;12,17;🟡 Estoque excessivo;0,0;2182,78;0,0
PC003445;Não informado;B;Baixa;44,0;63,8;20,7;20;40;15;17,63;12,17;🟢 OK;0,0;525,91;0,0
PC008641;Não informado;B;Baixa;15,0;15,2;29,7;20;40;15;12,29;12,17;🟢 OK;0,0;4056,28;0,0
PC001454;Não informado;B;Baixa;11,0;19,3;17,1;20;40;15;21,35;12,17;🔴 Comprar agora;15,0;1600,62;23592,86
PC006151;Não informado;B;Baixa;56,0;27,8;60,4;20;40;15;6,05;12,17;🟡 Estoque excessivo;0,0;1079,99;0,0
PC004632;Não informado;B;Baixa;40,0;34,0;35,3;20;40;15;10,35;12,17;🟢 OK;0,0;785,33;0,0
PC006417;Não informado;B;Baixa;21,0;10,2;61,7;20;40;15;5,91;12,17;🟡 Estoque excessivo;0,0;3371,4;0,0
PC005197;Não informado;B;Baixa;4,0;6,6;18,2;20;40;15;20,06;12,17;🔴 Comprar agora;5,0;4297,56;20608,35
PC006039;Não informado;B;Baixa;47,0;17,2;82,2;20;40;15;4,44;12,17;🟡 Estoque excessivo;0,0;1885,93;0,0
PC004572;Não informado;B;Baixa;347,0;115,7;90,0;20;40;15;4,06;12,17;🟡 Estoque excessivo;0,0;289,98;0,0
PC000255;Não informado;B;Baixa;185,0;130,4;42,6;20;40;15;8,58;12,17;🟡 Estoque excessivo;0,0;218,12;0,0
PC001125;Não informado;B;Baixa;50,0;15,7;95,3;20;40;15;3,83;12,17;🟡 Estoque excessivo;0,0;2119,26;0,0
PC005592;Não informado;B;Baixa;23,0;6,9;99,7;20;40;15;3,66;12,17;🟡 Estoque excessivo;0,0;3498,67;0,0
PC001502;Não informado;B;Baixa;45,0;24,3;55,6;20;40;15;6,56;12,17;🟡 Estoque excessivo;0,0;1250,38;0,0
PC000962;Não informado;B;Baixa;15,0;15,2;29,7;20;40;15;12,3;12,17;🟢 OK;0,0;1801,73;0,0
PC006724;Não informado;B;Baixa;44,0;20,2;65,5;20;40;15;5,58;12,17;🟡 Estoque excessivo;0,0;1305,53;0,0
PC004606;Não informado;B;Baixa;12,0;22,1;16,3;20;40;15;22,38;12,17;🔴 Comprar agora;17,0;1308,96;22820,57
PC001446;Não informado;B;Baixa;53,0;35,2;45,1;20;40;15;8,08;12,17;🟡 Estoque excessivo;0,0;719,5;0,0
PC000799;Não informado;B;Baixa;63,0;66,8;28,3;20;40;15;12,9;12,17;🟢 OK;0,0;927,29;0,0
PC005006;Não informado;B;Baixa;41,0;30,6;40,2;20;40;15;9,08;12,17;🟡 Estoque excessivo;0,0;865,08;0,0
PC003026;Não informado;B;Baixa;175,0;67,2;78,1;20;40;15;4,67;12,17;🟡 Estoque excessivo;0,0;466,01;0,0
PC008549;Não informado;B;Baixa;25,0;11,7;64,4;20;40;15;5,67;12,17;🟡 Estoque excessivo;0,0;2291,29;0,0
PC004184;Não informado;B;Baixa;9,0;6,0;45,2;20;40;15;8,07;12,17;🟡 Estoque excessivo;0,0;5329,28;0,0
PC002736;Não informado;B;Baixa;143,0;60,1;71,4;20;40;15;5,11;12,17;🟡 Estoque excessivo;0,0;579,86;0,0
PC006913;Não informado;B;Baixa;60,0;67,5;26,7;20;40;15;13,68;12,17;🟢 OK;0,0;722,73;0,0
PC003089;Não informado;B;Baixa;17,0;9,1;56,1;20;40;15;6,51;12,17;🟡 Estoque excessivo;0,0;4761,6;0,0
PC002587;Não informado;B;Baixa;62,0;34,6;53,8;20;40;15;6,79;12,17;🟡 Estoque excessivo;0,0;756,46;0,0
PC009019;Não informado;B;Baixa;15,0;19,9;22,7;20;40;15;16,1;12,17;🟢 OK;0,0;1938,95;0,0
PC000088;Não informado;B;Baixa;8,0;5,5;43,9;20;40;15;8,32;12,17;🟡 Estoque excessivo;0,0;5441,38;0,0
PC008884;Não informado;B;Baixa;27,0;21,3;38,1;20;40;15;9,58;12,17;🟢 OK;0,0;1453,56;0,0
PC009581;Não informado;B;Baixa;4,0;8,3;14,5;20;40;15;25,15;12,17;🚨 RUPTURA IMINENTE;7,0;4064,12;28548,88
PC001123;Não informado;B;Baixa;106,0;28,7;110,7;20;40;15;3,3;12,17;🟡 Estoque excessivo;0,0;917,01;0,0
PC000448;Não informado;B;Baixa;293,0;100,3;87,6;20;40;15;4,17;12,17;🟡 Estoque excessivo;0,0;331,68;0,0
PC007879;Não informado;B;Baixa;29,0;9,7;90,1;20;40;15;4,05;12,17;🟡 Estoque excessivo;0,0;3301,32;0,0
PC009280;Não informado;B;Baixa;108,0;34,9;92,9;20;40;15;3,93;12,17;🟡 Estoque excessivo;0,0;880,35;0,0
PC005502;Não informado;B;Baixa;12,0;38,8;9,3;20;40;15;39,3;12,17;🚨 RUPTURA IMINENTE;40,0;2126,96;84405,3
PC000958;Não informado;B;Baixa;60,0;93,8;19,2;20;40;15;19,03;12,17;🔴 Comprar agora;65,0;2017,95;131388,47
PC008385;Não informado;B;Baixa;23,0;8,3;83,6;20;40;15;4,36;12,17;🟡 Estoque excessivo;0,0;3986,17;0,0
PC001666;Não informado;B;Baixa;9,0;12,6;21,4;20;40;15;17,04;12,17;🟢 OK;0,0;2660,6;0,0
PC008173;Não informado;B;Baixa;27,0;17,6;46,1;20;40;15;7,91;12,17;🟡 Estoque excessivo;0,0;1889,32;0,0
PC006668;Não informado;B;Baixa;228,0;147,7;46,3;20;40;15;7,88;12,17;🟡 Estoque excessivo;0,0;369,78;0,0
PC007121;Não informado;B;Baixa;19,0;28,4;20,1;20;40;15;18,17;12,17;🟢 OK;0,0;1314,42;0,0
PC006846;Não informado;B;Baixa;26,0;12,2;64,0;20;40;15;5,71;12,17;🟡 Estoque excessivo;0,0;2723,15;0,0
PC008485;Não informado;B;Baixa;22,0;27,4;24,1;20;40;15;15,14;12,17;🟢 OK;0,0;1590,94;0,0
PC003912;Não informado;B;Média;26,0;31,6;24,7;20;40;15;14,76;12,17;🟢 OK;0,0;1311,98;0,0
PC002821;Não informado;B;Média;42,0;26,8;46,9;20;40;15;7,77;12,17;🟡 Estoque excessivo;0,0;2044,1;0,0
PC009562;Não informado;B;Baixa;7,0;11,8;17,8;20;40;15;20,47;12,17;🔴 Comprar agora;9,0;2370,47;20630,2
PC004231;Não informado;B;Baixa;9,0;17,7;15,3;20;40;15;23,89;12,17;🔴 Comprar agora;15,0;1648,61;24006,45
PC004405;Não informado;B;Baixa;99,0;38,3;77,6;20;40;15;4,71;12,17;🟡 Estoque excessivo;0,0;888,61;0,0
PC005901;Não informado;B;Baixa;35,0;62,4;16,8;20;40;15;21,7;12,17;🔴 Comprar agora;48,0;392,78;18945,92
PC001854;Não informado;B;Baixa;20,0;16,9;35,4;20;40;15;10,3;12,17;🟢 OK;0,0;3103,16;0,0
PC000276;Não informado;B;Baixa;72,0;26,1;82,7;20;40;15;4,41;12,17;🟡 Estoque excessivo;0,0;1241,18;0,0
PC006884;Não informado;B;Baixa;97,0;30,2;96,3;20;40;15;3,79;12,17;🟡 Estoque excessivo;0,0;741,7;0,0
PC007639;Não informado;B;Baixa;29,0;38,8;22,4;20;40;15;16,27;12,17;🟢 OK;0,0;1132,99;0,0
PC005030;Não informado;B;Baixa;117,0;37,1;94,6;20;40;15;3,86;12,17;🟡 Estoque excessivo;0,0;664,94;0,0
PC007604;Não informado;B;Baixa;15,0;10,2;44,0;20;40;15;8,3;12,17;🟡 Estoque excessivo;0,0;3184,84;0,0
PC008855;Não informado;B;Baixa;11,0;23,7;13,9;20;40;15;26,22;12,17;🚨 RUPTURA IMINENTE;21,0;2252,49;46426,15
PC004223;Não informado;B;Baixa;184,0;90,5;61,0;20;40;15;5,98;12,17;🟡 Estoque excessivo;0,0;331,44;0,0
PC001885;Não informado;B;Baixa;88,0;80,4;32,9;20;40;15;11,11;12,17;🟢 OK;0,0;281,56;0,0
PC004244;Não informado;B;Baixa;28,0;12,1;69,3;20;40;15;5,27;12,17;🟡 Estoque excessivo;0,0;3160,25;0,0
PC004039;Não informado;B;Baixa;7,0;26,2;8,0;20;40;15;45,52;12,17;🚨 RUPTURA IMINENTE;28,0;4267,86;119145,41
PC001973;Não informado;B;Baixa;20,0;32,5;18,4;20;40;15;19,8;12,17;🔴 Comprar agora;23,0;887,84;20772,6
PC001211;Não informado;B;Baixa;46,0;13,3;103,7;20;40;15;3,52;12,17;🟡 Estoque excessivo;0,0;1724,14;0,0
PC004516;Não informado;B;Baixa;87,0;63,7;40,9;20;40;15;8,91;12,17;🟡 Estoque excessivo;0,0;442,86;0,0
PC008257;Não informado;B;Baixa;7,0;6,7;31,2;20;40;15;11,69;12,17;🟢 OK;0,0;5387,53;0,0
PC002007;Não informado;B;Baixa;28,0;35,8;23,5;20;40;15;15,55;12,17;🟢 OK;0,0;1494,83;0,0
PC008970;Não informado;B;Baixa;57,0;72,0;23,7;20;40;15;15,38;12,17;🟢 OK;0,0;1758,81;0,0
PC006693;Não informado;B;Baixa;40,0;15,8;76,0;20;40;15;4,8;12,17;🟡 Estoque excessivo;0,0;2088,19;0,0
PC004862;Não informado;B;Baixa;8,0;8,8;27,3;20;40;15;13,38;12,17;🟢 OK;0,0;3492,42;0,0
PC003429;Não informado;B;Baixa;61,0;18,3;99,7;20;40;15;3,66;12,17;🟡 Estoque excessivo;0,0;1814,36;0,0
PC008580;Não informado;B;Baixa;41,0;16,6;74,2;20;40;15;4,92;12,17;🟡 Estoque excessivo;0,0;2304,56;0,0
PC006929;Não informado;B;Baixa;61,0;63,8;28,7;20;40;15;12,73;12,17;🟢 OK;0,0;493,34;0,0
PC008444;Não informado;B;Baixa;15,0;9,4;47,6;20;40;15;7,66;12,17;🟡 Estoque excessivo;0,0;4316,42;0,0
PC001322;Não informado;B;Baixa;26,0;35,3;22,1;20;40;15;16,53;12,17;🟢 OK;0,0;969,9;0,0
PC009688;Não informado;B;Baixa;35,0;16,9;62,2;20;40;15;5,87;12,17;🟡 Estoque excessivo;0,0;4060,49;0,0
PC004420;Não informado;B;Baixa;6,0;3,9;45,8;20;40;15;7,97;12,17;🟡 Estoque excessivo;0,0;5846,68;0,0
PC008622;Não informado;B;Baixa;72,0;26,4;81,7;20;40;15;4,47;12,17;🟡 Estoque excessivo;0,0;1231,93;0,0
PC002492;Não informado;B;Baixa;4,0;5,9;20,3;20;40;15;17,96;12,17;🟢 OK;0,0;4435,85;0,0
PC009967;Não informado;B;Baixa;6,0;3,7;48,8;20;40;15;7,48;12,17;🟡 Estoque excessivo;0,0;7977,4;0,0
PC000518;Não informado;B;Baixa;160,0;101,9;47,1;20;40;15;7,75;12,17;🟡 Estoque excessivo;0,0;431,0;0,0
PC003054;Não informado;B;Baixa;80,0;33,5;71,6;20;40;15;5,1;12,17;🟡 Estoque excessivo;0,0;743,69;0,0
PC002324;Não informado;B;Baixa;8,0;7,1;34,0;20;40;15;10,75;12,17;🟢 OK;0,0;3522,34;0,0
PC000407;Não informado;B;Baixa;31,0;17,2;53,9;20;40;15;6,77;12,17;🟡 Estoque excessivo;0,0;1459,62;0,0
PC003397;Não informado;B;Baixa;25,0;14,3;52,6;20;40;15;6,94;12,17;🟡 Estoque excessivo;0,0;2088,77;0,0
PC004344;Não informado;B;Baixa;54,0;30,2;53,7;20;40;15;6,8;12,17;🟡 Estoque excessivo;0,0;761,27;0,0
PC002231;Não informado;B;Baixa;128,0;145,8;26,3;20;40;15;13,86;12,17;🟢 OK;0,0;274,34;0,0
PC009707;Não informado;B;Baixa;70,0;24,9;84,3;20;40;15;4,33;12,17;🟡 Estoque excessivo;0,0;1100,58;0,0
PC006765;Não informado;B;Baixa;9,0;18,2;14,9;20;40;15;24,58;12,17;🚨 RUPTURA IMINENTE;15,0;4345,8;66240,14
PC009182;Não informado;B;Baixa;95,0;33,4;85,2;20;40;15;4,28;12,17;🟡 Estoque excessivo;0,0;923,16;0,0
PC004113;Não informado;B;Baixa;38,0;15,2;75,1;20;40;15;4,86;12,17;🟡 Estoque excessivo;0,0;2195,33;0,0
PC009293;Não informado;B;Média;29,0;18,6;46,7;20;40;15;7,81;12,17;🟡 Estoque excessivo;0,0;2734,98;0,0
PC007257;Não informado;B;Baixa;14,0;17,9;23,5;20;40;15;15,55;12,17;🟢 OK;0,0;1278,54;0,0
PC009675;Não informado;B;Baixa;237,0;84,0;84,6;20;40;15;4,31;12,17;🟡 Estoque excessivo;0,0;395,21;0,0
PC004415;Não informado;B;Baixa;20,0;34,9;17,2;20;40;15;21,23;12,17;🔴 Comprar agora;27,0;830,67;22035,57
PC002083;Não informado;B;Baixa;43,0;22,0;58,7;20;40;15;6,22;12,17;🟡 Estoque excessivo;0,0;1041,54;0,0
PC004396;Não informado;B;Baixa;18,0;29,8;18,1;20;40;15;20,14;12,17;🔴 Comprar agora;22,0;907,76;19720,27
PC009140;Não informado;B;Baixa;5,0;16,2;9,3;20;40;15;39,41;12,17;🚨 RUPTURA IMINENTE;17,0;5918,31;98226,87
PC001127;Não informado;B;Baixa;62,0;28,2;66,0;20;40;15;5,53;12,17;🟡 Estoque excessivo;0,0;1107,84;0,0
PC005058;Não informado;B;Baixa;7,0;6,7;31,3;20;40;15;11,64;12,17;🟢 OK;0,0;4778,16;0,0
PC009214;Não informado;B;Baixa;15,0;7,5;60,1;20;40;15;6,07;12,17;🟡 Estoque excessivo;0,0;4886,13;0,0
PC003388;Não informado;B;Baixa;3,0;4,1;22,1;20;40;15;16,49;12,17;🟢 OK;0,0;7584,24;0,0
PC004149;Não informado;B;Baixa;65,0;37,7;51,7;20;40;15;7,06;12,17;🟡 Estoque excessivo;0,0;778,87;0,0
PC002774;Não informado;B;Baixa;40,0;24,1;49,8;20;40;15;7,34;12,17;🟡 Estoque excessivo;0,0;941,31;0,0
PC003663;Não informado;B;Baixa;153,0;86,6;53,0;20;40;15;6,88;12,17;🟡 Estoque excessivo;0,0;642,73;0,0
PC009928;Não informado;B;Baixa;18,0;121,8;4,4;20;40;15;82,33;12,17;🚨 RUPTURA IMINENTE;144,0;1182,15;170705,89
PC001951;Não informado;B;Baixa;56,0;32,2;52,2;20;40;15;6,99;12,17;🟡 Estoque excessivo;0,0;1264,92;0,0
PC005638;Não informado;B;Baixa;197,0;117,3;50,4;20;40;15;7,24;12,17;🟡 Estoque excessivo;0,0;375,78;0,0
PC001993;Não informado;B;Baixa;307,0;203,8;45,2;20;40;15;8,07;12,17;🟡 Estoque excessivo;0,0;113,59;0,0
PC005210;Não informado;B;Baixa;14,0;9,5;44,1;20;40;15;8,28;12,17;🟡 Estoque excessivo;0,0;3148,35;0,0
PC009799;Não informado;B;Média;10,0;9,1;32,8;20;40;15;11,13;12,17;🟢 OK;0,0;4609,59;0,0
PC001136;Não informado;B;Baixa;101,0;50,3;60,2;20;40;15;6,06;12,17;🟡 Estoque excessivo;0,0;837,87;0,0
PC002463;Não informado;B;Baixa;49,0;18,9;77,7;20;40;15;4,7;12,17;🟡 Estoque excessivo;0,0;1490,35;0,0
PC008501;Não informado;B;Baixa;34,0;36,6;27,9;20;40;15;13,09;12,17;🟢 OK;0,0;739,02;0,0
PC006856;Não informado;B;Média;50,0;34,9;43,0;20;40;15;8,49;12,17;🟡 Estoque excessivo;0,0;1245,83;0,0
PC008088;Não informado;B;Baixa;7,0;13,1;16,0;20;40;15;22,78;12,17;🔴 Comprar agora;10,0;6014,07;62977,65
PC000128;Não informado;B;Baixa;54,0;62,2;26,0;20;40;15;14,02;12,17;🟢 OK;0,0;489,21;0,0
PC000557;Não informado;B;Baixa;21,0;9,4;67,3;20;40;15;5,43;12,17;🟡 Estoque excessivo;0,0;3241,48;0,0
PC009745;Não informado;B;Baixa;33,0;32,3;30,7;20;40;15;11,9;12,17;🟢 OK;0,0;1202,88;0,0
PC006079;Não informado;B;Baixa;34,0;32,0;31,9;20;40;15;11,46;12,17;🟢 OK;0,0;668,96;0,0
PC003978;Não informado;B;Baixa;149,0;97,6;45,8;20;40;15;7,97;12,17;🟡 Estoque excessivo;0,0;329,27;0,0
PC006413;Não informado;B;Baixa;5,0;5,1;29,3;20;40;15;12,47;12,17;🟢 OK;0,0;6223,52;0,0
PC006415;Não informado;B;Baixa;60,0;38,9;46,2;20;40;15;7,9;12,17;🟡 Estoque excessivo;0,0;644,11;0,0
PC000710;Não informado;B;Baixa;80,0;49,0;49,0;20;40;15;7,45;12,17;🟡 Estoque excessivo;0,0;749,32;0,0
PC004549;Não informado;B;Baixa;31,0;15,4;60,3;20;40;15;6,05;12,17;🟡 Estoque excessivo;0,0;1471,55;0,0
PC003777;Não informado;B;Baixa;13,0;11,1;35,1;20;40;15;10,4;12,17;🟢 OK;0,0;3218,76;0,0
PC002507;Não informado;B;Baixa;93,0;60,7;45,9;20;40;15;7,95;12,17;🟡 Estoque excessivo;0,0;445,9;0,0
PC001222;Não informado;B;Baixa;111,0;45,1;73,9;20;40;15;4,94;12,17;🟡 Estoque excessivo;0,0;571,02;0,0
PC009843;Não informado;B;Baixa;139,0;96,6;43,2;20;40;15;8,46;12,17;🟡 Estoque excessivo;0,0;245,02;0,0
PC005086;Não informado;B;Baixa;34,0;228,9;4,5;20;40;15;81,92;12,17;🚨 RUPTURA IMINENTE;271,0;584,17;158447,41
PC001912;Não informado;B;Baixa;90,0;111,1;24,3;20;40;15;15,02;12,17;🟢 OK;0,0;219,87;0,0
PC004057;Não informado;B;Baixa;12,0;4,7;75,9;20;40;15;4,81;12,17;🟡 Estoque excessivo;0,0;5085,61;0,0
PC000774;Não informado;B;Baixa;47,0;53,9;26,2;20;40;15;13,96;12,17;🟢 OK;0,0;816,38;0,0
PC007130;Não informado;B;Baixa;6,0;28,7;6,3;20;40;15;58,2;12,17;🚨 RUPTURA IMINENTE;32,0;4182,37;134965,84
PC006036;Não informado;B;Baixa;103,0;47,8;64,7;20;40;15;5,64;12,17;🟡 Estoque excessivo;0,0;557,26;0,0
PC006303;Não informado;B;Baixa;129,0;43,6;88,9;20;40;15;4,11;12,17;🟡 Estoque excessivo;0,0;555,14;0,0
PC000271;Não informado;B;Baixa;59,0;23,4;75,7;20;40;15;4,82;12,17;🟡 Estoque excessivo;0,0;1111,15;0,0
PC008788;Não informado;B;Baixa;8,0;7,0;34,2;20;40;15;10,68;12,17;🟢 OK;0,0;4178,04;0,0
PC005239;Não informado;B;Baixa;61,0;41,7;43,9;20;40;15;8,32;12,17;🟡 Estoque excessivo;0,0;1218,56;0,0
PC005649;Não informado;B;Baixa;33,0;10,2;97,5;20;40;15;3,74;12,17;🟡 Estoque excessivo;0,0;2613,06;0,0
PC008920;Não informado;B;Baixa;4,0;5,1;23,6;20;40;15;15,47;12,17;🟢 OK;0,0;6286,07;0,0
PC006225;Não informado;B;Baixa;11,0;7,0;47,4;20;40;15;7,7;12,17;🟡 Estoque excessivo;0,0;3540,35;0,0
PC007124;Não informado;B;Baixa;21,0;38,4;16,4;20;40;15;22,23;12,17;🔴 Comprar agora;30,0;2606,65;78640,3
PC006917;Não informado;B;Baixa;15,0;39,3;11,4;20;40;15;31,88;12,17;🚨 RUPTURA IMINENTE;37,0;1060,08;39654,45
PC008323;Não informado;B;Baixa;59,0;98,2;18,0;20;40;15;20,25;12,17;🔴 Comprar agora;72,0;361,83;26034,84
PC001783;Não informado;B;Baixa;18,0;21,1;25,6;20;40;15;14,26;12,17;🟢 OK;0,0;1140,88;0,0
PC000735;Não informado;B;Baixa;60,0;19,2;93,8;20;40;15;3,89;12,17;🟡 Estoque excessivo;0,0;1653,29;0,0
PC000923;Não informado;B;Baixa;77,0;28,8;80,3;20;40;15;4,54;12,17;🟡 Estoque excessivo;0,0;680,27;0,0
PC002197;Não informado;B;Baixa;48,0;62,6;23,0;20;40;15;15,88;12,17;🟢 OK;0,0;349,44;0,0
PC001733;Não informado;B;Baixa;63,0;35,4;53,4;20;40;15;6,84;12,17;🟡 Estoque excessivo;0,0;1394,54;0,0
PC009406;Não informado;B;Baixa;10,0;5,1;59,1;20;40;15;6,18;12,17;🟡 Estoque excessivo;0,0;5088,35;0,0
PC008857;Não informado;B;Baixa;3,0;17,0;5,3;20;40;15;68,83;12,17;🚨 RUPTURA IMINENTE;20,0;6546,13;128490,35
PC001495;Não informado;B;Baixa;8,0;29,0;8,3;20;40;15;44,12;12,17;🚨 RUPTURA IMINENTE;31,0;2879,29;88327,58
PC000836;Não informado;B;Baixa;28,0;15,4;54,7;20;40;15;6,68;12,17;🟡 Estoque excessivo;0,0;2533,96;0,0
PC007934;Não informado;B;Baixa;41,0;24,4;50,3;20;40;15;7,25;12,17;🟡 Estoque excessivo;0,0;1192,77;0,0
PC009101;Não informado;B;Baixa;3,0;12,2;7,4;20;40;15;49,47;12,17;🚨 RUPTURA IMINENTE;13,0;7236,79;95995,43
PC009673;Não informado;B;Baixa;217,0;83,5;77,9;20;40;15;4,68;12,17;🟡 Estoque excessivo;0,0;344,18;0,0
PC001079;Não informado;B;Baixa;106,0;34,0;93,5;20;40;15;3,9;12,17;🟡 Estoque excessivo;0,0;654,74;0,0
PC008575;Não informado;B;Baixa;43,0;44,4;29,0;20;40;15;12,57;12,17;🟢 OK;0,0;810,66;0,0
PC002002;Não informado;B;Baixa;89,0;65,4;40,8;20;40;15;8,94;12,17;🟡 Estoque excessivo;0,0;757,78;0,0
PC005979;Não informado;B;Baixa;99,0;67,3;44,2;20;40;15;8,27;12,17;🟡 Estoque excessivo;0,0;729,4;0,0
PC005124;Não informado;B;Média;19,0;11,2;50,8;20;40;15;7,18;12,17;🟡 Estoque excessivo;0,0;3148,25;0,0
PC008666;Não informado;B;Baixa;17,0;6,7;76,1;20;40;15;4,8;12,17;🟡 Estoque excessivo;0,0;3926,68;0,0
PC009154;Não informado;B;Baixa;12,0;26,1;13,8;20;40;15;26,45;12,17;🚨 RUPTURA IMINENTE;23,0;2971,35;67685,7
PC004179;Não informado;B;Baixa;104,0;65,6;47,5;20;40;15;7,68;12,17;🟡 Estoque excessivo;0,0;425,56;0,0
PC002535;Não informado;B;Baixa;98,0;53,9;54,6;20;40;15;6,69;12,17;🟡 Estoque excessivo;0,0;595,26;0,0
PC008136;Não informado;B;Baixa;109,0;34,0;96,1;20;40;15;3,8;12,17;🟡 Estoque excessivo;0,0;793,05;0,0
PC006542;Não informado;B;Baixa;75,0;52,4;42,9;20;40;15;8,5;12,17;🟡 Estoque excessivo;0,0;492,34;0,0
PC000213;Não informado;B;Baixa;30,0;56,2;16,0;20;40;15;22,8;12,17;🔴 Comprar agora;45,0;471,31;21189,36
PC003271;Não informado;B;Baixa;10,0;8,3;36,3;20;40;15;10,05;12,17;🟢 OK;0,0;3507,55;0,0
PC006040;Não informado;B;Baixa;3,0;5,0;18,1;20;40;15;20,15;12,17;🔴 Comprar agora;4,0;5558,85;20149,36
PC003374;Não informado;B;Baixa;27,0;15,5;52,1;20;40;15;7,01;12,17;🟡 Estoque excessivo;0,0;1654,3;0,0
PC005869;Não informado;B;Baixa;25,0;8,2;91,9;20;40;15;3,97;12,17;🟡 Estoque excessivo;0,0;3889,5;0,0
PC003966;Não informado;B;Baixa;19,0;15,2;37,4;20;40;15;9,75;12,17;🟢 OK;0,0;1993,14;0,0
PC002699;Não informado;B;Baixa;43,0;46,9;27,5;20;40;15;13,26;12,17;🟢 OK;0,0;753,98;0,0
PC005011;Não informado;B;Baixa;72,0;30,3;71,2;20;40;15;5,12;12,17;🟡 Estoque excessivo;0,0;853,23;0,0
PC005726;Não informado;B;Baixa;113,0;70,2;48,3;20;40;15;7,56;12,17;🟡 Estoque excessivo;0,0;615,58;0,0
PC002890;Não informado;B;Baixa;46,0;17,6;78,5;20;40;15;4,65;12,17;🟡 Estoque excessivo;0,0;1796,11;0,0
PC008281;Não informado;B;Baixa;12,0;9,3;38,8;20;40;15;9,41;12,17;🟢 OK;0,0;2589,12;0,0
PC001773;Não informado;B;Baixa;4,0;33,6;3,6;20;40;15;102,22;12,17;🚨 RUPTURA IMINENTE;41,0;3090,58;126122,56
PC008006;Não informado;B;Baixa;69,0;28,7;72,2;20;40;15;5,05;12,17;🟡 Estoque excessivo;0,0;1070,21;0,0
PC003908;Não informado;B;Média;11,0;11,4;28,8;20;40;15;12,66;12,17;🟢 OK;0,0;4587,93;0,0
PC004954;Não informado;B;Baixa;6,0;5,1;35,2;20;40;15;10,36;12,17;🟢 OK;0,0;4910,33;0,0
PC005600;Não informado;B;Baixa;68,0;34,6;58,9;20;40;15;6,2;12,17;🟡 Estoque excessivo;0,0;719,57;0,0
PC007033;Não informado;B;Baixa;42,0;31,0;40,7;20;40;15;8,97;12,17;🟡 Estoque excessivo;0,0;753,08;0,0
PC009838;Não informado;B;Baixa;30,0;18,3;49,2;20;40;15;7,42;12,17;🟡 Estoque excessivo;0,0;1526,42;0,0
PC006095;Não informado;B;Baixa;24,0;23,5;30,7;20;40;15;11,89;12,17;🟢 OK;0,0;1044,89;0,0
PC004807;Não informado;B;Baixa;21,0;6,5;96,5;20;40;15;3,78;12,17;🟡 Estoque excessivo;0,0;3652,09;0,0
PC002388;Não informado;B;Média;17,0;9,7;52,4;20;40;15;6,96;12,17;🟡 Estoque excessivo;0,0;5294,83;0,0
PC007548;Não informado;B;Baixa;13,0;14,3;27,2;20;40;15;13,42;12,17;🟢 OK;0,0;1810,8;0,0
PC000280;Não informado;B;Baixa;75,0;38,0;59,1;20;40;15;6,17;12,17;🟡 Estoque excessivo;0,0;629,85;0,0
PC009287;Não informado;B;Baixa;14,0;5,5;76,7;20;40;15;4,76;12,17;🟡 Estoque excessivo;0,0;4708,2;0,0
PC007164;Não informado;B;Baixa;22,0;7,1;92,7;20;40;15;3,94;12,17;🟡 Estoque excessivo;0,0;3139,15;0,0
PC008073;Não informado;B;Baixa;83,0;24,2;102,9;20;40;15;3,55;12,17;🟡 Estoque excessivo;0,0;1083,16;0,0
PC002757;Não informado;B;Baixa;35,0;16,7;63,0;20;40;15;5,79;12,17;🟡 Estoque excessivo;0,0;1116,96;0,0
PC000940;Não informado;B;Baixa;39,0;50,6;23,1;20;40;15;15,79;12,17;🟢 OK;0,0;783,88;0,0
PC006775;Não informado;B;Baixa;45,0;23,0;58,7;20;40;15;6,22;12,17;🟡 Estoque excessivo;0,0;1237,38;0,0
PC001831;Não informado;B;Baixa;50,0;31,6;47,4;20;40;15;7,7;12,17;🟡 Estoque excessivo;0,0;958,5;0,0
PC009983;Não informado;B;Baixa;50,0;60,3;24,9;20;40;15;14,66;12,17;🟢 OK;0,0;648,26;0,0
PC008324;Não informado;B;Baixa;25,0;15,1;49,6;20;40;15;7,36;12,17;🟡 Estoque excessivo;0,0;1929,58;0,0
PC003989;Não informado;B;Baixa;198,0;107,8;55,1;20;40;15;6,62;12,17;🟡 Estoque excessivo;0,0;229,3;0,0
PC002029;Não informado;B;Baixa;21,0;12,1;52,2;20;40;15;6,99;12,17;🟡 Estoque excessivo;0,0;2159,23;0,0
PC007830;Não informado;B;Baixa;69,0;41,0;50,5;20;40;15;7,23;12,17;🟡 Estoque excessivo;0,0;788,0;0,0
PC000658;Não informado;B;Baixa;97,0;57,6;50,5;20;40;15;7,23;12,17;🟡 Estoque excessivo;0,0;364,9;0,0
PC004176;Não informado;B;Baixa;33,0;39,0;25,4;20;40;15;14,37;12,17;🟢 OK;0,0;1015,28;0,0
PC008009;Não informado;B;Baixa;38,0;62,4;18,3;20;40;15;19,96;12,17;🔴 Comprar agora;45,0;406,76;18359,75
PC008275;Não informado;B;Baixa;48,0;29,0;49,7;20;40;15;7,35;12,17;🟡 Estoque excessivo;0,0;916,18;0,0
PC004250;Não informado;B;Baixa;16,0;7,0;68,5;20;40;15;5,33;12,17;🟡 Estoque excessivo;0,0;3086,05;0,0
PC008394;Não informado;B;Baixa;109,0;38,9;84,0;20;40;15;4,35;12,17;🟡 Estoque excessivo;0,0;651,7;0,0
PC005325;Não informado;B;Baixa;4,0;14,5;8,3;20;40;15;44,03;12,17;🚨 RUPTURA IMINENTE;15,0;7790,43;119214,36
PC009601;Não informado;C;Baixa;32,0;9,8;97,6;30;55;15;3,74;8,59;🟡 Estoque excessivo;0,0;2288,81;0,0
PC004847;Não informado;C;Baixa;9,0;29,8;9,1;30;55;15;40,22;8,59;🚨 RUPTURA IMINENTE;46,0;2703,56;123138,65
PC006000;Não informado;C;Baixa;152,0;64,7;70,5;30;55;15;5,18;8,59;🟡 Estoque excessivo;0,0;439,15;0,0
PC006404;Não informado;C;Baixa;4,0;10,2;11,7;30;55;15;31,12;8,59;🚨 RUPTURA IMINENTE;15,0;4469,25;65948,06
PC004505;Não informado;C;Baixa;13,0;6,6;59,3;30;55;15;6,15;8,59;🟡 Estoque excessivo;0,0;6622,01;0,0
PC009800;Não informado;C;Média;21,0;32,3;19,5;30;55;15;18,69;8,59;🔴 Comprar agora;38,0;1529,47;58321,82
PC008967;Não informado;C;Baixa;10,0;5,3;56,7;30;55;15;6,44;8,59;🟡 Estoque excessivo;0,0;5335,78;0,0
PC004241;Não informado;C;Baixa;7,0;9,1;23,1;30;55;15;15,82;8,59;🔴 Comprar agora;10,0;3102,05;30053,2
PC006628;Não informado;C;Baixa;14,0;79,9;5,3;30;55;15;69,44;8,59;🚨 RUPTURA IMINENTE;132,0;866,0;114728,64
PC007909;Não informado;C;Baixa;13,0;15,3;25,5;30;55;15;14,3;8,59;🔴 Comprar agora;15,0;1713,84;25732,96
PC002835;Não informado;C;Baixa;115,0;42,9;80,3;30;55;15;4,54;8,59;🟡 Estoque excessivo;0,0;609,96;0,0
PC002485;Não informado;C;Baixa;129,0;44,4;87,1;30;55;15;4,19;8,59;🟡 Estoque excessivo;0,0;639,47;0,0
PC002108;Não informado;C;Baixa;13,0;6,5;60,4;30;55;15;6,04;8,59;🟡 Estoque excessivo;0,0;7769,57;0,0
PC004609;Não informado;C;Baixa;5,0;11,7;12,9;30;55;15;28,38;8,59;🚨 RUPTURA IMINENTE;16,0;4268,6;69934,0
PC008295;Não informado;C;Baixa;51,0;28,0;54,6;30;55;15;6,68;8,59;🟢 OK;0,0;957,87;0,0
PC005697;Não informado;C;Baixa;14,0;6,8;62,2;30;55;15;5,87;8,59;🟡 Estoque excessivo;0,0;4492,33;0,0
PC007361;Não informado;C;Baixa;76,0;35,7;63,8;30;55;15;5,72;8,59;🟡 Estoque excessivo;0,0;592,02;0,0
PC002543;Não informado;C;Baixa;15,0;11,1;40,5;30;55;15;9,01;8,59;🟢 OK;0,0;3357,21;0,0
PC004562;Não informado;C;Baixa;58,0;31,2;55,7;30;55;15;6,55;8,59;🟡 Estoque excessivo;0,0;750,41;0,0
PC006861;Não informado;C;Baixa;6,0;7,9;22,7;30;55;15;16,07;8,59;🔴 Comprar agora;9,0;5919,57;50484,75
PC007685;Não informado;C;Baixa;25,0;13,0;57,9;30;55;15;6,31;8,59;🟡 Estoque excessivo;0,0;1947,75;0,0
PC008013;Não informado;C;Baixa;12,0;8,4;42,8;30;55;15;8,52;8,59;🟢 OK;0,0;3306,17;0,0
PC001674;Não informado;C;Baixa;30,0;33,5;26,9;30;55;15;13,57;8,59;🔴 Comprar agora;31,0;1339,16;41965,82
PC005125;Não informado;C;Baixa;30,0;13,4;67,2;30;55;15;5,44;8,59;🟡 Estoque excessivo;0,0;1829,25;0,0
PC003300;Não informado;C;Baixa;61,0;61,4;29,8;30;55;15;12,24;8,59;🔴 Comprar agora;52,0;497,41;25620,11
PC009607;Não informado;C;Baixa;24,0;7,8;92,6;30;55;15;3,94;8,59;🟡 Estoque excessivo;0,0;2665,17;0,0
PC001712;Não informado;C;Baixa;140,0;202,0;20,8;30;55;15;17,55;8,59;🔴 Comprar agora;230,0;692,69;159525,74
PC009580;Não informado;C;Baixa;73,0;24,0;91,1;30;55;15;4,01;8,59;🟡 Estoque excessivo;0,0;1182,25;0,0
PC001800;Não informado;C;Baixa;58,0;37,7;46,1;30;55;15;7,91;8,59;🟢 OK;0,0;593,99;0,0
PC005383;Não informado;C;Baixa;26,0;8,2;94,6;30;55;15;3,86;8,59;🟡 Estoque excessivo;0,0;3424,4;0,0
PC006235;Não informado;C;Média;52,0;40,0;39,0;30;55;15;9,36;8,59;🟢 OK;0,0;929,78;0,0
PC003337;Não informado;C;Baixa;95,0;30,7;92,8;30;55;15;3,93;8,59;🟡 Estoque excessivo;0,0;779,96;0,0
PC000904;Não informado;C;Baixa;77,0;33,3;69,4;30;55;15;5,26;8,59;🟡 Estoque excessivo;0,0;813,33;0,0
PC000695;Não informado;C;Baixa;24,0;28,5;25,3;30;55;15;14,45;8,59;🔴 Comprar agora;28,0;859,69;24295,52
PC002999;Não informado;C;Baixa;28,0;19,1;44,1;30;55;15;8,28;8,59;🟢 OK;0,0;1255,93;0,0
PC004037;Não informado;C;Baixa;88,0;92,8;28,5;30;55;15;12,83;8,59;🔴 Comprar agora;82,0;914,15;75044,29
PC004907;Não informado;C;Baixa;11,0;15,5;21,4;30;55;15;17,1;8,59;🔴 Comprar agora;17,0;1947,75;33766,77
PC005203;Não informado;C;Baixa;40,0;43,0;27,9;30;55;15;13,07;8,59;🔴 Comprar agora;39,0;742,82;28795,69
PC008042;Não informado;C;Baixa;33,0;27,6;35,9;30;55;15;10,16;8,59;🟢 OK;0,0;974,34;0,0
PC005219;Não informado;C;Baixa;33,0;18,4;53,7;30;55;15;6,79;8,59;🟢 OK;0,0;1171,75;0,0
PC004370;Não informado;C;Baixa;70,0;42,7;49,1;30;55;15;7,43;8,59;🟢 OK;0,0;917,56;0,0
PC006708;Não informado;C;Baixa;6,0;5,3;33,7;30;55;15;10,83;8,59;🟢 OK;0,0;5306,47;0,0
PC001580;Não informado;C;Baixa;45,0;23,8;56,8;30;55;15;6,43;8,59;🟡 Estoque excessivo;0,0;909,18;0,0
PC006379;Não informado;C;Baixa;75,0;26,2;85,8;30;55;15;4,25;8,59;🟡 Estoque excessivo;0,0;950,84;0,0
PC003729;Não informado;C;Baixa;66,0;33,8;58,6;30;55;15;6,23;8,59;🟡 Estoque excessivo;0,0;726,21;0,0
PC001327;Não informado;C;Baixa;25,0;11,0;67,9;30;55;15;5,38;8,59;🟡 Estoque excessivo;0,0;2221,56;0,0
PC009038;Não informado;C;Baixa;64,0;30,8;62,4;30;55;15;5,85;8,59;🟡 Estoque excessivo;0,0;1075,54;0,0
PC002360;Não informado;C;Baixa;68,0;36,1;56,6;30;55;15;6,45;8,59;🟡 Estoque excessivo;0,0;606,38;0,0
PC005930;Não informado;C;Baixa;180,0;112,8;47,9;30;55;15;7,63;8,59;🟢 OK;0,0;302,81;0,0
PC004005;Não informado;C;Baixa;28,0;16,8;50,0;30;55;15;7,3;8,59;🟢 OK;0,0;1418,4;0,0
PC000881;Não informado;C;Baixa;141,0;79,4;53,2;30;55;15;6,85;8,59;🟢 OK;0,0;334,81;0,0
PC002565;Não informado;C;Baixa;33,0;11,0;89,6;30;55;15;4,07;8,59;🟡 Estoque excessivo;0,0;1964,22;0,0
PC000017;Não informado;C;Baixa;7,0;5,1;40,9;30;55;15;8,91;8,59;🟢 OK;0,0;4121,35;0,0
PC006925;Não informado;C;Baixa;15,0;18,0;25,0;30;55;15;14,6;8,59;🔴 Comprar agora;18,0;3544,19;63820,4
PC005967;Não informado;C;Baixa;104,0;48,9;63,8;30;55;15;5,72;8,59;🟡 Estoque excessivo;0,0;531,72;0,0
PC000019;Não informado;C;Baixa;142,0;249,6;17,1;30;55;15;21,39;8,59;🔴 Comprar agora;316,0;362,45;114407,5
PC008974;Não informado;C;Baixa;24,0;22,8;31,5;30;55;15;11,57;8,59;🟢 OK;0,0;1085,35;0,0
PC001148;Não informado;C;Baixa;19,0;14,9;38,3;30;55;15;9,53;8,59;🟢 OK;0,0;1888,25;0,0
PC003835;Não informado;C;Baixa;23,0;14,3;48,3;30;55;15;7,55;8,59;🟢 OK;0,0;2128,94;0,0
PC009105;Não informado;C;Baixa;7,0;44,2;4,8;30;55;15;76,77;8,59;🚨 RUPTURA IMINENTE;74,0;2547,18;188432,78
PC000622;Não informado;C;Baixa;63,0;53,5;35,3;30;55;15;10,34;8,59;🟢 OK;0,0;831,36;0,0
PC000409;Não informado;C;Baixa;46,0;16,3;84,7;30;55;15;4,31;8,59;🟡 Estoque excessivo;0,0;1438,41;0,0
PC009029;Não informado;C;Baixa;26,0;13,1;59,3;30;55;15;6,15;8,59;🟡 Estoque excessivo;0,0;1798,03;0,0
PC008071;Não informado;C;Baixa;17,0;5,3;96,1;30;55;15;3,8;8,59;🟡 Estoque excessivo;0,0;5827,42;0,0
PC001518;Não informado;C;Baixa;58,0;17,5;99,3;30;55;15;3,68;8,59;🟡 Estoque excessivo;0,0;1177,45;0,0
PC001982;Não informado;C;Baixa;16,0;5,0;96,7;30;55;15;3,77;8,59;🟡 Estoque excessivo;0,0;4199,45;0,0
PC004490;Não informado;C;Baixa;55,0;25,1;65,7;30;55;15;5,55;8,59;🟡 Estoque excessivo;0,0;1080,93;0,0
PC007084;Não informado;C;Baixa;70,0;22,2;94,4;30;55;15;3,87;8,59;🟡 Estoque excessivo;0,0;865,43;0,0
PC006106;Não informado;C;Baixa;30,0;22,2;40,5;30;55;15;9,02;8,59;🟢 OK;0,0;1610,37;0,0
PC006051;Não informado;C;Média;16,0;46,9;10,2;30;55;15;35,65;8,59;🚨 RUPTURA IMINENTE;70,0;984,85;68890,39
PC009148;Não informado;C;Baixa;49,0;24,0;61,3;30;55;15;5,95;8,59;🟡 Estoque excessivo;0,0;857,64;0,0
PC002028;Não informado;C;Baixa;84,0;61,8;40,8;30;55;15;8,95;8,59;🟢 OK;0,0;789,6;0,0
PC001223;Não informado;C;Baixa;15,0;8,3;54,5;30;55;15;6,69;8,59;🟢 OK;0,0;4677,36;0,0
PC009903;Não informado;C;Baixa;13,0;13,3;29,4;30;55;15;12,42;8,59;🔴 Comprar agora;11,0;3994,63;45255,78
PC004792;Não informado;C;Baixa;55,0;26,2;63,0;30;55;15;5,8;8,59;🟡 Estoque excessivo;0,0;1098,33;0,0
PC001236;Não informado;C;Baixa;57,0;16,8;101,8;30;55;15;3,59;8,59;🟡 Estoque excessivo;0,0;1257,04;0,0
PC007379;Não informado;C;Baixa;72,0;34,3;63,0;30;55;15;5,79;8,59;🟡 Estoque excessivo;0,0;563,73;0,0
PC006466;Não informado;C;Baixa;32,0;23,0;41,8;30;55;15;8,73;8,59;🟢 OK;0,0;1000,96;0,0
PC001166;Não informado;C;Baixa;47,0;31,0;45,5;30;55;15;8,02;8,59;🟢 OK;0,0;837,8;0,0
PC005200;Não informado;C;Baixa;51,0;20,3;75,5;30;55;15;4,83;8,59;🟡 Estoque excessivo;0,0;1209,58;0,0
PC001605;Não informado;C;Baixa;24,0;34,0;21,2;30;55;15;17,23;8,59;🔴 Comprar agora;38,0;2420,81;92726,84
PC005976;Não informado;C;Média;22,0;11,6;56,8;30;55;15;6,42;8,59;🟡 Estoque excessivo;0,0;3831,61;0,0
PC006069;Não informado;C;Baixa;35,0;25,9;40,6;30;55;15;9,0;8,59;🟢 OK;0,0;1015,72;0,0
PC009941;Não informado;C;Baixa;33,0;31,9;31,0;30;55;15;11,76;8,59;🟢 OK;0,0;670,66;0,0
PC007812;Não informado;C;Baixa;11,0;7,9;42,0;30;55;15;8,69;8,59;🟢 OK;0,0;3460,07;0,0
PC002761;Não informado;C;Baixa;136,0;67,3;60,6;30;55;15;6,02;8,59;🟡 Estoque excessivo;0,0;419,88;0,0
PC000536;Não informado;C;Baixa;14,0;5,9;71,0;30;55;15;5,14;8,59;🟡 Estoque excessivo;0,0;3913,59;0,0
PC008900;Não informado;C;Baixa;15,0;44,5;10,1;30;55;15;36,11;8,59;🚨 RUPTURA IMINENTE;67,0;820,33;54640,42
PC006363;Não informado;C;Baixa;71,0;44,9;47,4;30;55;15;7,7;8,59;🟢 OK;0,0;514,1;0,0
PC009399;Não informado;C;Baixa;20,0;42,3;14,2;30;55;15;25,75;8,59;🚨 RUPTURA IMINENTE;58,0;854,72;49222,12
PC008184;Não informado;C;Baixa;41,0;24,5;50,3;30;55;15;7,26;8,59;🟢 OK;0,0;885,51;0,0
PC005122;Não informado;C;Baixa;16,0;5,1;95,0;30;55;15;3,84;8,59;🟡 Estoque excessivo;0,0;5436,7;0,0
PC007050;Não informado;C;Baixa;16,0;16,7;28,7;30;55;15;12,71;8,59;🔴 Comprar agora;15,0;1488,84;21809,99
PC003299;Não informado;C;Baixa;28,0;36,2;23,2;30;55;15;15,75;8,59;🔴 Comprar agora;38,0;905,42;34812,65
PC001549;Não informado;C;Baixa;116,0;49,7;70,0;30;55;15;5,22;8,59;🟡 Estoque excessivo;0,0;390,16;0,0
PC003521;Não informado;C;Baixa;5,0;7,0;21,3;30;55;15;17,13;8,59;🔴 Comprar agora;8,0;4564,55;36085,39
PC007764;Não informado;C;Baixa;8,0;5,1;47,2;30;55;15;7,73;8,59;🟢 OK;0,0;5731,96;0,0
PC006855;Não informado;C;Baixa;29,0;10,3;84,6;30;55;15;4,31;8,59;🟡 Estoque excessivo;0,0;2420,08;0,0
PC004015;Não informado;C;Baixa;12,0;5,4;66,9;30;55;15;5,45;8,59;🟡 Estoque excessivo;0,0;4675,49;0,0
PC005752;Não informado;C;Baixa;99,0;90,6;32,8;30;55;15;11,14;8,59;🟢 OK;0,0;560,15;0,0
PC004131;Não informado;C;Baixa;9,0;15,1;17,9;30;55;15;20,39;8,59;🔴 Comprar agora;19,0;1280,25;23885,31
PC000473;Não informado;C;Baixa;7,0;8,1;26,1;30;55;15;14,0;8,59;🔴 Comprar agora;8,0;2910,6;22609,82
PC009498;Não informado;C;Baixa;10,0;7,9;37,9;30;55;15;9,63;8,59;🟢 OK;0,0;5334,97;0,0
PC009748;Não informado;C;Baixa;48,0;17,2;83,5;30;55;15;4,37;8,59;🟡 Estoque excessivo;0,0;1846,11;0,0
PC009176;Não informado;C;Baixa;103,0;66,4;46,5;30;55;15;7,85;8,59;🟢 OK;0,0;458,2;0,0
PC000981;Não informado;C;Baixa;148,0;68,9;64,4;30;55;15;5,67;8,59;🟡 Estoque excessivo;0,0;399,44;0,0
PC003621;Não informado;C;Baixa;67,0;70,4;28,6;30;55;15;12,78;8,59;🔴 Comprar agora;62,0;1185,2;73514,39
PC003308;Não informado;C;Baixa;62,0;22,3;83,5;30;55;15;4,37;8,59;🟡 Estoque excessivo;0,0;1005,19;0,0
PC006638;Não informado;C;Baixa;51,0;49,7;30,8;30;55;15;11,87;8,59;🟢 OK;0,0;1745,93;0,0
PC001077;Não informado;C;Baixa;62,0;44,3;42,0;30;55;15;8,7;8,59;🟢 OK;0,0;530,58;0,0
PC007523;Não informado;C;Baixa;57,0;25,8;66,2;30;55;15;5,51;8,59;🟡 Estoque excessivo;0,0;1193,08;0,0
PC002571;Não informado;C;Baixa;29,0;35,6;24,4;30;55;15;14,95;8,59;🔴 Comprar agora;36,0;628,74;22828,74
PC007291;Não informado;C;Baixa;16,0;11,5;41,6;30;55;15;8,77;8,59;🟢 OK;0,0;2413,7;0,0
PC007057;Não informado;C;Média;60,0;127,2;14,2;30;55;15;25,79;8,59;🚨 RUPTURA IMINENTE;173,0;270,49;46842,36
PC008153;Não informado;C;Baixa;7,0;7,7;27,4;30;55;15;13,31;8,59;🔴 Comprar agora;7,0;3164,83;22273,01
PC005684;Não informado;C;Baixa;21,0;7,9;79,9;30;55;15;4,57;8,59;🟡 Estoque excessivo;0,0;3277,65;0,0
PC000888;Não informado;C;Baixa;58,0;33,5;52,0;30;55;15;7,02;8,59;🟢 OK;0,0;835,14;0,0
PC000894;Não informado;C;Baixa;16,0;5,1;93,3;30;55;15;3,91;8,59;🟡 Estoque excessivo;0,0;5158,83;0,0
PC009241;Não informado;C;Baixa;46,0;15,5;88,9;30;55;15;4,11;8,59;🟡 Estoque excessivo;0,0;1595,17;0,0
PC009484;Não informado;C;Baixa;224,0;71,3;94,3;30;55;15;3,87;8,59;🟡 Estoque excessivo;0,0;306,65;0,0
PC000575;Não informado;C;Baixa;96,0;43,0;67,0;30;55;15;5,45;8,59;🟡 Estoque excessivo;0,0;538,73;0,0
PC003674;Não informado;C;Baixa;27,0;24,1;33,6;30;55;15;10,86;8,59;🟢 OK;0,0;3466,03;0,0
PC006341;Não informado;C;Baixa;15,0;8,4;53,5;30;55;15;6,82;8,59;🟢 OK;0,0;2337,3;0,0
PC008415;Não informado;C;Baixa;57,0;57,1;29,9;30;55;15;12,19;8,59;🔴 Comprar agora;48,0;661,04;31553,97
PC009551;Não informado;C;Baixa;50,0;18,8;79,9;30;55;15;4,57;8,59;🟡 Estoque excessivo;0,0;1098,75;0,0
PC003629;Não informado;C;Média;33,0;44,2;22,4;30;55;15;16,28;8,59;🔴 Comprar agora;48,0;1058,04;50728,81
PC005943;Não informado;C;Baixa;60,0;141,5;12,7;30;55;15;28,69;8,59;🚨 RUPTURA IMINENTE;199,0;1097,09;218773,6
PC000010;Não informado;C;Baixa;112,0;65,3;51,5;30;55;15;7,09;8,59;🟢 OK;0,0;817,15;0,0
PC004526;Não informado;C;Baixa;42,0;40,5;31,1;30;55;15;11,73;8,59;🟢 OK;0,0;1173,72;0,0
PC006862;Não informado;C;Baixa;29,0;19,0;45,8;30;55;15;7,97;8,59;🟢 OK;0,0;1520,36;0,0
PC000889;Não informado;C;Baixa;55,0;30,4;54,2;30;55;15;6,73;8,59;🟢 OK;0,0;806,6;0,0
PC005583;Não informado;C;Baixa;39,0;70,3;16,6;30;55;15;21,93;8,59;🔴 Comprar agora;90,0;586,61;52715,63
PC008987;Não informado;C;Baixa;64,0;34,6;55,5;30;55;15;6,58;8,59;🟡 Estoque excessivo;0,0;1062,19;0,0
PC008493;Não informado;C;Baixa;39,0;35,7;32,7;30;55;15;11,15;8,59;🟢 OK;0,0;1621,58;0,0
PC000011;Não informado;C;Baixa;17,0;31,5;16,2;30;55;15;22,56;8,59;🔴 Comprar agora;41,0;670,95;27367,67
PC006399;Não informado;C;Baixa;85,0;36,2;70,4;30;55;15;5,18;8,59;🟡 Estoque excessivo;0,0;619,21;0,0
PC002972;Não informado;C;Média;117,0;114,6;30,6;30;55;15;11,92;8,59;🟢 OK;0,0;325,68;0,0
PC003533;Não informado;C;Baixa;10,0;4,0;75,0;30;55;15;4,87;8,59;🟡 Estoque excessivo;0,0;4943,94;0,0
PC003021;Não informado;C;Baixa;7,0;14,3;14,7;30;55;15;24,88;8,59;🚨 RUPTURA IMINENTE;19,0;1955,93;37647,87
PC007054;Não informado;C;Baixa;84,0;72,6;34,7;30;55;15;10,51;8,59;🟢 OK;0,0;413,37;0,0
PC000257;Não informado;C;Baixa;112,0;75,3;44,6;30;55;15;8,18;8,59;🟢 OK;0,0;905,5;0,0
PC008208;Não informado;C;Baixa;33,0;19,4;50,9;30;55;15;7,17;8,59;🟢 OK;0,0;1116,64;0,0
PC000345;Não informado;C;Baixa;11,0;11,5;28,6;30;55;15;12,75;8,59;🔴 Comprar agora;10,0;6407,11;64890,97
PC003013;Não informado;C;Baixa;66,0;65,6;30,2;30;55;15;12,1;8,59;🟢 OK;0,0;550,58;0,0
PC009084;Não informado;C;Baixa;10,0;6,3;47,3;30;55;15;7,71;8,59;🟢 OK;0,0;5890,32;0,0
PC002696;Não informado;C;Baixa;32,0;13,8;69,6;30;55;15;5,25;8,59;🟡 Estoque excessivo;0,0;1746,31;0,0
PC005573;Não informado;C;Baixa;17,0;12,5;40,7;30;55;15;8,96;8,59;🟢 OK;0,0;1966,97;0,0
PC007847;Não informado;C;Baixa;20,0;23,8;25,2;30;55;15;14,5;8,59;🔴 Comprar agora;24,0;871,07;20635,2
PC002476;Não informado;C;Média;61,0;60,0;30,5;30;55;15;11,97;8,59;🟢 OK;0,0;741,09;0,0
PC009416;Não informado;C;Baixa;57,0;31,3;54,7;30;55;15;6,67;8,59;🟢 OK;0,0;692,69;0,0
PC003205;Não informado;C;Baixa;71,0;172,8;12,3;30;55;15;29,61;8,59;🚨 RUPTURA IMINENTE;246,0;569,06;139846,84
PC009528;Não informado;C;Baixa;48,0;28,9;49,9;30;55;15;7,32;8,59;🟢 OK;0,0;923,05;0,0
PC006507;Não informado;C;Baixa;24,0;16,2;44,5;30;55;15;8,21;8,59;🟢 OK;0,0;1527,0;0,0
PC004432;Não informado;C;Média;16,0;36,1;13,3;30;55;15;27,44;8,59;🚨 RUPTURA IMINENTE;50,0;1185,96;59484,48
PC000270;Não informado;C;Baixa;76,0;45,1;50,5;30;55;15;7,23;8,59;🟢 OK;0,0;861,85;0,0
PC005132;Não informado;C;Baixa;120,0;85,2;42,2;30;55;15;8,64;8,59;🟢 OK;0,0;264,19;0,0
PC004799;Não informado;C;Baixa;32,0;27,9;34,4;30;55;15;10,61;8,59;🟢 OK;0,0;883,07;0,0
PC009428;Não informado;C;Baixa;7,0;9,5;22,2;30;55;15;16,43;8,59;🔴 Comprar agora;10,0;4624,25;47793,65
PC000567;Não informado;C;Baixa;92,0;32,6;84,7;30;55;15;4,31;8,59;🟡 Estoque excessivo;0,0;999,54;0,0
PC006443;Não informado;C;Baixa;19,0;31,9;17,9;30;55;15;20,4;8,59;🔴 Comprar agora;39,0;1263,32;49793,55
PC001410;Não informado;C;Baixa;31,0;10,0;92,9;30;55;15;3,93;8,59;🟡 Estoque excessivo;0,0;2636,78;0,0
PC006285;Não informado;C;Baixa;26,0;8,0;97,9;30;55;15;3,73;8,59;🟡 Estoque excessivo;0,0;2890,59;0,0
PC003727;Não informado;C;Baixa;86,0;46,1;56,0;30;55;15;6,52;8,59;🟡 Estoque excessivo;0,0;447,63;0,0
PC001876;Não informado;C;Baixa;51,0;21,6;70,7;30;55;15;5,16;8,59;🟡 Estoque excessivo;0,0;1597,78;0,0
PC003767;Não informado;C;Baixa;16,0;22,3;21,5;30;55;15;16,94;8,59;🔴 Comprar agora;25,0;1092,6;27136,2
PC006851;Não informado;C;Baixa;119,0;82,1;43,5;30;55;15;8,4;8,59;🟢 OK;0,0;234,1;0,0
PC007984;Não informado;C;Baixa;21,0;39,6;15,9;30;55;15;22,96;8,59;🔴 Comprar agora;52,0;769,98;39779,09
PC004561;Não informado;C;Baixa;31,0;16,1;57,6;30;55;15;6,33;8,59;🟡 Estoque excessivo;0,0;1090,39;0,0
PC009794;Não informado;C;Baixa;9,0;6,6;40,9;30;55;15;8,93;8,59;🟢 OK;0,0;2750,11;0,0
PC005119;Não informado;C;Baixa;98,0;75,2;39,1;30;55;15;9,33;8,59;🟢 OK;0,0;297,26;0,0
PC001723;Não informado;C;Baixa;29,0;9,2;94,7;30;55;15;3,85;8,59;🟡 Estoque excessivo;0,0;2138,5;0,0
PC003759;Não informado;C;Baixa;10,0;6,6;45,4;30;55;15;8,03;8,59;🟢 OK;0,0;3190,01;0,0
PC008196;Não informado;C;Baixa;32,0;17,3;55,4;30;55;15;6,59;8,59;🟡 Estoque excessivo;0,0;1486,45;0,0
PC008463;Não informado;C;Baixa;28,0;16,9;49,6;30;55;15;7,36;8,59;🟢 OK;0,0;1526,01;0,0
PC002222;Não informado;C;Baixa;46,0;22,2;62,0;30;55;15;5,88;8,59;🟡 Estoque excessivo;0,0;952,76;0,0
PC002714;Não informado;C;Baixa;6,0;5,1;35,2;30;55;15;10,38;8,59;🟢 OK;0,0;3657,05;0,0
PC004686;Não informado;C;Baixa;50,0;20,9;71,8;30;55;15;5,08;8,59;🟡 Estoque excessivo;0,0;961,56;0,0
PC007620;Não informado;C;Baixa;44,0;39,4;33,5;30;55;15;10,89;8,59;🟢 OK;0,0;466,01;0,0
PC006160;Não informado;C;Baixa;47,0;24,8;56,8;30;55;15;6,43;8,59;🟡 Estoque excessivo;0,0;887,12;0,0
PC009151;Não informado;C;Baixa;25,0;46,7;16,0;30;55;15;22,75;8,59;🔴 Comprar agora;61,0;880,59;53457,33
PC004715;Não informado;C;Baixa;36,0;33,2;32,5;30;55;15;11,22;8,59;🟢 OK;0,0;749,55;0,0
PC007956;Não informado;C;Baixa;17,0;20,0;25,5;30;55;15;14,31;8,59;🔴 Comprar agora;20,0;2234,93;43914,04
PC004289;Não informado;C;Baixa;35,0;22,6;46,5;30;55;15;7,86;8,59;🟢 OK;0,0;3720,41;0,0
PC002805;Não informado;C;Baixa;30,0;23,3;38,7;30;55;15;9,43;8,59;🟢 OK;0,0;793,48;0,0
PC008781;Não informado;C;Baixa;3,0;5,4;16,6;30;55;15;22,01;8,59;🔴 Comprar agora;7,0;4579,36;31833,27
PC001582;Não informado;C;Baixa;46,0;34,9;39,5;30;55;15;9,23;8,59;🟢 OK;0,0;799,69;0,0
PC007577;Não informado;C;Baixa;3,0;3,8;23,4;30;55;15;15,58;8,59;🔴 Comprar agora;4,0;5302,09;21447,11
PC002532;Não informado;C;Baixa;121,0;61,2;59,3;30;55;15;6,16;8,59;🟡 Estoque excessivo;0,0;485,15;0,0
PC001326;Não informado;C;Baixa;24,0;11,8;61,0;30;55;15;5,99;8,59;🟡 Estoque excessivo;0,0;2054,77;0,0
PC002660;Não informado;C;Baixa;41,0;31,6;38,9;30;55;15;9,37;8,59;🟢 OK;0,0;720,2;0,0
PC007556;Não informado;C;Baixa;3,0;6,4;14,2;30;55;15;25,79;8,59;🚨 RUPTURA IMINENTE;9,0;4893,77;42371,59
PC000463;Não informado;C;Baixa;78,0;47,7;49,1;30;55;15;7,43;8,59;🟢 OK;0,0;777,02;0,0
PC005861;Não informado;C;Baixa;12,0;9,6;37,4;30;55;15;9,76;8,59;🟢 OK;0,0;2324,21;0,0
PC005797;Não informado;C;Baixa;28,0;14,8;56,6;30;55;15;6,45;8,59;🟡 Estoque excessivo;0,0;2016,44;0,0
PC000390;Não informado;C;Baixa;44,0;83,5;15,8;30;55;15;23,1;8,59;🔴 Comprar agora;109,0;365,32;39881,48
PC005157;Não informado;C;Baixa;25,0;14,8;50,8;30;55;15;7,19;8,59;🟢 OK;0,0;1844,93;0,0
PC003277;Não informado;C;Baixa;39,0;17,0;69,0;30;55;15;5,29;8,59;🟡 Estoque excessivo;0,0;1500,62;0,0
PC003269;Não informado;C;Baixa;43,0;20,0;64,6;30;55;15;5,65;8,59;🟡 Estoque excessivo;0,0;1203,36;0,0
PC005330;Não informado;C;Baixa;41,0;29,0;42,4;30;55;15;8,61;8,59;🟢 OK;0,0;709,33;0,0
PC003836;Não informado;C;Baixa;8,0;17,2;13,9;30;55;15;26,17;8,59;🚨 RUPTURA IMINENTE;24,0;3684,78;86753,25
PC007407;Não informado;C;Baixa;8,0;3,0;80,8;30;55;15;4,52;8,59;🟡 Estoque excessivo;0,0;7849,73;0,0
PC002885;Não informado;C;Baixa;15,0;13,5;33,4;30;55;15;10,93;8,59;🟢 OK;0,0;1781,08;0,0
PC009695;Não informado;C;Média;43,0;26,8;48,1;30;55;15;7,59;8,59;🟢 OK;0,0;1441,74;0,0
PC005320;Não informado;C;Baixa;12,0;14,0;25,7;30;55;15;14,18;8,59;🔴 Comprar agora;14,0;1631,04;22243,96
PC004304;Não informado;C;Média;69,0;45,7;45,3;30;55;15;8,06;8,59;🟢 OK;0,0;811,24;0,0
PC008345;Não informado;C;Baixa;72,0;25,2;85,6;30;55;15;4,27;8,59;🟡 Estoque excessivo;0,0;1094,67;0,0
PC000134;Não informado;C;Baixa;84,0;128,9;19,6;30;55;15;18,67;8,59;🔴 Comprar agora;152,0;618,97;94253,28
PC002979;Não informado;C;Baixa;66,0;20,8;95,0;30;55;15;3,84;8,59;🟡 Estoque excessivo;0,0;1406,28;0,0
PC005462;Não informado;C;Baixa;59,0;67,1;26,4;30;55;15;13,85;8,59;🔴 Comprar agora;64,0;321,5;20606,3
PC000064;Não informado;C;Baixa;49,0;63,4;23,2;30;55;15;15,75;8,59;🔴 Comprar agora;67,0;571,45;38467,09
PC001811;Não informado;C;Baixa;83,0;32,5;76,6;30;55;15;4,76;8,59;🟡 Estoque excessivo;0,0;707,64;0,0
PC001531;Não informado;C;Baixa;78,0;28,8;81,2;30;55;15;4,5;8,59;🟡 Estoque excessivo;0,0;1036,94;0,0
PC003355;Não informado;C;Baixa;26,0;27,2;28,6;30;55;15;12,75;8,59;🔴 Comprar agora;24,0;884,38;21188,11
PC001037;Não informado;C;Baixa;16,0;6,7;72,1;30;55;15;5,06;8,59;🟡 Estoque excessivo;0,0;3987,89;0,0
PC009106;Não informado;C;Baixa;31,0;74,4;12,5;30;55;15;29,21;8,59;🚨 RUPTURA IMINENTE;105,0;1039,86;109672,9
PC004601;Não informado;C;Baixa;74,0;33,9;65,4;30;55;15;5,58;8,59;🟡 Estoque excessivo;0,0;708,47;0,0
PC001215;Não informado;C;Baixa;49,0;26,1;56,3;30;55;15;6,49;8,59;🟡 Estoque excessivo;0,0;1093,17;0,0
PC005524;Não informado;C;Baixa;19,0;6,6;86,1;30;55;15;4,24;8,59;🟡 Estoque excessivo;0,0;4393,17;0,0
PC008270;Não informado;C;Baixa;13,0;25,5;15,3;30;55;15;23,9;8,59;🔴 Comprar agora;34,0;1019,65;34474,05
PC005230;Não informado;C;Baixa;32,0;14,1;68,1;30;55;15;5,36;8,59;🟡 Estoque excessivo;0,0;1431,17;0,0
PC009242;Não informado;C;Baixa;9,0;4,2;64,9;30;55;15;5,63;8,59;🟡 Estoque excessivo;0,0;4470,18;0,0
PC001028;Não informado;C;Baixa;29,0;9,2;94,5;30;55;15;3,86;8,59;🟡 Estoque excessivo;0,0;2048,08;0,0
PC005072;Não informado;C;Baixa;133,0;131,3;30,4;30;55;15;12,01;8,59;🟢 OK;0,0;843,86;0,0
PC001659;Não informado;C;Baixa;32,0;16,5;58,1;30;55;15;6,28;8,59;🟡 Estoque excessivo;0,0;1864,56;0,0
PC007100;Não informado;C;Baixa;8,0;5,0;47,6;30;55;15;7,67;8,59;🟢 OK;0,0;4727,54;0,0
PC000516;Não informado;C;Baixa;4,0;4,8;24,9;30;55;15;14,68;8,59;🔴 Comprar agora;5,0;7742,6;37529,26
PC008516;Não informado;C;Média;6,0;9,8;18,3;30;55;15;19,94;8,59;🔴 Comprar agora;12,0;3101,27;37292,91
PC004215;Não informado;C;Baixa;122,0;52,1;70,2;30;55;15;5,2;8,59;🟡 Estoque excessivo;0,0;393,2;0,0
PC004372;Não informado;C;Baixa;24,0;18,8;38,3;30;55;15;9,54;8,59;🟢 OK;0,0;2115,65;0,0
PC004084;Não informado;C;Baixa;20,0;13,3;45,2;30;55;15;8,07;8,59;🟢 OK;0,0;1471,58;0,0
PC005461;Não informado;C;Baixa;253,0;80,8;93,9;30;55;15;3,89;8,59;🟡 Estoque excessivo;0,0;268,91;0,0
PC003605;Não informado;C;Baixa;77,0;33,7;68,4;30;55;15;5,33;8,59;🟡 Estoque excessivo;0,0;801,58;0,0
PC007355;Não informado;C;Baixa;27,0;7,1;114,0;30;55;15;3,2;8,59;🟡 Estoque excessivo;0,0;2682,22;0,0
PC000123;Não informado;C;Baixa;20,0;40,1;15,0;30;55;15;24,38;8,59;🚨 RUPTURA IMINENTE;53,0;1809,71;96778,16
PC007316;Não informado;C;Baixa;2,0;6,5;9,3;30;55;15;39,4;8,59;🚨 RUPTURA IMINENTE;10,0;5978,25;59034,29
PC005720;Não informado;C;Baixa;9,0;12,5;21,6;30;55;15;16,93;8,59;🔴 Comprar agora;14,0;6886,82;96102,03
PC004000;Não informado;C;Baixa;129,0;42,0;92,1;30;55;15;3,96;8,59;🟡 Estoque excessivo;0,0;502,71;0,0
PC008209;Não informado;C;Baixa;7,0;4,0;53,1;30;55;15;6,87;8,59;🟢 OK;0,0;6285,72;0,0
PC007501;Não informado;C;Baixa;12,0;10,2;35,3;30;55;15;10,33;8,59;🟢 OK;0,0;3292,76;0,0
PC002934;Não informado;C;Baixa;55,0;71,2;23,2;30;55;15;15,74;8,59;🔴 Comprar agora;75,0;292,36;22058,1
PC002389;Não informado;C;Baixa;30,0;83,6;10,8;30;55;15;33,91;8,59;🚨 RUPTURA IMINENTE;123,0;819,52;101048,98
PC008359;Não informado;C;Baixa;17,0;21,8;23,4;30;55;15;15,63;8,59;🔴 Comprar agora;23,0;800,23;18430,71
PC005531;Não informado;C;Baixa;12,0;19,5;18,4;30;55;15;19,79;8,59;🔴 Comprar agora;24,0;1220,28;29033,38
PC000436;Não informado;C;Baixa;16,0;7,8;61,7;30;55;15;5,92;8,59;🟡 Estoque excessivo;0,0;3702,97;0,0
PC002961;Não informado;C;Baixa;48,0;14,9;96,6;30;55;15;3,78;8,59;🟡 Estoque excessivo;0,0;1270,52;0,0
PC000566;Não informado;C;Baixa;189,0;98,3;57,7;30;55;15;6,33;8,59;🟡 Estoque excessivo;0,0;179,16;0,0
PC003336;Não informado;C;Baixa;37,0;15,4;72,3;30;55;15;5,05;8,59;🟡 Estoque excessivo;0,0;1531,71;0,0
PC006061;Não informado;C;Baixa;56,0;16,4;102,7;30;55;15;3,55;8,59;🟡 Estoque excessivo;0,0;1046,91;0,0
PC007490;Não informado;C;Baixa;10,0;4,5;67,1;30;55;15;5,44;8,59;🟡 Estoque excessivo;0,0;4398,09;0,0
PC004011;Não informado;C;Baixa;11,0;15,0;22,0;30;55;15;16,57;8,59;🔴 Comprar agora;16,0;1456,14;23977,28
PC007315;Não informado;C;Baixa;33,0;36,1;27,4;30;55;15;13,32;8,59;🔴 Comprar agora;33,0;539,28;17934,98
PC006267;Não informado;C;Baixa;30,0;11,0;81,5;30;55;15;4,48;8,59;🟡 Estoque excessivo;0,0;2285,57;0,0
PC009950;Não informado;C;Baixa;141,0;42,9;98,5;30;55;15;3,71;8,59;🟡 Estoque excessivo;0,0;488,41;0,0
PC006626;Não informado;C;Baixa;109,0;118,4;27,6;30;55;15;13,22;8,59;🔴 Comprar agora;108,0;564,49;61028,44
PC002441;Não informado;C;Baixa;87,0;46,8;55,8;30;55;15;6,54;8,59;🟡 Estoque excessivo;0,0;831,3;0,0
PC005566;Não informado;C;Baixa;4,0;6,1;19,7;30;55;15;18,51;8,59;🔴 Comprar agora;7,0;5678,72;40643,95
PC004975;Não informado;C;Média;12,0;10,5;34,2;30;55;15;10,66;8,59;🟢 OK;0,0;3129,91;0,0
PC006396;Não informado;C;Baixa;13,0;5,8;67,0;30;55;15;5,45;8,59;🟡 Estoque excessivo;0,0;2950,84;0,0
PC000538;Não informado;C;Baixa;20,0;6,3;94,5;30;55;15;3,86;8,59;🟡 Estoque excessivo;0,0;3759,05;0,0
PC006683;Não informado;C;Baixa;35,0;34,2;30,7;30;55;15;11,9;8,59;🟢 OK;0,0;914,94;0,0
PC005812;Não informado;C;Baixa;36,0;14,5;74,5;30;55;15;4,9;8,59;🟡 Estoque excessivo;0,0;1766,41;0,0
PC005675;Não informado;C;Baixa;62,0;18,3;101,9;30;55;15;3,58;8,59;🟡 Estoque excessivo;0,0;1352,53;0,0
PC004503;Não informado;C;Baixa;23,0;12,0;57,7;30;55;15;6,33;8,59;🟡 Estoque excessivo;0,0;2116,77;0,0
PC004732;Não informado;C;Média;5,0;6,5;23,1;30;55;15;15,78;8,59;🔴 Comprar agora;7,0;5607,43;38627,42
PC006598;Não informado;C;Baixa;33,0;20,1;49,3;30;55;15;7,41;8,59;🟢 OK;0,0;976,55;0,0
PC009946;Não informado;C;Baixa;8,0;15,7;15,3;30;55;15;23,91;8,59;🔴 Comprar agora;21,0;1916,19;39890,85
PC001919;Não informado;C;Baixa;80,0;27,1;88,6;30;55;15;4,12;8,59;🟡 Estoque excessivo;0,0;878,13;0,0
PC008762;Não informado;C;Baixa;452,0;205,5;66,0;30;55;15;5,53;8,59;🟡 Estoque excessivo;0,0;86,06;0,0
PC005471;Não informado;C;Baixa;121,0;80,1;45,3;30;55;15;8,05;8,59;🟢 OK;0,0;426,17;0,0
PC002881;Não informado;C;Baixa;7,0;4,2;50,5;30;55;15;7,23;8,59;🟢 OK;0,0;4669,23;0,0
PC003829;Não informado;C;Baixa;33,0;40,6;24,4;30;55;15;14,96;8,59;🔴 Comprar agora;41,0;671,03;27765,24
PC004297;Não informado;C;Baixa;81,0;31,2;77,8;30;55;15;4,69;8,59;🟡 Estoque excessivo;0,0;632,62;0,0
PC009196;Não informado;C;Média;31,0;34,6;26,9;30;55;15;13,56;8,59;🔴 Comprar agora;32,0;1157,22;37440,53
PC008059;Não informado;C;Baixa;24,0;11,1;65,0;30;55;15;5,61;8,59;🟡 Estoque excessivo;0,0;1991,54;0,0
PC000670;Não informado;C;Baixa;50,0;40,1;37,4;30;55;15;9,77;8,59;🟢 OK;0,0;849,65;0,0
PC008636;Não informado;C;Baixa;14,0;42,5;9,9;30;55;15;36,94;8,59;🚨 RUPTURA IMINENTE;64,0;2839,93;181529,26
PC004768;Não informado;C;Baixa;56,0;47,4;35,4;30;55;15;10,31;8,59;🟢 OK;0,0;511,42;0,0
PC002019;Não informado;C;Baixa;26,0;28,7;27,2;30;55;15;13,44;8,59;🔴 Comprar agora;27,0;593,25;15811,62
PC003977;Não informado;C;Baixa;75,0;55,5;40,6;30;55;15;9,0;8,59;🟢 OK;0,0;608,79;0,0
PC005953;Não informado;C;Baixa;3,0;6,5;13,8;30;55;15;26,45;8,59;🚨 RUPTURA IMINENTE;9,0;4452,38;39872,93
PC007682;Não informado;C;Baixa;15,0;7,4;61,2;30;55;15;5,96;8,59;🟡 Estoque excessivo;0,0;2515,63;0,0
PC007843;Não informado;C;Baixa;40,0;16,9;70,8;30;55;15;5,15;8,59;🟡 Estoque excessivo;0,0;1431,15;0,0
PC004203;Não informado;C;Baixa;22,0;14,6;45,1;30;55;15;8,09;8,59;🟢 OK;0,0;1658,86;0,0
PC006748;Não informado;C;Baixa;202,0;58,6;103,3;30;55;15;3,53;8,59;🟡 Estoque excessivo;0,0;335,51;0,0
PC009668;Não informado;C;Baixa;23,0;11,2;61,5;30;55;15;5,94;8,59;🟡 Estoque excessivo;0,0;1952,71;0,0
PC009596;Não informado;C;Baixa;32,0;16,9;56,9;30;55;15;6,42;8,59;🟡 Estoque excessivo;0,0;1505,19;0,0
PC002748;Não informado;C;Baixa;3,0;13,6;6,6;30;55;15;55,1;8,59;🚨 RUPTURA IMINENTE;22,0;7097,17;155482,19
PC004709;Não informado;C;Baixa;28,0;12,2;68,8;30;55;15;5,3;8,59;🟡 Estoque excessivo;0,0;1675,63;0,0
PC009456;Não informado;C;Baixa;67,0;24,9;80,8;30;55;15;4,51;8,59;🟡 Estoque excessivo;0,0;693,19;0,0
PC008124;Não informado;C;Baixa;7,0;6,3;33,1;30;55;15;11,03;8,59;🟢 OK;0,0;3354,9;0,0
PC006142;Não informado;C;Média;5,0;8,0;18,9;30;55;15;19,35;8,59;🔴 Comprar agora;10,0;5017,3;48077,75
PC001312;Não informado;C;Baixa;50,0;54,6;27,4;30;55;15;13,3;8,59;🔴 Comprar agora;50,0;675,68;33912,46
PC008340;Não informado;C;Baixa;17,0;9,9;51,7;30;55;15;7,06;8,59;🟢 OK;0,0;1795,78;0,0
PC001965;Não informado;C;Baixa;13,0;5,8;66,8;30;55;15;5,46;8,59;🟡 Estoque excessivo;0,0;3758,26;0,0
PC003664;Não informado;C;Baixa;12,0;14,9;24,2;30;55;15;15,11;8,59;🔴 Comprar agora;15,0;1128,36;17282,29
PC002684;Não informado;C;Baixa;9,0;10,2;26,5;30;55;15;13,8;8,59;🔴 Comprar agora;10,0;6397,95;62145,97
PC001736;Não informado;C;Baixa;39,0;48,8;24,0;30;55;15;15,23;8,59;🔴 Comprar agora;50,0;728,39;36774,77
PC004426;Não informado;C;Baixa;83,0;27,0;92,1;30;55;15;3,97;8,59;🟡 Estoque excessivo;0,0;764,53;0,0
PC007686;Não informado;C;Baixa;83,0;33,5;74,4;30;55;15;4,91;8,59;🟡 Estoque excessivo;0,0;708,98;0,0
PC008766;Não informado;C;Baixa;10,0;17,6;17,0;30;55;15;21,47;8,59;🔴 Comprar agora;22,0;6339,79;141721,1
PC006209;Não informado;C;Baixa;12,0;8,2;44,1;30;55;15;8,28;8,59;🟢 OK;0,0;2193,97;0,0
PC005367;Não informado;C;Média;51,0;40,1;38,2;30;55;15;9,56;8,59;🟢 OK;0,0;1018,59;0,0
PC007279;Não informado;C;Baixa;81,0;46,6;52,1;30;55;15;7,0;8,59;🟢 OK;0,0;472,26;0,0
PC006725;Não informado;C;Baixa;21,0;8,2;76,9;30;55;15;4,75;8,59;🟡 Estoque excessivo;0,0;2313,27;0,0
PC008934;Não informado;C;Baixa;64,0;51,9;37,0;30;55;15;9,87;8,59;🟢 OK;0,0;650,64;0,0
PC007449;Não informado;C;Baixa;9,0;3,7;72,4;30;55;15;5,04;8,59;🟡 Estoque excessivo;0,0;5616,79;0,0
PC009060;Não informado;C;Baixa;54,0;39,1;41,5;30;55;15;8,8;8,59;🟢 OK;0,0;545,21;0,0
PC006157;Não informado;C;Baixa;11,0;3,1;106,0;30;55;15;3,44;8,59;🟡 Estoque excessivo;0,0;6484,47;0,0
PC009824;Não informado;C;Baixa;136,0;78,8;51,8;30;55;15;7,05;8,59;🟢 OK;0,0;473,47;0,0
PC002680;Não informado;C;Baixa;59,0;25,4;69,6;30;55;15;5,25;8,59;🟡 Estoque excessivo;0,0;967,85;0,0
PC008868;Não informado;C;Baixa;34,0;24,7;41,3;30;55;15;8,85;8,59;🟢 OK;0,0;770,58;0,0
PC005236;Não informado;C;Baixa;23,0;10,6;65,1;30;55;15;5,61;8,59;🟡 Estoque excessivo;0,0;2160,74;0,0
PC003855;Não informado;C;Baixa;67,0;21,6;93,0;30;55;15;3,93;8,59;🟡 Estoque excessivo;0,0;793,81;0,0
PC004788;Não informado;C;Baixa;34,0;31,6;32,3;30;55;15;11,31;8,59;🟢 OK;0,0;943,94;0,0
PC005889;Não informado;C;Baixa;7,0;23,4;9,0;30;55;15;40,67;8,59;🚨 RUPTURA IMINENTE;36,0;4564,45;163873,14
PC001093;Não informado;C;Baixa;37,0;39,3;28,3;30;55;15;12,92;8,59;🔴 Comprar agora;35,0;1456,5;50987,56
PC007036;Não informado;C;Baixa;11,0;4,0;83,4;30;55;15;4,38;8,59;🟡 Estoque excessivo;0,0;4114,19;0,0
PC000534;Não informado;C;Baixa;87,0;26,0;100,4;30;55;15;3,64;8,59;🟡 Estoque excessivo;0,0;756,42;0,0
PC006740;Não informado;C;Baixa;8,0;6,4;37,3;30;55;15;9,78;8,59;🟢 OK;0,0;4503,76;0,0
PC003226;Não informado;C;Baixa;27,0;91,4;8,9;30;55;15;41,2;8,59;🚨 RUPTURA IMINENTE;141,0;1115,87;156901,31
PC002927;Não informado;C;Baixa;25,0;7,4;101,5;30;55;15;3,6;8,59;🟡 Estoque excessivo;0,0;2271,28;0,0
PC008532;Não informado;C;Baixa;14,0;4,6;91,4;30;55;15;4,0;8,59;🟡 Estoque excessivo;0,0;3943,28;0,0
PC002811;Não informado;C;Média;26,0;26,5;29,4;30;55;15;12,4;8,59;🔴 Comprar agora;23,0;1270,14;28664,74
PC008258;Não informado;C;Baixa;19,0;6,7;84,8;30;55;15;4,3;8,59;🟡 Estoque excessivo;0,0;4155,76;0,0
PC009496;Não informado;C;Baixa;9,0;3,0;89,5;30;55;15;4,08;8,59;🟡 Estoque excessivo;0,0;6819,76;0,0
PC009773;Não informado;C;Baixa;8,0;6,1;39,5;30;55;15;9,24;8,59;🟢 OK;0,0;2947,11;0,0
PC003719;Não informado;C;Baixa;46,0;16,1;85,5;30;55;15;4,27;8,59;🟡 Estoque excessivo;0,0;1165,9;0,0
PC003050;Não informado;C;Baixa;10,0;90,7;3,3;30;55;15;110,41;8,59;🚨 RUPTURA IMINENTE;156,0;741,34;115920,1
PC007648;Não informado;C;Baixa;52,0;26,4;59,0;30;55;15;6,19;8,59;🟡 Estoque excessivo;0,0;843,58;0,0
PC000316;Não informado;C;Baixa;19,0;6,4;88,5;30;55;15;4,13;8,59;🟡 Estoque excessivo;0,0;3221,6;0,0
PC002733;Não informado;C;Baixa;13,0;4,2;91,9;30;55;15;3,97;8,59;🟡 Estoque excessivo;0,0;5443,22;0,0
PC004923;Não informado;C;Baixa;34,0;14,1;72,4;30;55;15;5,04;8,59;🟡 Estoque excessivo;0,0;1583,26;0,0
PC002230;Não informado;C;Média;188,0;112,1;50,3;30;55;15;7,25;8,59;🟢 OK;0,0;283,45;0,0
PC005602;Não informado;C;Baixa;84,0;37,5;67,1;30;55;15;5,44;8,59;🟡 Estoque excessivo;0,0;528,25;0,0
PC007042;Não informado;C;Baixa;4,0;5,0;23,9;30;55;15;15,25;8,59;🔴 Comprar agora;5,0;4377,25;22735,65
PC009912;Não informado;C;Baixa;14,0;17,1;24,6;30;55;15;14,87;8,59;🔴 Comprar agora;17,0;914,59;15877,7
PC005840;Não informado;C;Baixa;50,0;50,7;29,6;30;55;15;12,33;8,59;🔴 Comprar agora;43,0;761,4;32638,64
PC007404;Não informado;C;Baixa;46,0;21,0;65,7;30;55;15;5,56;8,59;🟡 Estoque excessivo;0,0;948,23;0,0
PC007643;Não informado;C;Baixa;252,0;176,5;42,8;30;55;15;8,52;8,59;🟢 OK;0,0;523,96;0,0
PC008037;Não informado;C;Baixa;23,0;49,6;13,9;30;55;15;26,26;8,59;🚨 RUPTURA IMINENTE;68,0;2753,27;187274,97
PC006808;Não informado;C;Baixa;5,0;8,3;18,1;30;55;15;20,12;8,59;🔴 Comprar agora;10,0;2412,28;24499,64
PC007432;Não informado;C;Baixa;67,0;30,4;66,0;30;55;15;5,53;8,59;🟡 Estoque excessivo;0,0;692,56;0,0
PC009342;Não informado;C;Baixa;49,0;16,4;89,8;30;55;15;4,07;8,59;🟡 Estoque excessivo;0,0;1494,65;0,0
PC005274;Não informado;C;Baixa;20,0;10,3;58,0;30;55;15;6,29;8,59;🟡 Estoque excessivo;0,0;2000,27;0,0
PC008286;Não informado;C;Baixa;100,0;34,9;86,0;30;55;15;4,24;8,59;🟡 Estoque excessivo;0,0;661,33;0,0
PC001083;Não informado;C;Média;37,0;22,0;50,5;30;55;15;7,22;8,59;🟢 OK;0,0;1707,97;0,0
PC000201;Não informado;C;Baixa;153,0;56,7;80,9;30;55;15;4,51;8,59;🟡 Estoque excessivo;0,0;390,11;0,0
PC008316;Não informado;C;Baixa;12,0;3,7;98,0;30;55;15;3,72;8,59;🟡 Estoque excessivo;0,0;4497,63;0,0
PC006826;Não informado;C;Baixa;43,0;28,2;45,8;30;55;15;7,97;8,59;🟢 OK;0,0;600,24;0,0
PC005543;Não informado;C;Baixa;42,0;39,2;32,1;30;55;15;11,37;8,59;🟢 OK;0,0;990,13;0,0
PC008322;Não informado;C;Baixa;6,0;7,8;23,1;30;55;15;15,81;8,59;🔴 Comprar agora;8,0;4839,11;40142,57
PC003562;Não informado;C;Baixa;93,0;39,6;70,4;30;55;15;5,18;8,59;🟡 Estoque excessivo;0,0;462,35;0,0
PC003760;Não informado;C;Baixa;27,0;54,5;14,9;30;55;15;24,54;8,59;🚨 RUPTURA IMINENTE;73,0;1036,42;75479,42
PC002917;Não informado;C;Baixa;13,0;10,5;37,1;30;55;15;9,83;8,59;🟢 OK;0,0;1653,67;0,0
PC006910;Não informado;C;Baixa;3,0;3,9;23,2;30;55;15;15,74;8,59;🔴 Comprar agora;4,0;5481,16;22546,22
PC004156;Não informado;C;Baixa;3,0;6,9;13,1;30;55;15;27,82;8,59;🚨 RUPTURA IMINENTE;10,0;5664,96;54235,87
PC008853;Não informado;C;Baixa;61,0;23,3;78,4;30;55;15;4,66;8,59;🟡 Estoque excessivo;0,0;791,37;0,0
PC005783;Não informado;C;Baixa;16,0;8,4;57,0;30;55;15;6,4;8,59;🟡 Estoque excessivo;0,0;2882,21;0,0
PC005776;Não informado;C;Baixa;83,0;44,6;55,9;30;55;15;6,53;8,59;🟡 Estoque excessivo;0,0;440,94;0,0
PC009134;Não informado;C;Baixa;16,0;14,5;33,0;30;55;15;11,06;8,59;🟢 OK;0,0;1772,89;0,0
PC006616;Não informado;C;Média;8,0;12,4;19,4;30;55;15;18,82;8,59;🔴 Comprar agora;15,0;2086,73;30656,93
PC000100;Não informado;C;Baixa;41,0;23,7;51,9;30;55;15;7,03;8,59;🟢 OK;0,0;804,26;0,0
PC001998;Não informado;C;Baixa;97,0;42,5;68,4;30;55;15;5,34;8,59;🟡 Estoque excessivo;0,0;379,68;0,0
PC001133;Não informado;C;Média;19,0;11,3;50,7;30;55;15;7,2;8,59;🟢 OK;0,0;2677,23;0,0
PC003090;Não informado;C;Baixa;10,0;28,7;10,4;30;55;15;34,94;8,59;🚨 RUPTURA IMINENTE;43,0;1078,9;46016,34
PC002434;Não informado;C;Baixa;13,0;5,9;66,2;30;55;15;5,52;8,59;🟡 Estoque excessivo;0,0;3816,69;0,0
PC002799;Não informado;C;Baixa;23,0;7,2;96,0;30;55;15;3,8;8,59;🟡 Estoque excessivo;0,0;3216,38;0,0
PC002012;Não informado;C;Baixa;97,0;68,6;42,4;30;55;15;8,61;8,59;🟢 OK;0,0;277,56;0,0
PC003463;Não informado;C;Baixa;9,0;19,5;13,9;30;55;15;26,32;8,59;🚨 RUPTURA IMINENTE;27,0;4564,1;121834,26
PC004890;Não informado;C;Baixa;10,0;11,1;27,1;30;55;15;13,48;8,59;🔴 Comprar agora;10,0;1472,38;15182,79
PC005116;Não informado;C;Baixa;3,0;4,6;19,4;30;55;15;18,84;8,59;🔴 Comprar agora;6,0;4182,68;23068,96
PC003247;Não informado;C;Baixa;11,0;4,2;78,7;30;55;15;4,64;8,59;🟡 Estoque excessivo;0,0;4176,03;0,0
PC008090;Não informado;C;Baixa;10,0;4,1;73,7;30;55;15;4,95;8,59;🟡 Estoque excessivo;0,0;4172,1;0,0
PC004511;Não informado;C;Baixa;10,0;28,1;10,7;30;55;15;34,19;8,59;🚨 RUPTURA IMINENTE;42,0;1000,79;41554,65
PC009062;Não informado;C;Baixa;38,0;33,7;33,8;30;55;15;10,78;8,59;🟢 OK;0,0;633,22;0,0
PC009048;Não informado;C;Baixa;2,0;3,1;19,5;30;55;15;18,68;8,59;🔴 Comprar agora;4,0;5635,18;20447,55
PC004340;Não informado;C;Baixa;4,0;8,1;14,8;30;55;15;24,58;8,59;🚨 RUPTURA IMINENTE;11,0;3341,81;36142,05
PC004814;Não informado;C;Baixa;52,0;27,6;56,6;30;55;15;6,45;8,59;🟡 Estoque excessivo;0,0;815,73;0,0
PC007673;Não informado;C;Baixa;23,0;19,8;34,8;30;55;15;10,49;8,59;🟢 OK;0,0;1191,41;0,0
PC001461;Não informado;C;Baixa;61,0;20,8;88,2;30;55;15;4,14;8,59;🟡 Estoque excessivo;0,0;870,33;0,0
PC005068;Não informado;C;Baixa;111,0;77,9;42,8;30;55;15;8,54;8,59;🟢 OK;0,0;289,6;0,0
PC007716;Não informado;C;Baixa;108,0;106,9;30,3;30;55;15;12,05;8,59;🟢 OK;0,0;281,85;0,0
PC008313;Não informado;C;Baixa;66,0;36,4;54,3;30;55;15;6,72;8,59;🟢 OK;0,0;962,36;0,0
PC002578;Não informado;C;Baixa;64,0;19,2;99,9;30;55;15;3,65;8,59;🟡 Estoque excessivo;0,0;805,96;0,0
PC008430;Não informado;C;Baixa;21,0;12,2;51,8;30;55;15;7,04;8,59;🟢 OK;0,0;1906,31;0,0
PC005876;Não informado;C;Baixa;5,0;4,7;32,1;30;55;15;11,37;8,59;🟢 OK;0,0;6085,73;0,0
PC006103;Não informado;C;Baixa;28,0;10,5;80,0;30;55;15;4,56;8,59;🟡 Estoque excessivo;0,0;2329,45;0,0
PC000708;Não informado;C;Baixa;15,0;23,0;19,6;30;55;15;18,64;8,59;🔴 Comprar agora;27,0;1595,79;43294,1
PC003162;Não informado;C;Baixa;27,0;10,5;76,8;30;55;15;4,75;8,59;🟡 Estoque excessivo;0,0;1550,89;0,0
PC000593;Não informado;C;Baixa;5,0;5,1;29,4;30;55;15;12,4;8,59;🔴 Comprar agora;4,0;4087,38;17734,36
PC003224;Não informado;C;Média;14,0;13,1;32,1;30;55;15;11,36;8,59;🟢 OK;0,0;2924,8;0,0
PC004358;Não informado;C;Baixa;73,0;58,5;37,5;30;55;15;9,74;8,59;🟢 OK;0,0;321,74;0,0
PC003540;Não informado;C;Baixa;18,0;6,4;84,8;30;55;15;4,3;8,59;🟡 Estoque excessivo;0,0;3664,35;0,0
PC002506;Não informado;C;Baixa;71,0;22,4;95,1;30;55;15;3,84;8,59;🟡 Estoque excessivo;0,0;1061,65;0,0
PC006867;Não informado;C;Baixa;64,0;26,4;72,7;30;55;15;5,02;8,59;🟡 Estoque excessivo;0,0;679,16;0,0
PC004992;Não informado;C;Baixa;38,0;55,5;20,5;30;55;15;17,78;8,59;🔴 Comprar agora;64,0;362,77;23153,63
PC000675;Não informado;C;Baixa;19,0;13,6;42,0;30;55;15;8,69;8,59;🟢 OK;0,0;1649,03;0,0
PC001412;Não informado;C;Baixa;7,0;3,0;70,9;30;55;15;5,15;8,59;🟡 Estoque excessivo;0,0;7530,52;0,0
PC000896;Não informado;C;Baixa;142,0;104,9;40,6;30;55;15;8,99;8,59;🟢 OK;0,0;196,36;0,0
PC006174;Não informado;C;Baixa;43,0;44,1;29,3;30;55;15;12,47;8,59;🔴 Comprar agora;38,0;1352,63;51103,95
PC005453;Não informado;C;Baixa;6,0;13,1;13,8;30;55;15;26,51;8,59;🚨 RUPTURA IMINENTE;18,0;2877,44;51698,43
PC009643;Não informado;C;Baixa;54,0;72,2;22,4;30;55;15;16,27;8,59;🔴 Comprar agora;78,0;558,96;43806,04
PC008513;Não informado;C;Baixa;1,0;11,2;2,7;30;55;15;135,94;8,59;🚨 RUPTURA IMINENTE;19,0;5560,77;108348,89
PC002625;Não informado;C;Média;42,0;24,2;52,0;30;55;15;7,02;8,59;🟢 OK;0,0;1502,56;0,0
PC001494;Não informado;C;Baixa;60,0;39,1;46,0;30;55;15;7,94;8,59;🟢 OK;0,0;865,25;0,0
PC009954;Não informado;C;Baixa;70,0;48,9;42,9;30;55;15;8,51;8,59;🟢 OK;0,0;592,37;0,0
PC001471;Não informado;C;Média;185,0;107,2;51,8;30;55;15;7,05;8,59;🟢 OK;0,0;304,35;0,0
PC007769;Não informado;C;Baixa;12,0;4,9;73,0;30;55;15;5,0;8,59;🟡 Estoque excessivo;0,0;4642,38;0,0
PC009664;Não informado;C;Baixa;37,0;21,2;52,4;30;55;15;6,97;8,59;🟢 OK;0,0;802,54;0,0
PC005823;Não informado;C;Baixa;113,0;74,4;45,5;30;55;15;8,01;8,59;🟢 OK;0,0;378,46;0,0
PC006788;Não informado;C;Baixa;12,0;5,2;69,1;30;55;15;5,28;8,59;🟡 Estoque excessivo;0,0;4080,9;0,0
PC005455;Não informado;C;Média;64,0;60,1;31,9;30;55;15;11,43;8,59;🟢 OK;0,0;484,8;0,0
PC009605;Não informado;C;Baixa;36,0;26,0;41,5;30;55;15;8,79;8,59;🟢 OK;0,0;946,1;0,0
PC003101;Não informado;C;Baixa;120,0;54,6;65,9;30;55;15;5,54;8,59;🟡 Estoque excessivo;0,0;320,4;0,0
PC009590;Não informado;C;Baixa;178,0;167,8;31,8;30;55;15;11,47;8,59;🟢 OK;0,0;310,87;0,0
PC005458;Não informado;C;Baixa;43,0;42,7;30,2;30;55;15;12,08;8,59;🟢 OK;0,0;825,35;0,0
PC000325;Não informado;C;Baixa;22,0;20,4;32,3;30;55;15;11,29;8,59;🟢 OK;0,0;1343,67;0,0
PC007277;Não informado;C;Baixa;10,0;4,2;72,2;30;55;15;5,05;8,59;🟡 Estoque excessivo;0,0;4552,06;0,0
PC009071;Não informado;C;Baixa;20,0;13,8;43,6;30;55;15;8,37;8,59;🟢 OK;0,0;4905,13;0,0
PC002054;Não informado;C;Baixa;40,0;37,3;32,2;30;55;15;11,34;8,59;🟢 OK;0,0;530,23;0,0
PC007861;Não informado;C;Baixa;97,0;63,7;45,7;30;55;15;7,99;8,59;🟢 OK;0,0;277,16;0,0
PC004919;Não informado;C;Baixa;20,0;15,7;38,1;30;55;15;9,57;8,59;🟢 OK;0,0;1575,93;0,0
PC000611;Não informado;C;Baixa;53,0;17,2;92,6;30;55;15;3,94;8,59;🟡 Estoque excessivo;0,0;975,05;0,0
PC004945;Não informado;C;Baixa;12,0;14,6;24,6;30;55;15;14,83;8,59;🔴 Comprar agora;15,0;1283,63;19009,86
PC002670;Não informado;C;Baixa;13,0;35,4;11,0;30;55;15;33,1;8,59;🚨 RUPTURA IMINENTE;52,0;1438,89;74595,04
PC007129;Não informado;C;Baixa;7,0;5,0;41,6;30;55;15;8,77;8,59;🟢 OK;0,0;3706,59;0,0
PC002444;Não informado;C;Baixa;351,0;176,3;59,7;30;55;15;6,11;8,59;🟡 Estoque excessivo;0,0;142,58;0,0
PC002130;Não informado;C;Baixa;102,0;35,0;87,5;30;55;15;4,17;8,59;🟡 Estoque excessivo;0,0;622,36;0,0
PC005118;Não informado;C;Baixa;4,0;4,0;30,0;30;55;15;12,15;8,59;🟢 OK;0,0;4862,34;0,0
PC006411;Não informado;C;Baixa;84,0;40,8;61,8;30;55;15;5,9;8,59;🟡 Estoque excessivo;0,0;466,82;0,0
PC006529;Não informado;C;Baixa;19,0;6,9;82,7;30;55;15;4,42;8,59;🟡 Estoque excessivo;0,0;2962,41;0,0
PC003746;Não informado;C;Baixa;72,0;29,4;73,6;30;55;15;4,96;8,59;🟡 Estoque excessivo;0,0;547,34;0,0
PC006516;Não informado;C;Baixa;10,0;4,8;63,1;30;55;15;5,78;8,59;🟡 Estoque excessivo;0,0;6540,24;0,0
PC000172;Não informado;C;Baixa;20,0;20,1;29,9;30;55;15;12,21;8,59;🔴 Comprar agora;17,0;1228,25;20632,32
PC007153;Não informado;C;Baixa;221,0;64,1;103,4;30;55;15;3,53;8,59;🟡 Estoque excessivo;0,0;305,01;0,0
PC009286;Não informado;C;Baixa;43,0;20,8;62,1;30;55;15;5,88;8,59;🟡 Estoque excessivo;0,0;987,28;0,0
PC007726;Não informado;C;Baixa;52,0;15,2;102,8;30;55;15;3,55;8,59;🟡 Estoque excessivo;0,0;1055,09;0,0
PC006488;Não informado;C;Baixa;6,0;14,5;12,4;30;55;15;29,37;8,59;🚨 RUPTURA IMINENTE;21,0;4394,93;90317,88
PC000839;Não informado;C;Baixa;8,0;3,9;62,1;30;55;15;5,88;8,59;🟡 Estoque excessivo;0,0;5322,64;0,0
PC006289;Não informado;C;Média;22,0;17,8;37,0;30;55;15;9,86;8,59;🟢 OK;0,0;1711,55;0,0
PC004998;Não informado;C;Baixa;116,0;36,7;94,9;30;55;15;3,84;8,59;🟡 Estoque excessivo;0,0;596,89;0,0
PC003335;Não informado;C;Média;23,0;12,5;55,4;30;55;15;6,59;8,59;🟡 Estoque excessivo;0,0;2161,09;0,0
PC004309;Não informado;C;Baixa;41,0;34,5;35,7;30;55;15;10,23;8,59;🟢 OK;0,0;637,27;0,0
PC007808;Não informado;C;Baixa;80,0;50,3;47,7;30;55;15;7,66;8,59;🟢 OK;0,0;386,02;0,0
PC003320;Não informado;C;Baixa;87,0;31,6;82,5;30;55;15;4,43;8,59;🟡 Estoque excessivo;0,0;570,21;0,0
PC009567;Não informado;C;Baixa;50,0;17,7;84,8;30;55;15;4,31;8,59;🟡 Estoque excessivo;0,0;979,42;0,0
PC002567;Não informado;C;Baixa;18,0;14,1;38,2;30;55;15;9,55;8,59;🟢 OK;0,0;1900,26;0,0
PC008238;Não informado;C;Baixa;9,0;11,4;23,7;30;55;15;15,42;8,59;🔴 Comprar agora;12,0;1645,33;19607,29
PC005343;Não informado;C;Baixa;46,0;20,2;68,4;30;55;15;5,34;8,59;🟡 Estoque excessivo;0,0;1077,9;0,0
PC004610;Não informado;C;Baixa;25,0;7,2;103,8;30;55;15;3,52;8,59;🟡 Estoque excessivo;0,0;2283,12;0,0
PC001602;Não informado;C;Baixa;101,0;32,7;92,6;30;55;15;3,94;8,59;🟡 Estoque excessivo;0,0;528,13;0,0
PC001898;Não informado;C;Baixa;55,0;33,1;49,9;30;55;15;7,31;8,59;🟢 OK;0,0;801,97;0,0
PC001870;Não informado;C;Baixa;39,0;13,8;84,8;30;55;15;4,31;8,59;🟡 Estoque excessivo;0,0;1350,08;0,0
PC000646;Não informado;C;Baixa;58,0;22,5;77,4;30;55;15;4,71;8,59;🟡 Estoque excessivo;0,0;748,06;0,0
PC000132;Não informado;C;Baixa;18,0;6,1;88,8;30;55;15;4,11;8,59;🟡 Estoque excessivo;0,0;2724,87;0,0
PC009726;Não informado;C;Baixa;25,0;20,4;36,8;30;55;15;9,93;8,59;🟢 OK;0,0;851,14;0,0
PC004638;Não informado;C;Baixa;34,0;48,4;21,1;30;55;15;17,32;8,59;🔴 Comprar agora;55,0;1013,09;55469,03
PC001784;Não informado;C;Baixa;30,0;19,8;45,4;30;55;15;8,04;8,59;🟢 OK;0,0;796,06;0,0
PC007067;Não informado;C;Baixa;40,0;31,6;38,0;30;55;15;9,61;8,59;🟢 OK;0,0;583,68;0,0
PC008382;Não informado;C;Baixa;10,0;5,6;53,3;30;55;15;6,85;8,59;🟢 OK;0,0;3387,72;0,0
PC000656;Não informado;C;Baixa;49,0;203,7;7,2;30;55;15;50,58;8,59;🚨 RUPTURA IMINENTE;324,0;401,84;130377,75
PC000151;Não informado;C;Baixa;35,0;26,9;39,1;30;55;15;9,34;8,59;🟢 OK;0,0;1158,78;0,0
PC002023;Não informado;C;Baixa;75,0;91,3;24,6;30;55;15;14,81;8,59;🔴 Comprar agora;92,0;241,4;22311,51
PC005849;Não informado;C;Baixa;16,0;7,0;68,4;30;55;15;5,33;8,59;🟡 Estoque excessivo;0,0;2706,24;0,0
PC001626;Não informado;C;Baixa;6,0;12,7;14,2;30;55;15;25,75;8,59;🚨 RUPTURA IMINENTE;17,0;2673,4;46191,63
PC001988;Não informado;C;Baixa;7,0;25,9;8,1;30;55;15;44,96;8,59;🚨 RUPTURA IMINENTE;40,0;4312,79;174319,55
PC005743;Não informado;C;Baixa;33,0;13,0;76,0;30;55;15;4,8;8,59;🟡 Estoque excessivo;0,0;1265,22;0,0
PC009007;Não informado;C;Baixa;11,0;11,3;29,1;30;55;15;12,54;8,59;🔴 Comprar agora;10,0;6326,66;61947,63
PC007636;Não informado;C;Média;3,0;6,8;13,3;30;55;15;27,38;8,59;🚨 RUPTURA IMINENTE;9,0;4446,7;41698,44
PC009432;Não informado;C;Baixa;31,0;28,7;32,4;30;55;15;11,26;8,59;🟢 OK;0,0;3593,35;0,0
PC000660;Não informado;C;Baixa;3,0;14,3;6,3;30;55;15;57,81;8,59;🚨 RUPTURA IMINENTE;23,0;5538,7;128137,54
PC003465;Não informado;C;Baixa;70,0;24,7;85,0;30;55;15;4,29;8,59;🟡 Estoque excessivo;0,0;748,12;0,0
PC006629;Não informado;C;Baixa;15,0;8,3;54,1;30;55;15;6,74;8,59;🟢 OK;0,0;2566,19;0,0
PC001918;Não informado;C;Baixa;44,0;15,1;87,5;30;55;15;4,17;8,59;🟡 Estoque excessivo;0,0;1095,64;0,0
PC009537;Não informado;C;Baixa;24,0;25,7;28,0;30;55;15;13,05;8,59;🔴 Comprar agora;23,0;1355,28;31413,38
PC000722;Não informado;C;Baixa;20,0;13,8;43,5;30;55;15;8,39;8,59;🟢 OK;0,0;1215,43;0,0
PC004687;Não informado;C;Baixa;33,0;15,1;65,5;30;55;15;5,58;8,59;🟡 Estoque excessivo;0,0;1084,2;0,0
PC002422;Não informado;C;Baixa;123,0;131,3;28,1;30;55;15;12,99;8,59;🔴 Comprar agora;118,0;133,75;15745,75
PC001368;Não informado;C;Baixa;3,0;4,9;18,3;30;55;15;19,92;8,59;🔴 Comprar agora;6,0;6508,84;39087,4
PC006786;Não informado;C;Média;10,0;9,6;31,3;30;55;15;11,66;8,59;🟢 OK;0,0;3539,65;0,0
PC005655;Não informado;C;Média;17,0;17,5;29,1;30;55;15;12,55;8,59;🔴 Comprar agora;15,0;1386,52;20995,41
PC002270;Não informado;C;Baixa;77,0;45,0;51,3;30;55;15;7,11;8,59;🟢 OK;0,0;568,38;0,0
PC002212;Não informado;C;Baixa;66,0;51,8;38,2;30;55;15;9,56;8,59;🟢 OK;0,0;675,61;0,0
PC000315;Não informado;C;Baixa;20,0;23,4;25,6;30;55;15;14,24;8,59;🔴 Comprar agora;23,0;1450,44;33243,85
PC007740;Não informado;C;Baixa;5,0;4,2;35,9;30;55;15;10,15;8,59;🟢 OK;0,0;4904,39;0,0
PC008346;Não informado;C;Baixa;15,0;6,2;72,3;30;55;15;5,05;8,59;🟡 Estoque excessivo;0,0;3082,01;0,0
PC009152;Não informado;C;Baixa;84,0;26,5;95,0;30;55;15;3,84;8,59;🟡 Estoque excessivo;0,0;796,12;0,0
PC009479;Não informado;C;Baixa;19,0;58,7;9,7;30;55;15;37,61;8,59;🚨 RUPTURA IMINENTE;89,0;1379,09;122295,25
PC005534;Não informado;C;Baixa;43,0;67,4;19,2;30;55;15;19,06;8,59;🔴 Comprar agora;80,0;823,57;66278,76
PC009367;Não informado;C;Baixa;8,0;23,9;10,0;30;55;15;36,32;8,59;🚨 RUPTURA IMINENTE;36,0;1405,8;50301,73
PC009681;Não informado;C;Baixa;22,0;11,0;59,9;30;55;15;6,09;8,59;🟡 Estoque excessivo;0,0;1668,27;0,0
PC002274;Não informado;C;Baixa;59,0;24,8;71,4;30;55;15;5,11;8,59;🟡 Estoque excessivo;0,0;904,97;0,0
PC000152;Não informado;C;Baixa;10,0;4,9;60,6;30;55;15;6,02;8,59;🟡 Estoque excessivo;0,0;3263,81;0,0
PC003220;Não informado;C;Baixa;14,0;8,2;51,0;30;55;15;7,15;8,59;🟢 OK;0,0;2646,55;0,0
PC009593;Não informado;C;Baixa;224,0;125,5;53,5;30;55;15;6,82;8,59;🟢 OK;0,0;119,54;0,0
PC004557;Não informado;C;Baixa;4,0;3,8;31,7;30;55;15;11,5;8,59;🟢 OK;0,0;4695,81;0,0
PC009589;Não informado;C;Baixa;93,0;44,1;63,3;30;55;15;5,77;8,59;🟡 Estoque excessivo;0,0;443,62;0,0
PC006993;Não informado;C;Baixa;8,0;18,1;13,3;30;55;15;27,49;8,59;🚨 RUPTURA IMINENTE;25,0;3886,86;97687,04
PC009461;Não informado;C;Baixa;196,0;81,4;72,3;30;55;15;5,05;8,59;🟡 Estoque excessivo;0,0;287,02;0,0
PC009460;Não informado;C;Baixa;26,0;10,1;77,5;30;55;15;4,71;8,59;🟡 Estoque excessivo;0,0;2200,75;0,0
PC004837;Não informado;C;Baixa;22,0;7,2;91,1;30;55;15;4,01;8,59;🟡 Estoque excessivo;0,0;2839,5;0,0
PC009829;Não informado;C;Baixa;18,0;20,7;26,1;30;55;15;13,96;8,59;🔴 Comprar agora;20,0;1454,58;28903,86
PC004433;Não informado;C;Baixa;6,0;4,1;44,1;30;55;15;8,28;8,59;🟢 OK;0,0;4392,06;0,0
PC000109;Não informado;C;Baixa;8,0;8,4;28,4;30;55;15;12,83;8,59;🔴 Comprar agora;7,0;4311,91;32196,13
PC007082;Não informado;C;Baixa;31,0;21,2;43,9;30;55;15;8,31;8,59;🟢 OK;0,0;767,91;0,0
PC000087;Não informado;C;Baixa;14,0;10,6;39,8;30;55;15;9,18;8,59;🟢 OK;0,0;2117,67;0,0
PC007809;Não informado;C;Baixa;74,0;77,1;28,8;30;55;15;12,68;8,59;🔴 Comprar agora;67,0;857,28;57816,36
PC008166;Não informado;C;Baixa;54,0;31,4;51,5;30;55;15;7,08;8,59;🟢 OK;0,0;700,23;0,0
PC007206;Não informado;C;Baixa;55,0;19,1;86,3;30;55;15;4,23;8,59;🟡 Estoque excessivo;0,0;761,91;0,0
PC002991;Não informado;C;Baixa;6,0;8,0;22,6;30;55;15;16,13;8,59;🔴 Comprar agora;9,0;2062,7;17705,39
PC002754;Não informado;C;Baixa;21,0;7,1;88,8;30;55;15;4,11;8,59;🟡 Estoque excessivo;0,0;2323,31;0,0
PC002487;Não informado;C;Baixa;39,0;42,3;27,6;30;55;15;13,2;8,59;🔴 Comprar agora;39,0;391,37;15104,95
PC001620;Não informado;C;Baixa;6,0;4,9;36,7;30;55;15;9,95;8,59;🟢 OK;0,0;3692,28;0,0
PC005264;Não informado;C;Baixa;61,0;25,1;72,8;30;55;15;5,01;8,59;🟡 Estoque excessivo;0,0;554,04;0,0
PC000283;Não informado;C;Baixa;34,0;11,3;90,2;30;55;15;4,05;8,59;🟡 Estoque excessivo;0,0;1439,19;0,0
PC009005;Não informado;C;Baixa;4,0;15,1;7,9;30;55;15;45,99;8,59;🚨 RUPTURA IMINENTE;24,0;4895,67;116133,02
PC004247;Não informado;C;Baixa;40,0;27,1;44,2;30;55;15;8,25;8,59;🟢 OK;0,0;979,97;0,0
PC003111;Não informado;C;Baixa;30,0;22,2;40,5;30;55;15;9,0;8,59;🟢 OK;0,0;808,07;0,0
PC007591;Não informado;C;Baixa;15,0;24,1;18,7;30;55;15;19,54;8,59;🔴 Comprar agora;29,0;1049,15;30592,08
PC001817;Não informado;C;Baixa;23,0;6,9;100,5;30;55;15;3,63;8,59;🟡 Estoque excessivo;0,0;2121,98;0,0
PC003541;Não informado;C;Baixa;112,0;37,1;90,5;30;55;15;4,03;8,59;🟡 Estoque excessivo;0,0;478,41;0,0
PC006627;Não informado;C;Baixa;16,0;48,9;9,8;30;55;15;37,18;8,59;🚨 RUPTURA IMINENTE;74,0;1396,53;102838,92
PC003067;Não informado;C;Média;17,0;11,7;43,7;30;55;15;8,35;8,59;🟢 OK;0,0;3093,14;0,0
PC003160;Não informado;C;Baixa;3,0;2,9;31,3;30;55;15;11,67;8,59;🟢 OK;0,0;6707,65;0,0
PC007655;Não informado;C;Média;45,0;42,6;31,7;30;55;15;11,52;8,59;🟢 OK;0,0;717,64;0,0
PC004952;Não informado;C;Baixa;4,0;7,1;17,0;30;55;15;21,5;8,59;🔴 Comprar agora;9,0;3411,48;30572,92
PC003301;Não informado;C;Baixa;7,0;7,4;28,4;30;55;15;12,87;8,59;🔴 Comprar agora;7,0;2942,17;19339,16
PC008004;Não informado;C;Baixa;15,0;9,7;46,4;30;55;15;7,86;8,59;🟢 OK;0,0;3138,36;0,0
PC003639;Não informado;C;Baixa;58,0;19,2;90,8;30;55;15;4,02;8,59;🟡 Estoque excessivo;0,0;1016,91;0,0
PC001652;Não informado;C;Baixa;6,0;5,9;30,4;30;55;15;12,01;8,59;🟢 OK;0,0;2188,12;0,0
PC004375;Não informado;C;Baixa;8,0;7,1;33,9;30;55;15;10,78;8,59;🟢 OK;0,0;2343,09;0,0
PC004843;Não informado;C;Baixa;30,0;11,0;82,0;30;55;15;4,45;8,59;🟡 Estoque excessivo;0,0;1574,6;0,0
PC002126;Não informado;C;Baixa;35,0;31,3;33,5;30;55;15;10,89;8,59;🟢 OK;0,0;1100,27;0,0
PC007710;Não informado;C;Baixa;43,0;31,2;41,4;30;55;15;8,82;8,59;🟢 OK;0,0;822,59;0,0
PC003778;Não informado;C;Baixa;5,0;3,9;38,0;30;55;15;9,6;8,59;🟢 OK;0,0;3995,36;0,0
PC005444;Não informado;C;Baixa;8,0;15,8;15,2;30;55;15;23,99;8,59;🔴 Comprar agora;21,0;4305,87;90094,39
PC002839;Não informado;C;Baixa;33,0;46,9;21,1;30;55;15;17,28;8,59;🔴 Comprar agora;53,0;442,25;23397,25
PC007462;Não informado;C;Baixa;49,0;26,4;55,7;30;55;15;6,55;8,59;🟡 Estoque excessivo;0,0;647,69;0,0
PC007775;Não informado;C;Baixa;18,0;65,8;8,2;30;55;15;44,47;8,59;🚨 RUPTURA IMINENTE;103,0;706,45;72495,66
PC006114;Não informado;C;Média;11,0;32,7;10,1;30;55;15;36,16;8,59;🚨 RUPTURA IMINENTE;49,0;823,66;40306,76
PC003914;Não informado;C;Baixa;112,0;178,5;18,8;30;55;15;19,39;8,59;🔴 Comprar agora;215,0;670,92;144459,54
PC004485;Não informado;C;Baixa;26,0;9,7;80,3;30;55;15;4,55;8,59;🟡 Estoque excessivo;0,0;2006,43;0,0
PC009521;Não informado;C;Baixa;84,0;67,1;37,6;30;55;15;9,72;8,59;🟢 OK;0,0;218,04;0,0
PC002859;Não informado;C;Baixa;108,0;33,8;95,9;30;55;15;3,81;8,59;🟡 Estoque excessivo;0,0;639,78;0,0
PC003487;Não informado;C;Baixa;66,0;43,3;45,8;30;55;15;7,98;8,59;🟢 OK;0,0;792,79;0,0
PC000558;Não informado;C;Baixa;15,0;20,5;22,0;30;55;15;16,62;8,59;🔴 Comprar agora;23,0;1175,04;26508,21
PC004625;Não informado;C;Baixa;5,0;3,9;38,3;30;55;15;9,52;8,59;🟢 OK;0,0;4596,86;0,0
PC007578;Não informado;C;Baixa;8,0;4,6;52,7;30;55;15;6,93;8,59;🟢 OK;0,0;4793,61;0,0
PC005990;Não informado;C;Baixa;49,0;21,5;68,3;30;55;15;5,34;8,59;🟡 Estoque excessivo;0,0;858,44;0,0
PC007689;Não informado;C;Baixa;37,0;26,9;41,3;30;55;15;8,83;8,59;🟢 OK;0,0;777,51;0,0
PC001866;Não informado;C;Baixa;255,0;198,7;38,5;30;55;15;9,48;8,59;🟢 OK;0,0;293,1;0,0
PC009503;Não informado;C;Baixa;29,0;12,7;68,3;30;55;15;5,34;8,59;🟡 Estoque excessivo;0,0;1356,34;0,0
PC008933;Não informado;C;Baixa;33,0;18,3;54,0;30;55;15;6,76;8,59;🟢 OK;0,0;1366,63;0,0
PC008279;Não informado;C;Baixa;6,0;7,9;22,8;30;55;15;15,99;8,59;🔴 Comprar agora;8,0;2063,35;17448,4
PC002953;Não informado;C;Baixa;62,0;40,1;46,3;30;55;15;7,88;8,59;🟢 OK;0,0;419,54;0,0
PC002704;Não informado;C;Baixa;36,0;40,9;26,4;30;55;15;13,82;8,59;🔴 Comprar agora;39,0;1006,96;39237,74
PC005387;Não informado;C;Baixa;29,0;28,5;30,5;30;55;15;11,97;8,59;🟢 OK;0,0;721,7;0,0
PC008116;Não informado;C;Baixa;4,0;11,4;10,5;30;55;15;34,62;8,59;🚨 RUPTURA IMINENTE;17,0;5278,13;89034,53
PC009966;Não informado;C;Baixa;21,0;10,8;58,3;30;55;15;6,26;8,59;🟡 Estoque excessivo;0,0;1825,1;0,0
PC001895;Não informado;C;Média;121,0;64,7;56,1;30;55;15;6,5;8,59;🟡 Estoque excessivo;0,0;415,39;0,0
PC004617;Não informado;C;Baixa;15,0;20,2;22,2;30;55;15;16,41;8,59;🔴 Comprar agora;22,0;1052,97;23249,55
PC002683;Não informado;C;Baixa;10,0;8,7;34,5;30;55;15;10,57;8,59;🟢 OK;0,0;1863,2;0,0
PC002259;Não informado;C;Baixa;46,0;18,7;73,8;30;55;15;4,95;8,59;🟡 Estoque excessivo;0,0;999,45;0,0
PC005208;Não informado;C;Baixa;13,0;4,1;94,3;30;55;15;3,87;8,59;🟡 Estoque excessivo;0,0;5683,79;0,0
PC002271;Não informado;C;Baixa;57,0;24,3;70,3;30;55;15;5,2;8,59;🟡 Estoque excessivo;0,0;639,62;0,0
PC005386;Não informado;C;Baixa;18,0;41,0;13,2;30;55;15;27,73;8,59;🚨 RUPTURA IMINENTE;57,0;1362,26;77951,09
PC000263;Não informado;C;Baixa;17,0;7,8;65,2;30;55;15;5,6;8,59;🟡 Estoque excessivo;0,0;2467,95;0,0
PC006611;Não informado;C;Baixa;197,0;265,5;22,3;30;55;15;16,4;8,59;🔴 Comprar agora;290,0;466,46;135137,91
PC004239;Não informado;C;Baixa;24,0;39,0;18,5;30;55;15;19,77;8,59;🔴 Comprar agora;47,0;1105,84;52507,35
PC005694;Não informado;C;Média;8,0;13,4;17,9;30;55;15;20,45;8,59;🔴 Comprar agora;17,0;2525,24;42035,85
PC004749;Não informado;C;Baixa;121,0;51,9;70,0;30;55;15;5,22;8,59;🟡 Estoque excessivo;0,0;359,62;0,0
PC003399;Não informado;C;Baixa;29,0;9,4;92,4;30;55;15;3,95;8,59;🟡 Estoque excessivo;0,0;1470,15;0,0
PC000328;Não informado;C;Baixa;18,0;13,4;40,2;30;55;15;9,09;8,59;🟢 OK;0,0;1147,98;0,0
PC008259;Não informado;C;Baixa;127,0;210,1;18,1;30;55;15;20,13;8,59;🔴 Comprar agora;258,0;75,05;19377,47
PC008998;Não informado;C;Baixa;49,0;39,1;37,6;30;55;15;9,71;8,59;🟢 OK;0,0;500,65;0,0
PC007596;Não informado;C;Baixa;45,0;43,1;31,3;30;55;15;11,66;8,59;🟢 OK;0,0;341,75;0,0
PC003023;Não informado;C;Baixa;56,0;16,9;99,6;30;55;15;3,66;8,59;🟡 Estoque excessivo;0,0;954,52;0,0
PC005527;Não informado;C;Baixa;15,0;30,1;14,9;30;55;15;24,42;8,59;🚨 RUPTURA IMINENTE;40,0;2860,71;114957,45
PC009387;Não informado;C;Baixa;39,0;17,1;68,6;30;55;15;5,32;8,59;🟡 Estoque excessivo;0,0;1192,44;0,0
PC000234;Não informado;C;Baixa;46,0;18,5;74,7;30;55;15;4,89;8,59;🟡 Estoque excessivo;0,0;730,12;0,0
PC005796;Não informado;C;Baixa;64,0;22,0;87,3;30;55;15;4,18;8,59;🟡 Estoque excessivo;0,0;1002,85;0,0
PC007773;Não informado;C;Baixa;90,0;87,4;30,9;30;55;15;11,81;8,59;🟢 OK;0,0;230,33;0,0
PC003801;Não informado;C;Baixa;22,0;13,0;50,8;30;55;15;7,18;8,59;🟢 OK;0,0;1091,52;0,0
PC000569;Não informado;C;Média;49,0;41,4;35,5;30;55;15;10,28;8,59;🟢 OK;0,0;671,25;0,0
PC002620;Não informado;C;Baixa;10,0;3,1;97,6;30;55;15;3,74;8,59;🟡 Estoque excessivo;0,0;6784,06;0,0
PC002606;Não informado;C;Baixa;69,0;36,2;57,2;30;55;15;6,38;8,59;🟡 Estoque excessivo;0,0;668,74;0,0
PC003014;Não informado;C;Baixa;51,0;27,7;55,3;30;55;15;6,61;8,59;🟡 Estoque excessivo;0,0;624,94;0,0
PC005513;Não informado;C;Baixa;30,0;31,1;29,0;30;55;15;12,6;8,59;🔴 Comprar agora;27,0;638,63;17207,82
PC001020;Não informado;C;Baixa;3,0;2,9;30,8;30;55;15;11,83;8,59;🟢 OK;0,0;4816,8;0,0
PC005055;Não informado;C;Baixa;51,0;16,0;95,4;30;55;15;3,82;8,59;🟡 Estoque excessivo;0,0;878,54;0,0
PC003531;Não informado;C;Baixa;324,0;146,2;66,5;30;55;15;5,49;8,59;🟡 Estoque excessivo;0,0;101,01;0,0
PC008432;Não informado;C;Baixa;135,0;53,4;75,8;30;55;15;4,81;8,59;🟡 Estoque excessivo;0,0;321,03;0,0
PC007727;Não informado;C;Baixa;4,0;2,8;42,2;30;55;15;8,66;8,59;🟢 OK;0,0;5671,14;0,0
PC001881;Não informado;C;Baixa;4,0;2,8;43,1;30;55;15;8,47;8,59;🟢 OK;0,0;7724,77;0,0
PC008320;Não informado;C;Baixa;51,0;38,2;40,0;30;55;15;9,12;8,59;🟢 OK;0,0;641,57;0,0
PC009930;Não informado;C;Baixa;35,0;10,2;103,1;30;55;15;3,54;8,59;🟡 Estoque excessivo;0,0;1515,71;0,0
PC003654;Não informado;C;Baixa;147,0;86,0;51,3;30;55;15;7,12;8,59;🟢 OK;0,0;212,71;0,0
PC000628;Não informado;C;Baixa;25,0;10,0;74,7;30;55;15;4,89;8,59;🟡 Estoque excessivo;0,0;1458,97;0,0
PC002951;Não informado;C;Baixa;15,0;4,4;103,0;30;55;15;3,54;8,59;🟡 Estoque excessivo;0,0;3928,08;0,0
PC002435;Não informado;C;Baixa;119,0;80,4;44,4;30;55;15;8,22;8,59;🟢 OK;0,0;222,25;0,0
PC000053;Não informado;C;Baixa;113,0;58,2;58,3;30;55;15;6,27;8,59;🟡 Estoque excessivo;0,0;565,17;0,0
PC009507;Não informado;C;Baixa;23,0;51,5;13,4;30;55;15;27,25;8,59;🚨 RUPTURA IMINENTE;71,0;1310,24;93620,57
PC006186;Não informado;C;Baixa;23,0;23,9;28,8;30;55;15;12,66;8,59;🔴 Comprar agora;21,0;816,27;17046,86
PC003422;Não informado;C;Baixa;43,0;24,2;53,2;30;55;15;6,86;8,59;🟢 OK;0,0;1336,0;0,0
PC000922;Não informado;C;Baixa;49,0;47,4;31,0;30;55;15;11,77;8,59;🟢 OK;0,0;630,12;0,0
PC000702;Não informado;C;Baixa;10,0;4,1;73,8;30;55;15;4,94;8,59;🟡 Estoque excessivo;0,0;5065,03;0,0
PC003158;Não informado;C;Baixa;21,0;20,6;30,6;30;55;15;11,93;8,59;🟢 OK;0,0;1025,7;0,0
PC002058;Não informado;C;Média;12,0;22,5;16,0;30;55;15;22,8;8,59;🔴 Comprar agora;29,0;1389,16;40598,4
PC007888;Não informado;C;Baixa;66,0;41,6;47,6;30;55;15;7,66;8,59;🟢 OK;0,0;1383,7;0,0
PC001293;Não informado;C;Baixa;22,0;9,2;72,0;30;55;15;5,07;8,59;🟡 Estoque excessivo;0,0;2239,76;0,0
PC008363;Não informado;C;Baixa;35,0;12,9;81,4;30;55;15;4,48;8,59;🟡 Estoque excessivo;0,0;1495,92;0,0
PC001076;Não informado;C;Baixa;13,0;14,0;27,8;30;55;15;13,13;8,59;🔴 Comprar agora;13,0;4712,79;59915,81
PC007831;Não informado;C;Baixa;33,0;10,3;96,3;30;55;15;3,79;8,59;🟡 Estoque excessivo;0,0;1604,21;0,0
PC001337;Não informado;C;Baixa;43,0;40,1;32,1;30;55;15;11,36;8,59;🟢 OK;0,0;604,32;0,0
PC009735;Não informado;C;Baixa;25,0;8,5;88,1;30;55;15;4,14;8,59;🟡 Estoque excessivo;0,0;2312,3;0,0
PC004971;Não informado;C;Baixa;20,0;10,7;56,1;30;55;15;6,51;8,59;🟡 Estoque excessivo;0,0;1430,15;0,0
PC008717;Não informado;C;Média;10,0;8,4;35,5;30;55;15;10,28;8,59;🟢 OK;0,0;4182,74;0,0
PC005017;Não informado;C;Baixa;8,0;4,0;59,4;30;55;15;6,14;8,59;🟡 Estoque excessivo;0,0;4125,17;0,0
PC008653;Não informado;C;Baixa;7,0;12,3;17,1;30;55;15;21,39;8,59;🔴 Comprar agora;16,0;5739,93;89336,26
PC006605;Não informado;C;Baixa;14,0;18,5;22,6;30;55;15;16,12;8,59;🔴 Comprar agora;20,0;1810,77;36226,92
PC001637;Não informado;C;Baixa;18,0;7,9;68,2;30;55;15;5,36;8,59;🟡 Estoque excessivo;0,0;2248,6;0,0
PC000535;Não informado;C;Baixa;7,0;7,4;28,4;30;55;15;12,85;8,59;🔴 Comprar agora;7,0;2866,79;18794,63
PC005112;Não informado;C;Baixa;15,0;27,2;16,5;30;55;15;22,08;8,59;🔴 Comprar agora;35,0;909,73;31756,81
PC003976;Não informado;C;Baixa;25,0;20,3;36,9;30;55;15;9,9;8,59;🟢 OK;0,0;1002,51;0,0
PC007647;Não informado;C;Baixa;32,0;9,6;99,8;30;55;15;3,66;8,59;🟡 Estoque excessivo;0,0;2069,64;0,0
PC007899;Não informado;C;Baixa;47,0;20,3;69,5;30;55;15;5,25;8,59;🟡 Estoque excessivo;0,0;921,99;0,0
PC002478;Não informado;C;Média;35,0;25,1;41,9;30;55;15;8,71;8,59;🟢 OK;0,0;1035,68;0,0
PC006810;Não informado;C;Média;12,0;6,5;55,5;30;55;15;6,58;8,59;🟡 Estoque excessivo;0,0;3482,28;0,0
PC006171;Não informado;C;Baixa;55,0;30,5;54,1;30;55;15;6,74;8,59;🟢 OK;0,0;530,61;0,0
PC004590;Não informado;C;Baixa;38,0;31,6;36,0;30;55;15;10,13;8,59;🟢 OK;0,0;644,46;0,0
PC007249;Não informado;C;Baixa;8,0;4,0;60,6;30;55;15;6,03;8,59;🟡 Estoque excessivo;0,0;5540,4;0,0
PC005307;Não informado;C;Baixa;55,0;29,1;56,7;30;55;15;6,43;8,59;🟡 Estoque excessivo;0,0;770,85;0,0
PC002341;Não informado;C;Baixa;15,0;11,2;40,1;30;55;15;9,1;8,59;🟢 OK;0,0;2067,36;0,0
PC002667;Não informado;C;Baixa;17,0;21,1;24,2;30;55;15;15,09;8,59;🔴 Comprar agora;22,0;1309,56;28372,84
PC002790;Não informado;C;Baixa;11,0;21,3;15,5;30;55;15;23,52;8,59;🔴 Comprar agora;28,0;961,16;26896,38
PC004295;Não informado;C;Baixa;18,0;21,6;25,0;30;55;15;14,61;8,59;🔴 Comprar agora;22,0;2535,12;54843,25
PC003824;Não informado;C;Baixa;57,0;55,3;30,9;30;55;15;11,81;8,59;🟢 OK;0,0;510,44;0,0
PC004148;Não informado;C;Média;4,0;10,4;11,6;30;55;15;31,57;8,59;🚨 RUPTURA IMINENTE;15,0;3372,86;50681,58
PC008007;Não informado;C;Baixa;7,0;21,3;9,9;30;55;15;37,04;8,59;🚨 RUPTURA IMINENTE;32,0;2432,07;77999,0
PC001893;Não informado;C;Baixa;29,0;11,0;79,2;30;55;15;4,61;8,59;🟡 Estoque excessivo;0,0;1557,46;0,0
PC006799;Não informado;C;Baixa;22,0;30,6;21,6;30;55;15;16,9;8,59;🔴 Comprar agora;34,0;527,22;17940,0
PC000274;Não informado;C;Baixa;25,0;31,9;23,5;30;55;15;15,51;8,59;🔴 Comprar agora;33,0;767,61;25668,93
PC001159;Não informado;C;Baixa;102,0;34,4;88,9;30;55;15;4,11;8,59;🟡 Estoque excessivo;0,0;440,15;0,0
PC002584;Não informado;C;Baixa;2,0;11,9;5,1;30;55;15;72,27;8,59;🚨 RUPTURA IMINENTE;20,0;5137,49;101614,3
PC001351;Não informado;C;Baixa;67,0;24,0;83,7;30;55;15;4,36;8,59;🟡 Estoque excessivo;0,0;665,86;0,0
PC003207;Não informado;C;Baixa;7,0;13,8;15,2;30;55;15;24,05;8,59;🔴 Comprar agora;18,0;4201,52;77163,83
PC001790;Não informado;C;Baixa;11,0;6,5;51,2;30;55;15;7,14;8,59;🟢 OK;0,0;4484,21;0,0
PC004460;Não informado;C;Baixa;21,0;25,6;24,6;30;55;15;14,82;8,59;🔴 Comprar agora;26,0;683,62;17701,56
PC006274;Não informado;C;Baixa;6,0;7,9;22,7;30;55;15;16,06;8,59;🔴 Comprar agora;9,0;1945,29;16580,81
PC009689;Não informado;C;Baixa;13,0;4,1;95,5;30;55;15;3,82;8,59;🟡 Estoque excessivo;0,0;3612,19;0,0
PC005399;Não informado;C;Baixa;6,0;5,6;32,3;30;55;15;11,31;8,59;🟢 OK;0,0;3083,57;0,0
PC006720;Não informado;C;Baixa;23,0;26,0;26,5;30;55;15;13,76;8,59;🔴 Comprar agora;25,0;775,96;19168,47
PC000776;Não informado;C;Baixa;32,0;11,6;83,0;30;55;15;4,4;8,59;🟡 Estoque excessivo;0,0;1698,66;0,0
PC000810;Não informado;C;Baixa;67,0;61,2;32,8;30;55;15;11,12;8,59;🟢 OK;0,0;397,67;0,0
PC003059;Não informado;C;Baixa;68,0;44,6;45,7;30;55;15;7,99;8,59;🟢 OK;0,0;391,7;0,0
PC004319;Não informado;C;Baixa;22,0;25,1;26,3;30;55;15;13,89;8,59;🔴 Comprar agora;24,0;732,76;17622,33
PC000714;Não informado;C;Baixa;12,0;15,5;23,3;30;55;15;15,68;8,59;🔴 Comprar agora;16,0;940,36;15371,66
PC002125;Não informado;C;Baixa;7,0;29,1;7,2;30;55;15;50,52;8,59;🚨 RUPTURA IMINENTE;46,0;1318,96;61057,96
PC001068;Não informado;C;Média;20,0;38,4;15,6;30;55;15;23,33;8,59;🔴 Comprar agora;50,0;820,97;41305,7
PC000158;Não informado;C;Baixa;38,0;20,7;55,1;30;55;15;6,63;8,59;🟡 Estoque excessivo;0,0;764,56;0,0
PC002772;Não informado;C;Baixa;108,0;34,1;94,9;30;55;15;3,85;8,59;🟡 Estoque excessivo;0,0;493,29;0,0
PC003988;Não informado;C;Baixa;14,0;7,5;55,8;30;55;15;6,54;8,59;🟡 Estoque excessivo;0,0;1973,13;0,0
PC001616;Não informado;C;Baixa;19,0;12,1;47,0;30;55;15;7,76;8,59;🟢 OK;0,0;1164,97;0,0
PC001849;Não informado;C;Baixa;34,0;14,4;70,9;30;55;15;5,15;8,59;🟡 Estoque excessivo;0,0;1144,14;0,0
PC003036;Não informado;C;Baixa;154,0;93,6;49,3;30;55;15;7,4;8,59;🟢 OK;0,0;280,42;0,0
PC000166;Não informado;C;Baixa;62,0;27,2;68,4;30;55;15;5,33;8,59;🟡 Estoque excessivo;0,0;567,23;0,0
PC004120;Não informado;C;Baixa;23,0;7,2;96,5;30;55;15;3,78;8,59;🟡 Estoque excessivo;0,0;2396,01;0,0
PC003141;Não informado;C;Baixa;19,0;6,0;94,4;30;55;15;3,87;8,59;🟡 Estoque excessivo;0,0;2392,95;0,0
PC004642;Não informado;C;Baixa;32,0;85,8;11,2;30;55;15;32,63;8,59;🚨 RUPTURA IMINENTE;125,0;792,28;99287,9
PC001339;Não informado;C;Baixa;15,0;6,5;69,5;30;55;15;5,25;8,59;🟡 Estoque excessivo;0,0;2164,42;0,0
PC004357;Não informado;C;Baixa;17,0;10,1;50,4;30;55;15;7,24;8,59;🟢 OK;0,0;1484,1;0,0
PC001861;Não informado;C;Baixa;21,0;8,1;77,4;30;55;15;4,72;8,59;🟡 Estoque excessivo;0,0;2441,3;0,0
PC007437;Não informado;C;Baixa;4,0;3,2;37,8;30;55;15;9,67;8,59;🟢 OK;0,0;6176,62;0,0
PC004834;Não informado;C;Baixa;31,0;67,2;13,8;30;55;15;26,38;8,59;🚨 RUPTURA IMINENTE;92,0;709,28;65410,91
PC001468;Não informado;C;Baixa;2,0;6,2;9,6;30;55;15;37,92;8,59;🚨 RUPTURA IMINENTE;9,0;4510,36;42523,86
PC002722;Não informado;C;Baixa;77,0;23,4;98,5;30;55;15;3,7;8,59;🟡 Estoque excessivo;0,0;847,22;0,0
PC003007;Não informado;C;Média;47,0;47,2;29,9;30;55;15;12,22;8,59;🔴 Comprar agora;40,0;551,61;21806,25
PC005456;Não informado;C;Baixa;34,0;56,5;18,1;30;55;15;20,2;8,59;🔴 Comprar agora;70,0;435,68;30286,44
PC006224;Não informado;C;Baixa;46,0;22,8;60,4;30;55;15;6,04;8,59;🟡 Estoque excessivo;0,0;1287,48;0,0
PC007663;Não informado;C;Baixa;25,0;37,9;19,8;30;55;15;18,42;8,59;🔴 Comprar agora;44,0;760,02;33745,62
PC004024;Não informado;C;Baixa;55,0;31,3;52,7;30;55;15;6,92;8,59;🟢 OK;0,0;1002,58;0,0
PC009685;Não informado;C;Baixa;193,0;58,9;98,3;30;55;15;3,71;8,59;🟡 Estoque excessivo;0,0;278,1;0,0
PC004306;Não informado;C;Baixa;19,0;14,3;39,9;30;55;15;9,14;8,59;🟢 OK;0,0;1150,01;0,0
PC006456;Não informado;C;Baixa;26,0;49,1;15,9;30;55;15;22,97;8,59;🔴 Comprar agora;64,0;647,41;41425,31
PC009233;Não informado;C;Baixa;17,0;18,0;28,4;30;55;15;12,86;8,59;🔴 Comprar agora;16,0;3592,68;57294,86
PC000071;Não informado;C;Baixa;5,0;11,6;12,9;30;55;15;28,22;8,59;🚨 RUPTURA IMINENTE;16,0;2118,7;34448,76
PC003286;Não informado;C;Média;52,0;31,1;50,1;30;55;15;7,28;8,59;🟢 OK;0,0;982,33;0,0
PC006783;Não informado;C;Baixa;49,0;25,7;57,2;30;55;15;6,39;8,59;🟡 Estoque excessivo;0,0;618,53;0,0
PC007065;Não informado;C;Baixa;16,0;15,5;31,0;30;55;15;11,77;8,59;🟢 OK;0,0;1889,67;0,0
PC002734;Não informado;C;Baixa;27,0;10,1;80,4;30;55;15;4,54;8,59;🟡 Estoque excessivo;0,0;1748,54;0,0
PC002773;Não informado;C;Média;53,0;61,2;26,0;30;55;15;14,05;8,59;🔴 Comprar agora;59,0;463,28;27432,68
PC009802;Não informado;C;Baixa;35,0;35,1;30,0;30;55;15;12,19;8,59;🔴 Comprar agora;29,0;1217,92;35652,75
PC003343;Não informado;C;Baixa;14,0;14,0;30,0;30;55;15;12,17;8,59;🔴 Comprar agora;12,0;1216,56;14201,92
PC003889;Não informado;C;Baixa;251,0;71,8;104,8;30;55;15;3,48;8,59;🟡 Estoque excessivo;0,0;245,63;0,0
PC008557;Não informado;C;Baixa;14,0;9,6;43,8;30;55;15;8,34;8,59;🟢 OK;0,0;2563,95;0,0
PC003720;Não informado;C;Média;22,0;26,6;24,8;30;55;15;14,7;8,59;🔴 Comprar agora;27,0;1263,9;33805,0
PC008570;Não informado;C;Baixa;286,0;301,4;28,5;30;55;15;12,82;8,59;🔴 Comprar agora;267,0;44,07;11744,92
PC006687;Não informado;C;Baixa;39,0;10,6;110,6;30;55;15;3,3;8,59;🟡 Estoque excessivo;0,0;1473,3;0,0
PC008433;Não informado;C;Baixa;455,0;285,5;47,8;30;55;15;7,64;8,59;🟢 OK;0,0;100,42;0,0
PC000373;Não informado;C;Baixa;63,0;31,3;60,3;30;55;15;6,05;8,59;🟡 Estoque excessivo;0,0;617,11;0,0
PC008727;Não informado;C;Baixa;47,0;26,3;53,5;30;55;15;6,82;8,59;🟢 OK;0,0;571,24;0,0
PC005703;Não informado;C;Baixa;16,0;6,7;71,4;30;55;15;5,11;8,59;🟡 Estoque excessivo;0,0;2432,72;0,0
PC008420;Não informado;C;Baixa;37,0;26,2;42,3;30;55;15;8,63;8,59;🟢 OK;0,0;946,66;0,0
PC000365;Não informado;C;Baixa;4,0;9,2;13,1;30;55;15;27,84;8,59;🚨 RUPTURA IMINENTE;13,0;2512,1;32105,66
PC003473;Não informado;C;Baixa;5,0;5,7;26,1;30;55;15;13,98;8,59;🔴 Comprar agora;6,0;2711,91;15006,47
PC003223;Não informado;C;Baixa;30,0;10,8;83,7;30;55;15;4,36;8,59;🟡 Estoque excessivo;0,0;1757,6;0,0
PC006734;Não informado;C;Baixa;64,0;32,7;58,7;30;55;15;6,22;8,59;🟡 Estoque excessivo;0,0;538,82;0,0
PC005499;Não informado;C;Baixa;14,0;24,5;17,1;30;55;15;21,28;8,59;🔴 Comprar agora;31,0;2300,88;71100,69
PC004076;Não informado;C;Baixa;34,0;36,6;27,9;30;55;15;13,09;8,59;🔴 Comprar agora;33,0;600,78;19861,26
PC002848;Não informado;C;Baixa;53,0;42,3;37,6;30;55;15;9,72;8,59;🟢 OK;0,0;634,13;0,0
PC001558;Não informado;C;Baixa;42,0;25,7;49,1;30;55;15;7,44;8,59;🟢 OK;0,0;574,02;0,0
PC001150;Não informado;C;Baixa;113,0;82,6;41,1;30;55;15;8,89;8,59;🟢 OK;0,0;323,65;0,0
PC007101;Não informado;C;Baixa;105,0;57,7;54,6;30;55;15;6,68;8,59;🟢 OK;0,0;275,31;0,0
PC003857;Não informado;C;Baixa;4,0;10,4;11,5;30;55;15;31,69;8,59;🚨 RUPTURA IMINENTE;15,0;5573,1;84156,37
PC008994;Não informado;C;Baixa;32,0;27,1;35,4;30;55;15;10,31;8,59;🟢 OK;0,0;1045,5;0,0
PC007525;Não informado;C;Baixa;38,0;20,8;54,8;30;55;15;6,66;8,59;🟢 OK;0,0;829,53;0,0
PC004655;Não informado;C;Baixa;15,0;6,3;71,0;30;55;15;5,14;8,59;🟡 Estoque excessivo;0,0;2661,75;0,0
PC003243;Não informado;C;Baixa;5,0;25,0;6,0;30;55;15;60,8;8,59;🚨 RUPTURA IMINENTE;41,0;1399,89;57130,18
PC000188;Não informado;C;Média;15,0;8,3;54,0;30;55;15;6,75;8,59;🟢 OK;0,0;2781,08;0,0
PC009307;Não informado;C;Baixa;18,0;18,5;29,1;30;55;15;12,53;8,59;🔴 Comprar agora;16,0;1035,28;16552,38
PC005384;Não informado;C;Baixa;30,0;10,9;82,4;30;55;15;4,43;8,59;🟡 Estoque excessivo;0,0;1100,11;0,0
PC003427;Não informado;C;Baixa;67,0;38,4;52,3;30;55;15;6,97;8,59;🟢 OK;0,0;368,54;0,0
PC001463;Não informado;C;Baixa;23,0;26,9;25,7;30;55;15;14,2;8,59;🔴 Comprar agora;26,0;709,22;18599,86
PC003939;Não informado;C;Baixa;35,0;14,4;72,7;30;55;15;5,02;8,59;🟡 Estoque excessivo;0,0;952,51;0,0
PC003139;Não informado;C;Baixa;31,0;46,6;20,0;30;55;15;18,28;8,59;🔴 Comprar agora;54,0;327,09;17795,56
PC007385;Não informado;C;Baixa;15,0;12,5;36,1;30;55;15;10,11;8,59;🟢 OK;0,0;1560,25;0,0
PC005568;Não informado;C;Baixa;54,0;27,6;58,7;30;55;15;6,22;8,59;🟡 Estoque excessivo;0,0;545,77;0,0
PC003256;Não informado;C;Baixa;78,0;28,1;83,2;30;55;15;4,39;8,59;🟡 Estoque excessivo;0,0;761,47;0,0
PC004384;Não informado;C;Baixa;28,0;36,8;22,8;30;55;15;16,01;8,59;🔴 Comprar agora;40,0;560,42;22152,64
PC004699;Não informado;C;Média;10,0;30,9;9,7;30;55;15;37,65;8,59;🚨 RUPTURA IMINENTE;47,0;826,83;38634,77
PC005522;Não informado;C;Baixa;49,0;31,5;46,7;30;55;15;7,81;8,59;🟢 OK;0,0;982,03;0,0
PC001711;Não informado;C;Baixa;3,0;5,1;17,8;30;55;15;20,55;8,59;🔴 Comprar agora;6,0;2562,69;16120,24
PC001112;Não informado;C;Baixa;7,0;3,0;70,2;30;55;15;5,2;8,59;🟡 Estoque excessivo;0,0;4910,95;0,0
PC000485;Não informado;C;Baixa;4,0;7,0;17,1;30;55;15;21,29;8,59;🔴 Comprar agora;9,0;2232,98;19723,4
PC009979;Não informado;C;Baixa;25,0;9,7;77,0;30;55;15;4,74;8,59;🟡 Estoque excessivo;0,0;1660,9;0,0
PC001198;Não informado;C;Baixa;43,0;15,0;86,1;30;55;15;4,24;8,59;🟡 Estoque excessivo;0,0;1235,63;0,0
PC006164;Não informado;C;Baixa;3,0;9,7;9,2;30;55;15;39,51;8,59;🚨 RUPTURA IMINENTE;15,0;4769,47;70877,39
PC000841;Não informado;C;Baixa;16,0;24,1;19,9;30;55;15;18,33;8,59;🔴 Comprar agora;28,0;699,15;19708,83
PC003082;Não informado;C;Baixa;18,0;15,8;34,1;30;55;15;10,71;8,59;🟢 OK;0,0;1404,63;0,0
PC009225;Não informado;C;Média;108,0;54,6;59,3;30;55;15;6,15;8,59;🟡 Estoque excessivo;0,0;569,82;0,0
PC005252;Não informado;C;Baixa;17,0;13,1;38,8;30;55;15;9,4;8,59;🟢 OK;0,0;1233,96;0,0
PC003710;Não informado;C;Baixa;11,0;8,3;40,0;30;55;15;9,13;8,59;🟢 OK;0,0;1783,79;0,0
PC002303;Não informado;C;Baixa;29,0;60,2;14,4;30;55;15;25,27;8,59;🚨 RUPTURA IMINENTE;81,0;577,36;47020,28
PC001406;Não informado;C;Baixa;23,0;7,5;91,9;30;55;15;3,97;8,59;🟡 Estoque excessivo;0,0;1900,89;0,0
PC000490;Não informado;C;Baixa;78,0;35,5;65,9;30;55;15;5,54;8,59;🟡 Estoque excessivo;0,0;365,39;0,0
PC002040;Não informado;C;Baixa;27,0;19,2;42,1;30;55;15;8,67;8,59;🟢 OK;0,0;877,55;0,0
PC008005;Não informado;C;Baixa;37,0;13,4;82,6;30;55;15;4,42;8,59;🟡 Estoque excessivo;0,0;1033,12;0,0
PC009442;Não informado;C;Baixa;24,0;68,1;10,6;30;55;15;34,54;8,59;🚨 RUPTURA IMINENTE;101,0;898,9;90724,28
PC008401;Não informado;C;Baixa;9,0;15,0;18,1;30;55;15;20,22;8,59;🔴 Comprar agora;18,0;2953,88;54415,38
PC007430;Não informado;C;Baixa;38,0;35,3;32,3;30;55;15;11,29;8,59;🟢 OK;0,0;454,83;0,0
PC009434;Não informado;C;Média;8,0;6,4;37,6;30;55;15;9,72;8,59;🟢 OK;0,0;4553,4;0,0
PC009263;Não informado;C;Média;22,0;26,3;25,1;30;55;15;14,56;8,59;🔴 Comprar agora;26,0;824,13;21660,77
PC004092;Não informado;C;Baixa;4,0;13,2;9,1;30;55;15;40,0;8,59;🚨 RUPTURA IMINENTE;20,0;4776,44;96046,43
PC006757;Não informado;C;Média;27,0;33,2;24,4;30;55;15;14,98;8,59;🔴 Comprar agora;34,0;702,24;23827,99
PC006517;Não informado;C;Baixa;46,0;16,3;84,8;30;55;15;4,3;8,59;🟡 Estoque excessivo;0,0;992,63;0,0
PC008926;Não informado;C;Baixa;529,0;242,9;65,3;30;55;15;5,59;8,59;🟡 Estoque excessivo;0,0;74,67;0,0
PC001084;Não informado;C;Baixa;9,0;22,6;11,9;30;55;15;30,62;8,59;🚨 RUPTURA IMINENTE;33,0;2182,96;70993,82
PC006643;Não informado;C;Baixa;53,0;85,2;18,7;30;55;15;19,55;8,59;🔴 Comprar agora;103,0;169,12;17447,98
PC000508;Não informado;C;Baixa;36,0;19,1;56,5;30;55;15;6,45;8,59;🟡 Estoque excessivo;0,0;838,01;0,0
PC009417;Não informado;C;Baixa;102,0;34,7;88,1;30;55;15;4,14;8,59;🟡 Estoque excessivo;0,0;395,86;0,0
PC006422;Não informado;C;Baixa;82,0;52,8;46,6;30;55;15;7,84;8,59;🟢 OK;0,0;1068,11;0,0
PC007191;Não informado;C;Baixa;19,0;11,6;48,9;30;55;15;7,46;8,59;🟢 OK;0,0;1275,42;0,0
PC009043;Não informado;C;Média;82,0;48,1;51,2;30;55;15;7,13;8,59;🟢 OK;0,0;525,98;0,0
PC009616;Não informado;C;Baixa;66,0;40,4;49,0;30;55;15;7,45;8,59;🟢 OK;0,0;360,64;0,0
PC001204;Não informado;C;Baixa;8,0;14,7;16,3;30;55;15;22,42;8,59;🔴 Comprar agora;19,0;2022,64;38485,08
PC005016;Não informado;C;Baixa;13,0;13,5;28,9;30;55;15;12,63;8,59;🔴 Comprar agora;12,0;5960,81;69936,08
PC004951;Não informado;C;Baixa;12,0;14,4;25,1;30;55;15;14,55;8,59;🔴 Comprar agora;14,0;1262,29;18065,73
PC002644;Não informado;C;Baixa;84,0;102,9;24,5;30;55;15;14,91;8,59;🔴 Comprar agora;105,0;308,93;32343,22
PC006702;Não informado;C;Baixa;21,0;9,9;63,9;30;55;15;5,71;8,59;🟡 Estoque excessivo;0,0;1327,8;0,0
PC001509;Não informado;C;Baixa;26,0;10,2;76,4;30;55;15;4,78;8,59;🟡 Estoque excessivo;0,0;1341,38;0,0
PC001039;Não informado;C;Baixa;55,0;19,7;83,8;30;55;15;4,36;8,59;🟡 Estoque excessivo;0,0;955,46;0,0
PC008525;Não informado;C;Baixa;27,0;14,8;54,7;30;55;15;6,67;8,59;🟢 OK;0,0;999,86;0,0
PC005685;Não informado;C;Baixa;17,0;25,3;20,2;30;55;15;18,1;8,59;🔴 Comprar agora;29,0;1090,37;32023,72
PC003878;Não informado;C;Baixa;55,0;18,8;87,8;30;55;15;4,16;8,59;🟡 Estoque excessivo;0,0;734,92;0,0
PC006763;Não informado;C;Baixa;27,0;12,7;63,9;30;55;15;5,71;8,59;🟡 Estoque excessivo;0,0;1339,03;0,0
PC008825;Não informado;C;Baixa;61,0;30,0;60,9;30;55;15;5,99;8,59;🟡 Estoque excessivo;0,0;764,46;0,0
PC000995;Não informado;C;Baixa;21,0;13,1;48,2;30;55;15;7,57;8,59;🟢 OK;0,0;1218,02;0,0
PC001559;Não informado;C;Baixa;12,0;6,5;55,6;30;55;15;6,56;8,59;🟡 Estoque excessivo;0,0;2429,78;0,0
PC004646;Não informado;C;Baixa;15,0;20,3;22,2;30;55;15;16,47;8,59;🔴 Comprar agora;22,0;702,35;15617,08
PC003291;Não informado;C;Baixa;34,0;18,2;55,9;30;55;15;6,52;8,59;🟡 Estoque excessivo;0,0;927,8;0,0
PC001284;Não informado;C;Baixa;8,0;4,7;50,7;30;55;15;7,2;8,59;🟢 OK;0,0;5085,51;0,0
PC005428;Não informado;C;Baixa;8,0;7,2;33,3;30;55;15;10,97;8,59;🟢 OK;0,0;2341,75;0,0
PC001274;Não informado;C;Baixa;729,0;246,8;88,6;30;55;15;4,12;8,59;🟡 Estoque excessivo;0,0;67,37;0,0
PC009454;Não informado;C;Baixa;36,0;81,8;13,2;30;55;15;27,63;8,59;🚨 RUPTURA IMINENTE;114,0;563,35;64157,61
PC006784;Não informado;C;Baixa;105,0;51,8;60,8;30;55;15;6,0;8,59;🟡 Estoque excessivo;0,0;413,16;0,0
PC002876;Não informado;C;Baixa;8,0;19,7;12,2;30;55;15;29,95;8,59;🚨 RUPTURA IMINENTE;28,0;1250,86;35158,38
PC009370;Não informado;C;Baixa;15,0;9,6;46,7;30;55;15;7,82;8,59;🟢 OK;0,0;4450,09;0,0
PC008620;Não informado;C;Baixa;47,0;13,7;102,7;30;55;15;3,55;8,59;🟡 Estoque excessivo;0,0;1116,01;0,0
PC002039;Não informado;C;Baixa;12,0;12,4;29,0;30;55;15;12,6;8,59;🔴 Comprar agora;11,0;1485,3;16014,45
PC003409;Não informado;C;Média;11,0;6,7;49,5;30;55;15;7,37;8,59;🟢 OK;0,0;4089,95;0,0
PC003109;Não informado;C;Baixa;49,0;16,5;88,9;30;55;15;4,11;8,59;🟡 Estoque excessivo;0,0;1092,18;0,0
PC001625;Não informado;C;Baixa;22,0;13,6;48,6;30;55;15;7,51;8,59;🟢 OK;0,0;2024,22;0,0
PC008035;Não informado;C;Média;25,0;14,5;51,9;30;55;15;7,04;8,59;🟢 OK;0,0;1939,09;0,0
PC000794;Não informado;C;Baixa;6,0;4,8;37,2;30;55;15;9,81;8,59;🟢 OK;0,0;4044,0;0,0
PC001349;Não informado;C;Baixa;8,0;12,7;18,9;30;55;15;19,28;8,59;🔴 Comprar agora;15,0;1306,16;19906,05
PC008411;Não informado;C;Baixa;17,0;28,8;17,7;30;55;15;20,64;8,59;🔴 Comprar agora;36,0;918,08;32943,81
PC002113;Não informado;C;Baixa;10,0;9,3;32,4;30;55;15;11,28;8,59;🟢 OK;0,0;1550,88;0,0
PC004198;Não informado;C;Baixa;47,0;25,0;56,4;30;55;15;6,47;8,59;🟡 Estoque excessivo;0,0;1082,0;0,0
PC005821;Não informado;C;Baixa;131,0;40,5;97,0;30;55;15;3,76;8,59;🟡 Estoque excessivo;0,0;301,34;0,0
PC005517;Não informado;C;Baixa;13,0;4,1;96,3;30;55;15;3,79;8,59;🟡 Estoque excessivo;0,0;3565,41;0,0
PC001948;Não informado;C;Baixa;126,0;50,4;75,0;30;55;15;4,86;8,59;🟡 Estoque excessivo;0,0;374,95;0,0
PC009433;Não informado;C;Baixa;10,0;10,2;29,4;30;55;15;12,41;8,59;🔴 Comprar agora;9,0;6195,89;53927,62
PC003524;Não informado;C;Baixa;14,0;28,4;14,8;30;55;15;24,72;8,59;🚨 RUPTURA IMINENTE;38,0;1016,14;38757,82
PC008343;Não informado;C;Baixa;12,0;10,8;33,5;30;55;15;10,91;8,59;🟢 OK;0,0;1888,2;0,0
PC005628;Não informado;C;Baixa;22,0;9,3;71,2;30;55;15;5,13;8,59;🟡 Estoque excessivo;0,0;1698,93;0,0
PC006610;Não informado;C;Baixa;40,0;62,2;19,3;30;55;15;18,92;8,59;🔴 Comprar agora;74,0;205,28;15193,14
PC009390;Não informado;C;Baixa;19,0;9,9;57,8;30;55;15;6,32;8,59;🟡 Estoque excessivo;0,0;1818,69;0,0
PC000295;Não informado;C;Baixa;225,0;168,8;40,0;30;55;15;9,13;8,59;🟢 OK;0,0;168,98;0,0
PC002425;Não informado;C;Baixa;24,0;24,4;29,5;30;55;15;12,37;8,59;🔴 Comprar agora;21,0;864,85;17921,87
PC004817;Não informado;C;Baixa;47,0;34,3;41,1;30;55;15;8,89;8,59;🟢 OK;0,0;533,85;0,0
PC007838;Não informado;C;Média;68,0;39,9;51,2;30;55;15;7,13;8,59;🟢 OK;0,0;766,56;0,0
PC008096;Não informado;C;Baixa;51,0;49,0;31,3;30;55;15;11,68;8,59;🟢 OK;0,0;433,54;0,0
PC000783;Não informado;C;Baixa;20,0;16,6;36,2;30;55;15;10,07;8,59;🟢 OK;0,0;1041,3;0,0
PC004229;Não informado;C;Baixa;38,0;30,1;37,9;30;55;15;9,64;8,59;🟢 OK;0,0;724,24;0,0
PC008921;Não informado;C;Baixa;25,0;11,0;68,0;30;55;15;5,37;8,59;🟡 Estoque excessivo;0,0;1170,24;0,0
PC009741;Não informado;C;Baixa;8,0;4,9;49,1;30;55;15;7,44;8,59;🟢 OK;0,0;5360,38;0,0
PC009239;Não informado;C;Baixa;9,0;26,0;10,4;30;55;15;35,15;8,59;🚨 RUPTURA IMINENTE;39,0;2414,16;93350,2
PC004953;Não informado;C;Baixa;61,0;19,2;95,2;30;55;15;3,83;8,59;🟡 Estoque excessivo;0,0;749,32;0,0
PC000599;Não informado;C;Baixa;13,0;11,5;34,0;30;55;15;10,73;8,59;🟢 OK;0,0;2198,11;0,0
PC003725;Não informado;C;Baixa;8,0;8,0;29,9;30;55;15;12,19;8,59;🔴 Comprar agora;7,0;3177,74;21288,28
PC002135;Não informado;C;Baixa;25,0;12,2;61,3;30;55;15;5,95;8,59;🟡 Estoque excessivo;0,0;1238,11;0,0
PC000078;Não informado;C;Baixa;30,0;12,2;73,9;30;55;15;4,94;8,59;🟡 Estoque excessivo;0,0;1123,98;0,0
PC007392;Não informado;C;Baixa;156,0;177,9;26,3;30;55;15;13,88;8,59;🔴 Comprar agora;170,0;85,57;14565,02
PC004820;Não informado;C;Baixa;12,0;14,9;24,2;30;55;15;15,07;8,59;🔴 Comprar agora;15,0;1622,34;24744,24
PC001465;Não informado;C;Baixa;37,0;93,3;11,9;30;55;15;30,66;8,59;🚨 RUPTURA IMINENTE;134,0;280,16;37532,02
PC005146;Não informado;C;Baixa;43,0;25,7;50,2;30;55;15;7,27;8,59;🟢 OK;0,0;677,04;0,0
PC005769;Não informado;C;Baixa;51,0;17,9;85,5;30;55;15;4,27;8,59;🟡 Estoque excessivo;0,0;910,55;0,0
PC006278;Não informado;C;Baixa;34,0;17,9;56,8;30;55;15;6,42;8,59;🟡 Estoque excessivo;0,0;678,1;0,0
PC005108;Não informado;C;Média;7,0;4,4;47,9;30;55;15;7,62;8,59;🟢 OK;0,0;4205,43;0,0
PC004670;Não informado;C;Baixa;4,0;13,2;9,1;30;55;15;40,07;8,59;🚨 RUPTURA IMINENTE;20,0;5692,49;114716,74
PC002175;Não informado;C;Baixa;87,0;62,2;42,0;30;55;15;8,69;8,59;🟢 OK;0,0;374,55;0,0
PC004254;Não informado;C;Baixa;18,0;13,1;41,3;30;55;15;8,84;8,59;🟢 OK;0,0;1197,52;0,0
PC003718;Não informado;C;Baixa;45,0;16,8;80,6;30;55;15;4,53;8,59;🟡 Estoque excessivo;0,0;1052,54;0,0
PC002919;Não informado;C;Baixa;37,0;16,8;66,2;30;55;15;5,51;8,59;🟡 Estoque excessivo;0,0;1094,36;0,0
PC002343;Não informado;C;Baixa;66,0;39,7;49,9;30;55;15;7,31;8,59;🟢 OK;0,0;494,25;0,0
PC004291;Não informado;C;Baixa;35,0;45,6;23,0;30;55;15;15,86;8,59;🔴 Comprar agora;49,0;260,11;12646,48
PC002383;Não informado;C;Baixa;11,0;34,5;9,6;30;55;15;38,14;8,59;🚨 RUPTURA IMINENTE;52,0;775,61;40505,02
PC000576;Não informado;C;Baixa;55,0;21,9;75,5;30;55;15;4,84;8,59;🟡 Estoque excessivo;0,0;564,28;0,0
PC008159;Não informado;C;Baixa;34,0;22,9;44,5;30;55;15;8,19;8,59;🟢 OK;0,0;1168,64;0,0
PC009025;Não informado;C;Baixa;11,0;61,9;5,3;30;55;15;68,47;8,59;🚨 RUPTURA IMINENTE;102,0;786,63;80625,6
PC004006;Não informado;C;Baixa;16,0;16,7;28,7;30;55;15;12,72;8,59;🔴 Comprar agora;15,0;1015,53;14887,07
PC002053;Não informado;C;Baixa;24,0;8,2;88,1;30;55;15;4,14;8,59;🟡 Estoque excessivo;0,0;1678,71;0,0
PC006381;Não informado;C;Baixa;59,0;20,3;87,4;30;55;15;4,18;8,59;🟡 Estoque excessivo;0,0;804,26;0,0
PC002989;Não informado;C;Baixa;26,0;27,6;28,2;30;55;15;12,92;8,59;🔴 Comprar agora;25,0;2610,97;64297,26
PC004551;Não informado;C;Baixa;7,0;2,8;76,2;30;55;15;4,79;8,59;🟡 Estoque excessivo;0,0;5575,83;0,0
PC003259;Não informado;C;Baixa;25,0;7,6;98,6;30;55;15;3,7;8,59;🟡 Estoque excessivo;0,0;1885,73;0,0
PC001612;Não informado;C;Baixa;55,0;77,4;21,3;30;55;15;17,11;8,59;🔴 Comprar agora;87,0;261,09;22671,86
PC009165;Não informado;C;Baixa;4,0;8,3;14,4;30;55;15;25,35;8,59;🚨 RUPTURA IMINENTE;11,0;2716,95;30640,96
PC005406;Não informado;C;Baixa;22,0;12,4;53,0;30;55;15;6,88;8,59;🟢 OK;0,0;1475,94;0,0
PC004528;Não informado;C;Baixa;67,0;24,4;82,4;30;55;15;4,43;8,59;🟡 Estoque excessivo;0,0;757,85;0,0
PC002194;Não informado;C;Baixa;13,0;12,8;30,6;30;55;15;11,94;8,59;🟢 OK;0,0;1053,95;0,0
PC005018;Não informado;C;Baixa;8,0;10,8;22,3;30;55;15;16,36;8,59;🔴 Comprar agora;12,0;1398,39;16389,51
PC000482;Não informado;C;Baixa;91,0;28,3;96,5;30;55;15;3,78;8,59;🟡 Estoque excessivo;0,0;493,31;0,0
PC001205;Não informado;C;Baixa;52,0;30,6;51,0;30;55;15;7,16;8,59;🟢 OK;0,0;897,12;0,0
PC008538;Não informado;C;Baixa;13,0;5,0;77,3;30;55;15;4,72;8,59;🟡 Estoque excessivo;0,0;2703,26;0,0
PC003792;Não informado;C;Baixa;78,0;58,2;40,2;30;55;15;9,08;8,59;🟢 OK;0,0;242,27;0,0
PC005363;Não informado;C;Baixa;32,0;65,7;14,6;30;55;15;24,99;8,59;🚨 RUPTURA IMINENTE;88,0;269,37;23838,86
PC000446;Não informado;C;Baixa;7,0;4,7;44,9;30;55;15;8,13;8,59;🟢 OK;0,0;4294,89;0,0
PC007516;Não informado;C;Baixa;279,0;170,5;49,1;30;55;15;7,44;8,59;🟢 OK;0,0;156,05;0,0
PC000301;Não informado;C;Baixa;8,0;25,0;9,6;30;55;15;37,98;8,59;🚨 RUPTURA IMINENTE;38,0;2841,62;107364,12
PC004550;Não informado;C;Baixa;22,0;56,2;11,7;30;55;15;31,1;8,59;🚨 RUPTURA IMINENTE;81,0;1090,79;88444,0
PC000965;Não informado;C;Baixa;73,0;35,5;61,7;30;55;15;5,92;8,59;🟡 Estoque excessivo;0,0;375,22;0,0
PC003390;Não informado;C;Baixa;9,0;10,4;25,9;30;55;15;14,07;8,59;🔴 Comprar agora;10,0;1622,35;16352,78
PC002586;Não informado;C;Baixa;21,0;13,4;46,9;30;55;15;7,78;8,59;🟢 OK;0,0;1104,27;0,0
PC007757;Não informado;C;Baixa;3,0;2,0;44,9;30;55;15;8,12;8,59;🟢 OK;0,0;6697,59;0,0
PC004185;Não informado;C;Baixa;20,0;13,4;44,8;30;55;15;8,15;8,59;🟢 OK;0,0;2041,51;0,0
PC002183;Não informado;C;Baixa;10,0;7,2;41,7;30;55;15;8,76;8,59;🟢 OK;0,0;1702,16;0,0
PC009636;Não informado;C;Baixa;42,0;21,7;58,1;30;55;15;6,28;8,59;🟡 Estoque excessivo;0,0;669,4;0,0
PC003341;Não informado;C;Baixa;5,0;2,1;72,6;30;55;15;5,02;8,59;🟡 Estoque excessivo;0,0;6765,54;0,0
PC008403;Não informado;C;Baixa;40,0;15,4;77,9;30;55;15;4,68;8,59;🟡 Estoque excessivo;0,0;740,99;0,0
PC009443;Não informado;C;Baixa;11,0;9,3;35,7;30;55;15;10,24;8,59;🟢 OK;0,0;1726,13;0,0
PC000439;Não informado;C;Baixa;27,0;18,0;45,0;30;55;15;8,1;8,59;🟢 OK;0,0;1054,42;0,0
PC008402;Não informado;C;Baixa;12,0;21,3;16,9;30;55;15;21,64;8,59;🔴 Comprar agora;27,0;956,02;25935,87
PC004621;Não informado;C;Baixa;9,0;4,1;65,7;30;55;15;5,55;8,59;🟡 Estoque excessivo;0,0;3005,13;0,0
PC002510;Não informado;C;Baixa;21,0;20,7;30,5;30;55;15;11,98;8,59;🟢 OK;0,0;1311,27;0,0
PC003460;Não informado;C;Baixa;2,0;3,0;20,0;30;55;15;18,24;8,59;🔴 Comprar agora;3,0;5023,79;17575,57
PC005335;Não informado;C;Baixa;14,0;16,7;25,1;30;55;15;14,53;8,59;🔴 Comprar agora;17,0;917,05;15276,11
PC007574;Não informado;C;Baixa;42,0;14,7;85,7;30;55;15;4,26;8,59;🟡 Estoque excessivo;0,0;929,58;0,0
PC001481;Não informado;C;Baixa;74,0;24,8;89,4;30;55;15;4,08;8,59;🟡 Estoque excessivo;0,0;528,89;0,0
PC008770;Não informado;C;Baixa;20,0;11,2;53,5;30;55;15;6,82;8,59;🟢 OK;0,0;1121,23;0,0
PC008062;Não informado;C;Baixa;4,0;6,8;17,7;30;55;15;20,68;8,59;🔴 Comprar agora;8,0;2408,4;20383,88
PC006004;Não informado;C;Média;18,0;16,5;32,7;30;55;15;11,18;8,59;🟢 OK;0,0;1265,13;0,0
PC008836;Não informado;C;Baixa;3,0;2,1;42,4;30;55;15;8,6;8,59;🟢 OK;0,0;7452,57;0,0
PC005066;Não informado;C;Baixa;43,0;28,5;45,2;30;55;15;8,07;8,59;🟢 OK;0,0;486,73;0,0
PC006360;Não informado;C;Baixa;20,0;13,3;45,0;30;55;15;8,1;8,59;🟢 OK;0,0;1092,55;0,0
PC007041;Não informado;C;Baixa;6,0;3,6;49,7;30;55;15;7,34;8,59;🟢 OK;0,0;4248,84;0,0
PC000913;Não informado;C;Baixa;7,0;2,9;73,4;30;55;15;4,98;8,59;🟡 Estoque excessivo;0,0;5696,49;0,0
PC006334;Não informado;C;Baixa;19,0;11,9;48,1;30;55;15;7,59;8,59;🟢 OK;0,0;1296,65;0,0
PC005911;Não informado;C;Baixa;14,0;6,3;66,4;30;55;15;5,5;8,59;🟡 Estoque excessivo;0,0;2447,21;0,0
PC008738;Não informado;C;Baixa;37,0;17,1;64,8;30;55;15;5,64;8,59;🟡 Estoque excessivo;0,0;965,25;0,0
PC005777;Não informado;C;Baixa;6,0;19,0;9,5;30;55;15;38,43;8,59;🚨 RUPTURA IMINENTE;29,0;3175,53;91292,53
PC003739;Não informado;C;Média;11,0;23,7;13,9;30;55;15;26,22;8,59;🚨 RUPTURA IMINENTE;32,0;1133,54;36804,38
PC006204;Não informado;C;Baixa;7,0;2,8;74,2;30;55;15;4,92;8,59;🟡 Estoque excessivo;0,0;6774,44;0,0
PC008984;Não informado;C;Baixa;2,0;3,0;20,2;30;55;15;18,03;8,59;🔴 Comprar agora;3,0;4785,38;16432,68
PC008319;Não informado;C;Baixa;27,0;13,0;62,1;30;55;15;5,87;8,59;🟡 Estoque excessivo;0,0;1130,68;0,0
PC003204;Não informado;C;Baixa;5,0;3,3;45,8;30;55;15;7,96;8,59;🟢 OK;0,0;7983,33;0,0
PC007550;Não informado;C;Baixa;7,0;3,0;70,7;30;55;15;5,16;8,59;🟡 Estoque excessivo;0,0;4379,26;0,0
PC001622;Não informado;C;Média;17,0;20,4;25,0;30;55;15;14,6;8,59;🔴 Comprar agora;20,0;1060,58;21626,61
PC002164;Não informado;C;Baixa;5,0;3,3;45,8;30;55;15;7,97;8,59;🟢 OK;0,0;8173,13;0,0
PC006587;Não informado;C;Baixa;14,0;14,4;29,1;30;55;15;12,54;8,59;🔴 Comprar agora;12,0;1708,18;21264,54
PC000699;Não informado;C;Baixa;26,0;8,2;94,6;30;55;15;3,86;8,59;🟡 Estoque excessivo;0,0;1449,36;0,0
PC007038;Não informado;C;Baixa;4,0;14,7;8,1;30;55;15;44,8;8,59;🚨 RUPTURA IMINENTE;23,0;3106,99;71471,02
PC009600;Não informado;C;Baixa;62,0;20,6;90,2;30;55;15;4,04;8,59;🟡 Estoque excessivo;0,0;660,32;0,0
PC002195;Não informado;C;Baixa;74,0;41,1;54,0;30;55;15;6,75;8,59;🟢 OK;0,0;360,94;0,0
PC009542;Não informado;C;Baixa;37,0;19,2;57,7;30;55;15;6,33;8,59;🟡 Estoque excessivo;0,0;967,61;0,0
PC006673;Não informado;C;Baixa;6,0;4,8;37,7;30;55;15;9,69;8,59;🟢 OK;0,0;5385,26;0,0
PC004333;Não informado;C;Baixa;1,0;15,3;2,0;30;55;15;186,41;8,59;🚨 RUPTURA IMINENTE;27,0;4733,66;128233,48
PC006100;Não informado;C;Baixa;6,0;3,3;54,2;30;55;15;6,74;8,59;🟢 OK;0,0;4691,73;0,0
PC004424;Não informado;C;Baixa;22,0;18,8;35,1;30;55;15;10,4;8,59;🟢 OK;0,0;1269,1;0,0
PC002628;Não informado;C;Baixa;8,0;3,1;78,2;30;55;15;4,67;8,59;🟡 Estoque excessivo;0,0;4560,16;0,0
PC008835;Não informado;C;Baixa;242,0;126,5;57,4;30;55;15;6,36;8,59;🟡 Estoque excessivo;0,0;120,78;0,0
PC005579;Não informado;C;Baixa;23,0;45,3;15,2;30;55;15;23,97;8,59;🔴 Comprar agora;60,0;302,6;18176,19
PC005714;Não informado;C;Baixa;41,0;21,6;57,0;30;55;15;6,4;8,59;🟡 Estoque excessivo;0,0;643,44;0,0
PC002783;Não informado;C;Baixa;10,0;17,7;16,9;30;55;15;21,59;8,59;🔴 Comprar agora;23,0;657,6;14815,34
PC007255;Não informado;C;Baixa;51,0;23,1;66,1;30;55;15;5,52;8,59;🟡 Estoque excessivo;0,0;498,25;0,0
PC006035;Não informado;C;Baixa;100,0;51,7;58,0;30;55;15;6,3;8,59;🟡 Estoque excessivo;0,0;452,46;0,0
PC000085;Não informado;C;Baixa;46,0;52,6;26,3;30;55;15;13,9;8,59;🔴 Comprar agora;50,0;407,15;20512,35
PC009262;Não informado;C;Baixa;12,0;19,3;18,6;30;55;15;19,58;8,59;🔴 Comprar agora;23,0;782,0;18297,22
PC008704;Não informado;C;Baixa;60,0;129,4;13,9;30;55;15;26,24;8,59;🚨 RUPTURA IMINENTE;177,0;458,94;81360,92
PC009108;Não informado;C;Baixa;5,0;16,8;8,9;30;55;15;40,84;8,59;🚨 RUPTURA IMINENTE;26,0;4596,92;118461,97
PC003987;Não informado;C;Baixa;53,0;113,4;14,0;30;55;15;26,04;8,59;🚨 RUPTURA IMINENTE;155,0;187,33;29030,76
PC005408;Não informado;C;Baixa;102,0;31,2;98,0;30;55;15;3,73;8,59;🟡 Estoque excessivo;0,0;506,39;0,0
PC007241;Não informado;C;Baixa;23,0;23,2;29,7;30;55;15;12,27;8,59;🔴 Comprar agora;20,0;851,34;16622,77
PC003030;Não informado;C;Baixa;42,0;29,5;42,8;30;55;15;8,54;8,59;🟢 OK;0,0;533,09;0,0
PC002888;Não informado;C;Baixa;26,0;8,6;90,8;30;55;15;4,02;8,59;🟡 Estoque excessivo;0,0;1796,91;0,0
PC002544;Não informado;C;Baixa;26,0;17,4;44,8;30;55;15;8,14;8,59;🟢 OK;0,0;1001,11;0,0
PC006483;Não informado;C;Baixa;17,0;17,3;29,4;30;55;15;12,41;8,59;🔴 Comprar agora;15,0;740,93;10953,53
PC009787;Não informado;C;Baixa;4,0;6,8;17,6;30;55;15;20,74;8,59;🔴 Comprar agora;9,0;2319,66;19725,33
PC005653;Não informado;C;Baixa;117,0;72,9;48,1;30;55;15;7,58;8,59;🟢 OK;0,0;578,13;0,0
PC007722;Não informado;C;Baixa;67,0;31,9;62,9;30;55;15;5,8;8,59;🟡 Estoque excessivo;0,0;424,59;0,0
PC005731;Não informado;C;Baixa;53,0;40,5;39,3;30;55;15;9,29;8,59;🟢 OK;0,0;396,03;0,0
PC007565;Não informado;C;Baixa;5,0;4,9;30,9;30;55;15;11,83;8,59;🟢 OK;0,0;4350,77;0,0
PC002265;Não informado;C;Baixa;3,0;2,1;43,8;30;55;15;8,34;8,59;🟢 OK;0,0;8314,36;0,0
PC009952;Não informado;C;Baixa;36,0;66,6;16,2;30;55;15;22,51;8,59;🔴 Comprar agora;86,0;727,51;62628,93
PC006463;Não informado;C;Baixa;105,0;80,9;38,9;30;55;15;9,38;8,59;🟢 OK;0,0;231,6;0,0
PC008635;Não informado;C;Baixa;6,0;7,5;24,0;30;55;15;15,2;8,59;🔴 Comprar agora;8,0;2053,35;15904,82
PC009382;Não informado;C;Baixa;231,0;117,5;59,0;30;55;15;6,19;8,59;🟡 Estoque excessivo;0,0;218,6;0,0
PC003667;Não informado;C;Baixa;19,0;16,3;34,9;30;55;15;10,45;8,59;🟢 OK;0,0;943,71;0,0
PC003217;Não informado;C;Baixa;13,0;4,0;97,3;30;55;15;3,75;8,59;🟡 Estoque excessivo;0,0;3775,14;0,0
PC008048;Não informado;C;Baixa;53,0;23,6;67,3;30;55;15;5,43;8,59;🟡 Estoque excessivo;0,0;658,56;0,0
PC003671;Não informado;C;Baixa;6,0;8,5;21,2;30;55;15;17,23;8,59;🔴 Comprar agora;10,0;2167,16;20757,62
PC005636;Não informado;C;Baixa;6,0;1,9;93,9;30;55;15;3,89;8,59;🟡 Estoque excessivo;0,0;8146,99;0,0
PC006901;Não informado;C;Baixa;25,0;21,0;35,7;30;55;15;10,23;8,59;🟢 OK;0,0;566,68;0,0
PC004618;Não informado;C;Baixa;11,0;12,2;27,0;30;55;15;13,5;8,59;🔴 Comprar agora;11,0;1225,7;13935,34
PC009819;Não informado;C;Baixa;93,0;56,7;49,2;30;55;15;7,42;8,59;🟢 OK;0,0;327,58;0,0
PC006751;Não informado;C;Baixa;53,0;17,3;92,0;30;55;15;3,97;8,59;🟡 Estoque excessivo;0,0;800,52;0,0
PC009211;Não informado;C;Média;19,0;17,0;33,4;30;55;15;10,92;8,59;🟢 OK;0,0;1539,87;0,0
PC001253;Não informado;C;Baixa;9,0;8,3;32,5;30;55;15;11,22;8,59;🟢 OK;0,0;1260,25;0,0
PC004708;Não informado;C;Baixa;19,0;22,8;25,0;30;55;15;14,6;8,59;🔴 Comprar agora;23,0;484,16;11044,04
PC008108;Não informado;C;Baixa;16,0;12,6;38,2;30;55;15;9,56;8,59;🟢 OK;0,0;1142,4;0,0
PC000752;Não informado;C;Baixa;82,0;48,6;50,6;30;55;15;7,21;8,59;🟢 OK;0,0;441,18;0,0
PC009488;Não informado;C;Baixa;46,0;50,8;27,2;30;55;15;13,43;8,59;🔴 Comprar agora;47,0;516,63;24331,97
PC009218;Não informado;C;Baixa;2,0;3,1;19,6;30;55;15;18,65;8,59;🔴 Comprar agora;4,0;4008,72;14511,69
PC008008;Não informado;C;Baixa;91,0;69,8;39,1;30;55;15;9,34;8,59;🟢 OK;0,0;404,55;0,0
PC006481;Não informado;C;Média;17,0;12,2;41,8;30;55;15;8,72;8,59;🟢 OK;0,0;2242,2;0,0
PC009276;Não informado;C;Baixa;11,0;12,1;27,3;30;55;15;13,36;8,59;🔴 Comprar agora;11,0;948,09;10559,03
PC003346;Não informado;C;Baixa;40,0;16,1;74,4;30;55;15;4,91;8,59;🟡 Estoque excessivo;0,0;988,2;0,0
PC004896;Não informado;C;Baixa;41,0;29,1;42,3;30;55;15;8,64;8,59;🟢 OK;0,0;476,2;0,0
PC001041;Não informado;C;Baixa;35,0;18,3;57,5;30;55;15;6,35;8,59;🟡 Estoque excessivo;0,0;782,3;0,0
PC001156;Não informado;C;Baixa;33,0;19,0;52,1;30;55;15;7,0;8,59;🟢 OK;0,0;1502,31;0,0
PC002634;Não informado;C;Baixa;24,0;10,2;70,7;30;55;15;5,17;8,59;🟡 Estoque excessivo;0,0;1166,23;0,0
PC008406;Não informado;C;Baixa;53,0;20,2;78,5;30;55;15;4,65;8,59;🟡 Estoque excessivo;0,0;724,68;0,0
PC008693;Não informado;C;Baixa;114,0;63,5;53,8;30;55;15;6,78;8,59;🟢 OK;0,0;181,18;0,0
PC003309;Não informado;C;Baixa;19,0;23,2;24,6;30;55;15;14,83;8,59;🔴 Comprar agora;23,0;2094,81;49136,89
PC002935;Não informado;C;Baixa;20,0;11,4;52,8;30;55;15;6,91;8,59;🟢 OK;0,0;1066,69;0,0
PC000877;Não informado;C;Baixa;9,0;3,1;86,4;30;55;15;4,22;8,59;🟡 Estoque excessivo;0,0;4318,66;0,0
PC007304;Não informado;C;Baixa;25,0;9,0;82,9;30;55;15;4,4;8,59;🟡 Estoque excessivo;0,0;1703,4;0,0
PC000973;Não informado;C;Baixa;4,0;3,3;36,6;30;55;15;9,97;8,59;🟢 OK;0,0;6000,27;0,0
PC002511;Não informado;C;Baixa;16,0;16,4;29,2;30;55;15;12,48;8,59;🔴 Comprar agora;14,0;742,93;10470,47
PC003990;Não informado;C;Baixa;59,0;118,1;15,0;30;55;15;24,35;8,59;🚨 RUPTURA IMINENTE;157,0;333,54;52514,39
PC001259;Não informado;C;Média;73,0;51,5;42,5;30;55;15;8,58;8,59;🟢 OK;0,0;461,52;0,0
PC004997;Não informado;C;Baixa;36,0;24,5;44,0;30;55;15;8,29;8,59;🟢 OK;0,0;568,63;0,0
PC001240;Não informado;C;Baixa;2,0;1,9;32,2;30;55;15;11,32;8,59;🟢 OK;0,0;7948,83;0,0
PC000218;Não informado;C;Baixa;6,0;5,0;35,9;30;55;15;10,16;8,59;🟢 OK;0,0;2801,68;0,0
PC006794;Não informado;C;Baixa;14,0;15,4;27,3;30;55;15;13,39;8,59;🔴 Comprar agora;14,0;1279,47;18221,88
PC002585;Não informado;C;Baixa;11,0;4,1;81,2;30;55;15;4,49;8,59;🟡 Estoque excessivo;0,0;3782,18;0,0
PC007364;Não informado;C;Baixa;16,0;39,0;12,3;30;55;15;29,62;8,59;🚨 RUPTURA IMINENTE;55,0;1110,08;61510,93
PC004801;Não informado;C;Baixa;6,0;10,2;17,7;30;55;15;20,62;8,59;🔴 Comprar agora;13,0;4746,82;60027,5
PC006997;Não informado;C;Baixa;28,0;30,4;27,6;30;55;15;13,23;8,59;🔴 Comprar agora;28,0;838,25;23311,24
PC009684;Não informado;C;Baixa;9,0;12,6;21,3;30;55;15;17,1;8,59;🔴 Comprar agora;14,0;3405,23;48319,4
PC007952;Não informado;C;Baixa;22,0;16,1;41,0;30;55;15;8,9;8,59;🟢 OK;0,0;947,49;0,0
PC003821;Não informado;C;Baixa;11,0;4,2;78,0;30;55;15;4,68;8,59;🟡 Estoque excessivo;0,0;2777,2;0,0
PC006866;Não informado;C;Baixa;189,0;125,9;45,0;30;55;15;8,11;8,59;🟢 OK;0,0;128,27;0,0
PC000410;Não informado;C;Baixa;2,0;3,0;19,8;30;55;15;18,4;8,59;🔴 Comprar agora;4,0;4007,0;14202,55
PC008598;Não informado;C;Baixa;82,0;33,5;73,4;30;55;15;4,97;8,59;🟡 Estoque excessivo;0,0;419,98;0,0
PC004095;Não informado;C;Baixa;91,0;60,3;45,3;30;55;15;8,06;8,59;🟢 OK;0,0;413,4;0,0
PC003499;Não informado;C;Baixa;140,0;62,6;67,1;30;55;15;5,44;8,59;🟡 Estoque excessivo;0,0;199,87;0,0
PC001519;Não informado;C;Baixa;2,0;8,1;7,4;30;55;15;49,05;8,59;🚨 RUPTURA IMINENTE;13,0;7740,29;98928,98
PC004828;Não informado;C;Baixa;156,0;105,4;44,4;30;55;15;8,22;8,59;🟢 OK;0,0;189,55;0,0
PC002249;Não informado;C;Média;41,0;81,7;15,1;30;55;15;24,23;8,59;🔴 Comprar agora;109,0;267,1;29036,44
PC005549;Não informado;C;Baixa;6,0;6,5;27,8;30;55;15;13,13;8,59;🔴 Comprar agora;6,0;3984,93;23413,24
PC009110;Não informado;C;Baixa;206,0;99,8;61,9;30;55;15;5,89;8,59;🟡 Estoque excessivo;0,0;198,05;0,0
PC008145;Não informado;C;Baixa;4,0;11,2;10,7;30;55;15;34,14;8,59;🚨 RUPTURA IMINENTE;17,0;4103,03;68016,79
PC002440;Não informado;C;Baixa;23,0;10,3;67,0;30;55;15;5,45;8,59;🟡 Estoque excessivo;0,0;1160,87;0,0
PC002632;Não informado;C;Baixa;42,0;27,3;46,1;30;55;15;7,92;8,59;🟢 OK;0,0;1024,66;0,0
PC009611;Não informado;C;Baixa;51,0;23,3;65,8;30;55;15;5,55;8,59;🟡 Estoque excessivo;0,0;630,6;0,0
PC006980;Não informado;C;Baixa;5,0;6,6;22,7;30;55;15;16,11;8,59;🔴 Comprar agora;7,0;3407,86;24327,62
PC006296;Não informado;C;Baixa;18,0;7,0;77,5;30;55;15;4,71;8,59;🟡 Estoque excessivo;0,0;2239,78;0,0
PC001096;Não informado;C;Baixa;35,0;10,6;98,9;30;55;15;3,69;8,59;🟡 Estoque excessivo;0,0;1403,36;0,0
PC005291;Não informado;C;Baixa;28,0;14,9;56,5;30;55;15;6,46;8,59;🟡 Estoque excessivo;0,0;803,52;0,0
PC002253;Não informado;C;Baixa;5,0;7,4;20,3;30;55;15;17,94;8,59;🔴 Comprar agora;9,0;1980,77;16873,65
PC002843;Não informado;C;Baixa;35,0;53,1;19,8;30;55;15;18,46;8,59;🔴 Comprar agora;62,0;327,61;20430,34
PC002730;Não informado;C;Baixa;37,0;35,6;31,2;30;55;15;11,72;8,59;🟢 OK;0,0;366,17;0,0
PC005026;Não informado;C;Média;169,0;111,8;45,4;30;55;15;8,05;8,59;🟢 OK;0,0;188,58;0,0
PC007495;Não informado;C;Baixa;3,0;10,2;8,9;30;55;15;41,18;8,59;🚨 RUPTURA IMINENTE;16,0;5201,49;81234,98
PC001992;Não informado;C;Baixa;28,0;12,5;67,4;30;55;15;5,41;8,59;🟡 Estoque excessivo;0,0;1327,24;0,0
PC009468;Não informado;C;Baixa;8,0;2,8;84,4;30;55;15;4,32;8,59;🟡 Estoque excessivo;0,0;3725,38;0,0
PC008775;Não informado;C;Baixa;5,0;2,8;54,5;30;55;15;6,7;8,59;🟢 OK;0,0;4835,51;0,0
PC003619;Não informado;C;Baixa;33,0;14,5;68,5;30;55;15;5,33;8,59;🟡 Estoque excessivo;0,0;837,79;0,0
PC000807;Não informado;C;Baixa;100,0;65,4;45,9;30;55;15;7,96;8,59;🟢 OK;0,0;941,26;0,0
PC004368;Não informado;C;Baixa;55,0;35,3;46,7;30;55;15;7,81;8,59;🟢 OK;0,0;648,26;0,0
PC008160;Não informado;C;Baixa;86,0;29,9;86,4;30;55;15;4,23;8,59;🟡 Estoque excessivo;0,0;569,67;0,0
PC004336;Não informado;C;Baixa;68,0;20,2;101,1;30;55;15;3,61;8,59;🟡 Estoque excessivo;0,0;721,82;0,0
PC005828;Não informado;C;Baixa;4,0;5,2;23,1;30;55;15;15,78;8,59;🔴 Comprar agora;6,0;2991,48;16490,64
PC008759;Não informado;C;Baixa;37,0;15,1;73,3;30;55;15;4,98;8,59;🟡 Estoque excessivo;0,0;900,94;0,0
PC003157;Não informado;C;Baixa;42,0;38,8;32,5;30;55;15;11,23;8,59;🟢 OK;0,0;541,32;0,0
PC004928;Não informado;C;Baixa;39,0;42,1;27,8;30;55;15;13,14;8,59;🔴 Comprar agora;38,0;610,84;23354,95
PC008670;Não informado;C;Baixa;15,0;13,7;32,8;30;55;15;11,12;8,59;🟢 OK;0,0;943,6;0,0
PC009837;Não informado;C;Baixa;7,0;6,0;34,9;30;55;15;10,47;8,59;🟢 OK;0,0;1952,39;0,0
PC004737;Não informado;C;Baixa;8,0;11,3;21,2;30;55;15;17,19;8,59;🔴 Comprar agora;13,0;1217,36;15492,14
PC009275;Não informado;C;Baixa;21,0;39,4;16,0;30;55;15;22,81;8,59;🔴 Comprar agora;51,0;383,83;19641,11
PC008751;Não informado;C;Baixa;4,0;3,0;39,6;30;55;15;9,21;8,59;🟢 OK;0,0;5016,72;0,0
PC002967;Não informado;C;Baixa;5,0;4,9;30,4;30;55;15;11,99;8,59;🟢 OK;0,0;3193,79;0,0
PC006007;Não informado;C;Média;844,0;479,7;52,8;30;55;15;6,92;8,59;🟢 OK;0,0;52,61;0,0
PC009972;Não informado;C;Baixa;6,0;2,0;92,0;30;55;15;3,97;8,59;🟡 Estoque excessivo;0,0;5466,66;0,0
PC004507;Não informado;C;Baixa;35,0;24,7;42,5;30;55;15;8,6;8,59;🟢 OK;0,0;1121,8;0,0
PC003623;Não informado;C;Baixa;42,0;14,0;90,0;30;55;15;4,05;8,59;🟡 Estoque excessivo;0,0;1018,49;0,0
PC005639;Não informado;C;Baixa;43,0;27,8;46,5;30;55;15;7,85;8,59;🟢 OK;0,0;469,02;0,0
PC007640;Não informado;C;Baixa;39,0;12,9;90,7;30;55;15;4,02;8,59;🟡 Estoque excessivo;0,0;958,02;0,0
PC004220;Não informado;C;Baixa;2,0;8,0;7,5;30;55;15;48,89;8,59;🚨 RUPTURA IMINENTE;13,0;5794,48;73783,19
PC001190;Não informado;C;Média;43,0;25,3;51,0;30;55;15;7,15;8,59;🟢 OK;0,0;834,94;0,0
PC006815;Não informado;C;Baixa;20,0;12,8;46,8;30;55;15;7,8;8,59;🟢 OK;0,0;1722,7;0,0
PC007088;Não informado;C;Baixa;162,0;52,9;91,9;30;55;15;3,97;8,59;🟡 Estoque excessivo;0,0;213,09;0,0
PC002100;Não informado;C;Baixa;3,0;5,1;17,6;30;55;15;20,69;8,59;🔴 Comprar agora;6,0;7375,84;46850,13
PC002319;Não informado;C;Baixa;41,0;27,3;45,1;30;55;15;8,09;8,59;🟢 OK;0,0;899,73;0,0
PC007384;Não informado;C;Baixa;8,0;4,7;51,4;30;55;15;7,1;8,59;🟢 OK;0,0;4940,63;0,0
PC005768;Não informado;C;Baixa;28,0;10,1;83,3;30;55;15;4,38;8,59;🟡 Estoque excessivo;0,0;1654,65;0,0
PC008730;Não informado;C;Baixa;4,0;11,2;10,7;30;55;15;34,06;8,59;🚨 RUPTURA IMINENTE;17,0;3474,77;57444,18
PC003131;Não informado;C;Baixa;24,0;19,4;37,1;30;55;15;9,84;8,59;🟢 OK;0,0;2215,95;0,0
PC000635;Não informado;C;Baixa;7,0;8,6;24,3;30;55;15;15,03;8,59;🔴 Comprar agora;9,0;1182,26;10461,7
PC004959;Não informado;C;Baixa;22,0;7,1;93,0;30;55;15;3,92;8,59;🟡 Estoque excessivo;0,0;1321,85;0,0
PC006556;Não informado;C;Baixa;68,0;33,9;60,1;30;55;15;6,07;8,59;🟡 Estoque excessivo;0,0;394,01;0,0
PC009784;Não informado;C;Baixa;25,0;21,5;34,9;30;55;15;10,46;8,59;🟢 OK;0,0;801,87;0,0
PC007408;Não informado;C;Baixa;48,0;35,2;40,9;30;55;15;8,93;8,59;🟢 OK;0,0;369,63;0,0
PC004412;Não informado;C;Baixa;6,0;3,0;60,3;30;55;15;6,05;8,59;🟡 Estoque excessivo;0,0;4604,16;0,0
PC001291;Não informado;C;Média;23,0;65,6;10,5;30;55;15;34,69;8,59;🚨 RUPTURA IMINENTE;97,0;353,07;34328,29
PC004677;Não informado;C;Baixa;15,0;45,0;10,0;30;55;15;36,46;8,59;🚨 RUPTURA IMINENTE;67,0;1388,97;93645,16
PC008217;Não informado;C;Baixa;62,0;159,9;11,6;30;55;15;31,38;8,59;🚨 RUPTURA IMINENTE;231,0;514,2;118853,86
PC009817;Não informado;C;Baixa;13,0;16,2;24,0;30;55;15;15,2;8,59;🔴 Comprar agora;17,0;2384,81;40003,22
PC005582;Não informado;C;Média;24,0;51,6;13,9;30;55;15;26,17;8,59;🚨 RUPTURA IMINENTE;71,0;411,61;29084,19
PC001070;Não informado;C;Baixa;24,0;28,3;25,4;30;55;15;14,35;8,59;🔴 Comprar agora;28,0;1987,9;55462,48
PC006346;Não informado;C;Baixa;90,0;33,5;80,6;30;55;15;4,53;8,59;🟡 Estoque excessivo;0,0;368,12;0,0
PC006698;Não informado;C;Baixa;55,0;18,2;90,5;30;55;15;4,03;8,59;🟡 Estoque excessivo;0,0;708,71;0,0
PC003512;Não informado;C;Baixa;26,0;26,0;30,0;30;55;15;12,17;8,59;🔴 Comprar agora;22,0;592,69;12855,99
PC005750;Não informado;C;Baixa;93,0;40,2;69,5;30;55;15;5,25;8,59;🟡 Estoque excessivo;0,0;234,82;0,0
PC006954;Não informado;C;Baixa;48,0;19,4;74,1;30;55;15;4,93;8,59;🟡 Estoque excessivo;0,0;766,24;0,0
PC006163;Não informado;C;Baixa;44,0;16,4;80,7;30;55;15;4,52;8,59;🟡 Estoque excessivo;0,0;933,91;0,0
PC000876;Não informado;C;Baixa;20,0;18,3;32,7;30;55;15;11,15;8,59;🟢 OK;0,0;802,78;0,0
PC001015;Não informado;C;Baixa;25,0;36,4;20,6;30;55;15;17,73;8,59;🔴 Comprar agora;42,0;429,47;17953,9
PC002702;Não informado;C;Baixa;6,0;10,4;17,3;30;55;15;21,11;8,59;🔴 Comprar agora;13,0;1095,81;14334,65
PC006282;Não informado;C;Baixa;31,0;10,3;90,2;30;55;15;4,05;8,59;🟡 Estoque excessivo;0,0;1056,14;0,0
PC009183;Não informado;C;Baixa;66,0;39,4;50,3;30;55;15;7,25;8,59;🟢 OK;0,0;351,44;0,0
PC005799;Não informado;C;Baixa;57,0;24,9;68,7;30;55;15;5,31;8,59;🟡 Estoque excessivo;0,0;599,14;0,0
PC009694;Não informado;C;Baixa;58,0;29,5;59,0;30;55;15;6,19;8,59;🟡 Estoque excessivo;0,0;521,46;0,0
PC000811;Não informado;C;Baixa;63,0;19,6;96,6;30;55;15;3,78;8,59;🟡 Estoque excessivo;0,0;766,09;0,0
PC008709;Não informado;C;Baixa;14,0;5,1;82,9;30;55;15;4,4;8,59;🟡 Estoque excessivo;0,0;2132,12;0,0
PC001925;Não informado;C;Baixa;18,0;6,4;84,0;30;55;15;4,34;8,59;🟡 Estoque excessivo;0,0;1942,38;0,0
PC004596;Não informado;C;Baixa;16,0;10,3;46,5;30;55;15;7,84;8,59;🟢 OK;0,0;1638,25;0,0
PC009780;Não informado;C;Baixa;10,0;5,1;58,4;30;55;15;6,25;8,59;🟡 Estoque excessivo;0,0;2426,98;0,0
PC003076;Não informado;C;Baixa;5,0;10,3;14,5;30;55;15;25,1;8,59;🚨 RUPTURA IMINENTE;14,0;4504,54;62645,78
PC008941;Não informado;C;Baixa;6,0;4,0;44,4;30;55;15;8,21;8,59;🟢 OK;0,0;3605,59;0,0
PC005394;Não informado;C;Baixa;71,0;40,5;52,6;30;55;15;6,94;8,59;🟢 OK;0,0;300,49;0,0
PC000663;Não informado;C;Baixa;3,0;22,9;3,9;30;55;15;92,89;8,59;🚨 RUPTURA IMINENTE;39,0;1806,5;70438,79
PC001147;Não informado;C;Baixa;8,0;7,1;33,7;30;55;15;10,83;8,59;🟢 OK;0,0;2098,96;0,0
PC004036;Não informado;C;Baixa;3,0;2,7;33,9;30;55;15;10,77;8,59;🟢 OK;0,0;6671,55;0,0
PC006059;Não informado;C;Baixa;23,0;39,1;17,6;30;55;15;20,71;8,59;🔴 Comprar agora;49,0;1008,53;49178,25
PC009553;Não informado;C;Baixa;10,0;4,7;64,3;30;55;15;5,67;8,59;🟡 Estoque excessivo;0,0;4025,87;0,0
PC004436;Não informado;C;Baixa;7,0;9,9;21,2;30;55;15;17,25;8,59;🔴 Comprar agora;11,0;3816,34;42718,04
PC003519;Não informado;C;Baixa;56,0;34,2;49,1;30;55;15;7,43;8,59;🟢 OK;0,0;667,25;0,0
PC008677;Não informado;C;Baixa;11,0;7,7;42,7;30;55;15;8,55;8,59;🟢 OK;0,0;3183,36;0,0
PC004600;Não informado;C;Baixa;48,0;20,2;71,3;30;55;15;5,12;8,59;🟡 Estoque excessivo;0,0;553,59;0,0
PC003781;Não informado;C;Baixa;66,0;24,1;82,0;30;55;15;4,45;8,59;🟡 Estoque excessivo;0,0;596,48;0,0
PC008543;Não informado;C;Média;5,0;13,3;11,3;30;55;15;32,29;8,59;🚨 RUPTURA IMINENTE;19,0;1457,86;28180,96
PC007029;Não informado;C;Baixa;18,0;20,4;26,5;30;55;15;13,77;8,59;🔴 Comprar agora;19,0;615,05;11903,21
PC001275;Não informado;C;Baixa;28,0;39,7;21,1;30;55;15;17,27;8,59;🔴 Comprar agora;45,0;605,7;27165,62
PC007690;Não informado;C;Baixa;5,0;7,7;19,5;30;55;15;18,73;8,59;🔴 Comprar agora;9,0;1343,95;12246,28
PC002840;Não informado;C;Baixa;6,0;12,5;14,4;30;55;15;25,42;8,59;🚨 RUPTURA IMINENTE;17,0;4372,2;74243,98
PC000265;Não informado;C;Baixa;48,0;33,3;43,3;30;55;15;8,43;8,59;🟢 OK;0,0;700,9;0,0
PC007991;Não informado;C;Média;25,0;23,1;32,5;30;55;15;11,24;8,59;🟢 OK;0,0;1016,69;0,0
PC000121;Não informado;C;Baixa;78,0;28,1;83,3;30;55;15;4,38;8,59;🟡 Estoque excessivo;0,0;464,78;0,0
PC007988;Não informado;C;Baixa;3,0;7,3;12,4;30;55;15;29,4;8,59;🚨 RUPTURA IMINENTE;10,0;6622,24;68154,83
PC004958;Não informado;C;Baixa;24,0;15,8;45,5;30;55;15;8,02;8,59;🟢 OK;0,0;767,69;0,0
PC000590;Não informado;C;Baixa;32,0;14,3;67,0;30;55;15;5,45;8,59;🟡 Estoque excessivo;0,0;1016,21;0,0
PC001401;Não informado;C;Baixa;42,0;23,3;54,0;30;55;15;6,76;8,59;🟢 OK;0,0;548,1;0,0
PC001603;Não informado;C;Baixa;169,0;85,8;59,1;30;55;15;6,18;8,59;🟡 Estoque excessivo;0,0;131,08;0,0
PC001566;Não informado;C;Baixa;44,0;21,7;60,9;30;55;15;5,99;8,59;🟡 Estoque excessivo;0,0;786,86;0,0
PC007739;Não informado;C;Baixa;15,0;6,0;74,7;30;55;15;4,89;8,59;🟡 Estoque excessivo;0,0;2308,19;0,0
PC008840;Não informado;C;Baixa;14,0;12,7;33,2;30;55;15;10,99;8,59;🟢 OK;0,0;1516,32;0,0
PC008180;Não informado;C;Média;22,0;26,2;25,2;30;55;15;14,48;8,59;🔴 Comprar agora;26,0;906,84;23589,43
PC009764;Não informado;C;Baixa;11,0;17,3;19,0;30;55;15;19,16;8,59;🔴 Comprar agora;21,0;867,51;18010,97
PC003813;Não informado;C;Baixa;29,0;9,1;95,6;30;55;15;3,82;8,59;🟡 Estoque excessivo;0,0;1224,14;0,0
PC004724;Não informado;C;Baixa;14,0;5,4;77,5;30;55;15;4,71;8,59;🟡 Estoque excessivo;0,0;2824,59;0,0
PC009933;Não informado;C;Baixa;3,0;2,1;42,4;30;55;15;8,6;8,59;🟢 OK;0,0;6406,96;0,0
PC009663;Não informado;C;Baixa;67,0;28,4;70,8;30;55;15;5,16;8,59;🟡 Estoque excessivo;0,0;429,13;0,0
PC007702;Não informado;C;Baixa;157,0;51,1;92,2;30;55;15;3,96;8,59;🟡 Estoque excessivo;0,0;249,82;0,0
PC004761;Não informado;C;Baixa;17,0;5,1;101,0;30;55;15;3,61;8,59;🟡 Estoque excessivo;0,0;2310,14;0,0
PC009229;Não informado;C;Baixa;9,0;4,4;61,2;30;55;15;5,96;8,59;🟡 Estoque excessivo;0,0;4219,45;0,0
PC006935;Não informado;C;Baixa;7,0;6,6;31,6;30;55;15;11,54;8,59;🟢 OK;0,0;1600,57;0,0
PC009886;Não informado;C;Baixa;11,0;21,8;15,1;30;55;15;24,09;8,59;🔴 Comprar agora;29,0;601,05;17391,37
PC001439;Não informado;C;Baixa;36,0;11,3;95,7;30;55;15;3,81;8,59;🟡 Estoque excessivo;0,0;1221,82;0,0
PC000703;Não informado;C;Baixa;47,0;14,8;95,3;30;55;15;3,83;8,59;🟡 Estoque excessivo;0,0;951,26;0,0
PC001562;Não informado;C;Baixa;47,0;19,7;71,7;30;55;15;5,09;8,59;🟡 Estoque excessivo;0,0;469,53;0,0
PC006239;Não informado;C;Baixa;24,0;8,5;84,9;30;55;15;4,3;8,59;🟡 Estoque excessivo;0,0;1885,59;0,0
PC008950;Não informado;C;Baixa;73,0;99,0;22,1;30;55;15;16,5;8,59;🔴 Comprar agora;109,0;178,77;19399,4
PC007222;Não informado;C;Baixa;252,0;89,4;84,6;30;55;15;4,32;8,59;🟡 Estoque excessivo;0,0;133,7;0,0
PC006159;Não informado;C;Baixa;34,0;107,0;9,5;30;55;15;38,31;8,59;🚨 RUPTURA IMINENTE;162,0;546,73;88710,47
PC003476;Não informado;C;Média;13,0;8,1;48,1;30;55;15;7,58;8,59;🟢 OK;0,0;2077,8;0,0
PC000429;Não informado;C;Média;7,0;5,4;38,6;30;55;15;9,46;8,59;🟢 OK;0,0;4536,44;0,0
PC001921;Não informado;C;Média;3,0;4,8;18,8;30;55;15;19,42;8,59;🔴 Comprar agora;6,0;5006,61;28926,73
PC000700;Não informado;C;Baixa;5,0;4,1;37,0;30;55;15;9,86;8,59;🟢 OK;0,0;2613,22;0,0
PC003949;Não informado;C;Baixa;3,0;11,1;8,1;30;55;15;44,98;8,59;🚨 RUPTURA IMINENTE;17,0;5289,87;91695,59
PC006338;Não informado;C;Baixa;13,0;6,9;56,6;30;55;15;6,45;8,59;🟡 Estoque excessivo;0,0;1647,85;0,0
PC000016;Não informado;C;Baixa;11,0;11,0;30,0;30;55;15;12,17;8,59;🔴 Comprar agora;9,0;1385,75;12717,6
PC004228;Não informado;C;Baixa;11,0;3,9;84,7;30;55;15;4,31;8,59;🟡 Estoque excessivo;0,0;3240,38;0,0
PC002581;Não informado;C;Baixa;91,0;69,1;39,5;30;55;15;9,24;8,59;🟢 OK;0,0;271,09;0,0
PC005184;Não informado;C;Baixa;92,0;27,2;101,5;30;55;15;3,6;8,59;🟡 Estoque excessivo;0,0;393,88;0,0
PC006721;Não informado;C;Baixa;73,0;19,7;111,3;30;55;15;3,28;8,59;🟡 Estoque excessivo;0,0;424,49;0,0
PC003495;Não informado;C;Baixa;51,0;28,4;53,9;30;55;15;6,77;8,59;🟢 OK;0,0;625,52;0,0
PC000164;Não informado;C;Baixa;42,0;16,0;79,0;30;55;15;4,62;8,59;🟡 Estoque excessivo;0,0;836,53;0,0
PC007632;Não informado;C;Média;41,0;68,9;17,8;30;55;15;20,45;8,59;🔴 Comprar agora;85,0;307,18;26215,47
PC006676;Não informado;C;Baixa;10,0;5,4;55,3;30;55;15;6,6;8,59;🟡 Estoque excessivo;0,0;2381,74;0,0
PC006197;Não informado;C;Baixa;29,0;20,9;41,6;30;55;15;8,78;8,59;🟢 OK;0,0;923,59;0,0
PC006077;Não informado;C;Baixa;122,0;90,6;40,4;30;55;15;9,03;8,59;🟢 OK;0,0;222,98;0,0
PC006447;Não informado;C;Baixa;2,0;3,1;19,7;30;55;15;18,57;8,59;🔴 Comprar agora;4,0;7411,13;26653,84
PC008901;Não informado;C;Baixa;11,0;4,8;68,9;30;55;15;5,3;8,59;🟡 Estoque excessivo;0,0;2643,02;0,0
PC001848;Não informado;C;Baixa;65,0;28,6;68,2;30;55;15;5,35;8,59;🟡 Estoque excessivo;0,0;591,84;0,0
PC009665;Não informado;C;Baixa;7,0;4,8;43,4;30;55;15;8,41;8,59;🟢 OK;0,0;4680,04;0,0
PC006272;Não informado;C;Baixa;102,0;96,2;31,8;30;55;15;11,48;8,59;🟢 OK;0,0;235,43;0,0
PC005722;Não informado;C;Baixa;27,0;10,9;74,4;30;55;15;4,91;8,59;🟡 Estoque excessivo;0,0;1555,72;0,0
PC007215;Não informado;C;Baixa;8,0;4,0;59,5;30;55;15;6,13;8,59;🟡 Estoque excessivo;0,0;3227,19;0,0
PC004972;Não informado;C;Baixa;54,0;16,5;98,3;30;55;15;3,71;8,59;🟡 Estoque excessivo;0,0;810,19;0,0
PC004667;Não informado;C;Baixa;13,0;25,1;15,5;30;55;15;23,51;8,59;🔴 Comprar agora;33,0;2726,73;90124,44
PC001768;Não informado;C;Baixa;135,0;109,1;37,1;30;55;15;9,83;8,59;🟢 OK;0,0;87,3;0,0
PC007962;Não informado;C;Baixa;12,0;9,7;37,2;30;55;15;9,81;8,59;🟢 OK;0,0;1066,49;0,0
PC007641;Não informado;C;Baixa;3,0;4,0;22,4;30;55;15;16,29;8,59;🔴 Comprar agora;4,0;3228,07;14081,48
PC004249;Não informado;C;Baixa;4,0;2,1;58,2;30;55;15;6,27;8,59;🟡 Estoque excessivo;0,0;5420,78;0,0
PC006325;Não informado;C;Baixa;33,0;13,7;72,2;30;55;15;5,06;8,59;🟡 Estoque excessivo;0,0;1005,12;0,0
PC009398;Não informado;C;Baixa;27,0;37,9;21,4;30;55;15;17,07;8,59;🔴 Comprar agora;42,0;335,04;14215,45
PC008213;Não informado;C;Média;11,0;31,7;10,4;30;55;15;35,05;8,59;🚨 RUPTURA IMINENTE;47,0;817,13;38482,7
PC003953;Não informado;C;Baixa;30,0;42,5;21,2;30;55;15;17,24;8,59;🔴 Comprar agora;48,0;321,38;15408,9
PC005421;Não informado;C;Baixa;10,0;11,3;26,5;30;55;15;13,79;8,59;🔴 Comprar agora;11,0;1784,11;19227,03
PC008455;Não informado;C;Baixa;10,0;3,0;99,0;30;55;15;3,69;8,59;🟡 Estoque excessivo;0,0;3667,41;0,0
PC006930;Não informado;C;Média;38,0;21,8;52,2;30;55;15;6,99;8,59;🟢 OK;0,0;897,62;0,0
PC008719;Não informado;C;Baixa;19,0;16,1;35,3;30;55;15;10,33;8,59;🟢 OK;0,0;747,81;0,0
PC001938;Não informado;C;Baixa;37,0;11,7;94,7;30;55;15;3,86;8,59;🟡 Estoque excessivo;0,0;918,68;0,0
PC004771;Não informado;C;Baixa;23,0;7,6;91,3;30;55;15;4,0;8,59;🟡 Estoque excessivo;0,0;1612,89;0,0
PC002307;Não informado;C;Baixa;34,0;93,0;11,0;30;55;15;33,26;8,59;🚨 RUPTURA IMINENTE;136,0;401,63;54792,45
PC007745;Não informado;C;Baixa;3,0;13,3;6,8;30;55;15;53,8;8,59;🚨 RUPTURA IMINENTE;21,0;3098,91;66067,72
PC007292;Não informado;C;Baixa;6,0;7,0;25,8;30;55;15;14,12;8,59;🔴 Comprar agora;7,0;1760,69;11915,66
PC000978;Não informado;C;Baixa;22,0;25,7;25,7;30;55;15;14,22;8,59;🔴 Comprar agora;25,0;488,32;12271,07
PC004361;Não informado;C;Baixa;45,0;30,9;43,7;30;55;15;8,36;8,59;🟢 OK;0,0;682,29;0,0
PC003691;Não informado;C;Baixa;9,0;15,8;17,1;30;55;15;21,4;8,59;🔴 Comprar agora;20,0;1011,84;20260,11
PC007543;Não informado;C;Baixa;53,0;18,7;85,1;30;55;15;4,29;8,59;🟡 Estoque excessivo;0,0;729,77;0,0
PC004272;Não informado;C;Baixa;50,0;25,0;59,9;30;55;15;6,09;8,59;🟡 Estoque excessivo;0,0;396,91;0,0
PC000501;Não informado;C;Baixa;49,0;16,0;92,0;30;55;15;3,97;8,59;🟡 Estoque excessivo;0,0;658,84;0,0
PC002787;Não informado;C;Baixa;8,0;30,9;7,8;30;55;15;46,97;8,59;🚨 RUPTURA IMINENTE;49,0;1557,51;75724,13
PC001818;Não informado;C;Baixa;11,0;4,0;81,7;30;55;15;4,47;8,59;🟡 Estoque excessivo;0,0;2718,9;0,0
PC009766;Não informado;C;Baixa;16,0;21,2;22,7;30;55;15;16,11;8,59;🔴 Comprar agora;23,0;518,99;11849,05
PC008752;Não informado;C;Baixa;51,0;22,6;67,6;30;55;15;5,4;8,59;🟡 Estoque excessivo;0,0;645,47;0,0
PC008710;Não informado;C;Baixa;88,0;28,8;91,7;30;55;15;3,98;8,59;🟡 Estoque excessivo;0,0;398,53;0,0
PC007932;Não informado;C;Baixa;3,0;7,6;11,8;30;55;15;30,83;8,59;🚨 RUPTURA IMINENTE;11,0;6098,24;66699,57
PC004824;Não informado;C;Baixa;13,0;15,2;25,7;30;55;15;14,2;8,59;🔴 Comprar agora;15,0;2590,93;38408,87
PC006260;Não informado;C;Baixa;7,0;2,9;72,9;30;55;15;5,01;8,59;🟡 Estoque excessivo;0,0;4049,25;0,0
PC005512;Não informado;C;Baixa;10,0;9,7;30,8;30;55;15;11,84;8,59;🟢 OK;0,0;1314,59;0,0
PC008256;Não informado;C;Baixa;19,0;17,6;32,4;30;55;15;11,27;8,59;🟢 OK;0,0;852,34;0,0
PC003926;Não informado;C;Média;17,0;20,3;25,2;30;55;15;14,51;8,59;🔴 Comprar agora;20,0;954,16;19239,69
PC003807;Não informado;C;Média;8,0;13,8;17,4;30;55;15;20,98;8,59;🔴 Comprar agora;17,0;1584,56;27402,26
PC004597;Não informado;C;Baixa;27,0;11,8;68,7;30;55;15;5,31;8,59;🟡 Estoque excessivo;0,0;1034,5;0,0
PC004226;Não informado;C;Baixa;30,0;10,5;85,5;30;55;15;4,27;8,59;🟡 Estoque excessivo;0,0;1457,37;0,0
PC003638;Não informado;C;Baixa;205,0;90,2;68,2;30;55;15;5,36;8,59;🟡 Estoque excessivo;0,0;130,38;0,0
PC003080;Não informado;C;Baixa;21,0;33,8;18,6;30;55;15;19,59;8,59;🔴 Comprar agora;41,0;1951,45;79981,33
PC004483;Não informado;C;Baixa;31,0;67,8;13,7;30;55;15;26,61;8,59;🚨 RUPTURA IMINENTE;93,0;325,24;30351,64
PC002901;Não informado;C;Baixa;55,0;31,9;51,7;30;55;15;7,06;8,59;🟢 OK;0,0;364,87;0,0
PC001963;Não informado;C;Baixa;19,0;8,7;65,7;30;55;15;5,55;8,59;🟡 Estoque excessivo;0,0;1667,0;0,0
PC001500;Não informado;C;Baixa;156,0;46,3;101,0;30;55;15;3,61;8,59;🟡 Estoque excessivo;0,0;297,42;0,0
PC001571;Não informado;C;Média;23,0;15,9;43,4;30;55;15;8,42;8,59;🟢 OK;0,0;1236,2;0,0
PC006863;Não informado;C;Baixa;17,0;17,3;29,5;30;55;15;12,36;8,59;🔴 Comprar agora;15,0;608,3;8921,67
PC002542;Não informado;C;Baixa;36,0;11,6;92,8;30;55;15;3,94;8,59;🟡 Estoque excessivo;0,0;1124,33;0,0
PC007511;Não informado;C;Baixa;37,0;13,5;82,3;30;55;15;4,43;8,59;🟡 Estoque excessivo;0,0;1013,44;0,0
PC001941;Não informado;C;Baixa;37,0;12,9;85,7;30;55;15;4,26;8,59;🟡 Estoque excessivo;0,0;856,24;0,0
PC007742;Não informado;C;Baixa;34,0;13,8;74,0;30;55;15;4,93;8,59;🟡 Estoque excessivo;0,0;887,79;0,0
PC009045;Não informado;C;Média;14,0;26,7;15,7;30;55;15;23,22;8,59;🔴 Comprar agora;35,0;816,44;28569,15
PC009278;Não informado;C;Baixa;20,0;9,3;64,8;30;55;15;5,63;8,59;🟡 Estoque excessivo;0,0;1226,62;0,0
PC006644;Não informado;C;Baixa;11,0;5,7;57,6;30;55;15;6,33;8,59;🟡 Estoque excessivo;0,0;2240,85;0,0
PC007108;Não informado;C;Baixa;15,0;5,3;84,5;30;55;15;4,32;8,59;🟡 Estoque excessivo;0,0;2929,55;0,0
PC002797;Não informado;C;Baixa;23,0;25,9;26,7;30;55;15;13,69;8,59;🔴 Comprar agora;24,0;1676,01;40962,78
PC000187;Não informado;C;Baixa;153,0;99,2;46,3;30;55;15;7,89;8,59;🟢 OK;0,0;335,54;0,0
PC005429;Não informado;C;Baixa;53,0;32,0;49,7;30;55;15;7,34;8,59;🟢 OK;0,0;761,78;0,0
PC008133;Não informado;C;Baixa;4,0;10,6;11,4;30;55;15;32,13;8,59;🚨 RUPTURA IMINENTE;15,0;1702,71;26159,8
PC004733;Não informado;C;Baixa;94,0;45,3;62,2;30;55;15;5,87;8,59;🟡 Estoque excessivo;0,0;319,97;0,0
PC007039;Não informado;C;Baixa;28,0;13,2;63,5;30;55;15;5,74;8,59;🟡 Estoque excessivo;0,0;921,01;0,0
PC001587;Não informado;C;Baixa;245,0;113,3;64,8;30;55;15;5,63;8,59;🟡 Estoque excessivo;0,0;89,81;0,0
PC007221;Não informado;C;Baixa;71,0;37,6;56,6;30;55;15;6,45;8,59;🟡 Estoque excessivo;0,0;562,3;0,0
PC003237;Não informado;C;Baixa;36,0;12,0;90,4;30;55;15;4,04;8,59;🟡 Estoque excessivo;0,0;847,36;0,0
PC008613;Não informado;C;Baixa;54,0;52,8;30,7;30;55;15;11,89;8,59;🟢 OK;0,0;1024,89;0,0
PC007391;Não informado;C;Baixa;47,0;16,2;87,3;30;55;15;4,18;8,59;🟡 Estoque excessivo;0,0;802,05;0,0
PC007985;Não informado;C;Baixa;64,0;44,3;43,3;30;55;15;8,43;8,59;🟢 OK;0,0;256,12;0,0
PC004791;Não informado;C;Baixa;33,0;12,6;78,5;30;55;15;4,65;8,59;🟡 Estoque excessivo;0,0;1068,56;0,0
PC000340;Não informado;C;Baixa;26,0;15,5;50,2;30;55;15;7,27;8,59;🟢 OK;0,0;1142,62;0,0
PC008749;Não informado;C;Baixa;23,0;12,2;56,6;30;55;15;6,45;8,59;🟡 Estoque excessivo;0,0;947,25;0,0
PC002713;Não informado;C;Baixa;3,0;3,0;29,9;30;55;15;12,19;8,59;🔴 Comprar agora;3,0;6849,09;17197,96
PC009595;Não informado;C;Baixa;5,0;7,1;21,0;30;55;15;17,39;8,59;🔴 Comprar agora;8,0;1496,14;12119,04
PC002589;Não informado;C;Baixa;138,0;64,9;63,8;30;55;15;5,72;8,59;🟡 Estoque excessivo;0,0;247,47;0,0
PC004365;Não informado;C;Baixa;4,0;5,0;23,9;30;55;15;15,26;8,59;🔴 Comprar agora;5,0;6211,6;32286,6
PC004574;Não informado;C;Baixa;36,0;16,4;65,8;30;55;15;5,55;8,59;🟡 Estoque excessivo;0,0;1168,81;0,0
PC007417;Não informado;C;Média;8,0;18,7;12,8;30;55;15;28,51;8,59;🚨 RUPTURA IMINENTE;26,0;1133,64;29894,85
PC006493;Não informado;C;Baixa;110,0;55,3;59,7;30;55;15;6,11;8,59;🟡 Estoque excessivo;0,0;389,79;0,0
PC009373;Não informado;C;Baixa;49,0;39,9;36,8;30;55;15;9,91;8,59;🟢 OK;0,0;242,51;0,0
PC007798;Não informado;C;Baixa;82,0;36,9;66,7;30;55;15;5,47;8,59;🟡 Estoque excessivo;0,0;387,72;0,0
PC005897;Não informado;C;Baixa;19,0;29,1;19,6;30;55;15;18,62;8,59;🔴 Comprar agora;34,0;718,55;24658,99
PC005999;Não informado;C;Baixa;14,0;11,4;37,0;30;55;15;9,88;8,59;🟢 OK;0,0;8120,5;0,0
PC007447;Não informado;C;Baixa;32,0;11,1;86,5;30;55;15;4,22;8,59;🟡 Estoque excessivo;0,0;925,93;0,0
PC007766;Não informado;C;Baixa;18,0;12,4;43,4;30;55;15;8,41;8,59;🟢 OK;0,0;1149,47;0,0
PC003045;Não informado;C;Baixa;34,0;13,3;76,8;30;55;15;4,75;8,59;🟡 Estoque excessivo;0,0;729,02;0,0
PC000404;Não informado;C;Baixa;3,0;7,1;12,6;30;55;15;28,86;8,59;🚨 RUPTURA IMINENTE;10,0;5238,02;52622,74
PC001696;Não informado;C;Baixa;58,0;34,7;50,1;30;55;15;7,28;8,59;🟢 OK;0,0;412,3;0,0
PC006407;Não informado;C;Baixa;7,0;12,6;16,6;30;55;15;21,93;8,59;🔴 Comprar agora;16,0;3469,18;55972,91
PC004634;Não informado;D;Baixa;12,0;8,0;45,1;40;75;15;8,09;6,35;🟢 OK;0,0;1721,43;0,0
PC006084;Não informado;D;Baixa;4,0;15,9;7,5;40;75;15;48,47;6,35;🚨 RUPTURA IMINENTE;36,0;2217,0;79447,88
PC009878;Não informado;D;Baixa;61,0;78,1;23,4;40;75;15;15,57;6,35;🔴 Comprar agora;134,0;140,36;18833,29
PC000248;Não informado;D;Baixa;33,0;21,0;47,2;40;75;15;7,74;6,35;🟢 OK;0,0;576,76;0,0
PC001301;Não informado;D;Baixa;18,0;17,5;30,9;40;75;15;11,82;6,35;🔴 Comprar agora;26,0;636,98;16373,24
PC001537;Não informado;D;Baixa;10,0;6,8;44,4;40;75;15;8,22;6,35;🟢 OK;0,0;1520,79;0,0
PC002073;Não informado;D;Baixa;3,0;1,9;46,2;40;75;15;7,89;6,35;🟢 OK;0,0;6373,73;0,0
PC009389;Não informado;D;Baixa;7,0;4,9;43,2;40;75;15;8,45;6,35;🟢 OK;0,0;2734,41;0,0
PC005614;Não informado;D;Baixa;13,0;9,4;41,7;40;75;15;8,76;6,35;🟢 OK;0,0;1069,72;0,0
PC000334;Não informado;D;Baixa;38,0;13,8;82,8;40;75;15;4,41;6,35;🟡 Estoque excessivo;0,0;687,37;0,0
PC007123;Não informado;D;Baixa;19,0;16,0;35,6;40;75;15;10,24;6,35;🔴 Comprar agora;21,0;730,26;15333,61
PC004435;Não informado;D;Baixa;15,0;24,8;18,1;40;75;15;20,13;6,35;🔴 Comprar agora;47,0;832,64;39170,15
PC005817;Não informado;D;Baixa;90,0;60,7;44,5;40;75;15;8,21;6,35;🟢 OK;0,0;224,73;0,0
PC001472;Não informado;D;Baixa;34,0;24,9;40,9;40;75;15;8,91;6,35;🟢 OK;0,0;541,07;0,0
PC009414;Não informado;D;Baixa;17,0;11,4;44,9;40;75;15;8,13;6,35;🟢 OK;0,0;957,94;0,0
PC007999;Não informado;D;Baixa;13,0;17,5;22,3;40;75;15;16,37;6,35;🔴 Comprar agora;31,0;668,38;20532,36
PC009401;Não informado;D;Baixa;9,0;13,9;19,4;40;75;15;18,81;6,35;🔴 Comprar agora;26,0;779,23;20088,56
PC000897;Não informado;D;Baixa;7,0;3,0;69,5;40;75;15;5,25;6,35;🟢 OK;0,0;3090,8;0,0
PC007118;Não informado;D;Baixa;15,0;10,7;42,2;40;75;15;8,64;6,35;🟢 OK;0,0;956,42;0,0
PC000401;Não informado;D;Baixa;5,0;4,7;31,8;40;75;15;11,49;6,35;🔴 Comprar agora;7,0;3997,93;27222,19
PC005101;Não informado;D;Baixa;12,0;12,0;29,9;40;75;15;12,21;6,35;🔴 Comprar agora;18,0;3562,64;64509,71
PC004566;Não informado;D;Baixa;23,0;12,0;57,3;40;75;15;6,37;6,35;🟢 OK;0,0;792,64;0,0
PC000709;Não informado;D;Baixa;11,0;7,7;43,0;40;75;15;8,48;6,35;🟢 OK;0,0;1723,38;0,0
PC003110;Não informado;D;Baixa;11,0;12,0;27,4;40;75;15;13,33;6,35;🔴 Comprar agora;19,0;911,9;17437,45
PC008981;Não informado;D;Baixa;32,0;30,9;31,1;40;75;15;11,75;6,35;🔴 Comprar agora;45,0;543,04;24585,34
PC003948;Não informado;D;Baixa;41,0;17,9;68,6;40;75;15;5,32;6,35;🟢 OK;0,0;849,07;0,0
PC002312;Não informado;D;Baixa;133,0;61,8;64,5;40;75;15;5,66;6,35;🟢 OK;0,0;195,91;0,0
PC002056;Não informado;D;Média;13,0;12,3;31,6;40;75;15;11,55;6,35;🔴 Comprar agora;18,0;1589,58;28361,09
PC008886;Não informado;D;Baixa;172,0;57,3;90,0;40;75;15;4,06;6,35;🟡 Estoque excessivo;0,0;179,19;0,0
PC006503;Não informado;D;Baixa;32,0;19,3;49,7;40;75;15;7,34;6,35;🟢 OK;0,0;812,79;0,0
PC003028;Não informado;D;Baixa;7,0;3,7;56,3;40;75;15;6,48;6,35;🟢 OK;0,0;2387,5;0,0
PC003072;Não informado;D;Baixa;11,0;53,5;6,2;40;75;15;59,21;6,35;🚨 RUPTURA IMINENTE;123,0;670,04;82303,28
PC006524;Não informado;D;Baixa;12,0;4,2;85,5;40;75;15;4,27;6,35;🟡 Estoque excessivo;0,0;3196,5;0,0
PC001434;Não informado;D;Baixa;7,0;9,7;21,6;40;75;15;16,89;6,35;🔴 Comprar agora;17,0;2022,26;34976,2
PC007553;Não informado;D;Baixa;57,0;38,8;44,1;40;75;15;8,28;6,35;🟢 OK;0,0;737,78;0,0
PC008905;Não informado;D;Baixa;26,0;31,0;25,2;40;75;15;14,49;6,35;🔴 Comprar agora;51,0;478,61;24612,37
PC008452;Não informado;D;Média;6,0;5,1;35,5;40;75;15;10,29;6,35;🔴 Comprar agora;7,0;3945,5;26357,21
PC003246;Não informado;D;Baixa;12,0;7,0;51,6;40;75;15;7,07;6,35;🟢 OK;0,0;1540,31;0,0
PC001216;Não informado;D;Baixa;43,0;15,1;85,6;40;75;15;4,27;6,35;🟡 Estoque excessivo;0,0;622,59;0,0
PC007365;Não informado;D;Baixa;14,0;8,0;52,4;40;75;15;6,96;6,35;🟢 OK;0,0;1393,2;0,0
PC004303;Não informado;D;Baixa;22,0;8,9;74,0;40;75;15;4,94;6,35;🟢 OK;0,0;1530,38;0,0
PC005647;Não informado;D;Baixa;19,0;16,0;35,6;40;75;15;10,25;6,35;🔴 Comprar agora;21,0;892,33;18745,55
PC000067;Não informado;D;Baixa;112,0;85,4;39,3;40;75;15;9,28;6,35;🔴 Comprar agora;102,0;122,92;12489,93
PC008602;Não informado;D;Baixa;10,0;3,9;76,2;40;75;15;4,79;6,35;🟡 Estoque excessivo;0,0;3194,54;0,0
PC008708;Não informado;D;Baixa;30,0;19,5;46,2;40;75;15;7,91;6,35;🟢 OK;0,0;1639,57;0,0
PC005802;Não informado;D;Baixa;11,0;14,0;23,5;40;75;15;15,51;6,35;🔴 Comprar agora;24,0;948,51;22821,53
PC004261;Não informado;D;Baixa;6,0;5,6;31,9;40;75;15;11,43;6,35;🔴 Comprar agora;8,0;2037,02;16490,54
PC004515;Não informado;D;Baixa;104,0;60,2;51,8;40;75;15;7,05;6,35;🟢 OK;0,0;292,03;0,0
PC003587;Não informado;D;Baixa;63,0;31,9;59,2;40;75;15;6,16;6,35;🟢 OK;0,0;292,53;0,0
PC006814;Não informado;D;Baixa;169,0;58,1;87,3;40;75;15;4,18;6,35;🟡 Estoque excessivo;0,0;223,3;0,0
PC000377;Não informado;D;Baixa;45,0;14,4;93,7;40;75;15;3,89;6,35;🟡 Estoque excessivo;0,0;817,81;0,0
PC000062;Não informado;D;Média;11,0;13,1;25,2;40;75;15;14,49;6,35;🔴 Comprar agora;22,0;1647,35;35824,35
PC000264;Não informado;D;Baixa;13,0;18,4;21,1;40;75;15;17,27;6,35;🔴 Comprar agora;33,0;675,51;22373,93
PC006030;Não informado;D;Baixa;141,0;75,1;56,3;40;75;15;6,48;6,35;🟢 OK;0,0;197,18;0,0
PC000184;Não informado;D;Baixa;12,0;14,1;25,5;40;75;15;14,29;6,35;🔴 Comprar agora;23,0;884,32;20542,57
PC009659;Não informado;D;Baixa;4,0;23,3;5,1;40;75;15;70,94;6,35;🚨 RUPTURA IMINENTE;54,0;1601,32;86967,96
PC006830;Não informado;D;Baixa;28,0;9,2;91,8;40;75;15;3,98;6,35;🟡 Estoque excessivo;0,0;1401,72;0,0
PC004813;Não informado;D;Baixa;1,0;1,8;16,5;40;75;15;22,05;6,35;🔴 Comprar agora;4,0;4775,96;16867,84
PC006617;Não informado;D;Baixa;25,0;7,7;97,0;40;75;15;3,76;6,35;🟡 Estoque excessivo;0,0;1426,21;0,0
PC004510;Não informado;D;Baixa;50,0;31,2;48,1;40;75;15;7,58;6,35;🟢 OK;0,0;1338,11;0,0
PC009333;Não informado;D;Baixa;23,0;27,9;24,8;40;75;15;14,74;6,35;🔴 Comprar agora;47,0;662,42;30894,19
PC002398;Não informado;D;Baixa;23,0;12,1;56,9;40;75;15;6,41;6,35;🟢 OK;0,0;1093,97;0,0
PC002711;Não informado;D;Baixa;8,0;6,1;39,3;40;75;15;9,28;6,35;🔴 Comprar agora;7,0;2185,39;15871,66
PC005589;Não informado;D;Média;26,0;24,9;31,3;40;75;15;11,65;6,35;🔴 Comprar agora;36,0;897,89;32548,0
PC005164;Não informado;D;Baixa;33,0;12,0;82,6;40;75;15;4,42;6,35;🟡 Estoque excessivo;0,0;997,0;0,0
PC004320;Não informado;D;Baixa;20,0;25,4;23,7;40;75;15;15,43;6,35;🔴 Comprar agora;43,0;521,9;22649,36
PC005907;Não informado;D;Baixa;48,0;36,9;39,0;40;75;15;9,35;6,35;🔴 Comprar agora;44,0;579,92;25643,79
PC006690;Não informado;D;Baixa;37,0;25,3;43,9;40;75;15;8,32;6,35;🟢 OK;0,0;529,95;0,0
PC003640;Não informado;D;Média;32,0;17,7;54,3;40;75;15;6,72;6,35;🟢 OK;0,0;1198,32;0,0
PC000074;Não informado;D;Média;7,0;12,1;17,3;40;75;15;21,06;6,35;🔴 Comprar agora;23,0;1720,54;40086,72
PC000391;Não informado;D;Baixa;31,0;20,8;44,7;40;75;15;8,17;6,35;🟢 OK;0,0;1054,45;0,0
PC003398;Não informado;D;Baixa;7,0;68,9;3,0;40;75;15;119,68;6,35;🚨 RUPTURA IMINENTE;165,0;588,41;97167,67
PC002855;Não informado;D;Baixa;42,0;25,7;49,0;40;75;15;7,44;6,35;🟢 OK;0,0;372,67;0,0
PC009195;Não informado;D;Baixa;32,0;14,4;66,4;40;75;15;5,49;6,35;🟢 OK;0,0;956,19;0,0
PC009022;Não informado;D;Baixa;3,0;2,9;31,3;40;75;15;11,67;6,35;🔴 Comprar agora;4,0;4305,43;18062,47
PC001595;Não informado;D;Baixa;35,0;45,0;23,3;40;75;15;15,64;6,35;🔴 Comprar agora;78,0;872,89;67653,13
PC000530;Não informado;D;Baixa;8,0;13,6;17,6;40;75;15;20,69;6,35;🔴 Comprar agora;26,0;1021,24;26563,22
PC007668;Não informado;D;Baixa;1,0;5,2;5,8;40;75;15;63,43;6,35;🚨 RUPTURA IMINENTE;12,0;6507,58;78305,01
PC000395;Não informado;D;Baixa;37,0;13,3;83,4;40;75;15;4,37;6,35;🟡 Estoque excessivo;0,0;857,9;0,0
PC004178;Não informado;D;Baixa;45,0;29,1;46,4;40;75;15;7,87;6,35;🟢 OK;0,0;423,18;0,0
PC002402;Não informado;D;Baixa;49,0;25,0;58,7;40;75;15;6,22;6,35;🟢 OK;0,0;870,02;0,0
PC009834;Não informado;D;Média;38,0;23,6;48,3;40;75;15;7,56;6,35;🟢 OK;0,0;648,82;0,0
PC001504;Não informado;D;Baixa;79,0;42,5;55,7;40;75;15;6,55;6,35;🟢 OK;0,0;437,01;0,0
PC003235;Não informado;D;Baixa;8,0;10,0;24,1;40;75;15;15,14;6,35;🔴 Comprar agora;17,0;1353,36;22859,89
PC000022;Não informado;D;Baixa;9,0;10,3;26,1;40;75;15;13,97;6,35;🔴 Comprar agora;17,0;1048,27;17652,5
PC002595;Não informado;D;Baixa;19,0;18,6;30,6;40;75;15;11,94;6,35;🔴 Comprar agora;28,0;1492,4;41206,94
PC004002;Não informado;D;Baixa;29,0;14,1;61,5;40;75;15;5,93;6,35;🟢 OK;0,0;834,94;0,0
PC009066;Não informado;D;Baixa;101,0;89,9;33,7;40;75;15;10,83;6,35;🔴 Comprar agora;124,0;132,23;16367,37
PC003579;Não informado;D;Baixa;11,0;6,2;53,5;40;75;15;6,82;6,35;🟢 OK;0,0;2050,93;0,0
PC009951;Não informado;D;Baixa;4,0;28,1;4,3;40;75;15;85,59;6,35;🚨 RUPTURA IMINENTE;66,0;1659,61;110113,14
PC005623;Não informado;D;Baixa;19,0;16,5;34,5;40;75;15;10,58;6,35;🔴 Comprar agora;22,0;717,22;15999,49
PC009807;Não informado;D;Baixa;17,0;21,1;24,2;40;75;15;15,07;6,35;🔴 Comprar agora;36,0;560,29;19975,55
PC000504;Não informado;D;Baixa;52,0;27,4;57,0;40;75;15;6,4;6,35;🟢 OK;0,0;329,2;0,0
PC000068;Não informado;D;Baixa;14,0;20,9;20,1;40;75;15;18,14;6,35;🔴 Comprar agora;38,0;2474,86;94466,58
PC006832;Não informado;D;Baixa;55,0;77,1;21,4;40;75;15;17,06;6,35;🔴 Comprar agora;138,0;186,14;25648,95
PC008841;Não informado;D;Baixa;160,0;171,5;28,0;40;75;15;13,04;6,35;🔴 Comprar agora;269,0;69,33;18629,39
PC007421;Não informado;D;Baixa;73,0;86,3;25,4;40;75;15;14,38;6,35;🔴 Comprar agora;143,0;164,12;23419,96
PC009055;Não informado;D;Baixa;20,0;11,2;53,4;40;75;15;6,83;6,35;🟢 OK;0,0;1586,42;0,0
PC005268;Não informado;D;Baixa;16,0;11,2;42,9;40;75;15;8,51;6,35;🟢 OK;0,0;1659,03;0,0
PC004044;Não informado;D;Baixa;60,0;31,9;56,4;40;75;15;6,47;6,35;🟢 OK;0,0;367,54;0,0
PC002439;Não informado;D;Baixa;11,0;24,0;13,8;40;75;15;26,51;6,35;🚨 RUPTURA IMINENTE;49,0;1788,21;87474,75
PC002497;Não informado;D;Baixa;3,0;14,9;6,1;40;75;15;60,26;6,35;🚨 RUPTURA IMINENTE;34,0;2493,16;85125,28
PC007524;Não informado;D;Baixa;38,0;18,2;62,6;40;75;15;5,83;6,35;🟢 OK;0,0;653,16;0,0
PC006898;Não informado;D;Baixa;321,0;121,8;79,1;40;75;15;4,62;6,35;🟡 Estoque excessivo;0,0;98,44;0,0
PC008511;Não informado;D;Baixa;25,0;12,0;62,6;40;75;15;5,83;6,35;🟢 OK;0,0;952,97;0,0
PC006175;Não informado;D;Baixa;107,0;35,3;90,9;40;75;15;4,02;6,35;🟡 Estoque excessivo;0,0;355,07;0,0
PC001739;Não informado;D;Baixa;13,0;13,4;29,2;40;75;15;12,52;6,35;🔴 Comprar agora;20,0;831,59;16994,84
PC009744;Não informado;D;Baixa;72,0;24,7;87,5;40;75;15;4,17;6,35;🟡 Estoque excessivo;0,0;518,49;0,0
PC008334;Não informado;D;Baixa;68,0;26,6;76,8;40;75;15;4,75;6,35;🟡 Estoque excessivo;0,0;496,83;0,0
PC002104;Não informado;D;Baixa;61,0;52,4;34,9;40;75;15;10,45;6,35;🔴 Comprar agora;70,0;586,23;41031,82
PC007963;Não informado;D;Baixa;37,0;22,7;49,0;40;75;15;7,45;6,35;🟢 OK;0,0;635,98;0,0
PC008603;Não informado;D;Baixa;20,0;8,1;74,2;40;75;15;4,92;6,35;🟢 OK;0,0;1133,31;0,0
PC004704;Não informado;D;Baixa;33,0;14,1;70,2;40;75;15;5,2;6,35;🟢 OK;0,0;732,71;0,0
PC000863;Não informado;D;Baixa;39,0;17,7;66,3;40;75;15;5,51;6,35;🟢 OK;0,0;666,4;0,0
PC000212;Não informado;D;Baixa;5,0;1,8;81,3;40;75;15;4,49;6,35;🟡 Estoque excessivo;0,0;5345,01;0,0
PC004391;Não informado;D;Baixa;22,0;10,3;63,9;40;75;15;5,71;6,35;🟢 OK;0,0;955,07;0,0
PC002916;Não informado;D;Baixa;71,0;27,2;78,4;40;75;15;4,65;6,35;🟡 Estoque excessivo;0,0;409,03;0,0
PC000964;Não informado;D;Baixa;20,0;5,2;115,1;40;75;15;3,17;6,35;🟡 Estoque excessivo;0,0;2093,3;0,0
PC002662;Não informado;D;Baixa;17,0;13,6;37,4;40;75;15;9,77;6,35;🔴 Comprar agora;17,0;949,12;16243,7
PC000454;Não informado;D;Baixa;30,0;59,7;15,1;40;75;15;24,21;6,35;🔴 Comprar agora;119,0;910,55;108562,31
PC003116;Não informado;D;Baixa;33,0;24,5;40,4;40;75;15;9,04;6,35;🟢 OK;0,0;423,12;0,0
PC007344;Não informado;D;Baixa;7,0;40,3;5,2;40;75;15;69,99;6,35;🚨 RUPTURA IMINENTE;94,0;1073,67;100570,99
PC001263;Não informado;D;Baixa;11,0;6,6;50,2;40;75;15;7,27;6,35;🟢 OK;0,0;2019,33;0,0
PC000453;Não informado;D;Baixa;8,0;4,5;53,1;40;75;15;6,87;6,35;🟢 OK;0,0;1967,76;0,0
PC008896;Não informado;D;Baixa;52,0;29,8;52,4;40;75;15;6,97;6,35;🟢 OK;0,0;704,22;0,0
PC005226;Não informado;D;Baixa;12,0;10,9;33,0;40;75;15;11,07;6,35;🔴 Comprar agora;15,0;988,54;15120,04
PC001103;Não informado;D;Baixa;38,0;39,2;29,1;40;75;15;12,55;6,35;🔴 Comprar agora;60,0;881,76;52892,9
PC007187;Não informado;D;Média;10,0;22,9;13,1;40;75;15;27,86;6,35;🚨 RUPTURA IMINENTE;47,0;933,22;44099,33
PC004880;Não informado;D;Baixa;58,0;154,1;11,3;40;75;15;32,33;6,35;🚨 RUPTURA IMINENTE;327,0;117,23;38371,88
PC006872;Não informado;D;Baixa;1,0;8,3;3,6;40;75;15;101,28;6,35;🚨 RUPTURA IMINENTE;20,0;6058,71;120023,02
PC003193;Não informado;D;Baixa;16,0;21,2;22,7;40;75;15;16,09;6,35;🔴 Comprar agora;37,0;946,1;34908,09
PC009584;Não informado;D;Baixa;100,0;34,2;87,7;40;75;15;4,16;6,35;🟡 Estoque excessivo;0,0;298,59;0,0
PC002827;Não informado;D;Baixa;15,0;13,4;33,7;40;75;15;10,83;6,35;🔴 Comprar agora;18,0;913,06;16787,91
PC003407;Não informado;D;Média;77,0;44,3;52,2;40;75;15;6,99;6,35;🟢 OK;0,0;388,22;0,0
PC004714;Não informado;D;Média;39,0;19,7;59,3;40;75;15;6,15;6,35;🟢 OK;0,0;978,63;0,0
PC007572;Não informado;D;Baixa;8,0;3,0;81,1;40;75;15;4,5;6,35;🟡 Estoque excessivo;0,0;2979,23;0,0
PC008565;Não informado;D;Baixa;103,0;70,8;43,6;40;75;15;8,36;6,35;🟢 OK;0,0;237,01;0,0
PC006971;Não informado;D;Média;17,0;9,7;52,6;40;75;15;6,94;6,35;🟢 OK;0,0;1610,11;0,0
PC007134;Não informado;D;Baixa;36,0;21,3;50,7;40;75;15;7,2;6,35;🟢 OK;0,0;979,12;0,0
PC005978;Não informado;D;Baixa;7,0;2,1;102,1;40;75;15;3,58;6,35;🟡 Estoque excessivo;0,0;4566,36;0,0
PC001043;Não informado;D;Baixa;64,0;31,4;61,1;40;75;15;5,97;6,35;🟢 OK;0,0;587,13;0,0
PC009070;Não informado;D;Baixa;70,0;21,5;97,6;40;75;15;3,74;6,35;🟡 Estoque excessivo;0,0;419,76;0,0
PC008255;Não informado;D;Baixa;34,0;16,6;61,6;40;75;15;5,93;6,35;🟢 OK;0,0;681,5;0,0
PC006553;Não informado;D;Baixa;2,0;3,2;19,0;40;75;15;19,19;6,35;🔴 Comprar agora;6,0;4510,25;26557,51
PC003412;Não informado;D;Baixa;13,0;6,9;56,9;40;75;15;6,42;6,35;🟢 OK;0,0;1584,99;0,0
PC006634;Não informado;D;Baixa;37,0;11,9;93,5;40;75;15;3,9;6,35;🟡 Estoque excessivo;0,0;806,31;0,0
PC005529;Não informado;D;Baixa;3,0;8,8;10,2;40;75;15;35,66;6,35;🚨 RUPTURA IMINENTE;19,0;4561,06;86592,31
PC000595;Não informado;D;Baixa;27,0;14,1;57,6;40;75;15;6,34;6,35;🟢 OK;0,0;639,98;0,0
PC007136;Não informado;D;Baixa;43,0;55,6;23,2;40;75;15;15,72;6,35;🔴 Comprar agora;96,0;254,04;24369,57
PC001073;Não informado;D;Baixa;39,0;55,1;21,2;40;75;15;17,2;6,35;🔴 Comprar agora;99,0;199,94;19759,55
PC006943;Não informado;D;Baixa;15,0;20,6;21,8;40;75;15;16,73;6,35;🔴 Comprar agora;37,0;574,31;21003,95
PC001118;Não informado;D;Baixa;85,0;26,8;95,3;40;75;15;3,83;6,35;🟡 Estoque excessivo;0,0;337,59;0,0
PC005962;Não informado;D;Baixa;27,0;16,0;50,7;40;75;15;7,2;6,35;🟢 OK;0,0;685,39;0,0
PC002878;Não informado;D;Baixa;15,0;5,3;84,7;40;75;15;4,31;6,35;🟡 Estoque excessivo;0,0;2209,03;0,0
PC004762;Não informado;D;Baixa;12,0;13,7;26,3;40;75;15;13,87;6,35;🔴 Comprar agora;22,0;4556,35;101120,45
PC005855;Não informado;D;Baixa;143,0;77,5;55,4;40;75;15;6,59;6,35;🟢 OK;0,0;151,49;0,0
PC002107;Não informado;D;Baixa;14,0;7,3;57,5;40;75;15;6,35;6,35;🟢 OK;0,0;1340,09;0,0
PC006280;Não informado;D;Baixa;17,0;7,1;71,4;40;75;15;5,11;6,35;🟢 OK;0,0;1591,84;0,0
PC009669;Não informado;D;Baixa;3,0;15,3;5,9;40;75;15;61,92;6,35;🚨 RUPTURA IMINENTE;35,0;2843,93;100029,05
PC006895;Não informado;D;Baixa;4,0;3,0;40,4;40;75;15;9,03;6,35;🟢 OK;0,0;3733,21;0,0
PC006573;Não informado;D;Baixa;18,0;6,5;83,2;40;75;15;4,39;6,35;🟡 Estoque excessivo;0,0;1562,33;0,0
PC005701;Não informado;D;Baixa;5,0;4,9;30,6;40;75;15;11,93;6,35;🔴 Comprar agora;7,0;2332,86;16929,44
PC005667;Não informado;D;Baixa;18,0;20,1;26,8;40;75;15;13,6;6,35;🔴 Comprar agora;32,0;895,8;28930,67
PC005034;Não informado;D;Baixa;30,0;67,7;13,3;40;75;15;27,45;6,35;🚨 RUPTURA IMINENTE;139,0;875,65;121878,3
PC006316;Não informado;D;Baixa;13,0;10,9;35,8;40;75;15;10,21;6,35;🔴 Comprar agora;14,0;1150,69;16410,71
PC007711;Não informado;D;Baixa;6,0;7,4;24,2;40;75;15;15,05;6,35;🔴 Comprar agora;13,0;1247,71;15668,19
PC005765;Não informado;D;Baixa;13,0;4,0;96,5;40;75;15;3,78;6,35;🟡 Estoque excessivo;0,0;2230,35;0,0
PC007000;Não informado;D;Baixa;43,0;26,6;48,5;40;75;15;7,53;6,35;🟢 OK;0,0;733,36;0,0
PC007707;Não informado;D;Baixa;21,0;20,6;30,5;40;75;15;11,96;6,35;🔴 Comprar agora;31,0;620,11;18975,84
PC003392;Não informado;D;Baixa;13,0;11,9;32,6;40;75;15;11,18;6,35;🔴 Comprar agora;17,0;1091,36;18413,33
PC009273;Não informado;D;Baixa;61,0;30,9;59,2;40;75;15;6,16;6,35;🟢 OK;0,0;629,26;0,0
PC003952;Não informado;D;Baixa;14,0;12,1;34,7;40;75;15;10,51;6,35;🔴 Comprar agora;16,0;874,79;14198,51
PC001838;Não informado;D;Baixa;167,0;61,9;80,9;40;75;15;4,51;6,35;🟡 Estoque excessivo;0,0;180,64;0,0
PC008679;Não informado;D;Baixa;40,0;50,5;23,7;40;75;15;15,37;6,35;🔴 Comprar agora;86,0;361,71;31224,28
PC001004;Não informado;D;Baixa;46,0;19,3;71,4;40;75;15;5,11;6,35;🟢 OK;0,0;573,95;0,0
PC004034;Não informado;D;Baixa;10,0;5,6;53,8;40;75;15;6,79;6,35;🟢 OK;0,0;1460,39;0,0
PC005318;Não informado;D;Baixa;35,0;86,3;12,2;40;75;15;30,01;6,35;🚨 RUPTURA IMINENTE;181,0;202,21;36559,42
PC001347;Não informado;D;Baixa;22,0;39,1;16,9;40;75;15;21,61;6,35;🔴 Comprar agora;76,0;276,63;20933,03
PC001323;Não informado;D;Baixa;9,0;8,0;33,7;40;75;15;10,84;6,35;🔴 Comprar agora;11,0;1745,27;19263,77
PC008068;Não informado;D;Baixa;5,0;6,5;23,0;40;75;15;15,88;6,35;🔴 Comprar agora;11,0;3111,97;35208,45
PC008848;Não informado;D;Baixa;5,0;18,0;8,3;40;75;15;43,82;6,35;🚨 RUPTURA IMINENTE;40,0;922,12;36904,57
PC001184;Não informado;D;Baixa;74,0;24,7;89,7;40;75;15;4,07;6,35;🟡 Estoque excessivo;0,0;428,71;0,0
PC009477;Não informado;D;Baixa;9,0;4,8;55,7;40;75;15;6,55;6,35;🟢 OK;0,0;1739,51;0,0
PC005339;Não informado;D;Baixa;42,0;42,1;30,0;40;75;15;12,19;6,35;🔴 Comprar agora;63,0;1064,93;67270,39
PC004180;Não informado;D;Baixa;5,0;2,0;74,1;40;75;15;4,92;6,35;🟢 OK;0,0;4621,33;0,0
PC009016;Não informado;D;Baixa;43,0;22,8;56,6;40;75;15;6,45;6,35;🟢 OK;0,0;457,97;0,0
PC001756;Não informado;D;Baixa;34,0;47,9;21,3;40;75;15;17,13;6,35;🔴 Comprar agora;86,0;220,29;18879,29
PC005102;Não informado;D;Baixa;10,0;11,5;26,0;40;75;15;14,02;6,35;🔴 Comprar agora;19,0;1561,85;29372,02
PC000063;Não informado;D;Baixa;36,0;24,7;43,7;40;75;15;8,36;6,35;🟢 OK;0,0;487,04;0,0
PC008859;Não informado;D;Baixa;11,0;24,2;13,6;40;75;15;26,74;6,35;🚨 RUPTURA IMINENTE;49,0;1215,86;60115,42
PC002570;Não informado;D;Baixa;30,0;18,1;49,7;40;75;15;7,35;6,35;🟢 OK;0,0;1068,24;0,0
PC009244;Não informado;D;Baixa;80,0;52,3;45,9;40;75;15;7,95;6,35;🟢 OK;0,0;338,38;0,0
PC009835;Não informado;D;Baixa;17,0;27,4;18,6;40;75;15;19,63;6,35;🔴 Comprar agora;52,0;522,75;26955,52
PC008254;Não informado;D;Baixa;15,0;5,1;88,8;40;75;15;4,11;6,35;🟡 Estoque excessivo;0,0;2497,48;0,0
PC002615;Não informado;D;Baixa;46,0;34,0;40,6;40;75;15;8,99;6,35;🟢 OK;0,0;288,11;0,0
PC004615;Não informado;D;Baixa;23,0;13,9;49,7;40;75;15;7,35;6,35;🟢 OK;0,0;715,1;0,0
PC005209;Não informado;D;Baixa;6,0;5,8;31,0;40;75;15;11,77;6,35;🔴 Comprar agora;9,0;7388,83;62915,59
PC004293;Não informado;D;Média;12,0;13,4;26,8;40;75;15;13,6;6,35;🔴 Comprar agora;22,0;1563,64;33663,63
PC000803;Não informado;D;Média;83,0;68,3;36,5;40;75;15;10,01;6,35;🔴 Comprar agora;88,0;312,4;27382,18
PC007883;Não informado;D;Média;25,0;25,7;29,2;40;75;15;12,49;6,35;🔴 Comprar agora;39,0;735,1;28799,42
PC004088;Não informado;D;Baixa;18,0;11,4;47,6;40;75;15;7,68;6,35;🟢 OK;0,0;950,52;0,0
PC000696;Não informado;D;Baixa;42,0;26,3;48,0;40;75;15;7,61;6,35;🟢 OK;0,0;413,39;0,0
PC006231;Não informado;D;Baixa;5,0;4,4;34,5;40;75;15;10,59;6,35;🔴 Comprar agora;6,0;2189,89;12883,81
PC002509;Não informado;D;Baixa;1,0;2,0;14,9;40;75;15;24,44;6,35;🚨 RUPTURA IMINENTE;4,0;4990,33;20070,94
PC007569;Não informado;D;Baixa;5,0;4,8;31,1;40;75;15;11,73;6,35;🔴 Comprar agora;7,0;3875,67;27319,16
PC008486;Não informado;D;Baixa;12,0;21,9;16,5;40;75;15;22,17;6,35;🔴 Comprar agora;43,0;413,67;17651,89
PC009729;Não informado;D;Baixa;3,0;2,2;40,8;40;75;15;8,94;6,35;🟢 OK;0,0;5486,46;0,0
PC006435;Não informado;D;Baixa;23,0;10,3;67,2;40;75;15;5,43;6,35;🟢 OK;0,0;1068,92;0,0
PC002339;Não informado;D;Baixa;50,0;29,0;51,7;40;75;15;7,06;6,35;🟢 OK;0,0;492,06;0,0
PC007236;Não informado;D;Baixa;8,0;8,2;29,2;40;75;15;12,5;6,35;🔴 Comprar agora;13,0;3468,06;43533,38
PC006168;Não informado;D;Baixa;5,0;7,0;21,5;40;75;15;17,01;6,35;🔴 Comprar agora;12,0;4635,84;57832,31
PC002558;Não informado;D;Baixa;3,0;2,0;45,0;40;75;15;8,12;6,35;🟢 OK;0,0;4672,51;0,0
PC008976;Não informado;D;Baixa;15,0;9,1;49,3;40;75;15;7,4;6,35;🟢 OK;0,0;1203,54;0,0
PC004389;Não informado;D;Baixa;5,0;7,2;20,8;40;75;15;17,57;6,35;🔴 Comprar agora;13,0;1800,89;23513,28
PC004760;Não informado;D;Baixa;9,0;2,6;105,7;40;75;15;3,45;6,35;🟡 Estoque excessivo;0,0;3284,3;0,0
PC001095;Não informado;D;Baixa;6,0;2,2;83,7;40;75;15;4,36;6,35;🟡 Estoque excessivo;0,0;4419,41;0,0
PC008317;Não informado;D;Baixa;96,0;111,4;25,8;40;75;15;14,12;6,35;🔴 Comprar agora;183,0;133,08;24297,62
PC008027;Não informado;D;Baixa;51,0;15,5;98,7;40;75;15;3,7;6,35;🟡 Estoque excessivo;0,0;738,6;0,0
PC002963;Não informado;D;Baixa;32,0;16,2;59,4;40;75;15;6,15;6,35;🟢 OK;0,0;533,01;0,0
PC006331;Não informado;D;Baixa;40,0;20,8;57,8;40;75;15;6,31;6,35;🟢 OK;0,0;553,74;0,0
PC003721;Não informado;D;Baixa;23,0;12,0;57,5;40;75;15;6,35;6,35;🟢 OK;0,0;810,66;0,0
PC000217;Não informado;D;Baixa;6,0;8,2;21,9;40;75;15;16,68;6,35;🔴 Comprar agora;15,0;6529,99;95145,04
PC008779;Não informado;D;Baixa;27,0;15,6;51,9;40;75;15;7,04;6,35;🟢 OK;0,0;956,77;0,0
PC008923;Não informado;D;Baixa;163,0;171,8;28,5;40;75;15;12,83;6,35;🔴 Comprar agora;267,0;92,84;24753,23
PC001343;Não informado;D;Baixa;37,0;36,2;30,7;40;75;15;11,89;6,35;🔴 Comprar agora;53,0;307,71;16440,57
PC006491;Não informado;D;Baixa;29,0;12,3;70,7;40;75;15;5,17;6,35;🟢 OK;0,0;755,11;0,0
PC001081;Não informado;D;Baixa;29,0;25,9;33,6;40;75;15;10,88;6,35;🔴 Comprar agora;36,0;372,05;13329,55
PC006656;Não informado;D;Baixa;29,0;20,6;42,2;40;75;15;8,64;6,35;🟢 OK;0,0;673,65;0,0
PC005484;Não informado;D;Baixa;35,0;34,0;30,9;40;75;15;11,83;6,35;🔴 Comprar agora;50,0;448,08;22423,24
PC004064;Não informado;D;Baixa;149,0;49,7;90,0;40;75;15;4,05;6,35;🟡 Estoque excessivo;0,0;176,28;0,0
PC002940;Não informado;D;Baixa;4,0;2,6;46,0;40;75;15;7,94;6,35;🟢 OK;0,0;3418,86;0,0
PC008030;Não informado;D;Baixa;43,0;13,1;98,1;40;75;15;3,72;6,35;🟡 Estoque excessivo;0,0;808,46;0,0
PC006327;Não informado;D;Baixa;20,0;41,7;14,4;40;75;15;25,36;6,35;🚨 RUPTURA IMINENTE;84,0;339,37;28575,42
PC003451;Não informado;D;Baixa;13,0;5,1;77,1;40;75;15;4,73;6,35;🟡 Estoque excessivo;0,0;1719,73;0,0
PC007724;Não informado;D;Baixa;45,0;31,6;42,8;40;75;15;8,54;6,35;🟢 OK;0,0;390,79;0,0
PC001903;Não informado;D;Baixa;3,0;1,9;47,1;40;75;15;7,75;6,35;🟢 OK;0,0;5183,47;0,0
PC003692;Não informado;D;Baixa;10,0;37,7;8,0;40;75;15;45,9;6,35;🚨 RUPTURA IMINENTE;84,0;1144,57;96498,6
PC009351;Não informado;D;Baixa;17,0;12,4;41,1;40;75;15;8,88;6,35;🟢 OK;0,0;1115,79;0,0
PC002026;Não informado;D;Baixa;187,0;56,1;99,9;40;75;15;3,65;6,35;🟡 Estoque excessivo;0,0;170,76;0,0
PC002647;Não informado;D;Baixa;49,0;15,1;97,1;40;75;15;3,76;6,35;🟡 Estoque excessivo;0,0;814,22;0,0
PC009476;Não informado;D;Baixa;2,0;2,7;22,6;40;75;15;16,15;6,35;🔴 Comprar agora;5,0;5019,52;23283,32
PC000945;Não informado;D;Baixa;45,0;28,1;48,0;40;75;15;7,6;6,35;🟢 OK;0,0;422,04;0,0
PC002321;Não informado;D;Baixa;6,0;2,2;82,6;40;75;15;4,42;6,35;🟡 Estoque excessivo;0,0;4428,42;0,0
PC005313;Não informado;D;Baixa;3,0;12,6;7,2;40;75;15;50,97;6,35;🚨 RUPTURA IMINENTE;28,0;2913,21;82784,2
PC003502;Não informado;D;Baixa;29,0;11,0;79,2;40;75;15;4,61;6,35;🟡 Estoque excessivo;0,0;728,72;0,0
PC007397;Não informado;D;Baixa;9,0;9,1;29,5;40;75;15;12,35;6,35;🔴 Comprar agora;14,0;1038,36;14376,66
PC005590;Não informado;D;Baixa;55,0;22,5;73,2;40;75;15;4,99;6,35;🟢 OK;0,0;409,38;0,0
PC004378;Não informado;D;Baixa;4,0;2,1;57,4;40;75;15;6,36;6,35;🟢 OK;0,0;4570,91;0,0
PC008951;Não informado;D;Baixa;34,0;13,0;78,4;40;75;15;4,65;6,35;🟡 Estoque excessivo;0,0;753,4;0,0
PC007335;Não informado;D;Baixa;8,0;16,4;14,7;40;75;15;24,87;6,35;🚨 RUPTURA IMINENTE;33,0;547,25;17997,73
PC001916;Não informado;D;Baixa;11,0;8,3;39,9;40;75;15;9,15;6,35;🔴 Comprar agora;10,0;1348,31;13042,32
PC005688;Não informado;D;Baixa;50,0;17,9;84,0;40;75;15;4,35;6,35;🟡 Estoque excessivo;0,0;587,64;0,0
PC002008;Não informado;D;Baixa;12,0;3,5;101,7;40;75;15;3,59;6,35;🟡 Estoque excessivo;0,0;2580,99;0,0
PC001453;Não informado;D;Baixa;2,0;3,1;19,1;40;75;15;19,06;6,35;🔴 Comprar agora;6,0;5321,73;31051,62
PC008031;Não informado;D;Baixa;18,0;9,6;56,4;40;75;15;6,47;6,35;🟢 OK;0,0;1316,38;0,0
PC006984;Não informado;D;Baixa;19,0;8,7;65,5;40;75;15;5,58;6,35;🟢 OK;0,0;1305,34;0,0
PC008547;Não informado;D;Baixa;17,0;25,0;20,4;40;75;15;17,92;6,35;🔴 Comprar agora;46,0;578,06;26350,48
PC000227;Não informado;D;Baixa;8,0;17,4;13,8;40;75;15;26,44;6,35;🚨 RUPTURA IMINENTE;35,0;859,79;30485,17
PC007210;Não informado;D;Baixa;58,0;18,5;94,1;40;75;15;3,88;6,35;🟡 Estoque excessivo;0,0;512,59;0,0
PC004240;Não informado;D;Baixa;43,0;24,1;53,5;40;75;15;6,82;6,35;🟢 OK;0,0;736,81;0,0
PC002555;Não informado;D;Baixa;18,0;10,2;52,9;40;75;15;6,9;6,35;🟢 OK;0,0;2097,48;0,0
PC000917;Não informado;D;Baixa;70,0;46,0;45,6;40;75;15;8,0;6,35;🟢 OK;0,0;315,71;0,0
PC007872;Não informado;D;Baixa;58,0;27,0;64,4;40;75;15;5,66;6,35;🟢 OK;0,0;367,28;0,0
PC001488;Não informado;D;Baixa;12,0;27,4;13,2;40;75;15;27,73;6,35;🚨 RUPTURA IMINENTE;56,0;1103,85;62236,19
PC004187;Não informado;D;Baixa;13,0;31,6;12,3;40;75;15;29,57;6,35;🚨 RUPTURA IMINENTE;66,0;1263,34;83371,02
PC007672;Não informado;D;Baixa;49,0;52,4;28,1;40;75;15;13,0;6,35;🔴 Comprar agora;82,0;343,33;28127,07
PC006684;Não informado;D;Baixa;112,0;67,5;49,8;40;75;15;7,33;6,35;🟢 OK;0,0;273,07;0,0
PC001648;Não informado;D;Baixa;21,0;11,8;53,5;40;75;15;6,82;6,35;🟢 OK;0,0;1052,65;0,0
PC004754;Não informado;D;Baixa;8,0;8,2;29,3;40;75;15;12,46;6,35;🔴 Comprar agora;12,0;1136,13;14181,95
PC001713;Não informado;D;Baixa;46,0;36,5;37,8;40;75;15;9,65;6,35;🔴 Comprar agora;45,0;244,8;11067,08
PC008578;Não informado;D;Baixa;3,0;3,3;27,1;40;75;15;13,46;6,35;🔴 Comprar agora;5,0;6040,38;31998,84
PC001675;Não informado;D;Baixa;26,0;10,7;72,7;40;75;15;5,02;6,35;🟢 OK;0,0;1031,35;0,0
PC009736;Não informado;D;Baixa;8,0;17,1;14,0;40;75;15;26,0;6,35;🚨 RUPTURA IMINENTE;35,0;1391,26;48341,26
PC001097;Não informado;D;Baixa;46,0;17,7;77,9;40;75;15;4,69;6,35;🟡 Estoque excessivo;0,0;551,51;0,0
PC003480;Não informado;D;Baixa;7,0;3,3;64,1;40;75;15;5,69;6,35;🟢 OK;0,0;4041,31;0,0
PC001883;Não informado;D;Baixa;29,0;21,2;41,0;40;75;15;8,91;6,35;🟢 OK;0,0;840,03;0,0
PC002322;Não informado;D;Baixa;15,0;14,3;31,4;40;75;15;11,63;6,35;🔴 Comprar agora;21,0;643,43;13413,23
PC004664;Não informado;D;Baixa;109,0;93,1;35,1;40;75;15;10,39;6,35;🔴 Comprar agora;124,0;351,31;43434,06
PC000181;Não informado;D;Baixa;30,0;12,1;74,5;40;75;15;4,9;6,35;🟢 OK;0,0;930,7;0,0
PC007205;Não informado;D;Baixa;14,0;11,1;37,8;40;75;15;9,65;6,35;🔴 Comprar agora;14,0;890,16;12237,32
PC004373;Não informado;D;Baixa;53,0;20,8;76,5;40;75;15;4,77;6,35;🟡 Estoque excessivo;0,0;570,22;0,0
PC005136;Não informado;D;Baixa;48,0;13,9;103,9;40;75;15;3,51;6,35;🟡 Estoque excessivo;0,0;588,16;0,0
PC008129;Não informado;D;Baixa;9,0;2,9;92,1;40;75;15;3,96;6,35;🟡 Estoque excessivo;0,0;4001,25;0,0
PC008287;Não informado;D;Baixa;53,0;18,9;84,3;40;75;15;4,33;6,35;🟡 Estoque excessivo;0,0;461,63;0,0
PC005730;Não informado;D;Baixa;134,0;49,1;81,9;40;75;15;4,46;6,35;🟡 Estoque excessivo;0,0;211,6;0,0
PC004308;Não informado;D;Baixa;33,0;25,6;38,7;40;75;15;9,42;6,35;🔴 Comprar agora;31,0;327,57;10113,77
PC006457;Não informado;D;Baixa;8,0;12,7;18,8;40;75;15;19,37;6,35;🔴 Comprar agora;24,0;693,63;16535,89
PC002763;Não informado;D;Baixa;10,0;11,5;26,1;40;75;15;14,01;6,35;🔴 Comprar agora;19,0;886,9;16664,43
PC005173;Não informado;D;Baixa;45,0;27,9;48,4;40;75;15;7,54;6,35;🟢 OK;0,0;609,78;0,0
PC003611;Não informado;D;Baixa;13,0;20,9;18,6;40;75;15;19,59;6,35;🔴 Comprar agora;39,0;693,09;27260,69
PC006623;Não informado;D;Baixa;18,0;8,9;60,6;40;75;15;6,02;6,35;🟢 OK;0,0;951,61;0,0
PC009723;Não informado;D;Baixa;11,0;6,5;50,9;40;75;15;7,17;6,35;🟢 OK;0,0;1696,12;0,0
PC008206;Não informado;D;Baixa;95,0;71,6;39,8;40;75;15;9,17;6,35;🔴 Comprar agora;84,0;157,76;13252,64
PC001684;Não informado;D;Baixa;8,0;8,0;30,1;40;75;15;12,12;6,35;🔴 Comprar agora;12,0;1498,83;17881,54
PC000450;Não informado;D;Baixa;9,0;76,5;3,5;40;75;15;103,41;6,35;🚨 RUPTURA IMINENTE;182,0;489,7;89240,63
PC008632;Não informado;D;Baixa;23,0;9,1;75,5;40;75;15;4,83;6,35;🟡 Estoque excessivo;0,0;922,0;0,0
PC003589;Não informado;D;Baixa;8,0;15,5;15,5;40;75;15;23,56;6,35;🔴 Comprar agora;31,0;1650,34;50723,03
PC009006;Não informado;D;Baixa;8,0;9,9;24,3;40;75;15;15,03;6,35;🔴 Comprar agora;17,0;1583,23;26441,73
PC005664;Não informado;D;Baixa;20,0;14,0;42,8;40;75;15;8,52;6,35;🟢 OK;0,0;730,46;0,0
PC007018;Não informado;D;Baixa;108,0;35,0;92,5;40;75;15;3,95;6,35;🟡 Estoque excessivo;0,0;262,25;0,0
PC002883;Não informado;D;Média;31,0;56,1;16,6;40;75;15;22,02;6,35;🔴 Comprar agora;109,0;270,97;29602,9
PC005792;Não informado;D;Média;30,0;25,4;35,5;40;75;15;10,29;6,35;🔴 Comprar agora;33,0;669,72;22409,36
PC003655;Não informado;D;Baixa;19,0;12,9;44,2;40;75;15;8,26;6,35;🟢 OK;0,0;2715,6;0,0
PC009806;Não informado;D;Baixa;85,0;30,4;84,0;40;75;15;4,35;6,35;🟡 Estoque excessivo;0,0;351,98;0,0
PC008024;Não informado;D;Baixa;5,0;2,6;58,4;40;75;15;6,25;6,35;🟢 OK;0,0;4007,17;0,0
PC005194;Não informado;D;Baixa;19,0;36,0;15,9;40;75;15;23,02;6,35;🔴 Comprar agora;71,0;493,49;34976,15
PC009683;Não informado;D;Baixa;23,0;11,4;60,4;40;75;15;6,05;6,35;🟢 OK;0,0;943,4;0,0
PC007289;Não informado;D;Baixa;64,0;18,2;105,3;40;75;15;3,47;6,35;🟡 Estoque excessivo;0,0;551,2;0,0
PC009627;Não informado;D;Baixa;6,0;12,8;14,1;40;75;15;25,88;6,35;🚨 RUPTURA IMINENTE;26,0;1415,23;36662,04
PC003964;Não informado;D;Média;33,0;19,6;50,4;40;75;15;7,24;6,35;🟢 OK;0,0;869,16;0,0
PC005024;Não informado;D;Baixa;32,0;59,9;16,0;40;75;15;22,77;6,35;🔴 Comprar agora;118,0;140,6;16554,34
PC003252;Não informado;D;Baixa;3,0;3,9;23,2;40;75;15;15,7;6,35;🔴 Comprar agora;7,0;2239,6;14957,06
PC006606;Não informado;D;Baixa;37,0;11,8;93,9;40;75;15;3,89;6,35;🟡 Estoque excessivo;0,0;1079,21;0,0
PC002235;Não informado;D;Baixa;2,0;13,2;4,5;40;75;15;80,55;6,35;🚨 RUPTURA IMINENTE;31,0;2350,53;73108,04
PC009620;Não informado;D;Baixa;9,0;9,9;27,3;40;75;15;13,35;6,35;🔴 Comprar agora;16,0;2573,99;40392,69
PC006179;Não informado;D;Baixa;6,0;7,1;25,5;40;75;15;14,3;6,35;🔴 Comprar agora;12,0;1683,2;19578,42
PC001679;Não informado;D;Baixa;30,0;18,1;49,7;40;75;15;7,34;6,35;🟢 OK;0,0;833,21;0,0
PC008074;Não informado;D;Baixa;6,0;10,9;16,6;40;75;15;22,05;6,35;🔴 Comprar agora;21,0;1066,85;22606,11
PC001069;Não informado;D;Baixa;1,0;3,3;9,1;40;75;15;40,19;6,35;🚨 RUPTURA IMINENTE;7,0;4158,67;30184,94
PC009086;Não informado;D;Baixa;6,0;5,0;35,9;40;75;15;10,17;6,35;🔴 Comprar agora;7,0;1904,73;12452,37
PC002250;Não informado;D;Baixa;14,0;6,0;69,5;40;75;15;5,25;6,35;🟢 OK;0,0;1944,02;0,0
PC001483;Não informado;D;Baixa;73,0;57,7;38,0;40;75;15;9,61;6,35;🔴 Comprar agora;71,0;285,58;20324,9
PC008300;Não informado;D;Baixa;18,0;11,1;48,4;40;75;15;7,54;6,35;🟢 OK;0,0;779,59;0,0
PC005144;Não informado;D;Baixa;67,0;38,9;51,6;40;75;15;7,07;6,35;🟢 OK;0,0;480,82;0,0
PC001886;Não informado;D;Baixa;13,0;26,1;14,9;40;75;15;24,46;6,35;🚨 RUPTURA IMINENTE;52,0;656,75;34380,38
PC007182;Não informado;D;Baixa;42,0;13,6;92,6;40;75;15;3,94;6,35;🟡 Estoque excessivo;0,0;826,28;0,0
PC003389;Não informado;D;Baixa;55,0;35,6;46,3;40;75;15;7,88;6,35;🟢 OK;0,0;366,93;0,0
PC006534;Não informado;D;Baixa;28,0;17,7;47,5;40;75;15;7,68;6,35;🟢 OK;0,0;791,86;0,0
PC005626;Não informado;D;Baixa;28,0;304,4;2,8;40;75;15;132,25;6,35;🚨 RUPTURA IMINENTE;733,0;105,62;77406,43
PC009793;Não informado;D;Baixa;8,0;10,4;23,1;40;75;15;15,81;6,35;🔴 Comprar agora;18,0;3711,63;66791,27
PC009883;Não informado;D;Baixa;54,0;17,5;92,7;40;75;15;3,94;6,35;🟡 Estoque excessivo;0,0;530,92;0,0
PC001985;Não informado;D;Baixa;46,0;16,6;83,2;40;75;15;4,38;6,35;🟡 Estoque excessivo;0,0;487,62;0,0
PC008181;Não informado;D;Baixa;33,0;25,0;39,6;40;75;15;9,22;6,35;🔴 Comprar agora;30,0;775,24;22892,22
PC008099;Não informado;D;Baixa;27,0;17,6;46,0;40;75;15;7,93;6,35;🟢 OK;0,0;811,2;0,0
PC001066;Não informado;D;Baixa;35,0;16,2;65,0;40;75;15;5,62;6,35;🟢 OK;0,0;581,95;0,0
PC002603;Não informado;D;Baixa;4,0;9,4;12,8;40;75;15;28,48;6,35;🚨 RUPTURA IMINENTE;19,0;1522,72;29557,09
PC005341;Não informado;D;Baixa;147,0;90,2;48,9;40;75;15;7,47;6,35;🟢 OK;0,0;162,8;0,0
PC007638;Não informado;D;Baixa;23,0;12,6;54,6;40;75;15;6,69;6,35;🟢 OK;0,0;823,62;0,0
PC006403;Não informado;D;Baixa;47,0;119,0;11,9;40;75;15;30,8;6,35;🚨 RUPTURA IMINENTE;250,0;293,01;73376,7
PC009315;Não informado;D;Baixa;10,0;9,0;33,2;40;75;15;11,0;6,35;🔴 Comprar agora;13,0;1138,88;14359,66
PC006502;Não informado;D;Baixa;103,0;69,0;44,8;40;75;15;8,16;6,35;🟢 OK;0,0;181,97;0,0
PC007387;Não informado;D;Baixa;127,0;86,3;44,1;40;75;15;8,27;6,35;🟢 OK;0,0;275,25;0,0
PC000719;Não informado;D;Baixa;51,0;79,5;19,3;40;75;15;18,96;6,35;🔴 Comprar agora;148,0;474,41;70059,46
PC003888;Não informado;D;Baixa;50,0;54,3;27,6;40;75;15;13,21;6,35;🔴 Comprar agora;86,0;161,01;13793,74
PC000440;Não informado;D;Baixa;13,0;15,2;25,7;40;75;15;14,2;6,35;🔴 Comprar agora;25,0;540,91;13487,23
PC001342;Não informado;D;Baixa;3,0;2,9;31,4;40;75;15;11,63;6,35;🔴 Comprar agora;4,0;3106,64;12943,53
PC006713;Não informado;D;Média;29,0;26,7;32,6;40;75;15;11,18;6,35;🔴 Comprar agora;38,0;558,53;21016,92
PC001560;Não informado;D;Baixa;11,0;14,3;23,1;40;75;15;15,82;6,35;🔴 Comprar agora;25,0;1921,22;47559,36
PC003274;Não informado;D;Baixa;70,0;26,4;79,6;40;75;15;4,59;6,35;🟡 Estoque excessivo;0,0;322,69;0,0
PC003092;Não informado;D;Baixa;8,0;8,0;30,2;40;75;15;12,1;6,35;🔴 Comprar agora;12,0;2965,4;35266,68
PC007306;Não informado;D;Baixa;5,0;8,5;17,6;40;75;15;20,71;6,35;🔴 Comprar agora;16,0;1003,9;16342,46
PC005669;Não informado;D;Baixa;15,0;10,4;43,1;40;75;15;8,47;6,35;🟢 OK;0,0;719,62;0,0
PC003016;Não informado;D;Baixa;93,0;28,1;99,3;40;75;15;3,67;6,35;🟡 Estoque excessivo;0,0;382,9;0,0
PC001651;Não informado;D;Baixa;159,0;49,0;97,4;40;75;15;3,75;6,35;🟡 Estoque excessivo;0,0;196,45;0,0
PC000220;Não informado;D;Média;31,0;44,7;20,8;40;75;15;17,53;6,35;🔴 Comprar agora;81,0;423,54;34154,55
PC005787;Não informado;D;Baixa;13,0;42,4;9,2;40;75;15;39,71;6,35;🚨 RUPTURA IMINENTE;93,0;726,62;67638,0
PC005378;Não informado;D;Baixa;4,0;8,1;14,7;40;75;15;24,76;6,35;🚨 RUPTURA IMINENTE;16,0;5511,28;90091,69
PC009964;Não informado;D;Baixa;9,0;12,1;22,3;40;75;15;16,37;6,35;🔴 Comprar agora;21,0;981,81;20877,36
PC002597;Não informado;D;Baixa;12,0;19,2;18,7;40;75;15;19,48;6,35;🔴 Comprar agora;36,0;840,35;30273,21
PC002596;Não informado;D;Baixa;199,0;57,9;103,1;40;75;15;3,54;6,35;🟡 Estoque excessivo;0,0;188,78;0,0
PC005151;Não informado;D;Baixa;6,0;22,8;7,9;40;75;15;46,16;6,35;🚨 RUPTURA IMINENTE;51,0;1669,69;85002,19
PC005398;Não informado;D;Baixa;21,0;24,0;26,3;40;75;15;13,9;6,35;🔴 Comprar agora;39,0;417,59;16274,27
PC003591;Não informado;D;Baixa;5,0;1,8;82,2;40;75;15;4,44;6,35;🟡 Estoque excessivo;0,0;4969,58;0,0
PC008711;Não informado;D;Baixa;3,0;4,6;19,7;40;75;15;18,56;6,35;🔴 Comprar agora;8,0;2038,76;17204,89
PC005850;Não informado;D;Baixa;5,0;3,8;39,8;40;75;15;9,17;6,35;🔴 Comprar agora;4,0;2163,1;9558,9
PC007954;Não informado;D;Baixa;10,0;9,4;32,1;40;75;15;11,38;6,35;🔴 Comprar agora;13,0;1185,65;15868,66
PC003750;Não informado;D;Baixa;67,0;28,0;71,7;40;75;15;5,09;6,35;🟢 OK;0,0;334,17;0,0
PC006593;Não informado;D;Baixa;10,0;7,8;38,4;40;75;15;9,5;6,35;🔴 Comprar agora;10,0;2194,54;20903,83
PC004707;Não informado;D;Baixa;14,0;7,9;53,3;40;75;15;6,84;6,35;🟢 OK;0,0;1427,8;0,0
PC001557;Não informado;D;Baixa;20,0;13,7;43,8;40;75;15;8,33;6,35;🟢 OK;0,0;726,84;0,0
PC003608;Não informado;D;Baixa;4,0;12,0;10,0;40;75;15;36,49;6,35;🚨 RUPTURA IMINENTE;26,0;4286,26;111395,06
PC006487;Não informado;D;Baixa;16,0;23,6;20,4;40;75;15;17,93;6,35;🔴 Comprar agora;43,0;452,05;19413,21
PC006951;Não informado;D;Baixa;28,0;27,4;30,7;40;75;15;11,89;6,35;🔴 Comprar agora;40,0;502,44;20316,55
PC007544;Não informado;D;Baixa;18,0;10,2;52,8;40;75;15;6,91;6,35;🟢 OK;0,0;1017,13;0,0
PC007627;Não informado;D;Baixa;19,0;27,1;21,0;40;75;15;17,34;6,35;🔴 Comprar agora;49,0;458,85;22349,98
PC009814;Não informado;D;Baixa;31,0;8,8;105,3;40;75;15;3,47;6,35;🟡 Estoque excessivo;0,0;857,69;0,0
PC006150;Não informado;D;Baixa;23,0;13,4;51,7;40;75;15;7,06;6,35;🟢 OK;0,0;759,9;0,0
PC002486;Não informado;D;Baixa;48,0;55,3;26,0;40;75;15;14,01;6,35;🔴 Comprar agora;90,0;266,95;24080,39
PC006839;Não informado;D;Baixa;14,0;13,1;32,0;40;75;15;11,42;6,35;🔴 Comprar agora;19,0;962,88;18154,56
PC000857;Não informado;D;Baixa;4,0;12,4;9,6;40;75;15;37,85;6,35;🚨 RUPTURA IMINENTE;27,0;3080,86;83527,87
PC008898;Não informado;D;Baixa;24,0;10,1;71,2;40;75;15;5,12;6,35;🟢 OK;0,0;813,87;0,0
PC000620;Não informado;D;Baixa;9,0;11,8;22,9;40;75;15;15,94;6,35;🔴 Comprar agora;20,0;872,19;17867,63
PC008799;Não informado;D;Baixa;90,0;29,9;90,2;40;75;15;4,05;6,35;🟡 Estoque excessivo;0,0;330,29;0,0
PC007500;Não informado;D;Baixa;111,0;38,8;85,8;40;75;15;4,25;6,35;🟡 Estoque excessivo;0,0;235,38;0,0
PC000229;Não informado;D;Baixa;15,0;12,1;37,2;40;75;15;9,81;6,35;🔴 Comprar agora;15,0;800,75;12189,61
PC003965;Não informado;D;Baixa;92,0;26,5;104,0;40;75;15;3,51;6,35;🟡 Estoque excessivo;0,0;386,71;0,0
PC001414;Não informado;D;Baixa;32,0;12,0;80,0;40;75;15;4,56;6,35;🟡 Estoque excessivo;0,0;999,72;0,0
PC008476;Não informado;D;Baixa;47,0;37,2;37,9;40;75;15;9,63;6,35;🔴 Comprar agora;46,0;345,38;15893,73
PC004586;Não informado;D;Baixa;73,0;74,5;29,4;40;75;15;12,41;6,35;🔴 Comprar agora;113,0;173,75;19669,56
PC000400;Não informado;D;Baixa;31,0;8,1;114,5;40;75;15;3,19;6,35;🟡 Estoque excessivo;0,0;1183,95;0,0
PC006408;Não informado;D;Baixa;40,0;15,1;79,4;40;75;15;4,6;6,35;🟡 Estoque excessivo;0,0;655,09;0,0
PC002776;Não informado;D;Baixa;18,0;38,5;14,0;40;75;15;26,02;6,35;🚨 RUPTURA IMINENTE;78,0;343,93;26914,46
PC000311;Não informado;D;Baixa;35,0;26,3;40,0;40;75;15;9,13;6,35;🔴 Comprar agora;31,0;652,13;19996,56
PC004093;Não informado;D;Baixa;87,0;39,7;65,8;40;75;15;5,55;6,35;🟢 OK;0,0;266,57;0,0
PC004602;Não informado;D;Baixa;331,0;188,3;52,7;40;75;15;6,92;6,35;🟢 OK;0,0;50,67;0,0
PC007185;Não informado;D;Baixa;12,0;4,2;86,4;40;75;15;4,22;6,35;🟡 Estoque excessivo;0,0;2669,36;0,0
PC009317;Não informado;D;Baixa;15,0;6,4;70,0;40;75;15;5,21;6,35;🟢 OK;0,0;1971,14;0,0
PC002277;Não informado;D;Média;7,0;6,6;31,8;40;75;15;11,48;6,35;🔴 Comprar agora;10,0;2385,17;22680,11
PC006082;Não informado;D;Baixa;5,0;3,9;38,5;40;75;15;9,49;6,35;🔴 Comprar agora;5,0;2527,7;11999,42
PC004280;Não informado;D;Baixa;14,0;21,6;19,4;40;75;15;18,8;6,35;🔴 Comprar agora;40,0;803,39;32201,24
PC001645;Não informado;D;Baixa;3,0;10,0;9,0;40;75;15;40,53;6,35;🚨 RUPTURA IMINENTE;22,0;3028,93;66592,17
PC000300;Não informado;D;Baixa;12,0;22,5;16,0;40;75;15;22,81;6,35;🔴 Comprar agora;44,0;619,71;27420,16
PC002745;Não informado;D;Baixa;35,0;35,7;29,4;40;75;15;12,42;6,35;🔴 Comprar agora;54,0;471,79;25615,81
PC001387;Não informado;D;Média;6,0;14,4;12,5;40;75;15;29,21;6,35;🚨 RUPTURA IMINENTE;30,0;919,65;27598,16
PC007311;Não informado;D;Baixa;38,0;12,7;89,5;40;75;15;4,08;6,35;🟡 Estoque excessivo;0,0;789,54;0,0
PC005624;Não informado;D;Média;23,0;18,7;37,0;40;75;15;9,87;6,35;🔴 Comprar agora;24,0;699,85;16536,63
PC004527;Não informado;D;Baixa;6,0;14,3;12,6;40;75;15;28,94;6,35;🚨 RUPTURA IMINENTE;30,0;1274,53;37831,1
PC000318;Não informado;D;Baixa;9,0;4,9;55,0;40;75;15;6,64;6,35;🟢 OK;0,0;1819,38;0,0
PC000580;Não informado;D;Baixa;5,0;9,0;16,6;40;75;15;21,99;6,35;🔴 Comprar agora;18,0;1026,27;18050,31
PC000135;Não informado;D;Baixa;12,0;7,1;50,9;40;75;15;7,17;6,35;🟢 OK;0,0;1548,8;0,0
PC002531;Não informado;D;Baixa;22,0;10,6;62,0;40;75;15;5,89;6,35;🟢 OK;0,0;1046,13;0,0
PC001035;Não informado;D;Baixa;31,0;19,5;47,7;40;75;15;7,65;6,35;🟢 OK;0,0;856,66;0,0
PC008066;Não informado;D;Baixa;2,0;15,5;3,9;40;75;15;94,16;6,35;🚨 RUPTURA IMINENTE;37,0;2558,5;93889,93
PC000228;Não informado;D;Baixa;18,0;11,3;47,7;40;75;15;7,66;6,35;🟢 OK;0,0;754,57;0,0
PC009124;Não informado;D;Baixa;11,0;13,0;25,4;40;75;15;14,38;6,35;🔴 Comprar agora;22,0;855,86;18408,95
PC003155;Não informado;D;Baixa;51,0;15,5;98,9;40;75;15;3,69;6,35;🟡 Estoque excessivo;0,0;613,7;0,0
PC004544;Não informado;D;Baixa;51,0;23,3;65,6;40;75;15;5,56;6,35;🟢 OK;0,0;383,45;0,0
PC006510;Não informado;D;Baixa;18,0;7,2;74,9;40;75;15;4,87;6,35;🟢 OK;0,0;1106,38;0,0
PC008154;Não informado;D;Baixa;17,0;9,5;53,5;40;75;15;6,82;6,35;🟢 OK;0,0;2384,72;0,0
PC003240;Não informado;D;Baixa;78,0;143,5;16,3;40;75;15;22,38;6,35;🔴 Comprar agora;281,0;68,69;19277,2
PC002863;Não informado;D;Média;3,0;5,2;17,4;40;75;15;21,01;6,35;🔴 Comprar agora;10,0;2863,25;28492,73
PC001049;Não informado;D;Baixa;4,0;2,1;58,3;40;75;15;6,26;6,35;🟢 OK;0,0;4922,76;0,0
PC008662;Não informado;D;Média;137,0;77,5;53,0;40;75;15;6,88;6,35;🟢 OK;0,0;212,0;0,0
PC009172;Não informado;D;Baixa;23,0;39,7;17,4;40;75;15;21,0;6,35;🔴 Comprar agora;76,0;684,64;52213,49
PC001795;Não informado;D;Baixa;63,0;32,3;58,6;40;75;15;6,23;6,35;🟢 OK;0,0;281,79;0,0
PC005511;Não informado;D;Baixa;3,0;3,2;27,9;40;75;15;13,09;6,35;🔴 Comprar agora;5,0;4325,58;21915,91
PC001576;Não informado;D;Baixa;62,0;86,2;21,6;40;75;15;16,91;6,35;🔴 Comprar agora;153,0;91,66;14065,21
PC009547;Não informado;D;Baixa;29,0;19,3;45,1;40;75;15;8,1;6,35;🟢 OK;0,0;681,2;0,0
PC003379;Não informado;D;Baixa;24,0;25,1;28,7;40;75;15;12,73;6,35;🔴 Comprar agora;39,0;364,47;14137,12
PC001775;Não informado;D;Média;9,0;8,2;32,7;40;75;15;11,15;6,35;🔴 Comprar agora;12,0;1798,94;20908,7
PC009743;Não informado;D;Baixa;19,0;24,9;22,9;40;75;15;15,93;6,35;🔴 Comprar agora;43,0;1117,14;48251,72
PC006672;Não informado;D;Baixa;43,0;19,0;68,1;40;75;15;5,36;6,35;🟢 OK;0,0;506,01;0,0
PC008038;Não informado;D;Baixa;31,0;22,8;40,7;40;75;15;8,96;6,35;🟢 OK;0,0;474,8;0,0
PC005845;Não informado;D;Baixa;13,0;38,1;10,2;40;75;15;35,63;6,35;🚨 RUPTURA IMINENTE;82,0;703,19;57784,14
PC003420;Não informado;D;Baixa;30,0;43,5;20,7;40;75;15;17,63;6,35;🔴 Comprar agora;79,0;216,33;17019,21
PC003118;Não informado;D;Baixa;57,0;54,4;31,4;40;75;15;11,61;6,35;🔴 Comprar agora;79,0;592,05;46759,51
PC006006;Não informado;D;Baixa;76,0;40,9;55,7;40;75;15;6,55;6,35;🟢 OK;0,0;244,91;0,0
PC006562;Não informado;D;Baixa;89,0;29,6;90,1;40;75;15;4,05;6,35;🟡 Estoque excessivo;0,0;386,74;0,0
PC007534;Não informado;D;Baixa;11,0;21,2;15,5;40;75;15;23,5;6,35;🔴 Comprar agora;42,0;1494,63;62949,86
PC002041;Não informado;D;Baixa;15,0;10,2;44,2;40;75;15;8,26;6,35;🟢 OK;0,0;976,09;0,0
PC006308;Não informado;D;Baixa;11,0;13,1;25,2;40;75;15;14,47;6,35;🔴 Comprar agora;22,0;705,06;15302,28
PC000382;Não informado;D;Baixa;1,0;2,0;14,9;40;75;15;24,55;6,35;🚨 RUPTURA IMINENTE;4,0;4473,1;18092,46
PC000757;Não informado;D;Baixa;25,0;15,3;49,1;40;75;15;7,44;6,35;🟢 OK;0,0;705,06;0,0
PC003893;Não informado;D;Baixa;20,0;16,5;36,3;40;75;15;10,04;6,35;🔴 Comprar agora;21,0;576,82;12271,38
PC008119;Não informado;D;Baixa;23,0;14,5;47,7;40;75;15;7,65;6,35;🟢 OK;0,0;612,59;0,0
PC006671;Não informado;D;Baixa;34,0;9,9;103,5;40;75;15;3,53;6,35;🟡 Estoque excessivo;0,0;707,73;0,0
PC009226;Não informado;D;Baixa;16,0;7,2;67,1;40;75;15;5,44;6,35;🟢 OK;0,0;1404,51;0,0
PC006253;Não informado;D;Baixa;6,0;3,3;54,7;40;75;15;6,67;6,35;🟢 OK;0,0;5486,02;0,0
PC003823;Não informado;D;Baixa;1,0;3,2;9,5;40;75;15;38,38;6,35;🚨 RUPTURA IMINENTE;7,0;4525,04;31157,58
PC007232;Não informado;D;Baixa;15,0;13,9;32,3;40;75;15;11,3;6,35;🔴 Comprar agora;20,0;813,84;16131,01
PC007425;Não informado;D;Baixa;1,0;1,9;15,4;40;75;15;23,67;6,35;🔴 Comprar agora;4,0;4049,5;15642,63
PC002753;Não informado;D;Baixa;6,0;2,0;91,1;40;75;15;4,01;6,35;🟡 Estoque excessivo;0,0;5097,87;0,0
PC008536;Não informado;D;Baixa;8,0;6,2;39,0;40;75;15;9,36;6,35;🔴 Comprar agora;7,0;1430,5;10570,58
PC007611;Não informado;D;Baixa;5,0;4,0;37,1;40;75;15;9,84;6,35;🔴 Comprar agora;5,0;2713,35;13871,74
PC001514;Não informado;D;Baixa;16,0;40,1;12,0;40;75;15;30,52;6,35;🚨 RUPTURA IMINENTE;84,0;897,22;75664,07
PC001189;Não informado;D;Baixa;29,0;11,4;76,4;40;75;15;4,77;6,35;🟡 Estoque excessivo;0,0;632,98;0,0
PC003180;Não informado;D;Baixa;46,0;20,7;66,8;40;75;15;5,46;6,35;🟢 OK;0,0;488,35;0,0
PC006071;Não informado;D;Média;64,0;80,6;23,8;40;75;15;15,33;6,35;🔴 Comprar agora;138,0;194,52;26767,65
PC004448;Não informado;D;Baixa;16,0;73,2;6,6;40;75;15;55,7;6,35;🚨 RUPTURA IMINENTE;167,0;882,8;147530,51
PC007783;Não informado;D;Baixa;6,0;47,5;3,8;40;75;15;96,38;6,35;🚨 RUPTURA IMINENTE;113,0;808,38;91203,09
PC008989;Não informado;D;Baixa;32,0;41,6;23,1;40;75;15;15,8;6,35;🔴 Comprar agora;72,0;178,96;12868,43
PC001499;Não informado;D;Baixa;46,0;32,1;43,0;40;75;15;8,5;6,35;🟢 OK;0,0;1080,94;0,0
PC009302;Não informado;D;Baixa;43,0;33,0;39,0;40;75;15;9,35;6,35;🔴 Comprar agora;40,0;409,74;16235,26
PC003636;Não informado;D;Baixa;7,0;12,9;16,3;40;75;15;22,41;6,35;🔴 Comprar agora;25,0;4178,14;105421,26
PC001570;Não informado;D;Baixa;12,0;24,0;15,0;40;75;15;24,34;6,35;🚨 RUPTURA IMINENTE;48,0;436,7;20966,28
PC000800;Não informado;D;Baixa;30,0;12,5;71,9;40;75;15;5,08;6,35;🟢 OK;0,0;885,52;0,0
PC006430;Não informado;D;Baixa;9,0;57,5;4,7;40;75;15;77,79;6,35;🚨 RUPTURA IMINENTE;135,0;687,77;92756,92
PC002256;Não informado;D;Baixa;81,0;69,2;35,1;40;75;15;10,39;6,35;🔴 Comprar agora;92,0;135,89;12493,45
PC006890;Não informado;D;Baixa;55,0;30,2;54,7;40;75;15;6,68;6,35;🟢 OK;0,0;286,64;0,0
PC006277;Não informado;D;Baixa;10,0;3,9;77,6;40;75;15;4,7;6,35;🟡 Estoque excessivo;0,0;2229,22;0,0
PC007362;Não informado;D;Baixa;21,0;11,6;54,2;40;75;15;6,74;6,35;🟢 OK;0,0;754,24;0,0
PC007804;Não informado;D;Baixa;3,0;5,7;15,8;40;75;15;23,16;6,35;🔴 Comprar agora;11,0;4913,23;55396,37
PC002540;Não informado;D;Baixa;16,0;10,7;45,0;40;75;15;8,11;6,35;🟢 OK;0,0;724,84;0,0
PC002189;Não informado;D;Baixa;1,0;3,9;7,6;40;75;15;47,84;6,35;🚨 RUPTURA IMINENTE;9,0;7182,02;63423,51
PC005240;Não informado;D;Baixa;18,0;17,7;30,6;40;75;15;11,94;6,35;🔴 Comprar agora;26,0;864,8;22624,71
PC003658;Não informado;D;Baixa;12,0;17,8;20,3;40;75;15;18,01;6,35;🔴 Comprar agora;32,0;687,3;22267,86
PC009550;Não informado;D;Baixa;54,0;23,6;68,6;40;75;15;5,32;6,35;🟢 OK;0,0;398,15;0,0
PC007683;Não informado;D;Baixa;39,0;31,6;37,0;40;75;15;9,86;6,35;🔴 Comprar agora;40,0;275,85;11036,77
PC003557;Não informado;D;Baixa;6,0;3,9;45,7;40;75;15;7,99;6,35;🟢 OK;0,0;2340,03;0,0
PC000197;Não informado;D;Baixa;15,0;28,1;16,0;40;75;15;22,79;6,35;🔴 Comprar agora;55,0;1320,32;72949,88
PC001857;Não informado;D;Baixa;10,0;13,7;21,9;40;75;15;16,64;6,35;🔴 Comprar agora;24,0;2967,22;71789,3
PC007896;Não informado;D;Baixa;4,0;7,8;15,4;40;75;15;23,64;6,35;🔴 Comprar agora;15,0;3933,07;60694,48
PC002986;Não informado;D;Baixa;47,0;35,7;39,5;40;75;15;9,24;6,35;🔴 Comprar agora;42,0;496,35;20947,8
PC006062;Não informado;D;Baixa;55,0;25,7;64,2;40;75;15;5,69;6,35;🟢 OK;0,0;1181,8;0,0
PC009973;Não informado;D;Baixa;18,0;11,0;49,1;40;75;15;7,44;6,35;🟢 OK;0,0;734,19;0,0
PC004746;Não informado;D;Baixa;24,0;27,8;25,9;40;75;15;14,11;6,35;🔴 Comprar agora;46,0;1221,36;55672,97
PC005380;Não informado;D;Baixa;3,0;3,1;28,7;40;75;15;12,73;6,35;🔴 Comprar agora;5,0;2736,58;13266,92
PC001685;Não informado;D;Baixa;106,0;44,0;72,2;40;75;15;5,06;6,35;🟢 OK;0,0;235,9;0,0
PC008179;Não informado;D;Baixa;136,0;43,7;93,5;40;75;15;3,91;6,35;🟡 Estoque excessivo;0,0;194,72;0,0
PC008930;Não informado;D;Baixa;45,0;14,9;90,8;40;75;15;4,02;6,35;🟡 Estoque excessivo;0,0;837,22;0,0
PC002756;Não informado;D;Baixa;3,0;6,0;14,9;40;75;15;24,5;6,35;🚨 RUPTURA IMINENTE;12,0;6908,62;83599,86
PC001111;Não informado;D;Baixa;6,0;23,3;7,7;40;75;15;47,23;6,35;🚨 RUPTURA IMINENTE;52,0;2417,91;126270,3
PC003140;Não informado;D;Baixa;3,0;2,0;45,2;40;75;15;8,08;6,35;🟢 OK;0,0;4314,51;0,0
PC005786;Não informado;D;Baixa;6,0;1,9;94,6;40;75;15;3,86;6,35;🟡 Estoque excessivo;0,0;3901,21;0,0
PC009932;Não informado;D;Baixa;40,0;76,2;15,7;40;75;15;23,19;6,35;🔴 Comprar agora;151,0;303,15;45661,69
PC007718;Não informado;D;Média;7,0;16,7;12,6;40;75;15;29,03;6,35;🚨 RUPTURA IMINENTE;35,0;860,62;29916,59
PC007626;Não informado;D;Baixa;19,0;7,9;72,5;40;75;15;5,04;6,35;🟢 OK;0,0;1338,79;0,0
PC003086;Não informado;D;Baixa;28,0;10,9;77,0;40;75;15;4,74;6,35;🟡 Estoque excessivo;0,0;738,33;0,0
PC001542;Não informado;D;Média;20,0;18,7;32,1;40;75;15;11,36;6,35;🔴 Comprar agora;27,0;716,67;19119,15
PC005492;Não informado;D;Baixa;6,0;2,9;61,7;40;75;15;5,91;6,35;🟢 OK;0,0;3538,03;0,0
PC004883;Não informado;D;Baixa;27,0;19,8;40,9;40;75;15;8,92;6,35;🟢 OK;0,0;693,25;0,0
PC005435;Não informado;D;Baixa;82,0;41,6;59,1;40;75;15;6,18;6,35;🟢 OK;0,0;299,16;0,0
PC000979;Não informado;D;Baixa;29,0;15,3;57,0;40;75;15;6,41;6,35;🟢 OK;0,0;1047,98;0,0
PC004021;Não informado;D;Baixa;34,0;29,3;34,8;40;75;15;10,48;6,35;🔴 Comprar agora;39,0;628,16;24633,29
PC001792;Não informado;D;Baixa;23,0;16,3;42,3;40;75;15;8,64;6,35;🟢 OK;0,0;622,26;0,0
PC009425;Não informado;D;Baixa;3,0;1,9;47,6;40;75;15;7,67;6,35;🟢 OK;0,0;4803,19;0,0
PC002631;Não informado;D;Baixa;2,0;6,9;8,8;40;75;15;41,68;6,35;🚨 RUPTURA IMINENTE;15,0;4061,01;61444,41
PC001016;Não informado;D;Baixa;72,0;51,0;42,3;40;75;15;8,62;6,35;🟢 OK;0,0;597,05;0,0
PC006565;Não informado;D;Baixa;8,0;3,7;65,4;40;75;15;5,58;6,35;🟢 OK;0,0;2124,58;0,0
PC000641;Não informado;D;Baixa;3,0;2,0;44,7;40;75;15;8,16;6,35;🟢 OK;0,0;4922,27;0,0
PC008294;Não informado;D;Baixa;18,0;19,5;27,7;40;75;15;13,15;6,35;🔴 Comprar agora;31,0;881,82;27029,37
PC007799;Não informado;D;Baixa;13,0;8,1;48,1;40;75;15;7,59;6,35;🟢 OK;0,0;919,83;0,0
PC004830;Não informado;D;Baixa;21,0;11,1;57,0;40;75;15;6,4;6,35;🟢 OK;0,0;920,91;0,0
PC005741;Não informado;D;Baixa;22,0;7,1;92,7;40;75;15;3,94;6,35;🟡 Estoque excessivo;0,0;1544,84;0,0
PC002254;Não informado;D;Baixa;7,0;7,1;29,7;40;75;15;12,31;6,35;🔴 Comprar agora;11,0;1038,32;11116,66
PC002301;Não informado;D;Média;38,0;49,6;23,0;40;75;15;15,88;6,35;🔴 Comprar agora;86,0;340,82;29318,11
PC003668;Não informado;D;Baixa;3,0;9,3;9,7;40;75;15;37,62;6,35;🚨 RUPTURA IMINENTE;20,0;4257,71;85973,54
PC001614;Não informado;D;Baixa;17,0;16,1;31,7;40;75;15;11,5;6,35;🔴 Comprar agora;23,0;683,9;15858,52
PC002462;Não informado;D;Baixa;23,0;12,3;56,3;40;75;15;6,48;6,35;🟢 OK;0,0;768,28;0,0
PC003210;Não informado;D;Baixa;10,0;8,1;36,9;40;75;15;9,9;6,35;🔴 Comprar agora;10,0;1128,39;11679,83
PC009599;Não informado;D;Baixa;21,0;9,9;63,8;40;75;15;5,72;6,35;🟢 OK;0,0;785,36;0,0
PC002771;Não informado;D;Baixa;12,0;10,4;34,6;40;75;15;10,54;6,35;🔴 Comprar agora;14,0;784,8;10986,27
PC004408;Não informado;D;Baixa;37,0;19,3;57,4;40;75;15;6,36;6,35;🟢 OK;0,0;527,28;0,0
PC008764;Não informado;D;Média;17,0;10,6;48,2;40;75;15;7,57;6,35;🟢 OK;0,0;1389,16;0,0
PC003491;Não informado;D;Baixa;7,0;5,9;35,5;40;75;15;10,3;6,35;🔴 Comprar agora;8,0;1774,32;13855,47
PC000145;Não informado;D;Média;16,0;7,4;64,7;40;75;15;5,64;6,35;🟢 OK;0,0;1804,66;0,0
PC005012;Não informado;D;Baixa;3,0;12,3;7,3;40;75;15;49,86;6,35;🚨 RUPTURA IMINENTE;28,0;3037,98;84264,22
PC004115;Não informado;D;Média;11,0;19,9;16,6;40;75;15;21,97;6,35;🔴 Comprar agora;39,0;879,41;33990,31
PC007893;Não informado;D;Baixa;44,0;25,0;52,8;40;75;15;6,91;6,35;🟢 OK;0,0;692,25;0,0
PC000279;Não informado;D;Baixa;15,0;22,1;20,4;40;75;15;17,91;6,35;🔴 Comprar agora;40,0;1263,02;50793,34
PC002491;Não informado;D;Baixa;19,0;14,2;40,1;40;75;15;9,11;6,35;🟢 OK;0,0;884,22;0,0
PC003749;Não informado;D;Baixa;23,0;15,3;45,2;40;75;15;8,07;6,35;🟢 OK;0,0;654,19;0,0
PC008675;Não informado;D;Baixa;10,0;8,0;37,4;40;75;15;9,77;6,35;🔴 Comprar agora;10,0;1148,98;11578,77
PC003415;Não informado;D;Baixa;9,0;5,2;52,1;40;75;15;7,01;6,35;🟢 OK;0,0;1945,34;0,0
PC007420;Não informado;D;Baixa;12,0;5,1;71,2;40;75;15;5,12;6,35;🟢 OK;0,0;2005,81;0,0
PC005464;Não informado;D;Baixa;15,0;6,3;71,3;40;75;15;5,12;6,35;🟢 OK;0,0;1208,64;0,0
PC004347;Não informado;D;Baixa;19,0;12,5;45,8;40;75;15;7,98;6,35;🟢 OK;0,0;692,08;0,0
PC006176;Não informado;D;Baixa;60,0;28,0;64,2;40;75;15;5,69;6,35;🟢 OK;0,0;306,63;0,0
PC004974;Não informado;D;Baixa;30,0;25,3;35,6;40;75;15;10,27;6,35;🔴 Comprar agora;33,0;405,36;13494,68
PC006571;Não informado;D;Média;187,0;115,1;48,8;40;75;15;7,49;6,35;🟢 OK;0,0;145,64;0,0
PC007660;Não informado;D;Baixa;28,0;14,5;58,1;40;75;15;6,28;6,35;🟢 OK;0,0;757,98;0,0
PC006920;Não informado;D;Baixa;5,0;5,1;29,1;40;75;15;12,53;6,35;🔴 Comprar agora;8,0;1893,52;14907,45
PC001867;Não informado;D;Baixa;27,0;17,4;46,5;40;75;15;7,84;6,35;🟢 OK;0,0;574,21;0,0
PC009159;Não informado;D;Baixa;82,0;34,6;71,1;40;75;15;5,14;6,35;🟢 OK;0,0;273,67;0,0
PC006707;Não informado;D;Média;99,0;102,1;29,1;40;75;15;12,54;6,35;🔴 Comprar agora;156,0;147,32;23009,58
PC002936;Não informado;D;Baixa;6,0;30,1;6,0;40;75;15;61,1;6,35;🚨 RUPTURA IMINENTE;69,0;861,89;59750,98
PC001922;Não informado;D;Baixa;36,0;12,9;83,4;40;75;15;4,38;6,35;🟡 Estoque excessivo;0,0;615,42;0,0
PC008063;Não informado;D;Baixa;16,0;10,4;46,3;40;75;15;7,89;6,35;🟢 OK;0,0;1128,51;0,0
PC006336;Não informado;D;Baixa;9,0;30,5;8,9;40;75;15;41,21;6,35;🚨 RUPTURA IMINENTE;67,0;775,76;52133,53
PC005003;Não informado;D;Média;528,0;269,1;58,9;40;75;15;6,2;6,35;🟢 OK;0,0;50,72;0,0
PC008621;Não informado;D;Baixa;4,0;2,0;59,8;40;75;15;6,11;6,35;🟢 OK;0,0;3605,73;0,0
PC007763;Não informado;D;Média;37,0;45,8;24,2;40;75;15;15,06;6,35;🔴 Comprar agora;77,0;402,26;31168,62
PC002505;Não informado;D;Baixa;59,0;31,2;56,7;40;75;15;6,44;6,35;🟢 OK;0,0;324,98;0,0
PC000086;Não informado;D;Baixa;6,0;8,1;22,2;40;75;15;16,45;6,35;🔴 Comprar agora;14,0;911,79;13020,29
PC006472;Não informado;D;Baixa;16,0;10,1;47,4;40;75;15;7,71;6,35;🟢 OK;0,0;1296,53;0,0
PC001942;Não informado;D;Baixa;35,0;13,7;76,7;40;75;15;4,76;6,35;🟡 Estoque excessivo;0,0;705,58;0,0
PC002262;Não informado;D;Baixa;35,0;22,1;47,5;40;75;15;7,68;6,35;🟢 OK;0,0;286,13;0,0
PC002413;Não informado;D;Baixa;5,0;8,0;18,8;40;75;15;19,4;6,35;🔴 Comprar agora;15,0;5353,82;79915,88
PC002777;Não informado;D;Baixa;2,0;5,4;11,1;40;75;15;32,79;6,35;🚨 RUPTURA IMINENTE;11,0;5758,51;66081,87
PC005134;Não informado;D;Baixa;22,0;7,4;89,5;40;75;15;4,08;6,35;🟡 Estoque excessivo;0,0;937,15;0,0
PC008838;Não informado;D;Baixa;22,0;19,8;33,4;40;75;15;10,92;6,35;🔴 Comprar agora;27,0;536,54;14693,34
PC004678;Não informado;D;Baixa;13,0;12,6;30,9;40;75;15;11,82;6,35;🔴 Comprar agora;19,0;1001,88;18598,86
PC008585;Não informado;D;Baixa;15,0;10,2;43,9;40;75;15;8,31;6,35;🟢 OK;0,0;948,99;0,0
PC009260;Não informado;D;Baixa;34,0;19,2;53,1;40;75;15;6,88;6,35;🟢 OK;0,0;515,1;0,0
PC003830;Não informado;D;Média;80,0;58,1;41,3;40;75;15;8,84;6,35;🟢 OK;0,0;245,07;0,0
PC009508;Não informado;D;Baixa;22,0;12,0;55,1;40;75;15;6,62;6,35;🟢 OK;0,0;617,31;0,0
PC000813;Não informado;D;Baixa;13,0;5,2;74,5;40;75;15;4,9;6,35;🟢 OK;0,0;1713,64;0,0
PC007940;Não informado;D;Baixa;5,0;1,7;86,4;40;75;15;4,22;6,35;🟡 Estoque excessivo;0,0;4364,35;0,0
PC004889;Não informado;D;Baixa;3,0;3,4;26,5;40;75;15;13,76;6,35;🔴 Comprar agora;5,0;4138,96;22691,64
PC003694;Não informado;D;Baixa;6,0;5,8;31,2;40;75;15;11,7;6,35;🔴 Comprar agora;8,0;1563,34;13176,34
PC009670;Não informado;D;Baixa;13,0;17,4;22,4;40;75;15;16,3;6,35;🔴 Comprar agora;31,0;606,33;18510,98
PC004913;Não informado;D;Baixa;211,0;154,9;40,9;40;75;15;8,93;6,35;🟢 OK;0,0;227,76;0,0
PC008661;Não informado;D;Baixa;10,0;20,1;14,9;40;75;15;24,45;6,35;🚨 RUPTURA IMINENTE;40,0;469,4;18887,04
PC005188;Não informado;D;Baixa;9,0;4,7;57,0;40;75;15;6,4;6,35;🟢 OK;0,0;1770,72;0,0
PC000887;Não informado;D;Baixa;39,0;18,3;64,1;40;75;15;5,69;6,35;🟢 OK;0,0;523,6;0,0
PC009235;Não informado;D;Baixa;12,0;10,2;35,2;40;75;15;10,38;6,35;🔴 Comprar agora;14,0;851,19;11565,31
PC001420;Não informado;D;Baixa;30,0;22,9;39,2;40;75;15;9,3;6,35;🔴 Comprar agora;27,0;280,39;7669,02
PC003416;Não informado;D;Baixa;8,0;8,1;29,5;40;75;15;12,37;6,35;🔴 Comprar agora;12,0;1266,6;15616,53
PC002907;Não informado;D;Baixa;56,0;18,4;91,2;40;75;15;4,0;6,35;🟡 Estoque excessivo;0,0;402,64;0,0
PC003515;Não informado;D;Baixa;4,0;11,0;10,9;40;75;15;33,56;6,35;🚨 RUPTURA IMINENTE;24,0;2848,03;67161,79
PC001974;Não informado;D;Baixa;81,0;31,0;78,5;40;75;15;4,65;6,35;🟡 Estoque excessivo;0,0;256,73;0,0
PC000084;Não informado;D;Baixa;4,0;3,4;35,4;40;75;15;10,31;6,35;🔴 Comprar agora;4,0;5107,5;22856,07
PC000048;Não informado;D;Baixa;56,0;23,5;71,4;40;75;15;5,11;6,35;🟢 OK;0,0;386,1;0,0
PC003876;Não informado;D;Baixa;38,0;28,8;39,6;40;75;15;9,22;6,35;🔴 Comprar agora;34,0;261,11;8875,6
PC004523;Não informado;D;Baixa;18,0;5,4;100,7;40;75;15;3,62;6,35;🟡 Estoque excessivo;0,0;1246,27;0,0
PC000615;Não informado;D;Baixa;9,0;8,1;33,1;40;75;15;11,02;6,35;🔴 Comprar agora;11,0;944,45;10743,05
PC001635;Não informado;D;Baixa;27,0;71,3;11,4;40;75;15;32,12;6,35;🚨 RUPTURA IMINENTE;151,0;201,59;30476,27
PC007818;Não informado;D;Baixa;8,0;5,1;46,8;40;75;15;7,8;6,35;🟢 OK;0,0;2000,0;0,0
PC001140;Não informado;D;Baixa;4,0;1,3;89,5;40;75;15;4,08;6,35;🟡 Estoque excessivo;0,0;8813,6;0,0
PC009189;Não informado;D;Baixa;14,0;5,4;78,1;40;75;15;4,67;6,35;🟡 Estoque excessivo;0,0;2001,51;0,0
PC007168;Não informado;D;Baixa;32,0;10,5;91,2;40;75;15;4,0;6,35;🟡 Estoque excessivo;0,0;1011,1;0,0
PC000122;Não informado;D;Baixa;134,0;129,8;31,0;40;75;15;11,79;6,35;🔴 Comprar agora;191,0;74,69;14230,29
PC008199;Não informado;D;Baixa;10,0;10,7;28,1;40;75;15;13,01;6,35;🔴 Comprar agora;17,0;2111,8;35345,19
PC004334;Não informado;D;Baixa;10,0;5,2;58,0;40;75;15;6,29;6,35;🟢 OK;0,0;2054,1;0,0
PC008867;Não informado;D;Baixa;8,0;8,8;27,3;40;75;15;13,36;6,35;🔴 Comprar agora;14,0;1177,04;16437,79
PC008459;Não informado;D;Baixa;126,0;54,4;69,5;40;75;15;5,25;6,35;🟢 OK;0,0;128,25;0,0
PC000330;Não informado;D;Baixa;18,0;7,0;77,3;40;75;15;4,72;6,35;🟡 Estoque excessivo;0,0;1002,08;0,0
PC005454;Não informado;D;Baixa;70,0;174,6;12,0;40;75;15;30,36;6,35;🚨 RUPTURA IMINENTE;367,0;182,23;66808,28
PC003938;Não informado;D;Baixa;36,0;17,0;63,4;40;75;15;5,75;6,35;🟢 OK;0,0;668,81;0,0
PC003960;Não informado;D;Baixa;8,0;48,4;5,0;40;75;15;73,67;6,35;🚨 RUPTURA IMINENTE;113,0;642,31;72651,17
PC008075;Não informado;D;Baixa;40,0;15,9;75,6;40;75;15;4,83;6,35;🟡 Estoque excessivo;0,0;610,51;0,0
PC004345;Não informado;D;Baixa;11,0;9,1;36,2;40;75;15;10,08;6,35;🔴 Comprar agora;12,0;887,51;10459,82
PC002120;Não informado;D;Baixa;12,0;23,9;15,1;40;75;15;24,2;6,35;🔴 Comprar agora;48,0;1136,52;54185,97
PC001310;Não informado;D;Baixa;12,0;16,8;21,5;40;75;15;17,02;6,35;🔴 Comprar agora;30,0;577,93;17313,3
PC001668;Não informado;D;Baixa;2,0;10,3;5,8;40;75;15;62,51;6,35;🚨 RUPTURA IMINENTE;24,0;3524,16;83479,5
PC007229;Não informado;D;Baixa;55,0;23,4;70,7;40;75;15;5,17;6,35;🟢 OK;0,0;395,42;0,0
PC002412;Não informado;D;Baixa;42,0;15,1;83,7;40;75;15;4,36;6,35;🟡 Estoque excessivo;0,0;495,57;0,0
PC006772;Não informado;D;Baixa;7,0;2,1;99,9;40;75;15;3,65;6,35;🟡 Estoque excessivo;0,0;3734,26;0,0
PC002788;Não informado;D;Baixa;185,0;99,4;55,8;40;75;15;6,54;6,35;🟢 OK;0,0;89,8;0,0
PC000037;Não informado;D;Baixa;6,0;13,4;13,5;40;75;15;27,08;6,35;🚨 RUPTURA IMINENTE;27,0;2062,53;56495,89
PC002682;Não informado;D;Baixa;259,0;111,1;69,9;40;75;15;5,22;6,35;🟢 OK;0,0;110,67;0,0
PC002798;Não informado;D;Baixa;18,0;9,4;57,3;40;75;15;6,37;6,35;🟢 OK;0,0;909,63;0,0
PC008264;Não informado;D;Média;66,0;60,4;32,8;40;75;15;11,14;6,35;🔴 Comprar agora;85,0;255,9;21777,7
PC007019;Não informado;D;Baixa;25,0;7,3;103,1;40;75;15;3,54;6,35;🟡 Estoque excessivo;0,0;1086,26;0,0
PC001346;Não informado;D;Baixa;5,0;2,1;73,0;40;75;15;5,0;6,35;🟢 OK;0,0;3511,53;0,0
PC006931;Não informado;D;Baixa;24,0;16,3;44,3;40;75;15;8,25;6,35;🟢 OK;0,0;838,09;0,0
PC008293;Não informado;D;Baixa;15,0;13,6;33,0;40;75;15;11,05;6,35;🔴 Comprar agora;19,0;1938,95;36934,94
PC007806;Não informado;D;Média;5,0;4,7;31,9;40;75;15;11,43;6,35;🔴 Comprar agora;7,0;3180,24;21454,47
PC004898;Não informado;D;Baixa;23,0;19,4;35,6;40;75;15;10,26;6,35;🔴 Comprar agora;25,0;717,38;18277,32
PC001053;Não informado;D;Baixa;106,0;36,0;88,3;40;75;15;4,13;6,35;🟡 Estoque excessivo;0,0;174,52;0,0
PC006715;Não informado;D;Baixa;20,0;18,5;32,5;40;75;15;11,24;6,35;🔴 Comprar agora;26,0;1105,06;28959,22
PC003181;Não informado;D;Baixa;9,0;3,8;70,2;40;75;15;5,2;6,35;🟢 OK;0,0;2384,59;0,0
PC005580;Não informado;D;Baixa;70,0;38,0;55,3;40;75;15;6,61;6,35;🟢 OK;0,0;318,7;0,0
PC007755;Não informado;D;Baixa;13,0;42,8;9,1;40;75;15;40,02;6,35;🚨 RUPTURA IMINENTE;94,0;700,38;65775,05
PC003400;Não informado;D;Baixa;6,0;8,3;21,7;40;75;15;16,79;6,35;🔴 Comprar agora;15,0;919,98;13521,05
PC001303;Não informado;D;Baixa;7,0;10,7;19,7;40;75;15;18,54;6,35;🔴 Comprar agora;20,0;693,35;13639,93
PC002604;Não informado;D;Baixa;27,0;9,1;88,6;40;75;15;4,12;6,35;🟡 Estoque excessivo;0,0;886,54;0,0
PC008695;Não informado;D;Baixa;21,0;8,2;76,5;40;75;15;4,77;6,35;🟡 Estoque excessivo;0,0;1003,42;0,0
PC002410;Não informado;D;Baixa;125,0;56,0;67,0;40;75;15;5,45;6,35;🟢 OK;0,0;161,93;0,0
PC006928;Não informado;D;Baixa;63,0;22,4;84,3;40;75;15;4,33;6,35;🟡 Estoque excessivo;0,0;380,39;0,0
PC004943;Não informado;D;Baixa;21,0;11,1;56,9;40;75;15;6,41;6,35;🟢 OK;0,0;1281,2;0,0
PC001732;Não informado;D;Baixa;23,0;15,9;43,3;40;75;15;8,43;6,35;🟢 OK;0,0;1968,52;0,0
PC007388;Não informado;D;Média;214,0;107,6;59,7;40;75;15;6,12;6,35;🟢 OK;0,0;138,47;0,0
PC006955;Não informado;D;Baixa;15,0;7,7;58,5;40;75;15;6,24;6,35;🟢 OK;0,0;1839,8;0,0
PC003942;Não informado;D;Baixa;25,0;17,9;42,0;40;75;15;8,7;6,35;🟢 OK;0,0;660,37;0,0
PC005381;Não informado;D;Baixa;6,0;4,1;44,0;40;75;15;8,3;6,35;🟢 OK;0,0;1958,56;0,0
PC007768;Não informado;D;Baixa;4,0;3,1;39,1;40;75;15;9,34;6,35;🔴 Comprar agora;4,0;3047,8;11200,34
PC000777;Não informado;D;Baixa;87,0;39,2;66,6;40;75;15;5,48;6,35;🟢 OK;0,0;254,24;0,0
PC003787;Não informado;D;Baixa;13,0;29,3;13,3;40;75;15;27,46;6,35;🚨 RUPTURA IMINENTE;60,0;533,1;32172,76
PC000902;Não informado;D;Baixa;10,0;10,2;29,4;40;75;15;12,39;6,35;🔴 Comprar agora;15,0;756,56;11702,93
PC009424;Não informado;D;Baixa;8,0;9,6;25,0;40;75;15;14,58;6,35;🔴 Comprar agora;16,0;1104,24;17631,07
PC004752;Não informado;D;Baixa;44,0;21,9;60,2;40;75;15;6,06;6,35;🟢 OK;0,0;539,69;0,0
PC003999;Não informado;D;Baixa;11,0;12,1;27,4;40;75;15;13,34;6,35;🔴 Comprar agora;19,0;658,28;12613,72
PC003902;Não informado;D;Baixa;2,0;2,5;24,2;40;75;15;15,1;6,35;🔴 Comprar agora;4,0;3089,19;12990,26
PC002314;Não informado;D;Baixa;21,0;16,0;39,5;40;75;15;9,25;6,35;🔴 Comprar agora;19,0;747,64;14142,51
PC006692;Não informado;D;Baixa;50,0;29,7;50,6;40;75;15;7,22;6,35;🟢 OK;0,0;520,98;0,0
PC001134;Não informado;D;Baixa;12,0;23,8;15,1;40;75;15;24,13;6,35;🔴 Comprar agora;47,0;1167,82;55463,56
PC008844;Não informado;D;Baixa;29,0;128,0;6,8;40;75;15;53,7;6,35;🚨 RUPTURA IMINENTE;291,0;261,06;75969,15
PC007213;Não informado;D;Baixa;6,0;4,2;42,6;40;75;15;8,57;6,35;🟢 OK;0,0;2067,88;0,0
PC000583;Não informado;D;Baixa;5,0;3,0;50,6;40;75;15;7,21;6,35;🟢 OK;0,0;2356,98;0,0
PC006958;Não informado;D;Baixa;4,0;16,5;7,3;40;75;15;50,04;6,35;🚨 RUPTURA IMINENTE;37,0;1620,17;60158,85
PC009862;Não informado;D;Baixa;28,0;8,7;96,5;40;75;15;3,78;6,35;🟡 Estoque excessivo;0,0;990,88;0,0
PC006329;Não informado;D;Baixa;26,0;9,4;83,1;40;75;15;4,39;6,35;🟡 Estoque excessivo;0,0;1112,83;0,0
PC000852;Não informado;D;Baixa;5,0;3,0;50,2;40;75;15;7,27;6,35;🟢 OK;0,0;2646,88;0,0
PC001931;Não informado;D;Baixa;35,0;10,2;103,0;40;75;15;3,54;6,35;🟡 Estoque excessivo;0,0;825,59;0,0
PC007706;Não informado;D;Baixa;11,0;14,3;23,1;40;75;15;15,83;6,35;🔴 Comprar agora;25,0;1914,51;47461,73
PC004191;Não informado;D;Baixa;9,0;6,9;39,1;40;75;15;9,33;6,35;🔴 Comprar agora;8,0;1680,59;13870,69
PC008163;Não informado;D;Baixa;11,0;8,7;37,8;40;75;15;9,67;6,35;🔴 Comprar agora;11,0;922,13;10007,21
PC008925;Não informado;D;Baixa;24,0;58,7;12,3;40;75;15;29,77;6,35;🚨 RUPTURA IMINENTE;123,0;236,25;29013,46
PC009369;Não informado;D;Baixa;13,0;8,0;48,5;40;75;15;7,53;6,35;🟢 OK;0,0;1080,49;0,0
PC009970;Não informado;D;Baixa;501,0;154,2;97,5;40;75;15;3,74;6,35;🟡 Estoque excessivo;0,0;71,47;0,0
PC003088;Não informado;D;Baixa;3,0;5,9;15,2;40;75;15;24,09;6,35;🔴 Comprar agora;12,0;1402,69;16623,8
PC009656;Não informado;D;Baixa;15,0;11,6;38,9;40;75;15;9,38;6,35;🔴 Comprar agora;14,0;784,96;10924,78
PC008956;Não informado;D;Baixa;12,0;4,0;91,0;40;75;15;4,01;6,35;🟡 Estoque excessivo;0,0;2749,03;0,0
PC007846;Não informado;D;Baixa;8,0;8,5;28,1;40;75;15;12,97;6,35;🔴 Comprar agora;13,0;1018,54;13565,44
PC002242;Não informado;D;Baixa;29,0;12,4;70,0;40;75;15;5,21;6,35;🟢 OK;0,0;630,19;0,0
PC000173;Não informado;D;Baixa;2,0;4,4;13,5;40;75;15;27,05;6,35;🚨 RUPTURA IMINENTE;9,0;2461,92;22442,93
PC002995;Não informado;D;Baixa;45,0;23,7;57,0;40;75;15;6,41;6,35;🟢 OK;0,0;418,58;0,0
PC008398;Não informado;D;Baixa;68,0;42,7;47,8;40;75;15;7,64;6,35;🟢 OK;0,0;144,83;0,0
PC009527;Não informado;D;Baixa;17,0;7,6;67,3;40;75;15;5,42;6,35;🟢 OK;0,0;1084,27;0,0
PC001444;Não informado;D;Baixa;9,0;9,2;29,5;40;75;15;12,37;6,35;🔴 Comprar agora;14,0;836,58;11609,47
PC004080;Não informado;D;Baixa;67,0;21,0;95,8;40;75;15;3,81;6,35;🟡 Estoque excessivo;0,0;482,79;0,0
PC002576;Não informado;D;Baixa;11,0;12,2;27,1;40;75;15;13,46;6,35;🔴 Comprar agora;19,0;681,1;13235,45
PC001540;Não informado;D;Baixa;20,0;8,2;73,5;40;75;15;4,96;6,35;🟢 OK;0,0;885,8;0,0
PC008741;Não informado;D;Baixa;2,0;8,8;6,8;40;75;15;53,63;6,35;🚨 RUPTURA IMINENTE;20,0;2194,77;43983,25
PC008065;Não informado;D;Baixa;5,0;18,1;8,3;40;75;15;44,05;6,35;🚨 RUPTURA IMINENTE;40,0;2579,23;103828,68
PC009904;Não informado;D;Baixa;13,0;8,2;47,4;40;75;15;7,7;6,35;🟢 OK;0,0;918,84;0,0
PC006044;Não informado;D;Baixa;41,0;75,6;16,3;40;75;15;22,43;6,35;🔴 Comprar agora;148,0;163,67;24214,3
PC000659;Não informado;D;Baixa;7,0;12,3;17,1;40;75;15;21,35;6,35;🔴 Comprar agora;24,0;788,71;18696,85
PC007918;Não informado;D;Baixa;11,0;8,1;40,5;40;75;15;9,01;6,35;🟢 OK;0,0;1548,95;0,0
PC008207;Não informado;D;Baixa;30,0;16,5;54,7;40;75;15;6,67;6,35;🟢 OK;0,0;423,68;0,0
PC009445;Não informado;D;Baixa;43,0;13,3;97,0;40;75;15;3,76;6,35;🟡 Estoque excessivo;0,0;703,01;0,0
PC003419;Não informado;D;Média;13,0;13,3;29,4;40;75;15;12,41;6,35;🔴 Comprar agora;20,0;854,01;17200,44
PC006865;Não informado;D;Baixa;3,0;2,8;31,6;40;75;15;11,55;6,35;🔴 Comprar agora;4,0;2292,35;9447,6
PC001003;Não informado;D;Baixa;40,0;25,3;47,4;40;75;15;7,69;6,35;🟢 OK;0,0;863,16;0,0
PC005286;Não informado;D;Baixa;59,0;18,9;93,6;40;75;15;3,9;6,35;🟡 Estoque excessivo;0,0;362,42;0,0
PC006465;Não informado;D;Baixa;2,0;2,8;21,5;40;75;15;16,99;6,35;🔴 Comprar agora;5,0;4445,51;22141,41
PC008274;Não informado;D;Baixa;9,0;11,2;24,2;40;75;15;15,11;6,35;🔴 Comprar agora;19,0;689,95;13074,23
PC006318;Não informado;D;Baixa;8,0;15,6;15,4;40;75;15;23,71;6,35;🔴 Comprar agora;31,0;1888,48;58509,37
PC001018;Não informado;D;Baixa;438,0;172,0;76,4;40;75;15;4,78;6,35;🟡 Estoque excessivo;0,0;41,15;0,0
PC006804;Não informado;D;Baixa;5,0;2,1;73,0;40;75;15;5,0;6,35;🟢 OK;0,0;4672,48;0,0
PC008816;Não informado;D;Baixa;40,0;14,9;80,7;40;75;15;4,52;6,35;🟡 Estoque excessivo;0,0;495,07;0,0
PC004663;Não informado;D;Baixa;108,0;36,4;89,1;40;75;15;4,1;6,35;🟡 Estoque excessivo;0,0;233,8;0,0
PC007239;Não informado;D;Baixa;9,0;16,3;16,6;40;75;15;22,02;6,35;🔴 Comprar agora;32,0;2053,31;65122,5
PC007463;Não informado;D;Baixa;20,0;8,2;73,1;40;75;15;5,0;6,35;🟢 OK;0,0;1067,04;0,0
PC009828;Não informado;D;Baixa;18,0;13,5;40,0;40;75;15;9,13;6,35;🔴 Comprar agora;16,0;756,01;11921,72
PC006033;Não informado;D;Baixa;4,0;9,3;13,0;40;75;15;28,16;6,35;🚨 RUPTURA IMINENTE;19,0;1244,51;23828,77
PC008138;Não informado;D;Baixa;9,0;5,9;45,7;40;75;15;7,99;6,35;🟢 OK;0,0;1519,11;0,0
PC007243;Não informado;D;Baixa;79,0;39,9;59,4;40;75;15;6,14;6,35;🟢 OK;0,0;262,87;0,0
PC008550;Não informado;D;Baixa;17,0;17,5;29,1;40;75;15;12,55;6,35;🔴 Comprar agora;27,0;671,8;18027,59
PC003907;Não informado;D;Baixa;111,0;68,6;48,6;40;75;15;7,52;6,35;🟢 OK;0,0;111,43;0,0
PC008260;Não informado;D;Baixa;15,0;27,0;16,7;40;75;15;21,9;6,35;🔴 Comprar agora;53,0;846,82;44461,52
PC004901;Não informado;D;Baixa;20,0;10,5;56,9;40;75;15;6,42;6,35;🟢 OK;0,0;783,67;0,0
PC009223;Não informado;D;Baixa;7,0;12,3;17,0;40;75;15;21,45;6,35;🔴 Comprar agora;24,0;738,99;17627,37
PC009934;Não informado;D;Baixa;30,0;21,3;42,3;40;75;15;8,63;6,35;🟢 OK;0,0;747,05;0,0
PC007821;Não informado;D;Baixa;4,0;19,7;6,1;40;75;15;59,88;6,35;🚨 RUPTURA IMINENTE;45,0;1002,54;45331,69
PC003209;Não informado;D;Baixa;23,0;10,7;64,3;40;75;15;5,68;6,35;🟢 OK;0,0;763,11;0,0
PC004472;Não informado;D;Baixa;26,0;9,4;83,1;40;75;15;4,39;6,35;🟡 Estoque excessivo;0,0;1121,33;0,0
PC006957;Não informado;D;Média;9,0;5,0;53,5;40;75;15;6,82;6,35;🟢 OK;0,0;2269,9;0,0
PC002180;Não informado;D;Baixa;3,0;2,7;33,6;40;75;15;10,86;6,35;🔴 Comprar agora;4,0;3656,32;13502,77
PC001106;Não informado;D;Baixa;7,0;5,8;36,2;40;75;15;10,07;6,35;🔴 Comprar agora;7,0;1438,18;10773,78
PC003435;Não informado;D;Baixa;30,0;10,1;88,9;40;75;15;4,11;6,35;🟡 Estoque excessivo;0,0;631,09;0,0
PC001541;Não informado;D;Baixa;14,0;9,0;46,4;40;75;15;7,86;6,35;🟢 OK;0,0;1057,99;0,0
PC001006;Não informado;D;Média;6,0;17,6;10,3;40;75;15;35,59;6,35;🚨 RUPTURA IMINENTE;38,0;656,4;24862,77
PC007074;Não informado;D;Baixa;31,0;11,0;84,8;40;75;15;4,3;6,35;🟡 Estoque excessivo;0,0;882,8;0,0
PC001721;Não informado;D;Baixa;20,0;14,3;41,8;40;75;15;8,73;6,35;🟢 OK;0,0;798,65;0,0
PC002283;Não informado;D;Baixa;17,0;5,1;100,8;40;75;15;3,62;6,35;🟡 Estoque excessivo;0,0;1542,63;0,0
PC008383;Não informado;D;Baixa;55,0;47,1;35,0;40;75;15;10,42;6,35;🔴 Comprar agora;63,0;151,81;9534,03
PC005846;Não informado;D;Baixa;10,0;34,4;8,7;40;75;15;41,89;6,35;🚨 RUPTURA IMINENTE;76,0;674,43;51312,21
PC006229;Não informado;D;Baixa;17,0;33,6;15,2;40;75;15;24,02;6,35;🔴 Comprar agora;67,0;1093,54;73175,22
PC008945;Não informado;D;Baixa;49,0;70,0;21,0;40;75;15;17,39;6,35;🔴 Comprar agora;126,0;122,16;15401,64
PC004150;Não informado;D;Baixa;80,0;28,3;84,7;40;75;15;4,31;6,35;🟡 Estoque excessivo;0,0;285,09;0,0
PC007157;Não informado;D;Baixa;35,0;11,1;94,7;40;75;15;3,85;6,35;🟡 Estoque excessivo;0,0;639,23;0,0
PC002036;Não informado;D;Baixa;1,0;4,5;6,7;40;75;15;54,84;6,35;🚨 RUPTURA IMINENTE;10,0;5265,06;54062,23
PC001058;Não informado;D;Baixa;22,0;11,7;56,5;40;75;15;6,46;6,35;🟢 OK;0,0;759,76;0,0
PC008742;Não informado;D;Média;21,0;16,5;38,1;40;75;15;9,58;6,35;🔴 Comprar agora;20,0;710,21;14457,62
PC007247;Não informado;D;Baixa;13,0;20,7;18,8;40;75;15;19,39;6,35;🔴 Comprar agora;39,0;394,74;15318,2
PC007545;Não informado;D;Baixa;19,0;18,5;30,8;40;75;15;11,87;6,35;🔴 Comprar agora;27,0;452,27;12357,82
PC008072;Não informado;D;Baixa;28,0;13,1;64,0;40;75;15;5,7;6,35;🟢 OK;0,0;571,79;0,0
PC002965;Não informado;D;Baixa;7,0;10,4;20,2;40;75;15;18,1;6,35;🔴 Comprar agora;19,0;598,98;11403,19
PC002651;Não informado;D;Baixa;12,0;14,6;24,6;40;75;15;14,82;6,35;🔴 Comprar agora;25,0;826,02;20281,08
PC006923;Não informado;D;Média;27,0;17,6;46,0;40;75;15;7,93;6,35;🟢 OK;0,0;769,75;0,0
PC001796;Não informado;D;Baixa;2,0;4,2;14,3;40;75;15;25,5;6,35;🚨 RUPTURA IMINENTE;8,0;4179,87;35446,51
PC006985;Não informado;D;Baixa;15,0;11,8;38,2;40;75;15;9,56;6,35;🔴 Comprar agora;14,0;631,4;9127,71
PC001167;Não informado;D;Baixa;10,0;8,1;37,1;40;75;15;9,84;6,35;🔴 Comprar agora;10,0;841,09;8603,55
PC008518;Não informado;D;Baixa;16,0;9,9;48,7;40;75;15;7,5;6,35;🟢 OK;0,0;763,66;0,0
PC007035;Não informado;D;Média;3,0;6,3;14,2;40;75;15;25,66;6,35;🚨 RUPTURA IMINENTE;13,0;2445,83;31344,75
PC003788;Não informado;D;Baixa;54,0;26,2;61,7;40;75;15;5,91;6,35;🟢 OK;0,0;303,75;0,0
PC005390;Não informado;D;Baixa;38,0;31,9;35,8;40;75;15;10,2;6,35;🔴 Comprar agora;42,0;308,52;12850,11
PC008018;Não informado;D;Baixa;27,0;9,6;84,8;40;75;15;4,3;6,35;🟡 Estoque excessivo;0,0;1147,49;0,0
PC008223;Não informado;D;Baixa;6,0;12,0;15,0;40;75;15;24,35;6,35;🚨 RUPTURA IMINENTE;24,0;860,5;20669,05
PC006170;Não informado;D;Baixa;2,0;1,9;31,0;40;75;15;11,76;6,35;🔴 Comprar agora;3,0;4432,69;12560,28
PC007728;Não informado;D;Baixa;24,0;28,0;25,7;40;75;15;14,2;6,35;🔴 Comprar agora;46,0;847,06;38979,15
PC000830;Não informado;D;Baixa;6,0;2,0;89,8;40;75;15;4,06;6,35;🟡 Estoque excessivo;0,0;4415,99;0,0
PC003600;Não informado;D;Baixa;11,0;6,4;51,9;40;75;15;7,03;6,35;🟢 OK;0,0;1097,92;0,0
PC003349;Não informado;D;Baixa;14,0;43,6;9,6;40;75;15;37,88;6,35;🚨 RUPTURA IMINENTE;95,0;683,39;64897,31
PC008526;Não informado;D;Baixa;12,0;8,8;40,9;40;75;15;8,93;6,35;🟢 OK;0,0;1306,23;0,0
PC002707;Não informado;D;Baixa;5,0;9,5;15,8;40;75;15;23,08;6,35;🔴 Comprar agora;19,0;803,26;15030,76
PC008435;Não informado;D;Baixa;32,0;25,2;38,1;40;75;15;9,58;6,35;🔴 Comprar agora;31,0;302,02;9360,44
PC009776;Não informado;D;Baixa;59,0;27,4;64,7;40;75;15;5,64;6,35;🟢 OK;0,0;257,31;0,0
PC000231;Não informado;D;Baixa;49,0;14,5;101,5;40;75;15;3,6;6,35;🟡 Estoque excessivo;0,0;543,13;0,0
PC009746;Não informado;D;Baixa;5,0;6,6;22,8;40;75;15;16,01;6,35;🔴 Comprar agora;11,0;1087,78;12456,59
PC002099;Não informado;D;Baixa;35,0;19,5;53,9;40;75;15;6,78;6,35;🟢 OK;0,0;406,26;0,0
PC007377;Não informado;D;Baixa;66,0;36,2;54,8;40;75;15;6,67;6,35;🟢 OK;0,0;239,66;0,0
PC005751;Não informado;D;Baixa;16,0;11,4;42,0;40;75;15;8,7;6,35;🟢 OK;0,0;1010,09;0,0
PC009501;Não informado;D;Baixa;61,0;45,0;40,7;40;75;15;8,98;6,35;🟢 OK;0,0;149,6;0,0
PC009701;Não informado;D;Baixa;13,0;10,0;39,1;40;75;15;9,35;6,35;🔴 Comprar agora;12,0;885,54;10596,13
PC008439;Não informado;D;Baixa;7,0;22,4;9,4;40;75;15;39,01;6,35;🚨 RUPTURA IMINENTE;49,0;1170,73;57500,39
PC006700;Não informado;D;Baixa;25,0;18,3;41,1;40;75;15;8,89;6,35;🟢 OK;0,0;543,04;0,0
PC000336;Não informado;D;Baixa;44,0;18,2;72,5;40;75;15;5,03;6,35;🟢 OK;0,0;411,98;0,0
PC007907;Não informado;D;Baixa;23,0;25,6;26,9;40;75;15;13,56;6,35;🔴 Comprar agora;41,0;774,04;31800,3
PC006206;Não informado;D;Baixa;14,0;12,4;34,0;40;75;15;10,74;6,35;🔴 Comprar agora;17,0;1749,78;29587,08
PC009888;Não informado;D;Baixa;40,0;51,3;23,4;40;75;15;15,61;6,35;🔴 Comprar agora;88,0;211,62;18689,95
PC009392;Não informado;D;Baixa;21,0;31,0;20,3;40;75;15;17,94;6,35;🔴 Comprar agora;56,0;1019,76;57524,93
PC009660;Não informado;D;Baixa;4,0;4,7;25,7;40;75;15;14,18;6,35;🔴 Comprar agora;8,0;2977,97;22807,83
PC001977;Não informado;D;Baixa;17,0;11,1;46,0;40;75;15;7,94;6,35;🟢 OK;0,0;726,89;0,0
PC006512;Não informado;D;Média;37,0;40,4;27,5;40;75;15;13,28;6,35;🔴 Comprar agora;64,0;289,08;18488,55
PC008739;Não informado;D;Baixa;14,0;26,0;16,1;40;75;15;22,61;6,35;🔴 Comprar agora;51,0;1430,63;73026,7
PC007107;Não informado;D;Baixa;67,0;26,1;77,1;40;75;15;4,74;6,35;🟡 Estoque excessivo;0,0;337,43;0,0
PC000021;Não informado;D;Baixa;224,0;99,4;67,6;40;75;15;5,4;6,35;🟢 OK;0,0;82,8;0,0
PC007270;Não informado;D;Baixa;8,0;12,4;19,4;40;75;15;18,79;6,35;🔴 Comprar agora;23,0;547,2;12524,72
PC000823;Não informado;D;Baixa;25,0;9,4;79,7;40;75;15;4,58;6,35;🟡 Estoque excessivo;0,0;629,93;0,0
PC006577;Não informado;D;Baixa;75,0;39,1;57,6;40;75;15;6,34;6,35;🟢 OK;0,0;338,89;0,0
PC005610;Não informado;D;Baixa;16,0;10,1;47,7;40;75;15;7,65;6,35;🟢 OK;0,0;709,49;0,0
PC002573;Não informado;D;Baixa;5,0;3,9;38,5;40;75;15;9,49;6,35;🔴 Comprar agora;5,0;2242,27;10640,2
PC000204;Não informado;D;Baixa;68,0;42,5;48,0;40;75;15;7,61;6,35;🟢 OK;0,0;308,33;0,0
PC002643;Não informado;D;Baixa;10,0;13,9;21,6;40;75;15;16,9;6,35;🔴 Comprar agora;25,0;546,03;13500,72
PC003924;Não informado;D;Baixa;4,0;3,0;40,2;40;75;15;9,09;6,35;🟢 OK;0,0;2486,04;0,0
PC003423;Não informado;D;Baixa;16,0;4,9;97,2;40;75;15;3,75;6,35;🟡 Estoque excessivo;0,0;1797,6;0,0
PC002752;Não informado;D;Baixa;25,0;14,3;52,3;40;75;15;6,98;6,35;🟢 OK;0,0;535,38;0,0
PC000422;Não informado;D;Baixa;50,0;25,2;59,6;40;75;15;6,12;6,35;🟢 OK;0,0;582,56;0,0
PC005333;Não informado;D;Baixa;28,0;30,7;27,4;40;75;15;13,34;6,35;🔴 Comprar agora;49,0;263,1;12830,82
PC009334;Não informado;D;Baixa;69,0;24,8;83,5;40;75;15;4,37;6,35;🟡 Estoque excessivo;0,0;284,27;0,0
PC000606;Não informado;D;Baixa;7,0;12,6;16,6;40;75;15;21,96;6,35;🔴 Comprar agora;25,0;944,14;23207,84
PC006934;Não informado;D;Baixa;62,0;38,1;48,9;40;75;15;7,47;6,35;🟢 OK;0,0;222,25;0,0
PC006358;Não informado;D;Média;16,0;13,0;36,8;40;75;15;9,92;6,35;🔴 Comprar agora;17,0;957,01;15892,71
PC002838;Não informado;D;Baixa;26,0;8,0;97,6;40;75;15;3,74;6,35;🟡 Estoque excessivo;0,0;780,46;0,0
PC007966;Não informado;D;Baixa;24,0;7,1;101,2;40;75;15;3,61;6,35;🟡 Estoque excessivo;0,0;1057,84;0,0
PC002137;Não informado;D;Baixa;16,0;8,1;59,2;40;75;15;6,16;6,35;🟢 OK;0,0;1025,46;0,0
PC000111;Não informado;D;Baixa;3,0;2,7;33,9;40;75;15;10,78;6,35;🔴 Comprar agora;4,0;3186,77;11615,36
PC005947;Não informado;D;Baixa;9,0;2,8;96,4;40;75;15;3,79;6,35;🟡 Estoque excessivo;0,0;2712,88;0,0
PC005974;Não informado;D;Baixa;33,0;10,7;92,4;40;75;15;3,95;6,35;🟡 Estoque excessivo;0,0;658,17;0,0
PC005175;Não informado;D;Baixa;18,0;8,1;66,9;40;75;15;5,46;6,35;🟢 OK;0,0;1318,13;0,0
PC004049;Não informado;D;Baixa;9,0;2,7;98,7;40;75;15;3,7;6,35;🟡 Estoque excessivo;0,0;2909,16;0,0
PC008021;Não informado;D;Baixa;20,0;9,6;62,5;40;75;15;5,84;6,35;🟢 OK;0,0;774,85;0,0
PC005413;Não informado;D;Baixa;3,0;11,9;7,5;40;75;15;48,39;6,35;🚨 RUPTURA IMINENTE;27,0;2401,49;64425,23
PC004573;Não informado;D;Baixa;69,0;96,1;21,5;40;75;15;16,95;6,35;🔴 Comprar agora;171,0;324,17;55553,28
PC006950;Não informado;D;Baixa;23,0;29,0;23,8;40;75;15;15,34;6,35;🔴 Comprar agora;50,0;513,04;25397,47
PC008404;Não informado;D;Baixa;3,0;1,9;47,8;40;75;15;7,64;6,35;🟢 OK;0,0;4171,88;0,0
PC002390;Não informado;D;Baixa;14,0;6,7;62,4;40;75;15;5,85;6,35;🟢 OK;0,0;1149,13;0,0
PC009391;Não informado;D;Baixa;13,0;7,0;55,7;40;75;15;6,55;6,35;🟢 OK;0,0;1229,47;0,0
PC002405;Não informado;D;Baixa;8,0;5,0;47,9;40;75;15;7,62;6,35;🟢 OK;0,0;1319,38;0,0
PC000428;Não informado;D;Baixa;16,0;11,3;42,4;40;75;15;8,62;6,35;🟢 OK;0,0;809,47;0,0
PC004518;Não informado;D;Baixa;16,0;8,9;53,8;40;75;15;6,78;6,35;🟢 OK;0,0;749,86;0,0
PC008869;Não informado;D;Baixa;9,0;5,2;52,0;40;75;15;7,02;6,35;🟢 OK;0,0;1527,55;0,0
PC000009;Não informado;D;Baixa;26,0;12,2;63,9;40;75;15;5,71;6,35;🟢 OK;0,0;762,63;0,0
PC006333;Não informado;D;Baixa;53,0;28,2;56,4;40;75;15;6,48;6,35;🟢 OK;0,0;347,78;0,0
PC003190;Não informado;D;Baixa;136,0;51,9;78,6;40;75;15;4,64;6,35;🟡 Estoque excessivo;0,0;184,69;0,0
PC002661;Não informado;D;Baixa;7,0;19,2;11,0;40;75;15;33,31;6,35;🚨 RUPTURA IMINENTE;41,0;1595,59;65274,57
PC007064;Não informado;D;Baixa;33,0;9,6;103,0;40;75;15;3,54;6,35;🟡 Estoque excessivo;0,0;823,75;0,0
PC004860;Não informado;D;Baixa;14,0;4,6;91,2;40;75;15;4,0;6,35;🟡 Estoque excessivo;0,0;1366,99;0,0
PC008036;Não informado;D;Baixa;24,0;28,1;25,6;40;75;15;14,25;6,35;🔴 Comprar agora;46,0;632,0;29240,0
PC006442;Não informado;D;Baixa;28,0;16,2;51,8;40;75;15;7,04;6,35;🟢 OK;0,0;774,91;0,0
PC006595;Não informado;D;Baixa;34,0;22,5;45,4;40;75;15;8,04;6,35;🟢 OK;0,0;419,01;0,0
PC008497;Não informado;D;Baixa;120,0;222,4;16,2;40;75;15;22,55;6,35;🔴 Comprar agora;436,0;168,9;73636,17
PC004979;Não informado;D;Baixa;96,0;33,7;85,4;40;75;15;4,27;6,35;🟡 Estoque excessivo;0,0;228,66;0,0
PC005445;Não informado;D;Média;3,0;4,9;18,6;40;75;15;19,67;6,35;🔴 Comprar agora;9,0;2590,27;23644,58
PC005137;Não informado;D;Baixa;3,0;6,1;14,6;40;75;15;24,94;6,35;🚨 RUPTURA IMINENTE;12,0;4777,68;59112,75
PC008556;Não informado;D;Baixa;23,0;16,3;42,4;40;75;15;8,61;6,35;🟢 OK;0,0;536,2;0,0
PC001908;Não informado;D;Baixa;2,0;8,0;7,5;40;75;15;48,43;6,35;🚨 RUPTURA IMINENTE;18,0;5302,41;94930,3
PC001292;Não informado;D;Baixa;67,0;21,6;93,0;40;75;15;3,93;6,35;🟡 Estoque excessivo;0,0;391,31;0,0
PC001203;Não informado;D;Baixa;30,0;80,8;11,1;40;75;15;32,76;6,35;🚨 RUPTURA IMINENTE;172,0;407,75;70110,29
PC002085;Não informado;D;Baixa;2,0;3,0;20,2;40;75;15;18,1;6,35;🔴 Comprar agora;5,0;2056,0;11182,39
PC002519;Não informado;D;Baixa;4,0;3,0;39,6;40;75;15;9,22;6,35;🔴 Comprar agora;4,0;2154,93;7713,73
PC009157;Não informado;D;Baixa;40,0;23,1;52,0;40;75;15;7,02;6,35;🟢 OK;0,0;572,39;0,0
PC007470;Não informado;D;Baixa;12,0;4,9;73,6;40;75;15;4,96;6,35;🟢 OK;0,0;1718,21;0,0
PC001794;Não informado;D;Baixa;8,0;4,1;59,0;40;75;15;6,18;6,35;🟢 OK;0,0;2138,72;0,0
PC004925;Não informado;D;Baixa;44,0;25,7;51,4;40;75;15;7,1;6,35;🟢 OK;0,0;254,88;0,0
PC003995;Não informado;D;Baixa;11,0;6,9;47,5;40;75;15;7,68;6,35;🟢 OK;0,0;1023,06;0,0
PC003711;Não informado;D;Baixa;22,0;12,5;53,0;40;75;15;6,89;6,35;🟢 OK;0,0;962,36;0,0
PC000511;Não informado;D;Baixa;6,0;8,6;20,8;40;75;15;17,51;6,35;🔴 Comprar agora;16,0;712,3;11107,48
PC003334;Não informado;D;Baixa;90,0;82,4;32,7;40;75;15;11,15;6,35;🔴 Comprar agora;116,0;82,89;9624,47
PC008026;Não informado;D;Baixa;13,0;4,5;86,6;40;75;15;4,21;6,35;🟡 Estoque excessivo;0,0;1699,24;0,0
PC005232;Não informado;D;Baixa;10,0;26,5;11,3;40;75;15;32,24;6,35;🚨 RUPTURA IMINENTE;56,0;936,97;52701,84
PC006241;Não informado;D;Baixa;268,0;79,6;101,0;40;75;15;3,61;6,35;🟡 Estoque excessivo;0,0;109,96;0,0
PC007807;Não informado;D;Baixa;17,0;18,2;27,9;40;75;15;13,06;6,35;🔴 Comprar agora;29,0;641,97;18374,61
PC000832;Não informado;D;Baixa;12,0;14,3;25,2;40;75;15;14,49;6,35;🔴 Comprar agora;24,0;516,79;12259,3
PC007568;Não informado;D;Baixa;17,0;11,5;44,5;40;75;15;8,2;6,35;🟢 OK;0,0;598,71;0,0
PC008472;Não informado;D;Baixa;7,0;4,6;45,3;40;75;15;8,06;6,35;🟢 OK;0,0;1807,91;0,0
PC001090;Não informado;D;Baixa;5,0;3,0;50,2;40;75;15;7,27;6,35;🟢 OK;0,0;2837,89;0,0
PC000755;Não informado;D;Baixa;148,0;161,0;27,6;40;75;15;13,23;6,35;🔴 Comprar agora;254,0;69,31;17632,6
PC002370;Não informado;D;Baixa;16,0;43,9;10,9;40;75;15;33,37;6,35;🚨 RUPTURA IMINENTE;94,0;603,87;56592,77
PC002470;Não informado;D;Baixa;36,0;12,8;84,3;40;75;15;4,33;6,35;🟡 Estoque excessivo;0,0;530,95;0,0
PC008377;Não informado;D;Baixa;18,0;10,1;53,5;40;75;15;6,83;6,35;🟢 OK;0,0;858,23;0,0
PC003394;Não informado;D;Baixa;33,0;17,5;56,5;40;75;15;6,46;6,35;🟢 OK;0,0;816,51;0,0
PC001108;Não informado;D;Baixa;9,0;25,6;10,5;40;75;15;34,63;6,35;🚨 RUPTURA IMINENTE;55,0;539,25;29679,55
PC000631;Não informado;D;Baixa;23,0;29,5;23,4;40;75;15;15,6;6,35;🔴 Comprar agora;51,0;806,22;40904,94
PC009277;Não informado;D;Baixa;34,0;23,6;43,2;40;75;15;8,45;6,35;🟢 OK;0,0;292,95;0,0
PC009710;Não informado;D;Baixa;11,0;25,9;12,7;40;75;15;28,69;6,35;🚨 RUPTURA IMINENTE;54,0;1023,31;55097,84
PC002970;Não informado;D;Baixa;16,0;27,8;17,2;40;75;15;21,17;6,35;🔴 Comprar agora;54,0;912,07;48888,91
PC005770;Não informado;D;Baixa;21,0;24,5;25,7;40;75;15;14,21;6,35;🔴 Comprar agora;40,0;330,24;13319,55
PC005711;Não informado;D;Baixa;5,0;11,5;13,0;40;75;15;28,1;6,35;🚨 RUPTURA IMINENTE;24,0;999,97;23864,95
PC007058;Não informado;D;Média;17,0;13,5;37,7;40;75;15;9,68;6,35;🔴 Comprar agora;17,0;1008,2;16951,74
PC009712;Não informado;D;Baixa;31,0;15,9;58,4;40;75;15;6,26;6,35;🟢 OK;0,0;762,04;0,0
PC007993;Não informado;D;Baixa;9,0;56,9;4,7;40;75;15;76,95;6,35;🚨 RUPTURA IMINENTE;133,0;446,14;59471,52
PC009617;Não informado;D;Baixa;9,0;4,2;63,6;40;75;15;5,74;6,35;🟢 OK;0,0;4398,6;0,0
PC000906;Não informado;D;Baixa;7,0;6,1;34,4;40;75;15;10,61;6,35;🔴 Comprar agora;8,0;1271,01;10497,99
PC008714;Não informado;D;Baixa;34,0;10,8;94,6;40;75;15;3,86;6,35;🟡 Estoque excessivo;0,0;635,82;0,0
PC004243;Não informado;D;Baixa;85,0;26,2;97,5;40;75;15;3,74;6,35;🟡 Estoque excessivo;0,0;337,93;0,0
PC005606;Não informado;D;Baixa;37,0;18,5;59,8;40;75;15;6,1;6,35;🟢 OK;0,0;438,53;0,0
PC000761;Não informado;D;Baixa;20,0;10,9;55,1;40;75;15;6,62;6,35;🟢 OK;0,0;766,71;0,0
PC000013;Não informado;D;Baixa;4,0;1,4;85,2;40;75;15;4,28;6,35;🟡 Estoque excessivo;0,0;5521,4;0,0
PC009109;Não informado;D;Baixa;17,0;17,2;29,6;40;75;15;12,34;6,35;🔴 Comprar agora;26,0;586,97;15322,64
PC003714;Não informado;D;Baixa;14,0;12,7;32,9;40;75;15;11,08;6,35;🔴 Comprar agora;18,0;1073,68;19185,13
PC005205;Não informado;D;Baixa;42,0;31,2;40,4;40;75;15;9,03;6,35;🟢 OK;0,0;357,07;0,0
PC006052;Não informado;D;Baixa;32,0;10,9;88,4;40;75;15;4,13;6,35;🟡 Estoque excessivo;0,0;577,53;0,0
PC008734;Não informado;D;Baixa;6,0;7,1;25,5;40;75;15;14,32;6,35;🔴 Comprar agora;12,0;1194,53;13926,42
PC001621;Não informado;D;Baixa;28,0;16,0;52,6;40;75;15;6,94;6,35;🟢 OK;0,0;613,68;0,0
PC000678;Não informado;D;Baixa;38,0;27,9;40,9;40;75;15;8,92;6,35;🟢 OK;0,0;443,12;0,0
PC001429;Não informado;D;Baixa;12,0;8,2;44,2;40;75;15;8,27;6,35;🟢 OK;0,0;884,35;0,0
PC009618;Não informado;D;Baixa;14,0;9,2;45,8;40;75;15;7,97;6,35;🟢 OK;0,0;882,22;0,0
PC006921;Não informado;D;Baixa;14,0;14,5;29,0;40;75;15;12,6;6,35;🔴 Comprar agora;22,0;974,29;21684,64
PC008387;Não informado;D;Baixa;53,0;40,6;39,2;40;75;15;9,31;6,35;🔴 Comprar agora;48,0;296,84;14377,24
PC003434;Não informado;D;Baixa;13,0;8,2;47,4;40;75;15;7,7;6,35;🟢 OK;0,0;847,07;0,0
PC005551;Não informado;D;Baixa;9,0;4,5;59,4;40;75;15;6,15;6,35;🟢 OK;0,0;2818,08;0,0
PC006474;Não informado;D;Baixa;7,0;14,0;14,9;40;75;15;24,42;6,35;🚨 RUPTURA IMINENTE;28,0;1535,93;43194,05
PC001283;Não informado;D;Baixa;26,0;21,0;37,2;40;75;15;9,8;6,35;🔴 Comprar agora;26,0;296,01;7807,38
PC008733;Não informado;D;Baixa;19,0;35,0;16,3;40;75;15;22,41;6,35;🔴 Comprar agora;68,0;343,38;23519,84
PC009557;Não informado;D;Baixa;11,0;8,4;39,5;40;75;15;9,25;6,35;🔴 Comprar agora;10,0;828,24;8201,68
PC003851;Não informado;D;Baixa;29,0;32,4;26,9;40;75;15;13,58;6,35;🔴 Comprar agora;52,0;332,63;17267,1
PC007592;Não informado;D;Baixa;70,0;163,9;12,8;40;75;15;28,49;6,35;🚨 RUPTURA IMINENTE;340,0;66,63;22642,73
PC007419;Não informado;D;Baixa;19,0;10,1;56,5;40;75;15;6,46;6,35;🟢 OK;0,0;1352,59;0,0
PC004804;Não informado;D;Baixa;3,0;1,0;86,2;40;75;15;4,23;6,35;🟡 Estoque excessivo;0,0;8260,94;0,0
PC002278;Não informado;D;Baixa;24,0;13,3;54,0;40;75;15;6,76;6,35;🟢 OK;0,0;599,76;0,0
PC005620;Não informado;D;Baixa;30,0;21,5;41,8;40;75;15;8,73;6,35;🟢 OK;0,0;282,38;0,0
PC007653;Não informado;D;Baixa;1,0;14,1;2,1;40;75;15;172,09;6,35;🚨 RUPTURA IMINENTE;34,0;2662,41;91484,33
PC009041;Não informado;D;Baixa;3,0;6,2;14,5;40;75;15;25,1;6,35;🚨 RUPTURA IMINENTE;12,0;5501,91;68612,61
PC004845;Não informado;D;Baixa;3,0;3,1;29,3;40;75;15;12,46;6,35;🔴 Comprar agora;5,0;3353,73;15688,63
PC001664;Não informado;D;Baixa;11,0;15,0;22,1;40;75;15;16,54;6,35;🔴 Comprar agora;26,0;461,19;12170,85
PC005654;Não informado;D;Baixa;45,0;25,8;52,4;40;75;15;6,97;6,35;🟢 OK;0,0;323,02;0,0
PC009319;Não informado;D;Média;15,0;35,8;12,6;40;75;15;29,0;6,35;🚨 RUPTURA IMINENTE;74,0;318,45;23688,35
PC001484;Não informado;D;Baixa;49,0;42,6;34,5;40;75;15;10,57;6,35;🔴 Comprar agora;57,0;301,12;17295,7
PC009033;Não informado;D;Baixa;31,0;10,4;89,6;40;75;15;4,07;6,35;🟡 Estoque excessivo;0,0;877,37;0,0
PC008408;Não informado;D;Baixa;3,0;1,1;84,6;40;75;15;4,31;6,35;🟡 Estoque excessivo;0,0;8434,61;0,0
PC002655;Não informado;D;Média;90,0;60,8;44,4;40;75;15;8,22;6,35;🟢 OK;0,0;191,78;0,0
PC001643;Não informado;D;Baixa;61,0;31,0;59,0;40;75;15;6,19;6,35;🟢 OK;0,0;322,22;0,0
PC004360;Não informado;D;Baixa;13,0;7,3;53,5;40;75;15;6,82;6,35;🟢 OK;0,0;761,16;0,0
PC009144;Não informado;D;Baixa;22,0;13,6;48,4;40;75;15;7,54;6,35;🟢 OK;0,0;670,12;0,0
PC007443;Não informado;D;Baixa;34,0;21,7;46,9;40;75;15;7,78;6,35;🟢 OK;0,0;376,06;0,0
PC004086;Não informado;D;Baixa;72,0;26,2;82,5;40;75;15;4,42;6,35;🟡 Estoque excessivo;0,0;292,79;0,0
PC005544;Não informado;D;Baixa;171,0;85,9;59,7;40;75;15;6,11;6,35;🟢 OK;0,0;71,17;0,0
PC008806;Não informado;D;Baixa;15,0;14,6;30,8;40;75;15;11,84;6,35;🔴 Comprar agora;22,0;764,89;16445,64
PC000949;Não informado;D;Baixa;44,0;13,5;97,8;40;75;15;3,73;6,35;🟡 Estoque excessivo;0,0;472,65;0,0
PC006064;Não informado;D;Baixa;44,0;15,3;86,5;40;75;15;4,22;6,35;🟡 Estoque excessivo;0,0;529,92;0,0
PC003631;Não informado;D;Baixa;3,0;1,3;70,9;40;75;15;5,15;6,35;🟢 OK;0,0;6691,78;0,0
PC000705;Não informado;D;Baixa;6,0;16,9;10,6;40;75;15;34,36;6,35;🚨 RUPTURA IMINENTE;36,0;1018,98;37050,84
PC003726;Não informado;D;Baixa;7,0;6,1;34,5;40;75;15;10,59;6,35;🔴 Comprar agora;8,0;1223,1;10060,11
PC005894;Não informado;D;Baixa;9,0;25,5;10,6;40;75;15;34,47;6,35;🚨 RUPTURA IMINENTE;55,0;709,02;38822,17
PC001517;Não informado;D;Baixa;5,0;13,0;11,5;40;75;15;31,67;6,35;🚨 RUPTURA IMINENTE;28,0;1045,91;28807,23
PC000934;Não informado;D;Baixa;28,0;21,7;38,7;40;75;15;9,44;6,35;🔴 Comprar agora;26,0;540,67;14228,11
PC003582;Não informado;D;Baixa;2,0;1,8;33,5;40;75;15;10,91;6,35;🔴 Comprar agora;2,0;3965,66;9849,67
PC006790;Não informado;D;Baixa;16,0;9,4;51,1;40;75;15;7,14;6,35;🟢 OK;0,0;869,27;0,0
PC008600;Não informado;D;Baixa;7,0;4,8;44,1;40;75;15;8,27;6,35;🟢 OK;0,0;2296,5;0,0
PC005951;Não informado;D;Baixa;14,0;11,4;37,0;40;75;15;9,87;6,35;🔴 Comprar agora;14,0;1193,48;17185,62
PC008633;Não informado;D;Baixa;14,0;14,8;28,4;40;75;15;12,84;6,35;🔴 Comprar agora;23,0;721,03;16533,91
PC009420;Não informado;D;Baixa;19,0;22,2;25,7;40;75;15;14,21;6,35;🔴 Comprar agora;36,0;274,27;10003,03
PC000455;Não informado;D;Baixa;8,0;3,0;79,9;40;75;15;4,57;6,35;🟡 Estoque excessivo;0,0;2039,32;0,0
PC006446;Não informado;D;Baixa;12,0;24,7;14,6;40;75;15;25,08;6,35;🚨 RUPTURA IMINENTE;50,0;1130,86;56367,22
PC000319;Não informado;D;Baixa;16,0;22,6;21,2;40;75;15;17,19;6,35;🔴 Comprar agora;41,0;322,57;13066,42
PC009061;Não informado;D;Baixa;3,0;3,9;23,2;40;75;15;15,73;6,35;🔴 Comprar agora;7,0;2049,59;13720,03
PC000840;Não informado;D;Baixa;13,0;7,8;50,0;40;75;15;7,3;6,35;🟢 OK;0,0;811,96;0,0
PC005560;Não informado;D;Baixa;9,0;7,0;38,7;40;75;15;9,43;6,35;🔴 Comprar agora;8,0;1218,06;10272,3
PC000766;Não informado;D;Baixa;45,0;14,8;91,0;40;75;15;4,01;6,35;🟡 Estoque excessivo;0,0;406,1;0,0
PC004888;Não informado;D;Baixa;3,0;1,0;88,3;40;75;15;4,13;6,35;🟡 Estoque excessivo;0,0;6583,82;0,0
PC004312;Não informado;D;Baixa;2,0;1,0;59,8;40;75;15;6,11;6,35;🟢 OK;0,0;6974,48;0,0
PC001515;Não informado;D;Baixa;20,0;8,0;74,8;40;75;15;4,88;6,35;🟢 OK;0,0;1023,31;0,0
PC005216;Não informado;D;Baixa;70,0;48,2;43,6;40;75;15;8,37;6,35;🟢 OK;0,0;449,95;0,0
PC007489;Não informado;D;Baixa;6,0;2,0;89,7;40;75;15;4,07;6,35;🟡 Estoque excessivo;0,0;3641,52;0,0
PC009366;Não informado;D;Média;20,0;17,0;35,4;40;75;15;10,31;6,35;🔴 Comprar agora;22,0;590,38;13218,2
PC005518;Não informado;D;Baixa;6,0;21,2;8,5;40;75;15;43,01;6,35;🚨 RUPTURA IMINENTE;47,0;994,1;46751,49
PC008178;Não informado;D;Baixa;245,0;84,9;86,5;40;75;15;4,22;6,35;🟡 Estoque excessivo;0,0;82,95;0,0
PC006109;Não informado;D;Baixa;64,0;59,0;32,6;40;75;15;11,21;6,35;🔴 Comprar agora;83,0;390,22;32560,11
PC007089;Não informado;D;Baixa;29,0;19,4;44,8;40;75;15;8,15;6,35;🟢 OK;0,0;435,56;0,0
PC003997;Não informado;D;Baixa;46,0;33,0;41,8;40;75;15;8,74;6,35;🟢 OK;0,0;257,66;0,0
PC006852;Não informado;D;Baixa;6,0;9,1;19,7;40;75;15;18,53;6,35;🔴 Comprar agora;17,0;3673,25;61887,08
PC002564;Não informado;D;Baixa;13,0;4,0;97,6;40;75;15;3,74;6,35;🟡 Estoque excessivo;0,0;1636,28;0,0
PC003518;Não informado;D;Baixa;11,0;11,6;28,5;40;75;15;12,81;6,35;🔴 Comprar agora;18,0;2920,86;52438,7
PC004875;Não informado;D;Baixa;26,0;14,1;55,5;40;75;15;6,58;6,35;🟢 OK;0,0;852,98;0,0
PC001224;Não informado;D;Baixa;4,0;8,2;14,7;40;75;15;24,89;6,35;🚨 RUPTURA IMINENTE;16,0;1266,78;20847,29
PC009254;Não informado;D;Baixa;9,0;32,0;8,4;40;75;15;43,22;6,35;🚨 RUPTURA IMINENTE;71,0;711,42;50458,85
PC007583;Não informado;D;Baixa;7,0;7,0;30,0;40;75;15;12,16;6,35;🔴 Comprar agora;10,0;1166,49;12235,51
PC004756;Não informado;D;Baixa;3,0;5,1;17,6;40;75;15;20,69;6,35;🔴 Comprar agora;10,0;4237,31;41322,19
PC008671;Não informado;D;Baixa;52,0;35,2;44,3;40;75;15;8,25;6,35;🟢 OK;0,0;232,54;0,0
PC002494;Não informado;D;Baixa;10,0;6,9;43,2;40;75;15;8,46;6,35;🟢 OK;0,0;1105,14;0,0
PC004447;Não informado;D;Baixa;16,0;7,0;68,4;40;75;15;5,34;6,35;🟢 OK;0,0;915,64;0,0
PC006245;Não informado;D;Baixa;29,0;9,4;92,2;40;75;15;3,96;6,35;🟡 Estoque excessivo;0,0;902,76;0,0
PC001258;Não informado;D;Baixa;24,0;10,1;71,1;40;75;15;5,13;6,35;🟢 OK;0,0;747,0;0,0
PC009847;Não informado;D;Baixa;19,0;30,1;19,0;40;75;15;19,24;6,35;🔴 Comprar agora;56,0;1010,55;56726,69
PC006078;Não informado;D;Baixa;19,0;11,3;50,4;40;75;15;7,25;6,35;🟢 OK;0,0;561,95;0,0
PC005308;Não informado;D;Baixa;3,0;12,8;7,0;40;75;15;51,91;6,35;🚨 RUPTURA IMINENTE;29,0;1900,14;55102,61
PC007714;Não informado;D;Baixa;25,0;34,2;21,9;40;75;15;16,64;6,35;🔴 Comprar agora;60,0;227,47;13759,87
PC002622;Não informado;D;Baixa;2,0;3,0;19,9;40;75;15;18,38;6,35;🔴 Comprar agora;6,0;2581,61;14339,62
PC004159;Não informado;D;Baixa;103,0;36,4;84,9;40;75;15;4,3;6,35;🟡 Estoque excessivo;0,0;253,6;0,0
PC004855;Não informado;D;Baixa;28,0;11,8;71,2;40;75;15;5,13;6,35;🟢 OK;0,0;744,27;0,0
PC007312;Não informado;D;Baixa;15,0;10,9;41,1;40;75;15;8,87;6,35;🟢 OK;0,0;680,83;0,0
PC004430;Não informado;D;Baixa;41,0;12,9;95,6;40;75;15;3,82;6,35;🟡 Estoque excessivo;0,0;637,1;0,0
PC005548;Não informado;D;Baixa;38,0;11,4;100,0;40;75;15;3,65;6,35;🟡 Estoque excessivo;0,0;547,53;0,0
PC008451;Não informado;D;Baixa;38,0;19,4;58,8;40;75;15;6,21;6,35;🟢 OK;0,0;261,69;0,0
PC003150;Não informado;D;Baixa;22,0;14,7;44,8;40;75;15;8,14;6,35;🟢 OK;0,0;842,69;0,0
PC003360;Não informado;D;Baixa;25,0;20,6;36,4;40;75;15;10,04;6,35;🔴 Comprar agora;27,0;395,84;10514,19
PC003475;Não informado;D;Média;26,0;14,7;53,1;40;75;15;6,87;6,35;🟢 OK;0,0;958,92;0,0
PC001846;Não informado;D;Média;105,0;56,8;55,4;40;75;15;6,59;6,35;🟢 OK;0,0;203,06;0,0
PC009608;Não informado;D;Média;33,0;20,4;48,6;40;75;15;7,51;6,35;🟢 OK;0,0;556,49;0,0
PC006130;Não informado;D;Baixa;41,0;72,0;17,1;40;75;15;21,37;6,35;🔴 Comprar agora;139,0;97,55;13559,62
PC000101;Não informado;D;Baixa;5,0;9,2;16,3;40;75;15;22,4;6,35;🔴 Comprar agora;18,0;862,92;15542,05
PC005255;Não informado;D;Baixa;9,0;3,9;69,7;40;75;15;5,24;6,35;🟢 OK;0,0;2259,45;0,0
PC000935;Não informado;D;Baixa;18,0;11,4;47,3;40;75;15;7,72;6,35;🟢 OK;0,0;589,55;0,0
PC006139;Não informado;D;Baixa;3,0;2,7;33,7;40;75;15;10,82;6,35;🔴 Comprar agora;4,0;2444,96;8970,22
PC006968;Não informado;D;Baixa;26,0;14,8;52,9;40;75;15;6,9;6,35;🟢 OK;0,0;491,93;0,0
PC004354;Não informado;D;Baixa;14,0;8,4;49,9;40;75;15;7,31;6,35;🟢 OK;0,0;3820,43;0,0
PC007589;Não informado;D;Baixa;4,0;3,1;39,3;40;75;15;9,28;6,35;🔴 Comprar agora;4,0;2426,03;8806,15
PC004225;Não informado;D;Baixa;7,0;6,1;34,6;40;75;15;10,56;6,35;🔴 Comprar agora;8,0;986,67;8085,06
PC006400;Não informado;D;Média;26,0;13,3;58,6;40;75;15;6,23;6,35;🟢 OK;0,0;773,27;0,0
PC001968;Não informado;D;Baixa;12,0;8,4;42,7;40;75;15;8,55;6,35;🟢 OK;0,0;852,81;0,0
PC004202;Não informado;D;Baixa;69,0;40,8;50,7;40;75;15;7,19;6,35;🟢 OK;0,0;246,04;0,0
PC009173;Não informado;D;Baixa;12,0;13,2;27,3;40;75;15;13,39;6,35;🔴 Comprar agora;21,0;597,18;12546,11
PC003715;Não informado;D;Baixa;136,0;81,8;49,9;40;75;15;7,31;6,35;🟢 OK;0,0;129,5;0,0
PC004495;Não informado;D;Baixa;7,0;8,0;26,1;40;75;15;13,98;6,35;🔴 Comprar agora;13,0;1199,32;15718,1
PC009125;Não informado;D;Baixa;9,0;9,9;27,3;40;75;15;13,39;6,35;🔴 Comprar agora;16,0;758,63;11956,55
PC006380;Não informado;D;Baixa;8,0;6,4;37,5;40;75;15;9,74;6,35;🔴 Comprar agora;8,0;1012,07;8106,42
PC006242;Não informado;D;Baixa;27,0;27,6;29,3;40;75;15;12,45;6,35;🔴 Comprar agora;42,0;435,3;18302,95
PC000131;Não informado;D;Baixa;112,0;38,4;87,6;40;75;15;4,17;6,35;🟡 Estoque excessivo;0,0;178,14;0,0
PC004767;Não informado;D;Média;14,0;8,4;49,7;40;75;15;7,34;6,35;🟢 OK;0,0;1519,63;0,0
PC004350;Não informado;D;Baixa;14,0;8,3;50,8;40;75;15;7,18;6,35;🟢 OK;0,0;2921,37;0,0
PC002500;Não informado;D;Baixa;2,0;1,0;59,3;40;75;15;6,16;6,35;🟢 OK;0,0;7714,65;0,0
PC004053;Não informado;D;Baixa;28,0;11,6;72,1;40;75;15;5,06;6,35;🟢 OK;0,0;626,09;0,0
PC009174;Não informado;D;Baixa;65,0;34,7;56,1;40;75;15;6,5;6,35;🟢 OK;0,0;246,97;0,0
PC008347;Não informado;D;Baixa;8,0;7,3;33,0;40;75;15;11,06;6,35;🔴 Comprar agora;10,0;959,36;9765,12
PC000384;Não informado;D;Baixa;9,0;24,9;10,8;40;75;15;33,67;6,35;🚨 RUPTURA IMINENTE;53,0;901,35;48012,5
PC007431;Não informado;D;Baixa;12,0;6,3;56,9;40;75;15;6,41;6,35;🟢 OK;0,0;1516,67;0,0
PC002213;Não informado;D;Baixa;6,0;3,0;59,2;40;75;15;6,17;6,35;🟢 OK;0,0;2531,88;0,0
PC001853;Não informado;D;Baixa;14,0;21,3;19,8;40;75;15;18,47;6,35;🔴 Comprar agora;39,0;378,11;14794,2
PC009236;Não informado;D;Baixa;0,0;4,2;0,0;40;75;15;0,0;6,35;🚨 RUPTURA IMINENTE;11,0;5096,95;53790,34
PC002937;Não informado;D;Baixa;13,0;11,0;35,3;40;75;15;10,34;6,35;🔴 Comprar agora;15,0;948,65;13867,19
PC008389;Não informado;D;Baixa;6,0;7,1;25,2;40;75;15;14,46;6,35;🔴 Comprar agora;12,0;1742,43;20601,09
PC005795;Não informado;D;Baixa;80,0;32,6;73,7;40;75;15;4,95;6,35;🟢 OK;0,0;190,99;0,0
PC006393;Não informado;D;Baixa;33,0;10,7;92,1;40;75;15;3,96;6,35;🟡 Estoque excessivo;0,0;809,43;0,0
PC001879;Não informado;D;Média;3,0;6,4;14,0;40;75;15;26,13;6,35;🚨 RUPTURA IMINENTE;13,0;2103,6;27572,29
PC002962;Não informado;D;Baixa;7,0;7,7;27,2;40;75;15;13,42;6,35;🔴 Comprar agora;12,0;852,48;10486,17
PC008418;Não informado;D;Baixa;13,0;6,4;60,5;40;75;15;6,03;6,35;🟢 OK;0,0;990,38;0,0
PC006295;Não informado;D;Baixa;5,0;2,9;51,6;40;75;15;7,07;6,35;🟢 OK;0,0;2066,13;0,0
PC000907;Não informado;D;Baixa;10,0;8,1;37,0;40;75;15;9,86;6,35;🔴 Comprar agora;10,0;862,87;8848,65
PC003701;Não informado;D;Baixa;15,0;17,0;26,4;40;75;15;13,8;6,35;🔴 Comprar agora;28,0;423,21;11656,42
PC002404;Não informado;D;Baixa;17,0;12,8;39,8;40;75;15;9,17;6,35;🔴 Comprar agora;15,0;532,8;8008,74
PC000512;Não informado;D;Baixa;34,0;9,4;108,3;40;75;15;3,37;6,35;🟡 Estoque excessivo;0,0;562,19;0,0
PC007652;Não informado;D;Baixa;56,0;26,9;62,5;40;75;15;5,84;6,35;🟢 OK;0,0;405,41;0,0
PC008760;Não informado;D;Baixa;19,0;6,6;86,1;40;75;15;4,24;6,35;🟡 Estoque excessivo;0,0;854,6;0,0
PC004089;Não informado;D;Baixa;20,0;7,1;84,2;40;75;15;4,34;6,35;🟡 Estoque excessivo;0,0;1156,05;0,0
PC006075;Não informado;D;Baixa;4,0;15,7;7,6;40;75;15;47,78;6,35;🚨 RUPTURA IMINENTE;35,0;2072,11;73089,7
PC000034;Não informado;D;Baixa;8,0;12,6;19,0;40;75;15;19,23;6,35;🔴 Comprar agora;24,0;776,19;18324,02
PC009087;Não informado;D;Baixa;19,0;7,9;72,2;40;75;15;5,06;6,35;🟢 OK;0,0;968,86;0,0
PC007228;Não informado;D;Baixa;1,0;1,6;18,9;40;75;15;19,28;6,35;🔴 Comprar agora;3,0;6903,97;20442,57
PC004374;Não informado;D;Baixa;15,0;6,4;70,2;40;75;15;5,2;6,35;🟢 OK;0,0;986,14;0,0
PC005883;Não informado;D;Baixa;3,0;8,2;11,0;40;75;15;33,06;6,35;🚨 RUPTURA IMINENTE;17,0;2989,68;51967,55
PC005486;Não informado;D;Baixa;16,0;4,9;98,2;40;75;15;3,72;6,35;🟡 Estoque excessivo;0,0;1111,11;0,0
PC008918;Não informado;D;Baixa;7,0;14,0;15,0;40;75;15;24,35;6,35;🚨 RUPTURA IMINENTE;28,0;743,43;20838,9
PC006133;Não informado;D;Baixa;16,0;7,8;61,4;40;75;15;5,94;6,35;🟢 OK;0,0;1026,33;0,0
PC006014;Não informado;D;Baixa;14,0;5,4;77,9;40;75;15;4,68;6,35;🟡 Estoque excessivo;0,0;1093,54;0,0
PC005519;Não informado;D;Baixa;6,0;10,1;17,9;40;75;15;20,43;6,35;🔴 Comprar agora;19,0;1276,0;24480,8
PC003693;Não informado;D;Baixa;13,0;13,7;28,6;40;75;15;12,78;6,35;🔴 Comprar agora;21,0;1847,65;39035,62
PC004192;Não informado;D;Baixa;12,0;9,5;37,8;40;75;15;9,66;6,35;🔴 Comprar agora;12,0;679,03;8029,45
PC002939;Não informado;D;Baixa;8,0;14,7;16,4;40;75;15;22,28;6,35;🔴 Comprar agora;29,0;806,93;23099,6
PC007003;Não informado;D;Baixa;20,0;7,2;83,1;40;75;15;4,39;6,35;🟡 Estoque excessivo;0,0;872,78;0,0
PC004486;Não informado;D;Baixa;56,0;42,5;39,5;40;75;15;9,23;6,35;🔴 Comprar agora;50,0;218,46;10978,56
PC003881;Não informado;D;Baixa;50,0;295,4;5,1;40;75;15;71,88;6,35;🚨 RUPTURA IMINENTE;689,0;81,31;55983,76
PC006426;Não informado;D;Baixa;5,0;3,1;48,8;40;75;15;7,48;6,35;🟢 OK;0,0;2473,7;0,0
PC007399;Não informado;D;Baixa;12,0;7,2;50,0;40;75;15;7,3;6,35;🟢 OK;0,0;819,75;0,0
PC003231;Não informado;D;Baixa;33,0;14,4;68,9;40;75;15;5,3;6,35;🟢 OK;0,0;526,1;0,0
PC003096;Não informado;D;Baixa;4,0;1,3;93,4;40;75;15;3,91;6,35;🟡 Estoque excessivo;0,0;5837,25;0,0
PC003986;Não informado;D;Baixa;12,0;12,1;29,7;40;75;15;12,28;6,35;🔴 Comprar agora;18,0;492,95;9012,2
PC008997;Não informado;D;Baixa;9,0;4,0;67,3;40;75;15;5,43;6,35;🟢 OK;0,0;1496,59;0,0
PC008454;Não informado;D;Baixa;29,0;14,8;58,9;40;75;15;6,2;6,35;🟢 OK;0,0;522,47;0,0
PC000901;Não informado;D;Baixa;2,0;3,0;19,7;40;75;15;18,55;6,35;🔴 Comprar agora;6,0;2580,59;14515,19
PC002517;Não informado;D;Baixa;7,0;8,7;24,1;40;75;15;15,17;6,35;🔴 Comprar agora;15,0;754,87;11186,27
PC004950;Não informado;D;Baixa;23,0;9,3;74,0;40;75;15;4,94;6,35;🟢 OK;0,0;641,08;0,0
PC000843;Não informado;D;Baixa;31,0;17,9;51,9;40;75;15;7,04;6,35;🟢 OK;0,0;642,42;0,0
PC001102;Não informado;D;Baixa;10,0;11,9;25,1;40;75;15;14,52;6,35;🔴 Comprar agora;20,0;622,73;12356,72
PC001524;Não informado;D;Baixa;8,0;8,3;28,9;40;75;15;12,62;6,35;🔴 Comprar agora;13,0;2968,85;37823,63
PC004335;Não informado;D;Baixa;3,0;1,5;59,6;40;75;15;6,13;6,35;🟢 OK;0,0;6771,49;0,0
PC005283;Não informado;D;Baixa;13,0;5,8;67,0;40;75;15;5,45;6,35;🟢 OK;0,0;1035,42;0,0
PC006452;Não informado;D;Baixa;72,0;21,6;100,0;40;75;15;3,65;6,35;🟡 Estoque excessivo;0,0;322,22;0,0
PC006729;Não informado;D;Baixa;23,0;8,3;83,4;40;75;15;4,38;6,35;🟡 Estoque excessivo;0,0;757,53;0,0
PC006383;Não informado;D;Baixa;8,0;3,0;81,3;40;75;15;4,49;6,35;🟡 Estoque excessivo;0,0;2336,35;0,0
PC007327;Não informado;D;Baixa;9,0;4,0;67,6;40;75;15;5,4;6,35;🟢 OK;0,0;1951,78;0,0
PC009901;Não informado;D;Baixa;23,0;8,9;77,4;40;75;15;4,71;6,35;🟡 Estoque excessivo;0,0;738,23;0,0
PC009621;Não informado;D;Baixa;12,0;14,4;25,0;40;75;15;14,59;6,35;🔴 Comprar agora;24,0;485,35;11631,93
PC003856;Não informado;D;Baixa;11,0;8,4;39,5;40;75;15;9,24;6,35;🔴 Comprar agora;10,0;796,08;7877,08
PC002724;Não informado;D;Baixa;29,0;10,6;82,4;40;75;15;4,43;6,35;🟡 Estoque excessivo;0,0;639,8;0,0
PC005753;Não informado;D;Baixa;13,0;21,3;18,3;40;75;15;19,9;6,35;🔴 Comprar agora;40,0;397,36;15961,85
PC008572;Não informado;D;Baixa;5,0;3,3;45,4;40;75;15;8,04;6,35;🟢 OK;0,0;3605,86;0,0
PC001954;Não informado;D;Baixa;6,0;20,3;8,9;40;75;15;41,19;6,35;🚨 RUPTURA IMINENTE;45,0;505,58;22641,68
PC008041;Não informado;D;Baixa;256,0;86,5;88,8;40;75;15;4,11;6,35;🟡 Estoque excessivo;0,0;90,69;0,0
PC006048;Não informado;D;Baixa;15,0;14,7;30,5;40;75;15;11,95;6,35;🔴 Comprar agora;22,0;793,06;17322,96
PC000751;Não informado;D;Baixa;4,0;4,2;28,3;40;75;15;12,91;6,35;🔴 Comprar agora;7,0;1883,73;12457,1
PC008854;Não informado;D;Baixa;18,0;7,0;76,7;40;75;15;4,76;6,35;🟡 Estoque excessivo;0,0;842,39;0,0
PC002744;Não informado;D;Baixa;13,0;7,2;54,3;40;75;15;6,72;6,35;🟢 OK;0,0;1044,77;0,0
PC003590;Não informado;D;Baixa;66,0;21,7;91,3;40;75;15;4,0;6,35;🟡 Estoque excessivo;0,0;436,88;0,0
PC004859;Não informado;D;Baixa;3,0;3,2;28,3;40;75;15;12,9;6,35;🔴 Comprar agora;5,0;2084,45;10318,43
PC001760;Não informado;D;Baixa;41,0;19,5;63,2;40;75;15;5,78;6,35;🟢 OK;0,0;395,83;0,0
PC000683;Não informado;D;Baixa;7,0;8,0;26,4;40;75;15;13,84;6,35;🔴 Comprar agora;13,0;708,56;9143,59
PC009380;Não informado;D;Baixa;12,0;23,6;15,3;40;75;15;23,93;6,35;🔴 Comprar agora;47,0;1144,23;53772,41
PC001631;Não informado;D;Baixa;56,0;21,0;80,1;40;75;15;4,56;6,35;🟡 Estoque excessivo;0,0;305,32;0,0
PC000396;Não informado;D;Média;72,0;89,2;24,2;40;75;15;15,08;6,35;🔴 Comprar agora;151,0;138,28;20894,53
PC003981;Não informado;D;Baixa;13,0;7,3;53,6;40;75;15;6,81;6,35;🟢 OK;0,0;817,25;0,0
PC003044;Não informado;D;Baixa;77,0;44,1;52,4;40;75;15;6,97;6,35;🟢 OK;0,0;221,85;0,0
PC001062;Não informado;D;Baixa;32,0;11,1;86,4;40;75;15;4,23;6,35;🟡 Estoque excessivo;0,0;713,94;0,0
PC002192;Não informado;D;Baixa;15,0;6,5;69,2;40;75;15;5,27;6,35;🟢 OK;0,0;1086,32;0,0
PC001650;Não informado;D;Baixa;252,0;109,3;69,1;40;75;15;5,28;6,35;🟢 OK;0,0;55,27;0,0
PC000603;Não informado;D;Baixa;3,0;5,0;18,1;40;75;15;20,15;6,35;🔴 Comprar agora;9,0;1403,52;13223,86
PC002533;Não informado;D;Baixa;8,0;4,7;50,9;40;75;15;7,17;6,35;🟢 OK;0,0;2104,19;0,0
PC006614;Não informado;D;Baixa;12,0;23,2;15,5;40;75;15;23,49;6,35;🔴 Comprar agora;46,0;1051,37;48280,68
PC008684;Não informado;D;Baixa;11,0;38,5;8,6;40;75;15;42,6;6,35;🚨 RUPTURA IMINENTE;85,0;912,49;77826,77
PC008315;Não informado;D;Baixa;1,0;11,5;2,6;40;75;15;140,16;6,35;🚨 RUPTURA IMINENTE;28,0;2470,42;68677,58
PC003758;Não informado;D;Baixa;26,0;7,9;98,2;40;75;15;3,72;6,35;🟡 Estoque excessivo;0,0;631,21;0,0
PC002246;Não informado;D;Baixa;77,0;40,0;57,7;40;75;15;6,32;6,35;🟢 OK;0,0;152,61;0,0
PC009316;Não informado;D;Média;37,0;26,2;42,4;40;75;15;8,61;6,35;🟢 OK;0,0;347,81;0,0
PC005457;Não informado;D;Baixa;4,0;2,5;48,1;40;75;15;7,58;6,35;🟢 OK;0,0;3148,01;0,0
PC001806;Não informado;D;Baixa;5,0;17,7;8,5;40;75;15;43,15;6,35;🚨 RUPTURA IMINENTE;39,0;944,5;37145,47
PC003832;Não informado;D;Baixa;8,0;13,6;17,6;40;75;15;20,69;6,35;🔴 Comprar agora;26,0;945,15;24582,52
PC005641;Não informado;D;Baixa;27,0;15,1;53,6;40;75;15;6,81;6,35;🟢 OK;0,0;385,61;0,0
PC008507;Não informado;D;Baixa;19,0;13,9;41,1;40;75;15;8,89;6,35;🟢 OK;0,0;528,25;0,0
PC004789;Não informado;D;Baixa;8,0;28,0;8,6;40;75;15;42,58;6,35;🚨 RUPTURA IMINENTE;62,0;941,21;58344,49
PC003941;Não informado;D;Baixa;23,0;22,8;30,2;40;75;15;12,08;6,35;🔴 Comprar agora;34,0;434,0;14798,82
PC006420;Não informado;D;Baixa;1,0;5,0;6,0;40;75;15;61,11;6,35;🚨 RUPTURA IMINENTE;12,0;5254,12;60718,03
PC007898;Não informado;D;Baixa;13,0;6,6;59,5;40;75;15;6,13;6,35;🟢 OK;0,0;904,67;0,0
PC001599;Não informado;D;Média;7,0;14,1;14,8;40;75;15;24,58;6,35;🚨 RUPTURA IMINENTE;28,0;839,69;23814,08
PC008567;Não informado;D;Baixa;5,0;5,9;25,4;40;75;15;14,4;6,35;🔴 Comprar agora;10,0;1153,2;11291,38
PC003273;Não informado;D;Baixa;28,0;9,2;91,1;40;75;15;4,01;6,35;🟡 Estoque excessivo;0,0;644,14;0,0
PC005691;Não informado;D;Baixa;3,0;6,2;14,5;40;75;15;25,22;6,35;🚨 RUPTURA IMINENTE;13,0;1810,77;22718,33
PC007667;Não informado;D;Baixa;58,0;83,2;20,9;40;75;15;17,44;6,35;🔴 Comprar agora;150,0;328,54;49242,87
PC006281;Não informado;D;Baixa;8,0;25,5;9,4;40;75;15;38,85;6,35;🚨 RUPTURA IMINENTE;56,0;873,96;48818,76
PC001220;Não informado;D;Baixa;3,0;0,9;105,1;40;75;15;3,47;6,35;🟡 Estoque excessivo;0,0;7825,41;0,0
PC004296;Não informado;D;Média;6,0;10,5;17,2;40;75;15;21,23;6,35;🔴 Comprar agora;20,0;900,58;18163,29
PC002677;Não informado;D;Baixa;21,0;11,5;54,6;40;75;15;6,69;6,35;🟢 OK;0,0;786,43;0,0
PC000938;Não informado;D;Baixa;150,0;52,4;85,9;40;75;15;4,25;6,35;🟡 Estoque excessivo;0,0;128,92;0,0
PC005681;Não informado;D;Baixa;57,0;24,7;69,1;40;75;15;5,28;6,35;🟢 OK;0,0;237,5;0,0
PC004425;Não informado;D;Baixa;12,0;7,3;49,5;40;75;15;7,37;6,35;🟢 OK;0,0;986,53;0,0
PC009091;Não informado;D;Baixa;114,0;53,6;63,9;40;75;15;5,72;6,35;🟢 OK;0,0;109,68;0,0
PC007330;Não informado;D;Baixa;35,0;12,2;86,2;40;75;15;4,23;6,35;🟡 Estoque excessivo;0,0;548,14;0,0
PC001653;Não informado;D;Baixa;10,0;35,3;8,5;40;75;15;42,9;6,35;🚨 RUPTURA IMINENTE;78,0;866,19;67699,24
PC002386;Não informado;D;Baixa;9,0;21,5;12,5;40;75;15;29,12;6,35;🚨 RUPTURA IMINENTE;45,0;802,3;35979,52
PC009184;Não informado;D;Baixa;62,0;23,9;77,7;40;75;15;4,69;6,35;🟡 Estoque excessivo;0,0;316,81;0,0
PC005634;Não informado;D;Baixa;3,0;2,8;31,7;40;75;15;11,53;6,35;🔴 Comprar agora;4,0;2461,74;10104,24
PC005131;Não informado;D;Baixa;50,0;16,2;92,5;40;75;15;3,95;6,35;🟡 Estoque excessivo;0,0;388,27;0,0
PC006853;Não informado;D;Baixa;8,0;6,5;37,1;40;75;15;9,84;6,35;🔴 Comprar agora;8,0;1563,45;12779,87
PC005790;Não informado;D;Baixa;20,0;11,5;52,4;40;75;15;6,97;6,35;🟢 OK;0,0;811,82;0,0
PC003350;Não informado;D;Baixa;5,0;10,4;14,5;40;75;15;25,22;6,35;🚨 RUPTURA IMINENTE;21,0;514,94;10769,36
PC002968;Não informado;D;Baixa;5,0;3,1;48,7;40;75;15;7,49;6,35;🟢 OK;0,0;6464,03;0,0
PC001934;Não informado;D;Baixa;46,0;48,6;28,4;40;75;15;12,87;6,35;🔴 Comprar agora;76,0;113,01;8543,86
PC001114;Não informado;D;Baixa;3,0;5,0;18,0;40;75;15;20,26;6,35;🔴 Comprar agora;9,0;5623,76;53380,66
PC002762;Não informado;D;Baixa;7,0;8,2;25,5;40;75;15;14,31;6,35;🔴 Comprar agora;14,0;1339,96;18192,66
PC001177;Não informado;D;Baixa;9,0;3,9;70,0;40;75;15;5,22;6,35;🟢 OK;0,0;1827,25;0,0
PC004750;Não informado;D;Baixa;13,0;4,6;84,2;40;75;15;4,34;6,35;🟡 Estoque excessivo;0,0;1415,03;0,0
PC009207;Não informado;D;Baixa;26,0;22,4;34,8;40;75;15;10,49;6,35;🔴 Comprar agora;30,0;314,13;9431,64
PC007266;Não informado;D;Baixa;6,0;23,2;7,8;40;75;15;47,06;6,35;🚨 RUPTURA IMINENTE;52,0;803,86;41815,33
PC009436;Não informado;D;Baixa;37,0;17,4;63,7;40;75;15;5,73;6,35;🟢 OK;0,0;418,52;0,0
PC007356;Não informado;D;Baixa;5,0;3,3;45,0;40;75;15;8,12;6,35;🟢 OK;0,0;2540,83;0,0
PC002539;Não informado;D;Baixa;15,0;34,9;12,9;40;75;15;28,27;6,35;🚨 RUPTURA IMINENTE;72,0;258,21;18628,34
PC008772;Não informado;D;Baixa;1,0;12,0;2,5;40;75;15;146,46;6,35;🚨 RUPTURA IMINENTE;29,0;1879,79;54692,22
PC005459;Não informado;D;Baixa;4,0;6,0;19,8;40;75;15;18,39;6,35;🔴 Comprar agora;11,0;1094,66;12169,13
PC009326;Não informado;D;Baixa;33,0;10,4;94,8;40;75;15;3,85;6,35;🟡 Estoque excessivo;0,0;528,5;0,0
PC002070;Não informado;D;Baixa;19,0;5,1;110,9;40;75;15;3,29;6,35;🟡 Estoque excessivo;0,0;1301,05;0,0
PC001019;Não informado;D;Baixa;7,0;3,7;56,3;40;75;15;6,48;6,35;🟢 OK;0,0;1358,72;0,0
PC002223;Não informado;D;Baixa;25,0;10,0;75,2;40;75;15;4,86;6,35;🟡 Estoque excessivo;0,0;710,68;0,0
PC005061;Não informado;D;Baixa;13,0;4,2;93,2;40;75;15;3,92;6,35;🟡 Estoque excessivo;0,0;1290,1;0,0
PC007020;Não informado;D;Baixa;18,0;14,5;37,4;40;75;15;9,77;6,35;🔴 Comprar agora;18,0;608,1;11032,13
PC004404;Não informado;D;Baixa;2,0;1,0;59,5;40;75;15;6,13;6,35;🟢 OK;0,0;7445,63;0,0
PC008457;Não informado;D;Baixa;31,0;49,0;19,0;40;75;15;19,25;6,35;🔴 Comprar agora;92,0;250,07;22904,45
PC005651;Não informado;D;Baixa;12,0;7,5;47,9;40;75;15;7,61;6,35;🟢 OK;0,0;1002,59;0,0
PC006983;Não informado;D;Baixa;6,0;2,0;90,3;40;75;15;4,04;6,35;🟡 Estoque excessivo;0,0;3578,76;0,0
PC005304;Não informado;D;Baixa;40,0;22,8;52,6;40;75;15;6,94;6,35;🟢 OK;0,0;278,85;0,0
PC004702;Não informado;D;Baixa;29,0;11,3;77,3;40;75;15;4,72;6,35;🟡 Estoque excessivo;0,0;587,39;0,0
PC004848;Não informado;D;Baixa;24,0;14,1;50,9;40;75;15;7,17;6,35;🟢 OK;0,0;641,46;0,0
PC001694;Não informado;D;Baixa;26,0;12,3;63,2;40;75;15;5,78;6,35;🟢 OK;0,0;769,95;0,0
PC007560;Não informado;D;Baixa;29,0;16,3;53,4;40;75;15;6,84;6,35;🟢 OK;0,0;664,52;0,0
PC001864;Não informado;D;Baixa;2,0;3,5;17,0;40;75;15;21,42;6,35;🔴 Comprar agora;7,0;1566,51;10656,97
PC004284;Não informado;D;Baixa;9,0;15,5;17,4;40;75;15;21,01;6,35;🔴 Comprar agora;30,0;415,52;12406,55
PC005968;Não informado;D;Baixa;6,0;5,0;35,8;40;75;15;10,2;6,35;🔴 Comprar agora;7,0;1519,31;9985,43
PC009894;Não informado;D;Baixa;21,0;9,0;69,7;40;75;15;5,24;6,35;🟢 OK;0,0;677,69;0,0
PC009376;Não informado;D;Baixa;27,0;23,5;34,5;40;75;15;10,59;6,35;🔴 Comprar agora;32,0;354,28;11250,79
PC002311;Não informado;D;Baixa;18,0;13,6;39,8;40;75;15;9,18;6,35;🔴 Comprar agora;16,0;401,01;6397,93
PC002096;Não informado;D;Baixa;28,0;8,6;98,2;40;75;15;3,72;6,35;🟡 Estoque excessivo;0,0;743,43;0,0
PC006319;Não informado;D;Baixa;3,0;18,3;4,9;40;75;15;74,16;6,35;🚨 RUPTURA IMINENTE;43,0;1456,11;62197,37
PC002616;Não informado;D;Baixa;12,0;8,1;44,4;40;75;15;8,22;6,35;🟢 OK;0,0;879,07;0,0
PC005258;Não informado;D;Baixa;8,0;5,4;44,7;40;75;15;8,17;6,35;🟢 OK;0,0;1148,62;0,0
PC009423;Não informado;D;Baixa;9,0;8,2;32,8;40;75;15;11,14;6,35;🔴 Comprar agora;12,0;856,89;9939,18
PC006726;Não informado;D;Baixa;34,0;10,5;97,3;40;75;15;3,75;6,35;🟡 Estoque excessivo;0,0;612,48;0,0
PC008448;Não informado;D;Baixa;5,0;7,2;20,8;40;75;15;17,55;6,35;🔴 Comprar agora;13,0;1044,68;13614,67
PC005540;Não informado;D;Baixa;5,0;8,7;17,1;40;75;15;21,29;6,35;🔴 Comprar agora;17,0;898,67;15161,06
PC000834;Não informado;D;Baixa;5,0;3,0;50,0;40;75;15;7,3;6,35;🟢 OK;0,0;2975,04;0,0
PC009609;Não informado;D;Baixa;12,0;13,3;27,0;40;75;15;13,5;6,35;🔴 Comprar agora;21,0;504,97;10747,26
PC000529;Não informado;D;Baixa;5,0;5,2;29,0;40;75;15;12,58;6,35;🔴 Comprar agora;8,0;3744,59;29663,85
PC004388;Não informado;D;Baixa;5,0;7,3;20,6;40;75;15;17,73;6,35;🔴 Comprar agora;13,0;928,88;12273,82
PC005229;Não informado;D;Baixa;10,0;4,6;65,1;40;75;15;5,6;6,35;🟢 OK;0,0;1319,5;0,0
PC007043;Não informado;D;Baixa;97,0;29,5;98,7;40;75;15;3,7;6,35;🟡 Estoque excessivo;0,0;207,95;0,0
PC007871;Não informado;D;Baixa;135,0;63,1;64,1;40;75;15;5,69;6,35;🟢 OK;0,0;95,47;0,0
PC003373;Não informado;D;Baixa;6,0;3,0;60,3;40;75;15;6,05;6,35;🟢 OK;0,0;2482,78;0,0
PC008692;Não informado;D;Média;9,0;4,6;59,1;40;75;15;6,18;6,35;🟢 OK;0,0;2141,38;0,0
PC003154;Não informado;D;Baixa;15,0;9,4;47,7;40;75;15;7,64;6,35;🟢 OK;0,0;768,79;0,0
PC005120;Não informado;D;Baixa;22,0;7,2;91,1;40;75;15;4,01;6,35;🟡 Estoque excessivo;0,0;831,23;0,0
PC002758;Não informado;D;Baixa;32,0;10,5;91,2;40;75;15;4,0;6,35;🟡 Estoque excessivo;0,0;563,81;0,0
PC006704;Não informado;D;Baixa;7,0;32,5;6,5;40;75;15;56,44;6,35;🚨 RUPTURA IMINENTE;74,0;848,87;62966,45
PC001503;Não informado;D;Baixa;14,0;6,2;68,3;40;75;15;5,34;6,35;🟢 OK;0,0;1102,9;0,0
PC008878;Não informado;D;Baixa;6,0;4,9;36,8;40;75;15;9,92;6,35;🔴 Comprar agora;6,0;1176,68;7337,67
PC009839;Não informado;D;Baixa;3,0;4,8;18,8;40;75;15;19,39;6,35;🔴 Comprar agora;9,0;3530,0;31612,1
PC009826;Não informado;D;Baixa;75,0;27,0;83,5;40;75;15;4,37;6,35;🟡 Estoque excessivo;0,0;235,03;0,0
PC000472;Não informado;D;Baixa;3,0;5,3;17,0;40;75;15;21,52;6,35;🔴 Comprar agora;10,0;5126,73;52622,54
PC006029;Não informado;D;Baixa;1,0;3,8;7,9;40;75;15;46,26;6,35;🚨 RUPTURA IMINENTE;9,0;6934,22;58976,03
PC002703;Não informado;D;Baixa;7,0;5,4;38,9;40;75;15;9,38;6,35;🔴 Comprar agora;6,0;1156,47;7514,11
PC008000;Não informado;D;Baixa;14,0;14,6;28,8;40;75;15;12,66;6,35;🔴 Comprar agora;22,0;478,19;10725,1
PC007314;Não informado;D;Baixa;9,0;15,9;17,0;40;75;15;21,49;6,35;🔴 Comprar agora;31,0;1005,32;30908,35
PC001782;Não informado;D;Baixa;16,0;29,5;16,3;40;75;15;22,43;6,35;🔴 Comprar agora;58,0;331,31;19134,62
PC000055;Não informado;D;Baixa;23,0;7,3;94,6;40;75;15;3,86;6,35;🟡 Estoque excessivo;0,0;813,7;0,0
PC000829;Não informado;D;Baixa;69,0;20,5;101,1;40;75;15;3,61;6,35;🟡 Estoque excessivo;0,0;257,32;0,0
PC008682;Não informado;D;Baixa;20,0;11,0;54,8;40;75;15;6,66;6,35;🟢 OK;0,0;877,72;0,0
PC004366;Não informado;D;Baixa;8,0;8,4;28,6;40;75;15;12,78;6,35;🔴 Comprar agora;13,0;714,29;9287,67
PC009279;Não informado;D;Baixa;9,0;11,7;23,2;40;75;15;15,75;6,35;🔴 Comprar agora;20,0;455,11;9160,73
PC009431;Não informado;D;Baixa;6,0;3,7;49,0;40;75;15;7,44;6,35;🟢 OK;0,0;1527,92;0,0
PC000667;Não informado;D;Baixa;30,0;10,4;86,4;40;75;15;4,22;6,35;🟡 Estoque excessivo;0,0;540,86;0,0
PC008851;Não informado;D;Baixa;64,0;20,5;93,9;40;75;15;3,89;6,35;🟡 Estoque excessivo;0,0;340,12;0,0
PC003529;Não informado;D;Baixa;115,0;35,9;96,1;40;75;15;3,8;6,35;🟡 Estoque excessivo;0,0;145,46;0,0
PC008819;Não informado;D;Baixa;74,0;30,5;72,8;40;75;15;5,02;6,35;🟢 OK;0,0;260,81;0,0
PC002862;Não informado;D;Baixa;41,0;55,2;22,3;40;75;15;16,39;6,35;🔴 Comprar agora;97,0;105,09;10199,82
PC001976;Não informado;D;Baixa;42,0;41,1;30,7;40;75;15;11,91;6,35;🔴 Comprar agora;61,0;477,16;28987,3
PC000560;Não informado;D;Baixa;29,0;13,1;66,4;40;75;15;5,5;6,35;🟢 OK;0,0;433,16;0,0
PC000249;Não informado;D;Baixa;5,0;8,7;17,3;40;75;15;21,13;6,35;🔴 Comprar agora;17,0;969,32;16196,96
PC000926;Não informado;D;Baixa;44,0;25,1;52,5;40;75;15;6,95;6,35;🟢 OK;0,0;339,81;0,0
PC008563;Não informado;D;Baixa;56,0;16,3;103,4;40;75;15;3,53;6,35;🟡 Estoque excessivo;0,0;396,78;0,0
PC007930;Não informado;D;Baixa;53,0;105,5;15,1;40;75;15;24,22;6,35;🔴 Comprar agora;211,0;57,0;12010,91
PC006122;Não informado;D;Baixa;8,0;14,5;16,5;40;75;15;22,11;6,35;🔴 Comprar agora;28,0;659,6;18700,04
PC008504;Não informado;D;Baixa;44,0;43,8;30,1;40;75;15;12,11;6,35;🔴 Comprar agora;66,0;187,33;12271,18
PC004132;Não informado;D;Média;67,0;53,5;37,5;40;75;15;9,72;6,35;🔴 Comprar agora;67,0;171,03;11437,03
PC005613;Não informado;D;Baixa;8,0;5,0;48,3;40;75;15;7,56;6,35;🟢 OK;0,0;1145,94;0,0
PC008554;Não informado;D;Baixa;10,0;8,9;33,9;40;75;15;10,77;6,35;🔴 Comprar agora;12,0;726,06;8807,16
PC008811;Não informado;D;Baixa;8,0;46,3;5,2;40;75;15;70,47;6,35;🚨 RUPTURA IMINENTE;108,0;605,13;65256,79
PC005180;Não informado;D;Baixa;3,0;3,0;30,4;40;75;15;12,02;6,35;🔴 Comprar agora;4,0;8010,63;35302,77
PC005831;Não informado;D;Baixa;5,0;2,0;74,7;40;75;15;4,88;6,35;🟢 OK;0,0;2875,96;0,0
PC003615;Não informado;D;Baixa;39,0;12,4;94,3;40;75;15;3,87;6,35;🟡 Estoque excessivo;0,0;403,76;0,0
PC000849;Não informado;D;Baixa;10,0;10,7;28,0;40;75;15;13,04;6,35;🔴 Comprar agora;17,0;856,42;14384,84
PC005495;Não informado;D;Baixa;6,0;9,7;18,5;40;75;15;19,76;6,35;🔴 Comprar agora;18,0;1165,33;21399,55
PC009056;Não informado;D;Baixa;8,0;8,1;29,7;40;75;15;12,29;6,35;🔴 Comprar agora;12,0;746,02;9106,23
PC002574;Não informado;D;Baixa;56,0;16,5;101,7;40;75;15;3,59;6,35;🟡 Estoque excessivo;0,0;366,12;0,0
PC004398;Não informado;D;Baixa;37,0;15,0;74,2;40;75;15;4,92;6,35;🟢 OK;0,0;382,75;0,0
PC005013;Não informado;D;Baixa;5,0;6,7;22,3;40;75;15;16,35;6,35;🔴 Comprar agora;12,0;1065,68;12576,63
PC003447;Não informado;D;Baixa;18,0;15,8;34,3;40;75;15;10,65;6,35;🔴 Comprar agora;21,0;639,09;13675,13
PC003354;Não informado;D;Baixa;12,0;5,8;62,6;40;75;15;5,83;6,35;🟢 OK;0,0;1182,92;0,0
PC006543;Não informado;D;Baixa;12,0;19,2;18,8;40;75;15;19,42;6,35;🔴 Comprar agora;36,0;312,52;11214,59
PC005965;Não informado;D;Baixa;3,0;2,7;33,9;40;75;15;10,78;6,35;🔴 Comprar agora;4,0;2731,83;9956,44
PC007325;Não informado;D;Baixa;40,0;81,8;14,7;40;75;15;24,88;6,35;🚨 RUPTURA IMINENTE;164,0;193,47;31824,29
PC002371;Não informado;D;Média;68,0;182,5;11,2;40;75;15;32,65;6,35;🚨 RUPTURA IMINENTE;388,0;65,07;25263,33
PC001772;Não informado;D;Baixa;10,0;11,1;27,1;40;75;15;13,45;6,35;🔴 Comprar agora;18,0;575,03;10141,78
PC009591;Não informado;D;Baixa;20,0;71,8;8,4;40;75;15;43,7;6,35;🚨 RUPTURA IMINENTE;160,0;478,73;76407,3
PC000828;Não informado;D;Baixa;8,0;3,1;78,1;40;75;15;4,67;6,35;🟡 Estoque excessivo;0,0;1850,42;0,0
PC003697;Não informado;D;Baixa;64,0;48,2;39,8;40;75;15;9,17;6,35;🔴 Comprar agora;57,0;162,39;9194,13
PC004058;Não informado;D;Baixa;5,0;8,1;18,4;40;75;15;19,83;6,35;🔴 Comprar agora;15,0;1606,31;24696,62
PC006908;Não informado;D;Média;6,0;4,8;37,7;40;75;15;9,67;6,35;🔴 Comprar agora;6,0;1821,95;10798,4
PC006566;Não informado;D;Baixa;15,0;10,9;41,4;40;75;15;8,81;6,35;🟢 OK;0,0;759,08;0,0
PC003971;Não informado;D;Baixa;17,0;26,0;19,6;40;75;15;18,63;6,35;🔴 Comprar agora;48,0;206,47;9929,01
PC009984;Não informado;D;Baixa;27,0;13,3;60,8;40;75;15;6,0;6,35;🟢 OK;0,0;400,31;0,0
PC002638;Não informado;D;Baixa;4,0;5,1;23,6;40;75;15;15,48;6,35;🔴 Comprar agora;9,0;1303,43;11372,96
PC001810;Não informado;D;Baixa;10,0;8,0;37,3;40;75;15;9,79;6,35;🔴 Comprar agora;10,0;1004,19;10164,83
PC009178;Não informado;D;Baixa;2,0;2,0;29,9;40;75;15;12,19;6,35;🔴 Comprar agora;3,0;3671,79;11054,17
PC007104;Não informado;D;Baixa;151,0;95,1;47,6;40;75;15;7,66;6,35;🟢 OK;0,0;92,28;0,0
PC002496;Não informado;D;Baixa;18,0;7,9;68,6;40;75;15;5,32;6,35;🟢 OK;0,0;815,59;0,0
PC006900;Não informado;D;Baixa;1,0;1,0;29,6;40;75;15;12,34;6,35;🔴 Comprar agora;2,0;6918,15;10629,43
PC001780;Não informado;D;Baixa;13,0;12,0;32,4;40;75;15;11,27;6,35;🔴 Comprar agora;17,0;3112,77;53258,88
PC008393;Não informado;D;Baixa;23,0;43,3;15,9;40;75;15;22,91;6,35;🔴 Comprar agora;85,0;210,39;17937,1
PC001231;Não informado;D;Média;10,0;8,5;35,2;40;75;15;10,37;6,35;🔴 Comprar agora;11,0;1148,29;12987,82
PC003135;Não informado;D;Baixa;15,0;34,6;13,0;40;75;15;28,05;6,35;🚨 RUPTURA IMINENTE;71,0;623,75;44570,77
PC006691;Não informado;D;Baixa;9,0;5,1;52,9;40;75;15;6,9;6,35;🟢 OK;0,0;1387,04;0,0
PC008795;Não informado;D;Baixa;4,0;5,1;23,7;40;75;15;15,38;6,35;🔴 Comprar agora;9,0;1092,12;9437,03
PC008495;Não informado;D;Baixa;5,0;3,0;49,8;40;75;15;7,34;6,35;🟢 OK;0,0;3021,9;0,0
PC007839;Não informado;D;Baixa;4,0;5,8;20,5;40;75;15;17,77;6,35;🔴 Comprar agora;11,0;1133,32;12021,82
PC007333;Não informado;D;Baixa;10,0;6,0;50,2;40;75;15;7,27;6,35;🟢 OK;0,0;821,37;0,0
PC008100;Não informado;D;Baixa;6,0;28,5;6,3;40;75;15;57,84;6,35;🚨 RUPTURA IMINENTE;65,0;1080,61;70580,43
PC009409;Não informado;D;Baixa;2,0;4,1;14,5;40;75;15;25,23;6,35;🚨 RUPTURA IMINENTE;8,0;5541,39;46373,94
PC000796;Não informado;D;Baixa;18,0;20,9;25,8;40;75;15;14,14;6,35;🔴 Comprar agora;34,0;321,74;11034,4
PC004363;Não informado;D;Baixa;11,0;7,2;46,1;40;75;15;7,93;6,35;🟢 OK;0,0;928,8;0,0
PC004826;Não informado;D;Baixa;3,0;4,0;22,4;40;75;15;16,26;6,35;🔴 Comprar agora;7,0;6282,44;44118,87
PC008278;Não informado;D;Baixa;10,0;9,3;32,1;40;75;15;11,37;6,35;🔴 Comprar agora;13,0;630,73;8425,79
PC008200;Não informado;D;Baixa;13,0;13,7;28,4;40;75;15;12,83;6,35;🔴 Comprar agora;21,0;1148,44;24436,74
PC000944;Não informado;D;Baixa;23,0;30,8;22,4;40;75;15;16,28;6,35;🔴 Comprar agora;54,0;560,83;30255,29
PC000844;Não informado;D;Média;9,0;29,7;9,1;40;75;15;40,19;6,35;🚨 RUPTURA IMINENTE;65,0;419,13;27379,46
PC004130;Não informado;D;Baixa;10,0;19,6;15,3;40;75;15;23,89;6,35;🔴 Comprar agora;39,0;1006,07;39323,31
PC001244;Não informado;D;Baixa;30,0;21,3;42,2;40;75;15;8,65;6,35;🟢 OK;0,0;250,75;0,0
PC006618;Não informado;D;Baixa;39,0;22,6;51,7;40;75;15;7,06;6,35;🟢 OK;0,0;263,55;0,0
PC009131;Não informado;D;Baixa;22,0;15,0;43,9;40;75;15;8,32;6,35;🟢 OK;0,0;1409,08;0,0
PC009136;Não informado;D;Baixa;5,0;16,8;8,9;40;75;15;40,86;6,35;🚨 RUPTURA IMINENTE;37,0;553,93;20481,5
PC000262;Não informado;D;Baixa;61,0;24,3;75,2;40;75;15;4,85;6,35;🟡 Estoque excessivo;0,0;268,59;0,0
PC004555;Não informado;D;Baixa;7,0;11,0;19,1;40;75;15;19,07;6,35;🔴 Comprar agora;20,0;871,53;17799,5
PC004772;Não informado;D;Baixa;24,0;12,4;57,9;40;75;15;6,31;6,35;🟢 OK;0,0;574,98;0,0
PC004453;Não informado;D;Baixa;7,0;6,3;33,4;40;75;15;10,91;6,35;🔴 Comprar agora;9,0;818,05;7114,13
PC002526;Não informado;D;Baixa;25,0;26,1;28,8;40;75;15;12,68;6,35;🔴 Comprar agora;40,0;329,15;13217,5
PC007760;Não informado;D;Baixa;36,0;14,2;76,2;40;75;15;4,79;6,35;🟡 Estoque excessivo;0,0;434,85;0,0
PC009098;Não informado;D;Baixa;8,0;5,0;47,5;40;75;15;7,68;6,35;🟢 OK;0,0;1042,67;0,0
PC008687;Não informado;D;Baixa;13,0;23,5;16,6;40;75;15;21,95;6,35;🔴 Comprar agora;46,0;688,62;31432,67
PC007172;Não informado;D;Baixa;4,0;11,8;10,2;40;75;15;35,89;6,35;🚨 RUPTURA IMINENTE;25,0;2186,14;55741,24
PC005296;Não informado;D;Baixa;23,0;8,6;80,4;40;75;15;4,54;6,35;🟡 Estoque excessivo;0,0;814,43;0,0
PC009715;Não informado;D;Baixa;32,0;30,5;31,5;40;75;15;11,6;6,35;🔴 Comprar agora;44,0;220,85;9773,29
PC006602;Não informado;D;Baixa;16,0;7,7;62,2;40;75;15;5,86;6,35;🟢 OK;0,0;855,74;0,0
PC001234;Não informado;D;Baixa;5,0;7,7;19,4;40;75;15;18,8;6,35;🔴 Comprar agora;14,0;862,12;12339,8
PC005356;Não informado;D;Baixa;7,0;9,5;22,2;40;75;15;16,45;6,35;🔴 Comprar agora;17,0;1220,99;20348,3
PC000571;Não informado;D;Baixa;27,0;18,0;44,9;40;75;15;8,13;6,35;🟢 OK;0,0;358,9;0,0
PC001871;Não informado;D;Baixa;4,0;10,0;12,0;40;75;15;30,3;6,35;🚨 RUPTURA IMINENTE;21,0;1416,04;29599,24
PC005065;Não informado;D;Baixa;45,0;22,3;60,6;40;75;15;6,02;6,35;🟢 OK;0,0;503,85;0,0
PC000065;Não informado;D;Baixa;28,0;9,8;85,9;40;75;15;4,25;6,35;🟡 Estoque excessivo;0,0;638,0;0,0
PC008914;Não informado;D;Baixa;15,0;8,1;55,8;40;75;15;6,54;6,35;🟢 OK;0,0;806,72;0,0
PC008201;Não informado;D;Baixa;16,0;18,6;25,8;40;75;15;14,12;6,35;🔴 Comprar agora;30,0;371,06;11290,3
PC001442;Não informado;D;Baixa;10,0;8,2;36,4;40;75;15;10,01;6,35;🔴 Comprar agora;11,0;804,96;8514,22
PC001144;Não informado;D;Baixa;43,0;17,5;73,5;40;75;15;4,96;6,35;🟢 OK;0,0;321,37;0,0
PC000607;Não informado;D;Baixa;5,0;5,6;26,6;40;75;15;13,71;6,35;🔴 Comprar agora;9,0;1025,67;9316,03
PC002947;Não informado;D;Baixa;28,0;18,1;46,3;40;75;15;7,88;6,35;🟢 OK;0,0;268,97;0,0
PC007878;Não informado;D;Baixa;29,0;25,1;34,6;40;75;15;10,54;6,35;🔴 Comprar agora;34,0;341,15;11530,55
PC004508;Não informado;D;Baixa;40,0;20,4;58,9;40;75;15;6,19;6,35;🟢 OK;0,0;279,39;0,0
PC009377;Não informado;D;Baixa;74,0;93,3;23,8;40;75;15;15,34;6,35;🔴 Comprar agora;159,0;106,65;16984,09
PC006527;Não informado;D;Média;26,0;15,3;50,9;40;75;15;7,17;6,35;🟢 OK;0,0;688,43;0,0
PC005788;Não informado;D;Baixa;13,0;15,9;24,5;40;75;15;14,9;6,35;🔴 Comprar agora;27,0;294,92;7902,95
PC001511;Não informado;D;Baixa;18,0;7,9;68,0;40;75;15;5,37;6,35;🟢 OK;0,0;633,14;0,0
PC000024;Não informado;D;Baixa;4,0;14,1;8,5;40;75;15;42,92;6,35;🚨 RUPTURA IMINENTE;31,0;1285,27;40203,13
PC001507;Não informado;D;Baixa;15,0;4,6;98,2;40;75;15;3,72;6,35;🟡 Estoque excessivo;0,0;969,13;0,0
PC006711;Não informado;D;Baixa;16,0;5,3;90,1;40;75;15;4,05;6,35;🟡 Estoque excessivo;0,0;979,24;0,0
PC006669;Não informado;D;Baixa;3,0;0,9;100,6;40;75;15;3,63;6,35;🟡 Estoque excessivo;0,0;4958,81;0,0
PC002666;Não informado;D;Baixa;36,0;23,1;46,8;40;75;15;7,8;6,35;🟢 OK;0,0;952,56;0,0
PC008338;Não informado;D;Baixa;32,0;19,5;49,2;40;75;15;7,41;6,35;🟢 OK;0,0;996,9;0,0
PC001493;Não informado;D;Baixa;9,0;11,3;23,9;40;75;15;15,26;6,35;🔴 Comprar agora;19,0;544,33;10460,51
PC005415;Não informado;D;Baixa;8,0;13,8;17,4;40;75;15;21,01;6,35;🔴 Comprar agora;27,0;549,22;14571,36
PC006464;Não informado;D;Baixa;14,0;13,8;30,5;40;75;15;11,95;6,35;🔴 Comprar agora;20,0;368,58;7513,13
PC004989;Não informado;D;Média;23,0;28,0;24,7;40;75;15;14,79;6,35;🔴 Comprar agora;47,0;334,93;15710,23
PC004166;Não informado;D;Baixa;28,0;16,2;51,9;40;75;15;7,03;6,35;🟢 OK;0,0;411,59;0,0
PC009422;Não informado;D;Baixa;16,0;6,2;77,8;40;75;15;4,69;6,35;🟡 Estoque excessivo;0,0;842,85;0,0
PC005100;Não informado;D;Baixa;5,0;6,0;25,1;40;75;15;14,56;6,35;🔴 Comprar agora;10,0;806,74;8031,33
PC001932;Não informado;D;Baixa;48,0;16,3;88,5;40;75;15;4,13;6,35;🟡 Estoque excessivo;0,0;418,55;0,0
PC000372;Não informado;D;Baixa;2,0;1,0;61,1;40;75;15;5,98;6,35;🟢 OK;0,0;6903,91;0,0
PC004023;Não informado;D;Baixa;15,0;5,5;82,1;40;75;15;4,45;6,35;🟡 Estoque excessivo;0,0;1113,18;0,0
PC003324;Não informado;D;Baixa;6,0;6,5;27,6;40;75;15;13,25;6,35;🔴 Comprar agora;10,0;1312,14;13554,56
PC002238;Não informado;D;Baixa;3,0;2,1;43,2;40;75;15;8,45;6,35;🟢 OK;0,0;2733,38;0,0
PC009939;Não informado;D;Baixa;13,0;64,4;6,1;40;75;15;60,24;6,35;🚨 RUPTURA IMINENTE;148,0;322,23;47666,47
PC002132;Não informado;D;Baixa;5,0;2,5;58,9;40;75;15;6,2;6,35;🟢 OK;0,0;2237,79;0,0
PC007234;Não informado;D;Baixa;40,0;13,7;87,4;40;75;15;4,17;6,35;🟡 Estoque excessivo;0,0;457,48;0,0
PC006886;Não informado;D;Baixa;19,0;6,3;90,5;40;75;15;4,03;6,35;🟡 Estoque excessivo;0,0;901,0;0,0
PC009306;Não informado;D;Baixa;2,0;3,8;15,6;40;75;15;23,33;6,35;🔴 Comprar agora;8,0;5962,65;45242,18
PC003198;Não informado;D;Baixa;6,0;6,9;26,2;40;75;15;13,93;6,35;🔴 Comprar agora;11,0;966,21;10791,16
PC000779;Não informado;D;Baixa;38,0;12,6;90,8;40;75;15;4,02;6,35;🟡 Estoque excessivo;0,0;504,55;0,0
PC000851;Não informado;D;Baixa;40,0;15,3;78,2;40;75;15;4,66;6,35;🟡 Estoque excessivo;0,0;400,27;0,0
PC002082;Não informado;D;Baixa;17,0;25,9;19,7;40;75;15;18,54;6,35;🔴 Comprar agora;48,0;270,84;12933,77
PC005657;Não informado;D;Baixa;4,0;3,0;39,8;40;75;15;9,16;6,35;🔴 Comprar agora;4,0;5118,46;18072,18
PC005895;Não informado;D;Baixa;6,0;18,7;9,6;40;75;15;37,87;6,35;🚨 RUPTURA IMINENTE;41,0;1169,17;47579,26
PC007031;Não informado;D;Média;6,0;8,0;22,4;40;75;15;16,31;6,35;🔴 Comprar agora;14,0;1259,02;17756,34
PC003095;Não informado;D;Baixa;10,0;6,2;48,6;40;75;15;7,51;6,35;🟢 OK;0,0;1259,47;0,0
PC009680;Não informado;D;Baixa;4,0;23,4;5,1;40;75;15;71,31;6,35;🚨 RUPTURA IMINENTE;55,0;714,34;39010,83
PC005902;Não informado;D;Baixa;7,0;10,6;19,8;40;75;15;18,44;6,35;🔴 Comprar agora;20,0;651,94;12732,69
PC002613;Não informado;D;Baixa;24,0;15,9;45,2;40;75;15;8,08;6,35;🟢 OK;0,0;565,35;0,0
PC007390;Não informado;D;Baixa;17,0;6,8;75,1;40;75;15;4,86;6,35;🟡 Estoque excessivo;0,0;865,84;0,0
PC004103;Não informado;D;Baixa;4,0;2,0;58,7;40;75;15;6,22;6,35;🟢 OK;0,0;3109,07;0,0
PC005910;Não informado;D;Baixa;25,0;10,0;75,3;40;75;15;4,85;6,35;🟡 Estoque excessivo;0,0;633,7;0,0
PC002982;Não informado;D;Baixa;16,0;10,1;47,7;40;75;15;7,65;6,35;🟢 OK;0,0;816,54;0,0
PC005835;Não informado;D;Baixa;30,0;9,1;99,2;40;75;15;3,68;6,35;🟡 Estoque excessivo;0,0;578,85;0,0
PC004066;Não informado;D;Baixa;13,0;8,3;47,1;40;75;15;7,74;6,35;🟢 OK;0,0;785,25;0,0
PC002121;Não informado;D;Baixa;26,0;9,9;78,7;40;75;15;4,64;6,35;🟡 Estoque excessivo;0,0;593,88;0,0
PC008375;Não informado;D;Baixa;61,0;32,7;56,0;40;75;15;6,52;6,35;🟢 OK;0,0;149,44;0,0
PC001808;Não informado;D;Baixa;10,0;4,9;61,8;40;75;15;5,9;6,35;🟢 OK;0,0;1026,57;0,0
PC008204;Não informado;D;Baixa;60,0;24,1;74,6;40;75;15;4,89;6,35;🟢 OK;0,0;282,91;0,0
PC009467;Não informado;D;Baixa;12,0;16,8;21,4;40;75;15;17,07;6,35;🔴 Comprar agora;30,0;1846,51;55542,43
PC000990;Não informado;D;Baixa;7,0;7,0;30,1;40;75;15;12,12;6,35;🔴 Comprar agora;10,0;856,21;8927,58
PC007264;Não informado;D;Baixa;164,0;93,0;52,9;40;75;15;6,9;6,35;🟢 OK;0,0;195,0;0,0
PC002406;Não informado;D;Baixa;15,0;14,9;30,2;40;75;15;12,1;6,35;🔴 Comprar agora;22,0;534,57;11917,91
PC001858;Não informado;D;Baixa;2,0;4,3;14,1;40;75;15;25,9;6,35;🚨 RUPTURA IMINENTE;9,0;6300,89;54455,1
PC009107;Não informado;D;Baixa;8,0;11,6;20,8;40;75;15;17,58;6,35;🔴 Comprar agora;21,0;861,01;17994,53
PC002191;Não informado;D;Baixa;21,0;7,4;85,3;40;75;15;4,28;6,35;🟡 Estoque excessivo;0,0;978,86;0,0
PC002068;Não informado;D;Baixa;10,0;6,3;47,7;40;75;15;7,65;6,35;🟢 OK;0,0;1598,69;0,0
PC006107;Não informado;D;Baixa;35,0;20,2;52,0;40;75;15;7,02;6,35;🟢 OK;0,0;438,98;0,0
PC005988;Não informado;D;Baixa;16,0;29,1;16,5;40;75;15;22,12;6,35;🔴 Comprar agora;57,0;357,4;20270,34
PC005611;Não informado;D;Baixa;30,0;10,9;82,9;40;75;15;4,4;6,35;🟡 Estoque excessivo;0,0;433,29;0,0
PC007051;Não informado;D;Baixa;65,0;53,0;36,8;40;75;15;9,91;6,35;🔴 Comprar agora;67,0;181,28;12215,61
PC001957;Não informado;D;Baixa;19,0;35,6;16,0;40;75;15;22,81;6,35;🔴 Comprar agora;70,0;559,61;39202,83
PC007238;Não informado;D;Baixa;23,0;19,6;35,1;40;75;15;10,39;6,35;🔴 Comprar agora;26,0;239,54;6248,67
PC009485;Não informado;D;Baixa;2,0;0,9;63,9;40;75;15;5,71;6,35;🟢 OK;0,0;5990,38;0,0
PC004175;Não informado;D;Baixa;13,0;13,5;28,9;40;75;15;12,64;6,35;🔴 Comprar agora;21,0;396,14;8228,92
PC007349;Não informado;D;Baixa;28,0;29,2;28,7;40;75;15;12,7;6,35;🔴 Comprar agora;45,0;943,9;42543,78
PC006519;Não informado;D;Baixa;15,0;11,4;39,5;40;75;15;9,23;6,35;🔴 Comprar agora;13,0;822,85;11074,06
PC000018;Não informado;D;Baixa;16,0;7,9;60,6;40;75;15;6,03;6,35;🟢 OK;0,0;690,31;0,0
PC008247;Não informado;D;Baixa;28,0;10,0;83,6;40;75;15;4,36;6,35;🟡 Estoque excessivo;0,0;621,34;0,0
PC001040;Não informado;D;Baixa;10,0;8,0;37,5;40;75;15;9,73;6,35;🔴 Comprar agora;10,0;905,13;9039,75
PC006752;Não informado;D;Baixa;9,0;8,9;30,2;40;75;15;12,08;6,35;🔴 Comprar agora;13,0;796,82;10626,88
PC009374;Não informado;D;Baixa;6,0;6,0;30,2;40;75;15;12,08;6,35;🔴 Comprar agora;9,0;890,64;7919,72
PC000685;Não informado;D;Baixa;2,0;8,9;6,8;40;75;15;53,96;6,35;🚨 RUPTURA IMINENTE;20,0;3055,31;61638,18
PC005998;Não informado;D;Baixa;8,0;6,6;36,6;40;75;15;9,98;6,35;🔴 Comprar agora;8,0;1572,14;13209,08
PC008272;Não informado;D;Baixa;22,0;8,9;74,2;40;75;15;4,92;6,35;🟢 OK;0,0;596,66;0,0
PC008019;Não informado;D;Baixa;63,0;43,2;43,8;40;75;15;8,33;6,35;🟢 OK;0,0;137,18;0,0
PC007286;Não informado;D;Baixa;89,0;46,8;57,1;40;75;15;6,39;6,35;🟢 OK;0,0;188,85;0,0
PC005150;Não informado;D;Baixa;33,0;29,4;33,6;40;75;15;10,85;6,35;🔴 Comprar agora;41,0;290,05;11774,62
PC004152;Não informado;D;Baixa;16,0;14,4;33,2;40;75;15;10,98;6,35;🔴 Comprar agora;20,0;384,42;7723,85
PC004665;Não informado;D;Baixa;3,0;17,4;5,2;40;75;15;70,45;6,35;🚨 RUPTURA IMINENTE;40,0;959,37;38786,98
PC009771;Não informado;D;Baixa;13,0;14,8;26,3;40;75;15;13,88;6,35;🔴 Comprar agora;24,0;558,78;13460,9
PC002064;Não informado;D;Baixa;13,0;5,2;75,4;40;75;15;4,84;6,35;🟡 Estoque excessivo;0,0;1029,69;0,0
PC006238;Não informado;D;Baixa;27,0;29,4;27,6;40;75;15;13,24;6,35;🔴 Comprar agora;46,0;518,02;24052,24
PC000091;Não informado;D;Baixa;15,0;5,0;90,1;40;75;15;4,05;6,35;🟡 Estoque excessivo;0,0;1211,36;0,0
PC004446;Não informado;D;Baixa;9,0;5,0;53,7;40;75;15;6,79;6,35;🟢 OK;0,0;1326,58;0,0
PC008357;Não informado;D;Baixa;10,0;7,1;42,2;40;75;15;8,65;6,35;🟢 OK;0,0;1322,27;0,0
PC008973;Não informado;D;Baixa;6,0;1,8;102,0;40;75;15;3,58;6,35;🟡 Estoque excessivo;0,0;2760,73;0,0
PC007779;Não informado;D;Baixa;5,0;4,1;36,6;40;75;15;9,97;6,35;🔴 Comprar agora;5,0;1544,48;8098,88
PC005532;Não informado;D;Baixa;43,0;16,9;76,2;40;75;15;4,79;6,35;🟡 Estoque excessivo;0,0;349,55;0,0
PC004269;Não informado;D;Baixa;2,0;1,0;62,6;40;75;15;5,83;6,35;🟢 OK;0,0;4960,54;0,0
PC006831;Não informado;D;Baixa;1,0;6,0;5,0;40;75;15;73,25;6,35;🚨 RUPTURA IMINENTE;14,0;4518,09;63489,43
PC006222;Não informado;D;Baixa;6,0;10,2;17,7;40;75;15;20,68;6,35;🔴 Comprar agora;19,0;588,29;11467,94
PC009506;Não informado;D;Baixa;50,0;14,8;101,3;40;75;15;3,6;6,35;🟡 Estoque excessivo;0,0;381,13;0,0
PC009959;Não informado;D;Baixa;13,0;39,0;10,0;40;75;15;36,52;6,35;🚨 RUPTURA IMINENTE;85,0;763,62;64557,54
PC000156;Não informado;D;Baixa;34,0;62,8;16,2;40;75;15;22,47;6,35;🔴 Comprar agora;123,0;223,83;27519,93
PC001126;Não informado;D;Baixa;24,0;9,0;79,9;40;75;15;4,57;6,35;🟡 Estoque excessivo;0,0;626,12;0,0
PC000959;Não informado;D;Baixa;37,0;18,2;61,1;40;75;15;5,97;6,35;🟢 OK;0,0;305,87;0,0
PC001497;Não informado;D;Baixa;4,0;6,3;19,0;40;75;15;19,2;6,35;🔴 Comprar agora;12,0;1589,41;18731,07
PC001710;Não informado;D;Baixa;4,0;9,0;13,4;40;75;15;27,32;6,35;🚨 RUPTURA IMINENTE;18,0;1648,54;30426,64
PC008341;Não informado;D;Média;19,0;12,1;47,0;40;75;15;7,77;6,35;🟢 OK;0,0;776,17;0,0
PC007725;Não informado;D;Baixa;2,0;3,0;20,2;40;75;15;18,03;6,35;🔴 Comprar agora;5,0;2205,46;11929,88
PC003539;Não informado;D;Baixa;22,0;6,0;110,3;40;75;15;3,31;6,35;🟡 Estoque excessivo;0,0;937,48;0,0
PC006903;Não informado;D;Baixa;17,0;8,1;63,3;40;75;15;5,77;6,35;🟢 OK;0,0;683,31;0,0
PC005863;Não informado;D;Baixa;10,0;7,2;41,4;40;75;15;8,81;6,35;🟢 OK;0,0;743,41;0,0
PC001574;Não informado;D;Média;11,0;14,7;22,4;40;75;15;16,27;6,35;🔴 Comprar agora;26,0;622,89;16059,91
PC005159;Não informado;D;Baixa;7,0;4,7;44,3;40;75;15;8,25;6,35;🟢 OK;0,0;904,8;0,0
PC003124;Não informado;D;Baixa;1,0;1,0;30,5;40;75;15;11,96;6,35;🔴 Comprar agora;1,0;4916,17;7162,61
PC000054;Não informado;D;Baixa;55,0;19,9;82,9;40;75;15;4,4;6,35;🟡 Estoque excessivo;0,0;253,52;0,0
PC001477;Não informado;D;Baixa;10,0;2,6;113,3;40;75;15;3,22;6,35;🟡 Estoque excessivo;0,0;1855,19;0,0
PC005442;Não informado;D;Baixa;9,0;9,6;28,2;40;75;15;12,96;6,35;🔴 Comprar agora;15,0;1965,42;29413,57
PC001671;Não informado;D;Baixa;12,0;5,3;67,9;40;75;15;5,38;6,35;🟢 OK;0,0;1081,67;0,0
PC000847;Não informado;D;Baixa;26,0;21,1;36,9;40;75;15;9,9;6,35;🔴 Comprar agora;27,0;498,75;13402,7
PC004710;Não informado;D;Baixa;28,0;26,8;31,4;40;75;15;11,63;6,35;🔴 Comprar agora;39,0;866,14;33711,09
PC000924;Não informado;D;Baixa;26,0;39,3;19,8;40;75;15;18,41;6,35;🔴 Comprar agora;72,0;186,78;13517,59
PC003077;Não informado;D;Baixa;7,0;17,4;12,1;40;75;15;30,21;6,35;🚨 RUPTURA IMINENTE;36,0;1408,94;51358,63
PC003585;Não informado;D;Baixa;10,0;2,7;111,3;40;75;15;3,28;6,35;🟡 Estoque excessivo;0,0;1864,82;0,0
PC004763;Não informado;D;Baixa;20,0;46,6;12,9;40;75;15;28,33;6,35;🚨 RUPTURA IMINENTE;96,0;452,61;43639,47
PC002351;Não informado;D;Baixa;20,0;8,8;68,0;40;75;15;5,37;6,35;🟢 OK;0,0;641,74;0,0
PC006741;Não informado;D;Baixa;19,0;8,1;70,0;40;75;15;5,21;6,35;🟢 OK;0,0;518,47;0,0
PC007979;Não informado;D;Baixa;39,0;20,1;58,2;40;75;15;6,28;6,35;🟢 OK;0,0;332,35;0,0
PC008164;Não informado;D;Baixa;9,0;14,5;18,7;40;75;15;19,55;6,35;🔴 Comprar agora;27,0;456,78;12401,5
PC002155;Não informado;D;Baixa;13,0;5,0;78,4;40;75;15;4,66;6,35;🟡 Estoque excessivo;0,0;1099,79;0,0
PC000045;Não informado;D;Baixa;4,0;20,7;5,8;40;75;15;62,87;6,35;🚨 RUPTURA IMINENTE;48,0;1099,71;52424,2
PC008897;Não informado;D;Baixa;7,0;5,0;42,1;40;75;15;8,67;6,35;🟢 OK;0,0;1926,01;0,0
PC001728;Não informado;D;Baixa;42,0;22,0;57,1;40;75;15;6,39;6,35;🟢 OK;0,0;360,32;0,0
PC001809;Não informado;D;Baixa;1,0;1,0;28,6;40;75;15;12,76;6,35;🔴 Comprar agora;2,0;5301,21;8594,89
PC001437;Não informado;D;Baixa;60,0;35,5;50,6;40;75;15;7,21;6,35;🟢 OK;0,0;216,85;0,0
PC003969;Não informado;D;Baixa;2,0;1,0;60,0;40;75;15;6,08;6,35;🟢 OK;0,0;6072,95;0,0
PC009860;Não informado;D;Baixa;6,0;2,0;88,5;40;75;15;4,13;6,35;🟡 Estoque excessivo;0,0;3246,79;0,0
PC000380;Não informado;D;Baixa;1,0;1,3;22,7;40;75;15;16,05;6,35;🔴 Comprar agora;2,0;4341,01;9977,91
PC007593;Não informado;D;Baixa;154,0;97,3;47,5;40;75;15;7,69;6,35;🟢 OK;0,0;89,24;0,0
PC004467;Não informado;D;Baixa;80,0;62,1;38,7;40;75;15;9,44;6,35;🔴 Comprar agora;75,0;137,9;10372,71
PC006560;Não informado;D;Baixa;16,0;6,9;69,6;40;75;15;5,25;6,35;🟢 OK;0,0;913,89;0,0
PC004205;Não informado;D;Baixa;1,0;1,0;31,3;40;75;15;11,67;6,35;🔴 Comprar agora;1,0;4613,98;6450,32
PC006027;Não informado;D;Baixa;117,0;58,6;59,9;40;75;15;6,1;6,35;🟢 OK;0,0;139,52;0,0
PC003653;Não informado;D;Baixa;27,0;8,2;98,8;40;75;15;3,69;6,35;🟡 Estoque excessivo;0,0;752,66;0,0
PC005959;Não informado;D;Baixa;7,0;2,8;76,1;40;75;15;4,8;6,35;🟡 Estoque excessivo;0,0;2752,5;0,0
PC006136;Não informado;D;Baixa;32,0;13,3;72,3;40;75;15;5,05;6,35;🟢 OK;0,0;353,83;0,0
PC008043;Não informado;D;Baixa;32,0;14,3;67,1;40;75;15;5,44;6,35;🟢 OK;0,0;383,7;0,0
PC007441;Não informado;D;Baixa;42,0;16,9;74,7;40;75;15;4,88;6,35;🟢 OK;0,0;278,33;0,0
PC003565;Não informado;D;Baixa;7,0;16,7;12,6;40;75;15;28,98;6,35;🚨 RUPTURA IMINENTE;35,0;1498,32;51963,8
PC002062;Não informado;D;Baixa;10,0;4,7;63,8;40;75;15;5,72;6,35;🟢 OK;0,0;743,12;0,0
PC003961;Não informado;D;Baixa;8,0;18,4;13,0;40;75;15;28,04;6,35;🚨 RUPTURA IMINENTE;38,0;939,1;35774,24
PC008808;Não informado;D;Baixa;53,0;49,3;32,3;40;75;15;11,31;6,35;🔴 Comprar agora;70,0;116,5;8172,23
PC002134;Não informado;D;Baixa;6,0;17,0;10,6;40;75;15;34,5;6,35;🚨 RUPTURA IMINENTE;37,0;862,72;31519,89
PC002488;Não informado;D;Baixa;3,0;9,7;9,3;40;75;15;39,17;6,35;🚨 RUPTURA IMINENTE;21,0;804,02;17001,26
PC007424;Não informado;D;Baixa;40,0;14,0;85,7;40;75;15;4,26;6,35;🟡 Estoque excessivo;0,0;527,96;0,0
PC002428;Não informado;D;Baixa;3,0;0,9;99,5;40;75;15;3,67;6,35;🟡 Estoque excessivo;0,0;5420,37;0,0
PC005336;Não informado;D;Baixa;7,0;13,7;15,3;40;75;15;23,84;6,35;🔴 Comprar agora;27,0;1904,29;51960,19
PC007874;Não informado;D;Baixa;5,0;4,1;36,9;40;75;15;9,88;6,35;🔴 Comprar agora;5,0;1424,14;7336,14
PC006087;Não informado;D;Baixa;32,0;16,0;59,8;40;75;15;6,1;6,35;🟢 OK;0,0;609,37;0,0
PC006315;Não informado;D;Baixa;14,0;5,6;74,4;40;75;15;4,91;6,35;🟢 OK;0,0;902,38;0,0
PC005432;Não informado;D;Baixa;24,0;15,4;46,9;40;75;15;7,79;6,35;🟢 OK;0,0;376,46;0,0
PC006590;Não informado;D;Média;4,0;4,8;25,0;40;75;15;14,57;6,35;🔴 Comprar agora;8,0;1526,34;12177,68
PC008591;Não informado;D;Baixa;31,0;14,8;62,7;40;75;15;5,82;6,35;🟢 OK;0,0;311,28;0,0
PC003329;Não informado;D;Baixa;1,0;1,0;30,7;40;75;15;11,9;6,35;🔴 Comprar agora;1,0;6308,25;9119,01
PC008228;Não informado;D;Baixa;22,0;16,7;39,4;40;75;15;9,26;6,35;🔴 Comprar agora;20,0;527,16;10463,47
PC003461;Não informado;D;Baixa;11,0;4,1;80,2;40;75;15;4,55;6,35;🟡 Estoque excessivo;0,0;1379,12;0,0
PC009568;Não informado;D;Baixa;16,0;12,1;39,8;40;75;15;9,18;6,35;🔴 Comprar agora;14,0;860,33;12192,91
PC003483;Não informado;D;Baixa;9,0;4,2;64,7;40;75;15;5,65;6,35;🟢 OK;0,0;1439,71;0,0
PC002076;Não informado;D;Média;53,0;27,1;58,6;40;75;15;6,23;6,35;🟢 OK;0,0;359,46;0,0
PC009352;Não informado;D;Média;5,0;12,3;12,2;40;75;15;29,9;6,35;🚨 RUPTURA IMINENTE;26,0;894,99;23021,05
PC004912;Não informado;D;Baixa;10,0;6,0;50,1;40;75;15;7,28;6,35;🟢 OK;0,0;843,81;0,0
PC006813;Não informado;D;Baixa;24,0;20,8;34,6;40;75;15;10,56;6,35;🔴 Comprar agora;28,0;270,3;7593,08
PC003566;Não informado;D;Baixa;11,0;5,0;65,4;40;75;15;5,58;6,35;🟢 OK;0,0;966,37;0,0
PC006193;Não informado;D;Baixa;17,0;23,0;22,2;40;75;15;16,46;6,35;🔴 Comprar agora;41,0;259,56;10512,44
PC004639;Não informado;D;Baixa;13,0;5,0;77,2;40;75;15;4,73;6,35;🟡 Estoque excessivo;0,0;903,05;0,0
PC009810;Não informado;D;Baixa;34,0;25,5;40,1;40;75;15;9,11;6,35;🟢 OK;0,0;298,44;0,0
PC004477;Não informado;D;Baixa;61,0;39,1;46,8;40;75;15;7,8;6,35;🟢 OK;0,0;170,39;0,0
PC005248;Não informado;D;Baixa;2,0;19,6;3,1;40;75;15;119,4;6,35;🚨 RUPTURA IMINENTE;47,0;1026,38;48309,1
PC002649;Não informado;D;Baixa;11,0;6,1;53,9;40;75;15;6,78;6,35;🟢 OK;0,0;2243,57;0,0
PC005107;Não informado;D;Baixa;16,0;23,7;20,2;40;75;15;18,03;6,35;🔴 Comprar agora;43,0;282,96;12245,16
PC008652;Não informado;D;Baixa;30,0;15,3;58,7;40;75;15;6,22;6,35;🟢 OK;0,0;406,47;0,0
PC009237;Não informado;D;Baixa;14,0;6,2;68,3;40;75;15;5,35;6,35;🟢 OK;0,0;917,57;0,0
PC008823;Não informado;D;Baixa;168,0;66,1;76,2;40;75;15;4,79;6,35;🟡 Estoque excessivo;0,0;70,82;0,0
PC003170;Não informado;D;Baixa;10,0;8,3;36,3;40;75;15;10,05;6,35;🔴 Comprar agora;11,0;538,43;5732,28
PC002374;Não informado;D;Baixa;70,0;22,5;93,5;40;75;15;3,91;6,35;🟡 Estoque excessivo;0,0;261,18;0,0
PC009051;Não informado;D;Baixa;18,0;6,7;80,0;40;75;15;4,56;6,35;🟡 Estoque excessivo;0,0;824,87;0,0
PC007394;Não informado;D;Média;9,0;26,9;10,1;40;75;15;36,31;6,35;🚨 RUPTURA IMINENTE;58,0;381,87;22208,69
PC004441;Não informado;D;Baixa;3,0;6,7;13,5;40;75;15;27,06;6,35;🚨 RUPTURA IMINENTE;14,0;1346,2;18416,31
PC000723;Não informado;D;Baixa;7,0;14,2;14,8;40;75;15;24,67;6,35;🚨 RUPTURA IMINENTE;28,0;621,17;17697,27
PC009825;Não informado;D;Baixa;62,0;103,9;17,9;40;75;15;20,4;6,35;🔴 Comprar agora;198,0;99,73;19731,92
PC009767;Não informado;D;Baixa;6,0;16,3;11,1;40;75;15;33,03;6,35;🚨 RUPTURA IMINENTE;35,0;1088,29;37788,77
PC005577;Não informado;D;Média;15,0;12,0;37,5;40;75;15;9,73;6,35;🔴 Comprar agora;15,0;783,83;11740,8
PC008301;Não informado;D;Baixa;1,0;1,0;31,5;40;75;15;11,6;6,35;🔴 Comprar agora;1,0;6260,95;8664,0
PC000574;Não informado;D;Baixa;3,0;1,3;68,4;40;75;15;5,33;6,35;🟢 OK;0,0;4730,06;0,0
PC000392;Não informado;D;Baixa;18,0;7,2;74,5;40;75;15;4,9;6,35;🟢 OK;0,0;732,89;0,0
PC008170;Não informado;D;Baixa;19,0;9,2;61,8;40;75;15;5,91;6,35;🟢 OK;0,0;943,52;0,0
PC003505;Não informado;D;Baixa;116,0;92,7;37,5;40;75;15;9,73;6,35;🔴 Comprar agora;116,0;68,56;7942,49
PC003212;Não informado;D;Baixa;68,0;21,3;95,7;40;75;15;3,81;6,35;🟡 Estoque excessivo;0,0;280,3;0,0
PC001628;Não informado;D;Baixa;31,0;16,8;55,3;40;75;15;6,6;6,35;🟢 OK;0,0;385,17;0,0
PC008814;Não informado;D;Baixa;17,0;5,5;93,0;40;75;15;3,93;6,35;🟡 Estoque excessivo;0,0;770,17;0,0
PC003331;Não informado;D;Baixa;38,0;17,7;64,6;40;75;15;5,65;6,35;🟢 OK;0,0;243,01;0,0
PC002255;Não informado;D;Baixa;58,0;19,1;90,9;40;75;15;4,02;6,35;🟡 Estoque excessivo;0,0;236,4;0,0
PC002891;Não informado;D;Baixa;115,0;39,8;86,7;40;75;15;4,21;6,35;🟡 Estoque excessivo;0,0;156,66;0,0
PC008703;Não informado;D;Baixa;18,0;6,9;77,9;40;75;15;4,69;6,35;🟡 Estoque excessivo;0,0;1055,06;0,0
PC006356;Não informado;D;Baixa;1,0;1,0;30,6;40;75;15;11,93;6,35;🔴 Comprar agora;1,0;5154,54;7483,48
PC006025;Não informado;D;Baixa;10,0;6,5;46,1;40;75;15;7,92;6,35;🟢 OK;0,0;669,93;0,0
PC009127;Não informado;D;Baixa;14,0;12,3;34,2;40;75;15;10,66;6,35;🔴 Comprar agora;17,0;369,83;6168,5
PC007734;Não informado;D;Baixa;33,0;28,9;34,2;40;75;15;10,67;6,35;🔴 Comprar agora;39,0;370,83;14584,49
PC002954;Não informado;D;Baixa;11,0;4,1;80,6;40;75;15;4,53;6,35;🟡 Estoque excessivo;0,0;1244,22;0,0
PC005662;Não informado;D;Baixa;5,0;17,3;8,7;40;75;15;42,14;6,35;🚨 RUPTURA IMINENTE;38,0;923,57;35372,13
PC005319;Não informado;D;Baixa;8,0;16,4;14,7;40;75;15;24,9;6,35;🚨 RUPTURA IMINENTE;33,0;1368,62;45064,58
PC000261;Não informado;D;Média;9,0;5,1;53,4;40;75;15;6,84;6,35;🟢 OK;0,0;2059,08;0,0
PC007332;Não informado;D;Baixa;9,0;6,1;44,2;40;75;15;8,25;6,35;🟢 OK;0,0;711,36;0,0
PC001470;Não informado;D;Baixa;2,0;1,0;60,5;40;75;15;6,03;6,35;🟢 OK;0,0;5161,53;0,0
PC000320;Não informado;D;Baixa;4,0;6,1;19,7;40;75;15;18,54;6,35;🔴 Comprar agora;11,0;997,99;11216,25
PC002015;Não informado;D;Baixa;18,0;12,4;43,5;40;75;15;8,39;6,35;🟢 OK;0,0;1055,78;0,0
PC006092;Não informado;D;Baixa;29,0;16,1;54,1;40;75;15;6,74;6,35;🟢 OK;0,0;337,03;0,0
PC004116;Não informado;D;Baixa;2,0;4,1;14,5;40;75;15;25,11;6,35;🚨 RUPTURA IMINENTE;8,0;3818,21;31769,39
PC002461;Não informado;D;Baixa;57,0;23,3;73,5;40;75;15;4,97;6,35;🟢 OK;0,0;211,14;0,0
PC007972;Não informado;D;Baixa;29,0;10,7;81,5;40;75;15;4,48;6,35;🟡 Estoque excessivo;0,0;427,89;0,0
PC004322;Não informado;D;Baixa;47,0;15,4;91,6;40;75;15;3,98;6,35;🟡 Estoque excessivo;0,0;397,41;0,0
PC000107;Não informado;D;Baixa;23,0;11,3;61,3;40;75;15;5,95;6,35;🟢 OK;0,0;746,94;0,0
PC005354;Não informado;D;Baixa;21,0;9,8;64,3;40;75;15;5,67;6,35;🟢 OK;0,0;555,41;0,0
PC002861;Não informado;D;Média;17,0;11,0;46,3;40;75;15;7,88;6,35;🟢 OK;0,0;812,47;0,0
PC001374;Não informado;D;Baixa;12,0;4,2;84,8;40;75;15;4,3;6,35;🟡 Estoque excessivo;0,0;1129,44;0,0
PC001686;Não informado;D;Baixa;10,0;9,3;32,2;40;75;15;11,35;6,35;🔴 Comprar agora;13,0;657,66;8762,58
PC005498;Não informado;D;Baixa;64,0;98,2;19,6;40;75;15;18,67;6,35;🔴 Comprar agora;182,0;53,9;9783,14
PC001098;Não informado;D;Baixa;7,0;12,5;16,8;40;75;15;21,67;6,35;🔴 Comprar agora;24,0;1363,91;32958,45
PC001882;Não informado;D;Baixa;48,0;17,5;82,2;40;75;15;4,44;6,35;🟡 Estoque excessivo;0,0;322,91;0,0
PC007580;Não informado;D;Baixa;23,0;34,4;20,0;40;75;15;18,22;6,35;🔴 Comprar agora;63,0;164,16;10358,59
PC008755;Não informado;D;Baixa;73,0;51,5;42,5;40;75;15;8,58;6,35;🟢 OK;0,0;191,1;0,0
PC006251;Não informado;D;Baixa;2,0;9,9;6,1;40;75;15;60,02;6,35;🚨 RUPTURA IMINENTE;23,0;1407,43;31898,63
PC002864;Não informado;D;Baixa;3,0;5,0;17,9;40;75;15;20,34;6,35;🔴 Comprar agora;10,0;1213,49;11573,7
PC007995;Não informado;D;Baixa;4,0;3,3;36,7;40;75;15;9,94;6,35;🔴 Comprar agora;4,0;2283,16;9526,09
PC002377;Não informado;D;Baixa;6,0;5,6;31,9;40;75;15;11,43;6,35;🔴 Comprar agora;8,0;960,57;7773,42
PC002237;Não informado;D;Baixa;13,0;14,2;27,4;40;75;15;13,32;6,35;🔴 Comprar agora;23,0;360,99;8151,27
PC006580;Não informado;D;Baixa;7,0;4,3;49,1;40;75;15;7,44;6,35;🟢 OK;0,0;1347,63;0,0
PC007790;Não informado;D;Baixa;44,0;17,9;73,7;40;75;15;4,95;6,35;🟢 OK;0,0;265,8;0,0
PC006594;Não informado;D;Baixa;10,0;4,0;75,4;40;75;15;4,84;6,35;🟡 Estoque excessivo;0,0;1579,39;0,0
PC002872;Não informado;D;Baixa;9,0;13,0;20,8;40;75;15;17,54;6,35;🔴 Comprar agora;23,0;756,03;17724,06
PC007650;Não informado;D;Baixa;35,0;21,2;49,5;40;75;15;7,37;6,35;🟢 OK;0,0;246,66;0,0
PC001660;Não informado;D;Baixa;1,0;1,6;18,7;40;75;15;19,53;6,35;🔴 Comprar agora;3,0;4840,14;14580,47
PC009368;Não informado;D;Baixa;10,0;3,8;79,6;40;75;15;4,58;6,35;🟡 Estoque excessivo;0,0;1289,65;0,0
PC000215;Não informado;D;Baixa;16,0;7,2;66,5;40;75;15;5,49;6,35;🟢 OK;0,0;795,54;0,0
PC005710;Não informado;D;Média;8,0;12,1;19,9;40;75;15;18,37;6,35;🔴 Comprar agora;22,0;831,97;18474,11
PC004793;Não informado;D;Baixa;6,0;10,9;16,6;40;75;15;22,04;6,35;🔴 Comprar agora;21,0;782,55;16572,14
PC007237;Não informado;D;Média;13,0;6,4;60,6;40;75;15;6,02;6,35;🟢 OK;0,0;1359,66;0,0
PC004437;Não informado;D;Baixa;40,0;12,3;97,2;40;75;15;3,76;6,35;🟡 Estoque excessivo;0,0;544,56;0,0
PC002358;Não informado;D;Baixa;18,0;21,8;24,8;40;75;15;14,73;6,35;🔴 Comprar agora;36,0;284,94;10399,94
PC006664;Não informado;D;Baixa;74,0;35,5;62,4;40;75;15;5,84;6,35;🟢 OK;0,0;622,93;0,0
PC001251;Não informado;D;Baixa;7,0;4,0;52,2;40;75;15;7,0;6,35;🟢 OK;0,0;1169,35;0,0
PC007697;Não informado;D;Média;4,0;6,5;18,4;40;75;15;19,86;6,35;🔴 Comprar agora;12,0;1147,42;14143,2
PC002658;Não informado;D;Baixa;82,0;43,1;57,0;40;75;15;6,4;6,35;🟢 OK;0,0;103,34;0,0
PC003633;Não informado;D;Baixa;23,0;14,8;46,7;40;75;15;7,81;6,35;🟢 OK;0,0;356,86;0,0
PC004524;Não informado;D;Baixa;8,0;4,6;52,0;40;75;15;7,01;6,35;🟢 OK;0,0;1154,6;0,0
PC007475;Não informado;D;Baixa;10,0;52,4;5,7;40;75;15;63,77;6,35;🚨 RUPTURA IMINENTE;121,0;352,13;42618,75
PC003218;Não informado;D;Baixa;4,0;4,8;24,8;40;75;15;14,73;6,35;🔴 Comprar agora;8,0;976,55;7915,09
PC008722;Não informado;D;Média;5,0;13,1;11,5;40;75;15;31,85;6,35;🚨 RUPTURA IMINENTE;28,0;613,4;17007,32
PC001940;Não informado;D;Baixa;2,0;1,0;59,1;40;75;15;6,18;6,35;🟢 OK;0,0;5005,62;0,0
PC001482;Não informado;D;Baixa;8,0;4,2;57,7;40;75;15;6,33;6,35;🟢 OK;0,0;1463,84;0,0
PC005449;Não informado;D;Baixa;24,0;10,6;68,1;40;75;15;5,36;6,35;🟢 OK;0,0;549,68;0,0
PC006601;Não informado;D;Baixa;10,0;6,5;45,9;40;75;15;7,96;6,35;🟢 OK;0,0;856,66;0,0
PC008771;Não informado;D;Baixa;19,0;17,2;33,2;40;75;15;11,0;6,35;🔴 Comprar agora;24,0;286,68;6868,54
PC002775;Não informado;D;Baixa;3,0;3,8;23,6;40;75;15;15,5;6,35;🔴 Comprar agora;7,0;1161,21;7610,71
PC009080;Não informado;D;Baixa;10,0;5,0;59,6;40;75;15;6,13;6,35;🟢 OK;0,0;1177,2;0,0
PC004094;Não informado;D;Baixa;2,0;1,7;35,4;40;75;15;10,32;6,35;🔴 Comprar agora;2,0;5781,13;12957,78
PC002350;Não informado;D;Baixa;9,0;4,4;60,7;40;75;15;6,01;6,35;🟢 OK;0,0;955,37;0,0
PC005204;Não informado;D;Baixa;3,0;1,0;89,5;40;75;15;4,08;6,35;🟡 Estoque excessivo;0,0;5438,77;0,0
PC002445;Não informado;D;Média;1,0;3,4;8,8;40;75;15;41,55;6,35;🚨 RUPTURA IMINENTE;8,0;3163,19;23843,09
PC000025;Não informado;D;Baixa;2,0;1,1;56,8;40;75;15;6,43;6,35;🟢 OK;0,0;4867,73;0,0
PC003975;Não informado;D;Baixa;9,0;12,2;22,1;40;75;15;16,53;6,35;🔴 Comprar agora;22,0;2148,81;46360,82
PC005997;Não informado;D;Baixa;2,0;1,0;58,6;40;75;15;6,23;6,35;🟢 OK;0,0;4968,95;0,0
PC003564;Não informado;D;Baixa;10,0;17,4;17,2;40;75;15;21,2;6,35;🔴 Comprar agora;34,0;355,37;11928,88
PC004421;Não informado;D;Baixa;16,0;6,8;71,1;40;75;15;5,13;6,35;🟢 OK;0,0;859,03;0,0
PC002769;Não informado;D;Baixa;20,0;16,1;37,4;40;75;15;9,77;6,35;🔴 Comprar agora;20,0;1247,13;25133,64
PC001527;Não informado;D;Média;8,0;9,9;24,2;40;75;15;15,07;6,35;🔴 Comprar agora;17,0;934,57;15680,89
PC006780;Não informado;D;Baixa;1,0;1,0;29,7;40;75;15;12,31;6,35;🔴 Comprar agora;2,0;5846,44;8938,97
PC006207;Não informado;D;Baixa;60,0;19,6;92,0;40;75;15;3,97;6,35;🟡 Estoque excessivo;0,0;295,7;0,0
PC009929;Não informado;D;Baixa;22,0;7,0;94,8;40;75;15;3,85;6,35;🟡 Estoque excessivo;0,0;874,58;0,0
PC006965;Não informado;D;Baixa;10,0;18,5;16,2;40;75;15;22,49;6,35;🔴 Comprar agora;36,0;430,88;15606,46
PC004868;Não informado;D;Baixa;3,0;1,6;56,7;40;75;15;6,44;6,35;🟢 OK;0,0;5365,34;0,0
PC007380;Não informado;D;Baixa;2,0;4,1;14,6;40;75;15;24,93;6,35;🚨 RUPTURA IMINENTE;8,0;5243,3;43226,14
PC006640;Não informado;D;Baixa;12,0;7,6;47,4;40;75;15;7,7;6,35;🟢 OK;0,0;933,96;0,0
PC008885;Não informado;D;Baixa;56,0;17,7;94,8;40;75;15;3,85;6,35;🟡 Estoque excessivo;0,0;281,64;0,0
PC007617;Não informado;D;Baixa;3,0;24,4;3,7;40;75;15;99,08;6,35;🚨 RUPTURA IMINENTE;58,0;1223,35;71048,74
PC008982;Não informado;D;Baixa;37,0;80,3;13,8;40;75;15;26,41;6,35;🚨 RUPTURA IMINENTE;164,0;204,52;33491,2
PC007004;Não informado;D;Baixa;32,0;14,6;65,7;40;75;15;5,55;6,35;🟢 OK;0,0;398,73;0,0
PC006468;Não informado;D;Baixa;2,0;6,1;9,9;40;75;15;37,01;6,35;🚨 RUPTURA IMINENTE;13,0;2269,29;29976,84
PC009818;Não informado;D;Baixa;13,0;4,1;95,4;40;75;15;3,83;6,35;🟡 Estoque excessivo;0,0;1197,31;0,0
PC003339;Não informado;D;Baixa;33,0;25,3;39,1;40;75;15;9,35;6,35;🔴 Comprar agora;30,0;696,68;21157,25
PC001767;Não informado;D;Média;14,0;10,4;40,3;40;75;15;9,06;6,35;🟢 OK;0,0;741,35;0,0
PC009541;Não informado;D;Baixa;2,0;2,0;30,0;40;75;15;12,17;6,35;🔴 Comprar agora;3,0;3049,24;9148,95
PC004502;Não informado;D;Baixa;53,0;32,5;48,9;40;75;15;7,46;6,35;🟢 OK;0,0;177,16;0,0
PC008326;Não informado;D;Baixa;23,0;7,1;97,8;40;75;15;3,73;6,35;🟡 Estoque excessivo;0,0;603,15;0,0
PC004325;Não informado;D;Baixa;5,0;2,6;56,9;40;75;15;6,41;6,35;🟢 OK;0,0;1571,22;0,0
PC004102;Não informado;D;Baixa;44,0;19,9;66,4;40;75;15;5,5;6,35;🟢 OK;0,0;224,75;0,0
PC007911;Não informado;D;Baixa;10,0;7,8;38,5;40;75;15;9,47;6,35;🔴 Comprar agora;9,0;1036,85;9810,75
PC006047;Não informado;D;Baixa;14,0;8,5;49,5;40;75;15;7,37;6,35;🟢 OK;0,0;1744,03;0,0
PC000621;Não informado;D;Baixa;1,0;1,3;23,5;40;75;15;15,54;6,35;🔴 Comprar agora;2,0;4770,86;10466,57
PC007235;Não informado;D;Baixa;44,0;22,5;58,6;40;75;15;6,23;6,35;🟢 OK;0,0;214,06;0,0
PC007975;Não informado;D;Baixa;151,0;49,8;90,9;40;75;15;4,01;6,35;🟡 Estoque excessivo;0,0;99,28;0,0
PC008373;Não informado;D;Baixa;19,0;16,0;35,7;40;75;15;10,23;6,35;🔴 Comprar agora;21,0;906,74;18972,94
PC000304;Não informado;D;Baixa;6,0;8,9;20,2;40;75;15;18,07;6,35;🔴 Comprar agora;16,0;1044,22;16995,16
PC007630;Não informado;D;Baixa;12,0;36,1;10,0;40;75;15;36,6;6,35;🚨 RUPTURA IMINENTE;78,0;653,04;51103,91
PC001296;Não informado;D;Baixa;11,0;16,7;19,8;40;75;15;18,44;6,35;🔴 Comprar agora;31,0;1341,92;41157,8
PC008176;Não informado;D;Baixa;20,0;7,8;76,6;40;75;15;4,76;6,35;🟡 Estoque excessivo;0,0;571,24;0,0
PC005305;Não informado;D;Baixa;6,0;8,2;22,0;40;75;15;16,62;6,35;🔴 Comprar agora;14,0;796,77;11549,2
PC008546;Não informado;D;Baixa;10,0;21,8;13,7;40;75;15;26,55;6,35;🚨 RUPTURA IMINENTE;45,0;968,3;43146,95
PC001390;Não informado;D;Baixa;59,0;32,2;54,9;40;75;15;6,65;6,35;🟢 OK;0,0;163,7;0,0
PC000795;Não informado;D;Baixa;11,0;4,1;80,5;40;75;15;4,54;6,35;🟡 Estoque excessivo;0,0;1033,0;0,0
PC005706;Não informado;D;Baixa;8,0;7,9;30,3;40;75;15;12,05;6,35;🔴 Comprar agora;12,0;1046,03;12346,66
PC006293;Não informado;D;Baixa;44,0;80,3;16,4;40;75;15;22,21;6,35;🔴 Comprar agora;157,0;404,68;63452,61
PC004531;Não informado;D;Baixa;73,0;77,6;28,2;40;75;15;12,94;6,35;🔴 Comprar agora;121,0;95,94;11617,43
PC003708;Não informado;D;Baixa;3,0;4,1;22,1;40;75;15;16,54;6,35;🔴 Comprar agora;7,0;1690,98;12169,24
PC008422;Não informado;D;Baixa;41,0;20,4;60,2;40;75;15;6,06;6,35;🟢 OK;0,0;350,2;0,0
PC001804;Não informado;D;Baixa;41,0;16,2;76,1;40;75;15;4,8;6,35;🟡 Estoque excessivo;0,0;383,47;0,0
PC003377;Não informado;D;Baixa;34,0;13,4;76,1;40;75;15;4,79;6,35;🟡 Estoque excessivo;0,0;429,96;0,0
PC002504;Não informado;D;Baixa;5,0;8,0;18,7;40;75;15;19,53;6,35;🔴 Comprar agora;15,0;599,09;9027,35
PC003846;Não informado;D;Baixa;81,0;48,1;50,5;40;75;15;7,23;6,35;🟢 OK;0,0;199,86;0,0
PC009872;Não informado;D;Baixa;137,0;43,6;94,2;40;75;15;3,87;6,35;🟡 Estoque excessivo;0,0;108,11;0,0
PC009067;Não informado;D;Baixa;2,0;2,5;23,7;40;75;15;15,42;6,35;🔴 Comprar agora;4,0;1667,48;7230,6
PC001306;Não informado;D;Baixa;3,0;1,0;89,1;40;75;15;4,09;6,35;🟡 Estoque excessivo;0,0;5356,47;0,0
PC001207;Não informado;D;Baixa;8,0;4,2;57,8;40;75;15;6,32;6,35;🟢 OK;0,0;1252,68;0,0
PC005887;Não informado;D;Baixa;5,0;7,3;20,6;40;75;15;17,74;6,35;🔴 Comprar agora;13,0;747,62;9889,51
PC005064;Não informado;D;Baixa;5,0;6,1;24,6;40;75;15;14,86;6,35;🔴 Comprar agora;10,0;920,11;9447,15
PC002110;Não informado;D;Baixa;4,0;8,0;15,0;40;75;15;24,35;6,35;🚨 RUPTURA IMINENTE;16,0;2116,3;33888,08
PC002382;Não informado;D;Baixa;2,0;20,1;3,0;40;75;15;122,05;6,35;🚨 RUPTURA IMINENTE;48,0;875,23;42147,32
PC003643;Não informado;D;Média;42,0;23,8;53,0;40;75;15;6,88;6,35;🟢 OK;0,0;342,46;0,0
PC003883;Não informado;D;Baixa;35,0;16,6;63,4;40;75;15;5,75;6,35;🟢 OK;0,0;1044,04;0,0
PC004271;Não informado;D;Baixa;1,0;1,5;19,4;40;75;15;18,83;6,35;🔴 Comprar agora;3,0;4202,43;12057,84
PC002214;Não informado;D;Baixa;29,0;11,3;76,7;40;75;15;4,76;6,35;🟡 Estoque excessivo;0,0;385,62;0,0
PC001328;Não informado;D;Baixa;40,0;16,3;73,7;40;75;15;4,95;6,35;🟢 OK;0,0;325,87;0,0
PC007342;Não informado;D;Média;15,0;13,2;34,1;40;75;15;10,72;6,35;🔴 Comprar agora;18,0;760,2;13704,69
PC006097;Não informado;D;Baixa;2,0;1,0;60,5;40;75;15;6,03;6,35;🟢 OK;0,0;5990,42;0,0
PC000505;Não informado;D;Baixa;34,0;13,4;76,0;40;75;15;4,8;6,35;🟡 Estoque excessivo;0,0;279,39;0,0
PC003882;Não informado;D;Baixa;48,0;30,0;47,9;40;75;15;7,62;6,35;🟢 OK;0,0;197,68;0,0
PC007062;Não informado;D;Baixa;12,0;4,6;77,6;40;75;15;4,71;6,35;🟡 Estoque excessivo;0,0;823,18;0,0
PC005161;Não informado;D;Baixa;194,0;61,6;94,4;40;75;15;3,86;6,35;🟡 Estoque excessivo;0,0;79,84;0,0
PC000912;Não informado;D;Baixa;7,0;7,1;29,6;40;75;15;12,34;6,35;🔴 Comprar agora;11,0;794,59;8537,07
PC004278;Não informado;D;Baixa;38,0;21,7;52,5;40;75;15;6,95;6,35;🟢 OK;0,0;292,09;0,0
PC009922;Não informado;D;Baixa;15,0;11,3;39,7;40;75;15;9,19;6,35;🔴 Comprar agora;13,0;635,81;8479,11
PC007181;Não informado;D;Baixa;5,0;4,0;37,5;40;75;15;9,74;6,35;🔴 Comprar agora;5,0;1043,82;5225,11
PC000357;Não informado;D;Baixa;10,0;6,0;49,7;40;75;15;7,34;6,35;🟢 OK;0,0;841,82;0,0
PC008667;Não informado;D;Baixa;5,0;4,6;32,6;40;75;15;11,2;6,35;🔴 Comprar agora;7,0;837,94;5450,19
PC008245;Não informado;D;Baixa;3,0;19,0;4,7;40;75;15;77,09;6,35;🚨 RUPTURA IMINENTE;45,0;896,76;39924,51
PC002228;Não informado;D;Baixa;1,0;0,9;32,2;40;75;15;11,33;6,35;🔴 Comprar agora;1,0;5160,98;6849,47
PC008182;Não informado;D;Baixa;18,0;24,9;21,7;40;75;15;16,82;6,35;🔴 Comprar agora;44,0;170,53;7537,84
PC009329;Não informado;D;Baixa;104,0;38,1;82,0;40;75;15;4,45;6,35;🟡 Estoque excessivo;0,0;130,51;0,0
PC003120;Não informado;D;Baixa;37,0;12,4;89,6;40;75;15;4,07;6,35;🟡 Estoque excessivo;0,0;337,94;0,0
PC004770;Não informado;D;Baixa;24,0;24,5;29,4;40;75;15;12,43;6,35;🔴 Comprar agora;37,0;184,21;6867,93
PC009623;Não informado;D;Baixa;4,0;1,9;62,2;40;75;15;5,87;6,35;🟢 OK;0,0;2961,55;0,0
PC007442;Não informado;D;Baixa;14,0;7,6;55,4;40;75;15;6,59;6,35;🟢 OK;0,0;1034,28;0,0
PC000014;Não informado;D;Baixa;35,0;51,0;20,6;40;75;15;17,75;6,35;🔴 Comprar agora;93,0;183,33;16980,16
PC005095;Não informado;D;Média;17,0;10,1;50,5;40;75;15;7,23;6,35;🟢 OK;0,0;967,84;0,0
PC009563;Não informado;D;Baixa;5,0;6,4;23,4;40;75;15;15,6;6,35;🔴 Comprar agora;11,0;924,39;10189,28
PC001734;Não informado;D;Baixa;27,0;28,8;28,1;40;75;15;12,99;6,35;🔴 Comprar agora;45,0;495,38;22328,15
PC004288;Não informado;D;Baixa;12,0;6,2;58,3;40;75;15;6,26;6,35;🟢 OK;0,0;919,38;0,0
PC001163;Não informado;D;Baixa;4,0;6,0;20,0;40;75;15;18,27;6,35;🔴 Comprar agora;11,0;907,6;9999,89
PC006373;Não informado;D;Baixa;20,0;13,7;43,6;40;75;15;8,36;6,35;🟢 OK;0,0;430,66;0,0
PC004721;Não informado;D;Baixa;32,0;15,2;63,3;40;75;15;5,76;6,35;🟢 OK;0,0;320,58;0,0
PC007230;Não informado;D;Baixa;1,0;1,0;30,8;40;75;15;11,83;6,35;🔴 Comprar agora;1,0;4582,03;6558,45
PC000035;Não informado;D;Baixa;21,0;6,9;91,5;40;75;15;3,99;6,35;🟡 Estoque excessivo;0,0;914,49;0,0
PC008101;Não informado;D;Baixa;21,0;8,9;70,8;40;75;15;5,15;6,35;🟢 OK;0,0;569,77;0,0
PC002313;Não informado;D;Baixa;9,0;10,9;24,8;40;75;15;14,74;6,35;🔴 Comprar agora;18,0;741,4;13542,96
PC008611;Não informado;D;Baixa;9,0;3,0;91,3;40;75;15;4,0;6,35;🟡 Estoque excessivo;0,0;1552,44;0,0
PC004117;Não informado;D;Baixa;5,0;23,5;6,4;40;75;15;57,13;6,35;🚨 RUPTURA IMINENTE;54,0;706,48;37936,97
PC005082;Não informado;D;Baixa;1,0;3,3;9,0;40;75;15;40,73;6,35;🚨 RUPTURA IMINENTE;7,0;5264,54;38798,84
PC008911;Não informado;D;Baixa;16,0;5,4;88,7;40;75;15;4,12;6,35;🟡 Estoque excessivo;0,0;768,23;0,0
PC008327;Não informado;D;Baixa;5,0;2,1;72,7;40;75;15;5,02;6,35;🟢 OK;0,0;2657,95;0,0
PC008449;Não informado;D;Baixa;78,0;24,3;96,3;40;75;15;3,79;6,35;🟡 Estoque excessivo;0,0;209,0;0,0
PC003352;Não informado;D;Baixa;5,0;2,1;69,9;40;75;15;5,22;6,35;🟢 OK;0,0;2662,39;0,0
PC009208;Não informado;D;Baixa;7,0;4,9;42,7;40;75;15;8,54;6,35;🟢 OK;0,0;1206,75;0,0
PC001188;Não informado;D;Baixa;35,0;11,9;88,0;40;75;15;4,15;6,35;🟡 Estoque excessivo;0,0;475,05;0,0
PC007308;Não informado;D;Baixa;31,0;14,9;62,6;40;75;15;5,83;6,35;🟢 OK;0,0;256,16;0,0
PC005212;Não informado;D;Baixa;36,0;289,7;3,7;40;75;15;97,91;6,35;🚨 RUPTURA IMINENTE;688,0;63,43;43656,84
PC004938;Não informado;D;Baixa;6,0;6,6;27,1;40;75;15;13,47;6,35;🔴 Comprar agora;11,0;701,57;7441,06
PC002091;Não informado;D;Baixa;93,0;30,2;92,2;40;75;15;3,96;6,35;🟡 Estoque excessivo;0,0;156,89;0,0
PC008922;Não informado;D;Baixa;9,0;4,8;56,0;40;75;15;6,51;6,35;🟢 OK;0,0;863,28;0,0
PC004019;Não informado;D;Baixa;11,0;15,8;20,9;40;75;15;17,5;6,35;🔴 Comprar agora;29,0;254,93;7280,61
PC002417;Não informado;D;Baixa;9,0;14,1;19,1;40;75;15;19,12;6,35;🔴 Comprar agora;26,0;369,92;9753,3
PC008095;Não informado;D;Baixa;21,0;15,9;39,7;40;75;15;9,2;6,35;🔴 Comprar agora;19,0;267,11;4989,96
PC007864;Não informado;D;Baixa;19,0;29,8;19,1;40;75;15;19,07;6,35;🔴 Comprar agora;55,0;193,06;10705,66
PC006624;Não informado;D;Baixa;13,0;6,9;56,4;40;75;15;6,47;6,35;🟢 OK;0,0;959,54;0,0
PC000398;Não informado;D;Baixa;26,0;8,9;87,6;40;75;15;4,17;6,35;🟡 Estoque excessivo;0,0;584,44;0,0
PC000355;Não informado;D;Baixa;20,0;9,1;66,1;40;75;15;5,52;6,35;🟢 OK;0,0;631,87;0,0
PC009919;Não informado;D;Baixa;10,0;5,3;56,5;40;75;15;6,46;6,35;🟢 OK;0,0;1036,2;0,0
PC001852;Não informado;D;Baixa;7,0;4,8;43,8;40;75;15;8,33;6,35;🟢 OK;0,0;1678,21;0,0
PC001847;Não informado;D;Baixa;10,0;5,3;56,5;40;75;15;6,46;6,35;🟢 OK;0,0;849,69;0,0
PC004633;Não informado;D;Baixa;2,0;1,2;51,9;40;75;15;7,03;6,35;🟢 OK;0,0;5448,57;0,0
PC009830;Não informado;D;Baixa;26,0;15,8;49,3;40;75;15;7,41;6,35;🟢 OK;0,0;479,33;0,0
PC006023;Não informado;D;Baixa;1,0;4,2;7,1;40;75;15;51,63;6,35;🚨 RUPTURA IMINENTE;10,0;4501,7;43258,67
PC008172;Não informado;D;Baixa;39,0;17,7;66,1;40;75;15;5,52;6,35;🟢 OK;0,0;317,82;0,0
PC005891;Não informado;D;Baixa;79,0;38,5;61,6;40;75;15;5,92;6,35;🟢 OK;0,0;167,76;0,0
PC006536;Não informado;D;Baixa;5,0;8,1;18,5;40;75;15;19,72;6,35;🔴 Comprar agora;15,0;1153,54;17602,63
PC008329;Não informado;D;Baixa;15,0;5,0;90,2;40;75;15;4,05;6,35;🟡 Estoque excessivo;0,0;1066,68;0,0
PC008109;Não informado;D;Média;3,0;1,7;53,3;40;75;15;6,84;6,35;🟢 OK;0,0;5233,18;0,0
PC004800;Não informado;D;Baixa;14,0;14,6;28,8;40;75;15;12,65;6,35;🔴 Comprar agora;22,0;665,66;14911,71
PC000116;Não informado;D;Baixa;28,0;9,3;90,6;40;75;15;4,03;6,35;🟡 Estoque excessivo;0,0;614,57;0,0
PC006822;Não informado;D;Baixa;3,0;25,7;3,5;40;75;15;104,32;6,35;🚨 RUPTURA IMINENTE;61,0;589,18;36120,6
PC001657;Não informado;D;Baixa;5,0;11,3;13,2;40;75;15;27,59;6,35;🚨 RUPTURA IMINENTE;23,0;611,99;14289,19
PC007376;Não informado;D;Baixa;14,0;11,1;37,8;40;75;15;9,64;6,35;🔴 Comprar agora;14,0;380,32;5226,47
PC003261;Não informado;D;Baixa;27,0;40,2;20,1;40;75;15;18,14;6,35;🔴 Comprar agora;74,0;181,0;13325,07
PC004877;Não informado;D;Baixa;1,0;7,0;4,3;40;75;15;85,31;6,35;🚨 RUPTURA IMINENTE;17,0;2387,5;39463,92
PC009412;Não informado;D;Baixa;14,0;4,0;105,8;40;75;15;3,45;6,35;🟡 Estoque excessivo;0,0;1401,4;0,0
PC005450;Não informado;D;Baixa;5,0;17,1;8,8;40;75;15;41,51;6,35;🚨 RUPTURA IMINENTE;38,0;1314,26;49476,22
PC003983;Não informado;D;Baixa;8,0;5,2;46,4;40;75;15;7,87;6,35;🟢 OK;0,0;1141,69;0,0
PC003820;Não informado;D;Baixa;25,0;14,1;53,0;40;75;15;6,88;6,35;🟢 OK;0,0;344,49;0,0
PC000235;Não informado;D;Baixa;39,0;14,3;81,7;40;75;15;4,47;6,35;🟡 Estoque excessivo;0,0;413,78;0,0
PC009115;Não informado;D;Baixa;10,0;8,0;37,6;40;75;15;9,71;6,35;🔴 Comprar agora;10,0;919,3;9155,58
PC002342;Não informado;D;Baixa;24,0;12,1;59,4;40;75;15;6,15;6,35;🟢 OK;0,0;407,69;0,0
PC005466;Não informado;D;Baixa;13,0;4,9;79,5;40;75;15;4,59;6,35;🟡 Estoque excessivo;0,0;1043,06;0,0
PC001969;Não informado;D;Baixa;57,0;20,4;83,8;40;75;15;4,36;6,35;🟡 Estoque excessivo;0,0;190,17;0,0
PC008386;Não informado;D;Baixa;1,0;1,0;30,1;40;75;15;12,14;6,35;🔴 Comprar agora;1,0;5467,18;8171,27
PC009905;Não informado;D;Baixa;101,0;54,5;55,6;40;75;15;6,57;6,35;🟢 OK;0,0;80,79;0,0
PC005806;Não informado;D;Baixa;5,0;4,0;37,7;40;75;15;9,67;6,35;🔴 Comprar agora;5,0;1207,03;5956,57
PC006149;Não informado;D;Baixa;32,0;13,6;70,7;40;75;15;5,16;6,35;🟢 OK;0,0;375,53;0,0
PC001701;Não informado;D;Baixa;10,0;4,5;66,3;40;75;15;5,5;6,35;🟢 OK;0,0;1046,04;0,0
PC003052;Não informado;D;Baixa;26,0;12,0;65,0;40;75;15;5,61;6,35;🟢 OK;0,0;445,75;0,0
PC000090;Não informado;D;Baixa;3,0;1,3;70,9;40;75;15;5,15;6,35;🟢 OK;0,0;4014,3;0,0
PC003145;Não informado;D;Baixa;15,0;6,2;72,9;40;75;15;5,01;6,35;🟢 OK;0,0;694,42;0,0
PC003624;Não informado;D;Baixa;91,0;46,1;59,3;40;75;15;6,16;6,35;🟢 OK;0,0;111,7;0,0
PC009076;Não informado;D;Baixa;6,0;4,6;39,5;40;75;15;9,23;6,35;🔴 Comprar agora;5,0;3230,3;17396,29
PC007186;Não informado;D;Baixa;31,0;9,8;94,5;40;75;15;3,86;6,35;🟡 Estoque excessivo;0,0;546,55;0,0
PC005451;Não informado;D;Baixa;30,0;11,9;75,9;40;75;15;4,81;6,35;🟡 Estoque excessivo;0,0;439,97;0,0
PC001944;Não informado;D;Baixa;4,0;10,3;11,6;40;75;15;31,43;6,35;🚨 RUPTURA IMINENTE;22,0;2299,57;50200,45
PC005775;Não informado;D;Baixa;22,0;9,1;72,9;40;75;15;5,01;6,35;🟢 OK;0,0;442,67;0,0
PC008520;Não informado;D;Baixa;17,0;6,2;82,4;40;75;15;4,43;6,35;🟡 Estoque excessivo;0,0;660,19;0,0
PC004575;Não informado;D;Baixa;8,0;12,6;19,1;40;75;15;19,15;6,35;🔴 Comprar agora;23,0;404,92;9507,11
PC002455;Não informado;D;Baixa;4,0;7,6;15,8;40;75;15;23,17;6,35;🔴 Comprar agora;15,0;1199,59;18045,34
PC002327;Não informado;D;Baixa;1,0;2,0;15,1;40;75;15;24,17;6,35;🔴 Comprar agora;4,0;2075,48;8232,92
PC009844;Não informado;D;Baixa;3,0;2,0;44,1;40;75;15;8,27;6,35;🟢 OK;0,0;2574,06;0,0
PC005364;Não informado;D;Baixa;10,0;5,9;50,6;40;75;15;7,21;6,35;🟢 OK;0,0;3473,52;0,0
PC008230;Não informado;D;Baixa;14,0;6,3;67,2;40;75;15;5,44;6,35;🟢 OK;0,0;660,42;0,0
PC004121;Não informado;D;Baixa;1,0;7,0;4,3;40;75;15;84,93;6,35;🚨 RUPTURA IMINENTE;16,0;2677,23;44043,01
PC004098;Não informado;D;Baixa;3,0;3,1;29,4;40;75;15;12,41;6,35;🔴 Comprar agora;5,0;1439,41;6690,12
PC000693;Não informado;D;Baixa;8,0;4,4;54,9;40;75;15;6,65;6,35;🟢 OK;0,0;974,06;0,0
PC001749;Não informado;D;Baixa;27,0;11,9;68,0;40;75;15;5,37;6,35;🟢 OK;0,0;475,93;0,0
PC006675;Não informado;D;Baixa;11,0;14,7;22,5;40;75;15;16,21;6,35;🔴 Comprar agora;26,0;659,21;16896,02
PC004451;Não informado;D;Baixa;9,0;3,8;71,4;40;75;15;5,11;6,35;🟢 OK;0,0;1526,14;0,0
PC000718;Não informado;D;Baixa;21,0;38,0;16,6;40;75;15;22,01;6,35;🔴 Comprar agora;74,0;196,2;14512,02
PC008174;Não informado;D;Baixa;18,0;11,2;48,1;40;75;15;7,59;6,35;🟢 OK;0,0;428,03;0,0
PC003279;Não informado;D;Média;94,0;65,8;42,9;40;75;15;8,52;6,35;🟢 OK;0,0;108,47;0,0
PC005069;Não informado;D;Baixa;2,0;1,0;59,6;40;75;15;6,13;6,35;🟢 OK;0,0;5069,32;0,0
PC000636;Não informado;D;Baixa;3,0;5,1;17,6;40;75;15;20,7;6,35;🔴 Comprar agora;10,0;3162,9;30864,69
PC006227;Não informado;D;Baixa;5,0;10,0;14,9;40;75;15;24,42;6,35;🚨 RUPTURA IMINENTE;20,0;475,73;9557,81
PC008025;Não informado;D;Baixa;4,0;2,0;59,1;40;75;15;6,18;6,35;🟢 OK;0,0;2102,91;0,0
PC008845;Não informado;D;Baixa;8,0;10,1;23,8;40;75;15;15,35;6,35;🔴 Comprar agora;17,0;2631,66;45334,13
PC006389;Não informado;D;Baixa;19,0;16,1;35,4;40;75;15;10,32;6,35;🔴 Comprar agora;21,0;408,27;8696,23
PC008342;Não informado;D;Baixa;44,0;16,4;80,5;40;75;15;4,54;6,35;🟡 Estoque excessivo;0,0;350,28;0,0
PC002966;Não informado;D;Baixa;6,0;9,3;19,4;40;75;15;18,77;6,35;🔴 Comprar agora;17,0;470,43;8063,21
PC001971;Não informado;D;Baixa;14,0;26,9;15,6;40;75;15;23,34;6,35;🔴 Comprar agora;53,0;196,81;10460,57
PC009077;Não informado;D;Baixa;15,0;17,1;26,3;40;75;15;13,9;6,35;🔴 Comprar agora;28,0;464,0;12920,04
PC002820;Não informado;D;Baixa;1,0;3,0;9,8;40;75;15;37,08;6,35;🚨 RUPTURA IMINENTE;7,0;5332,41;35301,13
PC009397;Não informado;D;Média;10,0;13,2;22,7;40;75;15;16,09;6,35;🔴 Comprar agora;23,0;577,97;13324,28
PC006501;Não informado;D;Baixa;3,0;2,0;44,8;40;75;15;8,15;6,35;🟢 OK;0,0;2714,36;0,0
PC009039;Não informado;D;Baixa;34,0;15,7;65,0;40;75;15;5,62;6,35;🟢 OK;0,0;407,63;0,0
PC001764;Não informado;D;Baixa;36,0;18,6;58,1;40;75;15;6,29;6,35;🟢 OK;0,0;336,58;0,0
PC001738;Não informado;D;Baixa;13,0;15,0;26,0;40;75;15;14,02;6,35;🔴 Comprar agora;24,0;966,91;23642,23
PC008414;Não informado;D;Baixa;25,0;8,8;84,9;40;75;15;4,3;6,35;🟡 Estoque excessivo;0,0;498,25;0,0
PC005067;Não informado;D;Baixa;33,0;12,5;79,2;40;75;15;4,61;6,35;🟡 Estoque excessivo;0,0;399,59;0,0
PC008388;Não informado;D;Baixa;11,0;11,9;27,6;40;75;15;13,21;6,35;🔴 Comprar agora;19,0;1411,94;26620,81
PC008262;Não informado;D;Baixa;19,0;7,1;80,1;40;75;15;4,56;6,35;🟡 Estoque excessivo;0,0;735,63;0,0
PC000386;Não informado;D;Média;3,0;1,6;56,9;40;75;15;6,42;6,35;🟢 OK;0,0;5628,92;0,0
PC009944;Não informado;D;Baixa;1,0;4,0;7,4;40;75;15;49,17;6,35;🚨 RUPTURA IMINENTE;9,0;5027,49;45766,14
PC002561;Não informado;D;Baixa;11,0;6,1;54,0;40;75;15;6,75;6,35;🟢 OK;0,0;794,87;0,0
PC000015;Não informado;D;Baixa;16,0;47,5;10,1;40;75;15;36,15;6,35;🚨 RUPTURA IMINENTE;103,0;273,31;28111,63
PC005880;Não informado;D;Baixa;6,0;4,4;40,9;40;75;15;8,92;6,35;🟢 OK;0,0;1052,65;0,0
PC006916;Não informado;D;Baixa;2,0;8,1;7,4;40;75;15;49,44;6,35;🚨 RUPTURA IMINENTE;18,0;4144,47;75918,15
PC003195;Não informado;D;Baixa;6,0;1,7;104,3;40;75;15;3,5;6,35;🟡 Estoque excessivo;0,0;2406,91;0,0
PC009827;Não informado;D;Baixa;4,0;3,2;37,2;40;75;15;9,81;6,35;🔴 Comprar agora;4,0;1467,12;5959,02
PC001665;Não informado;D;Baixa;4,0;3,2;37,8;40;75;15;9,65;6,35;🔴 Comprar agora;4,0;1980,04;7780,88
PC008990;Não informado;D;Baixa;2,0;4,0;15,1;40;75;15;24,11;6,35;🔴 Comprar agora;8,0;1352,19;10693,54
PC009536;Não informado;D;Baixa;10,0;6,1;49,3;40;75;15;7,41;6,35;🟢 OK;0,0;799,07;0,0
PC004234;Não informado;D;Baixa;24,0;8,0;89,5;40;75;15;4,08;6,35;🟡 Estoque excessivo;0,0;656,07;0,0
PC005257;Não informado;D;Baixa;14,0;14,5;28,9;40;75;15;12,62;6,35;🔴 Comprar agora;22,0;387,32;8642,08
PC002427;Não informado;D;Baixa;5,0;3,0;50,8;40;75;15;7,18;6,35;🟢 OK;0,0;1524,24;0,0
PC002211;Não informado;D;Baixa;5,0;14,2;10,6;40;75;15;34,5;6,35;🚨 RUPTURA IMINENTE;30,0;591,21;17998,02
PC009848;Não informado;D;Baixa;3,0;16,4;5,5;40;75;15;66,57;6,35;🚨 RUPTURA IMINENTE;38,0;1138,1;43292,27
PC007114;Não informado;D;Baixa;4,0;9,2;13,1;40;75;15;27,89;6,35;🚨 RUPTURA IMINENTE;19,0;1360,75;25750,86
PC009785;Não informado;D;Baixa;13,0;5,1;76,6;40;75;15;4,76;6,35;🟡 Estoque excessivo;0,0;785,77;0,0
PC003363;Não informado;D;Baixa;6,0;11,4;15,8;40;75;15;23,07;6,35;🔴 Comprar agora;22,0;1320,97;29651,44
PC004107;Não informado;D;Baixa;33,0;12,5;79,5;40;75;15;4,59;6,35;🟡 Estoque excessivo;0,0;438,83;0,0
PC004267;Não informado;D;Baixa;19,0;22,3;25,6;40;75;15;14,26;6,35;🔴 Comprar agora;37,0;936,59;34346,15
PC006495;Não informado;D;Baixa;34,0;47,1;21,7;40;75;15;16,85;6,35;🔴 Comprar agora;84,0;415,37;34788,4
PC001436;Não informado;D;Baixa;31,0;33,7;27,6;40;75;15;13,24;6,35;🔴 Comprar agora;53,0;200,23;10685,11
PC002562;Não informado;D;Baixa;3,0;4,2;21,6;40;75;15;16,87;6,35;🔴 Comprar agora;7,0;2944,31;21792,79
PC003765;Não informado;D;Baixa;144,0;54,9;78,6;40;75;15;4,64;6,35;🟡 Estoque excessivo;0,0;110,16;0,0
PC008954;Não informado;D;Média;74,0;70,5;31,5;40;75;15;11,59;6,35;🔴 Comprar agora;102,0;119,99;12269,78
PC009592;Não informado;D;Baixa;30,0;20,7;43,4;40;75;15;8,4;6,35;🟢 OK;0,0;360,68;0,0
PC005896;Não informado;D;Baixa;5,0;27,2;5,5;40;75;15;66,22;6,35;🚨 RUPTURA IMINENTE;63,0;622,01;39210,64
PC002088;Não informado;D;Baixa;98,0;47,6;61,7;40;75;15;5,92;6,35;🟢 OK;0,0;83,71;0,0
PC000381;Não informado;D;Baixa;26,0;47,3;16,5;40;75;15;22,12;6,35;🔴 Comprar agora;92,0;116,64;10751,52
PC004821;Não informado;D;Baixa;32,0;10,1;95,1;40;75;15;3,84;6,35;🟡 Estoque excessivo;0,0;498,49;0,0
PC005586;Não informado;D;Baixa;9,0;16,8;16,0;40;75;15;22,77;6,35;🔴 Comprar agora;33,0;342,26;11331,2
PC002697;Não informado;D;Baixa;11,0;27,3;12,1;40;75;15;30,15;6,35;🚨 RUPTURA IMINENTE;57,0;288,02;16460,32
PC002808;Não informado;D;Baixa;21,0;23,3;27,0;40;75;15;13,53;6,35;🔴 Comprar agora;37,0;566,25;21156,28
PC000183;Não informado;D;Baixa;6,0;10,9;16,5;40;75;15;22,13;6,35;🔴 Comprar agora;21,0;1085,18;23093,93
PC007411;Não informado;D;Baixa;41,0;22,7;54,3;40;75;15;6,73;6,35;🟢 OK;0,0;250,37;0,0
PC003047;Não informado;D;Baixa;37,0;12,8;86,4;40;75;15;4,23;6,35;🟡 Estoque excessivo;0,0;416,03;0,0
PC006838;Não informado;D;Baixa;43,0;19,6;65,8;40;75;15;5,55;6,35;🟢 OK;0,0;220,07;0,0
PC009690;Não informado;D;Baixa;3,0;4,1;22,1;40;75;15;16,55;6,35;🔴 Comprar agora;7,0;1115,4;8030,96
PC008344;Não informado;D;Baixa;3,0;1,0;92,6;40;75;15;3,94;6,35;🟡 Estoque excessivo;0,0;5527,01;0,0
PC009614;Não informado;D;Baixa;61,0;19,8;92,3;40;75;15;3,95;6,35;🟡 Estoque excessivo;0,0;258,61;0,0
PC000273;Não informado;D;Baixa;3,0;5,8;15,5;40;75;15;23,58;6,35;🔴 Comprar agora;12,0;2527,22;29152,79
PC001297;Não informado;D;Baixa;1,0;1,0;29,5;40;75;15;12,38;6,35;🔴 Comprar agora;2,0;4247,92;6556,73
PC000383;Não informado;D;Baixa;22,0;9,0;73,0;40;75;15;5,0;6,35;🟢 OK;0,0;562,04;0,0
PC007933;Não informado;D;Baixa;69,0;28,7;72,1;40;75;15;5,06;6,35;🟢 OK;0,0;190,86;0,0
PC004286;Não informado;D;Baixa;25,0;8,0;93,6;40;75;15;3,9;6,35;🟡 Estoque excessivo;0,0;751,48;0,0
PC008642;Não informado;D;Baixa;2,0;2,9;20,8;40;75;15;17,52;6,35;🔴 Comprar agora;5,0;1517,95;7892,4
PC001678;Não informado;D;Baixa;11,0;5,0;65,6;40;75;15;5,56;6,35;🟢 OK;0,0;1011,29;0,0
PC009515;Não informado;D;Baixa;11,0;8,2;40,1;40;75;15;9,1;6,35;🟢 OK;0,0;1100,5;0,0
PC001765;Não informado;D;Baixa;3,0;1,8;51,2;40;75;15;7,13;6,35;🟢 OK;0,0;2787,17;0,0
PC009240;Não informado;D;Baixa;3,0;1,0;88,7;40;75;15;4,11;6,35;🟡 Estoque excessivo;0,0;4697,6;0,0
PC005302;Não informado;D;Baixa;15,0;20,1;22,3;40;75;15;16,33;6,35;🔴 Comprar agora;35,0;396,2;14001,2
PC005280;Não informado;D;Baixa;14,0;9,5;44,3;40;75;15;8,23;6,35;🟢 OK;0,0;737,06;0,0
PC003791;Não informado;D;Baixa;14,0;20,9;20,1;40;75;15;18,18;6,35;🔴 Comprar agora;38,0;179,87;6891,21
PC007423;Não informado;D;Baixa;17,0;7,6;67,0;40;75;15;5,45;6,35;🟢 OK;0,0;823,21;0,0
PC006919;Não informado;D;Baixa;6,0;13,2;13,7;40;75;15;26,68;6,35;🚨 RUPTURA IMINENTE;27,0;1457,92;39209,52
PC000252;Não informado;D;Baixa;5,0;4,8;31,3;40;75;15;11,64;6,35;🔴 Comprar agora;7,0;4265,71;29704,24
PC007047;Não informado;D;Baixa;3,0;3,0;29,7;40;75;15;12,27;6,35;🔴 Comprar agora;5,0;1830,83;8358,76
PC009487;Não informado;D;Média;16,0;10,0;47,9;40;75;15;7,62;6,35;🟢 OK;0,0;949,68;0,0
PC003891;Não informado;D;Média;68,0;62,1;32,9;40;75;15;11,11;6,35;🔴 Comprar agora;87,0;149,05;12996,93
PC000664;Não informado;D;Baixa;21,0;42,9;14,7;40;75;15;24,83;6,35;🚨 RUPTURA IMINENTE;86,0;420,74;36237,66
PC005007;Não informado;D;Baixa;14,0;9,4;44,6;40;75;15;8,18;6,35;🟢 OK;0,0;529,52;0,0
PC001793;Não informado;D;Baixa;2,0;1,0;59,2;40;75;15;6,16;6,35;🟢 OK;0,0;3836,66;0,0
PC001851;Não informado;D;Baixa;2,0;5,0;12,1;40;75;15;30,17;6,35;🚨 RUPTURA IMINENTE;10,0;2661,74;27679,94
PC001762;Não informado;D;Baixa;56,0;30,3;55,4;40;75;15;6,59;6,35;🟢 OK;0,0;122,37;0,0
PC005803;Não informado;D;Média;5,0;12,3;12,2;40;75;15;29,86;6,35;🚨 RUPTURA IMINENTE;26,0;759,25;19499,33
PC001131;Não informado;D;Média;7,0;10,1;20,8;40;75;15;17,51;6,35;🔴 Comprar agora;18,0;788,15;14332,09
PC003918;Não informado;D;Baixa;19,0;11,3;50,5;40;75;15;7,22;6,35;🟢 OK;0,0;418,77;0,0
PC002166;Não informado;D;Baixa;51,0;32,8;46,6;40;75;15;7,83;6,35;🟢 OK;0,0;132,39;0,0
PC006096;Não informado;D;Baixa;13,0;8,8;44,3;40;75;15;8,24;6,35;🟢 OK;0,0;459,47;0,0
PC006859;Não informado;D;Média;15,0;9,8;45,9;40;75;15;7,95;6,35;🟢 OK;0,0;925,37;0,0
PC009238;Não informado;D;Baixa;20,0;8,1;73,8;40;75;15;4,95;6,35;🟢 OK;0,0;476,27;0,0
PC001824;Não informado;D;Baixa;20,0;11,1;54,1;40;75;15;6,74;6,35;🟢 OK;0,0;611,4;0,0
PC003645;Não informado;D;Baixa;22,0;20,8;31,8;40;75;15;11,48;6,35;🔴 Comprar agora;30,0;266,05;7951,86
PC008514;Não informado;D;Baixa;6,0;3,2;55,9;40;75;15;6,53;6,35;🟢 OK;0,0;2622,6;0,0
PC009221;Não informado;D;Média;10,0;15,5;19,4;40;75;15;18,86;6,35;🔴 Comprar agora;29,0;473,93;13624,0
PC004976;Não informado;D;Baixa;82,0;24,1;102,0;40;75;15;3,58;6,35;🟡 Estoque excessivo;0,0;176,21;0,0
PC005630;Não informado;D;Baixa;5,0;3,1;48,8;40;75;15;7,49;6,35;🟢 OK;0,0;1780,49;0,0
PC003586;Não informado;D;Baixa;1,0;1,0;31,1;40;75;15;11,73;6,35;🔴 Comprar agora;1,0;3753,69;5291,07
PC005892;Não informado;D;Baixa;0,0;2,0;0,0;40;75;15;0,0;6,35;🚨 RUPTURA IMINENTE;5,0;8259,86;41657,52
PC008548;Não informado;D;Baixa;119,0;62,2;57,4;40;75;15;6,36;6,35;🟢 OK;0,0;111,57;0,0
PC009259;Não informado;D;Baixa;38,0;17,6;64,6;40;75;15;5,65;6,35;🟢 OK;0,0;312,46;0,0
PC002067;Não informado;D;Baixa;7,0;8,1;25,8;40;75;15;14,15;6,35;🔴 Comprar agora;13,0;554,29;7400,7
PC005259;Não informado;D;Baixa;13,0;9,2;42,4;40;75;15;8,6;6,35;🟢 OK;0,0;857,65;0,0
PC009320;Não informado;D;Baixa;219,0;73,9;88,9;40;75;15;4,11;6,35;🟡 Estoque excessivo;0,0;86,4;0,0
PC005166;Não informado;D;Baixa;11,0;6,6;50,1;40;75;15;7,28;6,35;🟢 OK;0,0;1417,7;0,0
PC009916;Não informado;D;Baixa;2,0;0,9;64,5;40;75;15;5,66;6,35;🟢 OK;0,0;5408,92;0,0
PC003227;Não informado;D;Média;18,0;11,4;47,2;40;75;15;7,73;6,35;🟢 OK;0,0;583,8;0,0
PC001467;Não informado;D;Baixa;47,0;45,3;31,1;40;75;15;11,72;6,35;🔴 Comprar agora;66,0;456,63;30214,17
PC009059;Não informado;D;Baixa;10,0;14,1;21,2;40;75;15;17,19;6,35;🔴 Comprar agora;25,0;1395,73;35352,95
PC002942;Não informado;D;Baixa;3,0;1,0;88,0;40;75;15;4,15;6,35;🟡 Estoque excessivo;0,0;4584,1;0,0
PC009696;Não informado;D;Baixa;18,0;20,3;26,6;40;75;15;13,71;6,35;🔴 Comprar agora;33,0;289,15;9458,08
PC007563;Não informado;D;Baixa;27,0;24,3;33,3;40;75;15;10,95;6,35;🔴 Comprar agora;34,0;563,62;19035,27
PC005085;Não informado;D;Baixa;41,0;26,1;47,1;40;75;15;7,75;6,35;🟢 OK;0,0;209,14;0,0
PC007957;Não informado;D;Baixa;14,0;12,9;32,6;40;75;15;11,21;6,35;🔴 Comprar agora;18,0;322,4;5884,21
PC003391;Não informado;D;Baixa;17,0;41,5;12,3;40;75;15;29,72;6,35;🚨 RUPTURA IMINENTE;87,0;415,98;36108,9
PC007737;Não informado;D;Baixa;6,0;6,1;29,6;40;75;15;12,33;6,35;🔴 Comprar agora;9,0;690,09;6351,13
PC007307;Não informado;D;Baixa;6,0;5,4;33,2;40;75;15;10,99;6,35;🔴 Comprar agora;8,0;635,79;4800,37
PC003436;Não informado;D;Baixa;9,0;4,6;58,6;40;75;15;6,23;6,35;🟢 OK;0,0;1087,43;0,0
PC006864;Não informado;D;Baixa;28,0;12,3;68,4;40;75;15;5,34;6,35;🟢 OK;0,0;409,84;0,0
PC003904;Não informado;D;Baixa;26,0;38,7;20,1;40;75;15;18,13;6,35;🔴 Comprar agora;71,0;197,82;14016,85
PC009730;Não informado;D;Baixa;7,0;4,0;53,0;40;75;15;6,89;6,35;🟢 OK;0,0;1125,92;0,0
PC006528;Não informado;D;Baixa;102,0;32,8;93,3;40;75;15;3,91;6,35;🟡 Estoque excessivo;0,0;134,12;0,0
PC004884;Não informado;D;Baixa;18,0;27,2;19,8;40;75;15;18,4;6,35;🔴 Comprar agora;50,0;509,96;25529,26
PC005049;Não informado;D;Baixa;5,0;19,1;7,9;40;75;15;46,39;6,35;🚨 RUPTURA IMINENTE;43,0;976,24;41644,16
PC000094;Não informado;D;Baixa;64,0;40,8;47,1;40;75;15;7,75;6,35;🟢 OK;0,0;158,54;0,0
PC008151;Não informado;D;Baixa;6,0;15,5;11,6;40;75;15;31,49;6,35;🚨 RUPTURA IMINENTE;33,0;921,21;30242,62
PC005217;Não informado;D;Baixa;170,0;75,9;67,2;40;75;15;5,43;6,35;🟢 OK;0,0;66,65;0,0
PC001325;Não informado;D;Baixa;4,0;4,1;29,5;40;75;15;12,38;6,35;🔴 Comprar agora;6,0;1286,7;7947,69
PC007367;Não informado;D;Baixa;15,0;18,0;25,1;40;75;15;14,57;6,35;🔴 Comprar agora;30,0;1017,96;30431,53
PC008022;Não informado;D;Baixa;13,0;25,7;15,1;40;75;15;24,1;6,35;🔴 Comprar agora;51,0;581,53;29869,43
PC005984;Não informado;D;Baixa;14,0;16,6;25,3;40;75;15;14,43;6,35;🔴 Comprar agora;28,0;356,98;9819,47
PC002069;Não informado;D;Baixa;22,0;9,4;70,6;40;75;15;5,17;6,35;🟢 OK;0,0;508,25;0,0
PC008797;Não informado;D;Baixa;45,0;33,9;39,8;40;75;15;9,18;6,35;🔴 Comprar agora;40,0;215,45;8587,33
PC001878;Não informado;D;Baixa;3,0;9,9;9,1;40;75;15;40,07;6,35;🚨 RUPTURA IMINENTE;22,0;756,12;16406,15
PC007103;Não informado;D;Baixa;6,0;27,6;6,5;40;75;15;55,89;6,35;🚨 RUPTURA IMINENTE;63,0;704,62;44326,25
PC009969;Não informado;D;Baixa;44,0;19,9;66,3;40;75;15;5,5;6,35;🟢 OK;0,0;233,6;0,0
PC004900;Não informado;D;Baixa;19,0;6,4;89,2;40;75;15;4,09;6,35;🟡 Estoque excessivo;0,0;813,66;0,0
PC002720;Não informado;D;Baixa;23,0;45,9;15,0;40;75;15;24,29;6,35;🔴 Comprar agora;92,0;343,87;31573,47
PC003011;Não informado;D;Baixa;58,0;44,2;39,4;40;75;15;9,27;6,35;🔴 Comprar agora;53,0;322,87;16951,83
PC000070;Não informado;D;Baixa;14,0;4,5;92,7;40;75;15;3,94;6,35;🟡 Estoque excessivo;0,0;815,3;0,0
PC006480;Não informado;D;Baixa;6,0;10,9;16,5;40;75;15;22,16;6,35;🔴 Comprar agora;21,0;1518,33;32373,57
PC001999;Não informado;D;Baixa;3,0;12,9;7,0;40;75;15;52,49;6,35;🚨 RUPTURA IMINENTE;29,0;1532,77;44998,04
PC007135;Não informado;D;Baixa;16,0;13,4;35,9;40;75;15;10,16;6,35;🔴 Comprar agora;17,0;605,3;10542,69
PC002960;Não informado;D;Baixa;10,0;28,2;10,6;40;75;15;34,32;6,35;🚨 RUPTURA IMINENTE;61,0;390,52;23634,5
PC002814;Não informado;D;Baixa;1,0;1,0;30,4;40;75;15;12,01;6,35;🔴 Comprar agora;1,0;5362,31;7873,95
PC009728;Não informado;D;Baixa;17,0;5,1;100,6;40;75;15;3,63;6,35;🟡 Estoque excessivo;0,0;924,4;0,0
PC000568;Não informado;D;Baixa;10,0;8,1;36,8;40;75;15;9,91;6,35;🔴 Comprar agora;10,0;974,17;10088,09
PC002546;Não informado;D;Baixa;41,0;45,2;27,2;40;75;15;13,41;6,35;🔴 Comprar agora;72,0;110,19;7934,33
PC004853;Não informado;D;Baixa;16,0;16,7;28,8;40;75;15;12,67;6,35;🔴 Comprar agora;26,0;285,27;7320,78
PC000465;Não informado;D;Baixa;4,0;2,2;54,9;40;75;15;6,65;6,35;🟢 OK;0,0;2462,22;0,0
PC008640;Não informado;D;Baixa;18,0;15,7;34,3;40;75;15;10,63;6,35;🔴 Comprar agora;21,0;499,41;10652,12
PC008168;Não informado;D;Baixa;87,0;42,5;61,5;40;75;15;5,94;6,35;🟢 OK;0,0;92,69;0,0
PC000510;Não informado;D;Baixa;6,0;4,0;45,2;40;75;15;8,07;6,35;🟢 OK;0,0;3420,43;0,0
PC008261;Não informado;D;Baixa;3,0;3,6;25,1;40;75;15;14,53;6,35;🔴 Comprar agora;6,0;1098,97;6544,93
PC008011;Não informado;D;Baixa;14,0;5,0;84,0;40;75;15;4,34;6,35;🟡 Estoque excessivo;0,0;801,83;0,0
PC006270;Não informado;D;Baixa;1,0;1,0;29,5;40;75;15;12,38;6,35;🔴 Comprar agora;2,0;4821,44;7445,47
PC000939;Não informado;D;Média;21,0;22,7;27,7;40;75;15;13,16;6,35;🔴 Comprar agora;36,0;311,36;11142,53
PC002156;Não informado;D;Média;12,0;32,0;11,2;40;75;15;32,48;6,35;🚨 RUPTURA IMINENTE;68,0;242,61;16520,82
PC005843;Não informado;D;Baixa;68,0;62,7;32,6;40;75;15;11,21;6,35;🔴 Comprar agora;89,0;102,22;9061,13
PC008470;Não informado;D;Média;24,0;15,4;46,8;40;75;15;7,79;6,35;🟢 OK;0,0;527,02;0,0
PC004427;Não informado;D;Baixa;11,0;8,7;38,0;40;75;15;9,6;6,35;🔴 Comprar agora;11,0;511,9;5481,2
PC004110;Não informado;D;Baixa;6,0;3,9;45,7;40;75;15;7,98;6,35;🟢 OK;0,0;1221,76;0,0
PC001031;Não informado;D;Baixa;5,0;2,9;51,6;40;75;15;7,07;6,35;🟢 OK;0,0;1231,46;0,0
PC001601;Não informado;D;Baixa;9,0;10,5;25,6;40;75;15;14,25;6,35;🔴 Comprar agora;17,0;578,46;10034,31
PC002910;Não informado;D;Baixa;15,0;4,8;94,6;40;75;15;3,86;6,35;🟡 Estoque excessivo;0,0;866,88;0,0
PC008909;Não informado;D;Baixa;28,0;13,0;64,7;40;75;15;5,64;6,35;🟢 OK;0,0;443,74;0,0
PC000208;Não informado;D;Baixa;54,0;27,5;58,8;40;75;15;6,21;6,35;🟢 OK;0,0;243,59;0,0
PC002474;Não informado;D;Baixa;16,0;22,9;21,0;40;75;15;17,41;6,35;🔴 Comprar agora;41,0;755,97;31172,36
PC008650;Não informado;D;Baixa;7,0;11,5;18,3;40;75;15;19,97;6,35;🔴 Comprar agora;22,0;371,92;8080,5
PC006271;Não informado;D;Baixa;78,0;55,9;41,9;40;75;15;8,71;6,35;🟢 OK;0,0;495,15;0,0
PC000210;Não informado;D;Baixa;9,0;17,6;15,3;40;75;15;23,82;6,35;🔴 Comprar agora;35,0;699,01;24498,35
PC001425;Não informado;D;Baixa;6,0;8,5;21,3;40;75;15;17,17;6,35;🔴 Comprar agora;15,0;765,21;11606,77
PC008858;Não informado;D;Baixa;8,0;7,9;30,3;40;75;15;12,05;6,35;🔴 Comprar agora;12,0;536,37;6336,01
PC001288;Não informado;D;Baixa;17,0;13,1;38,8;40;75;15;9,4;6,35;🔴 Comprar agora;16,0;1702,71;26937,86
PC002005;Não informado;D;Baixa;14,0;5,9;70,6;40;75;15;5,17;6,35;🟢 OK;0,0;805,66;0,0
PC000467;Não informado;D;Baixa;11,0;13,5;24,5;40;75;15;14,89;6,35;🔴 Comprar agora;23,0;378,25;8571,72
PC004558;Não informado;D;Baixa;24,0;14,9;48,5;40;75;15;7,53;6,35;🟢 OK;0,0;289,77;0,0
PC008427;Não informado;D;Baixa;5,0;3,1;48,8;40;75;15;7,48;6,35;🟢 OK;0,0;1466,62;0,0
PC000564;Não informado;D;Baixa;6,0;6,1;29,6;40;75;15;12,33;6,35;🔴 Comprar agora;9,0;2825,18;25989,45
PC002286;Não informado;D;Baixa;11,0;57,1;5,8;40;75;15;63,15;6,35;🚨 RUPTURA IMINENTE;132,0;219,05;28854,62
PC009130;Não informado;D;Baixa;16,0;29,8;16,1;40;75;15;22,7;6,35;🔴 Comprar agora;59,0;981,68;57543,03
PC005111;Não informado;D;Baixa;2,0;13,1;4,6;40;75;15;79,57;6,35;🚨 RUPTURA IMINENTE;31,0;1400,55;42997,03
PC002169;Não informado;D;Baixa;7,0;19,2;11,0;40;75;15;33,31;6,35;🚨 RUPTURA IMINENTE;41,0;764,48;31277,97
PC002380;Não informado;D;Baixa;17,0;13,5;37,9;40;75;15;9,63;6,35;🔴 Comprar agora;17,0;305,43;5087,38
PC008304;Não informado;D;Baixa;15,0;13,9;32,5;40;75;15;11,25;6,35;🔴 Comprar agora;20,0;1238,99;24366,05
PC003038;Não informado;D;Baixa;27,0;9,9;81,8;40;75;15;4,46;6,35;🟡 Estoque excessivo;0,0;455,74;0,0
PC009927;Não informado;D;Baixa;8,0;16,4;14,7;40;75;15;24,88;6,35;🚨 RUPTURA IMINENTE;33,0;1010,96;33259,0
PC007719;Não informado;D;Baixa;11,0;19,4;17,0;40;75;15;21,51;6,35;🔴 Comprar agora;38,0;852,56;32063,39
PC006181;Não informado;D;Baixa;2,0;13,0;4,6;40;75;15;78,79;6,35;🚨 RUPTURA IMINENTE;30,0;2207,9;67071,62
PC001092;Não informado;D;Baixa;1,0;2,1;14,3;40;75;15;25,53;6,35;🚨 RUPTURA IMINENTE;4,0;5871,86;24928,76
PC007083;Não informado;D;Baixa;24,0;18,2;39,5;40;75;15;9,23;6,35;🔴 Comprar agora;22,0;575,02;12371,37
PC000298;Não informado;D;Baixa;23,0;7,7;89,3;40;75;15;4,09;6,35;🟡 Estoque excessivo;0,0;593,19;0,0
PC006960;Não informado;D;Baixa;3,0;20,8;4,3;40;75;15;84,5;6,35;🚨 RUPTURA IMINENTE;49,0;975,63;47895,67
PC009554;Não informado;D;Baixa;118,0;42,0;84,3;40;75;15;4,33;6,35;🟡 Estoque excessivo;0,0;140,64;0,0
PC008237;Não informado;D;Baixa;4,0;8,2;14,7;40;75;15;24,8;6,35;🚨 RUPTURA IMINENTE;16,0;1544,97;25308,79
PC007582;Não informado;D;Baixa;15,0;15,4;29,2;40;75;15;12,52;6,35;🔴 Comprar agora;24,0;941,92;22214,97
PC006144;Não informado;D;Baixa;11,0;4,8;68,9;40;75;15;5,3;6,35;🟢 OK;0,0;796,87;0,0
PC004579;Não informado;D;Baixa;17,0;14,3;35,7;40;75;15;10,21;6,35;🔴 Comprar agora;19,0;564,98;10551,18
PC008697;Não informado;D;Baixa;12,0;40,1;9,0;40;75;15;40,68;6,35;🚨 RUPTURA IMINENTE;88,0;536,73;47401,23
PC007826;Não informado;D;Baixa;21,0;11,7;53,8;40;75;15;6,78;6,35;🟢 OK;0,0;384,23;0,0
PC005238;Não informado;D;Baixa;45,0;15,3;88,0;40;75;15;4,15;6,35;🟡 Estoque excessivo;0,0;357,06;0,0
PC005744;Não informado;D;Baixa;15,0;7,1;63,4;40;75;15;5,75;6,35;🟢 OK;0,0;645,85;0,0
PC000760;Não informado;D;Baixa;13,0;7,4;53,0;40;75;15;6,88;6,35;🟢 OK;0,0;627,63;0,0
PC001930;Não informado;D;Baixa;24,0;11,0;65,7;40;75;15;5,56;6,35;🟢 OK;0,0;362,4;0,0
PC007176;Não informado;D;Baixa;8,0;17,2;14,0;40;75;15;26,14;6,35;🚨 RUPTURA IMINENTE;35,0;1158,81;40531,19
PC008977;Não informado;D;Baixa;2,0;3,0;19,7;40;75;15;18,54;6,35;🔴 Comprar agora;6,0;4235,77;23794,27
PC001610;Não informado;D;Baixa;17,0;6,3;80,6;40;75;15;4,53;6,35;🟡 Estoque excessivo;0,0;875,19;0,0
PC005506;Não informado;D;Baixa;2,0;2,0;30,2;40;75;15;12,09;6,35;🔴 Comprar agora;3,0;2102,64;6241,87
PC006603;Não informado;D;Baixa;17,0;7,1;71,6;40;75;15;5,1;6,35;🟢 OK;0,0;554,87;0,0
PC008587;Não informado;D;Baixa;10,0;39,1;7,7;40;75;15;47,56;6,35;🚨 RUPTURA IMINENTE;88,0;475,07;41672,98
PC007177;Não informado;D;Baixa;16,0;17,1;28,0;40;75;15;13,03;6,35;🔴 Comprar agora;27,0;1172,68;31475,88
PC006986;Não informado;D;Baixa;37,0;18,7;59,2;40;75;15;6,17;6,35;🟢 OK;0,0;214,36;0,0
PC005443;Não informado;D;Baixa;21,0;21,5;29,4;40;75;15;12,43;6,35;🔴 Comprar agora;33,0;208,81;6816,83
PC007642;Não informado;D;Baixa;8,0;2,8;86,6;40;75;15;4,21;6,35;🟡 Estoque excessivo;0,0;1527,63;0,0
PC000515;Não informado;D;Baixa;45,0;22,2;60,8;40;75;15;6,0;6,35;🟢 OK;0,0;213,09;0,0
PC005841;Não informado;D;Baixa;11,0;3,7;88,6;40;75;15;4,12;6,35;🟡 Estoque excessivo;0,0;904,68;0,0
PC005733;Não informado;D;Baixa;10,0;7,9;37,8;40;75;15;9,65;6,35;🔴 Comprar agora;10,0;1492,18;14673,5
PC000717;Não informado;D;Baixa;18,0;14,7;36,8;40;75;15;9,92;6,35;🔴 Comprar agora;19,0;420,75;7861,01
PC006938;Não informado;D;Baixa;14,0;13,8;30,5;40;75;15;11,96;6,35;🔴 Comprar agora;20,0;1460,4;29815,76
PC007941;Não informado;D;Média;6,0;3,3;55,0;40;75;15;6,63;6,35;🟢 OK;0,0;2167,02;0,0
PC005427;Não informado;D;Baixa;37,0;12,2;90,8;40;75;15;4,02;6,35;🟡 Estoque excessivo;0,0;354,28;0,0
PC009156;Não informado;D;Baixa;1,0;1,3;22,7;40;75;15;16,08;6,35;🔴 Comprar agora;2,0;3530,5;8134,17
PC005276;Não informado;D;Baixa;33,0;12,2;81,1;40;75;15;4,5;6,35;🟡 Estoque excessivo;0,0;405,76;0,0
PC008103;Não informado;D;Baixa;16,0;11,1;43,3;40;75;15;8,43;6,35;🟢 OK;0,0;508,39;0,0
PC001959;Não informado;D;Baixa;10,0;6,0;50,3;40;75;15;7,25;6,35;🟢 OK;0,0;698,68;0,0
PC008862;Não informado;D;Baixa;18,0;16,1;33,4;40;75;15;10,91;6,35;🔴 Comprar agora;22,0;1175,29;26281,78
PC007166;Não informado;D;Baixa;5,0;10,3;14,6;40;75;15;25,01;6,35;🚨 RUPTURA IMINENTE;21,0;850,52;17597,91
PC008445;Não informado;D;Baixa;36,0;47,1;22,9;40;75;15;15,93;6,35;🔴 Comprar agora;82,0;323,04;26448,84
PC006328;Não informado;D;Baixa;22,0;17,3;38,3;40;75;15;9,54;6,35;🔴 Comprar agora;21,0;359,54;7597,47
PC008979;Não informado;D;Baixa;14,0;5,9;70,9;40;75;15;5,15;6,35;🟢 OK;0,0;835,82;0,0
PC008219;Não informado;D;Baixa;13,0;4,4;87,8;40;75;15;4,16;6,35;🟡 Estoque excessivo;0,0;1398,26;0,0
PC003161;Não informado;D;Baixa;2,0;1,4;44,1;40;75;15;8,27;6,35;🟢 OK;0,0;2984,91;0,0
PC005924;Não informado;D;Média;26,0;43,0;18,1;40;75;15;20,14;6,35;🔴 Comprar agora;82,0;183,74;14990,6
PC002706;Não informado;D;Baixa;47,0;25,3;55,8;40;75;15;6,54;6,35;🟢 OK;0,0;326,04;0,0
PC009289;Não informado;D;Baixa;12,0;5,0;72,5;40;75;15;5,04;6,35;🟢 OK;0,0;864,69;0,0
PC004182;Não informado;D;Baixa;2,0;3,6;16,6;40;75;15;22,02;6,35;🔴 Comprar agora;7,0;1145,88;8078,31
PC001997;Não informado;D;Baixa;7,0;6,4;32,8;40;75;15;11,14;6,35;🔴 Comprar agora;9,0;956,77;8634,19
PC006143;Não informado;D;Baixa;25,0;20,1;37,4;40;75;15;9,76;6,35;🔴 Comprar agora;25,0;203,4;5114,73
PC003601;Não informado;D;Baixa;5,0;3,2;47,5;40;75;15;7,68;6,35;🟢 OK;0,0;3925,24;0,0
PC005934;Não informado;D;Baixa;56,0;19,1;88,1;40;75;15;4,14;6,35;🟡 Estoque excessivo;0,0;250,58;0,0
PC008142;Não informado;D;Baixa;11,0;8,0;41,3;40;75;15;8,84;6,35;🟢 OK;0,0;889,72;0,0
PC009499;Não informado;D;Baixa;12,0;6,1;59,4;40;75;15;6,14;6,35;🟢 OK;0,0;812,22;0,0
PC000598;Não informado;D;Baixa;35,0;32,1;32,8;40;75;15;11,14;6,35;🔴 Comprar agora;45,0;685,53;30947,82
PC004887;Não informado;D;Baixa;2,0;10,2;5,9;40;75;15;62,26;6,35;🚨 RUPTURA IMINENTE;24,0;1684,51;39733,08
PC008599;Não informado;D;Baixa;9,0;17,6;15,3;40;75;15;23,8;6,35;🔴 Comprar agora;35,0;810,4;28373,68
PC002034;Não informado;D;Baixa;216,0;75,3;86,1;40;75;15;4,24;6,35;🟡 Estoque excessivo;0,0;56,76;0,0
PC008863;Não informado;D;Baixa;4,0;10,2;11,8;40;75;15;30,92;6,35;🚨 RUPTURA IMINENTE;21,0;1548,53;33162,53
PC008824;Não informado;D;Baixa;14,0;9,1;46,2;40;75;15;7,9;6,35;🟢 OK;0,0;433,77;0,0
PC000985;Não informado;D;Baixa;3,0;1,0;90,3;40;75;15;4,04;6,35;🟡 Estoque excessivo;0,0;4918,08;0,0
PC007319;Não informado;D;Baixa;3,0;4,7;19,2;40;75;15;18,97;6,35;🔴 Comprar agora;9,0;1524,44;13251,53
PC001868;Não informado;D;Baixa;23,0;15,7;43,9;40;75;15;8,31;6,35;🟢 OK;0,0;249,85;0,0
PC001491;Não informado;D;Baixa;17,0;10,9;46,9;40;75;15;7,78;6,35;🟢 OK;0,0;514,64;0,0
PC007867;Não informado;D;Baixa;7,0;5,0;42,2;40;75;15;8,65;6,35;🟢 OK;0,0;1598,2;0,0
PC007398;Não informado;D;Baixa;8,0;5,3;45,3;40;75;15;8,05;6,35;🟢 OK;0,0;1039,52;0,0
PC002431;Não informado;D;Baixa;11,0;45,1;7,3;40;75;15;49,91;6,35;🚨 RUPTURA IMINENTE;102,0;449,7;45784,05
PC003404;Não informado;D;Baixa;31,0;13,0;71,4;40;75;15;5,11;6,35;🟢 OK;0,0;335,13;0,0
PC001404;Não informado;D;Baixa;2,0;1,0;60,4;40;75;15;6,04;6,35;🟢 OK;0,0;4769,65;0,0
PC009845;Não informado;D;Baixa;11,0;9,3;35,5;40;75;15;10,29;6,35;🔴 Comprar agora;12,0;763,26;9354,11
PC001120;Não informado;D;Baixa;11,0;6,2;53,3;40;75;15;6,84;6,35;🟢 OK;0,0;629,18;0,0
PC005826;Não informado;D;Baixa;3,0;7,3;12,3;40;75;15;29,68;6,35;🚨 RUPTURA IMINENTE;15,0;2660,73;40696,96
PC002749;Não informado;D;Baixa;21,0;22,5;28,0;40;75;15;13,01;6,35;🔴 Comprar agora;35,0;273,61;9617,97
PC004314;Não informado;D;Baixa;40,0;15,5;77,3;40;75;15;4,72;6,35;🟡 Estoque excessivo;0,0;248,03;0,0
PC007478;Não informado;D;Baixa;34,0;13,2;77,3;40;75;15;4,72;6,35;🟡 Estoque excessivo;0,0;327,31;0,0
PC000632;Não informado;D;Baixa;14,0;20,1;20,9;40;75;15;17,45;6,35;🔴 Comprar agora;36,0;279,52;10120,95
PC006791;Não informado;D;Baixa;2,0;4,9;12,2;40;75;15;30,01;6,35;🚨 RUPTURA IMINENTE;10,0;3700,16;38236,7
PC006961;Não informado;D;Baixa;14,0;12,8;32,8;40;75;15;11,14;6,35;🔴 Comprar agora;18,0;285,78;5160,03
PC004522;Não informado;D;Baixa;6,0;16,8;10,7;40;75;15;34,06;6,35;🚨 RUPTURA IMINENTE;36,0;806,54;29028,09
PC002057;Não informado;D;Baixa;28,0;14,2;59,1;40;75;15;6,18;6,35;🟢 OK;0,0;339,99;0,0
PC004268;Não informado;D;Baixa;10,0;6,6;45,6;40;75;15;8,01;6,35;🟢 OK;0,0;703,08;0,0
PC004211;Não informado;D;Baixa;52,0;16,0;97,6;40;75;15;3,74;6,35;🟡 Estoque excessivo;0,0;303,37;0,0
PC003627;Não informado;D;Baixa;14,0;14,9;28,2;40;75;15;12,93;6,35;🔴 Comprar agora;23,0;373,73;8669,02
PC004738;Não informado;D;Baixa;2,0;2,1;29,1;40;75;15;12,53;6,35;🔴 Comprar agora;3,0;2500,17;7877,39
PC007998;Não informado;D;Média;4,0;3,1;38,6;40;75;15;9,45;6,35;🔴 Comprar agora;4,0;2161,78;8151,74
PC007427;Não informado;D;Baixa;14,0;10,6;39,7;40;75;15;9,2;6,35;🔴 Comprar agora;12,0;288,36;3596,87
PC006290;Não informado;D;Baixa;26,0;21,6;36,2;40;75;15;10,09;6,35;🔴 Comprar agora;28,0;181,68;5071,45
PC007882;Não informado;D;Baixa;10,0;19,6;15,3;40;75;15;23,89;6,35;🔴 Comprar agora;39,0;470,14;18380,13
PC007163;Não informado;D;Média;29,0;15,1;57,7;40;75;15;6,32;6,35;🟢 OK;0,0;393,22;0,0
PC001369;Não informado;D;Baixa;23,0;7,4;93,3;40;75;15;3,91;6,35;🟡 Estoque excessivo;0,0;588,56;0,0
PC001438;Não informado;D;Baixa;3,0;4,1;21,8;40;75;15;16,72;6,35;🔴 Comprar agora;7,0;1206,75;8818,32
PC007300;Não informado;D;Média;12,0;11,0;32,9;40;75;15;11,11;6,35;🔴 Comprar agora;15,0;712,91;10971,97
PC002528;Não informado;D;Baixa;16,0;17,4;27,7;40;75;15;13,2;6,35;🔴 Comprar agora;27,0;318,63;8725,54
PC008384;Não informado;D;Baixa;23,0;12,7;54,5;40;75;15;6,7;6,35;🟢 OK;0,0;383,59;0,0
PC007997;Não informado;D;Baixa;17,0;11,9;42,8;40;75;15;8,54;6,35;🟢 OK;0,0;384,87;0,0
PC003850;Não informado;D;Baixa;10,0;8,3;36,3;40;75;15;10,04;6,35;🔴 Comprar agora;11,0;543,62;5781,75
PC006533;Não informado;D;Baixa;5,0;2,0;74,4;40;75;15;4,91;6,35;🟢 OK;0,0;2445,21;0,0
PC005470;Não informado;D;Baixa;77,0;30,8;75,0;40;75;15;4,87;6,35;🟡 Estoque excessivo;0,0;152,08;0,0
PC008110;Não informado;D;Baixa;12,0;3,9;92,5;40;75;15;3,94;6,35;🟡 Estoque excessivo;0,0;881,5;0,0
PC003321;Não informado;D;Baixa;6,0;4,1;43,9;40;75;15;8,31;6,35;🟢 OK;0,0;1224,72;0,0
PC003852;Não informado;D;Baixa;8,0;43,7;5,5;40;75;15;66,48;6,35;🚨 RUPTURA IMINENTE;101,0;396,16;40121,24
PC008321;Não informado;D;Baixa;1,0;6,9;4,4;40;75;15;83,78;6,35;🚨 RUPTURA IMINENTE;16,0;2141,08;34715,95
PC004990;Não informado;D;Baixa;1,0;3,8;7,9;40;75;15;46,34;6,35;🚨 RUPTURA IMINENTE;9,0;4184,54;35657,86
PC006978;Não informado;D;Baixa;2,0;1,0;58,5;40;75;15;6,24;6,35;🟢 OK;0,0;3523,93;0,0
PC002800;Não informado;D;Baixa;6,0;14,1;12,7;40;75;15;28,64;6,35;🚨 RUPTURA IMINENTE;29,0;990,48;29027,66
PC004619;Não informado;D;Baixa;48,0;17,4;82,7;40;75;15;4,41;6,35;🟡 Estoque excessivo;0,0;285,77;0,0
PC009986;Não informado;D;Baixa;3,0;4,9;18,5;40;75;15;19,78;6,35;🔴 Comprar agora;9,0;1637,26;15053,48
PC000402;Não informado;D;Baixa;33,0;21,3;46,5;40;75;15;7,86;6,35;🟢 OK;0,0;179,81;0,0
PC004204;Não informado;D;Baixa;23,0;14,3;48,2;40;75;15;7,57;6,35;🟢 OK;0,0;518,1;0,0
PC006739;Não informado;D;Média;19,0;51,4;11,1;40;75;15;32,92;6,35;🚨 RUPTURA IMINENTE;110,0;138,32;15150,14
PC009325;Não informado;D;Média;6,0;3,3;54,7;40;75;15;6,67;6,35;🟢 OK;0,0;1965,32;0,0
PC006015;Não informado;D;Baixa;5,0;3,5;43,2;40;75;15;8,45;6,35;🟢 OK;0,0;914,57;0,0
PC000916;Não informado;D;Baixa;2,0;2,0;30,2;40;75;15;12,09;6,35;🔴 Comprar agora;3,0;1905,33;5653,04
PC001708;Não informado;D;Baixa;35,0;11,7;90,0;40;75;15;4,05;6,35;🟡 Estoque excessivo;0,0;287,69;0,0
PC008888;Não informado;D;Baixa;127,0;44,1;86,3;40;75;15;4,23;6,35;🟡 Estoque excessivo;0,0;103,65;0,0
PC008474;Não informado;D;Baixa;7,0;3,1;68,2;40;75;15;5,36;6,35;🟢 OK;0,0;1478,67;0,0
PC002272;Não informado;D;Baixa;9,0;11,4;23,7;40;75;15;15,42;6,35;🔴 Comprar agora;20,0;697,26;13606,25
PC004390;Não informado;D;Baixa;8,0;29,0;8,3;40;75;15;44,04;6,35;🚨 RUPTURA IMINENTE;64,0;594,64;38291,16
PC005676;Não informado;D;Baixa;4,0;9,0;13,3;40;75;15;27,4;6,35;🚨 RUPTURA IMINENTE;19,0;1229,91;22781,49
PC008044;Não informado;D;Baixa;16,0;5,3;90,8;40;75;15;4,02;6,35;🟡 Estoque excessivo;0,0;919,65;0,0
PC003268;Não informado;D;Baixa;3,0;1,0;89,2;40;75;15;4,09;6,35;🟡 Estoque excessivo;0,0;3565,86;0,0
PC008610;Não informado;D;Baixa;50,0;23,0;65,2;40;75;15;5,6;6,35;🟢 OK;0,0;166,21;0,0
PC008821;Não informado;D;Baixa;48,0;15,1;95,1;40;75;15;3,84;6,35;🟡 Estoque excessivo;0,0;313,09;0,0
PC007298;Não informado;D;Baixa;2,0;1,0;59,8;40;75;15;6,1;6,35;🟢 OK;0,0;4149,3;0,0
PC002035;Não informado;D;Média;30,0;30,5;29,5;40;75;15;12,39;6,35;🔴 Comprar agora;46,0;261,53;12121,21
PC004556;Não informado;D;Baixa;15,0;12,7;35,4;40;75;15;10,31;6,35;🔴 Comprar agora;17,0;330,8;5546,92
PC003168;Não informado;D;Baixa;5,0;5,1;29,6;40;75;15;12,35;6,35;🔴 Comprar agora;8,0;682,12;5242,29
PC009758;Não informado;D;Baixa;8,0;4,0;59,8;40;75;15;6,11;6,35;🟢 OK;0,0;1022,99;0,0
PC001567;Não informado;D;Baixa;2,0;9,1;6,6;40;75;15;55,57;6,35;🚨 RUPTURA IMINENTE;21,0;2015,14;41986,51
PC000120;Não informado;D;Baixa;12,0;4,0;89,9;40;75;15;4,06;6,35;🟡 Estoque excessivo;0,0;1078,11;0,0
PC009197;Não informado;D;Baixa;1,0;4,1;7,3;40;75;15;50,02;6,35;🚨 RUPTURA IMINENTE;9,0;5282,78;49015,16
PC006184;Não informado;D;Baixa;293,0;309,2;28,4;40;75;15;12,84;6,35;🔴 Comprar agora;480,0;84,0;40315,09
PC009716;Não informado;D;Baixa;3,0;0,9;95,8;40;75;15;3,81;6,35;🟡 Estoque excessivo;0,0;4772,58;0,0
PC001703;Não informado;D;Baixa;23,0;11,9;57,9;40;75;15;6,3;6,35;🟢 OK;0,0;285,27;0,0
PC004105;Não informado;D;Baixa;7,0;7,3;28,7;40;75;15;12,73;6,35;🔴 Comprar agora;11,0;597,79;6762,63
PC007396;Não informado;D;Baixa;50,0;53,5;28,0;40;75;15;13,03;6,35;🔴 Comprar agora;84,0;79,74;6685,52
PC006339;Não informado;D;Baixa;89,0;27,8;96,1;40;75;15;3,8;6,35;🟡 Estoque excessivo;0,0;125,81;0,0
PC007759;Não informado;D;Baixa;5,0;6,2;24,1;40;75;15;15,15;6,35;🔴 Comprar agora;11,0;728,9;7702,89
PC003410;Não informado;D;Baixa;14,0;4,7;88,6;40;75;15;4,12;6,35;🟡 Estoque excessivo;0,0;839,69;0,0
PC009179;Não informado;D;Baixa;77,0;81,6;28,3;40;75;15;12,89;6,35;🔴 Comprar agora;127,0;123,8;15720,64
PC008249;Não informado;D;Baixa;15,0;7,9;57,3;40;75;15;6,37;6,35;🟢 OK;0,0;519,01;0,0
PC007199;Não informado;D;Baixa;58,0;82,5;21,1;40;75;15;17,3;6,35;🔴 Comprar agora;148,0;216,6;32105,72
PC007458;Não informado;D;Baixa;49,0;34,4;42,7;40;75;15;8,55;6,35;🟢 OK;0,0;86,38;0,0
PC008740;Não informado;D;Baixa;8,0;8,0;30,0;40;75;15;12,16;6,35;🔴 Comprar agora;12,0;560,07;6712,08
PC009146;Não informado;D;Baixa;293,0;242,3;36,3;40;75;15;10,06;6,35;🔴 Comprar agora;313,0;18,48;5778,49
PC000790;Não informado;D;Baixa;19,0;13,1;43,6;40;75;15;8,38;6,35;🟢 OK;0,0;1045,51;0,0
PC002527;Não informado;D;Baixa;17,0;10,1;50,4;40;75;15;7,25;6,35;🟢 OK;0,0;390,12;0,0
PC005874;Não informado;D;Baixa;118,0;40,5;87,3;40;75;15;4,18;6,35;🟡 Estoque excessivo;0,0;105,0;0,0
PC004797;Não informado;D;Baixa;27,0;10,6;76,7;40;75;15;4,76;6,35;🟡 Estoque excessivo;0,0;394,34;0,0
PC009096;Não informado;D;Baixa;59,0;22,0;80,3;40;75;15;4,55;6,35;🟡 Estoque excessivo;0,0;172,85;0,0
PC004409;Não informado;D;Baixa;5,0;4,8;31,3;40;75;15;11,67;6,35;🔴 Comprar agora;7,0;850,76;5950,04
PC001797;Não informado;D;Baixa;15,0;4,7;95,7;40;75;15;3,81;6,35;🟡 Estoque excessivo;0,0;727,54;0,0
PC008117;Não informado;D;Baixa;33,0;28,3;35,0;40;75;15;10,42;6,35;🔴 Comprar agora;38,0;446,78;16831,31
PC007063;Não informado;D;Baixa;3,0;4,1;22,0;40;75;15;16,59;6,35;🔴 Comprar agora;7,0;1005,57;7265,04
PC003751;Não informado;D;Baixa;2,0;17,7;3,4;40;75;15;107,95;6,35;🚨 RUPTURA IMINENTE;42,0;863,16;36564,96
PC001814;Não informado;D;Baixa;33,0;91,8;10,8;40;75;15;33,84;6,35;🚨 RUPTURA IMINENTE;196,0;234,98;46158,92
PC008318;Não informado;D;Baixa;1,0;1,0;29,5;40;75;15;12,38;6,35;🔴 Comprar agora;2,0;3982,61;6145,1
PC000676;Não informado;D;Baixa;8,0;5,4;44,4;40;75;15;8,22;6,35;🟢 OK;0,0;929,29;0,0
PC002493;Não informado;D;Baixa;35,0;21,0;50,0;40;75;15;7,29;6,35;🟢 OK;0,0;222,3;0,0
PC004736;Não informado;D;Baixa;7,0;20,0;10,5;40;75;15;34,76;6,35;🚨 RUPTURA IMINENTE;43,0;855,6;36782,79
PC004654;Não informado;D;Baixa;6,0;10,0;17,9;40;75;15;20,34;6,35;🔴 Comprar agora;19,0;1167,25;22274,15
PC008761;Não informado;D;Média;22,0;14,3;46,1;40;75;15;7,91;6,35;🟢 OK;0,0;451,27;0,0
PC003552;Não informado;D;Baixa;12,0;10,0;36,0;40;75;15;10,14;6,35;🔴 Comprar agora;13,0;360,72;4686,96
PC009166;Não informado;D;Baixa;10,0;4,0;74,7;40;75;15;4,89;6,35;🟢 OK;0,0;929,55;0,0
PC004909;Não informado;D;Baixa;6,0;4,5;40,0;40;75;15;9,12;6,35;🟢 OK;0,0;1171,68;0,0
PC001065;Não informado;D;Baixa;51,0;172,5;8,9;40;75;15;41,15;6,35;🚨 RUPTURA IMINENTE;380,0;77,19;29347,0
PC006226;Não informado;D;Baixa;25,0;17,9;42,0;40;75;15;8,69;6,35;🟢 OK;0,0;196,26;0,0
PC009570;Não informado;D;Baixa;11,0;6,7;49,1;40;75;15;7,43;6,35;🟢 OK;0,0;714,67;0,0
PC007950;Não informado;D;Baixa;7,0;3,1;67,8;40;75;15;5,39;6,35;🟢 OK;0,0;1232,03;0,0
PC001226;Não informado;D;Baixa;10,0;3,8;79,7;40;75;15;4,58;6,35;🟡 Estoque excessivo;0,0;1055,09;0,0
PC008015;Não informado;D;Baixa;4,0;20,3;5,9;40;75;15;61,78;6,35;🚨 RUPTURA IMINENTE;47,0;956,61;44746,58
PC000770;Não informado;D;Média;13,0;9,2;42,2;40;75;15;8,65;6,35;🟢 OK;0,0;729,03;0,0
PC009774;Não informado;D;Baixa;13,0;5,9;65,8;40;75;15;5,55;6,35;🟢 OK;0,0;752,72;0,0
PC005804;Não informado;D;Baixa;8,0;9,7;24,7;40;75;15;14,79;6,35;🔴 Comprar agora;16,0;813,22;13260,75
PC005168;Não informado;D;Baixa;4,0;5,7;21,0;40;75;15;17,41;6,35;🔴 Comprar agora;10,0;883,55;9109,18
PC008931;Não informado;D;Baixa;3,0;8,5;10,6;40;75;15;34,31;6,35;🚨 RUPTURA IMINENTE;18,0;1509,9;27407,45
PC001964;Não informado;D;Baixa;12,0;27,2;13,2;40;75;15;27,55;6,35;🚨 RUPTURA IMINENTE;56,0;656,82;36734,12
PC003903;Não informado;D;Baixa;9,0;16,3;16,5;40;75;15;22,07;6,35;🔴 Comprar agora;32,0;282,86;9001,25
PC007216;Não informado;D;Média;9,0;8,4;32,2;40;75;15;11,35;6,35;🔴 Comprar agora;12,0;868,95;10418,55
PC003597;Não informado;D;Baixa;7,0;8,2;25,7;40;75;15;14,2;6,35;🔴 Comprar agora;13,0;2342,76;31460,96
PC009974;Não informado;D;Baixa;10,0;20,8;14,4;40;75;15;25,29;6,35;🚨 RUPTURA IMINENTE;42,0;322,13;13518,5
PC008491;Não informado;D;Baixa;11,0;6,3;52,6;40;75;15;6,94;6,35;🟢 OK;0,0;940,96;0,0
PC005177;Não informado;D;Baixa;61,0;70,1;26,1;40;75;15;13,97;6,35;🔴 Comprar agora;114,0;200,96;22935,05
PC005872;Não informado;D;Baixa;5,0;6,8;22,2;40;75;15;16,43;6,35;🔴 Comprar agora;12,0;788,13;9361,13
PC000414;Não informado;D;Média;8,0;8,8;27,4;40;75;15;13,33;6,35;🔴 Comprar agora;14,0;578,47;8043,4
PC008089;Não informado;D;Baixa;3,0;3,1;29,2;40;75;15;12,51;6,35;🔴 Comprar agora;5,0;1127,93;5314,74
PC007903;Não informado;D;Baixa;13,0;21,0;18,6;40;75;15;19,62;6,35;🔴 Comprar agora;39,0;281,92;11111,51
PC006582;Não informado;D;Baixa;22,0;12,4;53,4;40;75;15;6,83;6,35;🟢 OK;0,0;290,94;0,0
PC003245;Não informado;D;Baixa;1,0;1,0;29,4;40;75;15;12,4;6,35;🔴 Comprar agora;2,0;3682,56;5704,01
PC005198;Não informado;D;Baixa;35,0;11,0;95,7;40;75;15;3,81;6,35;🟡 Estoque excessivo;0,0;438,88;0,0
PC002408;Não informado;D;Baixa;177,0;50,7;104,8;40;75;15;3,48;6,35;🟡 Estoque excessivo;0,0;65,05;0,0
PC001698;Não informado;D;Baixa;18,0;19,4;27,8;40;75;15;13,12;6,35;🔴 Comprar agora;31,0;183,25;5591,21
PC006345;Não informado;D;Baixa;15,0;39,8;11,3;40;75;15;32,27;6,35;🚨 RUPTURA IMINENTE;84,0;324,3;27395,55
PC006812;Não informado;D;Baixa;26,0;13,3;58,5;40;75;15;6,24;6,35;🟢 OK;0,0;327,14;0,0
PC000432;Não informado;D;Baixa;14,0;5,1;82,0;40;75;15;4,45;6,35;🟡 Estoque excessivo;0,0;756,47;0,0
PC007914;Não informado;D;Baixa;3,0;5,4;16,7;40;75;15;21,8;6,35;🔴 Comprar agora;10,0;855,63;8928,75
PC005757;Não informado;D;Baixa;16,0;15,4;31,2;40;75;15;11,7;6,35;🔴 Comprar agora;22,0;239,64;5386,83
PC006564;Não informado;D;Baixa;5,0;15,3;9,8;40;75;15;37,22;6,35;🚨 RUPTURA IMINENTE;33,0;801,91;26656,67
PC004469;Não informado;D;Baixa;62,0;20,7;89,8;40;75;15;4,07;6,35;🟡 Estoque excessivo;0,0;166,51;0,0
PC001904;Não informado;E;Baixa;8,0;14,1;17,1;55;100;15;21,38;4,71;🔴 Comprar agora;39,0;997,61;38776,89
PC007696;Não informado;E;Baixa;15,0;5,0;89,6;55;100;15;4,07;4,71;🟢 OK;0,0;772,07;0,0
PC005419;Não informado;E;Baixa;17,0;5,5;92,6;55;100;15;3,94;4,71;🟢 OK;0,0;880,32;0,0
PC007990;Não informado;E;Baixa;31,0;42,2;22,1;55;100;15;16,55;4,71;🔴 Comprar agora;110,0;418,14;45802,46
PC005243;Não informado;E;Baixa;18,0;7,1;76,2;55;100;15;4,79;4,71;🟢 OK;0,0;592,29;0,0
PC007483;Não informado;E;Baixa;11,0;8,0;41,3;55;100;15;8,83;4,71;🔴 Comprar agora;16,0;662,02;10329,97
PC003297;Não informado;E;Baixa;94,0;57,4;49,2;55;100;15;7,43;4,71;🔴 Comprar agora;97,0;84,11;8177,13
PC009232;Não informado;E;Baixa;26,0;10,3;75,6;55;100;15;4,83;4,71;🟢 OK;0,0;338,34;0,0
PC008892;Não informado;E;Baixa;15,0;13,9;32,3;55;100;15;11,29;4,71;🔴 Comprar agora;31,0;482,04;15130,16
PC001397;Não informado;E;Baixa;19,0;16,0;35,6;55;100;15;10,27;4,71;🔴 Comprar agora;34,0;808,72;27853,84
PC002871;Não informado;E;Baixa;8,0;4,0;60,0;55;100;15;6,08;4,71;🟢 OK;0,0;1019,55;0,0
PC004351;Não informado;E;Baixa;18,0;16,0;33,8;55;100;15;10,81;4,71;🔴 Comprar agora;35,0;324,84;11470,98
PC004693;Não informado;E;Baixa;13,0;9,9;39,5;55;100;15;9,24;4,71;🔴 Comprar agora;20,0;340,31;6776,37
PC001639;Não informado;E;Baixa;8,0;13,3;18,0;55;100;15;20,29;4,71;🔴 Comprar agora;36,0;852,61;31092,48
PC005704;Não informado;E;Baixa;7,0;6,0;35,0;55;100;15;10,41;4,71;🔴 Comprar agora;13,0;667,43;8658,2
PC005260;Não informado;E;Baixa;122,0;37,4;97,9;55;100;15;3,73;4,71;🟢 OK;0,0;127,56;0,0
PC004882;Não informado;E;Baixa;7,0;2,6;79,7;55;100;15;4,58;4,71;🟢 OK;0,0;1058,73;0,0
PC009486;Não informado;E;Média;21,0;17,1;36,8;55;100;15;9,92;4,71;🔴 Comprar agora;36,0;418,35;15094,31
PC006286;Não informado;E;Baixa;78,0;38,9;60,1;55;100;15;6,08;4,71;🟢 OK;0,0;118,44;0,0
PC006337;Não informado;E;Baixa;8,0;6,4;37,6;55;100;15;9,7;4,71;🔴 Comprar agora;13,0;1366,62;18115,04
PC003043;Não informado;E;Média;2,0;5,1;11,7;55;100;15;31,31;4,71;🚨 RUPTURA IMINENTE;15,0;1248,76;18927,48
PC002123;Não informado;E;Baixa;55,0;26,6;62,0;55;100;15;5,89;4,71;🟢 OK;0,0;554,28;0,0
PC009624;Não informado;E;Baixa;13,0;10,4;37,6;55;100;15;9,72;4,71;🔴 Comprar agora;22,0;1055,09;22793,28
PC004030;Não informado;E;Baixa;3,0;2,0;44,6;55;100;15;8,19;4,71;🔴 Comprar agora;4,0;1677,67;6254,23
PC005928;Não informado;E;Média;92,0;68,0;40,6;55;100;15;8,99;4,71;🔴 Comprar agora;135,0;103,21;13887,14
PC004382;Não informado;E;Baixa;5,0;5,5;27,5;55;100;15;13,27;4,71;🔴 Comprar agora;13,0;596,19;7856,35
PC000191;Não informado;E;Baixa;14,0;4,3;96,6;55;100;15;3,78;4,71;🟢 OK;0,0;756,46;0,0
PC003362;Não informado;E;Baixa;4,0;30,5;3,9;55;100;15;92,81;4,71;🚨 RUPTURA IMINENTE;98,0;498,82;48737,82
PC008366;Não informado;E;Baixa;10,0;3,7;80,8;55;100;15;4,52;4,71;🟢 OK;0,0;1003,55;0,0
PC004134;Não informado;E;Baixa;95,0;36,0;79,2;55;100;15;4,61;4,71;🟢 OK;0,0;130,2;0,0
PC002318;Não informado;E;Baixa;96,0;65,3;44,1;55;100;15;8,27;4,71;🔴 Comprar agora;122,0;233,16;28331,81
PC000854;Não informado;E;Baixa;11,0;28,6;11,5;55;100;15;31,6;4,71;🚨 RUPTURA IMINENTE;84,0;508,51;42840,91
PC007448;Não informado;E;Baixa;1,0;3,0;9,9;55;100;15;36,73;4,71;🚨 RUPTURA IMINENTE;9,0;2049,22;18571,92
PC000740;Não informado;E;Baixa;15,0;5,0;89,7;55;100;15;4,07;4,71;🟢 OK;0,0;878,41;0,0
PC002376;Não informado;E;Baixa;6,0;3,1;58,5;55;100;15;6,24;4,71;🟢 OK;0,0;1119,46;0,0
PC003734;Não informado;E;Baixa;6,0;6,5;27,7;55;100;15;13,16;4,71;🔴 Comprar agora;16,0;944,4;14766,11
PC007271;Não informado;E;Baixa;40,0;31,0;38,7;55;100;15;9,44;4,71;🔴 Comprar agora;63,0;216,89;13761,78
PC002652;Não informado;E;Baixa;11,0;15,2;21,7;55;100;15;16,83;4,71;🔴 Comprar agora;40,0;261,7;10391,66
PC001523;Não informado;E;Baixa;56,0;42,7;39,3;55;100;15;9,29;4,71;🔴 Comprar agora;86,0;331,09;28626,69
PC002144;Não informado;E;Média;14,0;25,2;16,7;55;100;15;21,9;4,71;🔴 Comprar agora;70,0;285,76;19999,96
PC002018;Não informado;E;Baixa;13,0;7,1;54,7;55;100;15;6,68;4,71;🔴 Comprar agora;11,0;603,68;6506,58
PC007139;Não informado;E;Baixa;26,0;16,5;47,3;55;100;15;7,72;4,71;🔴 Comprar agora;29,0;723,25;20943,78
PC008619;Não informado;E;Baixa;6,0;4,3;41,5;55;100;15;8,79;4,71;🔴 Comprar agora;8,0;935,26;7904,74
PC001209;Não informado;E;Baixa;3,0;13,8;6,5;55;100;15;56,02;4,71;🚨 RUPTURA IMINENTE;43,0;1039,44;44744,36
PC003042;Não informado;E;Baixa;15,0;6,3;71,7;55;100;15;5,09;4,71;🟢 OK;0,0;524,05;0,0
PC006112;Não informado;E;Baixa;12,0;37,3;9,7;55;100;15;37,82;4,71;🚨 RUPTURA IMINENTE;112,0;303,12;34055,25
PC004464;Não informado;E;Baixa;18,0;7,0;77,4;55;100;15;4,71;4,71;🟢 OK;0,0;485,61;0,0
PC002336;Não informado;E;Baixa;12,0;26,0;13,8;55;100;15;26,4;4,71;🚨 RUPTURA IMINENTE;75,0;277,82;20783,83
PC003913;Não informado;E;Baixa;16,0;6,7;71,4;55;100;15;5,11;4,71;🟢 OK;0,0;463,86;0,0
PC006246;Não informado;E;Baixa;15,0;4,6;97,1;55;100;15;3,76;4,71;🟢 OK;0,0;804,61;0,0
PC005646;Não informado;E;Baixa;9,0;3,0;89,8;55;100;15;4,06;4,71;🟢 OK;0,0;1170,88;0,0
PC000786;Não informado;E;Baixa;6,0;3,0;59,7;55;100;15;6,11;4,71;🟢 OK;0,0;1367,9;0,0
PC001132;Não informado;E;Baixa;5,0;8,2;18,2;55;100;15;20,03;4,71;🔴 Comprar agora;22,0;692,02;15524,07
PC006263;Não informado;E;Baixa;3,0;4,7;19,3;55;100;15;18,88;4,71;🔴 Comprar agora;13,0;828,2;10368,8
PC007703;Não informado;E;Baixa;13,0;6,2;62,7;55;100;15;5,82;4,71;🟢 OK;0,0;609,43;0,0
PC000291;Não informado;E;Baixa;7,0;3,5;60,4;55;100;15;6,05;4,71;🟢 OK;0,0;1094,13;0,0
PC006486;Não informado;E;Baixa;16,0;14,5;33,2;55;100;15;11,0;4,71;🔴 Comprar agora;32,0;346,8;11168,83
PC003840;Não informado;E;Baixa;14,0;9,9;42,6;55;100;15;8,57;4,71;🔴 Comprar agora;19,0;771,64;14547,72
PC000618;Não informado;E;Baixa;9,0;6,5;41,6;55;100;15;8,77;4,71;🔴 Comprar agora;13,0;454,64;5735,72
PC000487;Não informado;E;Baixa;10,0;5,0;60,4;55;100;15;6,05;4,71;🟢 OK;0,0;653,99;0,0
PC003796;Não informado;E;Baixa;2,0;3,1;19,3;55;100;15;18,88;4,71;🔴 Comprar agora;8,0;3271,43;27294,07
PC004429;Não informado;E;Baixa;6,0;19,3;9,3;55;100;15;39,1;4,71;🚨 RUPTURA IMINENTE;58,0;649,14;37824,98
PC002316;Não informado;E;Baixa;9,0;13,8;19,6;55;100;15;18,6;4,71;🔴 Comprar agora;37,0;283,0;10431,11
PC001744;Não informado;E;Baixa;26,0;9,0;86,8;55;100;15;4,21;4,71;🟢 OK;0,0;434,22;0,0
PC001937;Não informado;E;Baixa;5,0;3,2;47,0;55;100;15;7,77;4,71;🔴 Comprar agora;6,0;2155,07;12164,44
PC007875;Não informado;E;Baixa;11,0;14,2;23,2;55;100;15;15,71;4,71;🔴 Comprar agora;36,0;262,23;9528,99
PC000994;Não informado;E;Baixa;5,0;6,5;23,0;55;100;15;15,85;4,71;🔴 Comprar agora;17,0;805,56;13464,82
PC000684;Não informado;E;Baixa;4,0;6,7;17,8;55;100;15;20,5;4,71;🔴 Comprar agora;18,0;823,76;15215,19
PC008266;Não informado;E;Baixa;12,0;4,2;86,7;55;100;15;4,21;4,71;🟢 OK;0,0;1140,58;0,0
PC009350;Não informado;E;Baixa;12,0;27,1;13,3;55;100;15;27,51;4,71;🚨 RUPTURA IMINENTE;78,0;398,02;31224,22
PC000826;Não informado;E;Baixa;90,0;41,9;64,5;55;100;15;5,66;4,71;🟢 OK;0,0;79,39;0,0
PC008311;Não informado;E;Baixa;44,0;21,6;61,0;55;100;15;5,98;4,71;🟢 OK;0,0;175,84;0,0
PC005070;Não informado;E;Baixa;19,0;18,3;31,2;55;100;15;11,69;4,71;🔴 Comprar agora;42,0;195,49;8186,7
PC000143;Não informado;E;Média;6,0;6,6;27,4;55;100;15;13,34;4,71;🔴 Comprar agora;16,0;1101,34;17550,86
PC003550;Não informado;E;Baixa;9,0;3,0;90,1;55;100;15;4,05;4,71;🟢 OK;0,0;1481,45;0,0
PC007938;Não informado;E;Baixa;5,0;4,6;32,8;55;100;15;11,14;4,71;🔴 Comprar agora;10,0;811,25;8324,62
PC007184;Não informado;E;Baixa;4,0;6,1;19,7;55;100;15;18,55;4,71;🔴 Comprar agora;16,0;543,92;8881,38
PC003282;Não informado;E;Baixa;12,0;5,0;71,5;55;100;15;5,1;4,71;🟢 OK;0,0;636,06;0,0
PC009909;Não informado;E;Baixa;5,0;4,9;30,7;55;100;15;11,9;4,71;🔴 Comprar agora;11,0;915,75;10346,65
PC005154;Não informado;E;Média;36,0;21,8;49,6;55;100;15;7,36;4,71;🔴 Comprar agora;37,0;273,3;9998,52
PC008123;Não informado;E;Baixa;16,0;12,8;37,6;55;100;15;9,71;4,71;🔴 Comprar agora;27,0;1719,7;45666,43
PC006351;Não informado;E;Baixa;33,0;20,8;47,6;55;100;15;7,66;4,71;🔴 Comprar agora;36,0;745,58;27042,09
PC009450;Não informado;E;Baixa;58,0;32,4;53,7;55;100;15;6,8;4,71;🔴 Comprar agora;50,0;124,76;6242,2
PC004222;Não informado;E;Baixa;6,0;7,7;23,3;55;100;15;15,65;4,71;🔴 Comprar agora;20,0;2058,0;40607,59
PC005105;Não informado;E;Baixa;123,0;48,7;75,7;55;100;15;4,82;4,71;🟢 OK;0,0;90,61;0,0
PC003780;Não informado;E;Baixa;3,0;1,9;46,5;55;100;15;7,85;4,71;🔴 Comprar agora;3,0;5101,72;17605,41
PC004542;Não informado;E;Baixa;1,0;0,9;31,8;55;100;15;11,49;4,71;🔴 Comprar agora;2,0;4284,51;9205,56
PC005663;Não informado;E;Baixa;9,0;5,8;46,8;55;100;15;7,8;4,71;🔴 Comprar agora;10,0;557,01;5697,88
PC005724;Não informado;E;Baixa;30,0;17,6;51,2;55;100;15;7,14;4,71;🔴 Comprar agora;29,0;239,14;6850,5
PC000023;Não informado;E;Baixa;10,0;7,1;42,3;55;100;15;8,63;4,71;🔴 Comprar agora;14,0;457,2;6239,36
PC002072;Não informado;E;Baixa;1,0;4,9;6,1;55;100;15;59,91;4,71;🚨 RUPTURA IMINENTE;15,0;2665,72;41086,74
PC002424;Não informado;E;Baixa;10,0;17,5;17,2;55;100;15;21,27;4,71;🔴 Comprar agora;48,0;925,74;44694,26
PC009009;Não informado;E;Baixa;22,0;19,6;33,7;55;100;15;10,83;4,71;🔴 Comprar agora;43,0;305,83;13227,43
PC004046;Não informado;E;Baixa;43,0;11,1;116,0;55;100;15;3,15;4,71;🟡 Estoque excessivo;0,0;291,36;0,0
PC006941;Não informado;E;Baixa;54,0;17,7;91,3;55;100;15;4,0;4,71;🟢 OK;0,0;246,27;0,0
PC001755;Não informado;E;Baixa;7,0;7,7;27,3;55;100;15;13,37;4,71;🔴 Comprar agora;19,0;918,41;17122,25
PC000732;Não informado;E;Baixa;40,0;21,7;55,4;55;100;15;6,59;4,71;🟢 OK;0,0;169,16;0,0
PC006476;Não informado;E;Baixa;10,0;11,3;26,6;55;100;15;13,7;4,71;🔴 Comprar agora;28,0;292,76;8062,41
PC009887;Não informado;E;Baixa;6,0;10,0;18,1;55;100;15;20,18;4,71;🔴 Comprar agora;27,0;722,11;19623,42
PC003618;Não informado;E;Baixa;11,0;3,9;84,1;55;100;15;4,34;4,71;🟢 OK;0,0;865,88;0,0
PC007446;Não informado;E;Baixa;36,0;14,0;77,4;55;100;15;4,72;4,71;🟢 OK;0,0;914,29;0,0
PC005147;Não informado;E;Baixa;4,0;2,7;44,0;55;100;15;8,3;4,71;🔴 Comprar agora;5,0;1325,46;6751,71
PC008530;Não informado;E;Média;22,0;34,3;19,2;55;100;15;18,97;4,71;🔴 Comprar agora;92,0;154,8;14298,79
PC006063;Não informado;E;Baixa;4,0;13,0;9,3;55;100;15;39,44;4,71;🚨 RUPTURA IMINENTE;39,0;1666,51;65368,46
PC000243;Não informado;E;Baixa;64,0;27,8;69,2;55;100;15;5,28;4,71;🟢 OK;0,0;140,31;0,0
PC000117;Não informado;E;Baixa;28,0;16,5;50,8;55;100;15;7,18;4,71;🔴 Comprar agora;27,0;412,62;11174,9
PC008612;Não informado;E;Baixa;11,0;4,2;78,8;55;100;15;4,63;4,71;🟢 OK;0,0;821,27;0,0
PC004493;Não informado;E;Baixa;3,0;2,0;44,4;55;100;15;8,22;4,71;🔴 Comprar agora;4,0;2172,08;8153,09
PC008210;Não informado;E;Baixa;11,0;9,8;33,7;55;100;15;10,83;4,71;🔴 Comprar agora;22,0;485,43;10500,03
PC007731;Não informado;E;Baixa;29,0;10,1;86,5;55;100;15;4,22;4,71;🟢 OK;0,0;329,55;0,0
PC007659;Não informado;E;Baixa;12,0;6,0;60,2;55;100;15;6,06;4,71;🟢 OK;0,0;725,14;0,0
PC004475;Não informado;E;Baixa;10,0;8,1;37,0;55;100;15;9,87;4,71;🔴 Comprar agora;17,0;651,67;11098,86
PC002158;Não informado;E;Baixa;6,0;20,5;8,8;55;100;15;41,66;4,71;🚨 RUPTURA IMINENTE;62,0;647,88;40477,0
PC000520;Não informado;E;Baixa;3,0;8,7;10,4;55;100;15;35,1;4,71;🚨 RUPTURA IMINENTE;26,0;1581,59;40877,78
PC001403;Não informado;E;Baixa;19,0;46,0;12,4;55;100;15;29,43;4,71;🚨 RUPTURA IMINENTE;134,0;536,95;72045,14
PC003819;Não informado;E;Baixa;8,0;4,1;59,2;55;100;15;6,16;4,71;🟢 OK;0,0;872,9;0,0
PC007507;Não informado;E;Baixa;60,0;21,6;83,2;55;100;15;4,38;4,71;🟢 OK;0,0;159,51;0,0
PC005050;Não informado;E;Baixa;86,0;54,1;47,7;55;100;15;7,65;4,71;🔴 Comprar agora;94,0;68,86;6489,21
PC000883;Não informado;E;Baixa;25,0;110,8;6,8;55;100;15;53,91;4,71;🚨 RUPTURA IMINENTE;344,0;200,99;69185,57
PC004536;Não informado;E;Baixa;52,0;18,0;86,8;55;100;15;4,2;4,71;🟢 OK;0,0;161,23;0,0
PC001245;Não informado;E;Baixa;26,0;13,7;57,0;55;100;15;6,4;4,71;🟢 OK;0,0;332,24;0,0
PC006625;Não informado;E;Baixa;76,0;104,1;21,9;55;100;15;16,67;4,71;🔴 Comprar agora;271,0;52,9;14342,03
PC007870;Não informado;E;Baixa;27,0;36,1;22,4;55;100;15;16,28;4,71;🔴 Comprar agora;93,0;420,81;39327,72
PC004946;Não informado;E;Baixa;18,0;9,2;58,5;55;100;15;6,24;4,71;🟢 OK;0,0;436,07;0,0
PC008626;Não informado;E;Baixa;50,0;91,4;16,4;55;100;15;22,24;4,71;🔴 Comprar agora;255,0;35,35;9002,48
PC007774;Não informado;E;Baixa;6,0;5,1;35,5;55;100;15;10,28;4,71;🔴 Comprar agora;11,0;702,45;7661,1
PC002103;Não informado;E;Baixa;26,0;33,0;23,6;55;100;15;15,44;4,71;🔴 Comprar agora;84,0;146,64;12311,63
PC002190;Não informado;E;Baixa;5,0;5,0;30,2;55;100;15;12,11;4,71;🔴 Comprar agora;12,0;706,37;8181,38
PC001218;Não informado;E;Média;8,0;4,7;50,6;55;100;15;7,21;4,71;🔴 Comprar agora;8,0;1244,3;9722,58
PC008277;Não informado;E;Baixa;11,0;4,2;77,7;55;100;15;4,7;4,71;🟢 OK;0,0;931,99;0,0
PC009857;Não informado;E;Baixa;4,0;21,1;5,7;55;100;15;64,29;4,71;🚨 RUPTURA IMINENTE;66,0;575,04;38215,41
PC002263;Não informado;E;Média;6,0;9,1;19,9;55;100;15;18,38;4,71;🔴 Comprar agora;24,0;700,17;16959,15
PC000951;Não informado;E;Baixa;3,0;8,9;10,1;55;100;15;36,03;4,71;🚨 RUPTURA IMINENTE;27,0;985,51;26231,71
PC004865;Não informado;E;Baixa;2,0;1,0;59,4;55;100;15;6,15;4,71;🟢 OK;0,0;3548,68;0,0
PC002147;Não informado;E;Baixa;6,0;9,3;19,3;55;100;15;18,89;4,71;🔴 Comprar agora;25,0;1699,93;42599,92
PC000825;Não informado;E;Baixa;34,0;14,0;72,7;55;100;15;5,02;4,71;🟢 OK;0,0;211,29;0,0
PC008339;Não informado;E;Baixa;7,0;6,1;34,3;55;100;15;10,63;4,71;🔴 Comprar agora;13,0;669,15;8959,08
PC009518;Não informado;E;Baixa;8,0;11,7;20,5;55;100;15;17,81;4,71;🔴 Comprar agora;31,0;592,67;18397,87
PC005553;Não informado;E;Baixa;35,0;34,6;30,4;55;100;15;12,02;4,71;🔴 Comprar agora;80,0;327,44;26266,3
PC008010;Não informado;E;Baixa;43,0;18,6;69,2;55;100;15;5,27;4,71;🟢 OK;0,0;217,95;0,0
PC006367;Não informado;E;Baixa;8,0;4,7;50,8;55;100;15;7,19;4,71;🔴 Comprar agora;8,0;1464,52;11360,87
PC006371;Não informado;E;Baixa;7,0;4,0;53,1;55;100;15;6,88;4,71;🔴 Comprar agora;6,0;1001,6;6202,86
PC002899;Não informado;E;Baixa;23,0;32,8;21,0;55;100;15;17,37;4,71;🔴 Comprar agora;86,0;495,46;42843,93
PC000974;Não informado;E;Baixa;16,0;5,9;80,8;55;100;15;4,52;4,71;🟢 OK;0,0;578,62;0,0
PC009892;Não informado;E;Baixa;26,0;17,6;44,4;55;100;15;8,22;4,71;🔴 Comprar agora;33,0;208,49;6783,82
PC007024;Não informado;E;Baixa;9,0;8,2;32,9;55;100;15;11,09;4,71;🔴 Comprar agora;18,0;445,35;8174,94
PC004012;Não informado;E;Baixa;12,0;20,9;17,2;55;100;15;21,19;4,71;🔴 Comprar agora;58,0;743,9;42890,32
PC009674;Não informado;E;Baixa;20,0;26,8;22,4;55;100;15;16,28;4,71;🔴 Comprar agora;69,0;145,2;10049,62
PC001789;Não informado;E;Baixa;50,0;91,7;16,4;55;100;15;22,31;4,71;🔴 Comprar agora;256,0;237,82;60775,21
PC006016;Não informado;E;Baixa;46,0;16,7;82,8;55;100;15;4,41;4,71;🟢 OK;0,0;230,34;0,0
PC000095;Não informado;E;Baixa;18,0;6,6;81,9;55;100;15;4,46;4,71;🟢 OK;0,0;546,32;0,0
PC004186;Não informado;E;Média;6,0;10,2;17,7;55;100;15;20,61;4,71;🔴 Comprar agora;28,0;708,75;19754,39
PC001763;Não informado;E;Média;7,0;7,8;26,8;55;100;15;13,6;4,71;🔴 Comprar agora;19,0;759,72;14494,14
PC009363;Não informado;E;Baixa;28,0;10,0;83,6;55;100;15;4,37;4,71;🟢 OK;0,0;367,28;0,0
PC002747;Não informado;E;Baixa;2,0;2,1;28,9;55;100;15;12,62;4,71;🔴 Comprar agora;5,0;1534,97;7541,99
PC007248;Não informado;E;Baixa;4,0;3,1;39,1;55;100;15;9,33;4,71;🔴 Comprar agora;6,0;970,96;6046,95
PC005550;Não informado;E;Baixa;13,0;9,7;40,0;55;100;15;9,12;4,71;🔴 Comprar agora;19,0;729,37;14217,3
PC006072;Não informado;E;Baixa;12,0;4,1;88,1;55;100;15;4,14;4,71;🟢 OK;0,0;1018,49;0,0
PC007901;Não informado;E;Baixa;26,0;15,8;49,3;55;100;15;7,41;4,71;🔴 Comprar agora;27,0;232,96;6232,47
PC002971;Não informado;E;Baixa;9,0;4,3;62,5;55;100;15;5,84;4,71;🟢 OK;0,0;991,68;0,0
PC004514;Não informado;E;Baixa;7,0;14,4;14,6;55;100;15;25,04;4,71;🚨 RUPTURA IMINENTE;41,0;427,14;17519,94
PC009560;Não informado;E;Baixa;9,0;4,7;57,1;55;100;15;6,39;4,71;🟢 OK;0,0;1117,91;0,0
PC007679;Não informado;E;Baixa;8,0;15,9;15,1;55;100;15;24,18;4,71;🔴 Comprar agora;45,0;961,55;43271,57
PC002030;Não informado;E;Baixa;9,0;4,1;66,3;55;100;15;5,5;4,71;🟢 OK;0,0;773,41;0,0
PC003338;Não informado;E;Baixa;15,0;5,1;89,0;55;100;15;4,1;4,71;🟢 OK;0,0;935,56;0,0
PC005228;Não informado;E;Baixa;5,0;4,9;30,8;55;100;15;11,86;4,71;🔴 Comprar agora;11,0;802,39;9026,66
PC007780;Não informado;E;Baixa;5,0;22,8;6,6;55;100;15;55,49;4,71;🚨 RUPTURA IMINENTE;71,0;772,29;54840,66
PC001252;Não informado;E;Baixa;5,0;17,9;8,4;55;100;15;43,44;4,71;🚨 RUPTURA IMINENTE;55,0;867,15;47269,63
PC005888;Não informado;E;Baixa;21,0;7,1;89,2;55;100;15;4,09;4,71;🟢 OK;0,0;579,83;0,0
PC000669;Não informado;E;Baixa;8,0;10,5;22,8;55;100;15;15,99;4,71;🔴 Comprar agora;27,0;314,02;8492,23
PC002167;Não informado;E;Baixa;21,0;23,2;27,1;55;100;15;13,47;4,71;🔴 Comprar agora;56,0;733,88;41459,97
PC000289;Não informado;E;Baixa;87,0;39,5;66,1;55;100;15;5,52;4,71;🟢 OK;0,0;92,58;0,0
PC005619;Não informado;E;Baixa;22,0;8,4;78,7;55;100;15;4,64;4,71;🟢 OK;0,0;399,59;0,0
PC008542;Não informado;E;Baixa;14,0;14,7;28,6;55;100;15;12,74;4,71;🔴 Comprar agora;35,0;266,92;9309,38
PC002825;Não informado;E;Baixa;41,0;29,4;41,9;55;100;15;8,72;4,71;🔴 Comprar agora;57,0;105,94;6032,77
PC000977;Não informado;E;Baixa;1,0;1,0;28,8;55;100;15;12,68;4,71;🔴 Comprar agora;2,0;3350,58;8285,09
PC004944;Não informado;E;Baixa;17,0;10,6;48,2;55;100;15;7,57;4,71;🔴 Comprar agora;18,0;319,31;5837,16
PC009044;Não informado;E;Baixa;9,0;2,9;92,4;55;100;15;3,95;4,71;🟢 OK;0,0;1252,2;0,0
PC003344;Não informado;E;Baixa;64,0;26,6;72,3;55;100;15;5,05;4,71;🟢 OK;0,0;131,86;0,0
PC009638;Não informado;E;Baixa;7,0;13,3;15,8;55;100;15;23,05;4,71;🔴 Comprar agora;37,0;741,48;27588,86
PC006248;Não informado;E;Baixa;98,0;31,8;92,4;55;100;15;3,95;4,71;🟢 OK;0,0;114,09;0,0
PC002477;Não informado;E;Baixa;2,0;4,9;12,2;55;100;15;29,91;4,71;🚨 RUPTURA IMINENTE;14,0;2717,07;39096,36
PC000814;Não informado;E;Baixa;54,0;28,5;56,9;55;100;15;6,41;4,71;🟢 OK;0,0;129,46;0,0
PC000650;Não informado;E;Baixa;9,0;6,0;44,9;55;100;15;8,13;4,71;🔴 Comprar agora;11,0;1578,31;17441,9
PC006677;Não informado;E;Baixa;16,0;7,5;63,8;55;100;15;5,72;4,71;🟢 OK;0,0;555,57;0,0
PC007615;Não informado;E;Baixa;8,0;6,6;36,6;55;100;15;9,96;4,71;🔴 Comprar agora;14,0;1066,12;14752,6
PC007487;Não informado;E;Baixa;16,0;5,2;91,5;55;100;15;3,99;4,71;🟢 OK;0,0;904,36;0,0
PC003107;Não informado;E;Baixa;6,0;5,9;30,5;55;100;15;11,99;4,71;🔴 Comprar agora;14,0;821,57;11257,88
PC008658;Não informado;E;Baixa;15,0;5,5;81,7;55;100;15;4,47;4,71;🟢 OK;0,0;731,17;0,0
PC006024;Não informado;E;Baixa;7,0;3,8;55,2;55;100;15;6,61;4,71;🟢 OK;0,0;879,89;0,0
PC000637;Não informado;E;Baixa;39,0;15,0;78,0;55;100;15;4,68;4,71;🟢 OK;0,0;337,96;0,0
PC009911;Não informado;E;Baixa;13,0;6,6;59,5;55;100;15;6,14;4,71;🟢 OK;0,0;565,08;0,0
PC009057;Não informado;E;Baixa;87,0;39,5;66,0;55;100;15;5,53;4,71;🟢 OK;0,0;90,53;0,0
PC007262;Não informado;E;Baixa;15,0;12,5;36,0;55;100;15;10,15;4,71;🔴 Comprar agora;27,0;513,88;13724,31
PC001641;Não informado;E;Média;92,0;72,6;38,0;55;100;15;9,6;4,71;🔴 Comprar agora;150,0;72,16;10815,85
PC003872;Não informado;E;Baixa;34,0;39,0;26,2;55;100;15;13,94;4,71;🔴 Comprar agora;96,0;158,8;15228,04
PC004042;Não informado;E;Baixa;5,0;2,7;55,2;55;100;15;6,61;4,71;🟢 OK;0,0;1579,29;0,0
PC006357;Não informado;E;Baixa;32,0;68,6;14,0;55;100;15;26,08;4,71;🚨 RUPTURA IMINENTE;197,0;152,34;29950,97
PC004122;Não informado;E;Baixa;1,0;1,0;29,3;55;100;15;12,47;4,71;🔴 Comprar agora;2,0;3899,13;9426,83
PC008308;Não informado;E;Baixa;16,0;6,9;69,5;55;100;15;5,25;4,71;🟢 OK;0,0;600,97;0,0
PC000426;Não informado;E;Baixa;7,0;21,9;9,6;55;100;15;37,99;4,71;🚨 RUPTURA IMINENTE;66,0;598,08;39383,74
PC001107;Não informado;E;Baixa;5,0;7,4;20,3;55;100;15;17,99;4,71;🔴 Comprar agora;20,0;443,33;8710,56
PC000528;Não informado;E;Baixa;12,0;3,6;101,3;55;100;15;3,6;4,71;🟡 Estoque excessivo;0,0;969,78;0,0
PC000182;Não informado;E;Baixa;16,0;60,2;8,0;55;100;15;45,78;4,71;🚨 RUPTURA IMINENTE;185,0;185,4;34238,33
PC008438;Não informado;E;Baixa;19,0;11,9;48,0;55;100;15;7,6;4,71;🔴 Comprar agora;21,0;277,49;5701,71
PC004468;Não informado;E;Baixa;25,0;11,2;67,0;55;100;15;5,45;4,71;🟢 OK;0,0;324,99;0,0
PC006967;Não informado;E;Baixa;10,0;4,3;70,5;55;100;15;5,17;4,71;🟢 OK;0,0;744,14;0,0
PC000438;Não informado;E;Baixa;54,0;17,5;92,4;55;100;15;3,95;4,71;🟢 OK;0,0;216,68;0,0
PC005864;Não informado;E;Baixa;31,0;36,1;25,8;55;100;15;14,15;4,71;🔴 Comprar agora;89,0;101,57;9057,28
PC001980;Não informado;E;Baixa;1,0;1,0;31,3;55;100;15;11,65;4,71;🔴 Comprar agora;2,0;3060,34;6711,41
PC006314;Não informado;E;Baixa;8,0;6,9;34,9;55;100;15;10,47;4,71;🔴 Comprar agora;15,0;515,21;7700,18
PC009170;Não informado;E;Baixa;87,0;34,2;76,3;55;100;15;4,78;4,71;🟢 OK;0,0;122,82;0,0
PC005218;Não informado;E;Baixa;13,0;8,1;48,0;55;100;15;7,6;4,71;🔴 Comprar agora;14,0;404,61;5694,97
PC001443;Não informado;E;Baixa;4,0;16,9;7,1;55;100;15;51,26;4,71;🚨 RUPTURA IMINENTE;52,0;760,74;39694,05
PC000375;Não informado;E;Baixa;16,0;10,4;46,3;55;100;15;7,89;4,71;🔴 Comprar agora;19,0;357,07;6636,45
PC001608;Não informado;E;Baixa;9,0;3,0;89,8;55;100;15;4,06;4,71;🟢 OK;0,0;1159,19;0,0
PC005977;Não informado;E;Baixa;2,0;1,3;45,8;55;100;15;7,97;4,71;🔴 Comprar agora;2,0;2742,65;6498,07
PC009869;Não informado;E;Baixa;12,0;11,5;31,3;55;100;15;11,65;4,71;🔴 Comprar agora;26,0;282,81;7433,74
PC001788;Não informado;E;Baixa;2,0;2,9;20,4;55;100;15;17,87;4,71;🔴 Comprar agora;8,0;2586,56;20149,14
PC005317;Não informado;E;Baixa;5,0;7,8;19,1;55;100;15;19,09;4,71;🔴 Comprar agora;21,0;473,37;10009,09
PC006561;Não informado;E;Baixa;51,0;52,6;29,1;55;100;15;12,55;4,71;🔴 Comprar agora;124,0;120,4;14964,27
PC003868;Não informado;E;Baixa;25,0;9,9;75,7;55;100;15;4,82;4,71;🟢 OK;0,0;304,16;0,0
PC005403;Não informado;E;Baixa;1,0;7,3;4,1;55;100;15;88,4;4,71;🚨 RUPTURA IMINENTE;23,0;1351,94;31391,86
PC006998;Não informado;E;Baixa;11,0;5,2;63,7;55;100;15;5,73;4,71;🟢 OK;0,0;583,13;0,0
PC009526;Não informado;E;Baixa;48,0;25,7;56,1;55;100;15;6,51;4,71;🟢 OK;0,0;130,98;0,0
PC001597;Não informado;E;Baixa;37,0;18,8;59,2;55;100;15;6,17;4,71;🟢 OK;0,0;197,47;0,0
PC002548;Não informado;E;Baixa;2,0;1,0;57,9;55;100;15;6,3;4,71;🟢 OK;0,0;3834,26;0,0
PC002568;Não informado;E;Baixa;38,0;13,2;86,3;55;100;15;4,23;4,71;🟢 OK;0,0;234,0;0,0
PC005695;Não informado;E;Baixa;6,0;4,0;45,1;55;100;15;8,09;4,71;🔴 Comprar agora;7,0;800,13;5837,7
PC008829;Não informado;E;Baixa;30,0;24,1;37,4;55;100;15;9,77;4,71;🔴 Comprar agora;50,0;168,96;8495,2
PC006868;Não informado;E;Baixa;12,0;6,3;56,9;55;100;15;6,41;4,71;🟢 OK;0,0;482,63;0,0
PC004033;Não informado;E;Baixa;1,0;2,0;15,0;55;100;15;24,33;4,71;🔴 Comprar agora;6,0;1926,98;10916,06
PC000972;Não informado;E;Baixa;74,0;59,3;37,4;55;100;15;9,75;4,71;🔴 Comprar agora;124,0;52,05;6434,88
PC005555;Não informado;E;Baixa;59,0;128,2;13,8;55;100;15;26,44;4,71;🚨 RUPTURA IMINENTE;368,0;87,48;32222,09
PC000931;Não informado;E;Baixa;3,0;4,8;18,6;55;100;15;19,6;4,71;🔴 Comprar agora;13,0;1419,65;18608,59
PC007045;Não informado;E;Baixa;4,0;3,2;37,2;55;100;15;9,81;4,71;🔴 Comprar agora;7,0;1704,8;11504,61
PC008502;Não informado;E;Baixa;48,0;20,2;71,2;55;100;15;5,13;4,71;🟢 OK;0,0;152,37;0,0
PC007953;Não informado;E;Média;5,0;3,2;47,6;55;100;15;7,67;4,71;🔴 Comprar agora;6,0;1521,73;8372,96
PC009102;Não informado;E;Baixa;16,0;46,5;10,3;55;100;15;35,37;4,71;🚨 RUPTURA IMINENTE;139,0;208,65;29010,12
PC001946;Não informado;E;Baixa;2,0;1,4;43,1;55;100;15;8,47;4,71;🔴 Comprar agora;3,0;2784,83;7353,14
PC009762;Não informado;E;Baixa;26,0;9,0;86,7;55;100;15;4,21;4,71;🟢 OK;0,0;402,79;0,0
PC005478;Não informado;E;Baixa;13,0;5,2;75,6;55;100;15;4,83;4,71;🟢 OK;0,0;592,82;0,0
PC008471;Não informado;E;Baixa;4,0;1,8;66,4;55;100;15;5,5;4,71;🟢 OK;0,0;1515,21;0,0
PC005640;Não informado;E;Baixa;6,0;8,2;22,0;55;100;15;16,63;4,71;🔴 Comprar agora;21,0;387,63;8268,09
PC006111;Não informado;E;Baixa;4,0;8,2;14,6;55;100;15;24,95;4,71;🚨 RUPTURA IMINENTE;23,0;1621,6;37856,38
PC008183;Não informado;E;Baixa;6,0;5,8;30,8;55;100;15;11,86;4,71;🔴 Comprar agora;13,0;624,91;8434,47
PC000546;Não informado;E;Média;39,0;21,7;54,0;55;100;15;6,76;4,71;🔴 Comprar agora;33,0;261,68;8709,63
PC005135;Não informado;E;Baixa;16,0;17,4;27,7;55;100;15;13,19;4,71;🔴 Comprar agora;42,0;289,45;12109,39
PC005816;Não informado;E;Baixa;16,0;6,8;70,3;55;100;15;5,19;4,71;🟢 OK;0,0;696,45;0,0
PC001315;Não informado;E;Baixa;5,0;4,1;37,0;55;100;15;9,87;4,71;🔴 Comprar agora;9,0;1006,28;8571,55
PC001370;Não informado;E;Baixa;11,0;10,1;32,8;55;100;15;11,12;4,71;🔴 Comprar agora;23,0;385,18;8672,85
PC003754;Não informado;E;Baixa;6,0;7,8;23,1;55;100;15;15,77;4,71;🔴 Comprar agora;20,0;826,89;16477,41
PC007708;Não informado;E;Baixa;36,0;12,0;89,7;55;100;15;4,07;4,71;🟢 OK;0,0;266,57;0,0
PC005760;Não informado;E;Baixa;20,0;16,9;35,4;55;100;15;10,3;4,71;🔴 Comprar agora;36,0;181,65;6620,9
PC008144;Não informado;E;Baixa;8,0;8,3;29,0;55;100;15;12,58;4,71;🔴 Comprar agora;20,0;727,22;14226,2
PC002063;Não informado;E;Média;35,0;21,6;48,7;55;100;15;7,5;4,71;🔴 Comprar agora;37,0;266,42;9838,81
PC007844;Não informado;E;Baixa;7,0;20,4;10,3;55;100;15;35,38;4,71;🚨 RUPTURA IMINENTE;61,0;636,77;38751,46
PC006982;Não informado;E;Baixa;10,0;23,1;13,0;55;100;15;28,05;4,71;🚨 RUPTURA IMINENTE;67,0;667,81;44643,03
PC006976;Não informado;E;Baixa;7,0;12,8;16,4;55;100;15;22,22;4,71;🔴 Comprar agora;36,0;491,62;17506,92
PC002779;Não informado;E;Baixa;33,0;18,4;53,9;55;100;15;6,77;4,71;🔴 Comprar agora;28,0;261,93;7398,63
PC006485;Não informado;E;Baixa;77,0;26,3;87,8;55;100;15;4,16;4,71;🟢 OK;0,0;145,46;0,0
PC001316;Não informado;E;Baixa;12,0;4,9;73,3;55;100;15;4,98;4,71;🟢 OK;0,0;727,37;0,0
PC003477;Não informado;E;Baixa;9,0;17,1;15,8;55;100;15;23,17;4,71;🔴 Comprar agora;48,0;675,75;32530,46
PC006213;Não informado;E;Baixa;23,0;27,1;25,5;55;100;15;14,32;4,71;🔴 Comprar agora;67,0;409,82;27566,24
PC003372;Não informado;E;Média;18,0;13,5;40,1;55;100;15;9,1;4,71;🔴 Comprar agora;27,0;485,44;13050,98
PC003731;Não informado;E;Baixa;35,0;11,9;88,3;55;100;15;4,13;4,71;🟢 OK;0,0;240,35;0,0
PC000563;Não informado;E;Média;26,0;18,0;43,3;55;100;15;8,44;4,71;🔴 Comprar agora;34,0;305,33;10409,05
PC008140;Não informado;E;Baixa;10,0;18,3;16,4;55;100;15;22,27;4,71;🔴 Comprar agora;51,0;162,0;8263,04
PC004825;Não informado;E;Baixa;2,0;6,4;9,4;55;100;15;38,73;4,71;🚨 RUPTURA IMINENTE;19,0;1862,52;35800,89
PC005167;Não informado;E;Baixa;3,0;11,0;8,2;55;100;15;44,71;4,71;🚨 RUPTURA IMINENTE;34,0;1113,9;37592,89
PC005139;Não informado;E;Baixa;12,0;4,2;85,4;55;100;15;4,27;4,71;🟢 OK;0,0;908,55;0,0
PC005433;Não informado;E;Baixa;14,0;16,1;26,1;55;100;15;13,98;4,71;🔴 Comprar agora;40,0;584,39;23156,4
PC007765;Não informado;E;Baixa;18,0;8,6;62,6;55;100;15;5,83;4,71;🟢 OK;0,0;400,04;0,0
PC005215;Não informado;E;Baixa;3,0;2,0;44,8;55;100;15;8,15;4,71;🔴 Comprar agora;4,0;1601,99;5924,61
PC004755;Não informado;E;Baixa;28,0;8,6;97,6;55;100;15;3,74;4,71;🟢 OK;0,0;365,41;0,0
PC004342;Não informado;E;Baixa;37,0;24,6;45,1;55;100;15;8,1;4,71;🔴 Comprar agora;45,0;167,25;7539,48
PC009348;Não informado;E;Baixa;7,0;3,0;70,0;55;100;15;5,21;4,71;🟢 OK;0,0;925,79;0,0
PC004061;Não informado;E;Baixa;12,0;12,9;27,9;55;100;15;13,09;4,71;🔴 Comprar agora;31,0;221,16;6862,75
PC005964;Não informado;E;Baixa;12,0;9,3;38,5;55;100;15;9,47;4,71;🔴 Comprar agora;19,0;341,8;6543,09
PC001248;Não informado;E;Baixa;12,0;6,7;54,0;55;100;15;6,76;4,71;🔴 Comprar agora;10,0;568,61;5817,06
PC003659;Não informado;E;Baixa;26,0;7,6;102,4;55;100;15;3,57;4,71;🟡 Estoque excessivo;0,0;464,59;0,0
PC008978;Não informado;E;Baixa;9,0;7,7;35,0;55;100;15;10,44;4,71;🔴 Comprar agora;17,0;421,1;7050,3
PC007472;Não informado;E;Baixa;10,0;3,1;95,2;55;100;15;3,83;4,71;🟢 OK;0,0;968,1;0,0
PC009011;Não informado;E;Baixa;32,0;13,8;69,5;55;100;15;5,25;4,71;🟢 OK;0,0;271,35;0,0
PC008126;Não informado;E;Média;4,0;4,4;27,1;55;100;15;13,47;4,71;🔴 Comprar agora;11,0;1073,32;11554,21
PC006425;Não informado;E;Baixa;2,0;1,0;58,2;55;100;15;6,27;4,71;🟢 OK;0,0;3825,88;0,0
PC008236;Não informado;E;Baixa;8,0;3,6;66,4;55;100;15;5,5;4,71;🟢 OK;0,0;828,73;0,0
PC006057;Não informado;E;Baixa;35,0;31,1;33,8;55;100;15;10,8;4,71;🔴 Comprar agora;69,0;86,04;5901,85
PC008079;Não informado;E;Baixa;14,0;12,7;33,0;55;100;15;11,06;4,71;🔴 Comprar agora;28,0;374,12;10635,79
PC005536;Não informado;E;Baixa;28,0;14,3;58,7;55;100;15;6,21;4,71;🟢 OK;0,0;202,81;0,0
PC009355;Não informado;E;Baixa;12,0;9,5;37,9;55;100;15;9,63;4,71;🔴 Comprar agora;20,0;371,2;7300,62
PC005057;Não informado;E;Baixa;2,0;2,6;23,0;55;100;15;15,89;4,71;🔴 Comprar agora;7,0;1352,7;9074,09
PC002617;Não informado;E;Baixa;21,0;6,8;92,7;55;100;15;3,94;4,71;🟢 OK;0,0;503,58;0,0
PC007717;Não informado;E;Baixa;17,0;8,1;63,1;55;100;15;5,78;4,71;🟢 OK;0,0;487,67;0,0
PC004878;Não informado;E;Baixa;5,0;3,1;49,1;55;100;15;7,44;4,71;🔴 Comprar agora;5,0;1223,33;6344,29
PC003696;Não informado;E;Baixa;15,0;24,4;18,5;55;100;15;19,78;4,71;🔴 Comprar agora;66,0;427,76;28352,04
PC000649;Não informado;E;Baixa;32,0;26,3;36,5;55;100;15;10,0;4,71;🔴 Comprar agora;56,0;329,6;18360,21
PC005098;Não informado;E;Baixa;30,0;18,2;49,5;55;100;15;7,37;4,71;🔴 Comprar agora;31,0;297,55;9098,06
PC001636;Não informado;E;Baixa;6,0;14,7;12,3;55;100;15;29,73;4,71;🚨 RUPTURA IMINENTE;43,0;1113,29;47720,68
PC007436;Não informado;E;Baixa;6,0;9,9;18,2;55;100;15;20,08;4,71;🔴 Comprar agora;27,0;273,58;7387,63
PC002880;Não informado;E;Baixa;55,0;26,7;61,7;55;100;15;5,91;4,71;🟢 OK;0,0;131,24;0,0
PC001051;Não informado;E;Baixa;41,0;20,7;59,4;55;100;15;6,14;4,71;🟢 OK;0,0;277,35;0,0
PC008571;Não informado;E;Baixa;1,0;6,9;4,4;55;100;15;83,56;4,71;🚨 RUPTURA IMINENTE;22,0;2284,69;50020,17
PC007366;Não informado;E;Baixa;8,0;4,1;59,1;55;100;15;6,17;4,71;🟢 OK;0,0;937,02;0,0
PC005905;Não informado;E;Baixa;3,0;3,2;28,2;55;100;15;12,95;4,71;🔴 Comprar agora;8,0;1522,64;11640,05
PC005565;Não informado;E;Baixa;9,0;12,4;21,8;55;100;15;16,73;4,71;🔴 Comprar agora;32,0;277,17;8939,0
PC003641;Não informado;E;Baixa;44,0;54,8;24,1;55;100;15;15,16;4,71;🔴 Comprar agora;139,0;226,38;31401,83
PC003736;Não informado;E;Baixa;22,0;12,1;54,7;55;100;15;6,67;4,71;🔴 Comprar agora;18,0;254,4;4634,5
PC004757;Não informado;E;Baixa;28,0;12,4;67,9;55;100;15;5,38;4,71;🟢 OK;0,0;224,0;0,0
PC001911;Não informado;E;Média;4,0;5,0;24,1;55;100;15;15,13;4,71;🔴 Comprar agora;13,0;1168,3;14695,01
PC000144;Não informado;E;Baixa;10,0;4,7;63,9;55;100;15;5,71;4,71;🟢 OK;0,0;978,67;0,0
PC003064;Não informado;E;Baixa;17,0;9,5;53,9;55;100;15;6,77;4,71;🔴 Comprar agora;15,0;388,12;5643,73
PC002858;Não informado;E;Baixa;19,0;18,2;31,3;55;100;15;11,66;4,71;🔴 Comprar agora;42,0;369,17;15397,48
PC000028;Não informado;E;Baixa;18,0;27,4;19,7;55;100;15;18,55;4,71;🔴 Comprar agora;73,0;221,77;16291,18
PC003115;Não informado;E;Baixa;35,0;20,3;51,8;55;100;15;7,05;4,71;🔴 Comprar agora;33,0;292,03;9527,37
PC002826;Não informado;E;Baixa;7,0;11,0;19,1;55;100;15;19,14;4,71;🔴 Comprar agora;30,0;398,37;11837,36
PC008391;Não informado;E;Baixa;1,0;1,6;18,9;55;100;15;19,32;4,71;🔴 Comprar agora;4,0;3755,24;16123,66
PC004927;Não informado;E;Baixa;16,0;5,3;89,8;55;100;15;4,06;4,71;🟢 OK;0,0;845,16;0,0
PC003525;Não informado;E;Baixa;9,0;4,7;57,7;55;100;15;6,33;4,71;🟢 OK;0,0;643,93;0,0
PC008331;Não informado;E;Baixa;6,0;6,1;29,7;55;100;15;12,29;4,71;🔴 Comprar agora;14,0;409,84;5820,91
PC005297;Não informado;E;Baixa;20,0;9,2;64,9;55;100;15;5,62;4,71;🟢 OK;0,0;335,06;0,0
PC000039;Não informado;E;Baixa;4,0;5,1;23,3;55;100;15;15,64;4,71;🔴 Comprar agora;13,0;687,52;9035,93
PC009168;Não informado;E;Baixa;3,0;4,0;22,6;55;100;15;16,15;4,71;🔴 Comprar agora;10,0;925,72;9509,99
PC001770;Não informado;E;Baixa;14,0;6,1;68,7;55;100;15;5,31;4,71;🟢 OK;0,0;567,5;0,0
PC006688;Não informado;E;Baixa;5,0;3,9;38,5;55;100;15;9,47;4,71;🔴 Comprar agora;8,0;995,56;7941,77
PC001059;Não informado;E;Baixa;61,0;20,4;89,6;55;100;15;4,07;4,71;🟢 OK;0,0;151,42;0,0
PC001022;Não informado;E;Baixa;3,0;1,1;84,5;55;100;15;4,32;4,71;🟢 OK;0,0;3014,41;0,0
PC002409;Não informado;E;Baixa;128,0;80,0;48,0;55;100;15;7,6;4,71;🔴 Comprar agora;139,0;60,86;8429,58
PC005474;Não informado;E;Baixa;26,0;8,1;96,5;55;100;15;3,78;4,71;🟢 OK;0,0;486,87;0,0
PC000202;Não informado;E;Baixa;9,0;4,9;55,7;55;100;15;6,56;4,71;🟢 OK;0,0;1100,64;0,0
PC008141;Não informado;E;Baixa;2,0;1,6;37,0;55;100;15;9,86;4,71;🔴 Comprar agora;3,0;3535,38;12022,99
PC008720;Não informado;E;Baixa;5,0;4,0;37,7;55;100;15;9,69;4,71;🔴 Comprar agora;8,0;785,24;6493,76
PC002260;Não informado;E;Baixa;3,0;0,9;100,9;55;100;15;3,62;4,71;🟡 Estoque excessivo;0,0;2700,21;0,0
PC007044;Não informado;E;Baixa;9,0;9,7;27,9;55;100;15;13,11;4,71;🔴 Comprar agora;23,0;1265,71;29509,87
PC004994;Não informado;E;Baixa;6,0;16,6;10,8;55;100;15;33,69;4,71;🚨 RUPTURA IMINENTE;49,0;743,85;36734,34
PC009017;Não informado;E;Baixa;5,0;3,1;48,9;55;100;15;7,46;4,71;🔴 Comprar agora;5,0;1148,48;5989,27
PC006012;Não informado;E;Baixa;6,0;2,0;89,2;55;100;15;4,09;4,71;🟢 OK;0,0;1430,2;0,0
PC000648;Não informado;E;Baixa;5,0;3,8;39,9;55;100;15;9,16;4,71;🔴 Comprar agora;8,0;753,45;5683,06
PC004260;Não informado;E;Baixa;24,0;10,9;65,9;55;100;15;5,54;4,71;🟢 OK;0,0;896,8;0,0
PC005782;Não informado;E;Baixa;14,0;17,2;24,4;55;100;15;14,95;4,71;🔴 Comprar agora;43,0;366,06;15864,04
PC003236;Não informado;E;Baixa;4,0;3,8;31,9;55;100;15;11,45;4,71;🔴 Comprar agora;9,0;992,09;8479,07
PC004681;Não informado;E;Baixa;10,0;20,1;15,0;55;100;15;24,41;4,71;🚨 RUPTURA IMINENTE;57,0;656,85;37359,82
PC006343;Não informado;E;Baixa;2,0;3,1;19,3;55;100;15;18,89;4,71;🔴 Comprar agora;8,0;3598,93;30053,68
PC004728;Não informado;E;Baixa;5,0;3,9;38,4;55;100;15;9,52;4,71;🔴 Comprar agora;8,0;901,35;7241,87
PC003314;Não informado;E;Baixa;73,0;36,9;59,4;55;100;15;6,15;4,71;🟢 OK;0,0;109,24;0,0
PC005128;Não informado;E;Baixa;69,0;35,2;58,8;55;100;15;6,21;4,71;🟢 OK;0,0;94,96;0,0
PC009349;Não informado;E;Baixa;4,0;2,0;59,1;55;100;15;6,18;4,71;🟢 OK;0,0;1378,97;0,0
PC008827;Não informado;E;Baixa;7,0;2,0;102,5;55;100;15;3,56;4,71;🟡 Estoque excessivo;0,0;1581,94;0,0
PC000099;Não informado;E;Baixa;6,0;5,1;35,2;55;100;15;10,38;4,71;🔴 Comprar agora;11,0;1054,24;11659,94
PC002623;Não informado;E;Baixa;11,0;19,5;16,9;55;100;15;21,62;4,71;🔴 Comprar agora;54,0;752,56;40751,05
PC007828;Não informado;E;Baixa;17,0;11,1;46,1;55;100;15;7,93;4,71;🔴 Comprar agora;20,0;301,07;5995,32
PC004252;Não informado;E;Baixa;43,0;19,3;67,0;55;100;15;5,45;4,71;🟢 OK;0,0;134,31;0,0
PC007958;Não informado;E;Baixa;33,0;23,6;41,9;55;100;15;8,72;4,71;🔴 Comprar agora;46,0;158,44;7255,96
PC003020;Não informado;E;Baixa;15,0;84,7;5,3;55;100;15;68,69;4,71;🚨 RUPTURA IMINENTE;267,0;86,75;23186,39
PC009301;Não informado;E;Baixa;10,0;15,9;18,9;55;100;15;19,34;4,71;🔴 Comprar agora;43,0;602,54;25895,76
PC006423;Não informado;E;Baixa;3,0;3,9;23,2;55;100;15;15,71;4,71;🔴 Comprar agora;10,0;2640,12;26173,46
PC001753;Não informado;E;Média;3,0;3,4;26,5;55;100;15;13,79;4,71;🔴 Comprar agora;8,0;1651,16;13763,65
PC009078;Não informado;E;Baixa;11,0;16,3;20,3;55;100;15;17,98;4,71;🔴 Comprar agora;43,0;380,97;16454,92
PC003800;Não informado;E;Baixa;4,0;6,2;19,4;55;100;15;18,86;4,71;🔴 Comprar agora;17,0;1610,91;26844,08
PC000792;Não informado;E;Baixa;2,0;1,9;31,0;55;100;15;11,78;4,71;🔴 Comprar agora;4,0;5942,74;26468,4
PC008106;Não informado;E;Baixa;11,0;19,6;16,8;55;100;15;21,73;4,71;🔴 Comprar agora;54,0;551,53;30055,36
PC007331;Não informado;E;Baixa;11,0;3,5;93,3;55;100;15;3,91;4,71;🟢 OK;0,0;790,26;0,0
PC002187;Não informado;E;Baixa;51,0;15,5;98,7;55;100;15;3,7;4,71;🟢 OK;0,0;220,24;0,0
PC000739;Não informado;E;Baixa;5,0;2,0;74,8;55;100;15;4,88;4,71;🟢 OK;0,0;1719,19;0,0
PC003998;Não informado;E;Média;10,0;4,8;62,0;55;100;15;5,88;4,71;🟢 OK;0,0;1218,51;0,0
PC007890;Não informado;E;Baixa;4,0;10,6;11,3;55;100;15;32,25;4,71;🚨 RUPTURA IMINENTE;31,0;471,58;14778,92
PC004311;Não informado;E;Baixa;20,0;8,2;73,0;55;100;15;5,0;4,71;🟢 OK;0,0;405,71;0,0
PC009251;Não informado;E;Baixa;5,0;2,1;72,0;55;100;15;5,07;4,71;🟢 OK;0,0;1836,15;0,0
PC008271;Não informado;E;Baixa;25,0;20,2;37,2;55;100;15;9,82;4,71;🔴 Comprar agora;42,0;158,01;6676,5
PC006065;Não informado;E;Baixa;15,0;16,2;27,8;55;100;15;13,13;4,71;🔴 Comprar agora;39,0;189,02;7360,4
PC008651;Não informado;E;Baixa;8,0;12,0;19,9;55;100;15;18,31;4,71;🔴 Comprar agora;32,0;305,13;9800,95
PC001180;Não informado;E;Baixa;30,0;11,8;76,3;55;100;15;4,79;4,71;🟢 OK;0,0;278,95;0,0
PC006526;Não informado;E;Baixa;2,0;6,0;10,0;55;100;15;36,41;4,71;🚨 RUPTURA IMINENTE;18,0;2761,97;49577,23
PC003008;Não informado;E;Baixa;5,0;8,0;18,8;55;100;15;19,44;4,71;🔴 Comprar agora;22,0;365,87;7916,29
PC009135;Não informado;E;Baixa;5,0;2,4;62,2;55;100;15;5,86;4,71;🟢 OK;0,0;1656,93;0,0
PC008910;Não informado;E;Baixa;10,0;3,8;79,1;55;100;15;4,61;4,71;🟢 OK;0,0;707,48;0,0
PC009703;Não informado;E;Baixa;15,0;6,0;75,1;55;100;15;4,86;4,71;🟢 OK;0,0;476,74;0,0
PC004569;Não informado;E;Baixa;1,0;1,5;19,6;55;100;15;18,58;4,71;🔴 Comprar agora;4,0;3167,39;12959,84
PC003568;Não informado;E;Baixa;15,0;37,0;12,2;55;100;15;29,98;4,71;🚨 RUPTURA IMINENTE;108,0;261,27;28268,51
PC009188;Não informado;E;Baixa;6,0;3,8;47,7;55;100;15;7,65;4,71;🔴 Comprar agora;7,0;932,61;6132,87
PC003956;Não informado;E;Baixa;1,0;2,9;10,5;55;100;15;34,81;4,71;🚨 RUPTURA IMINENTE;9,0;5400,72;46104,62
PC000416;Não informado;E;Baixa;32,0;19,2;50,1;55;100;15;7,29;4,71;🔴 Comprar agora;32,0;176,29;5620,49
PC008685;Não informado;E;Baixa;6,0;7,1;25,5;55;100;15;14,32;4,71;🔴 Comprar agora;18,0;1377,39;24157,24
PC005163;Não informado;E;Baixa;25,0;10,9;68,6;55;100;15;5,32;4,71;🟢 OK;0,0;295,57;0,0
PC004290;Não informado;E;Baixa;2,0;2,7;22,4;55;100;15;16,31;4,71;🔴 Comprar agora;7,0;1534,51;10647,8
PC001017;Não informado;E;Baixa;6,0;2,9;61,1;55;100;15;5,97;4,71;🟢 OK;0,0;1060,4;0,0
PC009053;Não informado;E;Baixa;9,0;10,2;26,6;55;100;15;13,73;4,71;🔴 Comprar agora;25,0;262,3;6517,16
PC006912;Não informado;E;Baixa;21,0;6,7;94,0;55;100;15;3,88;4,71;🟢 OK;0,0;421,37;0,0
PC008203;Não informado;E;Baixa;7,0;4,3;49,4;55;100;15;7,4;4,71;🔴 Comprar agora;7,0;611,81;4395,33
PC002196;Não informado;E;Baixa;2,0;2,2;27,2;55;100;15;13,4;4,71;🔴 Comprar agora;5,0;5963,96;31845,96
PC000149;Não informado;E;Baixa;7,0;32,7;6,4;55;100;15;56,82;4,71;🚨 RUPTURA IMINENTE;102,0;361,75;36885,49
PC006994;Não informado;E;Baixa;13,0;15,4;25,3;55;100;15;14,41;4,71;🔴 Comprar agora;38,0;809,29;31006,69
PC009823;Não informado;E;Baixa;7,0;13,4;15,6;55;100;15;23,37;4,71;🔴 Comprar agora;38,0;853,89;32292,59
PC004956;Não informado;E;Baixa;10,0;9,2;32,6;55;100;15;11,18;4,71;🔴 Comprar agora;21,0;299,67;6185,76
PC008198;Não informado;E;Baixa;13,0;6,1;63,5;55;100;15;5,75;4,71;🟢 OK;0,0;522,01;0,0
PC002789;Não informado;E;Baixa;4,0;3,2;37,0;55;100;15;9,85;4,71;🔴 Comprar agora;7,0;1334,29;9073,02
PC002563;Não informado;E;Baixa;23,0;20,6;33,5;55;100;15;10,91;4,71;🔴 Comprar agora;46,0;161,71;7396,82
PC008659;Não informado;E;Baixa;9,0;3,9;69,5;55;100;15;5,25;4,71;🟢 OK;0,0;676,6;0,0
PC001367;Não informado;E;Baixa;3,0;2,6;34,7;55;100;15;10,53;4,71;🔴 Comprar agora;6,0;1164,85;6588,18
PC002095;Não informado;E;Baixa;8,0;6,6;36,5;55;100;15;10,01;4,71;🔴 Comprar agora;14,0;903,42;12597,04
PC009864;Não informado;E;Baixa;24,0;12,2;58,9;55;100;15;6,2;4,71;🟢 OK;0,0;231,57;0,0
PC008646;Não informado;E;Baixa;27,0;18,6;43,5;55;100;15;8,39;4,71;🔴 Comprar agora;35,0;191,62;6718,26
PC000466;Não informado;E;Baixa;29,0;9,3;93,9;55;100;15;3,89;4,71;🟢 OK;0,0;444,03;0,0
PC008606;Não informado;E;Baixa;6,0;3,9;46,4;55;100;15;7,86;4,71;🔴 Comprar agora;7,0;848,11;5871,88
PC008128;Não informado;E;Baixa;6,0;3,5;51,1;55;100;15;7,14;4,71;🔴 Comprar agora;6,0;805,74;4625,73
PC004096;Não informado;E;Baixa;4,0;4,3;27,7;55;100;15;13,19;4,71;🔴 Comprar agora;10,0;539,79;5642,18
PC007040;Não informado;E;Baixa;9,0;12,1;22,4;55;100;15;16,32;4,71;🔴 Comprar agora;31,0;241,92;7560,56
PC001372;Não informado;E;Baixa;51,0;34,2;44,7;55;100;15;8,17;4,71;🔴 Comprar agora;63,0;109,95;6937,34
PC007275;Não informado;E;Baixa;11,0;6,3;52,0;55;100;15;7,02;4,71;🔴 Comprar agora;10,0;906,56;9195,21
PC007296;Não informado;E;Baixa;7,0;3,5;59,4;55;100;15;6,14;4,71;🟢 OK;0,0;792,66;0,0
PC005214;Não informado;E;Baixa;5,0;7,9;19,1;55;100;15;19,14;4,71;🔴 Comprar agora;21,0;644,17;13672,82
PC002022;Não informado;E;Baixa;6,0;7,9;22,8;55;100;15;15,99;4,71;🔴 Comprar agora;20,0;351,63;7131,73
PC004144;Não informado;E;Baixa;6,0;5,1;35,6;55;100;15;10,25;4,71;🔴 Comprar agora;11,0;694,32;7531,49
PC007822;Não informado;E;Baixa;19,0;6,2;92,5;55;100;15;3,95;4,71;🟢 OK;0,0;573,27;0,0
PC009958;Não informado;E;Baixa;6,0;6,6;27,1;55;100;15;13,47;4,71;🔴 Comprar agora;16,0;507,53;8192,99
PC006401;Não informado;E;Baixa;2,0;2,0;29,5;55;100;15;12,39;4,71;🔴 Comprar agora;5,0;1725,98;8265,38
PC006896;Não informado;E;Baixa;8,0;9,9;24,2;55;100;15;15,08;4,71;🔴 Comprar agora;25,0;1081,22;27082,21
PC001508;Não informado;E;Baixa;15,0;6,2;73,1;55;100;15;5,0;4,71;🟢 OK;0,0;444,67;0,0
PC009494;Não informado;E;Média;4,0;6,7;17,8;55;100;15;20,46;4,71;🔴 Comprar agora;18,0;868,14;15994,43
PC001490;Não informado;E;Baixa;11,0;10,2;32,4;55;100;15;11,27;4,71;🔴 Comprar agora;23,0;396,11;9094,88
PC007749;Não informado;E;Média;6,0;9,6;18,8;55;100;15;19,42;4,71;🔴 Comprar agora;26,0;630,31;16338,74
PC009822;Não informado;E;Baixa;7,0;4,1;50,8;55;100;15;7,18;4,71;🔴 Comprar agora;7,0;781,98;5299,32
PC001722;Não informado;E;Baixa;232,0;120,6;57,7;55;100;15;6,32;4,71;🟢 OK;0,0;22,48;0,0
PC004471;Não informado;E;Baixa;21,0;12,5;50,4;55;100;15;7,24;4,71;🔴 Comprar agora;21,0;246,7;5097,18
PC000898;Não informado;E;Baixa;9,0;5,5;49,0;55;100;15;7,44;4,71;🔴 Comprar agora;9,0;640,96;5992,78
PC000596;Não informado;E;Baixa;6,0;8,1;22,1;55;100;15;16,48;4,71;🔴 Comprar agora;21,0;768,54;16207,91
PC007338;Não informado;E;Baixa;5,0;27,9;5,4;55;100;15;67,82;4,71;🚨 RUPTURA IMINENTE;88,0;613,03;53888,04
PC005742;Não informado;E;Baixa;6,0;7,0;25,7;55;100;15;14,21;4,71;🔴 Comprar agora;17,0;543,32;9431,05
PC000914;Não informado;E;Baixa;4,0;3,0;39,5;55;100;15;9,23;4,71;🔴 Comprar agora;6,0;894,75;5476,04
PC001422;Não informado;E;Média;7,0;11,9;17,6;55;100;15;20,76;4,71;🔴 Comprar agora;33,0;497,15;16309,36
PC001298;Não informado;E;Baixa;5,0;6,3;23,7;55;100;15;15,43;4,71;🔴 Comprar agora;16,0;570,32;9205,59
PC008086;Não informado;E;Baixa;2,0;15,8;3,8;55;100;15;95,94;4,71;🚨 RUPTURA IMINENTE;51,0;910,31;46033,0
PC000998;Não informado;E;Baixa;13,0;25,1;15,5;55;100;15;23,51;4,71;🔴 Comprar agora;71,0;554,16;39203,75
PC005903;Não informado;E;Baixa;12,0;11,1;32,4;55;100;15;11,26;4,71;🔴 Comprar agora;25,0;834,96;20880,11
PC005853;Não informado;E;Baixa;41,0;72,9;16,9;55;100;15;21,62;4,71;🔴 Comprar agora;202,0;208,85;42158,75
PC003992;Não informado;E;Baixa;2,0;1,1;55,8;55;100;15;6,54;4,71;🟢 OK;0,0;3372,51;0,0
PC006589;Não informado;E;Baixa;49,0;19,0;77,3;55;100;15;4,72;4,71;🟢 OK;0,0;174,25;0,0
PC000999;Não informado;E;Baixa;5,0;4,0;37,5;55;100;15;9,74;4,71;🔴 Comprar agora;8,0;744,32;6207,57
PC003292;Não informado;E;Média;23,0;58,5;11,8;55;100;15;30,94;4,71;🚨 RUPTURA IMINENTE;172,0;93,98;16158,27
PC005479;Não informado;E;Baixa;11,0;8,1;40,7;55;100;15;8,97;4,71;🔴 Comprar agora;16,0;528,87;8483,66
PC006800;Não informado;E;Baixa;2,0;8,1;7,4;55;100;15;49,13;4,71;🚨 RUPTURA IMINENTE;25,0;1288,72;32118,34
PC000214;Não informado;E;Baixa;8,0;8,2;29,3;55;100;15;12,45;4,71;🔴 Comprar agora;19,0;415,91;8023,17
PC004857;Não informado;E;Baixa;23,0;8,0;86,0;55;100;15;4,24;4,71;🟢 OK;0,0;527,56;0,0
PC007406;Não informado;E;Baixa;8,0;3,9;61,8;55;100;15;5,9;4,71;🟢 OK;0,0;675,16;0,0
PC003875;Não informado;E;Baixa;4,0;2,0;59,8;55;100;15;6,1;4,71;🟢 OK;0,0;1591,49;0,0
PC001427;Não informado;E;Baixa;51,0;48,6;31,5;55;100;15;11,59;4,71;🔴 Comprar agora;111,0;114,65;12712,54
PC004583;Não informado;E;Baixa;6,0;14,6;12,3;55;100;15;29,69;4,71;🚨 RUPTURA IMINENTE;43,0;817,44;34995,78
PC005113;Não informado;E;Baixa;4,0;15,9;7,6;55;100;15;48,21;4,71;🚨 RUPTURA IMINENTE;49,0;1022,8;49947,73
PC005093;Não informado;E;Baixa;12,0;8,1;44,4;55;100;15;8,22;4,71;🔴 Comprar agora;15,0;623,47;9362,98
PC003635;Não informado;E;Baixa;5,0;9,1;16,4;55;100;15;22,19;4,71;🔴 Comprar agora;25,0;289,33;7348,65
PC001411;Não informado;E;Baixa;30,0;157,6;5,7;55;100;15;63,91;4,71;🚨 RUPTURA IMINENTE;495,0;68,05;33704,27
PC002305;Não informado;E;Baixa;19,0;7,6;75,3;55;100;15;4,84;4,71;🟢 OK;0,0;425,68;0,0
PC006845;Não informado;E;Baixa;27,0;36,6;22,1;55;100;15;16,5;4,71;🔴 Comprar agora;95,0;100,66;9568,61
PC005597;Não informado;E;Baixa;10,0;10,4;29,0;55;100;15;12,6;4,71;🔴 Comprar agora;25,0;353,88;8680,42
PC004499;Não informado;E;Baixa;6,0;5,8;31,0;55;100;15;11,76;4,71;🔴 Comprar agora;13,0;442,35;5895,55
PC006073;Não informado;E;Baixa;8,0;4,8;50,4;55;100;15;7,24;4,71;🔴 Comprar agora;8,0;678,31;5341,11
PC000312;Não informado;E;Baixa;10,0;6,5;46,0;55;100;15;7,93;4,71;🔴 Comprar agora;12,0;756,44;8871,16
PC002641;Não informado;E;Baixa;2,0;1,3;46,1;55;100;15;7,91;4,71;🔴 Comprar agora;2,0;2412,51;5633,19
PC002879;Não informado;E;Baixa;5,0;18,8;8,0;55;100;15;45,73;4,71;🚨 RUPTURA IMINENTE;58,0;407,05;23461,74
PC007792;Não informado;E;Baixa;18,0;53,1;10,2;55;100;15;35,88;4,71;🚨 RUPTURA IMINENTE;159,0;216,66;34435,43
PC000573;Não informado;E;Baixa;6,0;30,9;5,8;55;100;15;62,71;4,71;🚨 RUPTURA IMINENTE;97,0;357,13;34672,1
PC008045;Não informado;E;Baixa;19,0;11,8;48,3;55;100;15;7,56;4,71;🔴 Comprar agora;20,0;361,18;7344,45
PC005707;Não informado;E;Baixa;20,0;6,0;99,3;55;100;15;3,68;4,71;🟢 OK;0,0;434,99;0,0
PC002850;Não informado;E;Baixa;15,0;5,2;85,8;55;100;15;4,25;4,71;🟢 OK;0,0;549,11;0,0
PC000359;Não informado;E;Baixa;9,0;24,8;10,9;55;100;15;33,53;4,71;🚨 RUPTURA IMINENTE;74,0;1126,64;83000,6
PC009719;Não informado;E;Baixa;21,0;14,7;42,8;55;100;15;8,53;4,71;🔴 Comprar agora;28,0;238,51;6694,41
PC000162;Não informado;E;Baixa;11,0;4,0;82,3;55;100;15;4,44;4,71;🟢 OK;0,0;929,8;0,0
PC005467;Não informado;E;Baixa;16,0;9,1;52,8;55;100;15;6,91;4,71;🔴 Comprar agora;14,0;302,5;4322,16
PC003662;Não informado;E;Baixa;14,0;10,3;40,8;55;100;15;8,94;4,71;🔴 Comprar agora;20,0;1040,04;21110,22
PC008562;Não informado;E;Baixa;124,0;76,5;48,6;55;100;15;7,51;4,71;🔴 Comprar agora;131,0;42,95;5629,85
PC009692;Não informado;E;Baixa;56,0;29,9;56,2;55;100;15;6,49;4,71;🟢 OK;0,0;98,31;0,0
PC008958;Não informado;E;Baixa;4,0;2,1;58,4;55;100;15;6,25;4,71;🟢 OK;0,0;1226,26;0,0
PC009047;Não informado;E;Baixa;2,0;2,0;29,8;55;100;15;12,24;4,71;🔴 Comprar agora;5,0;1657,83;7806,24
PC006999;Não informado;E;Baixa;2,0;2,7;22,0;55;100;15;16,56;4,71;🔴 Comprar agora;7,0;876,1;6196,23
PC007935;Não informado;E;Média;10,0;6,8;44,4;55;100;15;8,22;4,71;🔴 Comprar agora;13,0;631,97;7904,75
PC005659;Não informado;E;Baixa;8,0;5,0;47,9;55;100;15;7,62;4,71;🔴 Comprar agora;9,0;1042,72;9082,17
PC009755;Não informado;E;Baixa;19,0;30,5;18,7;55;100;15;19,5;4,71;🔴 Comprar agora;83,0;165,82;13680,79
PC008298;Não informado;E;Baixa;17,0;5,5;93,2;55;100;15;3,92;4,71;🟢 OK;0,0;660,13;0,0
PC009770;Não informado;E;Baixa;14,0;13,6;30,9;55;100;15;11,82;4,71;🔴 Comprar agora;31,0;592,06;18557,25
PC000969;Não informado;E;Baixa;15,0;14,3;31,5;55;100;15;11,59;4,71;🔴 Comprar agora;33,0;732,49;23911,6
PC001695;Não informado;E;Baixa;15,0;12,4;36,2;55;100;15;10,07;4,71;🔴 Comprar agora;26,0;236,42;6238,02
PC009451;Não informado;E;Baixa;9,0;7,0;38,4;55;100;15;9,5;4,71;🔴 Comprar agora;14,0;455,65;6567,11
PC000950;Não informado;E;Baixa;64,0;24,2;79,4;55;100;15;4,59;4,71;🟢 OK;0,0;115,42;0,0
PC006730;Não informado;E;Baixa;8,0;4,1;58,8;55;100;15;6,21;4,71;🟢 OK;0,0;727,74;0,0
PC008702;Não informado;E;Baixa;7,0;6,5;32,1;55;100;15;11,37;4,71;🔴 Comprar agora;15,0;627,06;9284,05
PC008792;Não informado;E;Baixa;0,0;3,1;0,0;55;100;15;0,0;4,71;🚨 RUPTURA IMINENTE;10,0;5735,77;59058,3
PC006926;Não informado;E;Baixa;4,0;12,9;9,3;55;100;15;39,24;4,71;🚨 RUPTURA IMINENTE;39,0;762,21;29729,91
PC004517;Não informado;E;Baixa;3,0;11,2;8,0;55;100;15;45,6;4,71;🚨 RUPTURA IMINENTE;34,0;772,4;26633,76
PC008424;Não informado;E;Baixa;195,0;96,6;60,6;55;100;15;6,02;4,71;🟢 OK;0,0;56,41;0,0
PC004554;Não informado;E;Baixa;6,0;10,4;17,3;55;100;15;21,15;4,71;🔴 Comprar agora;29,0;1090,67;31380,69
PC000497;Não informado;E;Baixa;34,0;26,2;38,9;55;100;15;9,37;4,71;🔴 Comprar agora;53,0;208,04;11089,49
PC009902;Não informado;E;Baixa;31,0;14,1;65,9;55;100;15;5,54;4,71;🟢 OK;0,0;223,15;0,0
PC009400;Não informado;E;Baixa;9,0;3,1;86,5;55;100;15;4,22;4,71;🟢 OK;0,0;1162,07;0,0
PC004450;Não informado;E;Média;31,0;16,6;56,1;55;100;15;6,5;4,71;🟢 OK;0,0;294,63;0,0
PC009989;Não informado;E;Baixa;2,0;5,9;10,1;55;100;15;36,1;4,71;🚨 RUPTURA IMINENTE;18,0;2166,57;38526,04
PC003763;Não informado;E;Baixa;8,0;8,7;27,7;55;100;15;13,16;4,71;🔴 Comprar agora;21,0;292,13;6087,6
PC003805;Não informado;E;Baixa;17,0;61,1;8,3;55;100;15;43,71;4,71;🚨 RUPTURA IMINENTE;187,0;175,53;32754,28
PC007536;Não informado;E;Baixa;36,0;28,4;38,0;55;100;15;9,6;4,71;🔴 Comprar agora;59,0;191,33;11229,57
PC000478;Não informado;E;Baixa;23,0;14,9;46,3;55;100;15;7,88;4,71;🔴 Comprar agora;27,0;201,0;5356,11
PC006129;Não informado;E;Baixa;10,0;20,0;15,0;55;100;15;24,27;4,71;🔴 Comprar agora;57,0;167,02;9437,77
PC009116;Não informado;E;Baixa;22,0;8,7;75,9;55;100;15;4,81;4,71;🟢 OK;0,0;283,64;0,0
PC006433;Não informado;E;Baixa;76,0;32,1;71,1;55;100;15;5,13;4,71;🟢 OK;0,0;76,55;0,0
PC004734;Não informado;E;Baixa;15,0;19,8;22,7;55;100;15;16,06;4,71;🔴 Comprar agora;51,0;702,21;35812,28
PC008177;Não informado;E;Baixa;61,0;34,8;52,6;55;100;15;6,94;4,71;🔴 Comprar agora;55,0;74,11;4075,54
PC003191;Não informado;E;Baixa;7,0;3,1;68,8;55;100;15;5,3;4,71;🟢 OK;0,0;827,99;0,0
PC006880;Não informado;E;Baixa;5,0;22,0;6,8;55;100;15;53,57;4,71;🚨 RUPTURA IMINENTE;68,0;599,39;40986,95
PC003543;Não informado;E;Baixa;11,0;8,2;40,4;55;100;15;9,02;4,71;🔴 Comprar agora;16,0;730,63;11833,87
PC006987;Não informado;E;Baixa;10,0;5,0;60,2;55;100;15;6,07;4,71;🟢 OK;0,0;629,38;0,0
PC007005;Não informado;E;Baixa;22,0;8,8;75,0;55;100;15;4,86;4,71;🟢 OK;0,0;338,5;0,0
PC003950;Não informado;E;Baixa;2,0;16,2;3,7;55;100;15;98,43;4,71;🚨 RUPTURA IMINENTE;52,0;509,29;26449,43
PC003764;Não informado;E;Baixa;5,0;2,6;57,8;55;100;15;6,31;4,71;🟢 OK;0,0;874,67;0,0
PC000012;Não informado;E;Baixa;82,0;25,3;97,1;55;100;15;3,76;4,71;🟢 OK;0,0;156,93;0,0
PC001376;Não informado;E;Baixa;25,0;10,3;72,8;55;100;15;5,01;4,71;🟢 OK;0,0;250,99;0,0
PC005530;Não informado;E;Baixa;1,0;1,7;17,5;55;100;15;20,91;4,71;🔴 Comprar agora;5,0;3500,09;16551,71
PC008503;Não informado;E;Baixa;23,0;19,5;35,3;55;100;15;10,33;4,71;🔴 Comprar agora;42,0;643,78;27079,74
PC001700;Não informado;E;Baixa;10,0;3,2;94,7;55;100;15;3,85;4,71;🟢 OK;0,0;1180,58;0,0
PC005525;Não informado;E;Baixa;3,0;4,8;18,9;55;100;15;19,3;4,71;🔴 Comprar agora;13,0;559,34;7194,43
PC000522;Não informado;E;Baixa;5,0;5,0;30,2;55;100;15;12,08;4,71;🔴 Comprar agora;12,0;1552,5;17921,58
PC009805;Não informado;E;Baixa;2,0;1,0;58,3;55;100;15;6,26;4,71;🟢 OK;0,0;3565,16;0,0
PC008356;Não informado;E;Baixa;2,0;17,3;3,5;55;100;15;105,0;4,71;🚨 RUPTURA IMINENTE;56,0;675,34;37503,62
PC007936;Não informado;E;Baixa;8,0;4,0;60,5;55;100;15;6,03;4,71;🟢 OK;0,0;766,97;0,0
PC003699;Não informado;E;Baixa;24,0;15,5;46,5;55;100;15;7,85;4,71;🔴 Comprar agora;28,0;296,92;8200,49
PC005526;Não informado;E;Baixa;9,0;16,3;16,6;55;100;15;22,05;4,71;🔴 Comprar agora;45,0;496,08;22507,71
PC007140;Não informado;E;Baixa;16,0;10,6;45,2;55;100;15;8,07;4,71;🔴 Comprar agora;19,0;781,59;15142,96
PC002594;Não informado;E;Baixa;12,0;8,9;40,4;55;100;15;9,03;4,71;🔴 Comprar agora;18,0;1054,21;18663,53
PC006406;Não informado;E;Baixa;5,0;10,1;14,9;55;100;15;24,56;4,71;🚨 RUPTURA IMINENTE;29,0;335,3;9604,52
PC000073;Não informado;E;Baixa;39,0;14,2;82,4;55;100;15;4,43;4,71;🟢 OK;0,0;256,31;0,0
PC006146;Não informado;E;Baixa;2,0;8,2;7,3;55;100;15;49,9;4,71;🚨 RUPTURA IMINENTE;25,0;1841,65;46671,14
PC003265;Não informado;E;Baixa;6,0;3,0;59,4;55;100;15;6,15;4,71;🟢 OK;0,0;950,83;0,0
PC001336;Não informado;E;Baixa;3,0;6,5;13,9;55;100;15;26,24;4,71;🚨 RUPTURA IMINENTE;19,0;844,07;15669,34
PC008098;Não informado;E;Baixa;12,0;19,2;18,8;55;100;15;19,46;4,71;🔴 Comprar agora;52,0;259,14;13466,18
PC007561;Não informado;E;Baixa;6,0;7,1;25,4;55;100;15;14,4;4,71;🔴 Comprar agora;18,0;475,05;8392,59
PC002118;Não informado;E;Baixa;6,0;3,0;60,8;55;100;15;6,0;4,71;🟢 OK;0,0;1025,38;0,0
PC002266;Não informado;E;Baixa;2,0;1,0;60,9;55;100;15;5,99;4,71;🟢 OK;0,0;3633,0;0,0
PC009612;Não informado;E;Baixa;19,0;9,4;60,7;55;100;15;6,01;4,71;🟢 OK;0,0;326,35;0,0
PC009861;Não informado;E;Baixa;6,0;3,3;54,5;55;100;15;6,7;4,71;🔴 Comprar agora;5,0;1822,11;9143,01
PC006005;Não informado;E;Baixa;12,0;4,0;89,6;55;100;15;4,07;4,71;🟢 OK;0,0;797,02;0,0
PC004141;Não informado;E;Baixa;3,0;5,9;15,2;55;100;15;23,99;4,71;🔴 Comprar agora;17,0;1919,34;32087,09
PC009693;Não informado;E;Baixa;26,0;14,4;54,2;55;100;15;6,73;4,71;🔴 Comprar agora;22,0;348,59;7645,28
PC006622;Não informado;E;Baixa;51,0;20,1;76,2;55;100;15;4,79;4,71;🟢 OK;0,0;137,4;0,0
PC004973;Não informado;E;Baixa;5,0;5,1;29,2;55;100;15;12,5;4,71;🔴 Comprar agora;12,0;2577,52;31263,17
PC008812;Não informado;E;Baixa;15,0;6,1;73,2;55;100;15;4,98;4,71;🟢 OK;0,0;402,76;0,0
PC003561;Não informado;E;Baixa;104,0;75,1;41,6;55;100;15;8,78;4,71;🔴 Comprar agora;146,0;35,89;5248,34
PC007350;Não informado;E;Baixa;43,0;13,5;95,7;55;100;15;3,81;4,71;🟢 OK;0,0;250,97;0,0
PC008412;Não informado;E;Baixa;35,0;9,7;107,7;55;100;15;3,39;4,71;🟡 Estoque excessivo;0,0;291,76;0,0
PC002690;Não informado;E;Baixa;2,0;4,1;14,7;55;100;15;24,91;4,71;🚨 RUPTURA IMINENTE;12,0;1686,71;19651,25
PC000444;Não informado;E;Baixa;4,0;4,9;24,3;55;100;15;15,04;4,71;🔴 Comprar agora;12,0;670,93;8377,67
PC007921;Não informado;E;Baixa;5,0;15,4;9,7;55;100;15;37,49;4,71;🚨 RUPTURA IMINENTE;46,0;258,0;11961,43
PC000982;Não informado;E;Baixa;9,0;4,4;60,8;55;100;15;6,0;4,71;🟢 OK;0,0;844,63;0,0
PC007661;Não informado;E;Baixa;5,0;2,0;76,1;55;100;15;4,8;4,71;🟢 OK;0,0;1709,37;0,0
PC009118;Não informado;E;Baixa;12,0;7,2;50,0;55;100;15;7,29;4,71;🔴 Comprar agora;12,0;363,63;4356,75
PC000824;Não informado;E;Baixa;4,0;3,9;31,1;55;100;15;11,74;4,71;🔴 Comprar agora;9,0;668,19;5921,5
PC005490;Não informado;E;Baixa;115,0;61,4;56,2;55;100;15;6,5;4,71;🟢 OK;0,0;54,16;0,0
PC004932;Não informado;E;Baixa;12,0;10,6;34,1;55;100;15;10,71;4,71;🔴 Comprar agora;23,0;775,2;18002,64
PC001572;Não informado;E;Baixa;11,0;11,4;29,0;55;100;15;12,59;4,71;🔴 Comprar agora;27,0;962,91;25956,15
PC005265;Não informado;E;Baixa;2,0;2,2;27,8;55;100;15;13,12;4,71;🔴 Comprar agora;5,0;1573,33;8165,15
PC006891;Não informado;E;Baixa;2,0;4,8;12,6;55;100;15;29,04;4,71;🚨 RUPTURA IMINENTE;14,0;838,04;11658,57
PC001872;Não informado;E;Baixa;11,0;10,1;32,8;55;100;15;11,12;4,71;🔴 Comprar agora;23,0;344,11;7750,39
PC001584;Não informado;E;Baixa;16,0;11,3;42,6;55;100;15;8,56;4,71;🔴 Comprar agora;22,0;1123,9;24211,14
PC007781;Não informado;E;Baixa;2,0;2,6;23,1;55;100;15;15,79;4,71;🔴 Comprar agora;7,0;1177,03;7827,02
PC004462;Não informado;E;Baixa;4,0;4,0;29,9;55;100;15;12,22;4,71;🔴 Comprar agora;9,0;937,29;8804,83
PC003837;Não informado;E;Baixa;17,0;18,1;28,2;55;100;15;12,93;4,71;🔴 Comprar agora;43,0;151,03;6524,74
PC003208;Não informado;E;Baixa;1,0;1,9;16,0;55;100;15;22,87;4,71;🔴 Comprar agora;5,0;1493,49;7865,01
PC004079;Não informado;E;Baixa;4,0;14,3;8,4;55;100;15;43,47;4,71;🚨 RUPTURA IMINENTE;44,0;866,2;37803,94
PC009699;Não informado;E;Baixa;7,0;10,7;19,6;55;100;15;18,67;4,71;🔴 Comprar agora;29,0;770,19;22180,16
PC007219;Não informado;E;Baixa;51,0;33,4;45,9;55;100;15;7,96;4,71;🔴 Comprar agora;60,0;94,78;5705,43
PC009925;Não informado;E;Baixa;6,0;14,6;12,3;55;100;15;29,6;4,71;🚨 RUPTURA IMINENTE;43,0;315,1;13443,25
PC005312;Não informado;E;Baixa;22,0;8,1;81,2;55;100;15;4,49;4,71;🟢 OK;0,0;350,23;0,0
PC002011;Não informado;E;Baixa;3,0;6,4;14,0;55;100;15;26,13;4,71;🚨 RUPTURA IMINENTE;18,0;698,87;12911,75
PC004810;Não informado;E;Baixa;4,0;7,4;16,1;55;100;15;22,62;4,71;🔴 Comprar agora;21,0;1056,47;21963,3
PC000859;Não informado;E;Baixa;10,0;10,0;30,1;55;100;15;12,11;4,71;🔴 Comprar agora;23,0;567,48;13148,77
PC000171;Não informado;E;Baixa;4,0;2,9;40,9;55;100;15;8,92;4,71;🔴 Comprar agora;6,0;1022,83;5905,57
PC000399;Não informado;E;Baixa;38,0;13,0;87,4;55;100;15;4,18;4,71;🟢 OK;0,0;279,84;0,0
PC001667;Não informado;E;Baixa;38,0;22,1;51,6;55;100;15;7,07;4,71;🔴 Comprar agora;36,0;172,67;6153,23
PC000437;Não informado;E;Baixa;10,0;36,3;8,3;55;100;15;44,11;4,71;🚨 RUPTURA IMINENTE;111,0;298,59;33099,29
PC000118;Não informado;E;Baixa;56,0;24,6;68,3;55;100;15;5,34;4,71;🟢 OK;0,0;115,38;0,0
PC009724;Não informado;E;Baixa;5,0;2,0;76,8;55;100;15;4,75;4,71;🟢 OK;0,0;1518,39;0,0
PC008649;Não informado;E;Baixa;5,0;2,9;51,0;55;100;15;7,16;4,71;🔴 Comprar agora;5,0;1079,62;5189,42
PC009403;Não informado;E;Baixa;12,0;9,2;39,0;55;100;15;9,37;4,71;🔴 Comprar agora;19,0;344,58;6477,38
PC002210;Não informado;E;Baixa;4,0;4,1;29,0;55;100;15;12,59;4,71;🔴 Comprar agora;10,0;672,04;6583,17
PC008596;Não informado;E;Média;1,0;3,2;9,3;55;100;15;39,4;4,71;🚨 RUPTURA IMINENTE;10,0;1469,49;14392,66
PC006086;Não informado;E;Baixa;26,0;18,1;43,1;55;100;15;8,46;4,71;🔴 Comprar agora;34,0;770,5;26414,8
PC003909;Não informado;E;Baixa;12,0;6,5;55,4;55;100;15;6,59;4,71;🟢 OK;0,0;734,7;0,0
PC006134;Não informado;E;Baixa;11,0;39,6;8,3;55;100;15;43,82;4,71;🚨 RUPTURA IMINENTE;121,0;226,28;27392,36
PC005290;Não informado;E;Baixa;2,0;3,7;16,0;55;100;15;22,75;4,71;🔴 Comprar agora;10,0;799,06;8361,43
PC008660;Não informado;E;Baixa;17,0;7,1;71,8;55;100;15;5,09;4,71;🟢 OK;0,0;373,86;0,0
PC006699;Não informado;E;Baixa;6,0;3,8;47,0;55;100;15;7,77;4,71;🔴 Comprar agora;7,0;684,17;4630,61
PC003166;Não informado;E;Baixa;62,0;37,5;49,6;55;100;15;7,35;4,71;🔴 Comprar agora;63,0;86,54;5442,96
PC001087;Não informado;E;Baixa;19,0;6,0;94,2;55;100;15;3,87;4,71;🟢 OK;0,0;514,54;0,0
PC009036;Não informado;E;Baixa;6,0;9,3;19,3;55;100;15;18,87;4,71;🔴 Comprar agora;25,0;220,39;5514,64
PC003741;Não informado;E;Baixa;97,0;30,9;94,3;55;100;15;3,87;4,71;🟢 OK;0,0;105,22;0,0
PC006003;Não informado;E;Baixa;5,0;8,3;18,1;55;100;15;20,15;4,71;🔴 Comprar agora;23,0;389,19;8796,28
PC004395;Não informado;E;Baixa;9,0;9,4;28,8;55;100;15;12,67;4,71;🔴 Comprar agora;22,0;1074,65;23890,88
PC008906;Não informado;E;Baixa;4,0;6,8;17,6;55;100;15;20,72;4,71;🔴 Comprar agora;19,0;1493,81;27940,64
PC008464;Não informado;E;Baixa;7,0;17,3;12,2;55;100;15;30,0;4,71;🚨 RUPTURA IMINENTE;51,0;305,94;15462,33
PC000804;Não informado;E;Baixa;8,0;6,2;38,9;55;100;15;9,39;4,71;🔴 Comprar agora;13,0;475,09;5973,42
PC006966;Não informado;E;Baixa;14,0;10,6;39,7;55;100;15;9,2;4,71;🔴 Comprar agora;21,0;321,33;6835,24
PC004331;Não informado;E;Baixa;24,0;15,5;46,6;55;100;15;7,84;4,71;🔴 Comprar agora;28,0;164,93;4544,62
PC002421;Não informado;E;Baixa;49,0;114,3;12,9;55;100;15;28,38;4,71;🚨 RUPTURA IMINENTE;332,0;76,95;25551,47
PC008112;Não informado;E;Baixa;11,0;5,2;63,3;55;100;15;5,77;4,71;🟢 OK;0,0;662,42;0,0
PC008156;Não informado;E;Baixa;8,0;9,3;25,8;55;100;15;14,15;4,71;🔴 Comprar agora;23,0;268,65;6182,75
PC004659;Não informado;E;Baixa;41,0;22,0;55,9;55;100;15;6,53;4,71;🟢 OK;0,0;247,41;0,0
PC000267;Não informado;E;Baixa;4,0;3,9;30,6;55;100;15;11,93;4,71;🔴 Comprar agora;9,0;996,54;9037,92
PC001200;Não informado;E;Baixa;15,0;15,6;28,9;55;100;15;12,64;4,71;🔴 Comprar agora;37,0;462,92;17099,29
PC005275;Não informado;E;Baixa;5,0;4,5;33,2;55;100;15;10,98;4,71;🔴 Comprar agora;10,0;553,58;5562,05
PC007295;Não informado;E;Baixa;4,0;10,9;11,0;55;100;15;33,27;4,71;🚨 RUPTURA IMINENTE;32,0;1015,17;32953,71
PC005922;Não informado;E;Baixa;7,0;3,0;70,7;55;100;15;5,16;4,71;🟢 OK;0,0;864,58;0,0
PC000259;Não informado;E;Baixa;12,0;12,0;29,9;55;100;15;12,21;4,71;🔴 Comprar agora;28,0;227,73;6405,84
PC006870;Não informado;E;Baixa;15,0;17,8;25,3;55;100;15;14,44;4,71;🔴 Comprar agora;44,0;347,65;15418,23
PC002354;Não informado;E;Baixa;95,0;43,2;66,0;55;100;15;5,53;4,71;🟢 OK;0,0;79,0;0,0
PC006798;Não informado;E;Baixa;6,0;5,6;31,9;55;100;15;11,45;4,71;🔴 Comprar agora;13,0;480,85;6168,47
PC000891;Não informado;E;Baixa;1,0;1,2;25,1;55;100;15;14,57;4,71;🔴 Comprar agora;3,0;2390,98;7150,95
PC009529;Não informado;E;Baixa;6,0;5,4;33,3;55;100;15;10,96;4,71;🔴 Comprar agora;12,0;578,95;6954,04
PC002530;Não informado;E;Baixa;3,0;2,8;32,0;55;100;15;11,42;4,71;🔴 Comprar agora;6,0;823,24;5259,17
PC008314;Não informado;E;Média;27,0;46,6;17,4;55;100;15;20,99;4,71;🔴 Comprar agora;128,0;94,6;12131,48
PC007086;Não informado;E;Baixa;10,0;3,0;99,2;55;100;15;3,68;4,71;🟢 OK;0,0;1080,83;0,0
PC005708;Não informado;E;Média;35,0;18,8;55,9;55;100;15;6,52;4,71;🟢 OK;0,0;233,57;0,0
PC002541;Não informado;E;Média;2,0;3,5;17,3;55;100;15;21,05;4,71;🔴 Comprar agora;10,0;1179,88;11246,29
PC001233;Não informado;E;Baixa;3,0;1,4;63,8;55;100;15;5,72;4,71;🟢 OK;0,0;2214,26;0,0
PC009633;Não informado;E;Baixa;69,0;26,9;76,9;55;100;15;4,74;4,71;🟢 OK;0,0;99,29;0,0
PC001520;Não informado;E;Baixa;16,0;5,2;91,7;55;100;15;3,98;4,71;🟢 OK;0,0;704,76;0,0
PC001475;Não informado;E;Baixa;10,0;18,3;16,4;55;100;15;22,2;4,71;🔴 Comprar agora;51,0;316,46;16086,88
PC007269;Não informado;E;Baixa;5,0;6,2;24,2;55;100;15;15,11;4,71;🔴 Comprar agora;16,0;1558,76;24467,27
PC003919;Não informado;E;Baixa;12,0;6,5;55,7;55;100;15;6,55;4,71;🟢 OK;0,0;588,11;0,0
PC001459;Não informado;E;Baixa;63,0;22,7;83,4;55;100;15;4,38;4,71;🟢 OK;0,0;152,96;0,0
PC005183;Não informado;E;Baixa;3,0;4,8;18,6;55;100;15;19,66;4,71;🔴 Comprar agora;13,0;1072,29;14105,8
PC004157;Não informado;E;Baixa;17,0;9,0;57,0;55;100;15;6,41;4,71;🟢 OK;0,0;334,28;0,0
PC004199;Não informado;E;Baixa;20,0;11,3;52,9;55;100;15;6,9;4,71;🔴 Comprar agora;18,0;253,02;4499,73
PC004041;Não informado;E;Baixa;18,0;9,6;56,5;55;100;15;6,46;4,71;🟢 OK;0,0;460,65;0,0
PC005477;Não informado;E;Baixa;6,0;1,8;97,4;55;100;15;3,75;4,71;🟢 OK;0,0;1281,86;0,0
PC005852;Não informado;E;Baixa;9,0;13,0;20,8;55;100;15;17,56;4,71;🔴 Comprar agora;34,0;294,46;10096,1
PC002851;Não informado;E;Baixa;11,0;32,0;10,3;55;100;15;35,38;4,71;🚨 RUPTURA IMINENTE;96,0;457,18;43713,43
PC004521;Não informado;E;Baixa;25,0;74,3;10,1;55;100;15;36,16;4,71;🚨 RUPTURA IMINENTE;223,0;108,66;24194,92
PC003267;Não informado;E;Baixa;37,0;24,1;46,1;55;100;15;7,91;4,71;🔴 Comprar agora;43,0;121,94;5267,34
PC009141;Não informado;E;Baixa;19,0;11,5;49,6;55;100;15;7,35;4,71;🔴 Comprar agora;19,0;491,8;9483,81
PC001027;Não informado;E;Baixa;10,0;21,1;14,2;55;100;15;25,68;4,71;🚨 RUPTURA IMINENTE;60,0;193,93;11705,79
PC006963;Não informado;E;Baixa;11,0;9,0;36,7;55;100;15;9,96;4,71;🔴 Comprar agora;19,0;274,39;5215,81
PC009265;Não informado;E;Baixa;22,0;8,6;76,4;55;100;15;4,78;4,71;🟢 OK;0,0;294,4;0,0
PC000971;Não informado;E;Baixa;12,0;31,8;11,3;55;100;15;32,29;4,71;🚨 RUPTURA IMINENTE;94,0;432,4;40715,06
PC003387;Não informado;E;Baixa;40,0;28,1;42,7;55;100;15;8,55;4,71;🔴 Comprar agora;54,0;338,84;18184,76
PC005698;Não informado;E;Baixa;7,0;16,1;13,0;55;100;15;28,05;4,71;🚨 RUPTURA IMINENTE;47,0;644,35;30149,23
PC005021;Não informado;E;Baixa;24,0;7,8;92,2;55;100;15;3,96;4,71;🟢 OK;0,0;347,8;0,0
PC000561;Não informado;E;Baixa;27,0;36,2;22,4;55;100;15;16,33;4,71;🔴 Comprar agora;94,0;280,07;26271,29
PC009879;Não informado;E;Baixa;1,0;9,0;3,3;55;100;15;109,84;4,71;🚨 RUPTURA IMINENTE;29,0;661,87;19256,23
PC005279;Não informado;E;Baixa;8,0;14,1;17,0;55;100;15;21,48;4,71;🔴 Comprar agora;39,0;637,1;24893,31
PC002241;Não informado;E;Baixa;3,0;1,0;86,5;55;100;15;4,22;4,71;🟢 OK;0,0;2896,38;0,0
PC006475;Não informado;E;Baixa;4,0;3,9;30,6;55;100;15;11,91;4,71;🔴 Comprar agora;9,0;890,23;8062,05
PC004009;Não informado;E;Baixa;57,0;27,6;62,0;55;100;15;5,88;4,71;🟢 OK;0,0;129,0;0,0
PC007132;Não informado;E;Baixa;8,0;12,3;19,5;55;100;15;18,74;4,71;🔴 Comprar agora;33,0;218,41;7223,44
PC000941;Não informado;E;Baixa;5,0;2,8;52,7;55;100;15;6,92;4,71;🔴 Comprar agora;4,0;799,42;3585,07
PC009072;Não informado;E;Baixa;13,0;6,9;56,9;55;100;15;6,42;4,71;🟢 OK;0,0;349,96;0,0
PC000541;Não informado;E;Baixa;18,0;28,1;19,2;55;100;15;19,01;4,71;🔴 Comprar agora;76,0;281,49;21325,48
PC005759;Não informado;E;Baixa;9,0;19,8;13,7;55;100;15;26,74;4,71;🚨 RUPTURA IMINENTE;57,0;517,28;29448,14
PC000459;Não informado;E;Baixa;11,0;3,8;87,2;55;100;15;4,19;4,71;🟢 OK;0,0;765,19;0,0
PC006324;Não informado;E;Baixa;2,0;2,1;29,0;55;100;15;12,58;4,71;🔴 Comprar agora;5,0;1138,31;5572,4
PC008348;Não informado;E;Baixa;19,0;43,9;13,0;55;100;15;28,13;4,71;🚨 RUPTURA IMINENTE;127,0;220,28;28071,73
PC002387;Não informado;E;Baixa;18,0;11,1;48,6;55;100;15;7,51;4,71;🔴 Comprar agora;19,0;204,37;3888,95
PC008746;Não informado;E;Baixa;12,0;5,2;69,3;55;100;15;5,27;4,71;🟢 OK;0,0;518,07;0,0
PC000554;Não informado;E;Baixa;19,0;9,9;57,8;55;100;15;6,31;4,71;🟢 OK;0,0;222,28;0,0
PC007622;Não informado;E;Baixa;5,0;15,2;9,9;55;100;15;37,01;4,71;🚨 RUPTURA IMINENTE;46,0;1009,9;46149,47
PC001546;Não informado;E;Baixa;1,0;2,1;14,5;55;100;15;25,16;4,71;🚨 RUPTURA IMINENTE;6,0;1538,98;9068,76
PC002081;Não informado;E;Baixa;70,0;41,7;50,4;55;100;15;7,25;4,71;🔴 Comprar agora;69,0;120,17;8289,49
PC003569;Não informado;E;Baixa;37,0;11,6;95,9;55;100;15;3,81;4,71;🟢 OK;0,0;174,65;0,0
PC001950;Não informado;E;Baixa;22,0;9,7;68,4;55;100;15;5,34;4,71;🟢 OK;0,0;349,98;0,0
PC001516;Não informado;E;Baixa;56,0;25,3;66,4;55;100;15;5,5;4,71;🟢 OK;0,0;313,32;0,0
PC005015;Não informado;E;Baixa;1,0;8,3;3,6;55;100;15;100,98;4,71;🚨 RUPTURA IMINENTE;27,0;1634,97;43597,88
PC005604;Não informado;E;Baixa;15,0;45,8;9,8;55;100;15;37,15;4,71;🚨 RUPTURA IMINENTE;138,0;281,61;38763,98
PC003441;Não informado;E;Baixa;19,0;17,4;32,8;55;100;15;11,12;4,71;🔴 Comprar agora;39,0;181,39;7049,18
PC008915;Não informado;E;Baixa;16,0;6,0;80,6;55;100;15;4,53;4,71;🟢 OK;0,0;440,05;0,0
PC004628;Não informado;E;Baixa;3,0;1,0;89,1;55;100;15;4,1;4,71;🟢 OK;0,0;2723,03;0,0
PC008592;Não informado;E;Baixa;4,0;6,2;19,5;55;100;15;18,76;4,71;🔴 Comprar agora;17,0;759,71;12581,97
PC007486;Não informado;E;Baixa;4,0;3,9;30,5;55;100;15;11,96;4,71;🔴 Comprar agora;9,0;2701,36;24593,04
PC002723;Não informado;E;Baixa;2,0;2,9;20,9;55;100;15;17,43;4,71;🔴 Comprar agora;8,0;1046,77;7903,66
PC000547;Não informado;E;Baixa;20,0;18,1;33,2;55;100;15;10,98;4,71;🔴 Comprar agora;40,0;594,64;23885,71
PC008607;Não informado;E;Baixa;6,0;2,6;69,9;55;100;15;5,22;4,71;🟢 OK;0,0;1089,64;0,0
PC008983;Não informado;E;Baixa;5,0;9,1;16,5;55;100;15;22,07;4,71;🔴 Comprar agora;25,0;1683,51;42473,04
PC007297;Não informado;E;Baixa;0,0;2,0;0,0;55;100;15;0,0;4,71;🚨 RUPTURA IMINENTE;7,0;4503,12;30470,3
PC003504;Não informado;E;Baixa;91,0;104,5;26,1;55;100;15;13,97;4,71;🔴 Comprar agora;257,0;104,94;26988,47
PC007877;Não informado;E;Baixa;5,0;6,2;24,2;55;100;15;15,07;4,71;🔴 Comprar agora;16,0;599,48;9381,04
PC004758;Não informado;E;Baixa;26,0;9,9;78,7;55;100;15;4,64;4,71;🟢 OK;0,0;254,17;0,0
PC004983;Não informado;E;Baixa;62,0;38,3;48,5;55;100;15;7,52;4,71;🔴 Comprar agora;66,0;87,76;5774,99
PC004891;Não informado;E;Baixa;2,0;8,1;7,4;55;100;15;49,52;4,71;🚨 RUPTURA IMINENTE;25,0;1286,56;32335,61
PC005975;Não informado;E;Baixa;1,0;1,0;30,1;55;100;15;12,12;4,71;🔴 Comprar agora;2,0;2315,68;5374,83
PC000176;Não informado;E;Baixa;2,0;3,8;15,6;55;100;15;23,39;4,71;🔴 Comprar agora;11,0;626,95;6782,87
PC001543;Não informado;E;Baixa;1,0;2,1;14,3;55;100;15;25,55;4,71;🚨 RUPTURA IMINENTE;6,0;6453,11;38726,22
PC004593;Não informado;E;Baixa;50,0;20,1;74,5;55;100;15;4,9;4,71;🟢 OK;0,0;137,22;0,0
PC001943;Não informado;E;Baixa;4,0;2,1;58,5;55;100;15;6,24;4,71;🟢 OK;0,0;1403,19;0,0
PC002795;Não informado;E;Baixa;4,0;4,8;24,7;55;100;15;14,75;4,71;🔴 Comprar agora;12,0;953,11;11592,6
PC008718;Não informado;E;Baixa;5,0;7,9;18,9;55;100;15;19,32;4,71;🔴 Comprar agora;21,0;513,53;11025,6
PC005931;Não informado;E;Baixa;26,0;8,9;87,3;55;100;15;4,18;4,71;🟢 OK;0,0;272,18;0,0
PC001553;Não informado;E;Baixa;3,0;4,0;22,5;55;100;15;16,24;4,71;🔴 Comprar agora;10,0;3290,88;34045,32
PC005087;Não informado;E;Baixa;2,0;1,7;34,6;55;100;15;10,56;4,71;🔴 Comprar agora;4,0;1109,18;4201,27
PC006431;Não informado;E;Baixa;20,0;10,2;58,7;55;100;15;6,22;4,71;🟢 OK;0,0;252,27;0,0
PC008579;Não informado;E;Baixa;14,0;17,7;23,7;55;100;15;15,41;4,71;🔴 Comprar agora;45,0;261,08;11775,29
PC001692;Não informado;E;Baixa;21,0;8,5;74,5;55;100;15;4,9;4,71;🟢 OK;0,0;362,53;0,0
PC006508;Não informado;E;Baixa;3,0;3,0;30,4;55;100;15;12,02;4,71;🔴 Comprar agora;7,0;1025,7;7055,24
PC005860;Não informado;E;Baixa;70,0;27,6;76,1;55;100;15;4,8;4,71;🟢 OK;0,0;100,59;0,0
PC008379;Não informado;E;Baixa;3,0;1,3;66,9;55;100;15;5,46;4,71;🟢 OK;0,0;2061,68;0,0
PC003317;Não informado;E;Baixa;6,0;3,9;45,8;55;100;15;7,97;4,71;🔴 Comprar agora;7,0;806,17;5730,26
PC008351;Não informado;E;Baixa;4,0;3,0;40,1;55;100;15;9,1;4,71;🔴 Comprar agora;6,0;1085,32;6487,73
PC007974;Não informado;E;Baixa;9,0;6,5;41,7;55;100;15;8,74;4,71;🔴 Comprar agora;13,0;576,31;7237,24
PC001766;Não informado;E;Baixa;6,0;12,4;14,6;55;100;15;25,06;4,71;🚨 RUPTURA IMINENTE;35,0;319,28;11237,89
PC001255;Não informado;E;Baixa;14,0;5,5;76,6;55;100;15;4,77;4,71;🟢 OK;0,0;523,61;0,0
PC009492;Não informado;E;Baixa;4,0;9,0;13,3;55;100;15;27,38;4,71;🚨 RUPTURA IMINENTE;26,0;2252,96;58583,58
PC006678;Não informado;E;Baixa;15,0;6,7;67,4;55;100;15;5,42;4,71;🟢 OK;0,0;430,64;0,0
PC001990;Não informado;E;Baixa;34,0;13,4;75,9;55;100;15;4,81;4,71;🟢 OK;0,0;189,45;0,0
PC001219;Não informado;E;Baixa;29,0;14,2;61,5;55;100;15;5,94;4,71;🟢 OK;0,0;199,03;0,0
PC002031;Não informado;E;Baixa;3,0;1,0;91,3;55;100;15;4,0;4,71;🟢 OK;0,0;2517,74;0,0
PC007880;Não informado;E;Baixa;12,0;4,9;73,0;55;100;15;5,0;4,71;🟢 OK;0,0;446,87;0,0
PC000712;Não informado;E;Baixa;7,0;5,7;36,7;55;100;15;9,94;4,71;🔴 Comprar agora;12,0;397,38;4791,5
PC008701;Não informado;E;Baixa;18,0;8,8;61,2;55;100;15;5,96;4,71;🟢 OK;0,0;326,21;0,0
PC001054;Não informado;E;Baixa;15,0;17,6;25,5;55;100;15;14,29;4,71;🔴 Comprar agora;44,0;247,73;10834,4
PC001632;Não informado;E;Baixa;28,0;9,6;87,7;55;100;15;4,16;4,71;🟢 OK;0,0;295,93;0,0
PC009926;Não informado;E;Baixa;13,0;7,2;54,2;55;100;15;6,73;4,71;🔴 Comprar agora;11,0;363,09;3988,53
PC003954;Não informado;E;Baixa;62,0;24,4;76,1;55;100;15;4,79;4,71;🟢 OK;0,0;103,05;0,0
PC009429;Não informado;E;Baixa;7,0;6,6;32,0;55;100;15;11,39;4,71;🔴 Comprar agora;15,0;655,17;9727,87
PC007022;Não informado;E;Baixa;6,0;1,8;102,5;55;100;15;3,56;4,71;🟡 Estoque excessivo;0,0;1491,42;0,0
PC005340;Não informado;E;Baixa;11,0;26,9;12,3;55;100;15;29,74;4,71;🚨 RUPTURA IMINENTE;79,0;315,59;24815,69
PC008399;Não informado;E;Baixa;12,0;10,9;32,9;55;100;15;11,09;4,71;🔴 Comprar agora;24,0;741,26;18130,68
PC003009;Não informado;E;Baixa;4,0;7,7;15,6;55;100;15;23,41;4,71;🔴 Comprar agora;22,0;464,07;10051,85
PC006621;Não informado;E;Baixa;8,0;13,0;18,4;55;100;15;19,79;4,71;🔴 Comprar agora;35,0;229,91;8134,98
PC002521;Não informado;E;Baixa;2,0;7,0;8,6;55;100;15;42,43;4,71;🚨 RUPTURA IMINENTE;21,0;1380,99;29348,85
PC000223;Não informado;E;Baixa;11,0;8,4;39,3;55;100;15;9,29;4,71;🔴 Comprar agora;17,0;462,63;7858,79
PC006258;Não informado;E;Baixa;56,0;43,5;38,6;55;100;15;9,45;4,71;🔴 Comprar agora;89,0;86,75;7717,97
PC004434;Não informado;E;Baixa;18,0;9,3;57,9;55;100;15;6,31;4,71;🟢 OK;0,0;397,45;0,0
PC007567;Não informado;E;Baixa;19,0;28,2;20,2;55;100;15;18,06;4,71;🔴 Comprar agora;75,0;269,07;20183,98
PC000244;Não informado;E;Baixa;3,0;10,7;8,4;55;100;15;43,56;4,71;🚨 RUPTURA IMINENTE;33,0;1084,57;35573,85
PC009230;Não informado;E;Baixa;16,0;7,7;62,1;55;100;15;5,88;4,71;🟢 OK;0,0;355,66;0,0
PC008617;Não informado;E;Baixa;204,0;111,1;55,1;55;100;15;6,63;4,71;🟢 OK;0,0;22,58;0,0
PC001160;Não informado;E;Baixa;5,0;1,7;85,9;55;100;15;4,25;4,71;🟢 OK;0,0;1462,02;0,0
PC009310;Não informado;E;Média;3,0;5,0;18,1;55;100;15;20,14;4,71;🔴 Comprar agora;14,0;893,65;12111,9
PC008747;Não informado;E;Baixa;20,0;11,9;50,4;55;100;15;7,24;4,71;🔴 Comprar agora;20,0;324,06;6374,98
PC003957;Não informado;E;Baixa;15,0;6,2;73,0;55;100;15;5,0;4,71;🟢 OK;0,0;464,05;0,0
PC004010;Não informado;E;Baixa;10,0;6,4;46,7;55;100;15;7,82;4,71;🔴 Comprar agora;11,0;709,14;8105,19
PC008680;Não informado;E;Média;191,0;113,2;50,6;55;100;15;7,21;4,71;🔴 Comprar agora;186,0;40,19;7493,76
PC003679;Não informado;E;Baixa;8,0;4,9;48,6;55;100;15;7,51;4,71;🔴 Comprar agora;8,0;958,04;8098,03
PC002399;Não informado;E;Baixa;12,0;4,1;88,2;55;100;15;4,14;4,71;🟢 OK;0,0;552,63;0,0
PC009171;Não informado;E;Baixa;7,0;4,0;52,1;55;100;15;7,0;4,71;🔴 Comprar agora;6,0;826,06;5306,78
PC005251;Não informado;E;Baixa;9,0;10,0;27,1;55;100;15;13,49;4,71;🔴 Comprar agora;24,0;301,42;7310,76
PC009358;Não informado;E;Baixa;41,0;20,1;61,1;55;100;15;5,98;4,71;🟢 OK;0,0;158,99;0,0
PC006240;Não informado;E;Baixa;13,0;8,1;48,4;55;100;15;7,55;4,71;🔴 Comprar agora;14,0;354,08;4915,29
PC001350;Não informado;E;Baixa;16,0;8,4;57,3;55;100;15;6,37;4,71;🟢 OK;0,0;311,54;0,0
PC005827;Não informado;E;Baixa;43,0;13,2;97,5;55;100;15;3,74;4,71;🟢 OK;0,0;182,2;0,0
PC004851;Não informado;E;Baixa;33,0;27,0;36,7;55;100;15;9,94;4,71;🔴 Comprar agora;57,0;103,8;5904,09
PC004671;Não informado;E;Baixa;14,0;16,3;25,7;55;100;15;14,2;4,71;🔴 Comprar agora;40,0;272,64;11029,03
PC006545;Não informado;E;Baixa;5,0;3,2;46,9;55;100;15;7,78;4,71;🔴 Comprar agora;6,0;730,95;4133,62
PC005854;Não informado;E;Baixa;5,0;10,1;14,8;55;100;15;24,66;4,71;🚨 RUPTURA IMINENTE;29,0;1089,94;31375,04
PC009512;Não informado;E;Baixa;55,0;34,8;47,4;55;100;15;7,71;4,71;🔴 Comprar agora;61,0;75,94;4640,97
PC008309;Não informado;E;Baixa;3,0;9,1;9,9;55;100;15;36,98;4,71;🚨 RUPTURA IMINENTE;27,0;716,42;19627,61
PC008058;Não informado;E;Baixa;97,0;38,1;76,3;55;100;15;4,78;4,71;🟢 OK;0,0;71,65;0,0
PC001055;Não informado;E;Baixa;9,0;3,0;88,9;55;100;15;4,1;4,71;🟢 OK;0,0;731,03;0,0
PC004691;Não informado;E;Baixa;20,0;10,3;58,1;55;100;15;6,28;4,71;🟢 OK;0,0;282,38;0,0
PC002847;Não informado;E;Baixa;7,0;2,6;81,0;55;100;15;4,51;4,71;🟢 OK;0,0;963,36;0,0
PC001371;Não informado;E;Baixa;20,0;5,9;102,3;55;100;15;3,57;4,71;🟡 Estoque excessivo;0,0;459,63;0,0
PC002945;Não informado;E;Baixa;0,0;2,0;0,0;55;100;15;0,0;4,71;🚨 RUPTURA IMINENTE;7,0;4154,69;27370,41
PC007612;Não informado;E;Baixa;1,0;1,6;18,3;55;100;15;19,91;4,71;🔴 Comprar agora;4,0;3264,79;14541,85
PC004906;Não informado;E;Baixa;4,0;3,0;39,7;55;100;15;9,18;4,71;🔴 Comprar agora;6,0;711,45;4314,61
PC004626;Não informado;E;Baixa;6,0;4,0;44,4;55;100;15;8,21;4,71;🔴 Comprar agora;7,0;748,16;5610,14
PC004839;Não informado;E;Baixa;9,0;3,0;91,3;55;100;15;4,0;4,71;🟢 OK;0,0;737,44;0,0
PC001324;Não informado;E;Baixa;33,0;9,8;101,0;55;100;15;3,61;4,71;🟡 Estoque excessivo;0,0;269,4;0,0
PC000003;Não informado;E;Baixa;22,0;8,9;74,6;55;100;15;4,89;4,71;🟢 OK;0,0;300,79;0,0
PC000624;Não informado;E;Baixa;27,0;29,7;27,3;55;100;15;13,38;4,71;🔴 Comprar agora;72,0;160,06;11524,47
PC004735;Não informado;E;Baixa;12,0;21,7;16,6;55;100;15;21,97;4,71;🔴 Comprar agora;60,0;669,11;40304,14
PC004683;Não informado;E;Baixa;23,0;17,0;40,7;55;100;15;8,98;4,71;🔴 Comprar agora;34,0;453,13;15211,26
PC007382;Não informado;E;Baixa;6,0;4,8;37,5;55;100;15;9,74;4,71;🔴 Comprar agora;10,0;733,46;7336,95
PC007869;Não informado;E;Média;14,0;17,5;24,0;55;100;15;15,18;4,71;🔴 Comprar agora;44,0;288,51;12764,55
PC007658;Não informado;E;Baixa;9,0;6,6;40,8;55;100;15;8,96;4,71;🔴 Comprar agora;13,0;265,96;3479,12
PC008986;Não informado;E;Baixa;1,0;2,2;13,5;55;100;15;27,11;4,71;🚨 RUPTURA IMINENTE;6,0;5249,59;33748,13
PC003733;Não informado;E;Baixa;14,0;4,9;85,1;55;100;15;4,29;4,71;🟢 OK;0,0;526,95;0,0
PC008891;Não informado;E;Baixa;2,0;6,4;9,3;55;100;15;39,17;4,71;🚨 RUPTURA IMINENTE;19,0;1634,59;31810,59
PC002598;Não informado;E;Baixa;8,0;15,3;15,7;55;100;15;23,31;4,71;🔴 Comprar agora;43,0;306,61;13211,59
PC003070;Não informado;E;Baixa;6,0;13,5;13,3;55;100;15;27,35;4,71;🚨 RUPTURA IMINENTE;39,0;563,31;21946,45
PC009008;Não informado;E;Baixa;25,0;14,9;50,3;55;100;15;7,26;4,71;🔴 Comprar agora;25,0;245,6;6071,83
PC004969;Não informado;E;Baixa;53,0;29,2;54,5;55;100;15;6,7;4,71;🔴 Comprar agora;44,0;122,51;5422,2
PC004196;Não informado;E;Média;9,0;5,0;53,6;55;100;15;6,81;4,71;🔴 Comprar agora;8,0;994,77;7749,46
PC005833;Não informado;E;Baixa;5,0;11,1;13,5;55;100;15;27,12;4,71;🚨 RUPTURA IMINENTE;32,0;671,56;21588,73
PC003024;Não informado;E;Baixa;3,0;16,8;5,3;55;100;15;68,23;4,71;🚨 RUPTURA IMINENTE;53,0;505,6;26837,13
PC000753;Não informado;E;Baixa;22,0;8,8;74,7;55;100;15;4,89;4,71;🟢 OK;0,0;341,94;0,0
PC000750;Não informado;E;Baixa;1,0;5,2;5,8;55;100;15;63,08;4,71;🚨 RUPTURA IMINENTE;16,0;1126,85;18346,12
PC005834;Não informado;E;Baixa;47,0;20,2;69,7;55;100;15;5,24;4,71;🟢 OK;0,0;119,69;0,0
PC002933;Não informado;E;Baixa;28,0;11,0;76,2;55;100;15;4,79;4,71;🟢 OK;0,0;241,77;0,0
PC004827;Não informado;E;Baixa;7,0;2,1;98,8;55;100;15;3,69;4,71;🟢 OK;0,0;1228,38;0,0
PC009206;Não informado;E;Baixa;22,0;20,5;32,2;55;100;15;11,33;4,71;🔴 Comprar agora;46,0;196,1;9075,28
PC007973;Não informado;E;Média;6,0;5,1;35,6;55;100;15;10,25;4,71;🔴 Comprar agora;11,0;791,76;8588,14
PC001161;Não informado;E;Baixa;7,0;2,9;73,5;55;100;15;4,97;4,71;🟢 OK;0,0;708,31;0,0
PC007559;Não informado;E;Baixa;2,0;3,2;19,0;55;100;15;19,24;4,71;🔴 Comprar agora;9,0;4278,75;36542,94
PC000451;Não informado;E;Baixa;5,0;6,7;22,4;55;100;15;16,33;4,71;🔴 Comprar agora;17,0;426,62;7407,51
PC000196;Não informado;E;Média;15,0;8,1;55,8;55;100;15;6,55;4,71;🟢 OK;0,0;522,92;0,0
PC005389;Não informado;E;Baixa;4,0;2,0;61,5;55;100;15;5,93;4,71;🟢 OK;0,0;1085,75;0,0
PC004864;Não informado;E;Baixa;6,0;9,8;18,4;55;100;15;19,81;4,71;🔴 Comprar agora;27,0;767,15;20381,31
PC003406;Não informado;E;Baixa;2,0;4,1;14,6;55;100;15;24,94;4,71;🚨 RUPTURA IMINENTE;12,0;764,27;8915,96
PC004841;Não informado;E;Baixa;318,0;138,3;69,0;55;100;15;5,29;4,71;🟢 OK;0,0;26,65;0,0
PC001528;Não informado;E;Baixa;10,0;8,0;37,5;55;100;15;9,73;4,71;🔴 Comprar agora;17,0;1181,14;19661,03
PC004091;Não informado;E;Baixa;10,0;3,0;100,3;55;100;15;3,64;4,71;🟡 Estoque excessivo;0,0;926,78;0,0
PC009662;Não informado;E;Baixa;2,0;0,9;67,3;55;100;15;5,43;4,71;🟢 OK;0,0;2670,42;0,0
PC001474;Não informado;E;Baixa;1,0;1,0;29,2;55;100;15;12,52;4,71;🔴 Comprar agora;2,0;2458,85;5974,33
PC008231;Não informado;E;Baixa;8,0;14,1;17,0;55;100;15;21,42;4,71;🔴 Comprar agora;39,0;891,07;34713,68
PC001261;Não informado;E;Baixa;3,0;1,0;87,7;55;100;15;4,16;4,71;🟢 OK;0,0;2318,45;0,0
PC005971;Não informado;E;Baixa;10,0;10,1;29,6;55;100;15;12,32;4,71;🔴 Comprar agora;24,0;705,38;16747,27
PC000431;Não informado;E;Média;21,0;13,1;48,0;55;100;15;7,6;4,71;🔴 Comprar agora;23,0;309,41;7038,58
PC008757;Não informado;E;Baixa;3,0;12,0;7,5;55;100;15;48,78;4,71;🚨 RUPTURA IMINENTE;37,0;888,52;32961,58
PC004356;Não informado;E;Baixa;19,0;6,6;86,5;55;100;15;4,22;4,71;🟢 OK;0,0;446,44;0,0
PC003094;Não informado;E;Baixa;3,0;9,1;9,9;55;100;15;36,76;4,71;🚨 RUPTURA IMINENTE;27,0;579,45;15770,16
PC008267;Não informado;E;Baixa;14,0;7,5;56,3;55;100;15;6,48;4,71;🟢 OK;0,0;310,01;0,0
PC000423;Não informado;E;Baixa;6,0;2,7;65,8;55;100;15;5,55;4,71;🟢 OK;0,0;1175,34;0,0
PC002420;Não informado;E;Baixa;2,0;1,0;62,8;55;100;15;5,81;4,71;🟢 OK;0,0;3033,26;0,0
PC000352;Não informado;E;Baixa;9,0;5,3;50,7;55;100;15;7,2;4,71;🔴 Comprar agora;9,0;637,51;5581,87
PC001962;Não informado;E;Baixa;31,0;28,4;32,7;55;100;15;11,16;4,71;🔴 Comprar agora;64,0;119,05;7591,31
PC009419;Não informado;E;Baixa;26,0;10,2;76,2;55;100;15;4,79;4,71;🟢 OK;0,0;278,25;0,0
PC001751;Não informado;E;Baixa;1,0;1,7;17,9;55;100;15;20,37;4,71;🔴 Comprar agora;5,0;3200,23;14658,42
PC006620;Não informado;E;Baixa;9,0;22,4;12,1;55;100;15;30,28;4,71;🚨 RUPTURA IMINENTE;66,0;176,94;11617,22
PC005547;Não informado;E;Baixa;6,0;1,9;95,8;55;100;15;3,81;4,71;🟢 OK;0,0;1282,08;0,0
PC004383;Não informado;E;Baixa;16,0;4,9;98,7;55;100;15;3,7;4,71;🟢 OK;0,0;573,62;0,0
PC003206;Não informado;E;Baixa;7,0;3,0;69,0;55;100;15;5,29;4,71;🟢 OK;0,0;973,75;0,0
PC004812;Não informado;E;Baixa;20,0;12,3;48,7;55;100;15;7,49;4,71;🔴 Comprar agora;21,0;217,32;4569,84
PC000129;Não informado;E;Baixa;1,0;1,0;29,5;55;100;15;12,39;4,71;🔴 Comprar agora;2,0;2688,23;6434,43
PC003382;Não informado;E;Baixa;50,0;16,9;89,0;55;100;15;4,1;4,71;🟢 OK;0,0;171,73;0,0
PC009628;Não informado;E;Baixa;30,0;15,7;57,3;55;100;15;6,37;4,71;🟢 OK;0,0;176,16;0,0
PC003200;Não informado;E;Baixa;8,0;5,0;47,9;55;100;15;7,62;4,71;🔴 Comprar agora;9,0;897,15;7807,78
PC008949;Não informado;E;Média;2,0;4,9;12,2;55;100;15;29,81;4,71;🚨 RUPTURA IMINENTE;14,0;817,06;11712,68
PC004265;Não informado;E;Baixa;106,0;35,4;89,9;55;100;15;4,06;4,71;🟢 OK;0,0;87,21;0,0
PC003234;Não informado;E;Baixa;10,0;11,4;26,4;55;100;15;13,82;4,71;🔴 Comprar agora;28,0;669,95;18663,22
PC003866;Não informado;E;Baixa;10,0;3,0;99,3;55;100;15;3,68;4,71;🟢 OK;0,0;761,78;0,0
PC004069;Não informado;E;Baixa;3,0;0,9;103,0;55;100;15;3,54;4,71;🟡 Estoque excessivo;0,0;2961,63;0,0
PC001869;Não informado;E;Baixa;8,0;4,8;49,6;55;100;15;7,36;4,71;🔴 Comprar agora;8,0;536,58;4368,97
PC003358;Não informado;E;Baixa;4,0;3,9;30,5;55;100;15;11,98;4,71;🔴 Comprar agora;9,0;533,57;4871,39
PC002004;Não informado;E;Baixa;15,0;6,0;74,6;55;100;15;4,89;4,71;🟢 OK;0,0;451,37;0,0
PC008441;Não informado;E;Baixa;3,0;3,1;29,1;55;100;15;12,55;4,71;🔴 Comprar agora;7,0;802,85;5876,04
PC003221;Não informado;E;Baixa;6,0;6,9;26,2;55;100;15;13,94;4,71;🔴 Comprar agora;17,0;315,71;5342,12
PC007171;Não informado;E;Baixa;36,0;20,2;53,4;55;100;15;6,84;4,71;🔴 Comprar agora;31,0;145,52;4575,61
PC006083;Não informado;E;Baixa;5,0;7,0;21,5;55;100;15;16,99;4,71;🔴 Comprar agora;18,0;399,67;7304,43
PC007624;Não informado;E;Baixa;26,0;7,7;101,9;55;100;15;3,58;4,71;🟡 Estoque excessivo;0,0;317,31;0,0
PC007925;Não informado;E;Baixa;33,0;10,2;97,3;55;100;15;3,75;4,71;🟢 OK;0,0;260,77;0,0
PC008654;Não informado;E;Baixa;12,0;5,0;71,7;55;100;15;5,09;4,71;🟢 OK;0,0;543,54;0,0
PC008224;Não informado;E;Baixa;11,0;3,5;93,6;55;100;15;3,9;4,71;🟢 OK;0,0;699,41;0,0
PC006470;Não informado;E;Baixa;22,0;6,8;97,2;55;100;15;3,76;4,71;🟢 OK;0,0;517,38;0,0
PC007782;Não informado;E;Baixa;6,0;16,0;11,2;55;100;15;32,48;4,71;🚨 RUPTURA IMINENTE;47,0;553,81;26241,61
PC008842;Não informado;E;Média;9,0;5,2;52,3;55;100;15;6,98;4,71;🔴 Comprar agora;8,0;828,92;6803,23
PC002001;Não informado;E;Baixa;3,0;8,7;10,3;55;100;15;35,47;4,71;🚨 RUPTURA IMINENTE;26,0;1262,59;33017,29
PC005571;Não informado;E;Baixa;10,0;6,6;45,1;55;100;15;8,09;4,71;🔴 Comprar agora;12,0;342,15;4159,5
PC003536;Não informado;E;Baixa;6,0;2,0;88,3;55;100;15;4,13;4,71;🟢 OK;0,0;1503,13;0,0
PC001746;Não informado;E;Baixa;6,0;2,0;90,0;55;100;15;4,05;4,71;🟢 OK;0,0;1130,12;0,0
PC006292;Não informado;E;Baixa;1,0;2,0;14,7;55;100;15;24,81;4,71;🚨 RUPTURA IMINENTE;6,0;4409,09;25566,22
PC003886;Não informado;E;Baixa;2,0;11,8;5,1;55;100;15;71,97;4,71;🚨 RUPTURA IMINENTE;37,0;616,6;23082,39
PC008220;Não informado;E;Baixa;18,0;17,2;31,4;55;100;15;11,63;4,71;🔴 Comprar agora;39,0;163,36;6432,1
PC001691;Não informado;E;Média;9,0;10,7;25,2;55;100;15;14,49;4,71;🔴 Comprar agora;27,0;504,94;13497,11
PC001428;Não informado;E;Baixa;5,0;16,1;9,3;55;100;15;39,29;4,71;🚨 RUPTURA IMINENTE;49,0;459,37;22424,31
PC005945;Não informado;E;Baixa;13,0;11,0;35,5;55;100;15;10,27;4,71;🔴 Comprar agora;24,0;249,68;5885,38
PC009371;Não informado;E;Baixa;15,0;5,2;86,5;55;100;15;4,22;4,71;🟢 OK;0,0;571,94;0,0
PC008487;Não informado;E;Baixa;17,0;32,0;15,9;55;100;15;22,92;4,71;🔴 Comprar agora;90,0;123,79;11111,69
PC003606;Não informado;E;Baixa;8,0;18,4;13,1;55;100;15;27,93;4,71;🚨 RUPTURA IMINENTE;53,0;519,82;27667,42
PC000323;Não informado;E;Média;19,0;14,8;38,5;55;100;15;9,47;4,71;🔴 Comprar agora;30,0;300,84;9115,82
PC000895;Não informado;E;Baixa;8,0;4,7;50,7;55;100;15;7,2;4,71;🔴 Comprar agora;8,0;414,18;3219,0
PC000418;Não informado;E;Baixa;17,0;16,6;30,6;55;100;15;11,92;4,71;🔴 Comprar agora;38,0;718,7;27669,91
PC005373;Não informado;E;Baixa;19,0;14,5;39,2;55;100;15;9,31;4,71;🔴 Comprar agora;29,0;296,47;8739,43
PC000421;Não informado;E;Baixa;5,0;2,9;51,5;55;100;15;7,09;4,71;🔴 Comprar agora;5,0;2872,15;13546,57
PC009717;Não informado;E;Baixa;31,0;11,8;79,1;55;100;15;4,61;4,71;🟢 OK;0,0;216,53;0,0
PC006418;Não informado;E;Baixa;4,0;5,4;22,4;55;100;15;16,28;4,71;🔴 Comprar agora;14,0;436,78;6043,96
PC009632;Não informado;E;Baixa;7,0;3,0;70,4;55;100;15;5,19;4,71;🟢 OK;0,0;733,33;0,0
PC006467;Não informado;E;Baixa;62,0;46,1;40,4;55;100;15;9,04;4,71;🔴 Comprar agora;92,0;81,6;7477,67
PC003927;Não informado;E;Baixa;2,0;5,2;11,6;55;100;15;31,42;4,71;🚨 RUPTURA IMINENTE;15,0;1962,38;29862,06
PC005985;Não informado;E;Baixa;44,0;53,1;24,9;55;100;15;14,68;4,71;🔴 Comprar agora;133,0;47,26;6283,02
PC009175;Não informado;E;Baixa;1,0;1,3;23,4;55;100;15;15,62;4,71;🔴 Comprar agora;3,0;2078,27;6814,63
PC004630;Não informado;E;Baixa;19,0;5,4;105,4;55;100;15;3,46;4,71;🟡 Estoque excessivo;0,0;464,17;0,0
PC006758;Não informado;E;Baixa;16,0;6,1;78,1;55;100;15;4,67;4,71;🟢 OK;0,0;423,82;0,0
PC002760;Não informado;E;Baixa;7,0;5,0;42,0;55;100;15;8,7;4,71;🔴 Comprar agora;10,0;848,59;8216,24
PC009478;Não informado;E;Baixa;3,0;5,9;15,2;55;100;15;23,95;4,71;🔴 Comprar agora;17,0;1140,48;19025,59
PC009956;Não informado;E;Baixa;11,0;8,1;40,7;55;100;15;8,97;4,71;🔴 Comprar agora;16,0;921,45;14784,83
PC000539;Não informado;E;Baixa;11,0;4,1;81,1;55;100;15;4,5;4,71;🟢 OK;0,0;725,11;0,0
PC008938;Não informado;E;Baixa;5,0;3,7;40,2;55;100;15;9,09;4,71;🔴 Comprar agora;7,0;691,94;5151,75
PC003085;Não informado;E;Baixa;5,0;1,8;83,7;55;100;15;4,36;4,71;🟢 OK;0,0;1421,09;0,0
PC002489;Não informado;E;Média;7,0;5,0;42,1;55;100;15;8,66;4,71;🔴 Comprar agora;10,0;1003,7;9653,36
PC005269;Não informado;E;Baixa;11,0;5,7;57,8;55;100;15;6,32;4,71;🟢 OK;0,0;481,52;0,0
PC003686;Não informado;E;Baixa;7,0;5,1;41,2;55;100;15;8,86;4,71;🔴 Comprar agora;10,0;543,28;5424,16
PC006022;Não informado;E;Baixa;12,0;16,2;22,2;55;100;15;16,43;4,71;🔴 Comprar agora;42,0;541,13;22737,9
PC005763;Não informado;E;Baixa;35,0;11,2;93,9;55;100;15;3,89;4,71;🟢 OK;0,0;303,23;0,0
PC000597;Não informado;E;Baixa;7,0;3,5;59,8;55;100;15;6,1;4,71;🟢 OK;0,0;567,09;0,0
PC000911;Não informado;E;Baixa;7,0;8,1;25,9;55;100;15;14,09;4,71;🔴 Comprar agora;20,0;880,53;17630,42
PC006414;Não informado;E;Baixa;5,0;7,1;21,1;55;100;15;17,32;4,71;🔴 Comprar agora;19,0;1072,23;20074,52
PC009895;Não informado;E;Baixa;6,0;19,9;9,1;55;100;15;40,32;4,71;🚨 RUPTURA IMINENTE;60,0;337,76;20362,52
PC007937;Não informado;E;Baixa;1,0;0,9;33,2;55;100;15;11,01;4,71;🔴 Comprar agora;2,0;2825,08;5696,34
PC004782;Não informado;E;Baixa;33,0;9,9;100,5;55;100;15;3,63;4,71;🟡 Estoque excessivo;0,0;238,44;0,0
PC005472;Não informado;E;Baixa;2,0;4,6;13,0;55;100;15;28,15;4,71;🚨 RUPTURA IMINENTE;13,0;890,78;11958,99
PC003060;Não informado;E;Média;19,0;9,7;58,8;55;100;15;6,21;4,71;🟢 OK;0,0;421,71;0,0
PC001501;Não informado;E;Baixa;19,0;8,0;71,3;55;100;15;5,12;4,71;🟢 OK;0,0;282,82;0,0
PC009430;Não informado;E;Baixa;6,0;10,3;17,5;55;100;15;20,81;4,71;🔴 Comprar agora;28,0;290,99;8208,04
PC001996;Não informado;E;Baixa;18,0;53,0;10,2;55;100;15;35,83;4,71;🚨 RUPTURA IMINENTE;159,0;209,13;33183,6
PC004253;Não informado;E;Baixa;53,0;30,2;52,7;55;100;15;6,92;4,71;🔴 Comprar agora;48,0;89,96;4277,9
PC000272;Não informado;E;Baixa;16,0;12,5;38,3;55;100;15;9,52;4,71;🔴 Comprar agora;26,0;766,93;19735,85
PC002456;Não informado;E;Baixa;2,0;3,0;19,8;55;100;15;18,42;4,71;🔴 Comprar agora;8,0;2308,16;18677,73
PC007299;Não informado;E;Baixa;13,0;19,1;20,4;55;100;15;17,89;4,71;🔴 Comprar agora;51,0;134,61;6828,1
PC002460;Não informado;E;Baixa;23,0;7,9;87,0;55;100;15;4,2;4,71;🟢 OK;0,0;324,57;0,0
PC000275;Não informado;E;Baixa;9,0;3,2;85,0;55;100;15;4,29;4,71;🟢 OK;0,0;916,04;0,0
PC002153;Não informado;E;Baixa;109,0;61,3;53,3;55;100;15;6,84;4,71;🔴 Comprar agora;95,0;42,96;4096,43
PC003861;Não informado;E;Baixa;16,0;4,4;109,4;55;100;15;3,34;4,71;🟡 Estoque excessivo;0,0;558,11;0,0
PC003575;Não informado;E;Baixa;4,0;3,1;38,2;55;100;15;9,55;4,71;🔴 Comprar agora;6,0;1405,1;9085,1
PC005699;Não informado;E;Baixa;10,0;7,2;41,7;55;100;15;8,75;4,71;🔴 Comprar agora;14,0;362,54;5066,85
PC005616;Não informado;E;Baixa;43,0;25,1;51,3;55;100;15;7,11;4,71;🔴 Comprar agora;41,0;138,29;5634,94
PC006525;Não informado;E;Baixa;19,0;8,0;71,1;55;100;15;5,14;4,71;🟢 OK;0,0;267,41;0,0
PC002184;Não informado;E;Baixa;6,0;13,7;13,1;55;100;15;27,77;4,71;🚨 RUPTURA IMINENTE;40,0;854,52;33875,28
PC001952;Não informado;E;Baixa;15,0;16,0;28,1;55;100;15;13,0;4,71;🔴 Comprar agora;38,0;180,41;6928,83
PC001424;Não informado;E;Baixa;4,0;5,9;20,2;55;100;15;18,09;4,71;🔴 Comprar agora;16,0;1171,94;18540,04
PC003628;Não informado;E;Baixa;7,0;3,0;69,1;55;100;15;5,28;4,71;🟢 OK;0,0;864,25;0,0
PC004742;Não informado;E;Baixa;7,0;8,2;25,6;55;100;15;14,24;4,71;🔴 Comprar agora;20,0;542,21;11013,9
PC000326;Não informado;E;Baixa;11,0;11,1;29,7;55;100;15;12,27;4,71;🔴 Comprar agora;26,0;230,59;5992,64
PC003870;Não informado;E;Baixa;6,0;2,7;66,5;55;100;15;5,49;4,71;🟢 OK;0,0;1001,36;0,0
PC007460;Não informado;E;Baixa;44,0;13,6;96,8;55;100;15;3,77;4,71;🟢 OK;0,0;222,46;0,0
PC004652;Não informado;E;Baixa;10,0;4,9;61,2;55;100;15;5,97;4,71;🟢 OK;0,0;460,79;0,0
PC000874;Não informado;E;Baixa;3,0;5,1;17,5;55;100;15;20,8;4,71;🔴 Comprar agora;14,0;494,29;6968,24
PC002609;Não informado;E;Baixa;9,0;27,3;9,9;55;100;15;36,9;4,71;🚨 RUPTURA IMINENTE;82,0;137,68;11287,08
PC007412;Não informado;E;Baixa;20,0;8,8;68,1;55;100;15;5,36;4,71;🟢 OK;0,0;297,86;0,0
PC008125;Não informado;E;Baixa;10,0;7,0;43,2;55;100;15;8,46;4,71;🔴 Comprar agora;13,0;369,42;4864,38
PC007263;Não informado;E;Baixa;3,0;6,7;13,4;55;100;15;27,19;4,71;🚨 RUPTURA IMINENTE;19,0;1348,74;26093,62
PC005727;Não informado;E;Baixa;8,0;2,8;86,4;55;100;15;4,22;4,71;🟢 OK;0,0;860,81;0,0
PC003798;Não informado;E;Baixa;21,0;13,0;48,6;55;100;15;7,51;4,71;🔴 Comprar agora;22,0;255,59;5672,64
PC006306;Não informado;E;Baixa;3,0;13,0;6,9;55;100;15;52,9;4,71;🚨 RUPTURA IMINENTE;40,0;512,36;20738,1
PC002997;Não informado;E;Baixa;42,0;15,3;82,5;55;100;15;4,42;4,71;🟢 OK;0,0;136,64;0,0
PC005287;Não informado;E;Baixa;7,0;4,0;52,9;55;100;15;6,9;4,71;🔴 Comprar agora;6,0;600,38;3743,54
PC009639;Não informado;E;Baixa;6,0;4,1;44,0;55;100;15;8,3;4,71;🔴 Comprar agora;8,0;711,13;5434,99
PC005475;Não informado;E;Baixa;48,0;28,1;51,3;55;100;15;7,11;4,71;🔴 Comprar agora;46,0;82,07;3737,06
PC006823;Não informado;E;Baixa;17,0;7,5;67,7;55;100;15;5,39;4,71;🟢 OK;0,0;1169,25;0,0
PC002513;Não informado;E;Baixa;3,0;1,1;78,9;55;100;15;4,62;4,71;🟢 OK;0,0;2772,99;0,0
PC004488;Não informado;E;Baixa;7,0;10,2;20,6;55;100;15;17,72;4,71;🔴 Comprar agora;27,0;281,98;7606,77
PC005983;Não informado;E;Baixa;25,0;65,2;11,5;55;100;15;31,73;4,71;🚨 RUPTURA IMINENTE;192,0;125,35;24105,68
PC004870;Não informado;E;Baixa;14,0;17,7;23,7;55;100;15;15,42;4,71;🔴 Comprar agora;45,0;150,47;6791,03
PC002607;Não informado;E;Baixa;5,0;3,2;46,4;55;100;15;7,87;4,71;🔴 Comprar agora;6,0;1228,84;7097,96
PC002469;Não informado;E;Baixa;3,0;6,2;14,5;55;100;15;25,26;4,71;🚨 RUPTURA IMINENTE;18,0;1367,06;24276,39
PC002678;Não informado;E;Baixa;47,0;24,6;57,3;55;100;15;6,37;4,71;🟢 OK;0,0;87,77;0,0
PC009721;Não informado;E;Baixa;2,0;5,9;10,2;55;100;15;35,95;4,71;🚨 RUPTURA IMINENTE;18,0;1147,65;20311,01
PC000997;Não informado;E;Baixa;3,0;3,2;28,0;55;100;15;13,03;4,71;🔴 Comprar agora;8,0;1293,03;9968,86
PC008551;Não informado;E;Baixa;10,0;7,1;42,1;55;100;15;8,67;4,71;🔴 Comprar agora;14,0;824,46;11349,56
PC001013;Não informado;E;Baixa;7,0;16,5;12,7;55;100;15;28,71;4,71;🚨 RUPTURA IMINENTE;48,0;537,94;25854,32
PC009138;Não informado;E;Baixa;54,0;46,2;35,0;55;100;15;10,42;4,71;🔴 Comprar agora;100,0;90,95;9109,96
PC002293;Não informado;E;Baixa;11,0;4,0;81,6;55;100;15;4,47;4,71;🟢 OK;0,0;544,59;0,0
PC003511;Não informado;E;Baixa;3,0;2,0;44,2;55;100;15;8,25;4,71;🔴 Comprar agora;4,0;1228,21;4646,66
PC007113;Não informado;E;Baixa;16,0;10,0;48,2;55;100;15;7,57;4,71;🔴 Comprar agora;17,0;227,79;3916,15
PC002356;Não informado;E;Baixa;2,0;2,0;29,6;55;100;15;12,32;4,71;🔴 Comprar agora;5,0;1037,58;4927,81
PC009253;Não informado;E;Baixa;10,0;3,3;92,2;55;100;15;3,96;4,71;🟢 OK;0,0;951,44;0,0
PC003922;Não informado;E;Baixa;24,0;8,8;81,4;55;100;15;4,48;4,71;🟢 OK;0,0;231,73;0,0
PC007274;Não informado;E;Baixa;3,0;3,0;30,0;55;100;15;12,18;4,71;🔴 Comprar agora;7,0;767,67;5382,15
PC002663;Não informado;E;Baixa;42,0;15,3;82,3;55;100;15;4,43;4,71;🟢 OK;0,0;155,0;0,0
PC006964;Não informado;E;Baixa;7,0;5,1;40,8;55;100;15;8,94;4,71;🔴 Comprar agora;10,0;1478,2;14983,7
PC000827;Não informado;E;Baixa;2,0;0,9;64,6;55;100;15;5,65;4,71;🟢 OK;0,0;2671,45;0,0
PC008655;Não informado;E;Baixa;4,0;5,8;20,7;55;100;15;17,6;4,71;🔴 Comprar agora;15,0;363,88;5562,2
PC003478;Não informado;E;Baixa;39,0;28,9;40,6;55;100;15;9,0;4,71;🔴 Comprar agora;57,0;227,61;13012,59
PC009733;Não informado;E;Baixa;1,0;2,1;14,3;55;100;15;25,54;4,71;🚨 RUPTURA IMINENTE;6,0;2736,55;16413,55
PC008458;Não informado;E;Baixa;3,0;2,0;46,1;55;100;15;7,92;4,71;🔴 Comprar agora;4,0;1286,32;4519,51
PC000481;Não informado;E;Baixa;82,0;71,9;34,2;55;100;15;10,67;4,71;🔴 Comprar agora;158,0;29,36;4630,73
PC003015;Não informado;E;Baixa;1,0;2,2;13,9;55;100;15;26,21;4,71;🚨 RUPTURA IMINENTE;6,0;4583,55;28325,3
PC008561;Não informado;E;Baixa;42,0;39,1;32,3;55;100;15;11,31;4,71;🔴 Comprar agora;88,0;73,23;6456,56
PC008290;Não informado;E;Baixa;5,0;27,0;5,6;55;100;15;65,72;4,71;🚨 RUPTURA IMINENTE;85,0;431,53;36693,46
PC004489;Não informado;E;Baixa;15,0;7,7;58,4;55;100;15;6,25;4,71;🟢 OK;0,0;337,84;0,0
PC004720;Não informado;E;Média;30,0;16,9;53,2;55;100;15;6,86;4,71;🔴 Comprar agora;26,0;275,83;7278,38
PC003175;Não informado;E;Baixa;14,0;38,5;10,9;55;100;15;33,42;4,71;🚨 RUPTURA IMINENTE;114,0;203,7;23257,68
PC004255;Não informado;E;Baixa;17,0;6,5;78,8;55;100;15;4,63;4,71;🟢 OK;0,0;438,2;0,0
PC007599;Não informado;E;Baixa;6,0;6,5;27,8;55;100;15;13,14;4,71;🔴 Comprar agora;16,0;1715,07;26769,07
PC004059;Não informado;E;Baixa;7,0;8,2;25,7;55;100;15;14,17;4,71;🔴 Comprar agora;20,0;1538,29;31049,94
PC005603;Não informado;E;Baixa;8,0;6,9;34,6;55;100;15;10,54;4,71;🔴 Comprar agora;15,0;350,06;5285,2
PC001243;Não informado;E;Baixa;5,0;9,1;16,4;55;100;15;22,22;4,71;🔴 Comprar agora;25,0;281,75;7166,18
PC004327;Não informado;E;Baixa;7,0;2,6;79,3;55;100;15;4,6;4,71;🟢 OK;0,0;1164,28;0,0
PC007892;Não informado;E;Baixa;5,0;8,8;17,1;55;100;15;21,38;4,71;🔴 Comprar agora;24,0;1014,44;24640,13
PC004940;Não informado;E;Baixa;6,0;14,7;12,3;55;100;15;29,71;4,71;🚨 RUPTURA IMINENTE;43,0;323,48;13858,31
PC007256;Não informado;E;Baixa;2,0;1,3;47,2;55;100;15;7,74;4,71;🔴 Comprar agora;2,0;2004,22;4487,21
PC008782;Não informado;E;Baixa;5,0;1,8;82,4;55;100;15;4,43;4,71;🟢 OK;0,0;1329,19;0,0
PC004380;Não informado;E;Baixa;48,0;28,1;51,3;55;100;15;7,11;4,71;🔴 Comprar agora;46,0;153,0;6971,45
PC006942;Não informado;E;Baixa;36,0;33,7;32,1;55;100;15;11,38;4,71;🔴 Comprar agora;76,0;257,02;19599,03
PC002958;Não informado;E;Baixa;117,0;80,1;43,8;55;100;15;8,33;4,71;🔴 Comprar agora;150,0;54,01;8102,72
PC005690;Não informado;E;Baixa;38,0;53,1;21,5;55;100;15;17,0;4,71;🔴 Comprar agora;139,0;70,63;9814,41
PC001151;Não informado;E;Baixa;6,0;15,7;11,5;55;100;15;31,75;4,71;🚨 RUPTURA IMINENTE;46,0;434,82;20081,94
PC000305;Não informado;E;Baixa;25,0;11,2;66,9;55;100;15;5,45;4,71;🟢 OK;0,0;187,24;0,0
PC009727;Não informado;E;Baixa;14,0;5,8;72,5;55;100;15;5,04;4,71;🟢 OK;0,0;413,3;0,0
PC004194;Não informado;E;Baixa;7,0;5,9;35,5;55;100;15;10,28;4,71;🔴 Comprar agora;13,0;379,8;4828,8
PC006008;Não informado;E;Baixa;14,0;4,1;101,8;55;100;15;3,59;4,71;🟡 Estoque excessivo;0,0;537,82;0,0
PC008531;Não informado;E;Baixa;14,0;7,8;53,8;55;100;15;6,78;4,71;🔴 Comprar agora;12,0;574,02;6888,28
PC008130;Não informado;E;Baixa;12,0;4,1;88,9;55;100;15;4,11;4,71;🟢 OK;0,0;586,93;0,0
PC002852;Não informado;E;Baixa;18,0;33,6;16,1;55;100;15;22,71;4,71;🔴 Comprar agora;94,0;446,57;41967,09
PC002365;Não informado;E;Baixa;27,0;14,0;57,9;55;100;15;6,3;4,71;🟢 OK;0,0;173,45;0,0
PC007477;Não informado;E;Baixa;46,0;23,2;59,4;55;100;15;6,15;4,71;🟢 OK;0,0;170,65;0,0
PC008807;Não informado;E;Baixa;4,0;2,9;41,6;55;100;15;8,78;4,71;🔴 Comprar agora;6,0;840,03;4726,66
PC008735;Não informado;E;Baixa;12,0;7,1;50,6;55;100;15;7,22;4,71;🔴 Comprar agora;12,0;291,36;3415,49
PC000612;Não informado;E;Baixa;32,0;35,3;27,2;55;100;15;13,44;4,71;🔴 Comprar agora;86,0;202,7;17390,58
PC003660;Não informado;E;Baixa;95,0;30,8;92,6;55;100;15;3,94;4,71;🟢 OK;0,0;66,75;0,0
PC002323;Não informado;E;Baixa;4,0;5,0;23,9;55;100;15;15,26;4,71;🔴 Comprar agora;13,0;502,72;6395,25
PC002075;Não informado;E;Baixa;2,0;2,0;29,7;55;100;15;12,29;4,71;🔴 Comprar agora;5,0;1075,81;5091,96
PC003770;Não informado;E;Baixa;117,0;70,0;50,2;55;100;15;7,28;4,71;🔴 Comprar agora;116,0;63,78;7411,78
PC009865;Não informado;E;Baixa;6,0;4,0;45,3;55;100;15;8,06;4,71;🔴 Comprar agora;7,0;509,71;3691,77
PC008152;Não informado;E;Baixa;2,0;3,0;19,9;55;100;15;18,34;4,71;🔴 Comprar agora;8,0;697,46;5614,06
PC009181;Não informado;E;Baixa;59,0;41,3;42,9;55;100;15;8,51;4,71;🔴 Comprar agora;79,0;117,57;9235,03
PC002340;Não informado;E;Baixa;16,0;5,2;91,8;55;100;15;3,98;4,71;🟢 OK;0,0;523,35;0,0
PC009426;Não informado;E;Baixa;20,0;9,0;66,5;55;100;15;5,49;4,71;🟢 OK;0,0;454,19;0,0
PC008866;Não informado;E;Baixa;8,0;6,2;38,6;55;100;15;9,46;4,71;🔴 Comprar agora;13,0;641,58;8165,88
PC006416;Não informado;E;Baixa;5,0;1,9;80,7;55;100;15;4,52;4,71;🟢 OK;0,0;1054,92;0,0
PC005808;Não informado;E;Baixa;9,0;5,8;46,7;55;100;15;7,81;4,71;🔴 Comprar agora;10,0;322,52;3310,41
PC006755;Não informado;E;Média;9,0;24,7;10,9;55;100;15;33,41;4,71;🚨 RUPTURA IMINENTE;73,0;173,23;12711,02
PC004118;Não informado;E;Baixa;15,0;5,3;84,4;55;100;15;4,32;4,71;🟢 OK;0,0;545,09;0,0
PC002025;Não informado;E;Baixa;364,0;168,8;64,7;55;100;15;5,64;4,71;🟢 OK;0,0;41,14;0,0
PC001056;Não informado;E;Baixa;40,0;11,9;101,1;55;100;15;3,61;4,71;🟡 Estoque excessivo;0,0;227,76;0,0
PC004816;Não informado;E;Baixa;5,0;6,2;24,2;55;100;15;15,1;4,71;🔴 Comprar agora;16,0;614,44;9637,59
PC001486;Não informado;E;Baixa;11,0;18,9;17,5;55;100;15;20,86;4,71;🔴 Comprar agora;52,0;429,29;22268,14
PC002145;Não informado;E;Baixa;37,0;25,2;44,1;55;100;15;8,27;4,71;🔴 Comprar agora;47,0;82,95;3888,29
PC002716;Não informado;E;Baixa;20,0;13,8;43,4;55;100;15;8,4;4,71;🔴 Comprar agora;26,0;163,85;4265,19
PC008581;Não informado;E;Baixa;9,0;6,1;44,1;55;100;15;8,28;4,71;🔴 Comprar agora;11,0;1314,0;14986,93
PC009372;Não informado;E;Baixa;19,0;14,2;40,2;55;100;15;9,09;4,71;🔴 Comprar agora;28,0;256,38;7255,76
PC001779;Não informado;E;Baixa;19,0;12,5;45,7;55;100;15;7,98;4,71;🔴 Comprar agora;23,0;280,62;6329,31
PC008118;Não informado;E;Baixa;12,0;9,8;36,9;55;100;15;9,89;4,71;🔴 Comprar agora;21,0;285,26;5852,51
PC008791;Não informado;E;Baixa;1,0;4,0;7,5;55;100;15;48,51;4,71;🚨 RUPTURA IMINENTE;12,0;2455,15;30175,06
PC006569;Não informado;E;Baixa;294,0;164,9;53,5;55;100;15;6,82;4,71;🔴 Comprar agora;256,0;21,77;5565,24
PC009092;Não informado;E;Baixa;2,0;1,1;55,8;55;100;15;6,54;4,71;🟢 OK;0,0;5589,36;0,0
PC007351;Não informado;E;Baixa;8,0;8,5;28,2;55;100;15;12,94;4,71;🔴 Comprar agora;20,0;1242,48;25308,97
PC001915;Não informado;E;Baixa;7,0;8,9;23,5;55;100;15;15,55;4,71;🔴 Comprar agora;23,0;1198,86;27351,49
PC001663;Não informado;E;Baixa;3,0;9,0;10,0;55;100;15;36,5;4,71;🚨 RUPTURA IMINENTE;27,0;1196,38;32299,15
PC008428;Não informado;E;Baixa;46,0;81,0;17,0;55;100;15;21,41;4,71;🔴 Comprar agora;224,0;110,51;24738,89
PC008171;Não informado;E;Baixa;6,0;2,0;90,7;55;100;15;4,02;4,71;🟢 OK;0,0;1074,76;0,0
PC000138;Não informado;E;Baixa;2,0;8,2;7,3;55;100;15;50,14;4,71;🚨 RUPTURA IMINENTE;25,0;1290,82;32881,19
PC000955;Não informado;E;Baixa;10,0;6,0;50,4;55;100;15;7,24;4,71;🔴 Comprar agora;10,0;562,14;5530,55
PC007824;Não informado;E;Baixa;20,0;21,8;27,5;55;100;15;13,26;4,71;🔴 Comprar agora;53,0;149,96;7897,76
PC007527;Não informado;E;Baixa;4,0;3,7;32,0;55;100;15;11,4;4,71;🔴 Comprar agora;8,0;546,21;4639,56
PC002347;Não informado;E;Baixa;15,0;7,1;63,3;55;100;15;5,77;4,71;🟢 OK;0,0;365,8;0,0
PC000348;Não informado;E;Baixa;13,0;16,4;23,8;55;100;15;15,32;4,71;🔴 Comprar agora;42,0;133,87;5562,48
PC001688;Não informado;E;Baixa;1,0;1,0;29,0;55;100;15;12,61;4,71;🔴 Comprar agora;2,0;2522,59;6190,91
PC005193;Não informado;E;Baixa;7,0;3,7;56,7;55;100;15;6,44;4,71;🟢 OK;0,0;533,33;0,0
PC005774;Não informado;E;Baixa;4,0;2,0;59,8;55;100;15;6,1;4,71;🟢 OK;0,0;985,39;0,0
PC008643;Não informado;E;Baixa;13,0;14,0;27,8;55;100;15;13,11;4,71;🔴 Comprar agora;34,0;273,38;9210,04
PC007608;Não informado;E;Baixa;4,0;6,3;18,9;55;100;15;19,28;4,71;🔴 Comprar agora;17,0;266,19;4560,17
PC001874;Não informado;E;Baixa;2,0;2,0;29,7;55;100;15;12,29;4,71;🔴 Comprar agora;5,0;945,54;4474,38
PC007259;Não informado;E;Baixa;2,0;2,5;23,5;55;100;15;15,5;4,71;🔴 Comprar agora;6,0;890,19;5782,01
PC005660;Não informado;E;Baixa;5,0;7,7;19,6;55;100;15;18,62;4,71;🔴 Comprar agora;21,0;244,4;5013,48
PC009042;Não informado;E;Baixa;14,0;10,5;40,1;55;100;15;9,1;4,71;🔴 Comprar agora;21,0;239,63;5008,53
PC003657;Não informado;E;Baixa;6,0;6,2;28,8;55;100;15;12,66;4,71;🔴 Comprar agora;15,0;553,95;8208,63
PC009104;Não informado;E;Baixa;4,0;3,0;39,6;55;100;15;9,22;4,71;🔴 Comprar agora;6,0;917,34;5597,52
PC006050;Não informado;E;Baixa;2,0;3,1;19,2;55;100;15;18,97;4,71;🔴 Comprar agora;8,0;823,98;6914,96
PC002692;Não informado;E;Baixa;5,0;2,5;60,3;55;100;15;6,05;4,71;🟢 OK;0,0;827,93;0,0
PC009415;Não informado;E;Baixa;26,0;9,2;85,1;55;100;15;4,29;4,71;🟢 OK;0,0;254,02;0,0
PC005371;Não informado;E;Baixa;9,0;25,9;10,4;55;100;15;35,03;4,71;🚨 RUPTURA IMINENTE;77,0;431,74;33400,93
PC002432;Não informado;E;Baixa;22,0;13,9;47,6;55;100;15;7,67;4,71;🔴 Comprar agora;24,0;549,89;13319,86
PC004917;Não informado;E;Baixa;10,0;6,0;50,1;55;100;15;7,28;4,71;🔴 Comprar agora;10,0;317,74;3162,74
PC000307;Não informado;E;Baixa;8,0;11,3;21,3;55;100;15;17,11;4,71;🔴 Comprar agora;30,0;170,98;5043,98
PC001906;Não informado;E;Baixa;96,0;62,4;46,2;55;100;15;7,91;4,71;🔴 Comprar agora;112,0;48,49;5430,9
PC006680;Não informado;E;Baixa;1,0;1,6;18,4;55;100;15;19,88;4,71;🔴 Comprar agora;4,0;2069,35;9202,43
PC001995;Não informado;E;Baixa;3,0;4,1;21,7;55;100;15;16,83;4,71;🔴 Comprar agora;11,0;668,84;7244,23
PC003367;Não informado;E;Baixa;3,0;3,8;23,5;55;100;15;15,55;4,71;🔴 Comprar agora;10,0;670,12;6553,13
PC001318;Não informado;E;Baixa;18,0;11,2;48,1;55;100;15;7,59;4,71;🔴 Comprar agora;19,0;364,13;7071,52
PC003985;Não informado;E;Baixa;2,0;1,1;55,5;55;100;15;6,58;4,71;🟢 OK;0,0;2753,92;0,0
PC003991;Não informado;E;Baixa;2,0;4,0;15,0;55;100;15;24,31;4,71;🔴 Comprar agora;11,0;1672,05;18928,97
PC000594;Não informado;E;Baixa;23,0;7,0;99,1;55;100;15;3,68;4,71;🟢 OK;0,0;303,6;0,0
PC001737;Não informado;E;Baixa;12,0;15,9;22,6;55;100;15;16,17;4,71;🔴 Comprar agora;41,0;143,13;5891,98
PC009871;Não informado;E;Média;11,0;6,3;52,8;55;100;15;6,92;4,71;🔴 Comprar agora;10,0;691,04;6807,37
PC002743;Não informado;E;Baixa;13,0;6,4;61,3;55;100;15;5,95;4,71;🟢 OK;0,0;650,56;0,0
PC005489;Não informado;E;Baixa;81,0;76,0;32,0;55;100;15;11,41;4,71;🔴 Comprar agora;172,0;100,07;17242,09
PC001286;Não informado;E;Baixa;27,0;19,7;41,2;55;100;15;8,86;4,71;🔴 Comprar agora;39,0;359,77;13853,71
PC004725;Não informado;E;Baixa;9,0;3,0;88,8;55;100;15;4,11;4,71;🟢 OK;0,0;886,23;0,0
PC009193;Não informado;E;Baixa;72,0;32,8;65,9;55;100;15;5,53;4,71;🟢 OK;0,0;62,76;0,0
PC005805;Não informado;E;Baixa;3,0;6,0;15,0;55;100;15;24,34;4,71;🚨 RUPTURA IMINENTE;17,0;547,57;9310,13
PC005584;Não informado;E;Baixa;4,0;6,8;17,6;55;100;15;20,73;4,71;🔴 Comprar agora;19,0;969,09;18142,57
PC006655;Não informado;E;Baixa;5,0;2,9;51,7;55;100;15;7,06;4,71;🔴 Comprar agora;5,0;900,69;4212,29
PC009463;Não informado;E;Baixa;11,0;4,1;80,6;55;100;15;4,53;4,71;🟢 OK;0,0;542,68;0,0
PC005097;Não informado;E;Baixa;39,0;21,2;55,2;55;100;15;6,62;4,71;🟢 OK;0,0;114,9;0,0
PC008521;Não informado;E;Baixa;20,0;18,6;32,3;55;100;15;11,31;4,71;🔴 Comprar agora;42,0;496,63;20857,59
PC009750;Não informado;E;Baixa;6,0;12,0;15,0;55;100;15;24,26;4,71;🔴 Comprar agora;34,0;854,95;28958,97
PC003534;Não informado;E;Baixa;4,0;2,9;41,1;55;100;15;8,88;4,71;🔴 Comprar agora;6,0;711,11;4077,44
PC001917;Não informado;E;Baixa;61,0;22,2;82,5;55;100;15;4,43;4,71;🟢 OK;0,0;84,11;0,0
PC000494;Não informado;E;Baixa;17,0;38,6;13,2;55;100;15;27,61;4,71;🚨 RUPTURA IMINENTE;112,0;223,53;24949,02
PC002523;Não informado;E;Baixa;24,0;13,8;52,3;55;100;15;6,98;4,71;🔴 Comprar agora;22,0;459,71;10053,4
PC004256;Não informado;E;Baixa;7,0;5,8;36,1;55;100;15;10,11;4,71;🔴 Comprar agora;12,0;407,46;5051,71
PC005732;Não informado;E;Baixa;44,0;26,1;50,5;55;100;15;7,22;4,71;🔴 Comprar agora;43,0;71,98;3098,31
PC009222;Não informado;E;Baixa;9,0;2,9;92,6;55;100;15;3,94;4,71;🟢 OK;0,0;679,06;0,0
PC002635;Não informado;E;Baixa;59,0;19,7;90,0;55;100;15;4,06;4,71;🟢 OK;0,0;122,47;0,0
PC007012;Não informado;E;Baixa;13,0;6,3;62,0;55;100;15;5,89;4,71;🟢 OK;0,0;443,58;0,0
PC004371;Não informado;E;Baixa;6,0;11,0;16,3;55;100;15;22,38;4,71;🔴 Comprar agora;31,0;745,01;22936,46
PC005879;Não informado;E;Média;6,0;3,2;56,7;55;100;15;6,44;4,71;🟢 OK;0,0;1270,0;0,0
PC009920;Não informado;E;Baixa;28,0;16,5;50,9;55;100;15;7,17;4,71;🔴 Comprar agora;27,0;150,32;4063,37
PC003583;Não informado;E;Baixa;7,0;2,6;80,2;55;100;15;4,55;4,71;🟢 OK;0,0;775,72;0,0
PC003037;Não informado;E;Baixa;24,0;7,3;98,3;55;100;15;3,71;4,71;🟢 OK;0,0;378,17;0,0
PC007369;Não informado;E;Baixa;5,0;2,9;51,5;55;100;15;7,09;4,71;🔴 Comprar agora;5,0;699,65;3300,95
PC000344;Não informado;E;Baixa;0,0;2,1;0,0;55;100;15;0,0;4,71;🚨 RUPTURA IMINENTE;7,0;2887,04;19886,2
PC008049;Não informado;E;Baixa;18,0;12,4;43,4;55;100;15;8,4;4,71;🔴 Comprar agora;23,0;184,85;4332,33
PC009899;Não informado;E;Baixa;3,0;7,1;12,6;55;100;15;28,92;4,71;🚨 RUPTURA IMINENTE;21,0;1877,7;38995,67
PC009585;Não informado;E;Baixa;11,0;24,0;13,7;55;100;15;26,6;4,71;🚨 RUPTURA IMINENTE;69,0;150,28;10392,09
PC005696;Não informado;E;Baixa;12,0;5,1;70,7;55;100;15;5,16;4,71;🟢 OK;0,0;419,98;0,0
PC009446;Não informado;E;Baixa;9,0;4,8;56,1;55;100;15;6,51;4,71;🟢 OK;0,0;754,99;0,0
PC007695;Não informado;E;Baixa;24,0;6,8;106,2;55;100;15;3,44;4,71;🟡 Estoque excessivo;0,0;292,74;0,0
PC004903;Não informado;E;Baixa;7,0;6,2;33,7;55;100;15;10,84;4,71;🔴 Comprar agora;14,0;476,02;6559,76
PC003087;Não informado;E;Baixa;6,0;4,0;44,9;55;100;15;8,14;4,71;🔴 Comprar agora;7,0;661,26;4878,43
PC009234;Não informado;E;Baixa;4,0;5,3;22,8;55;100;15;16,03;4,71;🔴 Comprar agora;14,0;386,28;5239,72
PC000415;Não informado;E;Baixa;6,0;3,3;54,7;55;100;15;6,67;4,71;🔴 Comprar agora;5,0;1077,51;5354,96
PC006283;Não informado;E;Baixa;21,0;8,5;73,8;55;100;15;4,94;4,71;🟢 OK;0,0;290,74;0,0
PC008907;Não informado;E;Baixa;8,0;4,1;59,0;55;100;15;6,19;4,71;🟢 OK;0,0;475,54;0,0
PC003683;Não informado;E;Baixa;7,0;7,8;27,0;55;100;15;13,51;4,71;🔴 Comprar agora;19,0;285,93;5409,41
PC002395;Não informado;E;Baixa;6,0;2,6;68,4;55;100;15;5,33;4,71;🟢 OK;0,0;967,23;0,0
PC002727;Não informado;E;Baixa;5,0;2,0;74,0;55;100;15;4,93;4,71;🟢 OK;0,0;1167,25;0,0
PC002288;Não informado;E;Média;9,0;5,0;53,6;55;100;15;6,81;4,71;🔴 Comprar agora;8,0;752,11;5853,52
PC007439;Não informado;E;Baixa;6,0;10,3;17,4;55;100;15;20,96;4,71;🔴 Comprar agora;28,0;989,51;28162,73
PC000417;Não informado;E;Baixa;11,0;18,1;18,2;55;100;15;20,06;4,71;🔴 Comprar agora;49,0;103,34;5110,26
PC008624;Não informado;E;Baixa;3,0;4,8;18,9;55;100;15;19,34;4,71;🔴 Comprar agora;13,0;697,37;8992,3
PC002071;Não informado;E;Baixa;0,0;4,2;0,0;55;100;15;0,0;4,71;🚨 RUPTURA IMINENTE;14,0;1575,39;21911,13
PC001191;Não informado;E;Baixa;12,0;32,9;10,9;55;100;15;33,36;4,71;🚨 RUPTURA IMINENTE;98,0;188,77;18441,42
PC000093;Não informado;E;Baixa;6,0;11,5;15,7;55;100;15;23,22;4,71;🔴 Comprar agora;32,0;326,71;10511,49
PC006909;Não informado;E;Baixa;5,0;5,9;25,4;55;100;15;14,37;4,71;🔴 Comprar agora;15,0;396,18;5816,31
PC007127;Não informado;E;Baixa;3,0;3,0;29,7;55;100;15;12,29;4,71;🔴 Comprar agora;7,0;3129,2;22224,82
PC001987;Não informado;E;Baixa;25,0;10,6;71,1;55;100;15;5,14;4,71;🟢 OK;0,0;154,39;0,0
PC003793;Não informado;E;Baixa;1,0;1,3;23,0;55;100;15;15,84;4,71;🔴 Comprar agora;3,0;1570,23;5243,58
PC001152;Não informado;E;Baixa;2,0;16,7;3,6;55;100;15;101,52;4,71;🚨 RUPTURA IMINENTE;54,0;651,93;34960,1
PC008039;Não informado;E;Baixa;9,0;3,0;89,7;55;100;15;4,07;4,71;🟢 OK;0,0;885,94;0,0
PC006613;Não informado;E;Baixa;6,0;4,8;37,4;55;100;15;9,76;4,71;🔴 Comprar agora;10,0;778,51;7824,09
PC004599;Não informado;E;Baixa;2,0;3,0;19,8;55;100;15;18,47;4,71;🔴 Comprar agora;8,0;739,32;6004,31
PC006461;Não informado;E;Baixa;79,0;40,5;58,5;55;100;15;6,24;4,71;🟢 OK;0,0;59,39;0,0
PC002233;Não informado;E;Baixa;5,0;11,8;12,7;55;100;15;28,77;4,71;🚨 RUPTURA IMINENTE;34,0;543,62;18707,28
PC009789;Não informado;E;Baixa;25,0;12,8;58,5;55;100;15;6,24;4,71;🟢 OK;0,0;205,09;0,0
PC006981;Não informado;E;Baixa;1,0;2,0;14,7;55;100;15;24,87;4,71;🚨 RUPTURA IMINENTE;6,0;1256,73;7307,67
PC001821;Não informado;E;Baixa;29,0;35,1;24,8;55;100;15;14,74;4,71;🔴 Comprar agora;88,0;59,84;5272,38
PC003854;Não informado;E;Baixa;15,0;5,3;84,7;55;100;15;4,31;4,71;🟢 OK;0,0;406,7;0,0
PC009890;Não informado;E;Baixa;6,0;2,9;62,4;55;100;15;5,85;4,71;🟢 OK;0,0;721,12;0,0
PC007322;Não informado;E;Baixa;3,0;8,6;10,5;55;100;15;34,88;4,71;🚨 RUPTURA IMINENTE;26,0;1303,9;33466,75
PC000178;Não informado;E;Baixa;35,0;29,5;35,6;55;100;15;10,26;4,71;🔴 Comprar agora;63,0;55,43;3513,65
PC005027;Não informado;E;Baixa;33,0;10,6;93,8;55;100;15;3,89;4,71;🟢 OK;0,0;256,19;0,0
PC009649;Não informado;E;Baixa;17,0;20,1;25,4;55;100;15;14,37;4,71;🔴 Comprar agora;50,0;130,99;6538,74
PC000309;Não informado;E;Baixa;11,0;4,9;66,7;55;100;15;5,47;4,71;🟢 OK;0,0;465,65;0,0
PC004174;Não informado;E;Baixa;4,0;6,4;18,6;55;100;15;19,6;4,71;🔴 Comprar agora;17,0;635,67;11107,77
PC006712;Não informado;E;Baixa;8,0;3,0;79,6;55;100;15;4,58;4,71;🟢 OK;0,0;795,6;0,0
PC002738;Não informado;E;Baixa;21,0;25,7;24,5;55;100;15;14,88;4,71;🔴 Comprar agora;65,0;78,02;5041,21
PC000725;Não informado;E;Baixa;10,0;2,8;106,0;55;100;15;3,44;4,71;🟡 Estoque excessivo;0,0;636,66;0,0
PC003438;Não informado;E;Baixa;60,0;43,9;41,0;55;100;15;8,91;4,71;🔴 Comprar agora;86,0;71,05;6144,47
PC006141;Não informado;E;Baixa;62,0;28,3;65,7;55;100;15;5,55;4,71;🟢 OK;0,0;91,98;0,0
PC005083;Não informado;E;Baixa;7,0;2,8;74,8;55;100;15;4,88;4,71;🟢 OK;0,0;815,49;0,0
PC007250;Não informado;E;Baixa;10,0;6,9;43,3;55;100;15;8,43;4,71;🔴 Comprar agora;13,0;823,14;10772,52
PC006478;Não informado;E;Baixa;12,0;16,0;22,5;55;100;15;16,23;4,71;🔴 Comprar agora;41,0;346,93;14353,72
PC003381;Não informado;E;Baixa;44,0;27,1;48,7;55;100;15;7,5;4,71;🔴 Comprar agora;46,0;103,03;4784,68
PC007758;Não informado;E;Baixa;2,0;1,9;31,8;55;100;15;11,49;4,71;🔴 Comprar agora;4,0;943,58;4054,76
PC006645;Não informado;E;Baixa;16,0;10,0;47,8;55;100;15;7,64;4,71;🔴 Comprar agora;17,0;787,02;13766,8
PC003494;Não informado;E;Baixa;5,0;2,7;55,7;55;100;15;6,55;4,71;🟢 OK;0,0;741,43;0,0
PC004809;Não informado;E;Baixa;8,0;7,1;33,6;55;100;15;10,86;4,71;🔴 Comprar agora;16,0;234,7;3707,11
PC009525;Não informado;E;Baixa;14,0;10,0;42,2;55;100;15;8,65;4,71;🔴 Comprar agora;19,0;254,46;4884,28
PC006302;Não informado;E;Baixa;11,0;23,4;14,1;55;100;15;25,86;4,71;🚨 RUPTURA IMINENTE;67,0;309,68;20728,09
PC009203;Não informado;E;Baixa;17,0;6,5;78,1;55;100;15;4,67;4,71;🟢 OK;0,0;371,62;0,0
PC003911;Não informado;E;Baixa;1,0;2,1;14,6;55;100;15;24,96;4,71;🚨 RUPTURA IMINENTE;6,0;5011,61;29253,35
PC002685;Não informado;E;Baixa;74,0;25,8;86,2;55;100;15;4,24;4,71;🟢 OK;0,0;71,57;0,0
PC006311;Não informado;E;Baixa;5,0;2,0;73,5;55;100;15;4,97;4,71;🟢 OK;0,0;986,33;0,0
PC001579;Não informado;E;Baixa;2,0;3,0;20,2;55;100;15;18,11;4,71;🔴 Comprar agora;8,0;622,21;4929,44
PC001510;Não informado;E;Baixa;3,0;2,7;33,3;55;100;15;10,98;4,71;🔴 Comprar agora;6,0;897,6;5405,35
PC000368;Não informado;E;Baixa;6,0;3,0;59,6;55;100;15;6,13;4,71;🟢 OK;0,0;600,82;0,0
PC007287;Não informado;E;Baixa;4,0;3,1;39,0;55;100;15;9,35;4,71;🔴 Comprar agora;6,0;1012,18;6319,87
PC002780;Não informado;E;Baixa;4,0;13,2;9,1;55;100;15;40,1;4,71;🚨 RUPTURA IMINENTE;40,0;231,43;9244,21
PC000640;Não informado;E;Baixa;5,0;8,0;18,7;55;100;15;19,48;4,71;🔴 Comprar agora;22,0;466,33;10112,26
PC002992;Não informado;E;Baixa;5,0;24,5;6,1;55;100;15;59,53;4,71;🚨 RUPTURA IMINENTE;77,0;349,6;26761,16
PC001791;Não informado;E;Baixa;15,0;7,0;64,5;55;100;15;5,66;4,71;🟢 OK;0,0;358,75;0,0
PC007605;Não informado;E;Baixa;4,0;3,1;39,2;55;100;15;9,31;4,71;🔴 Comprar agora;6,0;758,29;4706,39
PC003302;Não informado;E;Baixa;7,0;9,4;22,3;55;100;15;16,37;4,71;🔴 Comprar agora;24,0;291,7;7116,84
PC007109;Não informado;E;Baixa;2,0;0,9;63,8;55;100;15;5,72;4,71;🟢 OK;0,0;1983,25;0,0
PC000043;Não informado;E;Baixa;9,0;10,1;26,8;55;100;15;13,64;4,71;🔴 Comprar agora;25,0;193,59;4768,5
PC009231;Não informado;E;Baixa;2,0;3,9;15,3;55;100;15;23,8;4,71;🔴 Comprar agora;11,0;584,02;6448,46
PC006584;Não informado;E;Baixa;3,0;14,0;6,4;55;100;15;56,82;4,71;🚨 RUPTURA IMINENTE;44,0;484,05;21152,66
PC009677;Não informado;E;Baixa;6,0;2,7;65,8;55;100;15;5,55;4,71;🟢 OK;0,0;789,61;0,0
PC000988;Não informado;E;Baixa;13,0;11,1;35,3;55;100;15;10,35;4,71;🔴 Comprar agora;24,0;343,07;8180,63
PC007597;Não informado;E;Média;2,0;1,7;35,7;55;100;15;10,23;4,71;🔴 Comprar agora;4,0;2187,2;7884,62
PC005925;Não informado;E;Baixa;6,0;12,0;15,0;55;100;15;24,41;4,71;🚨 RUPTURA IMINENTE;34,0;723,63;24689,3
PC003035;Não informado;E;Baixa;6,0;3,6;50,7;55;100;15;7,2;4,71;🔴 Comprar agora;6,0;1067,1;6231,61
PC007197;Não informado;E;Baixa;8,0;10,0;24,0;55;100;15;15,21;4,71;🔴 Comprar agora;25,0;198,12;5017,72
PC002471;Não informado;E;Baixa;6,0;3,0;59,9;55;100;15;6,09;4,71;🟢 OK;0,0;1269,72;0,0
PC003735;Não informado;E;Baixa;2,0;6,1;9,8;55;100;15;37,21;4,71;🚨 RUPTURA IMINENTE;18,0;1246,94;22932,03
PC004413;Não informado;E;Baixa;21,0;13,3;47,4;55;100;15;7,7;4,71;🔴 Comprar agora;23,0;134,76;3138,71
PC009907;Não informado;E;Média;33,0;24,9;39,8;55;100;15;9,18;4,71;🔴 Comprar agora;50,0;129,14;6452,6
PC000470;Não informado;E;Baixa;9,0;8,1;33,5;55;100;15;10,9;4,71;🔴 Comprar agora;18,0;378,2;6759,36
PC009158;Não informado;E;Baixa;17,0;20,1;25,4;55;100;15;14,38;4,71;🔴 Comprar agora;50,0;199,3;9962,02
PC007919;Não informado;E;Baixa;2,0;1,8;33,5;55;100;15;10,91;4,71;🔴 Comprar agora;4,0;1164,01;4630,58
PC006659;Não informado;E;Baixa;26,0;11,6;67,1;55;100;15;5,44;4,71;🟢 OK;0,0;161,52;0,0
PC008674;Não informado;E;Baixa;10,0;17,3;17,4;55;100;15;21,02;4,71;🔴 Comprar agora;48,0;468,7;22311,32
PC007564;Não informado;E;Baixa;14,0;27,5;15,2;55;100;15;23,94;4,71;🔴 Comprar agora;78,0;85,59;6659,59
PC009132;Não informado;E;Baixa;4,0;3,1;39,0;55;100;15;9,37;4,71;🔴 Comprar agora;6,0;583,05;3652,37
PC001945;Não informado;E;Baixa;3,0;5,1;17,7;55;100;15;20,65;4,71;🔴 Comprar agora;14,0;1970,78;27530,73
PC009015;Não informado;E;Baixa;2,0;2,1;29,3;55;100;15;12,48;4,71;🔴 Comprar agora;5,0;1166,25;5639,71
PC008055;Não informado;E;Baixa;7,0;10,3;20,3;55;100;15;17,95;4,71;🔴 Comprar agora;27,0;200,69;5502,62
PC004003;Não informado;E;Baixa;6,0;10,1;17,8;55;100;15;20,51;4,71;🔴 Comprar agora;28,0;256,41;7106,11
PC005309;Não informado;E;Baixa;12,0;10,2;35,1;55;100;15;10,39;4,71;🔴 Comprar agora;22,0;214,8;4756,82
PC001926;Não informado;E;Baixa;13,0;4,9;79,3;55;100;15;4,6;4,71;🟢 OK;0,0;466,39;0,0
PC008469;Não informado;E;Média;13,0;8,1;48,1;55;100;15;7,58;4,71;🔴 Comprar agora;14,0;522,6;7319,38
PC005158;Não informado;E;Baixa;14,0;4,9;85,7;55;100;15;4,26;4,71;🟢 OK;0,0;433,36;0,0
PC009756;Não informado;E;Baixa;16,0;12,2;39,5;55;100;15;9,25;4,71;🔴 Comprar agora;25,0;189,95;4658,77
PC002172;Não informado;E;Baixa;3,0;2,1;43,1;55;100;15;8,46;4,71;🔴 Comprar agora;4,0;5614,37;22217,54
PC002882;Não informado;E;Baixa;1,0;1,0;31,2;55;100;15;11,7;4,71;🔴 Comprar agora;2,0;1995,5;4401,5
PC003280;Não informado;E;Baixa;17,0;9,3;55,0;55;100;15;6,64;4,71;🔴 Comprar agora;14,0;202,95;2824,11
PC003413;Não informado;E;Baixa;6,0;3,6;49,4;55;100;15;7,39;4,71;🔴 Comprar agora;6,0;515,55;3169,02
PC004694;Não informado;E;Baixa;22,0;13,1;50,5;55;100;15;7,22;4,71;🔴 Comprar agora;22,0;157,52;3391,56
PC002983;Não informado;E;Média;3,0;2,9;31,1;55;100;15;11,75;4,71;🔴 Comprar agora;7,0;1069,47;7117,41
PC007664;Não informado;E;Baixa;6,0;5,1;35,1;55;100;15;10,39;4,71;🔴 Comprar agora;11,0;429,13;4754,36
PC005868;Não informado;E;Baixa;5,0;9,9;15,1;55;100;15;24,12;4,71;🔴 Comprar agora;28,0;1132,34;31753,43
PC008312;Não informado;E;Baixa;21,0;9,0;70,1;55;100;15;5,21;4,71;🟢 OK;0,0;238,77;0,0
PC008378;Não informado;E;Baixa;76,0;22,6;100,7;55;100;15;3,63;4,71;🟡 Estoque excessivo;0,0;89,31;0,0
PC009421;Não informado;E;Baixa;1,0;3,2;9,5;55;100;15;38,52;4,71;🚨 RUPTURA IMINENTE;10,0;2311,65;22087,15
PC003841;Não informado;E;Baixa;2,0;1,6;37,3;55;100;15;9,78;4,71;🔴 Comprar agora;3,0;1773,55;5958,95
PC009530;Não informado;E;Baixa;71,0;36,5;58,3;55;100;15;6,26;4,71;🟢 OK;0,0;95,65;0,0
PC006384;Não informado;E;Baixa;3,0;1,9;47,7;55;100;15;7,66;4,71;🔴 Comprar agora;3,0;915,34;3015,13
PC009868;Não informado;E;Baixa;48,0;15,0;96,2;55;100;15;3,79;4,71;🟢 OK;0,0;115,1;0,0
PC001828;Não informado;E;Média;7,0;8,0;26,2;55;100;15;13,91;4,71;🔴 Comprar agora;20,0;502,57;9887,86
PC000412;Não informado;E;Baixa;42,0;22,3;56,6;55;100;15;6,45;4,71;🟢 OK;0,0;103,45;0,0
PC001091;Não informado;E;Baixa;25,0;9,1;82,1;55;100;15;4,44;4,71;🟢 OK;0,0;215,59;0,0
PC002368;Não informado;E;Baixa;3,0;8,3;10,8;55;100;15;33,69;4,71;🚨 RUPTURA IMINENTE;25,0;791,95;19555,74
PC008443;Não informado;E;Baixa;1,0;10,1;3,0;55;100;15;122,71;4,71;🚨 RUPTURA IMINENTE;33,0;521,35;17006,7
PC008663;Não informado;E;Baixa;3,0;3,0;29,5;55;100;15;12,36;4,71;🔴 Comprar agora;7,0;2222,51;15918,09
PC006764;Não informado;E;Baixa;4,0;5,9;20,3;55;100;15;17,95;4,71;🔴 Comprar agora;16,0;319,55;5008,44
PC009322;Não informado;E;Baixa;10,0;12,5;24,0;55;100;15;15,23;4,71;🔴 Comprar agora;32,0;299,5;9500,86
PC007049;Não informado;E;Baixa;3,0;7,1;12,8;55;100;15;28,6;4,71;🚨 RUPTURA IMINENTE;21,0;671,56;13769,86
PC007161;Não informado;E;Baixa;11,0;5,0;66,5;55;100;15;5,49;4,71;🟢 OK;0,0;380,8;0,0
PC001693;Não informado;E;Baixa;38,0;41,0;27,8;55;100;15;13,13;4,71;🔴 Comprar agora;99,0;197,16;19449,05
PC002687;Não informado;E;Baixa;9,0;14,1;19,2;55;100;15;19,02;4,71;🔴 Comprar agora;38,0;574,67;21774,63
PC001862;Não informado;E;Baixa;3,0;4,1;21,7;55;100;15;16,82;4,71;🔴 Comprar agora;11,0;549,29;5944,17
PC001435;Não informado;E;Baixa;5,0;2,0;73,7;55;100;15;4,95;4,71;🟢 OK;0,0;1009,2;0,0
PC008533;Não informado;E;Baixa;5,0;2,7;56,3;55;100;15;6,48;4,71;🟢 OK;0,0;1005,48;0,0
PC008895;Não informado;E;Baixa;14,0;8,2;51,4;55;100;15;7,1;4,71;🔴 Comprar agora;13,0;269,93;3568,96
PC002146;Não informado;E;Baixa;12,0;7,1;51,1;55;100;15;7,15;4,71;🔴 Comprar agora;12,0;964,11;11090,73
PC000192;Não informado;E;Baixa;9,0;4,1;66,3;55;100;15;5,5;4,71;🟢 OK;0,0;615,51;0,0
PC007800;Não informado;E;Baixa;5,0;13,9;10,8;55;100;15;33,79;4,71;🚨 RUPTURA IMINENTE;41,0;1071,11;44220,7
PC008289;Não informado;E;Baixa;61,0;42,4;43,2;55;100;15;8,46;4,71;🔴 Comprar agora;80,0;56,92;4572,05
PC002186;Não informado;E;Baixa;2,0;5,7;10,6;55;100;15;34,57;4,71;🚨 RUPTURA IMINENTE;17,0;1389,84;23548,04
PC007302;Não informado;E;Baixa;5,0;3,0;49,3;55;100;15;7,41;4,71;🔴 Comprar agora;5,0;624,79;3218,66
PC006479;Não informado;E;Baixa;23,0;8,3;83,0;55;100;15;4,4;4,71;🟢 OK;0,0;232,55;0,0
PC000335;Não informado;E;Baixa;2,0;7,0;8,6;55;100;15;42,51;4,71;🚨 RUPTURA IMINENTE;21,0;1005,42;21406,74
PC002140;Não informado;E;Baixa;6,0;9,6;18,8;55;100;15;19,44;4,71;🔴 Comprar agora;26,0;238,88;6202,13
PC000602;Não informado;E;Baixa;1,0;1,0;30,8;55;100;15;11,86;4,71;🔴 Comprar agora;2,0;1830,86;4120,16
PC008957;Não informado;E;Baixa;97,0;36,2;80,4;55;100;15;4,54;4,71;🟢 OK;0,0;58,74;0,0
PC005425;Não informado;E;Baixa;23,0;14,6;47,4;55;100;15;7,7;4,71;🔴 Comprar agora;26,0;248,16;6330,93
PC003258;Não informado;E;Baixa;98,0;34,3;85,8;55;100;15;4,25;4,71;🟢 OK;0,0;61,58;0,0
PC001611;Não informado;E;Baixa;43,0;13,0;99,3;55;100;15;3,68;4,71;🟢 OK;0,0;140,84;0,0
PC000831;Não informado;E;Baixa;3,0;3,2;28,5;55;100;15;12,79;4,71;🔴 Comprar agora;8,0;945,45;7100,0
PC003520;Não informado;E;Baixa;8,0;2,7;88,7;55;100;15;4,12;4,71;🟢 OK;0,0;817,73;0,0
PC007631;Não informado;E;Baixa;15,0;13,9;32,3;55;100;15;11,29;4,71;🔴 Comprar agora;31,0;477,17;14984,35
PC005284;Não informado;E;Baixa;2,0;7,2;8,3;55;100;15;44,03;4,71;🚨 RUPTURA IMINENTE;22,0;1005,64;22249,15
PC002203;Não informado;E;Baixa;49,0;29,3;50,1;55;100;15;7,28;4,71;🔴 Comprar agora;49,0;78,1;3810,78
PC004964;Não informado;E;Baixa;10,0;5,2;57,3;55;100;15;6,37;4,71;🟢 OK;0,0;534,51;0,0
PC008681;Não informado;E;Baixa;48,0;30,7;47,0;55;100;15;7,77;4,71;🔴 Comprar agora;54,0;100,39;5440,62
PC009097;Não informado;E;Baixa;7,0;6,4;32,8;55;100;15;11,13;4,71;🔴 Comprar agora;14,0;326,52;4684,37
PC001273;Não informado;E;Baixa;4,0;16,7;7,2;55;100;15;50,65;4,71;🚨 RUPTURA IMINENTE;52,0;627,9;32339,62
PC004934;Não informado;E;Baixa;4,0;16,9;7,1;55;100;15;51,45;4,71;🚨 RUPTURA IMINENTE;52,0;508,95;26661,68
PC004478;Não informado;E;Baixa;1,0;1,0;29,1;55;100;15;12,54;4,71;🔴 Comprar agora;2,0;1644,14;4003,05
PC002602;Não informado;E;Baixa;43,0;15,3;84,2;55;100;15;4,34;4,71;🟢 OK;0,0;155,75;0,0
PC004538;Não informado;E;Baixa;36,0;21,8;49,5;55;100;15;7,37;4,71;🔴 Comprar agora;37,0;100,71;3694,45
PC004481;Não informado;E;Baixa;2,0;3,0;19,9;55;100;15;18,37;4,71;🔴 Comprar agora;8,0;2333,38;18817,32
PC003581;Não informado;E;Média;9,0;9,9;27,2;55;100;15;13,44;4,71;🔴 Comprar agora;24,0;351,84;8496,59
PC000867;Não informado;E;Baixa;16,0;5,1;94,0;55;100;15;3,88;4,71;🟢 OK;0,0;394,55;0,0
PC001142;Não informado;E;Baixa;9,0;5,6;48,4;55;100;15;7,54;4,71;🔴 Comprar agora;10,0;412,49;3958,2
PC009027;Não informado;E;Média;15,0;16,6;27,1;55;100;15;13,45;4,71;🔴 Comprar agora;40,0;224,49;9040,31
PC005899;Não informado;E;Baixa;16,0;7,4;64,9;55;100;15;5,62;4,71;🟢 OK;0,0;262,95;0,0
PC004543;Não informado;E;Média;5,0;3,3;45,0;55;100;15;8,11;4,71;🔴 Comprar agora;6,0;886,83;5413,36
PC009294;Não informado;E;Baixa;6,0;0,0;;55;100;15;0,0;4,71;⚪ Sem demanda prevista;0,0;905,0;0,0
PC005771;Não informado;E;Baixa;12,0;5,0;71,6;55;100;15;5,1;4,71;🟢 OK;0,0;409,35;0,0
PC009781;Não informado;E;Baixa;6,0;4,9;36,5;55;100;15;10,01;4,71;🔴 Comprar agora;10,0;601,32;6282,31
PC007211;Não informado;E;Baixa;24,0;15,6;46,0;55;100;15;7,93;4,71;🔴 Comprar agora;28,0;326,35;9191,53
PC005631;Não informado;E;Baixa;8,0;2,6;90,6;55;100;15;4,03;4,71;🟢 OK;0,0;773,5;0,0
PC009654;Não informado;E;Baixa;16,0;10,4;46,3;55;100;15;7,88;4,71;🔴 Comprar agora;19,0;337,94;6273,53
PC008582;Não informado;E;Baixa;15,0;45,2;9,9;55;100;15;36,69;4,71;🚨 RUPTURA IMINENTE;136,0;154,46;20973,94
PC000066;Não informado;E;Baixa;3,0;2,0;44,9;55;100;15;8,13;4,71;🔴 Comprar agora;4,0;1077,47;3964,3
PC000585;Não informado;E;Baixa;9,0;3,0;90,5;55;100;15;4,03;4,71;🟢 OK;0,0;770,18;0,0
PC000430;Não informado;E;Baixa;9,0;10,2;26,4;55;100;15;13,85;4,71;🔴 Comprar agora;25,0;739,45;18600,77
PC000256;Não informado;E;Média;16,0;16,9;28,3;55;100;15;12,88;4,71;🔴 Comprar agora;40,0;240,25;9722,38
PC003197;Não informado;E;Baixa;17,0;20,5;24,9;55;100;15;14,66;4,71;🔴 Comprar agora;51,0;94,66;4852,43
PC002495;Não informado;E;Baixa;6,0;14,6;12,3;55;100;15;29,65;4,71;🚨 RUPTURA IMINENTE;43,0;606,88;25937,46
PC002980;Não informado;E;Baixa;32,0;10,5;91,7;55;100;15;3,98;4,71;🟢 OK;0,0;247,57;0,0
PC007025;Não informado;E;Baixa;21,0;25,2;25,0;55;100;15;14,63;4,71;🔴 Comprar agora;63,0;209,2;13211,66
PC008946;Não informado;E;Baixa;69,0;42,6;48,6;55;100;15;7,51;4,71;🔴 Comprar agora;73,0;75,52;5506,49
PC004637;Não informado;E;Baixa;30,0;11,2;80,3;55;100;15;4,55;4,71;🟢 OK;0,0;153,26;0,0
PC009757;Não informado;E;Baixa;22,0;11,2;58,7;55;100;15;6,22;4,71;🟢 OK;0,0;179,6;0,0
PC007075;Não informado;E;Baixa;4,0;1,8;67,0;55;100;15;5,45;4,71;🟢 OK;0,0;921,86;0,0
PC002048;Não informado;E;Baixa;19,0;6,2;92,1;55;100;15;3,96;4,71;🟢 OK;0,0;291,63;0,0
PC004647;Não informado;E;Baixa;7,0;4,5;46,2;55;100;15;7,9;4,71;🔴 Comprar agora;8,0;723,59;5903,62
PC003466;Não informado;E;Baixa;3,0;7,8;11,6;55;100;15;31,47;4,71;🚨 RUPTURA IMINENTE;23,0;1101,08;25178,75
PC000679;Não informado;E;Baixa;3,0;6,8;13,2;55;100;15;27,65;4,71;🚨 RUPTURA IMINENTE;20,0;881,68;17390,2
PC000812;Não informado;E;Baixa;2,0;5,0;11,9;55;100;15;30,7;4,71;🚨 RUPTURA IMINENTE;15,0;1223,85;18141,97
PC004123;Não informado;E;Baixa;6,0;1,8;97,8;55;100;15;3,73;4,71;🟢 OK;0,0;1131,2;0,0
PC003424;Não informado;E;Baixa;4,0;3,9;31,1;55;100;15;11,75;4,71;🔴 Comprar agora;9,0;586,62;5210,04
PC009050;Não informado;E;Baixa;1,0;1,9;15,6;55;100;15;23,44;4,71;🔴 Comprar agora;5,0;4252,65;23062,37
PC003471;Não informado;E;Baixa;9,0;7,2;37,5;55;100;15;9,74;4,71;🔴 Comprar agora;15,0;1264,8;19004,18
PC002807;Não informado;E;Baixa;9,0;7,1;38,3;55;100;15;9,54;4,71;🔴 Comprar agora;15,0;261,24;3794,64
PC006264;Não informado;E;Baixa;5,0;5,9;25,5;55;100;15;14,33;4,71;🔴 Comprar agora;15,0;311,18;4551,92
PC000868;Não informado;E;Baixa;2,0;10,5;5,7;55;100;15;64,06;4,71;🚨 RUPTURA IMINENTE;33,0;724,81;23991,75
PC006135;Não informado;E;Baixa;11,0;6,7;49,3;55;100;15;7,4;4,71;🔴 Comprar agora;11,0;340,43;3850,57
PC003596;Não informado;E;Baixa;28,0;44,0;19,1;55;100;15;19,11;4,71;🔴 Comprar agora;119,0;104,13;12353,48
PC009471;Não informado;E;Baixa;3,0;2,0;44,9;55;100;15;8,13;4,71;🔴 Comprar agora;4,0;1027,35;3783,45
PC008227;Não informado;E;Baixa;16,0;8,0;60,4;55;100;15;6,05;4,71;🟢 OK;0,0;434,08;0,0
PC001246;Não informado;E;Baixa;9,0;21,2;12,7;55;100;15;28,66;4,71;🚨 RUPTURA IMINENTE;62,0;319,35;19693,19
PC004861;Não informado;E;Baixa;12,0;5,2;69,9;55;100;15;5,22;4,71;🟢 OK;0,0;313,57;0,0
PC007368;Não informado;E;Baixa;2,0;5,1;11,7;55;100;15;31,15;4,71;🚨 RUPTURA IMINENTE;15,0;1638,41;24691,87
PC000773;Não informado;E;Baixa;7,0;4,8;43,7;55;100;15;8,36;4,71;🔴 Comprar agora;9,0;569,04;5141,7
PC000292;Não informado;E;Baixa;10,0;4,8;62,7;55;100;15;5,82;4,71;🟢 OK;0,0;386,82;0,0
PC004838;Não informado;E;Baixa;5,0;5,3;28,4;55;100;15;12,86;4,71;🔴 Comprar agora;13,0;475,1;5994,18
PC005094;Não informado;E;Baixa;19,0;12,0;47,7;55;100;15;7,65;4,71;🔴 Comprar agora;21,0;213,67;4454,28
PC004892;Não informado;E;Baixa;32,0;14,5;66,1;55;100;15;5,52;4,71;🟢 OK;0,0;104,92;0,0
PC009030;Não informado;E;Baixa;3,0;4,9;18,5;55;100;15;19,76;4,71;🔴 Comprar agora;13,0;560,64;7423,12
PC001740;Não informado;E;Baixa;38,0;14,6;78,0;55;100;15;4,68;4,71;🟢 OK;0,0;131,8;0,0
PC004008;Não informado;E;Baixa;178,0;56,1;95,2;55;100;15;3,83;4,71;🟢 OK;0,0;49,02;0,0
PC003065;Não informado;E;Baixa;22,0;6,5;101,0;55;100;15;3,61;4,71;🟡 Estoque excessivo;0,0;239,49;0,0
PC000748;Não informado;E;Baixa;9,0;6,3;43,0;55;100;15;8,5;4,71;🔴 Comprar agora;12,0;946,52;11313,07
PC003984;Não informado;E;Baixa;55,0;19,6;84,0;55;100;15;4,34;4,71;🟢 OK;0,0;114,19;0,0
PC007283;Não informado;E;Baixa;14,0;5,8;73,0;55;100;15;5,0;4,71;🟢 OK;0,0;287,73;0,0
PC007340;Não informado;E;Baixa;5,0;8,2;18,3;55;100;15;19,98;4,71;🔴 Comprar agora;22,0;897,9;20091,93
PC001344;Não informado;E;Baixa;3,0;3,9;23,0;55;100;15;15,84;4,71;🔴 Comprar agora;10,0;418,77;4194,22
PC002608;Não informado;E;Baixa;6,0;2,0;89,3;55;100;15;4,09;4,71;🟢 OK;0,0;1065,43;0,0
PC003702;Não informado;E;Baixa;13,0;9,5;41,0;55;100;15;8,91;4,71;🔴 Comprar agora;19,0;290,32;5437,37
PC002084;Não informado;E;Baixa;4,0;13,1;9,2;55;100;15;39,74;4,71;🚨 RUPTURA IMINENTE;40,0;420,45;16629,48
PC008870;Não informado;E;Baixa;5,0;6,7;22,4;55;100;15;16,3;4,71;🔴 Comprar agora;17,0;499,17;8650,05
PC004908;Não informado;E;Baixa;6,0;8,3;21,7;55;100;15;16,83;4,71;🔴 Comprar agora;22,0;1183,2;25637,05
PC007198;Não informado;E;Baixa;4,0;3,1;38,2;55;100;15;9,56;4,71;🔴 Comprar agora;6,0;1123,6;7279,88
PC006670;Não informado;E;Baixa;10,0;15,9;18,9;55;100;15;19,36;4,71;🔴 Comprar agora;43,0;453,94;19534,27
PC000742;Não informado;E;Baixa;2,0;4,8;12,4;55;100;15;29,32;4,71;🚨 RUPTURA IMINENTE;14,0;798,85;11238,1
PC007603;Não informado;E;Baixa;25,0;21,8;34,5;55;100;15;10,59;4,71;🔴 Comprar agora;48,0;161,28;7669,3
PC009849;Não informado;E;Baixa;40,0;13,3;90,0;55;100;15;4,06;4,71;🟢 OK;0,0;129,09;0,0
PC003756;Não informado;E;Baixa;6,0;5,8;30,9;55;100;15;11,8;4,71;🔴 Comprar agora;13,0;307,24;4116,81
PC002218;Não informado;E;Baixa;4,0;4,0;29,6;55;100;15;12,32;4,71;🔴 Comprar agora;9,0;406,72;3863,53
PC003031;Não informado;E;Baixa;10,0;4,0;74,1;55;100;15;4,93;4,71;🟢 OK;0,0;578,28;0,0
PC002944;Não informado;E;Baixa;7,0;6,0;34,9;55;100;15;10,45;4,71;🔴 Comprar agora;13,0;796,47;10384,06
PC002020;Não informado;E;Baixa;6,0;3,9;46,7;55;100;15;7,81;4,71;🔴 Comprar agora;7,0;422,16;2887,55
PC009516;Não informado;E;Baixa;5,0;3,1;48,8;55;100;15;7,48;4,71;🔴 Comprar agora;5,0;917,07;4811,44
PC007231;Não informado;E;Baixa;3,0;5,1;17,8;55;100;15;20,52;4,71;🔴 Comprar agora;14,0;335,78;4655,16
PC008686;Não informado;E;Baixa;4,0;4,1;29,3;55;100;15;12,45;4,71;🔴 Comprar agora;10,0;559,23;5390,5
PC009500;Não informado;E;Baixa;43,0;23,2;55,7;55;100;15;6,55;4,71;🟢 OK;0,0;98,89;0,0
PC007318;Não informado;E;Baixa;2,0;3,3;18,3;55;100;15;19,96;4,71;🔴 Comprar agora;9,0;805,78;7203,12
PC007531;Não informado;E;Baixa;5,0;12,5;12,0;55;100;15;30,51;4,71;🚨 RUPTURA IMINENTE;37,0;631,92;23247,22
PC007709;Não informado;E;Baixa;17,0;6,7;76,6;55;100;15;4,76;4,71;🟢 OK;0,0;301,39;0,0
PC006372;Não informado;E;Baixa;16,0;9,5;50,5;55;100;15;7,23;4,71;🔴 Comprar agora;16,0;299,81;4698,94
PC002914;Não informado;E;Baixa;6,0;9,6;18,8;55;100;15;19,42;4,71;🔴 Comprar agora;26,0;290,21;7522,3
PC005557;Não informado;E;Baixa;3,0;10,1;8,9;55;100;15;40,99;4,71;🚨 RUPTURA IMINENTE;31,0;1018,97;31276,48
PC000361;Não informado;E;Baixa;45,0;30,9;43,7;55;100;15;8,35;4,71;🔴 Comprar agora;58,0;85,9;4972,45
PC007078;Não informado;E;Baixa;17,0;20,0;25,5;55;100;15;14,32;4,71;🔴 Comprar agora;50,0;309,1;15358,21
PC001578;Não informado;E;Baixa;5,0;9,2;16,3;55;100;15;22,34;4,71;🔴 Comprar agora;26,0;570,69;14614,64
PC009296;Não informado;E;Baixa;1,0;2,0;14,9;55;100;15;24,41;4,71;🚨 RUPTURA IMINENTE;6,0;1033,68;5880,57
PC008028;Não informado;E;Baixa;4,0;5,9;20,5;55;100;15;17,84;4,71;🔴 Comprar agora;16,0;343,89;5348,73
PC004863;Não informado;E;Baixa;20,0;23,5;25,5;55;100;15;14,29;4,71;🔴 Comprar agora;58,0;322,89;18829,21
PC007948;Não informado;E;Baixa;19,0;8,1;70,1;55;100;15;5,21;4,71;🟢 OK;0,0;243,17;0,0
PC001290;Não informado;E;Baixa;2,0;1,9;32,2;55;100;15;11,35;4,71;🔴 Comprar agora;4,0;1030,21;4348,34
PC002599;Não informado;E;Baixa;17,0;9,7;52,4;55;100;15;6,96;4,71;🔴 Comprar agora;15,0;285,69;4406,52
PC007886;Não informado;E;Baixa;1,0;2,0;14,8;55;100;15;24,7;4,71;🚨 RUPTURA IMINENTE;6,0;903,89;5213,01
PC004393;Não informado;E;Baixa;23,0;20,6;33,4;55;100;15;10,92;4,71;🔴 Comprar agora;46,0;111,38;5104,33
PC005350;Não informado;E;Média;44,0;22,8;57,9;55;100;15;6,31;4,71;🟢 OK;0,0;166,04;0,0
PC000771;Não informado;E;Baixa;8,0;8,8;27,3;55;100;15;13,39;4,71;🔴 Comprar agora;21,0;182,1;3888,14
PC007687;Não informado;E;Baixa;3,0;1,5;58,4;55;100;15;6,25;4,71;🟢 OK;0,0;2067,05;0,0
PC009931;Não informado;E;Baixa;6,0;13,1;13,7;55;100;15;26,66;4,71;🚨 RUPTURA IMINENTE;38,0;211,92;8016,31
PC000952;Não informado;E;Baixa;24,0;15,7;45,8;55;100;15;7,98;4,71;🔴 Comprar agora;28,0;352,62;10030,49
PC008796;Não informado;E;Baixa;9,0;8,0;33,6;55;100;15;10,86;4,71;🔴 Comprar agora;18,0;286,82;5098,19
PC006090;Não informado;E;Baixa;15,0;5,2;87,1;55;100;15;4,19;4,71;🟢 OK;0,0;334,81;0,0
PC007881;Não informado;E;Baixa;9,0;18,2;14,9;55;100;15;24,58;4,71;🚨 RUPTURA IMINENTE;52,0;444,58;22941,0
PC002853;Não informado;E;Baixa;1,0;3,0;9,9;55;100;15;36,82;4,71;🚨 RUPTURA IMINENTE;9,0;2623,01;23837,88
PC000513;Não informado;E;Baixa;4,0;1,3;94,1;55;100;15;3,88;4,71;🟢 OK;0,0;1711,7;0,0
PC002092;Não informado;E;Média;4,0;11,2;10,7;55;100;15;34,11;4,71;🚨 RUPTURA IMINENTE;33,0;317,61;10603,81
PC009321;Não informado;E;Baixa;35,0;21,9;48,0;55;100;15;7,6;4,71;🔴 Comprar agora;38,0;94,41;3575,97
PC000341;Não informado;E;Baixa;5,0;15,4;9,7;55;100;15;37,53;4,71;🚨 RUPTURA IMINENTE;46,0;203,89;9461,61
PC007372;Não informado;E;Baixa;23,0;6,4;108,6;55;100;15;3,36;4,71;🟡 Estoque excessivo;0,0;279,17;0,0
PC002869;Não informado;E;Média;10,0;5,0;60,4;55;100;15;6,04;4,71;🟢 OK;0,0;716,49;0,0
PC001593;Não informado;E;Baixa;16,0;18,7;25,7;55;100;15;14,21;4,71;🔴 Comprar agora;46,0;134,45;6220,91
PC009490;Não informado;E;Baixa;3,0;3,1;28,8;55;100;15;12,68;4,71;🔴 Comprar agora;7,0;672,73;4992,97
PC006927;Não informado;E;Baixa;8,0;4,1;59,2;55;100;15;6,17;4,71;🟢 OK;0,0;552,71;0,0
PC009339;Não informado;E;Baixa;2,0;1,6;38,0;55;100;15;9,6;4,71;🔴 Comprar agora;3,0;1789,35;5838,33
PC007570;Não informado;E;Baixa;17,0;47,2;10,8;55;100;15;33,76;4,71;🚨 RUPTURA IMINENTE;140,0;152,72;21414,86
PC009698;Não informado;E;Baixa;88,0;31,5;83,8;55;100;15;4,35;4,71;🟢 OK;0,0;47,1;0,0
PC006499;Não informado;E;Média;3,0;6,5;13,9;55;100;15;26,3;4,71;🚨 RUPTURA IMINENTE;19,0;564,27;10505,4
PC001627;Não informado;E;Baixa;6,0;4,5;39,9;55;100;15;9,15;4,71;🔴 Comprar agora;9,0;608,11;5495,98
PC009257;Não informado;E;Baixa;29,0;19,0;45,7;55;100;15;7,98;4,71;🔴 Comprar agora;34,0;119,79;4125,79
PC004552;Não informado;E;Média;8,0;17,9;13,4;55;100;15;27,15;4,71;🚨 RUPTURA IMINENTE;52,0;159,83;8233,85
PC004537;Não informado;E;Baixa;6,0;2,7;67,8;55;100;15;5,38;4,71;🟢 OK;0,0;752,18;0,0
PC003656;Não informado;E;Baixa;2,0;3,1;19,2;55;100;15;19,03;4,71;🔴 Comprar agora;8,0;649,61;5475,01
PC008155;Não informado;E;Baixa;3,0;14,8;6,1;55;100;15;59,89;4,71;🚨 RUPTURA IMINENTE;46,0;439,48;20313,51
PC006330;Não informado;E;Baixa;61,0;17,3;105,7;55;100;15;3,45;4,71;🟡 Estoque excessivo;0,0;110,16;0,0
PC008137;Não informado;E;Baixa;6,0;3,2;56,8;55;100;15;6,43;4,71;🟢 OK;0,0;587,84;0,0
PC005431;Não informado;E;Baixa;2,0;9,9;6,1;55;100;15;60,03;4,71;🚨 RUPTURA IMINENTE;31,0;877,35;27104,19
PC009938;Não informado;E;Baixa;9,0;10,2;26,6;55;100;15;13,72;4,71;🔴 Comprar agora;25,0;1285,29;31918,17
PC007944;Não informado;E;Baixa;7,0;6,7;31,1;55;100;15;11,73;4,71;🔴 Comprar agora;15,0;286,81;4442,26
PC005379;Não informado;E;Baixa;53,0;37,9;42,0;55;100;15;8,7;4,71;🔴 Comprar agora;73,0;85,08;6234,97
PC001398;Não informado;E;Baixa;6,0;9,1;19,8;55;100;15;18,43;4,71;🔴 Comprar agora;24,0;259,45;6305,18
PC008253;Não informado;E;Baixa;9,0;7,5;35,8;55;100;15;10,19;4,71;🔴 Comprar agora;16,0;328,67;5297,49
PC004219;Não informado;E;Média;13,0;9,7;40,2;55;100;15;9,07;4,71;🔴 Comprar agora;19,0;300,08;5797,33
PC009514;Não informado;E;Baixa;17,0;17,0;30,0;55;100;15;12,15;4,71;🔴 Comprar agora;40,0;155,53;6157,56
PC005881;Não informado;E;Baixa;4,0;2,0;59,9;55;100;15;6,09;4,71;🟢 OK;0,0;918,73;0,0
PC000686;Não informado;E;Baixa;2,0;2,0;29,3;55;100;15;12,46;4,71;🔴 Comprar agora;5,0;938,06;4526,3
PC001581;Não informado;E;Baixa;3,0;7,9;11,4;55;100;15;32,09;4,71;🚨 RUPTURA IMINENTE;23,0;902,54;21093,84
PC006975;Não informado;E;Baixa;21,0;22,4;28,1;55;100;15;12,99;4,71;🔴 Comprar agora;54,0;86,12;4627,78
PC003879;Não informado;E;Baixa;17,0;5,3;95,9;55;100;15;3,81;4,71;🟢 OK;0,0;358,54;0,0
PC003345;Não informado;E;Baixa;1,0;1,3;23,0;55;100;15;15,85;4,71;🔴 Comprar agora;3,0;1577,46;5271,66
PC002815;Não informado;E;Baixa;18,0;12,6;42,9;55;100;15;8,51;4,71;🔴 Comprar agora;24,0;247,9;5936,96
PC004139;Não informado;E;Baixa;7,0;2,1;101,8;55;100;15;3,59;4,71;🟡 Estoque excessivo;0,0;962,58;0,0
PC008999;Não informado;E;Baixa;6,0;2,0;88,0;55;100;15;4,15;4,71;🟢 OK;0,0;898,07;0,0
PC003895;Não informado;E;Baixa;7,0;9,3;22,6;55;100;15;16,18;4,71;🔴 Comprar agora;24,0;988,71;23757,57
PC007588;Não informado;E;Baixa;12,0;6,7;54,0;55;100;15;6,76;4,71;🔴 Comprar agora;10,0;396,24;4049,73
PC000203;Não informado;E;Baixa;9,0;4,9;55,1;55;100;15;6,63;4,71;🟢 OK;0,0;766,61;0,0
PC002755;Não informado;E;Baixa;18,0;15,3;35,2;55;100;15;10,36;4,71;🔴 Comprar agora;33,0;133,57;4422,44
PC008482;Não informado;E;Baixa;7,0;2,9;73,3;55;100;15;4,98;4,71;🟢 OK;0,0;581,63;0,0
PC006769;Não informado;E;Baixa;22,0;9,6;68,8;55;100;15;5,3;4,71;🟢 OK;0,0;269,83;0,0
PC001634;Não informado;E;Baixa;2,0;4,9;12,3;55;100;15;29,61;4,71;🚨 RUPTURA IMINENTE;14,0;760,75;10819,74
PC008436;Não informado;E;Baixa;1,0;2,0;14,7;55;100;15;24,81;4,71;🚨 RUPTURA IMINENTE;6,0;3514,69;20372,2
PC008725;Não informado;E;Baixa;2,0;2,7;21,9;55;100;15;16,7;4,71;🔴 Comprar agora;7,0;939,72;6719,44
PC008114;Não informado;E;Baixa;50,0;32,4;46,3;55;100;15;7,88;4,71;🔴 Comprar agora;58,0;50,74;2942,98
PC001902;Não informado;E;Baixa;7,0;16,3;12,9;55;100;15;28,38;4,71;🚨 RUPTURA IMINENTE;47,0;480,79;22801,04
PC000443;Não informado;E;Baixa;12,0;5,1;70,9;55;100;15;5,15;4,71;🟢 OK;0,0;357,41;0,0
PC009866;Não informado;E;Baixa;3,0;8,2;11,0;55;100;15;33,31;4,71;🚨 RUPTURA IMINENTE;24,0;927,58;22613,97
PC005074;Não informado;E;Baixa;9,0;3,1;87,9;55;100;15;4,15;4,71;🟢 OK;0,0;568,61;0,0
PC002087;Não informado;E;Baixa;1,0;4,6;6,5;55;100;15;56,34;4,71;🚨 RUPTURA IMINENTE;14,0;1168,18;16862,86
PC000150;Não informado;E;Baixa;3,0;4,8;18,8;55;100;15;19,43;4,71;🔴 Comprar agora;13,0;305,72;3964,78
PC003384;Não informado;E;Baixa;2,0;6,1;9,8;55;100;15;37,15;4,71;🚨 RUPTURA IMINENTE;18,0;1217,97;22358,4
PC007451;Não informado;E;Baixa;12,0;6,1;58,9;55;100;15;6,2;4,71;🟢 OK;0,0;508,67;0,0
PC001731;Não informado;E;Baixa;9,0;9,2;29,4;55;100;15;12,43;4,71;🔴 Comprar agora;22,0;327,7;7093,03
PC009783;Não informado;E;Baixa;8,0;6,9;34,9;55;100;15;10,46;4,71;🔴 Comprar agora;15,0;803,73;12003,27
PC007261;Não informado;E;Baixa;39,0;12,0;97,8;55;100;15;3,73;4,71;🟢 OK;0,0;181,45;0,0
PC006806;Não informado;E;Baixa;6,0;1,8;100,5;55;100;15;3,63;4,71;🟡 Estoque excessivo;0,0;1068,17;0,0
PC000502;Não informado;E;Baixa;55,0;17,9;92,1;55;100;15;3,96;4,71;🟢 OK;0,0;82,41;0,0
PC003318;Não informado;E;Baixa;26,0;9,4;83,2;55;100;15;4,38;4,71;🟢 OK;0,0;241,11;0,0
PC007456;Não informado;E;Média;31,0;28,2;33,0;55;100;15;11,06;4,71;🔴 Comprar agora;63,0;110,94;6979,91
PC005391;Não informado;E;Baixa;18,0;6,7;80,6;55;100;15;4,53;4,71;🟢 OK;0,0;275,53;0,0
PC003588;Não informado;E;Baixa;0,0;1,0;0,0;55;100;15;0,0;4,71;🚨 RUPTURA IMINENTE;3,0;6115,7;20394,07
PC004622;Não informado;E;Baixa;7,0;6,7;31,5;55;100;15;11,59;4,71;🔴 Comprar agora;15,0;552,63;8410,76
PC008350;Não informado;E;Baixa;2,0;2,0;30,5;55;100;15;11,98;4,71;🔴 Comprar agora;5,0;1016,11;4635,31
PC002918;Não informado;E;Baixa;5,0;3,1;48,7;55;100;15;7,5;4,71;🔴 Comprar agora;5,0;1021,83;5388,3
PC007509;Não informado;E;Baixa;5,0;4,8;31,5;55;100;15;11,58;4,71;🔴 Comprar agora;11,0;547,04;5941,37
PC009863;Não informado;E;Baixa;3,0;5,2;17,4;55;100;15;21,03;4,71;🔴 Comprar agora;14,0;1497,52;21393,6
PC008515;Não informado;E;Baixa;14,0;4,6;91,5;55;100;15;3,99;4,71;🟢 OK;0,0;357,0;0,0
PC008935;Não informado;E;Baixa;45,0;14,4;93,7;55;100;15;3,9;4,71;🟢 OK;0,0;118,93;0,0
PC006297;Não informado;E;Baixa;1,0;3,0;10,1;55;100;15;36,0;4,71;🚨 RUPTURA IMINENTE;9,0;2515,61;22297,5
PC001873;Não informado;E;Baixa;1,0;4,0;7,5;55;100;15;48,73;4,71;🚨 RUPTURA IMINENTE;12,0;3021,96;37320,3
PC009653;Não informado;E;Baixa;9,0;11,4;23,7;55;100;15;15,43;4,71;🔴 Comprar agora;29,0;490,66;14252,35
PC006819;Não informado;E;Baixa;22,0;58,9;11,2;55;100;15;32,6;4,71;🚨 RUPTURA IMINENTE;174,0;111,07;19378,95
PC001989;Não informado;E;Baixa;3,0;1,9;47,4;55;100;15;7,7;4,71;🔴 Comprar agora;3,0;746,49;2487,05
PC008246;Não informado;E;Baixa;56,0;84,3;19,9;55;100;15;18,31;4,71;🔴 Comprar agora;225,0;80,45;18089,02
PC009642;Não informado;E;Baixa;8,0;6,3;38,0;55;100;15;9,61;4,71;🔴 Comprar agora;13,0;259,48;3392,34
PC004594;Não informado;E;Baixa;44,0;84,6;15,6;55;100;15;23,39;4,71;🔴 Comprar agora;238,0;65,88;15680,02
PC001124;Não informado;E;Baixa;5,0;4,0;37,3;55;100;15;9,78;4,71;🔴 Comprar agora;8,0;623,87;5234,56
PC006579;Não informado;E;Baixa;49,0;15,2;96,8;55;100;15;3,77;4,71;🟢 OK;0,0;143,53;0,0
PC008699;Não informado;E;Baixa;6,0;19,1;9,4;55;100;15;38,68;4,71;🚨 RUPTURA IMINENTE;58,0;384,67;22151,32
PC001456;Não informado;E;Baixa;9,0;3,9;68,7;55;100;15;5,32;4,71;🟢 OK;0,0;507,93;0,0
PC005830;Não informado;E;Baixa;5,0;3,1;48,6;55;100;15;7,51;4,71;🔴 Comprar agora;5,0;1044,31;5518,36
PC003364;Não informado;E;Baixa;40,0;20,2;59,4;55;100;15;6,15;4,71;🟢 OK;0,0;104,14;0,0
PC004275;Não informado;E;Baixa;10,0;8,0;37,4;55;100;15;9,76;4,71;🔴 Comprar agora;17,0;309,25;5178,49
PC003129;Não informado;E;Baixa;26,0;35,1;22,2;55;100;15;16,41;4,71;🔴 Comprar agora;91,0;157,79;14342,88
PC008744;Não informado;E;Baixa;85,0;42,7;59,7;55;100;15;6,11;4,71;🟢 OK;0,0;51,4;0,0
PC002629;Não informado;E;Baixa;20,0;13,8;43,5;55;100;15;8,39;4,71;🔴 Comprar agora;26,0;611,92;15900,79
PC005781;Não informado;E;Baixa;36,0;19,5;55,4;55;100;15;6,59;4,71;🟢 OK;0,0;103,04;0,0
PC001331;Não informado;E;Baixa;10,0;7,0;42,8;55;100;15;8,52;4,71;🔴 Comprar agora;13,0;254,35;3396,96
PC001228;Não informado;E;Baixa;4,0;16,3;7,4;55;100;15;49,48;4,71;🚨 RUPTURA IMINENTE;50,0;292,34;14683,84
PC002006;Não informado;E;Baixa;8,0;3,1;78,6;55;100;15;4,64;4,71;🟢 OK;0,0;560,66;0,0
PC004294;Não informado;E;Baixa;18,0;17,3;31,2;55;100;15;11,71;4,71;🔴 Comprar agora;40,0;336,54;13369,71
PC004936;Não informado;E;Baixa;27,0;8,6;94,5;55;100;15;3,86;4,71;🟢 OK;0,0;211,24;0,0
PC000354;Não informado;E;Baixa;11,0;14,8;22,3;55;100;15;16,36;4,71;🔴 Comprar agora;38,0;402,17;15410,41
PC007698;Não informado;E;Baixa;4,0;8,1;14,9;55;100;15;24,49;4,71;🚨 RUPTURA IMINENTE;23,0;806,25;18412,65
PC004056;Não informado;E;Média;4,0;3,2;37,1;55;100;15;9,83;4,71;🔴 Comprar agora;7,0;1016,81;6881,87
PC003825;Não informado;E;Baixa;15,0;12,8;35,0;55;100;15;10,42;4,71;🔴 Comprar agora;28,0;188,71;5252,28
PC007978;Não informado;E;Baixa;6,0;12,9;14,0;55;100;15;26,14;4,71;🚨 RUPTURA IMINENTE;37,0;676,5;25006,26
PC005919;Não informado;E;Baixa;5,0;4,0;37,6;55;100;15;9,7;4,71;🔴 Comprar agora;8,0;1675,33;13887,04
PC003730;Não informado;E;Baixa;4,0;2,1;58,0;55;100;15;6,29;4,71;🟢 OK;0,0;1066,3;0,0
PC000533;Não informado;E;Baixa;6,0;2,0;88,8;55;100;15;4,11;4,71;🟢 OK;0,0;1000,56;0,0
PC006335;Não informado;E;Baixa;17,0;5,7;89,9;55;100;15;4,06;4,71;🟢 OK;0,0;281,26;0,0
PC009269;Não informado;E;Baixa;23,0;33,6;20,5;55;100;15;17,77;4,71;🔴 Comprar agora;89,0;226,62;20158,41
PC005915;Não informado;E;Baixa;2,0;2,1;28,9;55;100;15;12,65;4,71;🔴 Comprar agora;5,0;757,46;3735,18
PC009992;Não informado;E;Baixa;7,0;5,1;41,4;55;100;15;8,81;4,71;🔴 Comprar agora;10,0;1339,95;13254,54
PC003994;Não informado;E;Média;3,0;1,7;52,2;55;100;15;6,99;4,71;🔴 Comprar agora;3,0;1889,43;5187,67
PC002142;Não informado;E;Baixa;2,0;2,0;29,6;55;100;15;12,31;4,71;🔴 Comprar agora;5,0;997,54;4735,78
PC005960;Não informado;E;Baixa;2,0;7,9;7,6;55;100;15;47,92;4,71;🚨 RUPTURA IMINENTE;24,0;629,64;15274,44
PC006547;Não informado;E;Baixa;7,0;4,5;46,3;55;100;15;7,88;4,71;🔴 Comprar agora;8,0;692,25;5619,87
PC001842;Não informado;E;Baixa;47,0;27,8;50,8;55;100;15;7,19;4,71;🔴 Comprar agora;46,0;55,72;2540,93
PC005666;Não informado;E;Baixa;11,0;11,6;28,4;55;100;15;12,87;4,71;🔴 Comprar agora;28,0;743,78;20662,49
PC001217;Não informado;E;Baixa;1,0;1,0;29,7;55;100;15;12,31;4,71;🔴 Comprar agora;2,0;2037,59;4833,06
PC002251;Não informado;E;Baixa;4,0;6,0;20,1;55;100;15;18,16;4,71;🔴 Comprar agora;16,0;775,56;12335,5
PC000953;Não informado;E;Baixa;22,0;11,8;56,0;55;100;15;6,51;4,71;🟢 OK;0,0;162,64;0,0
PC003510;Não informado;E;Baixa;15,0;9,9;45,6;55;100;15;8,01;4,71;🔴 Comprar agora;18,0;150,27;2691,18
PC006743;Não informado;E;Baixa;8,0;4,1;58,9;55;100;15;6,2;4,71;🟢 OK;0,0;382,02;0,0
PC000247;Não informado;E;Baixa;12,0;4,0;91,1;55;100;15;4,01;4,71;🟢 OK;0,0;515,1;0,0
PC004251;Não informado;E;Baixa;7,0;2,9;73,1;55;100;15;4,99;4,71;🟢 OK;0,0;599,38;0,0
PC008968;Não informado;E;Baixa;18,0;12,2;44,3;55;100;15;8,24;4,71;🔴 Comprar agora;23,0;123,76;2803,52
PC008555;Não informado;E;Baixa;4,0;6,8;17,7;55;100;15;20,57;4,71;🔴 Comprar agora;19,0;867,05;16073,14
PC007195;Não informado;E;Baixa;32,0;16,3;59,0;55;100;15;6,19;4,71;🟢 OK;0,0;96,04;0,0
PC009147;Não informado;E;Baixa;1,0;1,0;29,9;55;100;15;12,23;4,71;🔴 Comprar agora;2,0;1545,08;3630,89
PC003375;Não informado;E;Baixa;2,0;0,9;67,1;55;100;15;5,44;4,71;🟢 OK;0,0;1610,23;0,0
PC006878;Não informado;E;Média;16,0;8,6;55,7;55;100;15;6,55;4,71;🟢 OK;0,0;372,01;0,0
PC003716;Não informado;E;Média;2,0;1,6;37,3;55;100;15;9,79;4,71;🔴 Comprar agora;3,0;2222,42;7477,73
PC002276;Não informado;E;Baixa;4,0;8,1;14,9;55;100;15;24,53;4,71;🚨 RUPTURA IMINENTE;23,0;363,82;8323,23
PC000780;Não informado;E;Baixa;11,0;24,1;13,7;55;100;15;26,66;4,71;🚨 RUPTURA IMINENTE;69,0;265,7;18423,21
PC007077;Não informado;E;Baixa;4,0;3,0;39,6;55;100;15;9,21;4,71;🔴 Comprar agora;6,0;632,7;3854,95
PC007982;Não informado;E;Baixa;49,0;16,1;91,1;55;100;15;4,01;4,71;🟢 OK;0,0;124,44;0,0
PC002419;Não informado;E;Baixa;13,0;19,5;20,0;55;100;15;18,28;4,71;🔴 Comprar agora;52,0;82,18;4280,91
PC001085;Não informado;E;Média;20,0;11,5;52,2;55;100;15;7,0;4,71;🔴 Comprar agora;18,0;251,44;4610,31
PC004965;Não informado;E;Baixa;3,0;3,0;29,7;55;100;15;12,28;4,71;🔴 Comprar agora;7,0;1486,86;10541,03
PC006749;Não informado;E;Baixa;23,0;22,7;30,4;55;100;15;12,03;4,71;🔴 Comprar agora;53,0;161,69;8533,06
PC004607;Não informado;E;Baixa;3,0;1,9;47,1;55;100;15;7,75;4,71;🔴 Comprar agora;3,0;891,59;3004,4
PC000531;Não informado;E;Baixa;5,0;8,1;18,6;55;100;15;19,6;4,71;🔴 Comprar agora;22,0;232,76;5085,74
PC009149;Não informado;E;Baixa;11,0;6,4;51,3;55;100;15;7,11;4,71;🔴 Comprar agora;10,0;267,26;2787,93
PC006427;Não informado;E;Baixa;1,0;5,4;5,5;55;100;15;66,19;4,71;🚨 RUPTURA IMINENTE;17,0;1171,75;20078,08
PC002032;Não informado;E;Baixa;2,0;3,2;18,6;55;100;15;19,63;4,71;🔴 Comprar agora;9,0;752,74;6590,78
PC002181;Não informado;E;Baixa;10,0;6,5;45,8;55;100;15;7,97;4,71;🔴 Comprar agora;12,0;376,6;4455,52
PC005873;Não informado;E;Baixa;14,0;16,8;25,0;55;100;15;14,58;4,71;🔴 Comprar agora;42,0;316,38;13259,58
PC006904;Não informado;E;Baixa;6,0;2,7;65,7;55;100;15;5,55;4,71;🟢 OK;0,0;704,49;0,0
PC001431;Não informado;E;Baixa;3,0;2,7;33,9;55;100;15;10,76;4,71;🔴 Comprar agora;6,0;867,63;5067,14
PC006147;Não informado;E;Baixa;9,0;6,4;42,1;55;100;15;8,66;4,71;🔴 Comprar agora;12,0;306,37;3786,58
PC006922;Não informado;E;Baixa;41,0;41,7;29,5;55;100;15;12,36;4,71;🔴 Comprar agora;98,0;123,7;12103,07
PC005712;Não informado;E;Baixa;6,0;6,4;28,0;55;100;15;13,04;4,71;🔴 Comprar agora;15,0;373,97;5769,47
PC007665;Não informado;E;Baixa;23,0;8,3;82,9;55;100;15;4,4;4,71;🟢 OK;0,0;237,06;0,0
PC000240;Não informado;E;Baixa;6,0;4,9;36,5;55;100;15;10,0;4,71;🔴 Comprar agora;10,0;817,9;8540,08
PC000942;Não informado;E;Baixa;3,0;1,3;67,6;55;100;15;5,4;4,71;🟢 OK;0,0;1413,32;0,0
PC008283;Não informado;E;Baixa;19,0;6,7;85,3;55;100;15;4,28;4,71;🟢 OK;0,0;240,4;0,0
PC007865;Não informado;E;Baixa;6,0;4,0;44,8;55;100;15;8,15;4,71;🔴 Comprar agora;7,0;388,57;2876,88
PC005917;Não informado;E;Baixa;6,0;11,3;15,9;55;100;15;22,97;4,71;🔴 Comprar agora;32,0;214,76;6821,02
PC006591;Não informado;E;Baixa;5,0;2,1;72,3;55;100;15;5,04;4,71;🟢 OK;0,0;873,25;0,0
PC004302;Não informado;E;Baixa;6,0;3,3;54,3;55;100;15;6,72;4,71;🔴 Comprar agora;5,0;929,66;4689,78
PC008743;Não informado;E;Baixa;7,0;6,5;32,1;55;100;15;11,38;4,71;🔴 Comprar agora;15,0;530,0;7858,44
PC002739;Não informado;E;Baixa;33,0;17,8;55,7;55;100;15;6,55;4,71;🟢 OK;0,0;174,0;0,0
PC004394;Não informado;E;Baixa;4,0;10,3;11,6;55;100;15;31,38;4,71;🚨 RUPTURA IMINENTE;30,0;831,49;25271,11
PC002133;Não informado;E;Baixa;3,0;1,8;50,6;55;100;15;7,22;4,71;🔴 Comprar agora;3,0;863,98;2535,17
PC008767;Não informado;E;Baixa;9,0;3,0;88,6;55;100;15;4,12;4,71;🟢 OK;0,0;700,75;0,0
PC007305;Não informado;E;Baixa;40,0;21,8;55,1;55;100;15;6,62;4,71;🟢 OK;0,0;223,34;0,0
PC005599;Não informado;E;Baixa;11,0;3,4;96,8;55;100;15;3,77;4,71;🟢 OK;0,0;489,54;0,0
PC003105;Não informado;E;Baixa;73,0;26,4;83,0;55;100;15;4,4;4,71;🟢 OK;0,0;62,68;0,0
PC004822;Não informado;E;Baixa;5,0;9,7;15,5;55;100;15;23,52;4,71;🔴 Comprar agora;27,0;600,38;16341,93
PC004576;Não informado;E;Baixa;4,0;4,9;24,7;55;100;15;14,77;4,71;🔴 Comprar agora;12,0;346,32;4220,96
PC001646;Não informado;E;Média;8,0;4,9;49,0;55;100;15;7,46;4,71;🔴 Comprar agora;8,0;672,83;5611,91
PC007015;Não informado;E;Baixa;3,0;3,2;28,2;55;100;15;12,94;4,71;🔴 Comprar agora;8,0;862,8;6584,5
PC006201;Não informado;E;Baixa;26,0;19,4;40,2;55;100;15;9,08;4,71;🔴 Comprar agora;39,0;174,39;6747,54
PC000715;Não informado;E;Baixa;37,0;34,1;32,5;55;100;15;11,22;4,71;🔴 Comprar agora;77,0;193,32;14826,76
PC000694;Não informado;E;Baixa;16,0;4,8;99,4;55;100;15;3,67;4,71;🟢 OK;0,0;339,56;0,0
PC009705;Não informado;E;Baixa;38,0;18,1;62,9;55;100;15;5,8;4,71;🟢 OK;0,0;96,14;0,0
PC006841;Não informado;E;Baixa;24,0;14,1;51,0;55;100;15;7,15;4,71;🔴 Comprar agora;23,0;206,02;4743,93
PC004165;Não informado;E;Baixa;4,0;2,0;58,6;55;100;15;6,23;4,71;🟢 OK;0,0;1061,54;0,0
PC000499;Não informado;E;Baixa;12,0;16,9;21,3;55;100;15;17,12;4,71;🔴 Comprar agora;44,0;104,49;4626,95
PC001452;Não informado;E;Baixa;2,0;4,6;12,9;55;100;15;28,26;4,71;🚨 RUPTURA IMINENTE;13,0;1185,65;15988,81
PC002361;Não informado;E;Baixa;6,0;5,2;34,6;55;100;15;10,56;4,71;🔴 Comprar agora;11,0;929,13;10554,21
PC006187;Não informado;E;Baixa;11,0;9,9;33,4;55;100;15;10,92;4,71;🔴 Comprar agora;22,0;677,28;14838,19
PC009335;Não informado;E;Baixa;2,0;11,7;5,1;55;100;15;71,37;4,71;🚨 RUPTURA IMINENTE;37,0;430,45;15973,5
PC003490;Não informado;E;Baixa;9,0;5,4;50,1;55;100;15;7,29;4,71;🔴 Comprar agora;9,0;313,77;2815,18
PC000211;Não informado;E;Baixa;3,0;10,2;8,8;55;100;15;41,33;4,71;🚨 RUPTURA IMINENTE;31,0;665,44;20609,3
PC007488;Não informado;E;Baixa;5,0;4,1;36,8;55;100;15;9,92;4,71;🔴 Comprar agora;9,0;368,75;3165,3
PC008355;Não informado;E;Baixa;16,0;16,2;29,6;55;100;15;12,33;4,71;🔴 Comprar agora;38,0;475,47;18097,43
PC006441;Não informado;E;Média;75,0;48,4;46,5;55;100;15;7,85;4,71;🔴 Comprar agora;86,0;54,64;4710,62
PC002633;Não informado;E;Baixa;5,0;1,9;76,9;55;100;15;4,74;4,71;🟢 OK;0,0;913,41;0,0
PC003327;Não informado;E;Baixa;6,0;2,9;61,1;55;100;15;5,98;4,71;🟢 OK;0,0;1097,44;0,0
PC006750;Não informado;E;Baixa;3,0;2,0;44,6;55;100;15;8,19;4,71;🔴 Comprar agora;4,0;750,31;2797,93
PC008860;Não informado;E;Baixa;5,0;5,2;28,8;55;100;15;12,67;4,71;🔴 Comprar agora;12,0;283,28;3500,94
PC004627;Não informado;E;Baixa;11,0;8,1;40,6;55;100;15;8,99;4,71;🔴 Comprar agora;16,0;804,48;12947,73
PC000733;Não informado;E;Baixa;10,0;8,8;34,0;55;100;15;10,75;4,71;🔴 Comprar agora;19,0;314,98;6126,3
PC001405;Não informado;E;Baixa;26,0;14,0;55,9;55;100;15;6,53;4,71;🟢 OK;0,0;219,86;0,0
PC000338;Não informado;E;Baixa;2,0;1,9;31,1;55;100;15;11,73;4,71;🔴 Comprar agora;4,0;956,82;4236,41
PC008092;Não informado;E;Baixa;18,0;8,2;66,2;55;100;15;5,52;4,71;🟢 OK;0,0;177,15;0,0
PC005617;Não informado;E;Baixa;20,0;9,5;62,9;55;100;15;5,8;4,71;🟢 OK;0,0;139,14;0,0
PC009292;Não informado;E;Baixa;13,0;5,0;77,6;55;100;15;4,7;4,71;🟢 OK;0,0;348,05;0,0
PC009610;Não informado;E;Baixa;6,0;8,0;22,5;55;100;15;16,24;4,71;🔴 Comprar agora;21,0;206,8;4279,85
PC002414;Não informado;E;Baixa;14,0;8,3;50,6;55;100;15;7,22;4,71;🔴 Comprar agora;14,0;410,51;5614,16
PC006835;Não informado;E;Baixa;12,0;4,8;75,5;55;100;15;4,84;4,71;🟢 OK;0,0;345,8;0,0
PC004465;Não informado;E;Baixa;11,0;60,5;5,5;55;100;15;66,91;4,71;🚨 RUPTURA IMINENTE;191,0;104,72;19964,63
PC007625;Não informado;E;Baixa;8,0;2,7;88,5;55;100;15;4,13;4,71;🟢 OK;0,0;821,92;0,0
PC002378;Não informado;E;Baixa;4,0;2,0;59,9;55;100;15;6,09;4,71;🟢 OK;0,0;725,37;0,0
PC001458;Não informado;E;Baixa;70,0;24,8;84,6;55;100;15;4,32;4,71;🟢 OK;0,0;65,88;0,0
PC002516;Não informado;E;Baixa;3,0;1,0;87,7;55;100;15;4,16;4,71;🟢 OK;0,0;1756,69;0,0
PC009737;Não informado;E;Baixa;8,0;14,7;16,3;55;100;15;22,34;4,71;🔴 Comprar agora;41,0;487,42;19972,2
PC008558;Não informado;E;Baixa;1,0;1,0;29,2;55;100;15;12,5;4,71;🔴 Comprar agora;2,0;1671,66;4054,7
PC003492;Não informado;E;Baixa;1,0;5,1;5,9;55;100;15;61,72;4,71;🚨 RUPTURA IMINENTE;16,0;894,53;14232,66
PC004127;Não informado;E;Baixa;3,0;5,5;16,5;55;100;15;22,17;4,71;🔴 Comprar agora;15,0;371,37;5651,78
PC005648;Não informado;E;Baixa;22,0;6,5;101,9;55;100;15;3,58;4,71;🟡 Estoque excessivo;0,0;251,96;0,0
PC000544;Não informado;E;Baixa;5,0;8,0;18,7;55;100;15;19,5;4,71;🔴 Comprar agora;22,0;223,98;4864,45
PC009037;Não informado;E;Baixa;4,0;3,2;37,2;55;100;15;9,81;4,71;🔴 Comprar agora;7,0;1020,17;6885,07
PC006578;Não informado;E;Baixa;46,0;24,6;56,2;55;100;15;6,5;4,71;🟢 OK;0,0;51,51;0,0
PC006094;Não informado;E;Baixa;13,0;5,1;76,7;55;100;15;4,76;4,71;🟢 OK;0,0;404,02;0,0
PC005347;Não informado;E;Baixa;3,0;1,0;87,5;55;100;15;4,17;4,71;🟢 OK;0,0;1544,89;0,0
PC005078;Não informado;E;Baixa;13,0;28,0;13,9;55;100;15;26,17;4,71;🚨 RUPTURA IMINENTE;80,0;349,33;28014,58
PC005813;Não informado;E;Baixa;8,0;9,2;26,1;55;100;15;13,99;4,71;🔴 Comprar agora;23,0;192,27;4357,29
PC009145;Não informado;E;Baixa;2,0;3,1;19,2;55;100;15;19,02;4,71;🔴 Comprar agora;8,0;1034,49;8710,33
PC006905;Não informado;E;Baixa;22,0;11,0;59,7;55;100;15;6,11;4,71;🟢 OK;0,0;173,93;0,0
PC005686;Não informado;E;Média;26,0;14,6;53,4;55;100;15;6,84;4,71;🔴 Comprar agora;23,0;210,49;4779,09
PC009991;Não informado;E;Baixa;1,0;0,9;33,7;55;100;15;10,81;4,71;🔴 Comprar agora;2,0;1918,4;3765,78
PC004729;Não informado;E;Baixa;3,0;2,9;30,9;55;100;15;11,83;4,71;🔴 Comprar agora;7,0;527,4;3545,79
PC003482;Não informado;E;Baixa;1,0;1,0;30,0;55;100;15;12,16;4,71;🔴 Comprar agora;2,0;6429,29;14992,66
PC006792;Não informado;E;Baixa;3,0;1,0;87,5;55;100;15;4,17;4,71;🟢 OK;0,0;1679,97;0,0
PC003669;Não informado;E;Baixa;11,0;6,4;51,5;55;100;15;7,09;4,71;🔴 Comprar agora;10,0;294,24;3050,97
PC002889;Não informado;E;Média;23,0;12,2;56,8;55;100;15;6,43;4,71;🟢 OK;0,0;273,64;0,0
PC005668;Não informado;E;Baixa;5,0;4,7;32,2;55;100;15;11,34;4,71;🔴 Comprar agora;11,0;354,64;3734,66
PC006816;Não informado;E;Baixa;16,0;4,9;97,5;55;100;15;3,74;4,71;🟢 OK;0,0;305,56;0,0
PC003769;Não informado;E;Baixa;8,0;2,7;87,9;55;100;15;4,15;4,71;🟢 OK;0,0;619,89;0,0
PC002908;Não informado;E;Baixa;15,0;7,9;56,8;55;100;15;6,43;4,71;🟢 OK;0,0;360,05;0,0
PC008947;Não informado;E;Baixa;14,0;13,3;31,5;55;100;15;11,6;4,71;🔴 Comprar agora;30,0;108,17;3296,41
PC003768;Não informado;E;Baixa;8,0;6,4;37,4;55;100;15;9,76;4,71;🔴 Comprar agora;13,0;465,3;6228,49
PC007503;Não informado;E;Baixa;10,0;12,7;23,7;55;100;15;15,43;4,71;🔴 Comprar agora;32,0;210,23;6782,76
PC009511;Não informado;E;Baixa;77,0;31,1;74,3;55;100;15;4,91;4,71;🟢 OK;0,0;280,23;0,0
PC009209;Não informado;E;Baixa;33,0;59,6;16,6;55;100;15;21,98;4,71;🔴 Comprar agora;166,0;116,65;19335,47
PC005142;Não informado;E;Baixa;18,0;10,0;53,8;55;100;15;6,78;4,71;🔴 Comprar agora;15,0;168,36;2602,86
PC002363;Não informado;E;Baixa;4,0;3,1;38,3;55;100;15;9,53;4,71;🔴 Comprar agora;6,0;723,32;4660,12
PC006902;Não informado;E;Baixa;54,0;16,2;100,0;55;100;15;3,65;4,71;🟡 Estoque excessivo;0,0;120,77;0,0
PC008417;Não informado;E;Baixa;26,0;35,4;22,1;55;100;15;16,55;4,71;🔴 Comprar agora;92,0;69,09;6346,59
PC005494;Não informado;E;Baixa;46,0;15,9;86,6;55;100;15;4,21;4,71;🟢 OK;0,0;107,16;0,0
PC009996;Não informado;E;Baixa;12,0;7,1;50,9;55;100;15;7,17;4,71;🔴 Comprar agora;12,0;270,13;3124,16
PC001139;Não informado;E;Baixa;23,0;6,9;99,4;55;100;15;3,67;4,71;🟢 OK;0,0;231,26;0,0
PC003048;Não informado;E;Baixa;91,0;41,4;66,0;55;100;15;5,53;4,71;🟢 OK;0,0;43,91;0,0
PC008421;Não informado;E;Baixa;4,0;3,1;39,3;55;100;15;9,28;4,71;🔴 Comprar agora;6,0;595,58;3674,02
PC008993;Não informado;E;Baixa;18,0;19,0;28,4;55;100;15;12,85;4,71;🔴 Comprar agora;45,0;113,86;5167,09
PC005337;Não informado;E;Baixa;3,0;5,0;18,0;55;100;15;20,24;4,71;🔴 Comprar agora;14,0;1318,82;17986,7
PC008929;Não informado;E;Baixa;20,0;20,4;29,3;55;100;15;12,44;4,71;🔴 Comprar agora;48,0;82,74;3983,9
PC000556;Não informado;E;Baixa;34,0;10,1;101,1;55;100;15;3,61;4,71;🟡 Estoque excessivo;0,0;198,16;0,0
PC009801;Não informado;E;Baixa;19,0;8,8;64,7;55;100;15;5,64;4,71;🟢 OK;0,0;220,0;0,0
PC007055;Não informado;E;Baixa;9,0;4,8;55,7;55;100;15;6,55;4,71;🟢 OK;0,0;659,72;0,0
PC004045;Não informado;E;Baixa;2,0;2,0;30,2;55;100;15;12,08;4,71;🔴 Comprar agora;5,0;2823,52;13036,2
PC008893;Não informado;E;Baixa;19,0;9,1;62,5;55;100;15;5,84;4,71;🟢 OK;0,0;175,83;0,0
PC009155;Não informado;E;Baixa;7,0;8,4;24,9;55;100;15;14,67;4,71;🔴 Comprar agora;21,0;313,53;6627,0
PC001521;Não informado;E;Baixa;28,0;10,5;80,1;55;100;15;4,56;4,71;🟢 OK;0,0;151,18;0,0
PC001354;Não informado;E;Baixa;7,0;4,5;47,1;55;100;15;7,75;4,71;🔴 Comprar agora;8,0;1159,06;9109,55
PC003776;Não informado;E;Baixa;28,0;9,4;89,8;55;100;15;4,07;4,71;🟢 OK;0,0;166,55;0,0
PC002952;Não informado;E;Baixa;6,0;4,8;37,6;55;100;15;9,72;4,71;🔴 Comprar agora;10,0;686,8;6849,03
PC004716;Não informado;E;Baixa;5,0;9,4;15,9;55;100;15;22,9;4,71;🔴 Comprar agora;26,0;180,38;4755,41
PC004274;Não informado;E;Baixa;11,0;15,6;21,2;55;100;15;17,23;4,71;🔴 Comprar agora;41,0;101,52;4153,95
PC007680;Não informado;E;Baixa;8,0;3,1;77,2;55;100;15;4,73;4,71;🟢 OK;0,0;519,16;0,0
PC004949;Não informado;E;Baixa;7,0;2,8;75,3;55;100;15;4,85;4,71;🟢 OK;0,0;469,67;0,0
PC008012;Não informado;E;Baixa;15,0;7,9;56,9;55;100;15;6,41;4,71;🟢 OK;0,0;285,0;0,0
PC004035;Não informado;E;Baixa;3,0;18,8;4,8;55;100;15;76,33;4,71;🚨 RUPTURA IMINENTE;60,0;250,65;14973,53
PC003794;Não informado;E;Baixa;4,0;2,7;44,2;55;100;15;8,27;4,71;🔴 Comprar agora;5,0;650,13;3288,31
PC008467;Não informado;E;Baixa;15,0;22,1;20,4;55;100;15;17,93;4,71;🔴 Comprar agora;59,0;111,5;6545,53
PC008694;Não informado;E;Baixa;19,0;7,0;81,6;55;100;15;4,48;4,71;🟢 OK;0,0;274,74;0,0
PC006439;Não informado;E;Baixa;12,0;12,3;29,2;55;100;15;12,5;4,71;🔴 Comprar agora;29,0;178,55;5193,21
PC000759;Não informado;E;Baixa;6,0;7,0;25,5;55;100;15;14,29;4,71;🔴 Comprar agora;17,0;659,5;11531,84
PC000642;Não informado;E;Baixa;2,0;3,1;19,4;55;100;15;18,77;4,71;🔴 Comprar agora;8,0;2702,79;22390,27
PC004922;Não informado;E;Baixa;23,0;16,0;43,0;55;100;15;8,49;4,71;🔴 Comprar agora;30,0;108,62;3311,63
PC000968;Não informado;E;Baixa;1,0;7,0;4,3;55;100;15;85,11;4,71;🚨 RUPTURA IMINENTE;22,0;1207,8;26954,72
PC004445;Não informado;E;Baixa;16,0;6,6;73,0;55;100;15;5,0;4,71;🟢 OK;0,0;348,31;0,0
PC005220;Não informado;E;Baixa;6,0;3,4;53,5;55;100;15;6,83;4,71;🔴 Comprar agora;5,0;795,9;4158,58
PC003276;Não informado;E;Baixa;24,0;41,0;17,5;55;100;15;20,8;4,71;🔴 Comprar agora;113,0;187,27;21119,97
PC003845;Não informado;E;Baixa;1,0;1,5;19,6;55;100;15;18,65;4,71;🔴 Comprar agora;4,0;1413,41;5809,05
PC006089;Não informado;E;Baixa;45,0;34,9;38,7;55;100;15;9,42;4,71;🔴 Comprar agora;71,0;194,85;13868,97
PC009893;Não informado;E;Baixa;4,0;6,6;18,2;55;100;15;20,03;4,71;🔴 Comprar agora;18,0;405,05;7273,11
PC008214;Não informado;E;Baixa;3,0;8,2;11,0;55;100;15;33,28;4,71;🚨 RUPTURA IMINENTE;24,0;1129,07;27496,53
PC000190;Não informado;E;Baixa;1,0;1,1;28,4;55;100;15;12,87;4,71;🔴 Comprar agora;3,0;4172,19;10537,51
PC006521;Não informado;E;Baixa;4,0;6,2;19,3;55;100;15;18,87;4,71;🔴 Comprar agora;17,0;961,2;16033,93
PC001961;Não informado;E;Baixa;278,0;95,5;87,3;55;100;15;4,18;4,71;🟢 OK;0,0;18,29;0,0
PC004785;Não informado;E;Baixa;9,0;21,2;12,8;55;100;15;28,62;4,71;🚨 RUPTURA IMINENTE;62,0;226,2;13924,37
PC007908;Não informado;E;Média;17,0;11,3;45,2;55;100;15;8,08;4,71;🔴 Comprar agora;21,0;215,62;4450,1
PC008908;Não informado;E;Baixa;15,0;4,9;92,6;55;100;15;3,94;4,71;🟢 OK;0,0;327,98;0,0
PC004400;Não informado;E;Baixa;3,0;2,1;43,8;55;100;15;8,33;4,71;🔴 Comprar agora;4,0;840,3;3229,42
PC000327;Não informado;E;Baixa;1,0;3,8;7,9;55;100;15;46,16;4,71;🚨 RUPTURA IMINENTE;12,0;1224,08;14257,5
PC004560;Não informado;E;Baixa;4,0;2,7;44,7;55;100;15;8,16;4,71;🔴 Comprar agora;5,0;798,66;3944,24
PC002111;Não informado;E;Baixa;16,0;20,4;23,6;55;100;15;15,49;4,71;🔴 Comprar agora;52,0;96,82;5025,02
PC002973;Não informado;E;Baixa;13,0;5,5;71,4;55;100;15;5,11;4,71;🟢 OK;0,0;291,33;0,0
PC006871;Não informado;E;Baixa;4,0;3,3;36,7;55;100;15;9,95;4,71;🔴 Comprar agora;7,0;723,35;4992,1
PC004840;Não informado;E;Média;26,0;31,1;25,1;55;100;15;14,54;4,71;🔴 Comprar agora;78,0;92,72;7191,79
PC006074;Não informado;E;Baixa;39,0;52,2;22,4;55;100;15;16,29;4,71;🔴 Comprar agora;135,0;39,89;5388,89
PC009564;Não informado;E;Baixa;12,0;9,2;39,0;55;100;15;9,37;4,71;🔴 Comprar agora;19,0;206,91;3890,51
PC000763;Não informado;E;Baixa;5,0;3,3;46,1;55;100;15;7,92;4,71;🔴 Comprar agora;6,0;743,02;4347,05
PC000577;Não informado;E;Baixa;6,0;5,1;35,2;55;100;15;10,37;4,71;🔴 Comprar agora;11,0;355,63;3929,11
PC003526;Não informado;E;Baixa;1,0;5,9;5,1;55;100;15;71,72;4,71;🚨 RUPTURA IMINENTE;19,0;803,03;14976,12
PC007931;Não informado;E;Baixa;1,0;1,0;29,0;55;100;15;12,61;4,71;🔴 Comprar agora;2,0;1700,88;4173,93
PC001060;Não informado;E;Baixa;14,0;5,0;84,6;55;100;15;4,32;4,71;🟢 OK;0,0;384,91;0,0
PC008061;Não informado;E;Baixa;20,0;11,1;54,0;55;100;15;6,76;4,71;🔴 Comprar agora;17,0;245,62;4183,9
PC006212;Não informado;E;Baixa;3,0;2,0;44,7;55;100;15;8,17;4,71;🔴 Comprar agora;4,0;2583,75;9592,72
PC002451;Não informado;E;Baixa;17,0;15,1;33,9;55;100;15;10,77;4,71;🔴 Comprar agora;33,0;198,87;6597,82
PC001010;Não informado;E;Baixa;27,0;44,2;18,3;55;100;15;19,94;4,71;🔴 Comprar agora;120,0;110,88;13360,85
PC007339;Não informado;E;Baixa;23,0;8,2;84,4;55;100;15;4,32;4,71;🟢 OK;0,0;191,84;0,0
PC005473;Não informado;E;Baixa;45,0;27,9;48,3;55;100;15;7,56;4,71;🔴 Comprar agora;48,0;64,86;3123,59
PC002834;Não informado;E;Baixa;16,0;10,7;44,8;55;100;15;8,14;4,71;🔴 Comprar agora;20,0;494,82;9745,94
PC005963;Não informado;E;Baixa;7,0;1,9;108,1;55;100;15;3,38;4,71;🟡 Estoque excessivo;0,0;875,57;0,0
PC005932;Não informado;E;Baixa;1,0;4,9;6,2;55;100;15;59,25;4,71;🚨 RUPTURA IMINENTE;15,0;940,43;14326,48
PC005937;Não informado;E;Baixa;21,0;8,0;79,0;55;100;15;4,62;4,71;🟢 OK;0,0;169,99;0,0
PC006037;Não informado;E;Baixa;8,0;4,7;51,1;55;100;15;7,14;4,71;🔴 Comprar agora;8,0;485,33;3714,32
PC003530;Não informado;E;Baixa;6,0;4,8;37,5;55;100;15;9,74;4,71;🔴 Comprar agora;10,0;380,07;3803,62
PC007112;Não informado;E;Baixa;1,0;1,0;29,7;55;100;15;12,27;4,71;🔴 Comprar agora;2,0;1781,36;4209,31
PC009836;Não informado;E;Baixa;7,0;9,2;22,8;55;100;15;16,02;4,71;🔴 Comprar agora;24,0;203,98;4839,48
PC005836;Não informado;E;Baixa;41,0;13,5;91,3;55;100;15;4,0;4,71;🟢 OK;0,0;136,28;0,0
PC000299;Não informado;E;Baixa;1,0;1,0;29,6;55;100;15;12,33;4,71;🔴 Comprar agora;2,0;1336,73;3179,15
PC008627;Não informado;E;Média;17,0;10,2;49,8;55;100;15;7,33;4,71;🔴 Comprar agora;17,0;287,3;4922,81
PC007671;Não informado;E;Baixa;9,0;14,2;19,1;55;100;15;19,14;4,71;🔴 Comprar agora;38,0;451,28;17241,51
PC005504;Não informado;E;Baixa;5,0;6,9;21,6;55;100;15;16,86;4,71;🔴 Comprar agora;18,0;773,83;14004,04
PC009160;Não informado;E;Baixa;2,0;5,0;12,0;55;100;15;30,39;4,71;🚨 RUPTURA IMINENTE;15,0;1589,47;23288,6
PC006820;Não informado;E;Baixa;5,0;2,0;75,1;55;100;15;4,86;4,71;🟢 OK;0,0;968,82;0,0
PC006651;Não informado;E;Baixa;0,0;1,9;0,0;55;100;15;0,0;4,71;🚨 RUPTURA IMINENTE;6,0;2179,32;14063,93
PC002086;Não informado;E;Baixa;4,0;8,4;14,4;55;100;15;25,43;4,71;🚨 RUPTURA IMINENTE;24,0;612,51;14621,87
PC007383;Não informado;E;Baixa;1,0;0,9;33,1;55;100;15;11,04;4,71;🔴 Comprar agora;2,0;1399,5;2831,72
PC007506;Não informado;E;Baixa;5,0;4,8;31,4;55;100;15;11,64;4,71;🔴 Comprar agora;11,0;520,24;5692,96
PC001480;Não informado;E;Baixa;13,0;5,2;74,9;55;100;15;4,87;4,71;🟢 OK;0,0;398,41;0,0
PC002710;Não informado;E;Baixa;5,0;2,1;73,1;55;100;15;5,0;4,71;🟢 OK;0,0;957,86;0,0
PC008763;Não informado;E;Baixa;7,0;4,0;52,7;55;100;15;6,93;4,71;🔴 Comprar agora;6,0;335,51;2111,2
PC006802;Não informado;E;Baixa;2,0;10,1;5,9;55;100;15;61,42;4,71;🚨 RUPTURA IMINENTE;32,0;544,72;17243,74
PC006262;Não informado;E;Baixa;29,0;9,1;96,0;55;100;15;3,8;4,71;🟢 OK;0,0;200,86;0,0
PC005422;Não informado;E;Baixa;3,0;1,7;54,0;55;100;15;6,76;4,71;🔴 Comprar agora;3,0;1894,64;4835,62
PC002969;Não informado;E;Baixa;1,0;3,0;9,9;55;100;15;36,89;4,71;🚨 RUPTURA IMINENTE;9,0;2833,79;25807,07
PC004894;Não informado;E;Baixa;2,0;4,8;12,5;55;100;15;29,27;4,71;🚨 RUPTURA IMINENTE;14,0;1240,34;17410,51
PC002884;Não informado;E;Baixa;1,0;1,0;30,4;55;100;15;12,0;4,71;🔴 Comprar agora;2,0;5429,74;12418,86
PC008676;Não informado;E;Baixa;20,0;57,3;10,5;55;100;15;34,87;4,71;🚨 RUPTURA IMINENTE;171,0;51,04;8732,23
PC009186;Não informado;E;Baixa;2,0;2,0;30,0;55;100;15;12,17;4,71;🔴 Comprar agora;5,0;987,13;4609,44
PC005370;Não informado;E;Baixa;105,0;67,5;46,7;55;100;15;7,82;4,71;🔴 Comprar agora;120,0;78,15;9380,47
PC001927;Não informado;E;Baixa;7,0;3,0;69,7;55;100;15;5,24;4,71;🟢 OK;0,0;564,4;0,0
PC006837;Não informado;E;Baixa;10,0;6,1;49,3;55;100;15;7,41;4,71;🔴 Comprar agora;10,0;252,69;2601,75
PC009435;Não informado;E;Média;51,0;30,5;50,1;55;100;15;7,28;4,71;🔴 Comprar agora;51,0;88,1;4473,83
PC000460;Não informado;E;Baixa;20,0;10,9;55,1;55;100;15;6,62;4,71;🟢 OK;0,0;106,66;0,0
PC003963;Não informado;E;Baixa;3,0;1,6;57,0;55;100;15;6,4;4,71;🟢 OK;0,0;1562,05;0,0
PC002151;Não informado;E;Baixa;21,0;22,2;28,4;55;100;15;12,86;4,71;🔴 Comprar agora;53,0;323,19;17118,79
PC005348;Não informado;E;Baixa;5,0;6,4;23,4;55;100;15;15,58;4,71;🔴 Comprar agora;16,0;434,73;7106,0
PC006009;Não informado;E;Baixa;5,0;10,6;14,1;55;100;15;25,82;4,71;🚨 RUPTURA IMINENTE;30,0;327,8;9954,54
PC006641;Não informado;E;Baixa;3,0;5,8;15,6;55;100;15;23,39;4,71;🔴 Comprar agora;16,0;306,68;4976,94
PC007491;Não informado;E;Baixa;26,0;13,5;57,6;55;100;15;6,33;4,71;🟢 OK;0,0;99,82;0,0
PC000875;Não informado;E;Baixa;26,0;9,2;84,6;55;100;15;4,32;4,71;🟢 OK;0,0;152,66;0,0
PC008577;Não informado;E;Baixa;6,0;3,0;59,3;55;100;15;6,15;4,71;🟢 OK;0,0;545,43;0,0
PC007070;Não informado;E;Baixa;5,0;3,7;40,4;55;100;15;9,03;4,71;🔴 Comprar agora;7,0;473,75;3489,5
PC005680;Não informado;E;Baixa;7,0;9,2;22,9;55;100;15;15,95;4,71;🔴 Comprar agora;24,0;168,8;3982,85
PC009073;Não informado;E;Baixa;14,0;6,8;62,0;55;100;15;5,89;4,71;🟢 OK;0,0;253,95;0,0
PC002600;Não informado;E;Baixa;51,0;59,3;25,8;55;100;15;14,16;4,71;🔴 Comprar agora;147,0;120,19;17643,93
PC009018;Não informado;E;Baixa;44,0;24,9;53,0;55;100;15;6,88;4,71;🔴 Comprar agora;39,0;56,74;2210,24
PC009777;Não informado;E;Baixa;34,0;11,3;90,2;55;100;15;4,05;4,71;🟢 OK;0,0;135,51;0,0
PC000782;Não informado;E;Baixa;8,0;9,9;24,3;55;100;15;15,0;4,71;🔴 Comprar agora;25,0;294,99;7338,35
PC001182;Não informado;E;Baixa;5,0;4,0;37,1;55;100;15;9,83;4,71;🔴 Comprar agora;8,0;394,91;3341,81
PC006123;Não informado;E;Baixa;56,0;17,7;94,9;55;100;15;3,85;4,71;🟢 OK;0,0;89,71;0,0
PC004635;Não informado;E;Baixa;10,0;3,0;100,1;55;100;15;3,65;4,71;🟡 Estoque excessivo;0,0;474,79;0,0
PC009201;Não informado;E;Baixa;15,0;4,6;98,1;55;100;15;3,72;4,71;🟢 OK;0,0;342,47;0,0
PC006875;Não informado;E;Baixa;2,0;3,2;19,0;55;100;15;19,26;4,71;🔴 Comprar agora;9,0;522,14;4465,59
PC007586;Não informado;E;Baixa;6,0;3,0;60,4;55;100;15;6,05;4,71;🟢 OK;0,0;987,76;0,0
PC006342;Não informado;E;Baixa;4,0;2,5;47,3;55;100;15;7,72;4,71;🔴 Comprar agora;4,0;507,27;2260,6
PC007557;Não informado;E;Baixa;2,0;1,3;46,2;55;100;15;7,9;4,71;🔴 Comprar agora;2,0;1560,75;3637,15
PC000082;Não informado;E;Baixa;4,0;10,0;11,9;55;100;15;30,54;4,71;🚨 RUPTURA IMINENTE;29,0;402,34;11858,3
PC004097;Não informado;E;Baixa;3,0;1,0;89,9;55;100;15;4,06;4,71;🟢 OK;0,0;1433,46;0,0
PC001939;Não informado;E;Média;2,0;3,3;18,3;55;100;15;19,94;4,71;🔴 Comprar agora;9,0;753,15;6723,02
PC000076;Não informado;E;Média;17,0;9,2;55,2;55;100;15;6,61;4,71;🟢 OK;0,0;297,74;0,0
PC009272;Não informado;E;Baixa;4,0;8,1;14,7;55;100;15;24,76;4,71;🚨 RUPTURA IMINENTE;23,0;489,16;11318,95
PC007120;Não informado;E;Baixa;35,0;26,5;39,6;55;100;15;9,22;4,71;🔴 Comprar agora;53,0;142,18;7597,47
PC004307;Não informado;E;Baixa;6,0;12,8;14,0;55;100;15;26,05;4,71;🚨 RUPTURA IMINENTE;37,0;143,51;5285,07
PC005739;Não informado;E;Baixa;7,0;4,8;43,8;55;100;15;8,33;4,71;🔴 Comprar agora;9,0;552,85;4966,48
PC007303;Não informado;E;Baixa;5,0;10,8;13,9;55;100;15;26,32;4,71;🚨 RUPTURA IMINENTE;31,0;528,52;16416,64
PC003359;Não informado;E;Baixa;6,0;11,1;16,1;55;100;15;22,61;4,71;🔴 Comprar agora;31,0;754,34;23507,16
PC004029;Não informado;E;Baixa;9,0;9,7;27,8;55;100;15;13,13;4,71;🔴 Comprar agora;23,0;254,38;5948,78
PC007402;Não informado;E;Baixa;8,0;6,4;37,7;55;100;15;9,69;4,71;🔴 Comprar agora;13,0;350,11;4637,52
PC001676;Não informado;E;Baixa;26,0;15,9;49,1;55;100;15;7,43;4,71;🔴 Comprar agora;27,0;227,87;6133,53
PC001143;Não informado;E;Baixa;8,0;2,9;82,7;55;100;15;4,41;4,71;🟢 OK;0,0;473,9;0,0
PC002502;Não informado;E;Baixa;1,0;7,1;4,2;55;100;15;86,43;4,71;🚨 RUPTURA IMINENTE;23,0;688,9;15623,13
PC007741;Não informado;E;Baixa;13,0;31,0;12,6;55;100;15;28,99;4,71;🚨 RUPTURA IMINENTE;90,0;73,75;6656,96
PC006126;Não informado;E;Baixa;2,0;1,0;58,6;55;100;15;6,22;4,71;🟢 OK;0,0;1529,36;0,0
PC007433;Não informado;E;Baixa;7,0;9,5;22,1;55;100;15;16,53;4,71;🔴 Comprar agora;25,0;268,67;6635,9
PC009299;Não informado;E;Baixa;14,0;4,7;88,5;55;100;15;4,12;4,71;🟢 OK;0,0;336,99;0,0
PC009679;Não informado;E;Baixa;10,0;17,7;16,9;55;100;15;21,58;4,71;🔴 Comprar agora;49,0;369,66;18156,96
PC001302;Não informado;E;Baixa;4,0;1,9;62,4;55;100;15;5,85;4,71;🟢 OK;0,0;802,83;0,0
PC009768;Não informado;E;Baixa;42,0;15,5;81,2;55;100;15;4,49;4,71;🟢 OK;0,0;107,08;0,0
PC000127;Não informado;E;Baixa;6,0;3,8;47,5;55;100;15;7,69;4,71;🔴 Comprar agora;7,0;437,76;2906,45
PC007027;Não informado;E;Baixa;15,0;5,1;88,0;55;100;15;4,15;4,71;🟢 OK;0,0;295,86;0,0
PC009258;Não informado;E;Baixa;4,0;3,4;35,1;55;100;15;10,4;4,71;🔴 Comprar agora;7,0;442,14;3270,17
PC003229;Não informado;E;Baixa;19,0;9,2;62,0;55;100;15;5,88;4,71;🟢 OK;0,0;227,93;0,0
PC002236;Não informado;E;Baixa;1,0;1,0;31,3;55;100;15;11,66;4,71;🔴 Comprar agora;2,0;1676,0;3677,97
PC008809;Não informado;E;Média;71,0;49,1;43,4;55;100;15;8,41;4,71;🔴 Comprar agora;93,0;62,55;5789,63
PC006992;Não informado;E;Baixa;14,0;14,2;29,7;55;100;15;12,3;4,71;🔴 Comprar agora;33,0;434,17;14406,75
PC003982;Não informado;E;Baixa;2,0;4,9;12,3;55;100;15;29,56;4,71;🚨 RUPTURA IMINENTE;14,0;1143,9;16241,53
PC001033;Não informado;E;Baixa;22,0;11,1;59,3;55;100;15;6,16;4,71;🟢 OK;0,0;161,9;0,0
PC003497;Não informado;E;Baixa;15,0;15,1;29,7;55;100;15;12,28;4,71;🔴 Comprar agora;35,0;117,85;4178,22
PC008078;Não informado;E;Baixa;3,0;9,7;9,3;55;100;15;39,14;4,71;🚨 RUPTURA IMINENTE;29,0;513,81;14986,86
PC008083;Não informado;E;Baixa;2,0;2,0;29,8;55;100;15;12,24;4,71;🔴 Comprar agora;5,0;754,52;3552,67
PC003542;Não informado;E;Baixa;2,0;4,1;14,7;55;100;15;24,78;4,71;🚨 RUPTURA IMINENTE;12,0;998,24;11555,01
PC007167;Não informado;E;Baixa;1,0;3,4;8,9;55;100;15;41,06;4,71;🚨 RUPTURA IMINENTE;10,0;842,18;8632,89
PC005468;Não informado;E;Baixa;10,0;5,0;60,1;55;100;15;6,07;4,71;🟢 OK;0,0;367,78;0,0
PC000209;Não informado;E;Baixa;1,0;2,1;14,2;55;100;15;25,72;4,71;🚨 RUPTURA IMINENTE;6,0;3699,57;22365,88
PC002725;Não informado;E;Baixa;4,0;2,0;59,2;55;100;15;6,16;4,71;🟢 OK;0,0;743,22;0,0
PC001715;Não informado;E;Baixa;7,0;9,0;23,2;55;100;15;15,72;4,71;🔴 Comprar agora;23,0;201,5;4663,02
PC006172;Não informado;E;Baixa;6,0;5,1;35,1;55;100;15;10,39;4,71;🔴 Comprar agora;11,0;366,73;4062,41
PC005127;Não informado;E;Baixa;2,0;1,0;60,2;55;100;15;6,06;4,71;🟢 OK;0,0;1607,55;0,0
PC008688;Não informado;E;Baixa;3,0;4,1;22,1;55;100;15;16,5;4,71;🔴 Comprar agora;11,0;369,07;3898,58
PC006599;Não informado;E;Baixa;1,0;1,1;27,7;55;100;15;13,18;4,71;🔴 Comprar agora;3,0;5081,74;13275,03
PC005045;Não informado;E;Baixa;12,0;4,5;80,1;55;100;15;4,56;4,71;🟢 OK;0,0;366,55;0,0
PC007381;Não informado;E;Baixa;12,0;6,3;57,2;55;100;15;6,38;4,71;🟢 OK;0,0;265,44;0,0
PC003507;Não informado;E;Baixa;8,0;19,1;12,6;55;100;15;29,02;4,71;🚨 RUPTURA IMINENTE;56,0;366,96;20408,73
PC002122;Não informado;E;Baixa;2,0;20,6;2,9;55;100;15;125,12;4,71;🚨 RUPTURA IMINENTE;67,0;341,65;22739,64
PC001719;Não informado;E;Baixa;9,0;5,1;52,7;55;100;15;6,92;4,71;🔴 Comprar agora;8,0;262,03;2115,29
PC004259;Não informado;E;Baixa;4,0;10,6;11,3;55;100;15;32,36;4,71;🚨 RUPTURA IMINENTE;31,0;562,38;17696,22
PC006323;Não informado;E;Baixa;46,0;26,3;52,5;55;100;15;6,96;4,71;🔴 Comprar agora;42,0;62,51;2603,8
PC000850;Não informado;E;Baixa;30,0;20,0;45,1;55;100;15;8,1;4,71;🔴 Comprar agora;37,0;63,54;2324,6
PC007233;Não informado;E;Baixa;5,0;5,7;26,5;55;100;15;13,79;4,71;🔴 Comprar agora;14,0;1359,2;18883,68
PC003974;Não informado;E;Média;10,0;14,6;20,5;55;100;15;17,81;4,71;🔴 Comprar agora;39,0;174,82;6783,62
PC003677;Não informado;E;Baixa;52,0;30,8;50,7;55;100;15;7,2;4,71;🔴 Comprar agora;51,0;62,45;3155,31
PC007125;Não informado;E;Baixa;22,0;12,6;52,3;55;100;15;6,98;4,71;🔴 Comprar agora;20,0;112,02;2245,43
PC000893;Não informado;E;Baixa;43,0;13,0;99,2;55;100;15;3,68;4,71;🟢 OK;0,0;105,48;0,0
PC007096;Não informado;E;Baixa;14,0;5,8;73,0;55;100;15;5,0;4,71;🟢 OK;0,0;377,97;0,0
PC005585;Não informado;E;Baixa;5,0;4,8;31,0;55;100;15;11,78;4,71;🔴 Comprar agora;11,0;1246,02;13869,12
PC003126;Não informado;E;Baixa;12,0;8,5;42,6;55;100;15;8,57;4,71;🔴 Comprar agora;16,0;167,14;2705,29
PC001687;Não informado;E;Baixa;2,0;1,0;61,0;55;100;15;5,98;4,71;🟢 OK;0,0;1296,98;0,0
PC002698;Não informado;E;Baixa;8,0;2,8;85,1;55;100;15;4,29;4,71;🟢 OK;0,0;531,0;0,0
PC000731;Não informado;E;Baixa;2,0;6,2;9,6;55;100;15;38,02;4,71;🚨 RUPTURA IMINENTE;19,0;933,04;17569,85
PC008959;Não informado;E;Baixa;5,0;2,0;74,4;55;100;15;4,9;4,71;🟢 OK;0,0;899,45;0,0
PC005346;Não informado;E;Baixa;4,0;2,0;59,5;55;100;15;6,14;4,71;🟢 OK;0,0;909,87;0,0
PC006101;Não informado;E;Baixa;10,0;3,0;100,2;55;100;15;3,64;4,71;🟡 Estoque excessivo;0,0;540,45;0,0
PC009065;Não informado;E;Baixa;40,0;16,9;71,1;55;100;15;5,13;4,71;🟢 OK;0,0;109,16;0,0
PC006436;Não informado;E;Baixa;69,0;51,6;40,1;55;100;15;9,09;4,71;🔴 Comprar agora;103,0;53,33;5489,34
PC003884;Não informado;E;Baixa;3,0;4,0;22,7;55;100;15;16,08;4,71;🔴 Comprar agora;10,0;514,98;5261,49
PC006453;Não informado;E;Baixa;22,0;33,5;19,7;55;100;15;18,51;4,71;🔴 Comprar agora;90,0;40,06;3587,08
PC002078;Não informado;E;Baixa;10,0;12,3;24,4;55;100;15;14,94;4,71;🔴 Comprar agora;31,0;217,1;6712,29
PC007522;Não informado;E;Baixa;12,0;6,0;59,8;55;100;15;6,1;4,71;🟢 OK;0,0;256,52;0,0
PC007285;Não informado;E;Baixa;30,0;12,1;74,2;55;100;15;4,92;4,71;🟢 OK;0,0;123,19;0,0
PC007013;Não informado;E;Baixa;14,0;11,4;36,7;55;100;15;9,95;4,71;🔴 Comprar agora;24,0;362,19;8752,53
PC001469;Não informado;E;Baixa;9,0;33,6;8,0;55;100;15;45,43;4,71;🚨 RUPTURA IMINENTE;103,0;205,83;21205,08
PC007072;Não informado;E;Baixa;1,0;16,7;1,8;55;100;15;202,68;4,71;🚨 RUPTURA IMINENTE;55,0;259,36;14142,33
PC009459;Não informado;E;Baixa;12,0;22,0;16,4;55;100;15;22,3;4,71;🔴 Comprar agora;61,0;170,79;10472,41
PC007145;Não informado;E;Baixa;244,0;74,3;98,6;55;100;15;3,7;4,71;🟢 OK;0,0;17,55;0,0
PC001009;Não informado;E;Baixa;5,0;8,1;18,6;55;100;15;19,64;4,71;🔴 Comprar agora;22,0;235,67;5163,41
PC002284;Não informado;E;Baixa;2,0;13,0;4,6;55;100;15;78,82;4,71;🚨 RUPTURA IMINENTE;41,0;461,55;19010,15
PC001157;Não informado;E;Baixa;3,0;2,1;43,7;55;100;15;8,35;4,71;🔴 Comprar agora;4,0;1824,19;7047,39
PC000374;Não informado;E;Baixa;63,0;19,6;96,3;55;100;15;3,79;4,71;🟢 OK;0,0;81,69;0,0
PC007146;Não informado;E;Baixa;2,0;3,0;19,8;55;100;15;18,39;4,71;🔴 Comprar agora;8,0;743,31;6003,39
PC005002;Não informado;E;Baixa;2,0;2,6;22,7;55;100;15;16,06;4,71;🔴 Comprar agora;7,0;524,55;3565,84
PC006223;Não informado;E;Média;9,0;4,8;55,8;55;100;15;6,54;4,71;🟢 OK;0,0;541,88;0,0
PC004078;Não informado;E;Baixa;4,0;3,1;39,2;55;100;15;9,3;4,71;🔴 Comprar agora;6,0;471,14;2919,7
PC009120;Não informado;E;Baixa;23,0;19,0;36,4;55;100;15;10,03;4,71;🔴 Comprar agora;40,0;149,97;6027,33
PC006635;Não informado;E;Baixa;4,0;2,1;58,1;55;100;15;6,28;4,71;🟢 OK;0,0;804,27;0,0
PC008225;Não informado;E;Baixa;19,0;32,0;17,8;55;100;15;20,52;4,71;🔴 Comprar agora;88,0;48,0;4215,68
PC005035;Não informado;E;Baixa;2,0;1,0;58,4;55;100;15;6,25;4,71;🟢 OK;0,0;1298,19;0,0
PC008928;Não informado;E;Baixa;21,0;21,8;28,9;55;100;15;12,61;4,71;🔴 Comprar agora;52,0;223,8;11534,45
PC000872;Não informado;E;Baixa;62,0;56,8;32,7;55;100;15;11,15;4,71;🔴 Comprar agora;127,0;39,93;5087,79
PC007494;Não informado;E;Baixa;16,0;5,7;83,9;55;100;15;4,35;4,71;🟢 OK;0,0;253,39;0,0
PC009491;Não informado;E;Baixa;9,0;20,7;13,1;55;100;15;27,92;4,71;🚨 RUPTURA IMINENTE;60,0;253,7;15181,68
PC003827;Não informado;E;Baixa;3,0;7,9;11,4;55;100;15;32,06;4,71;🚨 RUPTURA IMINENTE;23,0;362,15;8457,9
PC004158;Não informado;E;Baixa;5,0;4,8;31,2;55;100;15;11,69;4,71;🔴 Comprar agora;11,0;1005,34;11070,14
PC005735;Não informado;E;Baixa;15,0;9,4;47,8;55;100;15;7,64;4,71;🔴 Comprar agora;16,0;289,57;4746,78
PC001135;Não informado;E;Baixa;0,0;2,0;0,0;55;100;15;0,0;4,71;🚨 RUPTURA IMINENTE;7,0;2744,12;18529,88
PC009094;Não informado;E;Média;4,0;3,3;36,6;55;100;15;9,98;4,71;🔴 Comprar agora;7,0;666,77;4622,36
PC002688;Não informado;E;Baixa;3,0;8,2;11,0;55;100;15;33,07;4,71;🚨 RUPTURA IMINENTE;24,0;559,45;13525,81
PC003408;Não informado;E;Baixa;6,0;3,0;60,1;55;100;15;6,07;4,71;🟢 OK;0,0;596,34;0,0
PC006387;Não informado;E;Baixa;3,0;17,4;5,2;55;100;15;70,57;4,71;🚨 RUPTURA IMINENTE;55,0;289,46;15921,52
PC008996;Não informado;E;Baixa;1,0;3,2;9,3;55;100;15;39,29;4,71;🚨 RUPTURA IMINENTE;10,0;725,99;7088,34
PC001329;Não informado;E;Baixa;10,0;8,3;36,2;55;100;15;10,08;4,71;🔴 Comprar agora;18,0;289,34;5098,75
PC003626;Não informado;E;Baixa;5,0;5,7;26,2;55;100;15;13,94;4,71;🔴 Comprar agora;14,0;823,36;11607,94
PC008195;Não informado;E;Baixa;7,0;18,0;11,6;55;100;15;31,35;4,71;🚨 RUPTURA IMINENTE;53,0;159,03;8447,33
PC002204;Não informado;E;Média;23,0;11,8;58,6;55;100;15;6,23;4,71;🟢 OK;0,0;219,65;0,0
PC008085;Não informado;E;Baixa;7,0;15,0;14,0;55;100;15;26,16;4,71;🚨 RUPTURA IMINENTE;43,0;522,22;22540,28
PC004784;Não informado;E;Baixa;21,0;8,1;78,2;55;100;15;4,67;4,71;🟢 OK;0,0;216,81;0,0
PC000480;Não informado;E;Baixa;6,0;2,0;88,3;55;100;15;4,13;4,71;🟢 OK;0,0;885,52;0,0
PC005605;Não informado;E;Baixa;7,0;4,8;43,7;55;100;15;8,35;4,71;🔴 Comprar agora;9,0;548,3;4939,42
PC000727;Não informado;E;Baixa;9,0;8,1;33,4;55;100;15;10,93;4,71;🔴 Comprar agora;18,0;704,44;12647,84
PC007913;Não informado;E;Baixa;72,0;22,6;95,7;55;100;15;3,82;4,71;🟢 OK;0,0;56,81;0,0
PC001801;Não informado;E;Baixa;8,0;4,8;49,8;55;100;15;7,33;4,71;🔴 Comprar agora;8,0;272,96;2199,02
PC000225;Não informado;E;Baixa;46,0;30,7;45,0;55;100;15;8,12;4,71;🔴 Comprar agora;56,0;80,61;4540,36
PC000285;Não informado;E;Baixa;20,0;10,5;56,9;55;100;15;6,41;4,71;🟢 OK;0,0;218,38;0,0
PC001894;Não informado;E;Baixa;2,0;3,1;19,2;55;100;15;19,03;4,71;🔴 Comprar agora;8,0;891,36;7509,95
PC004620;Não informado;E;Baixa;22,0;18,1;36,4;55;100;15;10,02;4,71;🔴 Comprar agora;38,0;228,5;8767,17
PC009343;Não informado;E;Baixa;4,0;3,0;40,3;55;100;15;9,05;4,71;🔴 Comprar agora;6,0;532,84;3153,83
PC009975;Não informado;E;Baixa;1,0;1,9;15,4;55;100;15;23,71;4,71;🔴 Comprar agora;5,0;760,06;4176,61
PC005368;Não informado;E;Baixa;5,0;11,3;13,3;55;100;15;27,49;4,71;🚨 RUPTURA IMINENTE;33,0;244,6;7989,52
PC006649;Não informado;E;Baixa;16,0;5,1;94,9;55;100;15;3,85;4,71;🟢 OK;0,0;326,97;0,0
PC000869;Não informado;E;Baixa;3,0;3,2;28,0;55;100;15;13,02;4,71;🔴 Comprar agora;8,0;1674,38;12889,56
PC002161;Não informado;E;Baixa;10,0;5,2;58,2;55;100;15;6,28;4,71;🟢 OK;0,0;285,08;0,0
PC007904;Não informado;E;Baixa;4,0;3,0;39,7;55;100;15;9,2;4,71;🔴 Comprar agora;6,0;661,41;4026,44
PC004899;Não informado;E;Baixa;2,0;1,0;59,9;55;100;15;6,1;4,71;🟢 OK;0,0;1266,91;0,0
PC002668;Não informado;E;Baixa;4,0;13,0;9,2;55;100;15;39,63;4,71;🚨 RUPTURA IMINENTE;39,0;434,75;17143,39
PC003165;Não informado;E;Baixa;10,0;6,7;44,6;55;100;15;8,19;4,71;🔴 Comprar agora;12,0;212,79;2648,02
PC009937;Não informado;E;Baixa;2,0;4,9;12,3;55;100;15;29,56;4,71;🚨 RUPTURA IMINENTE;14,0;958,65;13611,25
PC000645;Não informado;E;Baixa;4,0;2,9;41,7;55;100;15;8,76;4,71;🔴 Comprar agora;6,0;615,18;3445,83
PC005520;Não informado;E;Média;24,0;13,4;53,7;55;100;15;6,8;4,71;🔴 Comprar agora;21,0;200,46;4153,48
PC000822;Não informado;E;Baixa;36,0;11,6;93,2;55;100;15;3,92;4,71;🟢 OK;0,0;136,02;0,0
PC003322;Não informado;E;Baixa;228,0;127,5;53,7;55;100;15;6,8;4,71;🔴 Comprar agora;197,0;18,24;3591,12
PC006899;Não informado;E;Baixa;24,0;19,4;37,1;55;100;15;9,84;4,71;🔴 Comprar agora;41,0;73,6;2994,12
PC007178;Não informado;E;Baixa;8,0;20,0;12,0;55;100;15;30,42;4,71;🚨 RUPTURA IMINENTE;59,0;213,32;12515,86
PC007819;Não informado;E;Baixa;3,0;4,9;18,3;55;100;15;19,93;4,71;🔴 Comprar agora;13,0;742,12;9929,17
PC009915;Não informado;E;Baixa;2,0;5,3;11,3;55;100;15;32,43;4,71;🚨 RUPTURA IMINENTE;16,0;1001,66;15795,76
PC000253;Não informado;E;Baixa;27,0;8,4;96,6;55;100;15;3,78;4,71;🟢 OK;0,0;169,32;0,0
PC000241;Não informado;E;Baixa;47,0;69,7;20,2;55;100;15;18,05;4,71;🔴 Comprar agora;185,0;73,14;13565,77
PC004844;Não informado;E;Baixa;23,0;7,3;94,7;55;100;15;3,86;4,71;🟢 OK;0,0;206,31;0,0
PC006440;Não informado;E;Baixa;9,0;26,8;10,1;55;100;15;36,2;4,71;🚨 RUPTURA IMINENTE;80,0;112,39;9020,06
PC006697;Não informado;E;Baixa;9,0;13,3;20,4;55;100;15;17,93;4,71;🔴 Comprar agora;35,0;102,39;3606,02
PC000206;Não informado;E;Baixa;2,0;12,2;4,9;55;100;15;74,44;4,71;🚨 RUPTURA IMINENTE;39,0;370,89;14386,58
PC002467;Não informado;E;Baixa;47,0;17,2;81,8;55;100;15;4,46;4,71;🟢 OK;0,0;112,58;0,0
PC005224;Não informado;E;Baixa;19,0;42,2;13,5;55;100;15;27,04;4,71;🚨 RUPTURA IMINENTE;122,0;130,82;15927,64
PC006469;Não informado;E;Baixa;3,0;11,1;8,1;55;100;15;45,14;4,71;🚨 RUPTURA IMINENTE;34,0;450,48;15362,84
PC007094;Não informado;E;Média;33,0;31,7;31,2;55;100;15;11,69;4,71;🔴 Comprar agora;73,0;60,39;4390,62
PC002027;Não informado;E;Baixa;13,0;4,2;93,7;55;100;15;3,89;4,71;🟢 OK;0,0;385,26;0,0
PC001388;Não informado;E;Baixa;7,0;23,6;8,9;55;100;15;40,94;4,71;🚨 RUPTURA IMINENTE;72,0;178,38;12756,34
PC008466;Não informado;E;Média;7,0;4,8;43,4;55;100;15;8,4;4,71;🔴 Comprar agora;9,0;523,74;4771,58
PC005187;Não informado;E;Baixa;11,0;18,0;18,4;55;100;15;19,88;4,71;🔴 Comprar agora;49,0;218,05;10664,87
PC006140;Não informado;E;Baixa;19,0;7,0;80,9;55;100;15;4,51;4,71;🟢 OK;0,0;260,17;0,0
PC007787;Não informado;E;Baixa;5,0;3,0;49,7;55;100;15;7,35;4,71;🔴 Comprar agora;5,0;1180,34;5981,85
PC001545;Não informado;E;Baixa;3,0;2,5;36,3;55;100;15;10,05;4,71;🔴 Comprar agora;5,0;610,74;3211,73
PC003061;Não informado;E;Baixa;12,0;4,1;88,1;55;100;15;4,14;4,71;🟢 OK;0,0;305,37;0,0
PC000681;Não informado;E;Baixa;65,0;29,0;67,3;55;100;15;5,43;4,71;🟢 OK;0,0;46,06;0,0
PC002328;Não informado;E;Baixa;6,0;2,7;67,7;55;100;15;5,39;4,71;🟢 OK;0,0;748,84;0,0
PC006706;Não informado;E;Baixa;222,0;73,3;90,9;55;100;15;4,02;4,71;🟢 OK;0,0;17,71;0,0
PC008056;Não informado;E;Baixa;5,0;14,4;10,4;55;100;15;35,1;4,71;🚨 RUPTURA IMINENTE;43,0;132,35;5701,97
PC004591;Não informado;E;Baixa;3,0;2,0;45,8;55;100;15;7,96;4,71;🔴 Comprar agora;4,0;685,69;2429,66
PC001149;Não informado;E;Baixa;35,0;16,2;64,7;55;100;15;5,64;4,71;🟢 OK;0,0;87,18;0,0
PC009288;Não informado;E;Baixa;2,0;1,0;59,0;55;100;15;6,19;4,71;🟢 OK;0,0;1341,42;0,0
PC006121;Não informado;E;Baixa;186,0;96,0;58,1;55;100;15;6,28;4,71;🟢 OK;0,0;16,88;0,0
PC000870;Não informado;E;Baixa;7,0;9,6;21,8;55;100;15;16,71;4,71;🔴 Comprar agora;25,0;179,91;4507,3
PC003376;Não informado;E;Baixa;8,0;3,8;63,1;55;100;15;5,79;4,71;🟢 OK;0,0;317,35;0,0
PC005033;Não informado;E;Baixa;24,0;18,7;38,6;55;100;15;9,45;4,71;🔴 Comprar agora;38,0;94,11;3591,94
PC003421;Não informado;E;Baixa;6,0;6,1;29,4;55;100;15;12,43;4,71;🔴 Comprar agora;14,0;317,81;4588,69
PC000069;Não informado;E;Média;4,0;6,7;18,0;55;100;15;20,31;4,71;🔴 Comprar agora;18,0;396,72;7242,78
PC002459;Não informado;E;Baixa;10,0;12,1;24,7;55;100;15;14,75;4,71;🔴 Comprar agora;30,0;316,83;9639,02
PC005749;Não informado;E;Baixa;9,0;6,1;44,5;55;100;15;8,2;4,71;🔴 Comprar agora;11,0;900,58;10095,82
PC003426;Não informado;E;Baixa;21,0;6,7;94,3;55;100;15;3,87;4,71;🟢 OK;0,0;276,32;0,0
PC001706;Não informado;E;Baixa;7,0;2,8;76,3;55;100;15;4,78;4,71;🟢 OK;0,0;606,64;0,0
PC004217;Não informado;E;Baixa;3,0;11,9;7,5;55;100;15;48,39;4,71;🚨 RUPTURA IMINENTE;37,0;422,84;15548,77
PC004227;Não informado;E;Baixa;15,0;18,9;23,8;55;100;15;15,32;4,71;🔴 Comprar agora;48,0;192,13;9216,98
PC009034;Não informado;E;Baixa;2,0;1,0;58,9;55;100;15;6,2;4,71;🟢 OK;0,0;1262,17;0,0
PC007939;Não informado;E;Baixa;25,0;13,9;53,8;55;100;15;6,78;4,71;🔴 Comprar agora;21,0;184,2;3949,78
PC003644;Não informado;E;Baixa;12,0;3,8;95,0;55;100;15;3,84;4,71;🟢 OK;0,0;387,24;0,0
PC009003;Não informado;E;Baixa;1,0;1,0;30,0;55;100;15;12,17;4,71;🔴 Comprar agora;2,0;1469,89;3432,92
PC002894;Não informado;E;Baixa;7,0;45,6;4,6;55;100;15;79,28;4,71;🚨 RUPTURA IMINENTE;145,0;103,62;15029,88
PC005576;Não informado;E;Baixa;3,0;3,2;28,5;55;100;15;12,81;4,71;🔴 Comprar agora;8,0;1288,8;9705,91
PC006718;Não informado;E;Baixa;1,0;2,0;14,8;55;100;15;24,64;4,71;🚨 RUPTURA IMINENTE;6,0;3206,61;18440,56
PC002837;Não informado;E;Baixa;24,0;19,6;36,8;55;100;15;9,92;4,71;🔴 Comprar agora;41,0;121,16;4995,63
PC001232;Não informado;E;Baixa;7,0;5,1;41,2;55;100;15;8,87;4,71;🔴 Comprar agora;10,0;230,29;2303,43
PC003849;Não informado;E;Baixa;5,0;1,8;82,3;55;100;15;4,43;4,71;🟢 OK;0,0;654,34;0,0
PC009936;Não informado;E;Baixa;4,0;14,4;8,3;55;100;15;43,88;4,71;🚨 RUPTURA IMINENTE;44,0;390,72;17226,53
PC005334;Não informado;E;Baixa;6,0;4,1;44,1;55;100;15;8,28;4,71;🔴 Comprar agora;8,0;403,08;3067,78
PC008527;Não informado;E;Baixa;32,0;146,7;6,5;55;100;15;55,79;4,71;🚨 RUPTURA IMINENTE;457,0;60,7;27745,02
PC002475;Não informado;E;Baixa;3,0;1,3;67,9;55;100;15;5,38;4,71;🟢 OK;0,0;1207,64;0,0
PC009999;Não informado;E;Baixa;3,0;5,2;17,1;55;100;15;21,29;4,71;🔴 Comprar agora;14,0;986,98;14308,93
PC009054;Não informado;E;Baixa;9,0;26,8;10,1;55;100;15;36,2;4,71;🚨 RUPTURA IMINENTE;80,0;98,85;7933,23
PC003928;Não informado;E;Baixa;5,0;4,8;31,2;55;100;15;11,7;4,71;🔴 Comprar agora;11,0;463,16;5109,17
PC004403;Não informado;E;Baixa;26,0;9,8;79,4;55;100;15;4,6;4,71;🟢 OK;0,0;178,0;0,0
PC004031;Não informado;E;Baixa;15,0;6,5;69,7;55;100;15;5,24;4,71;🟢 OK;0,0;258,61;0,0
PC000366;Não informado;E;Baixa;7,0;9,1;23,2;55;100;15;15,74;4,71;🔴 Comprar agora;23,0;1202,88;27884,87
PC006728;Não informado;E;Baixa;16,0;7,7;62,6;55;100;15;5,83;4,71;🟢 OK;0,0;142,44;0,0
PC008423;Não informado;E;Baixa;3,0;3,0;29,7;55;100;15;12,29;4,71;🔴 Comprar agora;7,0;483,73;3435,42
PC000873;Não informado;E;Baixa;84,0;36,3;69,4;55;100;15;5,26;4,71;🟢 OK;0,0;44,26;0,0
PC001845;Não informado;E;Baixa;2,0;2,8;21,5;55;100;15;16,94;4,71;🔴 Comprar agora;7,0;560,82;4083,52
PC002941;Não informado;E;Baixa;10,0;6,4;46,9;55;100;15;7,79;4,71;🔴 Comprar agora;11,0;271,62;3080,61
PC003025;Não informado;E;Baixa;15,0;6,3;71,9;55;100;15;5,08;4,71;🟢 OK;0,0;204,75;0,0
PC000236;Não informado;E;Baixa;12,0;9,8;36,6;55;100;15;9,98;4,71;🔴 Comprar agora;21,0;206,23;4291,92
PC004541;Não informado;E;Baixa;9,0;4,1;66,3;55;100;15;5,5;4,71;🟢 OK;0,0;283,0;0,0
PC006032;Não informado;E;Baixa;1,0;5,0;6,0;55;100;15;61,19;4,71;🚨 RUPTURA IMINENTE;16,0;1143,7;18029,53
PC000367;Não informado;E;Baixa;3,0;1,0;89,8;55;100;15;4,07;4,71;🟢 OK;0,0;1285,11;0,0
PC004406;Não informado;E;Baixa;25,0;32,7;22,9;55;100;15;15,91;4,71;🔴 Comprar agora;84,0;142,53;11971,72
PC004004;Não informado;E;Baixa;4,0;2,0;58,9;55;100;15;6,2;4,71;🟢 OK;0,0;627,26;0,0
PC004685;Não informado;E;Baixa;2,0;3,0;20,2;55;100;15;18,07;4,71;🔴 Comprar agora;8,0;1471,11;11621,86
PC004195;Não informado;E;Baixa;21,0;8,3;75,5;55;100;15;4,84;4,71;🟢 OK;0,0;149,52;0,0
PC008780;Não informado;E;Baixa;7,0;8,4;25,1;55;100;15;14,56;4,71;🔴 Comprar agora;21,0;140,42;2939,07
PC003108;Não informado;E;Baixa;3,0;3,9;23,1;55;100;15;15,81;4,71;🔴 Comprar agora;10,0;344,81;3445,22
PC009786;Não informado;E;Baixa;27,0;17,2;47,2;55;100;15;7,73;4,71;🔴 Comprar agora;30,0;76,39;2305,3
PC009113;Não informado;E;Baixa;3,0;3,9;23,2;55;100;15;15,71;4,71;🔴 Comprar agora;10,0;331,82;3288,33
PC009357;Não informado;E;Baixa;1,0;3,1;9,8;55;100;15;37,12;4,71;🚨 RUPTURA IMINENTE;9,0;1620,06;14854,91
PC005595;Não informado;E;Baixa;6,0;3,2;56,0;55;100;15;6,51;4,71;🟢 OK;0,0;526,5;0,0
PC006178;Não informado;E;Baixa;17,0;25,8;19,8;55;100;15;18,44;4,71;🔴 Comprar agora;69,0;185,24;12759,44
PC005469;Não informado;E;Baixa;11,0;23,1;14,3;55;100;15;25,55;4,71;🚨 RUPTURA IMINENTE;66,0;67,13;4430,57
PC003545;Não informado;E;Baixa;1,0;4,0;7,4;55;100;15;49,02;4,71;🚨 RUPTURA IMINENTE;12,0;1652,99;20545,24
PC000892;Não informado;E;Baixa;1,0;1,9;15,7;55;100;15;23,32;4,71;🔴 Comprar agora;5,0;2859,34;15407,94
PC009885;Não informado;E;Baixa;42,0;35,5;35,5;55;100;15;10,28;4,71;🔴 Comprar agora;76,0;124,05;9459,83
PC004414;Não informado;E;Baixa;8,0;8,1;29,6;55;100;15;12,33;4,71;🔴 Comprar agora;19,0;534,54;10172,82
PC009402;Não informado;E;Baixa;32,0;75,6;12,7;55;100;15;28,75;4,71;🚨 RUPTURA IMINENTE;220,0;77,68;17091,45
PC005740;Não informado;E;Baixa;6,0;8,0;22,5;55;100;15;16,25;4,71;🔴 Comprar agora;21,0;1012,8;20979,53
PC000032;Não informado;E;Baixa;4,0;1,8;65,2;55;100;15;5,6;4,71;🟢 OK;0,0;586,0;0,0
PC005385;Não informado;E;Baixa;44,0;18,6;71,0;55;100;15;5,14;4,71;🟢 OK;0,0;70,58;0,0
PC008873;Não informado;E;Baixa;20,0;20,1;29,8;55;100;15;12,25;4,71;🔴 Comprar agora;47,0;56,64;2670,5
PC006506;Não informado;E;Baixa;3,0;3,1;29,5;55;100;15;12,39;4,71;🔴 Comprar agora;7,0;645,48;4636,49
PC000246;Não informado;E;Baixa;27,0;8,2;98,3;55;100;15;3,71;4,71;🟢 OK;0,0;204,1;0,0
PC003128;Não informado;E;Baixa;3,0;5,8;15,5;55;100;15;23,57;4,71;🔴 Comprar agora;16,0;941,55;15418,06
PC006301;Não informado;E;Baixa;49,0;44,9;32,7;55;100;15;11,16;4,71;🔴 Comprar agora;101,0;101,64;10246,09
PC008407;Não informado;E;Baixa;2,0;4,0;15,2;55;100;15;24,07;4,71;🔴 Comprar agora;11,0;344,48;3854,35
PC006834;Não informado;E;Baixa;91,0;75,4;36,2;55;100;15;10,08;4,71;🔴 Comprar agora;160,0;16,9;2711,31
PC007656;Não informado;E;Baixa;45,0;14,6;92,5;55;100;15;3,94;4,71;🟢 OK;0,0;85,87;0,0
PC008668;Não informado;E;Baixa;3,0;5,0;17,9;55;100;15;20,38;4,71;🔴 Comprar agora;14,0;273,58;3760,96
PC003967;Não informado;E;Baixa;6,0;2,0;90,2;55;100;15;4,05;4,71;🟢 OK;0,0;639,83;0,0
PC009997;Não informado;E;Baixa;2,0;3,2;18,6;55;100;15;19,65;4,71;🔴 Comprar agora;9,0;808,03;7084,49
PC009985;Não informado;E;Baixa;0,0;1,0;0,0;55;100;15;0,0;4,71;🚨 RUPTURA IMINENTE;3,0;4336,11;14471,8
PC009365;Não informado;E;Baixa;14,0;9,7;43,3;55;100;15;8,42;4,71;🔴 Comprar agora;18,0;225,12;4121,02
PC007358;Não informado;E;Baixa;2,0;1,0;58,4;55;100;15;6,25;4,71;🟢 OK;0,0;1614,04;0,0
PC009249;Não informado;E;Baixa;58,0;18,6;93,7;55;100;15;3,89;4,71;🟢 OK;0,0;84,14;0,0
PC006803;Não informado;E;Baixa;8,0;4,6;51,9;55;100;15;7,04;4,71;🔴 Comprar agora;7,0;415,48;3082,64
PC003312;Não informado;E;Baixa;3,0;2,0;45,7;55;100;15;7,98;4,71;🔴 Comprar agora;4,0;597,53;2125,92
PC008093;Não informado;E;Média;8,0;13,0;18,5;55;100;15;19,72;4,71;🔴 Comprar agora;35,0;144,9;5104,23
PC005572;Não informado;E;Baixa;0,0;1,0;0,0;55;100;15;0,0;4,71;🚨 RUPTURA IMINENTE;3,0;4755,29;15954,4
PC005352;Não informado;E;Baixa;25,0;13,3;56,6;55;100;15;6,45;4,71;🟢 OK;0,0;124,62;0,0
PC006879;Não informado;E;Baixa;1,0;1,0;29,7;55;100;15;12,28;4,71;🔴 Comprar agora;2,0;1154,7;2730,04
PC001826;Não informado;E;Baixa;4,0;1,9;61,8;55;100;15;5,9;4,71;🟢 OK;0,0;657,12;0,0
PC004565;Não informado;E;Baixa;2,0;3,9;15,3;55;100;15;23,83;4,71;🔴 Comprar agora;11,0;835,53;9239,98
PC008810;Não informado;E;Baixa;9,0;5,1;53,2;55;100;15;6,86;4,71;🔴 Comprar agora;8,0;255,32;2022,34
PC000266;Não informado;E;Baixa;26,0;8,3;94,3;55;100;15;3,87;4,71;🟢 OK;0,0;214,57;0,0
PC005819;Não informado;E;Baixa;2,0;1,4;42,8;55;100;15;8,52;4,71;🔴 Comprar agora;3,0;1279,97;3417,17
PC008629;Não informado;E;Média;14,0;10,0;41,9;55;100;15;8,71;4,71;🔴 Comprar agora;19,0;254,57;4942,76
PC009219;Não informado;E;Baixa;15,0;7,1;63,2;55;100;15;5,77;4,71;🟢 OK;0,0;227,93;0,0
PC009747;Não informado;E;Baixa;22,0;8,2;80,5;55;100;15;4,53;4,71;🟢 OK;0,0;176,51;0,0
PC005463;Não informado;E;Baixa;2,0;5,1;11,7;55;100;15;31,16;4,71;🚨 RUPTURA IMINENTE;15,0;631,38;9517,34
PC000963;Não informado;E;Baixa;30,0;16,9;53,3;55;100;15;6,85;4,71;🔴 Comprar agora;26,0;149,84;3940,03
PC006604;Não informado;E;Baixa;8,0;6,2;38,8;55;100;15;9,4;4,71;🔴 Comprar agora;13,0;208,48;2625,84
PC001309;Não informado;E;Baixa;13,0;22,2;17,6;55;100;15;20,79;4,71;🔴 Comprar agora;61,0;59,32;3620,72
PC002575;Não informado;E;Baixa;3,0;1,0;90,0;55;100;15;4,05;4,71;🟢 OK;0,0;1483,95;0,0
PC008437;Não informado;E;Baixa;23,0;10,5;65,8;55;100;15;5,55;4,71;🟢 OK;0,0;132,12;0,0
PC003488;Não informado;E;Baixa;5,0;4,0;37,1;55;100;15;9,84;4,71;🔴 Comprar agora;8,0;366,11;3103,49
PC001221;Não informado;E;Baixa;3,0;3,3;27,0;55;100;15;13,52;4,71;🔴 Comprar agora;8,0;800,9;6497,24
PC006897;Não informado;E;Baixa;35,0;19,1;55,0;55;100;15;6,64;4,71;🔴 Comprar agora;29,0;118,73;3406,56
PC003027;Não informado;E;Baixa;6,0;2,0;89,2;55;100;15;4,09;4,71;🟢 OK;0,0;654,85;0,0
PC009615;Não informado;E;Baixa;3,0;1,0;90,3;55;100;15;4,04;4,71;🟢 OK;0,0;1454,74;0,0
PC009552;Não informado;E;Baixa;11,0;11,2;29,6;55;100;15;12,35;4,71;🔴 Comprar agora;26,0;203,46;5335,5
PC002279;Não informado;E;Baixa;9,0;2,8;96,3;55;100;15;3,79;4,71;🟢 OK;0,0;476,07;0,0
PC007584;Não informado;E;Baixa;6,0;2,0;89,8;55;100;15;4,06;4,71;🟢 OK;0,0;570,06;0,0
PC005789;Não informado;E;Baixa;6,0;5,5;32,9;55;100;15;11,1;4,71;🔴 Comprar agora;12,0;255,0;3122,11
PC008534;Não informado;E;Baixa;1,0;5,5;5,5;55;100;15;66,6;4,71;🚨 RUPTURA IMINENTE;17,0;900,33;15527,36
PC001187;Não informado;E;Baixa;22,0;7,7;85,4;55;100;15;4,27;4,71;🟢 OK;0,0;201,92;0,0
PC006709;Não informado;E;Baixa;9,0;5,0;53,7;55;100;15;6,8;4,71;🔴 Comprar agora;8,0;283,19;2198,41
PC007030;Não informado;E;Baixa;7,0;4,1;51,7;55;100;15;7,06;4,71;🔴 Comprar agora;7,0;283,16;1852,01
PC005063;Não informado;E;Baixa;5,0;2,0;76,7;55;100;15;4,76;4,71;🟢 OK;0,0;607,74;0,0
PC003189;Não informado;E;Baixa;5,0;11,4;13,2;55;100;15;27,73;4,71;🚨 RUPTURA IMINENTE;33,0;431,36;14228,47
PC006777;Não informado;E;Baixa;4,0;3,2;37,6;55;100;15;9,72;4,71;🔴 Comprar agora;7,0;677,61;4506,71
PC006592;Não informado;E;Baixa;5,0;2,6;56,9;55;100;15;6,42;4,71;🟢 OK;0,0;399,89;0,0
PC003347;Não informado;E;Média;3,0;5,0;18,0;55;100;15;20,28;4,71;🔴 Comprar agora;14,0;523,33;7154,92
PC005700;Não informado;E;Baixa;1,0;0,9;33,7;55;100;15;10,82;4,71;🔴 Comprar agora;2,0;1481,14;2907,55
PC009088;Não informado;E;Baixa;4,0;2,7;45,2;55;100;15;8,07;4,71;🔴 Comprar agora;5,0;521,34;2527,45
PC009049;Não informado;E;Baixa;0,0;1,0;0,0;55;100;15;0,0;4,71;🚨 RUPTURA IMINENTE;3,0;6406,87;20972,94
PC008952;Não informado;E;Baixa;6,0;1,8;101,6;55;100;15;3,59;4,71;🟡 Estoque excessivo;0,0;756,9;0,0
PC000411;Não informado;E;Baixa;6,0;2,0;88,1;55;100;15;4,14;4,71;🟢 OK;0,0;628,99;0,0
PC005736;Não informado;E;Baixa;45,0;22,6;59,8;55;100;15;6,1;4,71;🟢 OK;0,0;113,98;0,0
PC001798;Não informado;E;Baixa;5,0;8,2;18,3;55;100;15;19,97;4,71;🔴 Comprar agora;22,0;577,49;12911,38
PC003996;Não informado;E;Baixa;17,0;55,0;9,3;55;100;15;39,35;4,71;🚨 RUPTURA IMINENTE;166,0;83,98;13963,48
PC005745;Não informado;E;Baixa;5,0;4,0;37,9;55;100;15;9,64;4,71;🔴 Comprar agora;8,0;288,9;2370,63
PC004680;Não informado;E;Baixa;2,0;3,0;19,8;55;100;15;18,46;4,71;🔴 Comprar agora;8,0;365,37;2964,89
PC008496;Não informado;E;Baixa;2,0;3,0;19,9;55;100;15;18,31;4,71;🔴 Comprar agora;8,0;449,19;3608,13
PC001690;Não informado;E;Baixa;11,0;4,2;79,5;55;100;15;4,59;4,71;🟢 OK;0,0;350,48;0,0
PC001011;Não informado;E;Baixa;41,0;53,8;22,8;55;100;15;15,97;4,71;🔴 Comprar agora;138,0;60,61;8391,13
PC009466;Não informado;E;Baixa;12,0;36,1;10,0;55;100;15;36,57;4,71;🚨 RUPTURA IMINENTE;108,0;82,16;8893,09
PC003099;Não informado;E;Baixa;1,0;12,8;2,3;55;100;15;155,49;4,71;🚨 RUPTURA IMINENTE;42,0;413,46;17199,62
PC004978;Não informado;E;Baixa;32,0;40,7;23,6;55;100;15;15,49;4,71;🔴 Comprar agora;104,0;31,37;3256,12
PC009798;Não informado;E;Baixa;4,0;7,2;16,7;55;100;15;21,82;4,71;🔴 Comprar agora;20,0;536,45;10682,11
PC004712;Não informado;E;Baixa;52,0;31,5;49,5;55;100;15;7,38;4,71;🔴 Comprar agora;53,0;42,89;2278,46
PC001254;Não informado;E;Baixa;11,0;6,4;51,7;55;100;15;7,06;4,71;🔴 Comprar agora;10,0;291,76;2995,63
PC002642;Não informado;E;Baixa;3,0;5,0;17,8;55;100;15;20,47;4,71;🔴 Comprar agora;14,0;1008,52;13941,7
PC000286;Não informado;E;Baixa;16,0;10,3;46,4;55;100;15;7,86;4,71;🔴 Comprar agora;18,0;138,33;2555,1
PC002701;Não informado;E;Baixa;8,0;4,1;58,9;55;100;15;6,19;4,71;🟢 OK;0,0;393,45;0,0
PC006496;Não informado;E;Média;8,0;8,2;29,4;55;100;15;12,43;4,71;🔴 Comprar agora;19,0;236,69;4553,68
PC004038;Não informado;E;Baixa;4,0;5,7;21,2;55;100;15;17,25;4,71;🔴 Comprar agora;15,0;203,6;3035,59
PC006046;Não informado;E;Baixa;1,0;1,0;29,6;55;100;15;12,34;4,71;🔴 Comprar agora;2,0;1083,28;2579,85
PC007767;Não informado;E;Baixa;0,0;2,9;0,0;55;100;15;0,0;4,71;🚨 RUPTURA IMINENTE;10,0;1918,17;18778,66
PC008615;Não informado;E;Baixa;2,0;18,2;3,3;55;100;15;110,61;4,71;🚨 RUPTURA IMINENTE;59,0;348,35;20415,61
PC005323;Não informado;E;Baixa;6,0;3,1;57,5;55;100;15;6,35;4,71;🟢 OK;0,0;589,59;0,0
PC008480;Não informado;E;Baixa;33,0;26,6;37,3;55;100;15;9,79;4,71;🔴 Comprar agora;56,0;70,38;3906,33
PC004355;Não informado;E;Baixa;19,0;9,1;62,4;55;100;15;5,85;4,71;🟢 OK;0,0;135,47;0,0
PC001409;Não informado;E;Média;8,0;6,3;38,1;55;100;15;9,57;4,71;🔴 Comprar agora;13,0;328,05;4259,08
PC004587;Não informado;E;Baixa;4,0;7,9;15,3;55;100;15;23,92;4,71;🔴 Comprar agora;22,0;267,94;5953,23
PC003172;Não informado;E;Baixa;12,0;5,1;70,0;55;100;15;5,21;4,71;🟢 OK;0,0;239,26;0,0
PC000565;Não informado;E;Baixa;3,0;7,2;12,5;55;100;15;29,16;4,71;🚨 RUPTURA IMINENTE;21,0;646,29;13549,83
PC003001;Não informado;E;Baixa;2,0;4,9;12,2;55;100;15;29,93;4,71;🚨 RUPTURA IMINENTE;14,0;916,63;13200,19
PC009993;Não informado;E;Baixa;12,0;9,6;37,6;55;100;15;9,7;4,71;🔴 Comprar agora;20,0;203,24;4040,42
PC008690;Não informado;E;Baixa;20,0;23,3;25,8;55;100;15;14,16;4,71;🔴 Comprar agora;58,0;63,06;3630,19
PC004967;Não informado;E;Baixa;1,0;4,5;6,7;55;100;15;54,2;4,71;🚨 RUPTURA IMINENTE;14,0;465,32;6444,87
PC008233;Não informado;E;Média;10,0;25,6;11,7;55;100;15;31,14;4,71;🚨 RUPTURA IMINENTE;75,0;71,93;5417,79
PC002557;Não informado;E;Baixa;4,0;20,2;5,9;55;100;15;61,57;4,71;🚨 RUPTURA IMINENTE;63,0;408,97;25958,65
PC000677;Não informado;E;Baixa;2,0;1,0;59,6;55;100;15;6,13;4,71;🟢 OK;0,0;1272,78;0,0
PC003485;Não informado;E;Baixa;4,0;6,4;18,7;55;100;15;19,5;4,71;🔴 Comprar agora;17,0;386,78;6718,54
PC008917;Não informado;E;Baixa;28,0;17,3;48,4;55;100;15;7,53;4,71;🔴 Comprar agora;30,0;67,25;2003,66
PC002310;Não informado;E;Baixa;9,0;9,9;27,2;55;100;15;13,42;4,71;🔴 Comprar agora;24,0;386,05;9298,12
PC006261;Não informado;E;Baixa;4,0;10,9;11,0;55;100;15;33,31;4,71;🚨 RUPTURA IMINENTE;32,0;185,5;6028,65
PC001589;Não informado;E;Baixa;3,0;6,9;13,0;55;100;15;27,99;4,71;🚨 RUPTURA IMINENTE;20,0;912,48;18255,11
PC002611;Não informado;E;Baixa;12,0;7,9;45,5;55;100;15;8,02;4,71;🔴 Comprar agora;14,0;237,39;3409,92
PC008529;Não informado;E;Baixa;5,0;3,0;49,4;55;100;15;7,4;4,71;🔴 Comprar agora;5,0;476,68;2445,54
PC001447;Não informado;E;Baixa;14,0;9,6;43,8;55;100;15;8,33;4,71;🔴 Comprar agora;18,0;606,26;10877,75
PC008874;Não informado;E;Baixa;5,0;1,8;85,4;55;100;15;4,27;4,71;🟢 OK;0,0;523,38;0,0
PC002206;Não informado;E;Baixa;2,0;1,0;58,8;55;100;15;6,21;4,71;🟢 OK;0,0;1094,21;0,0
PC005052;Não informado;E;Baixa;1,0;6,1;5,0;55;100;15;73,7;4,71;🚨 RUPTURA IMINENTE;19,0;750,36;14401,34
PC003371;Não informado;E;Baixa;29,0;8,7;99,5;55;100;15;3,67;4,71;🟢 OK;0,0;148,82;0,0
PC000767;Não informado;E;Baixa;9,0;6,0;44,8;55;100;15;8,15;4,71;🔴 Comprar agora;11,0;202,4;2245,82
PC003456;Não informado;E;Média;2,0;7,9;7,6;55;100;15;48,03;4,71;🚨 RUPTURA IMINENTE;24,0;265,06;6445,4
PC003306;Não informado;E;Baixa;6,0;7,5;23,8;55;100;15;15,31;4,71;🔴 Comprar agora;19,0;800,41;15336,27
PC009331;Não informado;E;Baixa;9,0;7,1;37,8;55;100;15;9,66;4,71;🔴 Comprar agora;15,0;176,46;2614,28
PC007454;Não informado;E;Baixa;9,0;4,8;56,2;55;100;15;6,49;4,71;🟢 OK;0,0;400,19;0,0
PC004726;Não informado;E;Baixa;8,0;4,0;60,3;55;100;15;6,05;4,71;🟢 OK;0,0;325,34;0,0
PC001623;Não informado;E;Baixa;6,0;2,2;83,2;55;100;15;4,39;4,71;🟢 OK;0,0;767,77;0,0
PC008104;Não informado;E;Baixa;13,0;14,9;26,1;55;100;15;13,98;4,71;🔴 Comprar agora;37,0;92,74;3411,45
PC000976;Não informado;E;Baixa;2,0;3,3;18,3;55;100;15;19,98;4,71;🔴 Comprar agora;9,0;713,84;6387,15
PC003513;Não informado;E;Baixa;5,0;2,2;68,6;55;100;15;5,32;4,71;🟢 OK;0,0;575,72;0,0
PC005791;Não informado;E;Baixa;2,0;1,0;61,9;55;100;15;5,9;4,71;🟢 OK;0,0;1346,02;0,0
PC001045;Não informado;E;Baixa;1,0;1,8;16,3;55;100;15;22,43;4,71;🔴 Comprar agora;5,0;696,53;3583,21
PC004867;Não informado;E;Baixa;19,0;13,4;42,4;55;100;15;8,6;4,71;🔴 Comprar agora;26,0;301,05;7758,47
PC008673;Não informado;E;Baixa;43,0;18,5;69,9;55;100;15;5,22;4,71;🟢 OK;0,0;57,74;0,0
PC003214;Não informado;E;Baixa;3,0;1,7;52,1;55;100;15;7,0;4,71;🔴 Comprar agora;3,0;1435,33;3957,23
PC006031;Não informado;E;Baixa;8,0;2,8;86,4;55;100;15;4,23;4,71;🟢 OK;0,0;443,82;0,0
PC002554;Não informado;E;Baixa;32,0;13,8;69,7;55;100;15;5,24;4,71;🟢 OK;0,0;105,34;0,0
PC002582;Não informado;E;Baixa;2,0;4,1;14,5;55;100;15;25,22;4,71;🚨 RUPTURA IMINENTE;12,0;955,71;11295,72
PC007691;Não informado;E;Baixa;29,0;15,4;56,6;55;100;15;6,44;4,71;🟢 OK;0,0;81,92;0,0
PC005424;Não informado;E;Baixa;11,0;11,4;28,9;55;100;15;12,65;4,71;🔴 Comprar agora;27,0;562,95;15269,91
PC009324;Não informado;E;Baixa;21,0;26,1;24,1;55;100;15;15,12;4,71;🔴 Comprar agora;66,0;242,71;16010,99
PC005036;Não informado;E;Baixa;3,0;2,0;45,3;55;100;15;8,06;4,71;🔴 Comprar agora;4,0;540,8;1961,0
PC003178;Não informado;E;Baixa;3,0;2,1;43,8;55;100;15;8,33;4,71;🔴 Comprar agora;4,0;572,29;2202,02
PC007467;Não informado;E;Baixa;8,0;3,1;76,8;55;100;15;4,75;4,71;🟢 OK;0,0;471,9;0,0
PC000778;Não informado;E;Baixa;4,0;2,0;59,0;55;100;15;6,19;4,71;🟢 OK;0,0;565,94;0,0
PC000157;Não informado;E;Baixa;8,0;9,3;25,7;55;100;15;14,21;4,71;🔴 Comprar agora;23,0;171,25;3962,7
PC003915;Não informado;E;Baixa;12,0;11,7;30,6;55;100;15;11,91;4,71;🔴 Comprar agora;27,0;122,3;3321,6
PC001408;Não informado;E;Baixa;6,0;29,6;6,1;55;100;15;59,98;4,71;🚨 RUPTURA IMINENTE;93,0;289,96;26847,88
PC001235;Não informado;E;Baixa;6,0;11,3;16,0;55;100;15;22,87;4,71;🔴 Comprar agora;32,0;579,56;18308,08
PC003822;Não informado;E;Baixa;4,0;7,2;16,7;55;100;15;21,8;4,71;🔴 Comprar agora;20,0;605,39;12043,84
PC008953;Não informado;E;Baixa;4,0;4,1;29,6;55;100;15;12,35;4,71;🔴 Comprar agora;10,0;277,44;2645,05
PC007143;Não informado;E;Baixa;8,0;4,1;58,3;55;100;15;6,26;4,71;🟢 OK;0,0;366,11;0,0
PC002673;Não informado;E;Baixa;9,0;5,1;52,9;55;100;15;6,91;4,71;🔴 Comprar agora;8,0;189,43;1520,87
PC004341;Não informado;E;Baixa;3,0;9,0;10,1;55;100;15;36,32;4,71;🚨 RUPTURA IMINENTE;27,0;393,71;10570,34
PC006723;Não informado;E;Baixa;7,0;5,3;39,7;55;100;15;9,2;4,71;🔴 Comprar agora;11,0;237,97;2534,13
PC004846;Não informado;E;Baixa;3,0;1,0;90,2;55;100;15;4,05;4,71;🟢 OK;0,0;1503,39;0,0
PC008593;Não informado;E;Baixa;1,0;1,0;30,5;55;100;15;11,96;4,71;🔴 Comprar agora;2,0;4308,56;9810,62
PC000627;Não informado;E;Baixa;8,0;3,8;63,2;55;100;15;5,78;4,71;🟢 OK;0,0;353,3;0,0
PC005104;Não informado;E;Baixa;5,0;8,0;18,6;55;100;15;19,57;4,71;🔴 Comprar agora;22,0;170,16;3711,36
PC009245;Não informado;E;Baixa;9,0;8,2;32,8;55;100;15;11,13;4,71;🔴 Comprar agora;18,0;225,89;4167,4
PC005674;Não informado;E;Baixa;4,0;1,6;73,1;55;100;15;4,99;4,71;🟢 OK;0,0;593,77;0,0
PC000651;Não informado;E;Baixa;4,0;1,9;62,2;55;100;15;5,87;4,71;🟢 OK;0,0;767,01;0,0
PC006102;Não informado;E;Baixa;7,0;8,2;25,8;55;100;15;14,17;4,71;🔴 Comprar agora;20,0;697,92;14086,7
PC002275;Não informado;E;Baixa;2,0;1,6;36,7;55;100;15;9,94;4,71;🔴 Comprar agora;3,0;1386,19;4777,39
PC002912;Não informado;E;Baixa;10,0;2,8;106,1;55;100;15;3,44;4,71;🟡 Estoque excessivo;0,0;364,78;0,0
PC000369;Não informado;E;Baixa;20,0;20,5;29,3;55;100;15;12,46;4,71;🔴 Comprar agora;48,0;100,09;4831,68
PC005301;Não informado;E;Baixa;5,0;2,1;72,5;55;100;15;5,04;4,71;🟢 OK;0,0;525,05;0,0
PC005254;Não informado;E;Baixa;12,0;9,2;39,0;55;100;15;9,37;4,71;🔴 Comprar agora;19,0;230,78;4339,53
PC004108;Não informado;E;Baixa;12,0;3,8;94,6;55;100;15;3,86;4,71;🟢 OK;0,0;382,09;0,0
PC000989;Não informado;E;Baixa;2,0;6,3;9,5;55;100;15;38,32;4,71;🚨 RUPTURA IMINENTE;19,0;290,93;5526,42
PC000406;Não informado;E;Baixa;28,0;12,0;69,9;55;100;15;5,22;4,71;🟢 OK;0,0;150,4;0,0
PC003283;Não informado;E;Baixa;6,0;1,9;95,9;55;100;15;3,81;4,71;🟢 OK;0,0;675,85;0,0
PC008904;Não informado;E;Baixa;5,0;7,5;19,9;55;100;15;18,36;4,71;🔴 Comprar agora;20,0;426,79;8602,38
PC003844;Não informado;E;Baixa;1,0;1,3;23,0;55;100;15;15,89;4,71;🔴 Comprar agora;3,0;1054,95;3538,94
PC000061;Não informado;E;Baixa;6,0;9,9;18,3;55;100;15;19,99;4,71;🔴 Comprar agora;27,0;169,71;4558,43
PC003755;Não informado;E;Baixa;1,0;0,9;35,0;55;100;15;10,44;4,71;🔴 Comprar agora;2,0;1060,18;1970,82
PC005460;Não informado;E;Baixa;12,0;16,5;21,8;55;100;15;16,74;4,71;🔴 Comprar agora;43,0;382,07;16439,08
PC009523;Não informado;E;Baixa;44,0;21,0;63,0;55;100;15;5,79;4,71;🟢 OK;0,0;55,36;0,0
PC007357;Não informado;E;Baixa;4,0;4,0;30,0;55;100;15;12,17;4,71;🔴 Comprar agora;9,0;356,23;3326,58
PC006119;Não informado;E;Baixa;26,0;9,1;86,1;55;100;15;4,24;4,71;🟢 OK;0,0;102,7;0,0
PC002106;Não informado;E;Baixa;100,0;46,0;65,3;55;100;15;5,59;4,71;🟢 OK;0,0;32,5;0,0
PC001745;Não informado;E;Baixa;3,0;5,1;17,8;55;100;15;20,5;4,71;🔴 Comprar agora;14,0;443,72;6146,36
PC008446;Não informado;E;Baixa;3,0;1,0;89,9;55;100;15;4,06;4,71;🟢 OK;0,0;1164,9;0,0
PC005298;Não informado;E;Baixa;27,0;57,9;14,0;55;100;15;26,09;4,71;🚨 RUPTURA IMINENTE;166,0;42,18;7000,99
PC002700;Não informado;E;Baixa;6,0;12,9;14,0;55;100;15;26,1;4,71;🚨 RUPTURA IMINENTE;37,0;117,44;4334,58
PC000277;Não informado;E;Baixa;28,0;19,5;43,2;55;100;15;8,45;4,71;🔴 Comprar agora;37,0;124,83;4598,57
PC000614;Não informado;E;Baixa;12,0;11,0;32,7;55;100;15;11,17;4,71;🔴 Comprar agora;25,0;118,61;2931,91
PC007093;Não informado;E;Baixa;6,0;9,4;19,2;55;100;15;18,98;4,71;🔴 Comprar agora;25,0;255,09;6427,4
PC003057;Não informado;E;Baixa;26,0;13,0;59,9;55;100;15;6,09;4,71;🟢 OK;0,0;105,23;0,0
PC009648;Não informado;E;Baixa;6,0;7,1;25,5;55;100;15;14,3;4,71;🔴 Comprar agora;18,0;682,4;11949,03
PC001913;Não informado;E;Baixa;3,0;3,0;30,0;55;100;15;12,17;4,71;🔴 Comprar agora;7,0;498,54;3492,42
PC007980;Não informado;E;Baixa;3,0;9,4;9,6;55;100;15;37,94;4,71;🚨 RUPTURA IMINENTE;28,0;383,27;10800,34
PC003293;Não informado;E;Média;8,0;6,9;34,8;55;100;15;10,48;4,71;🔴 Comprar agora;15,0;377,78;5651,92
PC007729;Não informado;E;Baixa;12,0;7,7;46,7;55;100;15;7,81;4,71;🔴 Comprar agora;14,0;242,17;3311,54
PC006505;Não informado;E;Baixa;20,0;20,1;29,9;55;100;15;12,22;4,71;🔴 Comprar agora;47,0;57,27;2688,41
PC002977;Não informado;E;Baixa;22,0;23,3;28,4;55;100;15;12,87;4,71;🔴 Comprar agora;56,0;94,46;5246,98
PC005958;Não informado;E;Baixa;16,0;7,0;68,8;55;100;15;5,31;4,71;🟢 OK;0,0;162,9;0,0
PC007453;Não informado;E;Baixa;8,0;3,9;61,0;55;100;15;5,98;4,71;🟢 OK;0,0;376,33;0,0
PC006549;Não informado;E;Baixa;12,0;3,5;102,1;55;100;15;3,58;4,71;🟡 Estoque excessivo;0,0;288,55;0,0
PC005152;Não informado;E;Baixa;6,0;3,2;57,0;55;100;15;6,4;4,71;🟢 OK;0,0;610,43;0,0
PC005972;Não informado;E;Baixa;0,0;1,0;0,0;55;100;15;0,0;4,71;🚨 RUPTURA IMINENTE;3,0;3650,76;12311,83
PC002080;Não informado;E;Baixa;16,0;9,4;50,9;55;100;15;7,17;4,71;🔴 Comprar agora;15,0;140,75;2172,3
PC005303;Não informado;E;Baixa;7,0;6,3;33,3;55;100;15;10,97;4,71;🔴 Comprar agora;14,0;312,41;4387,57
PC006421;Não informado;E;Baixa;2,0;6,1;9,8;55;100;15;37,27;4,71;🚨 RUPTURA IMINENTE;18,0;552,69;10182,22
PC001843;Não informado;E;Baixa;6,0;7,4;24,5;55;100;15;14,92;4,71;🔴 Comprar agora;19,0;250,05;4630,52
PC009976;Não informado;E;Baixa;1,0;9,7;3,1;55;100;15;117,41;4,71;🚨 RUPTURA IMINENTE;31,0;443,28;13816,01
PC005299;Não informado;E;Baixa;17,0;5,1;100,8;55;100;15;3,62;4,71;🟡 Estoque excessivo;0,0;213,19;0,0
PC002138;Não informado;E;Baixa;14,0;5,0;84,5;55;100;15;4,32;4,71;🟢 OK;0,0;257,51;0,0
PC002946;Não informado;E;Baixa;3,0;1,0;89,0;55;100;15;4,1;4,71;🟢 OK;0,0;1151,06;0,0
PC006894;Não informado;E;Baixa;6,0;9,5;18,9;55;100;15;19,36;4,71;🔴 Comprar agora;26,0;506,86;13091,95
PC001812;Não informado;E;Baixa;1,0;3,9;7,6;55;100;15;48,01;4,71;🚨 RUPTURA IMINENTE;12,0;1122,37;13640,97
PC007310;Não informado;E;Baixa;17,0;17,8;28,7;55;100;15;12,71;4,71;🔴 Comprar agora;42,0;271,44;11458,46
PC004539;Não informado;E;Baixa;1,0;2,1;14,4;55;100;15;25,33;4,71;🚨 RUPTURA IMINENTE;6,0;1717,34;10198,93
PC008336;Não informado;E;Baixa;4,0;4,0;30,2;55;100;15;12,08;4,71;🔴 Comprar agora;9,0;341,22;3152,74
PC008902;Não informado;E;Baixa;4,0;8,4;14,3;55;100;15;25,58;4,71;🚨 RUPTURA IMINENTE;24,0;416,66;10015,08
PC001727;Não informado;E;Baixa;3,0;17,6;5,1;55;100;15;71,58;4,71;🚨 RUPTURA IMINENTE;56,0;222,07;12398,86
PC003366;Não informado;E;Baixa;18,0;28,3;19,1;55;100;15;19,14;4,71;🔴 Comprar agora;76,0;123,96;9470,02
PC004470;Não informado;E;Baixa;13,0;17,7;22,0;55;100;15;16,57;4,71;🔴 Comprar agora;46,0;232,8;10715,81
PC009252;Não informado;E;Baixa;3,0;11,0;8,2;55;100;15;44,46;4,71;🚨 RUPTURA IMINENTE;34,0;211,91;7108,84
PC002619;Não informado;E;Baixa;1,0;1,0;29,7;55;100;15;12,27;4,71;🔴 Comprar agora;2,0;1421,85;3358,39
PC000925;Não informado;E;Baixa;21,0;15,5;40,7;55;100;15;8,97;4,71;🔴 Comprar agora;31,0;97,04;2968,09
PC000036;Não informado;E;Baixa;4,0;4,1;29,2;55;100;15;12,48;4,71;🔴 Comprar agora;10,0;1037,51;10041,06
PC008604;Não informado;E;Baixa;4,0;5,8;20,6;55;100;15;17,72;4,71;🔴 Comprar agora;15,0;237,13;3655,77
PC006366;Não informado;E;Baixa;18,0;63,4;8,5;55;100;15;42,87;4,71;🚨 RUPTURA IMINENTE;193,0;63,7;12321,54
PC000104;Não informado;E;Baixa;121,0;53,5;67,8;55;100;15;5,38;4,71;🟢 OK;0,0;29,81;0,0
PC002337;Não informado;E;Baixa;75,0;74,4;30,2;55;100;15;12,07;4,71;🔴 Comprar agora;173,0;45,1;7799,87
PC000507;Não informado;E;Baixa;0,0;2,1;0,0;55;100;15;0,0;4,71;🚨 RUPTURA IMINENTE;7,0;2955,73;21155,07
PC005766;Não informado;E;Baixa;2,0;1,8;33,3;55;100;15;10,96;4,71;🔴 Comprar agora;4,0;593,75;2377,6
PC002911;Não informado;E;Baixa;10,0;4,8;61,9;55;100;15;5,9;4,71;🟢 OK;0,0;277,24;0,0
PC009137;Não informado;E;Baixa;16,0;10,4;46,0;55;100;15;7,93;4,71;🔴 Comprar agora;19,0;172,07;3231,89
PC003744;Não informado;E;Baixa;2,0;6,6;9,1;55;100;15;40,0;4,71;🚨 RUPTURA IMINENTE;20,0;697,09;13883,09
PC000909;Não informado;E;Baixa;1,0;2,2;13,4;55;100;15;27,29;4,71;🚨 RUPTURA IMINENTE;6,0;1747,14;11317,52
PC009418;Não informado;E;Baixa;2,0;1,0;62,4;55;100;15;5,85;4,71;🟢 OK;0,0;1436,36;0,0
PC005652;Não informado;E;Baixa;4,0;4,2;28,8;55;100;15;12,68;4,71;🔴 Comprar agora;10,0;1456,5;14415,92
PC001530;Não informado;E;Média;35,0;23,5;44,8;55;100;15;8,15;4,71;🔴 Comprar agora;43,0;81,9;3537,04
PC006364;Não informado;E;Baixa;26,0;19,9;39,3;55;100;15;9,29;4,71;🔴 Comprar agora;40,0;63,0;2531,53
PC006787;Não informado;E;Baixa;10,0;4,0;74,1;55;100;15;4,92;4,71;🟢 OK;0,0;342,94;0,0
PC003127;Não informado;E;Baixa;1,0;5,8;5,1;55;100;15;70,97;4,71;🚨 RUPTURA IMINENTE;18,0;716,83;13221,17
PC004473;Não informado;E;Baixa;5,0;7,2;21,0;55;100;15;17,41;4,71;🔴 Comprar agora;19,0;695,2;13107,83
PC008861;Não informado;E;Baixa;6,0;9,8;18,4;55;100;15;19,87;4,71;🔴 Comprar agora;27,0;355,07;9467,69
PC000245;Não informado;E;Baixa;26,0;7,8;99,4;55;100;15;3,67;4,71;🟢 OK;0,0;172,84;0,0
PC003806;Não informado;E;Baixa;8,0;4,7;51,4;55;100;15;7,1;4,71;🔴 Comprar agora;8,0;335,42;2534,36
PC002295;Não informado;E;Baixa;1,0;2,0;15,3;55;100;15;23,86;4,71;🔴 Comprar agora;6,0;528,46;2925,93
PC005133;Não informado;E;Baixa;1,0;1,0;28,7;55;100;15;12,74;4,71;🔴 Comprar agora;2,0;4297,3;10699,39
PC005554;Não informado;E;Baixa;20,0;11,1;54,2;55;100;15;6,73;4,71;🔴 Comprar agora;17,0;116,03;1957,58
PC009378;Não informado;E;Baixa;6,0;2,8;64,7;55;100;15;5,64;4,71;🟢 OK;0,0;457,85;0,0
PC000890;Não informado;E;Baixa;102,0;145,7;21,0;55;100;15;17,38;4,71;🔴 Comprar agora;384,0;28,71;11012,5
PC009298;Não informado;E;Baixa;8,0;4,1;59,1;55;100;15;6,18;4,71;🟢 OK;0,0;288,64;0,0
PC003171;Não informado;E;Baixa;2,0;11,8;5,1;55;100;15;71,53;4,71;🚨 RUPTURA IMINENTE;37,0;376,91;14018,28
PC007386;Não informado;E;Baixa;3,0;1,0;88,3;55;100;15;4,14;4,71;🟢 OK;0,0;1310,9;0,0
PC003712;Não informado;E;Baixa;2,0;3,0;20,2;55;100;15;18,06;4,71;🔴 Comprar agora;8,0;472,85;3734,59
PC002016;Não informado;E;Baixa;12,0;5,9;61,2;55;100;15;5,96;4,71;🟢 OK;0,0;211,23;0,0
PC007795;Não informado;E;Baixa;23,0;9,5;72,8;55;100;15;5,01;4,71;🟢 OK;0,0;110,25;0,0
PC003370;Não informado;E;Baixa;3,0;2,6;34,3;55;100;15;10,63;4,71;🔴 Comprar agora;6,0;333,03;1911,03
PC009740;Não informado;E;Média;21,0;14,8;42,5;55;100;15;8,59;4,71;🔴 Comprar agora;28,0;127,26;3618,65
PC001981;Não informado;E;Baixa;15,0;7,9;56,9;55;100;15;6,42;4,71;🟢 OK;0,0;206,98;0,0
PC000113;Não informado;E;Baixa;7,0;27,9;7,5;55;100;15;48,41;4,71;🚨 RUPTURA IMINENTE;86,0;126,68;10875,19
PC007552;Não informado;E;Baixa;6,0;3,1;58,5;55;100;15;6,24;4,71;🟢 OK;0,0;486,26;0,0
PC004128;Não informado;E;Baixa;2,0;5,0;11,9;55;100;15;30,69;4,71;🚨 RUPTURA IMINENTE;15,0;802,98;11895,27
PC002208;Não informado;E;Baixa;12,0;4,0;89,2;55;100;15;4,09;4,71;🟢 OK;0,0;268,88;0,0
PC001400;Não informado;E;Baixa;5,0;5,0;30,2;55;100;15;12,09;4,71;🔴 Comprar agora;12,0;1169,28;13526,75
PC007587;Não informado;E;Baixa;4,0;3,0;40,6;55;100;15;8,99;4,71;🔴 Comprar agora;6,0;410,49;2402,46
PC004032;Não informado;E;Baixa;6,0;2,9;62,7;55;100;15;5,82;4,71;🟢 OK;0,0;448,79;0,0
PC003858;Não informado;E;Baixa;7,0;5,9;35,8;55;100;15;10,18;4,71;🔴 Comprar agora;13,0;863,57;10820,23
PC002809;Não informado;E;Baixa;15,0;12,9;34,9;55;100;15;10,46;4,71;🔴 Comprar agora;28,0;143,84;4027,88
PC001399;Não informado;E;Baixa;3,0;1,0;92,1;55;100;15;3,96;4,71;🟢 OK;0,0;1179,37;0,0
PC008490;Não informado;E;Baixa;10,0;8,3;36,0;55;100;15;10,13;4,71;🔴 Comprar agora;18,0;151,25;2685,54
PC004854;Não informado;E;Baixa;3,0;5,0;17,8;55;100;15;20,48;4,71;🔴 Comprar agora;14,0;271,32;3753,14
PC006615;Não informado;E;Baixa;1,0;1,6;18,4;55;100;15;19,79;4,71;🔴 Comprar agora;4,0;1308,01;5784,83
PC005289;Não informado;E;Baixa;80,0;30,1;79,7;55;100;15;4,58;4,71;🟢 OK;0,0;38,69;0,0
PC007240;Não informado;E;Baixa;5,0;4,0;37,8;55;100;15;9,65;4,71;🔴 Comprar agora;8,0;250,92;2064,03
PC004722;Não informado;E;Baixa;34,0;18,8;54,2;55;100;15;6,73;4,71;🔴 Comprar agora;29,0;82,75;2376,29
PC005076;Não informado;E;Baixa;3,0;1,0;88,2;55;100;15;4,14;4,71;🟢 OK;0,0;1208,4;0,0
PC007674;Não informado;E;Baixa;17,0;52,1;9,8;55;100;15;37,28;4,71;🚨 RUPTURA IMINENTE;157,0;94,46;14794,22
PC001023;Não informado;E;Baixa;7,0;4,8;43,3;55;100;15;8,43;4,71;🔴 Comprar agora;9,0;464,53;4254,31
PC000389;Não informado;E;Baixa;0,0;1,9;0,0;55;100;15;0,0;4,71;🚨 RUPTURA IMINENTE;6,0;2303,83;14810,27
PC002721;Não informado;E;Média;29,0;28,5;30,5;55;100;15;11,97;4,71;🔴 Comprar agora;66,0;62,91;4160,31
PC004224;Não informado;E;Baixa;5,0;3,8;39,9;55;100;15;9,15;4,71;🔴 Comprar agora;8,0;782,76;5901,73
PC008707;Não informado;E;Baixa;10,0;5,9;51,0;55;100;15;7,16;4,71;🔴 Comprar agora;10,0;202,66;1947,89
PC006888;Não informado;E;Baixa;29,0;10,9;79,6;55;100;15;4,59;4,71;🟢 OK;0,0;112,9;0,0
PC007007;Não informado;E;Média;7,0;4,8;43,7;55;100;15;8,36;4,71;🔴 Comprar agora;9,0;455,57;4111,0
PC001920;Não informado;E;Baixa;15,0;9,5;47,6;55;100;15;7,67;4,71;🔴 Comprar agora;17,0;366,37;6052,25
PC007835;Não informado;E;Baixa;8,0;5,0;47,9;55;100;15;7,62;4,71;🔴 Comprar agora;9,0;247,86;2157,5
PC006581;Não informado;E;Baixa;9,0;15,6;17,3;55;100;15;21,05;4,71;🔴 Comprar agora;43,0;157,93;6776,82
PC002173;Não informado;E;Baixa;9,0;4,1;65,7;55;100;15;5,55;4,71;🟢 OK;0,0;247,11;0,0
PC003260;Não informado;E;Baixa;2,0;1,6;37,8;55;100;15;9,66;4,71;🔴 Comprar agora;3,0;1122,79;3697,95
PC000936;Não informado;E;Média;32,0;17,9;53,8;55;100;15;6,79;4,71;🔴 Comprar agora;28,0;118,9;3272,92
PC005809;Não informado;E;Baixa;16,0;4,8;100,1;55;100;15;3,65;4,71;🟡 Estoque excessivo;0,0;239,72;0,0
PC005898;Não informado;E;Baixa;5,0;7,9;19,1;55;100;15;19,14;4,71;🔴 Comprar agora;21,0;175,02;3713,74
PC004741;Não informado;E;Baixa;1,0;2,1;14,4;55;100;15;25,37;4,71;🚨 RUPTURA IMINENTE;6,0;2098,83;12491,63
PC006392;Não informado;E;Baixa;10,0;3,2;93,2;55;100;15;3,92;4,71;🟢 OK;0,0;371,37;0,0
PC007715;Não informado;E;Baixa;2,0;5,2;11,5;55;100;15;31,84;4,71;🚨 RUPTURA IMINENTE;15,0;899,84;13898,07
PC008648;Não informado;E;Baixa;4,0;1,3;92,1;55;100;15;3,96;4,71;🟢 OK;0,0;971,23;0,0
PC003742;Não informado;E;Baixa;1,0;1,0;31,2;55;100;15;11,7;4,71;🔴 Comprar agora;2,0;1348,96;2974,15
PC003666;Não informado;E;Baixa;1,0;7,0;4,3;55;100;15;84,64;4,71;🚨 RUPTURA IMINENTE;22,0;582,05;12915,33
PC004492;Não informado;E;Baixa;24,0;9,0;79,7;55;100;15;4,58;4,71;🟢 OK;0,0;130,86;0,0
PC008889;Não informado;E;Baixa;4,0;2,0;59,3;55;100;15;6,16;4,71;🟢 OK;0,0;560,54;0,0
PC008594;Não informado;E;Baixa;4,0;1,4;87,2;55;100;15;4,19;4,71;🟢 OK;0,0;820,93;0,0
PC000586;Não informado;E;Baixa;1,0;1,0;29,8;55;100;15;12,24;4,71;🔴 Comprar agora;2,0;1233,83;2902,86
PC004022;Não informado;E;Baixa;10,0;6,2;48,4;55;100;15;7,55;4,71;🔴 Comprar agora;11,0;160,94;1717,86
PC004534;Não informado;E;Baixa;11,0;3,9;85,2;55;100;15;4,29;4,71;🟢 OK;0,0;338,37;0,0
PC007141;Não informado;E;Baixa;2,0;1,9;32,3;55;100;15;11,29;4,71;🔴 Comprar agora;4,0;1429,28;5983,32
PC007635;Não informado;E;Baixa;6,0;2,7;67,7;55;100;15;5,39;4,71;🟢 OK;0,0;407,17;0,0
PC003216;Não informado;E;Baixa;1,0;3,0;10,0;55;100;15;36,67;4,71;🚨 RUPTURA IMINENTE;9,0;1159,9;10494,22
PC000308;Não informado;E;Baixa;1,0;4,0;7,5;55;100;15;48,67;4,71;🚨 RUPTURA IMINENTE;12,0;1129,05;13926,77
PC003112;Não informado;E;Baixa;31,0;38,6;24,1;55;100;15;15,14;4,71;🔴 Comprar agora;98,0;44,44;4337,68
PC007452;Não informado;E;Baixa;3,0;4,1;21,7;55;100;15;16,81;4,71;🔴 Comprar agora;11,0;309,28;3344,94
PC006131;Não informado;E;Baixa;14,0;7,0;60,2;55;100;15;6,06;4,71;🟢 OK;0,0;156,53;0,0
PC001094;Não informado;E;Baixa;27,0;12,0;67,3;55;100;15;5,42;4,71;🟢 OK;0,0;129,7;0,0
PC007159;Não informado;E;Baixa;2,0;1,6;37,5;55;100;15;9,72;4,71;🔴 Comprar agora;3,0;1272,64;4235,89
PC005516;Não informado;E;Baixa;12,0;8,3;43,2;55;100;15;8,44;4,71;🔴 Comprar agora;16,0;136,6;2151,2
PC003910;Não informado;E;Baixa;50,0;16,0;93,8;55;100;15;3,89;4,71;🟢 OK;0,0;71,39;0,0
PC004337;Não informado;E;Baixa;17,0;8,3;61,7;55;100;15;5,92;4,71;🟢 OK;0,0;135,31;0,0
PC002454;Não informado;E;Baixa;2,0;4,2;14,4;55;100;15;25,33;4,71;🚨 RUPTURA IMINENTE;12,0;1033,87;12281,93
PC003571;Não informado;E;Baixa;10,0;8,2;36,7;55;100;15;9,94;4,71;🔴 Comprar agora;17,0;202,2;3486,39
PC009538;Não informado;E;Baixa;2,0;1,0;59,0;55;100;15;6,19;4,71;🟢 OK;0,0;1288,95;0,0
PC009437;Não informado;E;Baixa;2,0;4,1;14,7;55;100;15;24,76;4,71;🚨 RUPTURA IMINENTE;12,0;235,91;2728,29
PC000947;Não informado;E;Baixa;9,0;5,0;54,0;55;100;15;6,76;4,71;🔴 Comprar agora;8,0;261,16;2003,28
PC004133;Não informado;E;Baixa;2,0;4,0;15,0;55;100;15;24,37;4,71;🚨 RUPTURA IMINENTE;11,0;329,79;3744,35
PC005867;Não informado;E;Baixa;2,0;1,0;57,8;55;100;15;6,32;4,71;🟢 OK;0,0;1212,36;0,0
PC001026;Não informado;E;Baixa;4,0;7,2;16,7;55;100;15;21,81;4,71;🔴 Comprar agora;20,0;752,79;14983,05
PC006646;Não informado;E;Baixa;13,0;4,0;96,7;55;100;15;3,78;4,71;🟢 OK;0,0;291,38;0,0
PC007174;Não informado;E;Baixa;4,0;6,1;19,6;55;100;15;18,64;4,71;🔴 Comprar agora;16,0;1169,76;19213,45
PC004104;Não informado;E;Baixa;2,0;2,1;29,0;55;100;15;12,58;4,71;🔴 Comprar agora;5,0;490,49;2400,47
PC000818;Não informado;E;Baixa;52,0;16,2;96,3;55;100;15;3,79;4,71;🟢 OK;0,0;56,12;0,0
PC005189;Não informado;E;Baixa;6,0;2,1;86,5;55;100;15;4,22;4,71;🟢 OK;0,0;478,22;0,0
PC000616;Não informado;E;Baixa;7,0;10,8;19,4;55;100;15;18,85;4,71;🔴 Comprar agora;29,0;112,98;3293,64
PC007971;Não informado;E;Baixa;1,0;3,9;7,7;55;100;15;47,51;4,71;🚨 RUPTURA IMINENTE;12,0;1113,95;13385,37
PC005785;Não informado;E;Baixa;0,0;1,0;0,0;55;100;15;0,0;4,71;🚨 RUPTURA IMINENTE;3,0;2670,74;8884,94
PC005900;Não informado;E;Baixa;15,0;5,1;88,3;55;100;15;4,13;4,71;🟢 OK;0,0;198,62;0,0
PC002796;Não informado;E;Baixa;27,0;9,9;81,8;55;100;15;4,46;4,71;🟢 OK;0,0;129,42;0,0
PC002741;Não informado;E;Baixa;2,0;9,2;6,5;55;100;15;55,88;4,71;🚨 RUPTURA IMINENTE;29,0;336,16;9621,53
PC003182;Não informado;E;Baixa;3,0;1,1;84,1;55;100;15;4,34;4,71;🟢 OK;0,0;966,3;0,0
PC007887;Não informado;E;Baixa;1,0;3,2;9,4;55;100;15;38,87;4,71;🚨 RUPTURA IMINENTE;10,0;1105,69;10669,12
PC009914;Não informado;E;Baixa;26,0;10,2;76,3;55;100;15;4,78;4,71;🟢 OK;0,0;105,75;0,0
PC000486;Não informado;E;Baixa;10,0;3,1;95,9;55;100;15;3,8;4,71;🟢 OK;0,0;311,49;0,0
PC001341;Não informado;E;Baixa;11,0;6,3;52,3;55;100;15;6,98;4,71;🔴 Comprar agora;10,0;328,86;3301,47
PC000136;Não informado;E;Baixa;1,0;1,0;29,8;55;100;15;12,25;4,71;🔴 Comprar agora;2,0;1338,63;3154,93
PC006448;Não informado;E;Baixa;5,0;10,1;14,9;55;100;15;24,49;4,71;🚨 RUPTURA IMINENTE;29,0;511,53;14600,72
PC005160;Não informado;E;Baixa;14,0;31,2;13,5;55;100;15;27,13;4,71;🚨 RUPTURA IMINENTE;90,0;97,7;8798,14
PC006234;Não informado;E;Baixa;1,0;1,0;30,1;55;100;15;12,14;4,71;🔴 Comprar agora;2,0;915,52;2129,51
PC005941;Não informado;E;Baixa;3,0;1,3;67,8;55;100;15;5,38;4,71;🟢 OK;0,0;1118,16;0,0
PC007071;Não informado;E;Baixa;2,0;1,8;33,1;55;100;15;11,04;4,71;🔴 Comprar agora;4,0;578,71;2344,52
PC000861;Não informado;E;Baixa;6,0;4,1;44,1;55;100;15;8,28;4,71;🔴 Comprar agora;8,0;320,15;2438,51
PC002258;Não informado;E;Baixa;3,0;6,7;13,4;55;100;15;27,19;4,71;🚨 RUPTURA IMINENTE;19,0;588,31;11380,81
PC000284;Não informado;E;Baixa;11,0;3,6;90,5;55;100;15;4,03;4,71;🟢 OK;0,0;265,71;0,0
PC000185;Não informado;E;Baixa;11,0;7,7;42,9;55;100;15;8,51;4,71;🔴 Comprar agora;15,0;139,93;2049,79
PC007575;Não informado;E;Baixa;2,0;5,0;12,0;55;100;15;30,46;4,71;🚨 RUPTURA IMINENTE;15,0;1155,17;16968,17
PC007945;Não informado;E;Baixa;1,0;6,1;4,9;55;100;15;74,08;4,71;🚨 RUPTURA IMINENTE;19,0;781,28;15075,0
PC003603;Não informado;E;Baixa;6,0;2,9;62,4;55;100;15;5,85;4,71;🟢 OK;0,0;307,3;0,0
PC002765;Não informado;E;Baixa;1,0;1,0;29,0;55;100;15;12,6;4,71;🔴 Comprar agora;2,0;4983,51;12223,78
PC004939;Não informado;E;Baixa;3,0;3,0;29,6;55;100;15;12,32;4,71;🔴 Comprar agora;7,0;440,98;3143,17
PC006979;Não informado;E;Baixa;23,0;16,5;41,7;55;100;15;8,75;4,71;🔴 Comprar agora;32,0;232,09;7453,1
PC005392;Não informado;E;Baixa;4,0;6,6;18,1;55;100;15;20,14;4,71;🔴 Comprar agora;18,0;164,33;2969,52
PC002726;Não informado;E;Baixa;5,0;4,9;30,7;55;100;15;11,89;4,71;🔴 Comprar agora;11,0;359,56;4058,89
PC008478;Não informado;E;Baixa;2,0;1,8;33,2;55;100;15;11,0;4,71;🔴 Comprar agora;4,0;656,06;2641,0
PC000591;Não informado;E;Baixa;6,0;1,8;98,8;55;100;15;3,69;4,71;🟢 OK;0,0;510,72;0,0
PC009439;Não informado;E;Baixa;2,0;0,9;64,0;55;100;15;5,7;4,71;🟢 OK;0,0;1352,81;0,0
PC009441;Não informado;E;Baixa;211,0;70,0;90,4;55;100;15;4,04;4,71;🟢 OK;0,0;17,57;0,0
PC007091;Não informado;E;Baixa;15,0;33,1;13,6;55;100;15;26,87;4,71;🚨 RUPTURA IMINENTE;95,0;283,84;27083,86
PC009336;Não informado;E;Baixa;4,0;11,7;10,2;55;100;15;35,66;4,71;🚨 RUPTURA IMINENTE;35,0;392,75;13776,56
PC008087;Não informado;E;Baixa;3,0;6,9;13,1;55;100;15;27,9;4,71;🚨 RUPTURA IMINENTE;20,0;775,4;15451,76
PC003430;Não informado;E;Baixa;3,0;5,0;18,1;55;100;15;20,12;4,71;🔴 Comprar agora;14,0;214,79;2908,4
PC006017;Não informado;E;Baixa;2,0;2,0;30,1;55;100;15;12,14;4,71;🔴 Comprar agora;5,0;486,19;2262,4
PC007926;Não informado;E;Baixa;23,0;29,1;23,7;55;100;15;15,41;4,71;🔴 Comprar agora;74,0;126,52;9377,33
PC000092;Não informado;E;Baixa;23,0;25,5;27,1;55;100;15;13,49;4,71;🔴 Comprar agora;62,0;205,3;12723,65
PC005233;Não informado;E;Baixa;10,0;9,0;33,3;55;100;15;10,96;4,71;🔴 Comprar agora;20,0;112,41;2249,8
PC001836;Não informado;E;Baixa;6,0;1,9;95,7;55;100;15;3,81;4,71;🟢 OK;0,0;464,14;0,0
PC008887;Não informado;E;Baixa;2,0;1,0;57,8;55;100;15;6,32;4,71;🟢 OK;0,0;1315,45;0,0
PC001451;Não informado;E;Baixa;2,0;6,0;9,9;55;100;15;36,71;4,71;🚨 RUPTURA IMINENTE;18,0;1107,99;20069,11
PC002768;Não informado;E;Baixa;15,0;16,8;26,7;55;100;15;13,66;4,71;🔴 Comprar agora;41,0;128,54;5286,2
PC005661;Não informado;E;Baixa;4,0;6,0;20,1;55;100;15;18,17;4,71;🔴 Comprar agora;16,0;172,97;2751,84
PC008669;Não informado;E;Baixa;3,0;3,1;28,7;55;100;15;12,73;4,71;🔴 Comprar agora;7,0;302,13;2255,07
PC006026;Não informado;E;Baixa;5,0;4,1;36,4;55;100;15;10,02;4,71;🔴 Comprar agora;9,0;889,05;7759,15
PC009574;Não informado;E;Baixa;5,0;2,1;73,0;55;100;15;5,0;4,71;🟢 OK;0,0;552,26;0,0
PC005022;Não informado;E;Baixa;3,0;2,6;34,0;55;100;15;10,73;4,71;🔴 Comprar agora;6,0;479,93;2794,07
PC002988;Não informado;E;Baixa;10,0;7,1;42,1;55;100;15;8,67;4,71;🔴 Comprar agora;14,0;176,11;2423,6
PC003029;Não informado;E;Baixa;13,0;28,7;13,6;55;100;15;26,84;4,71;🚨 RUPTURA IMINENTE;83,0;183,0;15116,05
PC000765;Não informado;E;Baixa;10,0;8,8;34,1;55;100;15;10,71;4,71;🔴 Comprar agora;19,0;122,87;2376,96
PC006705;Não informado;E;Baixa;7,0;8,9;23,5;55;100;15;15,52;4,71;🔴 Comprar agora;23,0;377,31;8590,55
PC008630;Não informado;E;Baixa;6,0;4,1;44,2;55;100;15;8,25;4,71;🔴 Comprar agora;8,0;262,11;1981,44
PC003613;Não informado;E;Baixa;9,0;7,9;34,3;55;100;15;10,65;4,71;🔴 Comprar agora;17,0;228,88;3951,68
PC002442;Não informado;E;Baixa;25,0;16,0;46,8;55;100;15;7,79;4,71;🔴 Comprar agora;28,0;96,61;2740,16
PC008395;Não informado;E;Média;5,0;9,9;15,1;55;100;15;24,15;4,71;🔴 Comprar agora;28,0;171,74;4822,07
PC003812;Não informado;E;Baixa;22,0;10,2;64,7;55;100;15;5,64;4,71;🟢 OK;0,0;106,9;0,0
PC003584;Não informado;E;Baixa;12,0;4,0;90,8;55;100;15;4,02;4,71;🟢 OK;0,0;270,86;0,0
PC009832;Não informado;E;Baixa;20,0;16,8;35,6;55;100;15;10,24;4,71;🔴 Comprar agora;36,0;60,78;2195,14
PC009598;Não informado;E;Baixa;13,0;6,9;56,1;55;100;15;6,5;4,71;🟢 OK;0,0;387,48;0,0
PC003114;Não informado;E;Baixa;5,0;2,0;74,0;55;100;15;4,93;4,71;🟢 OK;0,0;542,89;0,0
PC004235;Não informado;E;Baixa;14,0;8,3;50,8;55;100;15;7,18;4,71;🔴 Comprar agora;14,0;425,45;5763,93
PC005143;Não informado;E;Baixa;1,0;0,8;35,6;55;100;15;10,26;4,71;🔴 Comprar agora;2,0;1037,33;1877,94
PC006259;Não informado;E;Baixa;17,0;8,2;61,9;55;100;15;5,9;4,71;🟢 OK;0,0;161,49;0,0
PC001014;Não informado;E;Baixa;17,0;34,0;15,0;55;100;15;24,36;4,71;🚨 RUPTURA IMINENTE;96,0;59,07;5698,45
PC000880;Não informado;E;Baixa;1,0;1,3;22,5;55;100;15;16,22;4,71;🔴 Comprar agora;3,0;884,94;3048,62
PC009769;Não informado;E;Baixa;18,0;10,0;54,0;55;100;15;6,76;4,71;🔴 Comprar agora;15,0;85,03;1303,98
PC004723;Não informado;E;Baixa;24,0;13,9;51,9;55;100;15;7,03;4,71;🔴 Comprar agora;22,0;68,16;1515,67
PC006299;Não informado;E;Baixa;6,0;3,0;59,8;55;100;15;6,1;4,71;🟢 OK;0,0;423,81;0,0
PC003184;Não informado;E;Baixa;1,0;11,6;2,6;55;100;15;141,37;4,71;🚨 RUPTURA IMINENTE;38,0;317,75;11988,75
PC003528;Não informado;E;Baixa;1,0;1,0;30,0;55;100;15;12,17;4,71;🔴 Comprar agora;2,0;1182,8;2759,54
PC007258;Não informado;E;Baixa;2,0;6,9;8,7;55;100;15;42,04;4,71;🚨 RUPTURA IMINENTE;21,0;431,46;9075,24
PC004070;Não informado;E;Média;11,0;9,5;34,6;55;100;15;10,55;4,71;🔴 Comprar agora;21,0;164,08;3412,54
PC003443;Não informado;E;Baixa;3,0;15,2;5,9;55;100;15;61,58;4,71;🚨 RUPTURA IMINENTE;48,0;227,15;10815,11
PC008139;Não informado;E;Baixa;22,0;6,3;104,7;55;100;15;3,49;4,71;🟡 Estoque excessivo;0,0;155,29;0,0
PC001910;Não informado;E;Baixa;28,0;25,7;32,7;55;100;15;11,17;4,71;🔴 Comprar agora;58,0;329,91;19043,6
PC008113;Não informado;E;Baixa;7,0;14,5;14,5;55;100;15;25,22;4,71;🚨 RUPTURA IMINENTE;41,0;234,16;9685,37
PC005262;Não informado;E;Baixa;8,0;8,0;30,1;55;100;15;12,14;4,71;🔴 Comprar agora;19,0;453,48;8443,13
PC005077;Não informado;E;Baixa;4,0;11,9;10,1;55;100;15;36,27;4,71;🚨 RUPTURA IMINENTE;36,0;301,57;10781,53
PC000313;Não informado;E;Média;9,0;4,7;57,0;55;100;15;6,41;4,71;🟢 OK;0,0;406,3;0,0
PC000730;Não informado;E;Baixa;1,0;1,9;15,4;55;100;15;23,63;4,71;🔴 Comprar agora;5,0;2740,32;15002,49
PC008713;Não informado;E;Baixa;5,0;1,8;81,6;55;100;15;4,47;4,71;🟢 OK;0,0;608,45;0,0
PC008566;Não informado;E;Baixa;26,0;21,9;35,7;55;100;15;10,23;4,71;🔴 Comprar agora;47,0;59,62;2794,79
PC006011;Não informado;E;Baixa;1,0;3,1;9,7;55;100;15;37,45;4,71;🚨 RUPTURA IMINENTE;9,0;1831,81;16965,34
PC001538;Não informado;E;Baixa;1,0;3,0;10,0;55;100;15;36,49;4,71;🚨 RUPTURA IMINENTE;9,0;1245,68;11208,27
PC004026;Não informado;E;Baixa;68,0;43,2;47,2;55;100;15;7,73;4,71;🔴 Comprar agora;76,0;31,16;2369,29
PC008716;Não informado;E;Baixa;15,0;5,1;87,6;55;100;15;4,17;4,71;🟢 OK;0,0;178,5;0,0
PC009126;Não informado;E;Baixa;3,0;1,3;70,0;55;100;15;5,21;4,71;🟢 OK;0,0;827,52;0,0
PC005842;Não informado;E;Baixa;3,0;1,0;87,4;55;100;15;4,18;4,71;🟢 OK;0,0;1037,64;0,0
PC003620;Não informado;E;Baixa;5,0;2,0;73,9;55;100;15;4,94;4,71;🟢 OK;0,0;599,92;0,0
PC004982;Não informado;E;Baixa;10,0;59,5;5,0;55;100;15;72,34;4,71;🚨 RUPTURA IMINENTE;188,0;61,64;11600,33
PC000189;Não informado;E;Baixa;4,0;2,9;41,7;55;100;15;8,75;4,71;🔴 Comprar agora;6,0;376,14;2103,89
PC008736;Não informado;E;Baixa;3,0;3,2;27,7;55;100;15;13,16;4,71;🔴 Comprar agora;8,0;587,29;4592,74
PC000029;Não informado;E;Baixa;26,0;13,8;56,4;55;100;15;6,48;4,71;🟢 OK;0,0;64,01;0,0
PC008033;Não informado;E;Baixa;24,0;12,8;56,4;55;100;15;6,47;4,71;🟢 OK;0,0;76,31;0,0
PC006956;Não informado;E;Baixa;5,0;6,6;22,7;55;100;15;16,11;4,71;🔴 Comprar agora;17,0;181,97;3105,64
PC007267;Não informado;E;Baixa;16,0;5,5;88,0;55;100;15;4,15;4,71;🟢 OK;0,0;144,88;0,0
PC000526;Não informado;E;Baixa;4,0;10,0;12,0;55;100;15;30,37;4,71;🚨 RUPTURA IMINENTE;29,0;350,91;10277,28
PC008460;Não informado;E;Baixa;43,0;15,7;82,2;55;100;15;4,44;4,71;🟢 OK;0,0;65,09;0,0
PC009725;Não informado;E;Baixa;20,0;12,0;50,0;55;100;15;7,3;4,71;🔴 Comprar agora;20,0;76,61;1532,85
PC000137;Não informado;E;Baixa;2,0;2,0;29,7;55;100;15;12,29;4,71;🔴 Comprar agora;5,0;430,45;2038,25
PC003867;Não informado;E;Baixa;4,0;43,8;2,7;55;100;15;133,15;4,71;🚨 RUPTURA IMINENTE;142,0;106,83;15161,29
PC004501;Não informado;E;Baixa;2,0;10,3;5,8;55;100;15;62,77;4,71;🚨 RUPTURA IMINENTE;32,0;412,05;13348,13
PC001038;Não informado;E;Baixa;16,0;36,3;13,2;55;100;15;27,57;4,71;🚨 RUPTURA IMINENTE;105,0;148,76;15597,03
PC000605;Não informado;E;Baixa;3,0;3,9;23,3;55;100;15;15,64;4,71;🔴 Comprar agora;10,0;314,18;3095,67
PC001891;Não informado;E;Baixa;1,0;5,0;5,9;55;100;15;61,36;4,71;🚨 RUPTURA IMINENTE;16,0;1548,68;24486,3
PC005929;Não informado;E;Baixa;29,0;10,2;85,5;55;100;15;4,27;4,71;🟢 OK;0,0;77,92;0,0
PC006219;Não informado;E;Média;17,0;21,5;23,8;55;100;15;15,36;4,71;🔴 Comprar agora;55,0;93,75;5114,53
PC004643;Não informado;E;Média;3,0;1,7;53,3;55;100;15;6,84;4,71;🔴 Comprar agora;3,0;1110,37;2913,48
PC008839;Não informado;E;Baixa;4,0;4,7;25,3;55;100;15;14,43;4,71;🔴 Comprar agora;12,0;362,83;4285,16
PC008966;Não informado;E;Baixa;4,0;3,2;37,2;55;100;15;9,82;4,71;🔴 Comprar agora;7,0;614,09;4154,19
PC000915;Não informado;E;Baixa;2,0;1,9;31,0;55;100;15;11,77;4,71;🔴 Comprar agora;4,0;579,37;2578,38
PC003980;Não informado;E;Baixa;13,0;14,0;27,8;55;100;15;13,14;4,71;🔴 Comprar agora;34,0;281,21;9500,5
PC007894;Não informado;E;Baixa;2,0;1,6;38,6;55;100;15;9,46;4,71;🔴 Comprar agora;3,0;1197,61;3815,28
PC001032;Não informado;E;Baixa;1,0;5,8;5,1;55;100;15;71,06;4,71;🚨 RUPTURA IMINENTE;18,0;837,05;15459,35
PC000474;Não informado;E;Baixa;7,0;3,0;70,6;55;100;15;5,17;4,71;🟢 OK;0,0;391,06;0,0
PC005089;Não informado;E;Baixa;15,0;11,9;37,7;55;100;15;9,68;4,71;🔴 Comprar agora;25,0;98,72;2446,68
PC007324;Não informado;E;Baixa;22,0;7,1;93,5;55;100;15;3,9;4,71;🟢 OK;0,0;133,26;0,0
PC004455;Não informado;E;Baixa;2,0;6,3;9,5;55;100;15;38,41;4,71;🚨 RUPTURA IMINENTE;19,0;540,91;10303,6
PC006600;Não informado;E;Baixa;3,0;1,6;57,1;55;100;15;6,4;4,71;🟢 OK;0,0;1101,19;0,0
PC009111;Não informado;E;Baixa;2,0;1,3;47,3;55;100;15;7,72;4,71;🔴 Comprar agora;2,0;895,64;1996,44
PC006288;Não informado;E;Baixa;1,0;3,1;9,8;55;100;15;37,35;4,71;🚨 RUPTURA IMINENTE;9,0;851,91;7865,67
PC005973;Não informado;E;Baixa;6,0;15,1;11,9;55;100;15;30,69;4,71;🚨 RUPTURA IMINENTE;44,0;492,5;21892,15
PC006828;Não informado;E;Média;6,0;4,8;37,3;55;100;15;9,79;4,71;🔴 Comprar agora;10,0;346,07;3493,36
PC000447;Não informado;E;Baixa;4,0;4,5;26,9;55;100;15;13,58;4,71;🔴 Comprar agora;11,0;190,08;2069,48
PC007515;Não informado;E;Baixa;15,0;9,1;49,5;55;100;15;7,37;4,71;🔴 Comprar agora;15,0;109,67;1677,47
PC008121;Não informado;E;Baixa;5,0;2,0;74,2;55;100;15;4,92;4,71;🟢 OK;0,0;605,75;0,0
PC009572;Não informado;E;Baixa;2,0;2,8;21,7;55;100;15;16,84;4,71;🔴 Comprar agora;7,0;430,21;3110,02
PC006321;Não informado;E;Baixa;7,0;3,1;68,7;55;100;15;5,31;4,71;🟢 OK;0,0;392,34;0,0
PC006257;Não informado;E;Baixa;6,0;6,0;29,9;55;100;15;12,2;4,71;🔴 Comprar agora;14,0;163,27;2295,66
PC001512;Não informado;E;Baixa;47,0;61,1;23,1;55;100;15;15,82;4,71;🔴 Comprar agora;157,0;55,41;8684,46
PC006924;Não informado;E;Baixa;4,0;5,1;23,7;55;100;15;15,43;4,71;🔴 Comprar agora;13,0;214,91;2773,59
PC001750;Não informado;E;Baixa;8,0;3,0;80,1;55;100;15;4,56;4,71;🟢 OK;0,0;318,14;0,0
PC007916;Não informado;E;Baixa;1,0;2,0;15,2;55;100;15;24,05;4,71;🔴 Comprar agora;6,0;556,8;3111,25
PC009631;Não informado;E;Baixa;2,0;0,9;67,3;55;100;15;5,43;4,71;🟢 OK;0,0;1058,25;0,0
PC008871;Não informado;E;Baixa;1,0;0,9;32,9;55;100;15;11,1;4,71;🔴 Comprar agora;2,0;1187,3;2422,13
PC000186;Não informado;E;Baixa;16,0;17,7;27,2;55;100;15;13,43;4,71;🔴 Comprar agora;43,0;49,89;2138,3
PC001423;Não informado;E;Baixa;8,0;8,1;29,7;55;100;15;12,3;4,71;🔴 Comprar agora;19,0;370,96;7036,67
PC006557;Não informado;E;Baixa;9,0;3,0;89,6;55;100;15;4,07;4,71;🟢 OK;0,0;277,23;0,0
PC000682;Não informado;E;Baixa;11,0;8,6;38,2;55;100;15;9,56;4,71;🔴 Comprar agora;18,0;111,56;1986,29
PC005678;Não informado;E;Baixa;5,0;6,6;22,6;55;100;15;16,17;4,71;🔴 Comprar agora;17,0;900,34;15439,34
PC004332;Não informado;E;Baixa;4,0;2,7;44,9;55;100;15;8,14;4,71;🔴 Comprar agora;5,0;298,5;1467,31
PC002143;Não informado;E;Baixa;2,0;2,0;30,7;55;100;15;11,88;4,71;🔴 Comprar agora;5,0;568,41;2563,39
PC009622;Não informado;E;Baixa;5,0;5,2;28,8;55;100;15;12,67;4,71;🔴 Comprar agora;12,0;654,21;8082,33
PC001565;Não informado;E;Média;36,0;23,1;46,7;55;100;15;7,82;4,71;🔴 Comprar agora;41,0;61,38;2525,23
PC009267;Não informado;E;Baixa;24,0;15,6;46,0;55;100;15;7,93;4,71;🔴 Comprar agora;28,0;96,01;2700,01
PC008234;Não informado;E;Baixa;3,0;4,0;22,4;55;100;15;16,28;4,71;🔴 Comprar agora;10,0;273,58;2839,79
PC000112;Não informado;E;Baixa;1,0;1,0;29,0;55;100;15;12,59;4,71;🔴 Comprar agora;2,0;933,36;2285,31
PC000174;Não informado;E;Baixa;6,0;2,5;71,1;55;100;15;5,13;4,71;🟢 OK;0,0;508,72;0,0
PC000856;Não informado;E;Baixa;1,0;1,9;15,5;55;100;15;23,62;4,71;🔴 Comprar agora;5,0;2588,81;14162,12
PC008793;Não informado;E;Baixa;10,0;2,9;102,2;55;100;15;3,57;4,71;🟡 Estoque excessivo;0,0;306,74;0,0
PC007276;Não informado;E;Baixa;1,0;1,0;31,4;55;100;15;11,64;4,71;🔴 Comprar agora;2,0;1237,43;2708,1
PC003121;Não informado;E;Baixa;2,0;3,0;20,2;55;100;15;18,08;4,71;🔴 Comprar agora;8,0;345,39;2730,52
PC008737;Não informado;E;Baixa;45,0;17,1;78,9;55;100;15;4,63;4,71;🟢 OK;0,0;54,16;0,0
PC008894;Não informado;E;Baixa;1,0;0,9;34,6;55;100;15;10,54;4,71;🔴 Comprar agora;2,0;1223,48;2310,19
PC004977;Não informado;E;Média;12,0;6,9;52,3;55;100;15;6,98;4,71;🔴 Comprar agora;11,0;316,02;3460,4
PC006915;Não informado;E;Baixa;8,0;4,6;52,4;55;100;15;6,96;4,71;🔴 Comprar agora;7,0;338,38;2454,92
PC008569;Não informado;E;Baixa;8,0;5,9;40,3;55;100;15;9,05;4,71;🔴 Comprar agora;12,0;153,95;1821,09
PC001747;Não informado;E;Baixa;6,0;2,0;91,2;55;100;15;4,0;4,71;🟢 OK;0,0;503,88;0,0
PC001888;Não informado;E;Baixa;18,0;7,0;76,6;55;100;15;4,76;4,71;🟢 OK;0,0;137,95;0,0
PC004114;Não informado;E;Baixa;6,0;17,6;10,2;55;100;15;35,74;4,71;🚨 RUPTURA IMINENTE;53,0;249,26;13147,11
PC008961;Não informado;E;Baixa;1,0;5,1;5,9;55;100;15;61,69;4,71;🚨 RUPTURA IMINENTE;16,0;704,47;11201,25
PC004546;Não informado;E;Baixa;1,0;1,9;16,0;55;100;15;22,75;4,71;🔴 Comprar agora;5,0;575,7;3012,57
PC002950;Não informado;E;Baixa;6,0;2,1;85,8;55;100;15;4,26;4,71;🟢 OK;0,0;465,26;0,0
PC009760;Não informado;E;Baixa;20,0;6,8;88,3;55;100;15;4,13;4,71;🟢 OK;0,0;152,82;0,0
PC004401;Não informado;E;Baixa;9,0;4,1;65,4;55;100;15;5,58;4,71;🟢 OK;0,0;244,54;0,0
PC006376;Não informado;E;Baixa;59,0;37,1;47,7;55;100;15;7,65;4,71;🔴 Comprar agora;65,0;51,44;3327,54
PC004873;Não informado;E;Baixa;13,0;5,1;76,6;55;100;15;4,77;4,71;🟢 OK;0,0;221,05;0,0
PC003187;Não informado;E;Baixa;4,0;3,1;38,8;55;100;15;9,41;4,71;🔴 Comprar agora;6,0;275,03;1736,89
PC005051;Não informado;E;Baixa;5,0;2,8;54,2;55;100;15;6,74;4,71;🔴 Comprar agora;4,0;370,02;1566,15
PC008426;Não informado;E;Baixa;6,0;3,1;58,7;55;100;15;6,22;4,71;🟢 OK;0,0;390,41;0,0
PC004300;Não informado;E;Baixa;17,0;6,8;74,8;55;100;15;4,88;4,71;🟢 OK;0,0;141,91;0,0
PC008410;Não informado;E;Baixa;1,0;1,5;19,4;55;100;15;18,82;4,71;🔴 Comprar agora;4,0;1031,38;4285,55
PC009891;Não informado;E;Baixa;1,0;2,0;15,0;55;100;15;24,39;4,71;🚨 RUPTURA IMINENTE;6,0;1331,63;7565,33
PC003097;Não informado;E;Baixa;1,0;2,1;14,1;55;100;15;25,9;4,71;🚨 RUPTURA IMINENTE;6,0;2632,32;16044,44
PC005514;Não informado;E;Baixa;1,0;1,1;28,4;55;100;15;12,87;4,71;🔴 Comprar agora;3,0;998,35;2523,06
PC008307;Não informado;E;Baixa;3,0;3,9;22,9;55;100;15;15,95;4,71;🔴 Comprar agora;10,0;238,15;2406,78
PC005156;Não informado;E;Baixa;2,0;8,5;7,0;55;100;15;52,01;4,71;🚨 RUPTURA IMINENTE;26,0;454,12;12032,42
PC008553;Não informado;E;Baixa;82,0;55,8;44,0;55;100;15;8,29;4,71;🔴 Comprar agora;104,0;16,57;1726,01
PC006099;Não informado;E;Baixa;8,0;10,4;23,0;55;100;15;15,85;4,71;🔴 Comprar agora;27,0;375,96;10053,46
PC007473;Não informado;E;Baixa;12,0;20,3;17,8;55;100;15;20,56;4,71;🔴 Comprar agora;56,0;95,19;5291,33
PC006347;Não informado;E;Baixa;4,0;2,1;58,2;55;100;15;6,27;4,71;🟢 OK;0,0;586,87;0,0
PC000933;Não informado;E;Baixa;1,0;1,0;30,1;55;100;15;12,12;4,71;🔴 Comprar agora;2,0;1173,91;2723,11
PC005282;Não informado;E;Baixa;4,0;18,5;6,5;55;100;15;56,26;4,71;🚨 RUPTURA IMINENTE;58,0;148,8;8579,06
PC006818;Não informado;E;Baixa;2,0;1,9;32,2;55;100;15;11,35;4,71;🔴 Comprar agora;4,0;552,3;2329,02
PC000582;Não informado;E;Baixa;23,0;10,3;67,3;55;100;15;5,43;4,71;🟢 OK;0,0;106,18;0,0
PC001448;Não informado;E;Baixa;16,0;9,5;50,4;55;100;15;7,24;4,71;🔴 Comprar agora;16,0;92,26;1453,15
PC000442;Não informado;E;Baixa;24,0;8,9;80,9;55;100;15;4,51;4,71;🟢 OK;0,0;132,82;0,0
PC009012;Não informado;E;Baixa;1,0;1,0;29,5;55;100;15;12,35;4,71;🔴 Comprar agora;2,0;3793,54;9045,85
PC007224;Não informado;E;Baixa;8,0;5,9;40,7;55;100;15;8,96;4,71;🔴 Comprar agora;12,0;154,67;1800,23
PC000469;Não informado;E;Baixa;2,0;3,7;16,0;55;100;15;22,75;4,71;🔴 Comprar agora;10,0;284,87;2981,86
PC000349;Não informado;E;Baixa;5,0;4,7;32,0;55;100;15;11,41;4,71;🔴 Comprar agora;11,0;415,23;4413,04
PC009588;Não informado;E;Baixa;2,0;3,1;19,5;55;100;15;18,73;4,71;🔴 Comprar agora;8,0;1600,6;13224,16
PC007148;Não informado;E;Baixa;2,0;4,0;15,0;55;100;15;24,41;4,71;🚨 RUPTURA IMINENTE;11,0;684,15;7783,3
PC003437;Não informado;E;Baixa;1,0;1,0;29,5;55;100;15;12,39;4,71;🔴 Comprar agora;2,0;4750,6;11370,14
PC009438;Não informado;E;Baixa;1,0;3,0;10,0;55;100;15;36,55;4,71;🚨 RUPTURA IMINENTE;9,0;1380,19;12439,9
PC007480;Não informado;E;Baixa;1,0;0,9;32,0;55;100;15;11,39;4,71;🔴 Comprar agora;2,0;886,76;1880,34
PC008765;Não informado;E;Baixa;20,0;6,1;98,7;55;100;15;3,7;4,71;🟢 OK;0,0;180,81;0,0
PC001865;Não informado;E;Baixa;23,0;11,1;61,9;55;100;15;5,9;4,71;🟢 OK;0,0;122,41;0,0
PC007293;Não informado;E;Baixa;17,0;6,0;84,7;55;100;15;4,31;4,71;🟢 OK;0,0;147,46;0,0
PC009014;Não informado;E;Baixa;6,0;4,9;36,5;55;100;15;9,99;4,71;🔴 Comprar agora;10,0;235,35;2452,18
PC002171;Não informado;E;Baixa;1,0;1,0;28,8;55;100;15;12,69;4,71;🔴 Comprar agora;2,0;1080,9;2677,03
PC002974;Não informado;E;Baixa;27,0;13,8;58,8;55;100;15;6,2;4,71;🟢 OK;0,0;80,34;0,0
PC004509;Não informado;E;Baixa;16,0;36,8;13,0;55;100;15;28,0;4,71;🚨 RUPTURA IMINENTE;107,0;143,68;15339,4
PC005482;Não informado;E;Baixa;9,0;7,2;37,3;55;100;15;9,77;4,71;🔴 Comprar agora;15,0;337,5;5096,77
PC006374;Não informado;E;Baixa;2,0;1,0;58,3;55;100;15;6,26;4,71;🟢 OK;0,0;936,8;0,0
PC000200;Não informado;E;Baixa;1,0;3,1;9,6;55;100;15;38,08;4,71;🚨 RUPTURA IMINENTE;9,0;1239,16;11688,39
PC009408;Não informado;E;Baixa;6,0;3,0;59,7;55;100;15;6,11;4,71;🟢 OK;0,0;343,28;0,0
PC002653;Não informado;E;Média;6,0;5,2;34,6;55;100;15;10,55;4,71;🔴 Comprar agora;11,0;353,14;4002,77
PC004780;Não informado;E;Baixa;14,0;4,0;103,9;55;100;15;3,51;4,71;🟡 Estoque excessivo;0,0;251,97;0,0
PC008605;Não informado;E;Baixa;12,0;7,1;51,0;55;100;15;7,16;4,71;🔴 Comprar agora;12,0;158,68;1830,55
PC008834;Não informado;E;Baixa;1,0;1,1;27,8;55;100;15;13,11;4,71;🔴 Comprar agora;3,0;4351,08;11276,51
PC005632;Não informado;E;Baixa;3,0;1,3;71,0;55;100;15;5,14;4,71;🟢 OK;0,0;918,65;0,0
PC001803;Não informado;E;Baixa;8,0;4,4;54,5;55;100;15;6,7;4,71;🔴 Comprar agora;7,0;367,57;2454,0
PC009035;Não informado;E;Baixa;4,0;2,5;47,5;55;100;15;7,68;4,71;🔴 Comprar agora;4,0;418,55;1850,73
PC009971;Não informado;E;Baixa;6,0;4,8;37,1;55;100;15;9,83;4,71;🔴 Comprar agora;10,0;379,97;3858,55
PC007227;Não informado;E;Baixa;0,0;1,0;0,0;55;100;15;0,0;4,71;🚨 RUPTURA IMINENTE;3,0;2814,95;9563,53
PC003403;Não informado;E;Baixa;4,0;2,9;41,1;55;100;15;8,88;4,71;🔴 Comprar agora;6,0;485,14;2780,58
PC001208;Não informado;E;Baixa;1,0;7,9;3,8;55;100;15;96,64;4,71;🚨 RUPTURA IMINENTE;25,0;489,34;12466,26
PC007115;Não informado;E;Baixa;4,0;14,5;8,3;55;100;15;43,97;4,71;🚨 RUPTURA IMINENTE;44,0;419,31;18525,53
PC003125;Não informado;E;Baixa;2,0;0,9;67,4;55;100;15;5,41;4,71;🟢 OK;0,0;793,62;0,0
PC000992;Não informado;E;Baixa;2,0;4,9;12,1;55;100;15;30,05;4,71;🚨 RUPTURA IMINENTE;14,0;375,2;5427,88
PC000161;Não informado;E;Baixa;65,0;45,1;43,2;55;100;15;8,45;4,71;🔴 Comprar agora;85,0;41,17;3519,2
PC000704;Não informado;E;Baixa;4,0;5,1;23,6;55;100;15;15,5;4,71;🔴 Comprar agora;13,0;534,9;6944,35
PC008560;Não informado;E;Baixa;2,0;3,0;20,1;55;100;15;18,13;4,71;🔴 Comprar agora;8,0;267,89;2125,04
PC003357;Não informado;E;Baixa;2,0;3,5;17,1;55;100;15;21,33;4,71;🔴 Comprar agora;10,0;248,76;2409,35
PC003294;Não informado;E;Baixa;4,0;7,9;15,1;55;100;15;24,11;4,71;🔴 Comprar agora;22,0;434,85;9748,01
PC006911;Não informado;E;Média;4,0;3,4;35,7;55;100;15;10,23;4,71;🔴 Comprar agora;7,0;476,41;3434,08
PC009678;Não informado;E;Baixa;3,0;1,0;88,0;55;100;15;4,15;4,71;🟢 OK;0,0;1156,24;0,0
PC003439;Não informado;E;Baixa;0,0;1,0;0,0;55;100;15;0,0;4,71;🚨 RUPTURA IMINENTE;3,0;3037,24;10187,33
PC004209;Não informado;E;Baixa;11,0;3,1;105,6;55;100;15;3,46;4,71;🟡 Estoque excessivo;0,0;365,89;0,0
PC004947;Não informado;E;Baixa;3,0;2,1;43,9;55;100;15;8,32;4,71;🔴 Comprar agora;4,0;410,48;1575,61
PC006110;Não informado;E;Baixa;2,0;1,0;61,7;55;100;15;5,91;4,71;🟢 OK;0,0;950,46;0,0
PC003818;Não informado;E;Baixa;0,0;5,2;0,0;55;100;15;0,0;4,71;🚨 RUPTURA IMINENTE;17,0;706,31;12298,07
PC009566;Não informado;E;Baixa;2,0;1,3;44,7;55;100;15;8,16;4,71;🔴 Comprar agora;2,0;788,58;1950,39
PC008817;Não informado;E;Baixa;14,0;5,7;73,6;55;100;15;4,96;4,71;🟢 OK;0,0;174,53;0,0
PC002109;Não informado;E;Baixa;9,0;23,9;11,3;55;100;15;32,33;4,71;🚨 RUPTURA IMINENTE;71,0;140,03;9901,26
PC002549;Não informado;E;Baixa;8,0;12,3;19,5;55;100;15;18,75;4,71;🔴 Comprar agora;33,0;268,89;8901,84
PC006882;Não informado;E;Baixa;25,0;11,5;65,3;55;100;15;5,59;4,71;🟢 OK;0,0;69,2;0,0
PC004649;Não informado;E;Baixa;29,0;17,1;50,8;55;100;15;7,18;4,71;🔴 Comprar agora;28,0;68,29;1916,32
PC004349;Não informado;E;Baixa;5,0;5,1;29,2;55;100;15;12,51;4,71;🔴 Comprar agora;12,0;179,04;2174,19
PC004083;Não informado;E;Baixa;15,0;9,7;46,4;55;100;15;7,86;4,71;🔴 Comprar agora;17,0;172,54;2988,57
PC003281;Não informado;E;Baixa;1,0;2,9;10,4;55;100;15;35,11;4,71;🚨 RUPTURA IMINENTE;9,0;1295,62;11166,31
PC007056;Não informado;E;Baixa;1,0;0,9;33,4;55;100;15;10,93;4,71;🔴 Comprar agora;2,0;782,51;1560,75
PC000476;Não informado;E;Baixa;9,0;3,9;68,6;55;100;15;5,32;4,71;🟢 OK;0,0;289,26;0,0
PC009024;Não informado;E;Baixa;5,0;3,0;49,2;55;100;15;7,42;4,71;🔴 Comprar agora;5,0;369,36;1906,25
PC006049;Não informado;E;Média;24,0;18,0;39,9;55;100;15;9,14;4,71;🔴 Comprar agora;36,0;98,64;3558,88
PC005179;Não informado;E;Baixa;1,0;2,1;14,2;55;100;15;25,76;4,71;🚨 RUPTURA IMINENTE;6,0;1541,15;9336,84
PC001317;Não informado;E;Baixa;3,0;1,0;91,0;55;100;15;4,01;4,71;🟢 OK;0,0;1030,14;0,0
PC005360;Não informado;E;Baixa;4,0;2,0;59,8;55;100;15;6,1;4,71;🟢 OK;0,0;541,05;0,0
PC005014;Não informado;E;Baixa;9,0;3,0;89,8;55;100;15;4,06;4,71;🟢 OK;0,0;289,85;0,0
PC004137;Não informado;E;Baixa;26,0;11,8;66,2;55;100;15;5,52;4,71;🟢 OK;0,0;76,59;0,0
PC001393;Não informado;E;Baixa;17,0;18,6;27,4;55;100;15;13,31;4,71;🔴 Comprar agora;45,0;253,81;11417,72
PC001225;Não informado;E;Baixa;3,0;5,8;15,5;55;100;15;23,5;4,71;🔴 Comprar agora;16,0;686,42;11198,73
PC005020;Não informado;E;Baixa;4,0;3,1;38,9;55;100;15;9,38;4,71;🔴 Comprar agora;6,0;354,95;2229,29
PC001418;Não informado;E;Baixa;2,0;2,0;30,5;55;100;15;11,98;4,71;🔴 Comprar agora;5,0;1328,0;6062,47
PC002105;Não informado;E;Baixa;8,0;8,1;29,6;55;100;15;12,34;4,71;🔴 Comprar agora;19,0;120,72;2298,7
PC009250;Não informado;E;Baixa;3,0;3,9;22,8;55;100;15;15,98;4,71;🔴 Comprar agora;10,0;191,75;1943,57
PC000864;Não informado;E;Baixa;1,0;5,1;5,8;55;100;15;62,42;4,71;🚨 RUPTURA IMINENTE;16,0;551,39;8878,29
PC000736;Não informado;E;Baixa;5,0;5,1;29,6;55;100;15;12,32;4,71;🔴 Comprar agora;12,0;560,62;6657,78
PC001021;Não informado;E;Baixa;14,0;5,1;82,6;55;100;15;4,42;4,71;🟢 OK;0,0;175,25;0,0
PC008243;Não informado;E;Baixa;10,0;7,1;42,1;55;100;15;8,68;4,71;🔴 Comprar agora;14,0;157,27;2166,1
PC002792;Não informado;E;Baixa;68,0;20,7;98,7;55;100;15;3,7;4,71;🟢 OK;0,0;45,78;0,0
PC000027;Não informado;E;Baixa;5,0;2,0;74,5;55;100;15;4,9;4,71;🟢 OK;0,0;534,68;0,0
PC002579;Não informado;E;Baixa;3,0;1,4;65,8;55;100;15;5,55;4,71;🟢 OK;0,0;959,56;0,0
PC009759;Não informado;E;Baixa;4,0;1,4;88,1;55;100;15;4,14;4,71;🟢 OK;0,0;761,37;0,0
PC005839;Não informado;E;Baixa;1,0;4,1;7,4;55;100;15;49,29;4,71;🚨 RUPTURA IMINENTE;13,0;959,64;11998,45
PC002033;Não informado;E;Baixa;5,0;2,7;55,9;55;100;15;6,53;4,71;🟢 OK;0,0;345,47;0,0
PC007866;Não informado;E;Baixa;34,0;17,9;57,0;55;100;15;6,41;4,71;🟢 OK;0,0;64,6;0,0
PC006796;Não informado;E;Baixa;3,0;3,0;29,9;55;100;15;12,19;4,71;🔴 Comprar agora;7,0;330,45;2320,26
PC000662;Não informado;E;Baixa;6,0;5,2;34,8;55;100;15;10,48;4,71;🔴 Comprar agora;11,0;611,34;6863,72
PC005222;Não informado;E;Baixa;15,0;5,1;88,7;55;100;15;4,11;4,71;🟢 OK;0,0;224,51;0,0
PC001426;Não informado;E;Baixa;18,0;9,5;57,1;55;100;15;6,39;4,71;🟢 OK;0,0;190,97;0,0
PC009099;Não informado;E;Baixa;6,0;3,1;57,4;55;100;15;6,36;4,71;🟢 OK;0,0;417,77;0,0
PC007747;Não informado;E;Baixa;14,0;9,7;43,2;55;100;15;8,46;4,71;🔴 Comprar agora;18,0;187,63;3458,88
PC000287;Não informado;E;Baixa;3,0;2,0;44,8;55;100;15;8,14;4,71;🔴 Comprar agora;4,0;555,04;2048,32
PC006490;Não informado;E;Baixa;2,0;1,1;55,7;55;100;15;6,55;4,71;🟢 OK;0,0;3554,12;0,0
PC004779;Não informado;E;Baixa;3,0;3,1;29,3;55;100;15;12,46;4,71;🔴 Comprar agora;7,0;252,83;1830,55
PC003532;Não informado;E;Baixa;7,0;9,8;21,5;55;100;15;16,99;4,71;🔴 Comprar agora;26,0;71,37;1825,27
PC008242;Não informado;E;Baixa;46,0;47,3;29,2;55;100;15;12,51;4,71;🔴 Comprar agora;112,0;34,23;3823,98
PC001642;Não informado;E;Baixa;28,0;14,6;57,4;55;100;15;6,36;4,71;🟢 OK;0,0;61,31;0,0
PC000623;Não informado;E;Baixa;0,0;2,0;0,0;55;100;15;0,0;4,71;🚨 RUPTURA IMINENTE;7,0;2020,9;13295,93
PC000553;Não informado;E;Baixa;27,0;38,2;21,2;55;100;15;17,23;4,71;🔴 Comprar agora;100,0;47,74;4796,65
PC008302;Não informado;E;Baixa;5,0;2,0;73,6;55;100;15;4,96;4,71;🟢 OK;0,0;478,89;0,0
PC002261;Não informado;E;Baixa;11,0;6,0;55,0;55;100;15;6,64;4,71;🔴 Comprar agora;9,0;133,98;1206,61
PC001956;Não informado;E;Baixa;3,0;1,4;65,7;55;100;15;5,56;4,71;🟢 OK;0,0;977,49;0,0
PC004874;Não informado;E;Baixa;8,0;5,1;46,9;55;100;15;7,78;4,71;🔴 Comprar agora;9,0;200,3;1812,26
PC001308;Não informado;E;Baixa;9,0;4,7;56,9;55;100;15;6,42;4,71;🟢 OK;0,0;158,49;0,0
PC003361;Não informado;E;Baixa;22,0;14,2;46,3;55;100;15;7,88;4,71;🔴 Comprar agora;25,0;73,74;1879,86
PC009646;Não informado;E;Baixa;5,0;4,1;36,8;55;100;15;9,93;4,71;🔴 Comprar agora;9,0;274,27;2359,12
PC001269;Não informado;E;Baixa;6,0;6,4;27,9;55;100;15;13,06;4,71;🔴 Comprar agora;15,0;213,44;3302,24
PC003051;Não informado;E;Baixa;10,0;8,1;37,0;55;100;15;9,87;4,71;🔴 Comprar agora;17,0;138,33;2356,36
PC008416;Não informado;E;Baixa;2,0;1,1;57,0;55;100;15;6,41;4,71;🟢 OK;0,0;760,2;0,0
PC006933;Não informado;E;Baixa;12,0;5,0;72,0;55;100;15;5,07;4,71;🟢 OK;0,0;177,61;0,0
PC000492;Não informado;E;Baixa;3,0;1,3;67,3;55;100;15;5,42;4,71;🟢 OK;0,0;740,55;0,0
PC002320;Não informado;E;Baixa;7,0;6,2;33,9;55;100;15;10,75;4,71;🔴 Comprar agora;14,0;452,64;6167,3
PC002794;Não informado;E;Baixa;5,0;11,0;13,7;55;100;15;26,71;4,71;🚨 RUPTURA IMINENTE;32,0;314,8;9943,8
PC006731;Não informado;E;Baixa;4,0;2,1;58,2;55;100;15;6,27;4,71;🟢 OK;0,0;472,62;0,0
PC009464;Não informado;E;Baixa;10,0;14,5;20,7;55;100;15;17,61;4,71;🔴 Comprar agora;38,0;123,23;4714,24
PC003632;Não informado;E;Baixa;2,0;1,6;37,3;55;100;15;9,8;4,71;🔴 Comprar agora;3,0;1045,49;3521,03
PC005625;Não informado;E;Baixa;1,0;1,0;29,6;55;100;15;12,35;4,71;🔴 Comprar agora;2,0;897,91;2140,68
PC007253;Não informado;E;Baixa;2,0;6,1;9,8;55;100;15;37,4;4,71;🚨 RUPTURA IMINENTE;18,0;754,12;13947,45
PC005621;Não informado;E;Baixa;3,0;1,6;57,5;55;100;15;6,35;4,71;🟢 OK;0,0;989,85;0,0
PC000932;Não informado;E;Baixa;1,0;2,0;15,0;55;100;15;24,34;4,71;🚨 RUPTURA IMINENTE;6,0;486,33;2756,67
PC003164;Não informado;E;Baixa;10,0;6,0;49,6;55;100;15;7,36;4,71;🔴 Comprar agora;10,0;166,98;1696,76
PC003612;Não informado;E;Baixa;10,0;6,5;45,9;55;100;15;7,95;4,71;🔴 Comprar agora;12,0;240,45;2833,64
PC000996;Não informado;E;Baixa;2,0;7,3;8,2;55;100;15;44,71;4,71;🚨 RUPTURA IMINENTE;22,0;695,02;15637,42
PC004960;Não informado;E;Baixa;3,0;1,9;46,6;55;100;15;7,84;4,71;🔴 Comprar agora;3,0;373,47;1286,13
PC001237;Não informado;E;Baixa;13,0;4,1;95,8;55;100;15;3,81;4,71;🟢 OK;0,0;203,9;0,0
PC002102;Não informado;E;Baixa;54,0;15,8;102,6;55;100;15;3,56;4,71;🟡 Estoque excessivo;0,0;56,79;0,0
PC001754;Não informado;E;Baixa;1,0;4,3;7,0;55;100;15;51,89;4,71;🚨 RUPTURA IMINENTE;13,0;1057,88;13980,32
PC003263;Não informado;E;Baixa;3,0;1,0;89,0;55;100;15;4,1;4,71;🟢 OK;0,0;801,04;0,0
PC004326;Não informado;E;Baixa;28,0;11,4;73,7;55;100;15;4,95;4,71;🟢 OK;0,0;98,26;0,0
PC007967;Não informado;E;Baixa;2,0;1,6;38,7;55;100;15;9,43;4,71;🔴 Comprar agora;3,0;802,34;2542,14
PC003752;Não informado;E;Baixa;28,0;13,1;63,9;55;100;15;5,71;4,71;🟢 OK;0,0;81,87;0,0
PC009444;Não informado;E;Baixa;3,0;2,9;31,5;55;100;15;11,58;4,71;🔴 Comprar agora;7,0;341,52;2225,97
PC008185;Não informado;E;Baixa;7,0;6,1;34,3;55;100;15;10,64;4,71;🔴 Comprar agora;13,0;154,6;2071,94
PC008588;Não informado;E;Baixa;10,0;11,3;26,5;55;100;15;13,78;4,71;🔴 Comprar agora;28,0;76,69;2129,01
PC000819;Não informado;E;Baixa;5,0;10,0;15,0;55;100;15;24,41;4,71;🚨 RUPTURA IMINENTE;28,0;267,09;7594,71
PC007927;Não informado;E;Baixa;6,0;15,2;11,8;55;100;15;30,83;4,71;🚨 RUPTURA IMINENTE;45,0;301,16;13455,19
PC004520;Não informado;E;Baixa;32,0;18,7;51,4;55;100;15;7,1;4,71;🔴 Comprar agora;30,0;47,56;1439,56
PC004277;Não informado;E;Baixa;5,0;2,1;71,6;55;100;15;5,1;4,71;🟢 OK;0,0;536,84;0,0
PC009359;Não informado;E;Baixa;2,0;5,1;11,8;55;100;15;31,06;4,71;🚨 RUPTURA IMINENTE;15,0;773,91;11622,69
PC000393;Não informado;E;Baixa;6,0;3,2;56,5;55;100;15;6,46;4,71;🟢 OK;0,0;382,7;0,0
PC000542;Não informado;E;Baixa;2,0;1,0;58,2;55;100;15;6,27;4,71;🟢 OK;0,0;1096,8;0,0
PC006858;Não informado;E;Baixa;1,0;2,0;14,7;55;100;15;24,9;4,71;🚨 RUPTURA IMINENTE;6,0;403,68;2350,48
PC003766;Não informado;E;Média;5,0;4,6;32,3;55;100;15;11,29;4,71;🔴 Comprar agora;10,0;347,02;3630,36
PC009295;Não informado;E;Baixa;6,0;5,0;35,7;55;100;15;10,23;4,71;🔴 Comprar agora;11,0;194,23;2102,45
PC000232;Não informado;E;Baixa;27,0;13,9;58,4;55;100;15;6,25;4,71;🟢 OK;0,0;49,13;0,0
PC009522;Não informado;E;Baixa;23,0;8,7;79,4;55;100;15;4,6;4,71;🟢 OK;0,0;115,86;0,0
PC000517;Não informado;E;Baixa;9,0;6,4;42,3;55;100;15;8,63;4,71;🔴 Comprar agora;12,0;423,71;5201,32
PC000165;Não informado;E;Baixa;3,0;2,0;44,3;55;100;15;8,23;4,71;🔴 Comprar agora;4,0;421,75;1588,4
PC002024;Não informado;E;Baixa;33,0;15,4;64,3;55;100;15;5,68;4,71;🟢 OK;0,0;63,71;0,0
PC006153;Não informado;E;Baixa;2,0;1,8;32,9;55;100;15;11,1;4,71;🔴 Comprar agora;4,0;459,57;1874,91
PC005618;Não informado;E;Baixa;33,0;10,9;90,7;55;100;15;4,02;4,71;🟢 OK;0,0;82,73;0,0
PC000049;Não informado;E;Baixa;14,0;10,8;38,9;55;100;15;9,39;4,71;🔴 Comprar agora;22,0;91,57;2015,5
PC001633;Não informado;E;Média;10,0;15,3;19,6;55;100;15;18,66;4,71;🔴 Comprar agora;41,0;100,94;4151,59
PC007820;Não informado;E;Baixa;9,0;4,0;68,2;55;100;15;5,35;4,71;🟢 OK;0,0;255,84;0,0
PC002483;Não informado;E;Baixa;17,0;14,0;36,4;55;100;15;10,03;4,71;🔴 Comprar agora;30,0;236,54;7027,35
PC003814;Não informado;E;Baixa;2,0;1,1;56,8;55;100;15;6,43;4,71;🟢 OK;0,0;789,31;0,0
PC002357;Não informado;E;Baixa;2,0;1,6;37,1;55;100;15;9,85;4,71;🔴 Comprar agora;3,0;992,95;3371,74
PC008637;Não informado;E;Baixa;6,0;2,9;61,7;55;100;15;5,91;4,71;🟢 OK;0,0;321,4;0,0
PC001835;Não informado;E;Baixa;4,0;4,2;28,7;55;100;15;12,7;4,71;🔴 Comprar agora;10,0;1193,06;11828,43
PC000600;Não informado;E;Baixa;1,0;1,6;19,3;55;100;15;18,95;4,71;🔴 Comprar agora;4,0;1094,75;4590,29
PC003257;Não informado;E;Baixa;3,0;1,0;89,3;55;100;15;4,09;4,71;🟢 OK;0,0;728,0;0,0
PC006648;Não informado;E;Baixa;4,0;2,8;42,3;55;100;15;8,63;4,71;🔴 Comprar agora;5,0;951,64;5196,2
PC005994;Não informado;E;Baixa;2,0;3,0;20,3;55;100;15;17,98;4,71;🔴 Comprar agora;8,0;713,37;5601,35
PC004299;Não informado;E;Baixa;2,0;1,6;38,1;55;100;15;9,59;4,71;🔴 Comprar agora;3,0;988,95;3219,89
PC006162;Não informado;E;Baixa;3,0;1,0;92,6;55;100;15;3,94;4,71;🟢 OK;0,0;839,75;0,0
PC005986;Não informado;E;Baixa;3,0;3,1;28,7;55;100;15;12,73;4,71;🔴 Comprar agora;7,0;494,38;3689,47
PC003425;Não informado;E;Baixa;9,0;12,0;22,4;55;100;15;16,28;4,71;🔴 Comprar agora;31,0;74,03;2305,97
PC007068;Não informado;E;Baixa;8,0;3,9;60,9;55;100;15;5,99;4,71;🟢 OK;0,0;305,51;0,0
PC004631;Não informado;E;Baixa;1,0;1,0;30,1;55;100;15;12,14;4,71;🔴 Comprar agora;2,0;2316,97;5389,92
PC001333;Não informado;E;Baixa;1,0;1,0;29,8;55;100;15;12,24;4,71;🔴 Comprar agora;2,0;766,51;1804,13
PC009881;Não informado;E;Baixa;1,0;1,9;15,5;55;100;15;23,61;4,71;🔴 Comprar agora;5,0;1930,1;10557,28
PC007863;Não informado;E;Baixa;3,0;1,0;90,5;55;100;15;4,04;4,71;🟢 OK;0,0;873,41;0,0
PC003428;Não informado;E;Baixa;2,0;7,7;7,8;55;100;15;46,95;4,71;🚨 RUPTURA IMINENTE;24,0;481,87;11431,64
PC003496;Não informado;E;Baixa;54,0;43,6;37,2;55;100;15;9,82;4,71;🔴 Comprar agora;91,0;27,37;2499,5
PC006511;Não informado;E;Baixa;0,0;1,0;0,0;55;100;15;0,0;4,71;🚨 RUPTURA IMINENTE;3,0;5143,23;16859,29
PC009655;Não informado;E;Baixa;2,0;3,2;18,5;55;100;15;19,74;4,71;🔴 Comprar agora;9,0;275,08;2425,15
PC007353;Não informado;E;Baixa;6,0;3,0;60,9;55;100;15;5,99;4,71;🟢 OK;0,0;263,26;0,0
PC006397;Não informado;E;Baixa;7,0;5,2;40,3;55;100;15;9,05;4,71;🔴 Comprar agora;10,0;183,16;1895,87
PC003940;Não informado;E;Baixa;24,0;45,4;15,8;55;100;15;23,04;4,71;🔴 Comprar agora;127,0;89,93;11464,96
PC009314;Não informado;E;Baixa;2,0;5,5;10,9;55;100;15;33,53;4,71;🚨 RUPTURA IMINENTE;16,0;477,01;7809,48
PC008134;Não informado;E;Baixa;3,0;1,0;87,8;55;100;15;4,16;4,71;🟢 OK;0,0;842,84;0,0
PC007328;Não informado;E;Baixa;2,0;4,1;14,6;55;100;15;25,01;4,71;🚨 RUPTURA IMINENTE;12,0;251,97;2948,84
PC007152;Não informado;E;Baixa;3,0;6,0;15,1;55;100;15;24,18;4,71;🔴 Comprar agora;17,0;448,31;7565,63
PC005957;Não informado;E;Baixa;3,0;1,3;68,0;55;100;15;5,37;4,71;🟢 OK;0,0;622,66;0,0
PC000746;Não informado;E;Baixa;3,0;0,9;96,4;55;100;15;3,79;4,71;🟢 OK;0,0;1013,26;0,0
PC009734;Não informado;E;Baixa;13,0;24,7;15,8;55;100;15;23,14;4,71;🔴 Comprar agora;69,0;171,21;11885,51
PC005382;Não informado;E;Baixa;18,0;17,2;31,4;55;100;15;11,64;4,71;🔴 Comprar agora;39,0;43,05;1695,23
PC001100;Não informado;E;Baixa;11,0;6,1;53,7;55;100;15;6,79;4,71;🔴 Comprar agora;9,0;271,93;2574,56
PC000163;Não informado;E;Baixa;1,0;4,1;7,4;55;100;15;49,28;4,71;🚨 RUPTURA IMINENTE;13,0;875,52;10946,11
PC005814;Não informado;E;Baixa;20,0;24,2;24,8;55;100;15;14,71;4,71;🔴 Comprar agora;61,0;91,61;5550,99
PC003934;Não informado;E;Baixa;3,0;8,3;10,8;55;100;15;33,74;4,71;🚨 RUPTURA IMINENTE;25,0;330,52;8173,78
PC001335;Não informado;E;Baixa;2,0;2,7;22,3;55;100;15;16,38;4,71;🔴 Comprar agora;7,0;313,53;2186,18
PC006567;Não informado;E;Baixa;1,0;1,0;29,6;55;100;15;12,31;4,71;🔴 Comprar agora;2,0;733,55;1741,28
PC002978;Não informado;E;Baixa;6,0;3,0;59,6;55;100;15;6,12;4,71;🟢 OK;0,0;874,52;0,0
PC004071;Não informado;E;Baixa;4,0;3,2;37,5;55;100;15;9,73;4,71;🔴 Comprar agora;7,0;386,37;2573,33
PC005056;Não informado;E;Média;3,0;3,4;26,8;55;100;15;13,62;4,71;🔴 Comprar agora;8,0;405,88;3325,72
PC001082;Não informado;E;Baixa;26,0;45,1;17,3;55;100;15;21,1;4,71;🔴 Comprar agora;124,0;20,86;2593,02
PC005397;Não informado;E;Baixa;7,0;19,1;11,0;55;100;15;33,16;4,71;🚨 RUPTURA IMINENTE;57,0;160,87;9105,29
PC003486;Não informado;E;Baixa;19,0;16,4;34,7;55;100;15;10,52;4,71;🔴 Comprar agora;36,0;79,0;2825,6
PC005053;Não informado;E;Baixa;4,0;3,0;40,0;55;100;15;9,12;4,71;🔴 Comprar agora;6,0;335,92;2013,08
PC002436;Não informado;E;Baixa;2,0;1,0;58,1;55;100;15;6,28;4,71;🟢 OK;0,0;1021,64;0,0
PC000297;Não informado;E;Baixa;9,0;23,2;11,6;55;100;15;31,39;4,71;🚨 RUPTURA IMINENTE;68,0;53,27;3644,02
PC006811;Não informado;E;Baixa;9,0;3,2;85,0;55;100;15;4,29;4,71;🟢 OK;0,0;276,66;0,0
PC006667;Não informado;E;Baixa;1,0;1,0;30,7;55;100;15;11,9;4,71;🔴 Comprar agora;2,0;873,93;1974,92
PC005497;Não informado;E;Baixa;10,0;4,6;65,6;55;100;15;5,56;4,71;🟢 OK;0,0;186,71;0,0
PC003296;Não informado;E;Baixa;8,0;9,7;24,8;55;100;15;14,74;4,71;🔴 Comprar agora;24,0;426,71;10369,56
PC007539;Não informado;E;Baixa;8,0;12,8;18,7;55;100;15;19,48;4,71;🔴 Comprar agora;35,0;131,61;4566,43
PC005322;Não informado;E;Baixa;2,0;1,6;38,6;55;100;15;9,45;4,71;🔴 Comprar agora;3,0;911,54;2897,48
PC004679;Não informado;E;Baixa;3,0;1,0;91,0;55;100;15;4,01;4,71;🟢 OK;0,0;979,61;0,0
PC009772;Não informado;E;Baixa;1,0;3,2;9,4;55;100;15;38,67;4,71;🚨 RUPTURA IMINENTE;10,0;858,79;8240,76
PC008937;Não informado;E;Baixa;37,0;21,8;51,0;55;100;15;7,16;4,71;🔴 Comprar agora;36,0;49,08;1746,01
PC006305;Não informado;E;Baixa;6,0;7,7;23,4;55;100;15;15,58;4,71;🔴 Comprar agora;20,0;93,68;1837,15
PC002205;Não informado;E;Baixa;7,0;4,9;43,3;55;100;15;8,43;4,71;🔴 Comprar agora;9,0;238,06;2183,62
PC003803;Não informado;E;Baixa;10,0;4,8;62,4;55;100;15;5,85;4,71;🟢 OK;0,0;280,33;0,0
PC001569;Não informado;E;Baixa;18,0;16,8;32,2;55;100;15;11,35;4,71;🔴 Comprar agora;38,0;51,56;1957,95
PC001380;Não informado;E;Baixa;8,0;5,9;40,9;55;100;15;8,92;4,71;🔴 Comprar agora;12,0;135,89;1571,06
PC005342;Não informado;E;Baixa;30,0;36,5;24,7;55;100;15;14,79;4,71;🔴 Comprar agora;92,0;43,88;4018,81
PC007857;Não informado;E;Baixa;1,0;14,2;2,1;55;100;15;173,22;4,71;🚨 RUPTURA IMINENTE;46,0;235,6;10945,19
PC009856;Não informado;E;Baixa;2,0;1,0;59,5;55;100;15;6,14;4,71;🟢 OK;0,0;718,41;0,0
PC000224;Não informado;E;Baixa;6,0;6,1;29,7;55;100;15;12,27;4,71;🔴 Comprar agora;14,0;417,21;5912,03
PC004849;Não informado;E;Baixa;14,0;17,5;24,1;55;100;15;15,18;4,71;🔴 Comprar agora;44,0;171,84;7597,37
PC006907;Não informado;E;Baixa;4,0;1,2;97,5;55;100;15;3,74;4,71;🟢 OK;0,0;745,2;0,0
PC004905;Não informado;E;Baixa;65,0;18,4;106,2;55;100;15;3,44;4,71;🟡 Estoque excessivo;0,0;43,11;0,0
PC007374;Não informado;E;Baixa;3,0;1,0;89,0;55;100;15;4,1;4,71;🟢 OK;0,0;918,68;0,0
PC001242;Não informado;E;Baixa;1,0;2,1;14,4;55;100;15;25,35;4,71;🚨 RUPTURA IMINENTE;6,0;459,44;2731,97
PC007651;Não informado;E;Baixa;1,0;1,0;29,7;55;100;15;12,31;4,71;🔴 Comprar agora;2,0;737,38;1749,39
PC008616;Não informado;E;Baixa;18,0;8,2;65,6;55;100;15;5,56;4,71;🟢 OK;0,0;90,05;0,0
PC006113;Não informado;E;Baixa;5,0;42,6;3,5;55;100;15;103,69;4,71;🚨 RUPTURA IMINENTE;137,0;75,36;10326,99
PC007354;Não informado;E;Baixa;3,0;31,6;2,8;55;100;15;128,33;4,71;🚨 RUPTURA IMINENTE;102,0;91,76;9403,37
PC003877;Não informado;E;Baixa;4,0;8,1;14,8;55;100;15;24,68;4,71;🚨 RUPTURA IMINENTE;23,0;433,71;9996,17
PC004592;Não informado;E;Baixa;13,0;3,6;109,6;55;100;15;3,33;4,71;🟡 Estoque excessivo;0,0;204,45;0,0
PC007119;Não informado;E;Baixa;4,0;5,1;23,7;55;100;15;15,38;4,71;🔴 Comprar agora;13,0;160,53;2063,41
PC002672;Não informado;E;Baixa;9,0;4,1;65,4;55;100;15;5,58;4,71;🟢 OK;0,0;232,47;0,0
PC002403;Não informado;E;Baixa;1,0;1,4;21,5;55;100;15;16,98;4,71;🔴 Comprar agora;4,0;782,39;2857,46
PC003578;Não informado;E;Baixa;59,0;44,6;39,7;55;100;15;9,19;4,71;🔴 Comprar agora;90,0;79,12;7091,61
PC007529;Não informado;E;Baixa;48,0;35,5;40,5;55;100;15;9,01;4,71;🔴 Comprar agora;70,0;67,67;4765,98
PC008211;Não informado;E;Baixa;5,0;10,5;14,3;55;100;15;25,55;4,71;🚨 RUPTURA IMINENTE;30,0;370,43;11113,35
PC006738;Não informado;E;Média;3,0;1,6;55,8;55;100;15;6,54;4,71;🟢 OK;0,0;1027,29;0,0
PC005906;Não informado;E;Baixa;3,0;2,0;44,7;55;100;15;8,17;4,71;🔴 Comprar agora;4,0;395,71;1470,84
PC009569;Não informado;E;Média;5,0;17,0;8,8;55;100;15;41,48;4,71;🚨 RUPTURA IMINENTE;52,0;99,48;5155,7
PC009198;Não informado;E;Baixa;3,0;1,7;53,9;55;100;15;6,78;4,71;🔴 Comprar agora;3,0;838,91;2154,98
PC009318;Não informado;E;Baixa;5,0;2,0;73,4;55;100;15;4,98;4,71;🟢 OK;0,0;374,33;0,0
PC000716;Não informado;E;Baixa;7,0;5,3;39,8;55;100;15;9,17;4,71;🔴 Comprar agora;11,0;166,75;1765,68
PC006662;Não informado;E;Baixa;1,0;1,5;19,6;55;100;15;18,66;4,71;🔴 Comprar agora;4,0;986,02;4053,85
PC005148;Não informado;E;Baixa;28,0;14,8;56,8;55;100;15;6,43;4,71;🟢 OK;0,0;82,19;0,0
PC000413;Não informado;E;Baixa;23,0;8,1;84,8;55;100;15;4,31;4,71;🟢 OK;0,0;88,58;0,0
PC003481;Não informado;E;Baixa;2,0;2,1;28,9;55;100;15;12,61;4,71;🔴 Comprar agora;5,0;1312,67;6446,52
PC008773;Não informado;E;Baixa;2,0;2,0;29,9;55;100;15;12,21;4,71;🔴 Comprar agora;5,0;902,34;4234,16
PC006249;Não informado;E;Média;23,0;12,8;53,8;55;100;15;6,78;4,71;🔴 Comprar agora;20,0;100,6;1986,43
PC009228;Não informado;E;Baixa;4,0;5,7;21,1;55;100;15;17,31;4,71;🔴 Comprar agora;15,0;135,86;2034,38
PC000835;Não informado;E;Baixa;3,0;3,1;29,2;55;100;15;12,52;4,71;🔴 Comprar agora;7,0;245,57;1790,28
PC001822;Não informado;E;Baixa;2,0;1,0;57,8;55;100;15;6,32;4,71;🟢 OK;0,0;827,55;0,0
PC000332;Não informado;E;Baixa;4,0;3,0;40,5;55;100;15;9,01;4,71;🔴 Comprar agora;6,0;306,56;1800,39
PC000310;Não informado;E;Baixa;13,0;6,6;59,4;55;100;15;6,15;4,71;🟢 OK;0,0;134,39;0,0
PC003896;Não informado;E;Baixa;3,0;2,9;30,8;55;100;15;11,84;4,71;🔴 Comprar agora;7,0;841,23;5661,81
PC005417;Não informado;E;Baixa;27,0;10,0;81,4;55;100;15;4,49;4,71;🟢 OK;0,0;96,0;0,0
PC002949;Não informado;E;Baixa;2,0;1,0;59,4;55;100;15;6,15;4,71;🟢 OK;0,0;2999,73;0,0
PC008146;Não informado;E;Baixa;5,0;10,4;14,4;55;100;15;25,27;4,71;🚨 RUPTURA IMINENTE;30,0;397,35;11769,94
PC001640;Não informado;E;Baixa;15,0;9,1;49,5;55;100;15;7,37;4,71;🔴 Comprar agora;15,0;84,41;1291,75
PC003944;Não informado;E;Baixa;17,0;49,6;10,3;55;100;15;35,5;4,71;🚨 RUPTURA IMINENTE;148,0;64,18;9521,77
PC005169;Não informado;E;Baixa;14,0;25,1;16,7;55;100;15;21,83;4,71;🔴 Comprar agora;70,0;138,49;9658,32
PC007265;Não informado;E;Baixa;18,0;9,2;58,7;55;100;15;6,22;4,71;🟢 OK;0,0;90,18;0,0
PC004074;Não informado;E;Baixa;2,0;1,0;60,8;55;100;15;6,0;4,71;🟢 OK;0,0;697,26;0,0
PC009763;Não informado;E;Baixa;5,0;6,0;24,8;55;100;15;14,7;4,71;🔴 Comprar agora;15,0;404,58;6122,74
PC002572;Não informado;E;Baixa;22,0;8,0;82,7;55;100;15;4,41;4,71;🟢 OK;0,0;131,46;0,0
PC009462;Não informado;E;Baixa;8,0;3,1;78,6;55;100;15;4,64;4,71;🟢 OK;0,0;322,01;0,0
PC004449;Não informado;E;Baixa;41,0;23,8;51,7;55;100;15;7,06;4,71;🔴 Comprar agora;38,0;54,86;2100,78
PC001213;Não informado;E;Baixa;2,0;11,3;5,3;55;100;15;68,89;4,71;🚨 RUPTURA IMINENTE;36,0;345,51;12352,1
PC002229;Não informado;E;Baixa;10,0;15,2;19,8;55;100;15;18,44;4,71;🔴 Comprar agora;41,0;244,91;9924,12
PC006247;Não informado;E;Baixa;1,0;0,9;32,5;55;100;15;11,24;4,71;🔴 Comprar agora;2,0;765,25;1591,8
PC007360;Não informado;E;Baixa;29,0;13,2;65,8;55;100;15;5,55;4,71;🟢 OK;0,0;59,0;0,0
PC001743;Não informado;E;Baixa;21,0;9,5;66,6;55;100;15;5,48;4,71;🟢 OK;0,0;99,39;0,0
PC002566;Não informado;E;Baixa;27,0;10,4;78,1;55;100;15;4,67;4,71;🟢 OK;0,0;85,38;0,0
PC000020;Não informado;E;Baixa;0,0;0,9;0,0;55;100;15;0,0;4,71;🚨 RUPTURA IMINENTE;3,0;2941,33;9181,62
PC009040;Não informado;E;Baixa;38,0;15,2;75,1;55;100;15;4,86;4,71;🟢 OK;0,0;63,85;0,0
PC007280;Não informado;E;Baixa;6,0;23,3;7,7;55;100;15;47,19;4,71;🚨 RUPTURA IMINENTE;72,0;150,09;10741,56
PC001145;Não informado;E;Média;1,0;1,6;18,4;55;100;15;19,8;4,71;🔴 Comprar agora;4,0;729,42;3226,56
PC004886;Não informado;E;Baixa;3,0;3,0;29,6;55;100;15;12,33;4,71;🔴 Comprar agora;7,0;718,03;5120,2
PC008971;Não informado;E;Baixa;3,0;3,3;27,0;55;100;15;13,5;4,71;🔴 Comprar agora;8,0;386,02;3123,64
PC008390;Não informado;E;Baixa;6,0;8,6;20,9;55;100;15;17,46;4,71;🔴 Comprar agora;23,0;338,07;7676,56
PC009386;Não informado;E;Baixa;3,0;2,0;45,5;55;100;15;8,02;4,71;🔴 Comprar agora;4,0;399,49;1435,36
PC004648;Não informado;E;Baixa;35,0;61,3;17,1;55;100;15;21,3;4,71;🔴 Comprar agora;169,0;18,55;3140,4
PC001730;Não informado;E;Baixa;7,0;2,6;79,5;55;100;15;4,59;4,71;🟢 OK;0,0;290,53;0,0
PC004397;Não informado;E;Baixa;2,0;1,0;59,0;55;100;15;6,19;4,71;🟢 OK;0,0;857,82;0,0
PC006514;Não informado;E;Baixa;36,0;25,0;43,3;55;100;15;8,44;4,71;🔴 Comprar agora;47,0;52,1;2458,84
PC002998;Não informado;E;Baixa;9,0;3,1;88,0;55;100;15;4,15;4,71;🟢 OK;0,0;241,76;0,0
PC004624;Não informado;E;Baixa;1,0;2,3;13,3;55;100;15;27,46;4,71;🚨 RUPTURA IMINENTE;7,0;362,75;2366,61
PC005856;Não informado;E;Baixa;3,0;1,8;49,5;55;100;15;7,37;4,71;🔴 Comprar agora;3,0;469,45;1434,46
PC004364;Não informado;E;Baixa;3,0;6,1;14,9;55;100;15;24,55;4,71;🚨 RUPTURA IMINENTE;17,0;177,85;3055,84
PC002803;Não informado;E;Baixa;13,0;4,6;84,8;55;100;15;4,3;4,71;🟢 OK;0,0;153,96;0,0
PC007116;Não informado;E;Baixa;13,0;10,2;38,2;55;100;15;9,55;4,71;🔴 Comprar agora;21,0;95,01;1996,28
PC008202;Não informado;E;Baixa;1,0;8,0;3,7;55;100;15;97,38;4,71;🚨 RUPTURA IMINENTE;26,0;325,1;8348,57
PC002281;Não informado;E;Baixa;39,0;49,3;23,8;55;100;15;15,37;4,71;🔴 Comprar agora;125,0;51,4;6434,67
PC008396;Não informado;E;Baixa;12,0;16,0;22,5;55;100;15;16,23;4,71;🔴 Comprar agora;41,0;94,66;3914,01
PC008325;Não informado;E;Baixa;1,0;1,0;30,0;55;100;15;12,18;4,71;🔴 Comprar agora;2,0;2379,31;5561,94
PC008400;Não informado;E;Baixa;3,0;1,0;87,1;55;100;15;4,19;4,71;🟢 OK;0,0;721,72;0,0
PC007977;Não informado;E;Baixa;37,0;12,4;89,3;55;100;15;4,09;4,71;🟢 OK;0,0;59,02;0,0
PC000103;Não informado;E;Baixa;2,0;2,5;24,0;55;100;15;15,22;4,71;🔴 Comprar agora;6,0;270,16;1712,34
PC004918;Não informado;E;Baixa;11,0;5,0;65,4;55;100;15;5,58;4,71;🟢 OK;0,0;131,06;0,0
PC002400;Não informado;E;Baixa;8,0;4,0;59,7;55;100;15;6,12;4,71;🟢 OK;0,0;241,95;0,0
PC001421;Não informado;E;Baixa;10,0;4,7;63,8;55;100;15;5,72;4,71;🟢 OK;0,0;291,92;0,0
PC000975;Não informado;E;Baixa;10,0;7,4;40,4;55;100;15;9,04;4,71;🔴 Comprar agora;15,0;365,77;5402,33
PC004318;Não informado;E;Baixa;2,0;1,0;59,7;55;100;15;6,11;4,71;🟢 OK;0,0;876,97;0,0
PC007217;Não informado;E;Baixa;9,0;2,7;99,4;55;100;15;3,67;4,71;🟢 OK;0,0;306,11;0,0
PC001887;Não informado;E;Baixa;10,0;12,2;24,5;55;100;15;14,87;4,71;🔴 Comprar agora;31,0;313,56;9636,89
PC007413;Não informado;E;Baixa;1,0;4,1;7,3;55;100;15;50,29;4,71;🚨 RUPTURA IMINENTE;13,0;522,2;6672,76
PC009264;Não informado;E;Baixa;7,0;7,0;29,8;55;100;15;12,23;4,71;🔴 Comprar agora;16,0;531,73;8751,53
PC006195;Não informado;E;Baixa;8,0;19,7;12,2;55;100;15;30,01;4,71;🚨 RUPTURA IMINENTE;58,0;141,31;8163,68
PC001080;Não informado;E;Baixa;2,0;4,1;14,6;55;100;15;25,01;4,71;🚨 RUPTURA IMINENTE;12,0;696,96;8156,65
PC005859;Não informado;E;Baixa;7,0;4,3;48,3;55;100;15;7,55;4,71;🔴 Comprar agora;7,0;856,63;6413,08
PC005263;Não informado;E;Baixa;9,0;10,7;25,1;55;100;15;14,52;4,71;🔴 Comprar agora;27,0;354,21;9492,74
PC000886;Não informado;E;Baixa;14,0;8,1;51,8;55;100;15;7,05;4,71;🔴 Comprar agora;13,0;86,02;1120,64
PC000159;Não informado;E;Baixa;30,0;26,8;33,6;55;100;15;10,87;4,71;🔴 Comprar agora;59,0;156,47;9283,06
PC004062;Não informado;E;Baixa;6,0;2,1;86,2;55;100;15;4,23;4,71;🟢 OK;0,0;354,41;0,0
PC007817;Não informado;E;Baixa;4,0;4,1;29,0;55;100;15;12,58;4,71;🔴 Comprar agora;10,0;835,89;8178,95
PC001669;Não informado;E;Baixa;3,0;1,3;69,1;55;100;15;5,28;4,71;🟢 OK;0,0;832,65;0,0
PC007290;Não informado;E;Baixa;27,0;11,9;68,1;55;100;15;5,36;4,71;🟢 OK;0,0;66,93;0,0
PC002636;Não informado;E;Baixa;26,0;8,8;88,9;55;100;15;4,11;4,71;🟢 OK;0,0;79,77;0,0
PC002976;Não informado;E;Baixa;4,0;5,0;24,2;55;100;15;15,11;4,71;🔴 Comprar agora;13,0;290,99;3654,05
PC007429;Não informado;E;Baixa;1,0;1,4;21,5;55;100;15;17,01;4,71;🔴 Comprar agora;4,0;739,82;2707,06
PC009271;Não informado;E;Baixa;4,0;4,6;26,3;55;100;15;13,89;4,71;🔴 Comprar agora;11,0;298,2;3345,28
PC004984;Não informado;E;Baixa;2,0;1,3;45,9;55;100;15;7,95;4,71;🔴 Comprar agora;2,0;669,89;1576,62
PC004317;Não informado;E;Baixa;25,0;12,1;61,8;55;100;15;5,91;4,71;🟢 OK;0,0;74,81;0,0
PC005126;Não informado;E;Baixa;8,0;2,7;89,6;55;100;15;4,07;4,71;🟢 OK;0,0;295,18;0,0
PC007521;Não informado;E;Baixa;8,0;29,1;8,3;55;100;15;44,18;4,71;🚨 RUPTURA IMINENTE;89,0;69,12;6140,21
PC009691;Não informado;E;Baixa;1,0;1,0;29,7;55;100;15;12,3;4,71;🔴 Comprar agora;2,0;964,61;2284,7
PC007600;Não informado;E;Baixa;1,0;1,6;18,9;55;100;15;19,28;4,71;🔴 Comprar agora;4,0;822,96;3523,48
PC003075;Não informado;E;Baixa;16,0;5,0;96,2;55;100;15;3,79;4,71;🟢 OK;0,0;190,26;0,0
PC000987;Não informado;E;Baixa;1,0;3,9;7,6;55;100;15;47,93;4,71;🚨 RUPTURA IMINENTE;12,0;704,3;8543,9
PC002605;Não informado;E;Baixa;0,0;1,0;0,0;55;100;15;0,0;4,71;🚨 RUPTURA IMINENTE;3,0;3258,38;11102,36
PC004054;Não informado;E;Baixa;2,0;0,8;74,9;55;100;15;4,87;4,71;🟢 OK;0,0;846,34;0,0
PC001914;Não informado;E;Baixa;27,0;15,0;54,1;55;100;15;6,75;4,71;🔴 Comprar agora;23,0;86,83;1991,11
PC002681;Não informado;E;Baixa;1,0;6,2;4,8;55;100;15;76,01;4,71;🚨 RUPTURA IMINENTE;20,0;339,77;6736,27
PC003931;Não informado;E;Baixa;2,0;1,0;58,5;55;100;15;6,24;4,71;🟢 OK;0,0;759,46;0,0
PC004266;Não informado;E;Baixa;3,0;5,0;18,0;55;100;15;20,31;4,71;🔴 Comprar agora;14,0;148,72;2036,3
PC007410;Não informado;E;Baixa;16,0;9,3;51,5;55;100;15;7,09;4,71;🔴 Comprar agora;15,0;81,27;1225,06
PC001535;Não informado;E;Baixa;10,0;8,1;37,1;55;100;15;9,84;4,71;🔴 Comprar agora;17,0;161,17;2733,7
PC002801;Não informado;E;Baixa;4,0;7,0;17,2;55;100;15;21,16;4,71;🔴 Comprar agora;19,0;111,66;2143,19
PC001130;Não informado;E;Baixa;1,0;6,3;4,8;55;100;15;76,06;4,71;🚨 RUPTURA IMINENTE;20,0;641,48;12725,19
PC000908;Não informado;E;Baixa;12,0;7,7;46,9;55;100;15;7,78;4,71;🔴 Comprar agora;14,0;137,66;1866,97
PC002675;Não informado;E;Baixa;4,0;9,2;13,1;55;100;15;27,97;4,71;🚨 RUPTURA IMINENTE;27,0;364,11;9702,85
PC003681;Não informado;E;Baixa;40,0;30,3;39,6;55;100;15;9,22;4,71;🔴 Comprar agora;61,0;35,66;2178,64
PC001230;Não informado;E;Baixa;1,0;2,0;14,9;55;100;15;24,42;4,71;🚨 RUPTURA IMINENTE;6,0;433,2;2465,43
PC000046;Não informado;E;Baixa;17,0;16,1;31,7;55;100;15;11,51;4,71;🔴 Comprar agora;37,0;287,3;10518,12
PC006747;Não informado;E;Baixa;49,0;15,3;95,9;55;100;15;3,81;4,71;🟢 OK;0,0;41,95;0,0
PC003022;Não informado;E;Baixa;7,0;2,7;78,2;55;100;15;4,67;4,71;🟢 OK;0,0;385,22;0,0
PC009510;Não informado;E;Baixa;19,0;8,3;69,1;55;100;15;5,28;4,71;🟢 OK;0,0;103,9;0,0
PC009626;Não informado;E;Baixa;2,0;12,8;4,7;55;100;15;77,83;4,71;🚨 RUPTURA IMINENTE;41,0;243,04;9878,21
PC007654;Não informado;E;Baixa;7,0;3,0;69,0;55;100;15;5,29;4,71;🟢 OK;0,0;233,27;0,0
PC003732;Não informado;E;Baixa;5,0;6,3;23,8;55;100;15;15,32;4,71;🔴 Comprar agora;16,0;317,87;5081,03
PC006124;Não informado;E;Baixa;6,0;2,1;87,6;55;100;15;4,17;4,71;🟢 OK;0,0;453,75;0,0
PC006793;Não informado;E;Baixa;1,0;1,0;31,5;55;100;15;11,59;4,71;🔴 Comprar agora;2,0;635,46;1382,54
PC007965;Não informado;E;Baixa;10,0;10,2;29,5;55;100;15;12,39;4,71;🔴 Comprar agora;24,0;274,72;6579,26
PC000484;Não informado;E;Baixa;7,0;2,0;106,3;55;100;15;3,43;4,71;🟡 Estoque excessivo;0,0;473,73;0,0
PC006742;Não informado;E;Média;10,0;4,7;64,4;55;100;15;5,67;4,71;🟢 OK;0,0;315,62;0,0
PC006137;Não informado;E;Baixa;2,0;1,7;36,3;55;100;15;10,06;4,71;🔴 Comprar agora;4,0;914,11;3212,85
PC007670;Não informado;E;Baixa;9,0;4,8;55,8;55;100;15;6,55;4,71;🟢 OK;0,0;321,56;0,0
PC009558;Não informado;E;Baixa;4,0;8,3;14,5;55;100;15;25,12;4,71;🚨 RUPTURA IMINENTE;24,0;332,29;7817,84
PC005141;Não informado;E;Baixa;1,0;1,0;29,4;55;100;15;12,42;4,71;🔴 Comprar agora;2,0;628,32;1509,83
PC004776;Não informado;E;Baixa;26,0;29,5;26,4;55;100;15;13,81;4,71;🔴 Comprar agora;72,0;91,61;6632,46
PC007538;Não informado;E;Baixa;38,0;12,1;94,5;55;100;15;3,86;4,71;🟢 OK;0,0;57,22;0,0
PC003163;Não informado;E;Baixa;17,0;6,4;79,3;55;100;15;4,6;4,71;🟢 OK;0,0;98,14;0,0
PC009283;Não informado;E;Baixa;13,0;5,1;76,6;55;100;15;4,76;4,71;🟢 OK;0,0;162,93;0,0
PC004402;Não informado;E;Baixa;25,0;8,1;92,4;55;100;15;3,95;4,71;🟢 OK;0,0;82,16;0,0
PC007606;Não informado;E;Baixa;17,0;5,2;97,2;55;100;15;3,75;4,71;🟢 OK;0,0;182,07;0,0
PC007474;Não informado;E;Baixa;30,0;11,1;80,9;55;100;15;4,51;4,71;🟢 OK;0,0;82,58;0,0
PC008875;Não informado;E;Baixa;1,0;1,0;29,9;55;100;15;12,2;4,71;🔴 Comprar agora;2,0;909,04;2129,11
PC001185;Não informado;E;Baixa;45,0;16,9;80,0;55;100;15;4,56;4,71;🟢 OK;0,0;39,5;0,0
PC006230;Não informado;E;Baixa;11,0;25,3;13,1;55;100;15;27,97;4,71;🚨 RUPTURA IMINENTE;73,0;89,04;6524,79
PC009545;Não informado;E;Baixa;3,0;1,0;91,6;55;100;15;3,99;4,71;🟢 OK;0,0;685,59;0,0
PC004090;Não informado;E;Baixa;39,0;93,5;12,5;55;100;15;29,17;4,71;🚨 RUPTURA IMINENTE;273,0;34,26;9340,92
PC000098;Não informado;E;Baixa;16,0;16,7;28,8;55;100;15;12,69;4,71;🔴 Comprar agora;40,0;227,68;9027,25
PC006717;Não informado;E;Baixa;1,0;8,9;3,4;55;100;15;108,69;4,71;🚨 RUPTURA IMINENTE;29,0;210,71;6063,81
PC005029;Não informado;E;Baixa;3,0;1,0;87,4;55;100;15;4,18;4,71;🟢 OK;0,0;756,17;0,0
PC004766;Não informado;E;Baixa;2,0;1,8;34,0;55;100;15;10,73;4,71;🔴 Comprar agora;4,0;464,63;1803,01
PC002751;Não informado;E;Baixa;3,0;1,0;88,8;55;100;15;4,11;4,71;🟢 OK;0,0;900,21;0,0
PC006760;Não informado;E;Baixa;16,0;12,7;37,8;55;100;15;9,67;4,71;🔴 Comprar agora;26,0;66,71;1759,04
PC000169;Não informado;E;Baixa;5,0;6,1;24,5;55;100;15;14,9;4,71;🔴 Comprar agora;15,0;108,42;1670,94
PC003462;Não informado;E;Baixa;1,0;2,1;14,5;55;100;15;25,19;4,71;🚨 RUPTURA IMINENTE;6,0;951,85;5617,51
PC006326;Não informado;E;Baixa;16,0;5,9;81,0;55;100;15;4,51;4,71;🟢 OK;0,0;109,8;0,0
PC008447;Não informado;E;Baixa;7,0;16,4;12,8;55;100;15;28,42;4,71;🚨 RUPTURA IMINENTE;48,0;176,12;8365,85
PC002559;Não informado;E;Baixa;1,0;3,3;9,1;55;100;15;40,05;4,71;🚨 RUPTURA IMINENTE;10,0;336,54;3356,36
PC004381;Não informado;E;Baixa;6,0;18,1;9,9;55;100;15;36,69;4,71;🚨 RUPTURA IMINENTE;54,0;129,23;7019,61
PC009913;Não informado;E;Baixa;22,0;9,3;71,2;55;100;15;5,13;4,71;🟢 OK;0,0;102,01;0,0
PC001206;Não informado;E;Baixa;9,0;3,0;88,9;55;100;15;4,11;4,71;🟢 OK;0,0;293,69;0,0
PC006183;Não informado;E;Baixa;7,0;4,1;51,8;55;100;15;7,05;4,71;🔴 Comprar agora;7,0;175,17;1142,6
PC009555;Não informado;E;Baixa;6,0;11,7;15,4;55;100;15;23,63;4,71;🔴 Comprar agora;33,0;268,54;8821,4
PC003199;Não informado;E;Baixa;12,0;3,8;94,8;55;100;15;3,85;4,71;🟢 OK;0,0;190,65;0,0
PC008509;Não informado;E;Baixa;9,0;13,0;20,8;55;100;15;17,58;4,71;🔴 Comprar agora;34,0;367,96;12638,09
PC004330;Não informado;E;Baixa;3,0;1,3;67,6;55;100;15;5,4;4,71;🟢 OK;0,0;539,53;0,0
PC006117;Não informado;E;Baixa;2,0;3,0;19,7;55;100;15;18,5;4,71;🔴 Comprar agora;8,0;1303,28;10607,23
PC001319;Não informado;E;Baixa;1,0;1,6;18,4;55;100;15;19,8;4,71;🔴 Comprar agora;4,0;856,81;3789,97
PC007712;Não informado;E;Baixa;2,0;4,3;14,1;55;100;15;25,97;4,71;🚨 RUPTURA IMINENTE;12,0;635,02;7765,12
PC005420;Não informado;E;Baixa;10,0;6,6;45,7;55;100;15;7,98;4,71;🔴 Comprar agora;12,0;190,54;2260,34
PC000075;Não informado;E;Baixa;0,0;1,6;0,0;55;100;15;0,0;4,71;🚨 RUPTURA IMINENTE;5,0;692,25;3636,76
PC007207;Não informado;E;Média;1,0;1,7;18,1;55;100;15;20,16;4,71;🔴 Comprar agora;5,0;636,5;2878,83
PC001506;Não informado;E;Baixa;10,0;14,9;20,2;55;100;15;18,08;4,71;🔴 Comprar agora;40,0;46,51;1839,36
PC003018;Não informado;E;Baixa;12,0;13,8;26,1;55;100;15;13,96;4,71;🔴 Comprar agora;34,0;78,28;2654,56
PC002059;Não informado;E;Baixa;1,0;0,9;31,6;55;100;15;11,54;4,71;🔴 Comprar agora;2,0;652,45;1410,98
PC000524;Não informado;E;Baixa;10,0;3,1;98,1;55;100;15;3,72;4,71;🟢 OK;0,0;294,85;0,0
PC001823;Não informado;E;Baixa;5,0;14,9;10,1;55;100;15;36,22;4,71;🚨 RUPTURA IMINENTE;45,0;272,77;12171,74
PC008595;Não informado;E;Baixa;21,0;27,9;22,6;55;100;15;16,14;4,71;🔴 Comprar agora;72,0;87,0;6252,75
PC007805;Não informado;E;Baixa;29,0;9,1;95,2;55;100;15;3,83;4,71;🟢 OK;0,0;92,17;0,0
PC001615;Não informado;E;Baixa;2,0;5,7;10,5;55;100;15;34,9;4,71;🚨 RUPTURA IMINENTE;17,0;641,06;10976,41
PC006369;Não informado;E;Baixa;17,0;11,3;45,1;55;100;15;8,09;4,71;🔴 Comprar agora;21,0;95,56;1977,15
PC003470;Não informado;E;Baixa;6,0;16,9;10,6;55;100;15;34,37;4,71;🚨 RUPTURA IMINENTE;50,0;171,4;8655,12
PC005596;Não informado;E;Média;9,0;8,3;32,6;55;100;15;11,18;4,71;🔴 Comprar agora;19,0;161,01;2989,59
PC002873;Não informado;E;Baixa;6,0;4,9;37,0;55;100;15;9,86;4,71;🔴 Comprar agora;10,0;306,28;3125,04
PC001670;Não informado;E;Baixa;9,0;4,6;59,2;55;100;15;6,17;4,71;🟢 OK;0,0;232,66;0,0
PC009313;Não informado;E;Baixa;11,0;7,0;47,0;55;100;15;7,77;4,71;🔴 Comprar agora;12,0;113,37;1406,16
PC001717;Não informado;E;Baixa;6,0;2,7;66,7;55;100;15;5,47;4,71;🟢 OK;0,0;294,53;0,0
PC000738;Não informado;E;Baixa;3,0;4,0;22,7;55;100;15;16,11;4,71;🔴 Comprar agora;10,0;228,74;2342,07
PC002170;Não informado;E;Baixa;32,0;16,2;59,2;55;100;15;6,17;4,71;🟢 OK;0,0;37,83;0,0
PC008748;Não informado;E;Baixa;7,0;17,8;11,8;55;100;15;30,94;4,71;🚨 RUPTURA IMINENTE;52,0;194,18;10164,32
PC002248;Não informado;E;Baixa;19,0;7,9;71,8;55;100;15;5,08;4,71;🟢 OK;0,0;88,75;0,0
PC000464;Não informado;E;Baixa;3,0;1,4;66,6;55;100;15;5,48;4,71;🟢 OK;0,0;643,6;0,0
PC005430;Não informado;E;Média;8,0;5,1;46,8;55;100;15;7,79;4,71;🔴 Comprar agora;9,0;293,42;2665,59
PC001202;Não informado;E;Baixa;10,0;6,8;43,8;55;100;15;8,33;4,71;🔴 Comprar agora;13,0;123,51;1582,26
PC002333;Não informado;E;Baixa;17,0;9,5;53,5;55;100;15;6,82;4,71;🔴 Comprar agora;15,0;152,34;2247,67
PC007594;Não informado;E;Baixa;1,0;4,1;7,4;55;100;15;49,46;4,71;🚨 RUPTURA IMINENTE;13,0;578,68;7262,05
PC008528;Não informado;E;Baixa;3,0;4,1;22,0;55;100;15;16,62;4,71;🔴 Comprar agora;11,0;606,23;6463,14
PC009143;Não informado;E;Baixa;1,0;1,0;29,6;55;100;15;12,31;4,71;🔴 Comprar agora;2,0;822,63;1951,97
PC004016;Não informado;E;Baixa;3,0;1,3;69,0;55;100;15;5,29;4,71;🟢 OK;0,0;752,07;0,0
PC009634;Não informado;E;Baixa;6,0;5,0;36,0;55;100;15;10,13;4,71;🔴 Comprar agora;11,0;281,33;2997,94
PC009513;Não informado;E;Média;40,0;22,1;54,4;55;100;15;6,72;4,71;🔴 Comprar agora;34,0;65,68;2206,31
PC001702;Não informado;E;Baixa;3,0;1,0;89,1;55;100;15;4,1;4,71;🟢 OK;0,0;810,9;0,0
PC003310;Não informado;E;Baixa;7,0;9,2;22,9;55;100;15;15,95;4,71;🔴 Comprar agora;24,0;98,19;2316,73
PC005375;Não informado;E;Baixa;13,0;14,5;26,9;55;100;15;13,57;4,71;🔴 Comprar agora;35,0;201,54;7120,48
PC007479;Não informado;E;Baixa;18,0;11,6;46,7;55;100;15;7,81;4,71;🔴 Comprar agora;21,0;107,07;2196,67
PC002926;Não informado;E;Baixa;1,0;0,9;31,6;55;100;15;11,54;4,71;🔴 Comprar agora;2,0;680,71;1471,49
PC008149;Não informado;E;Baixa;4,0;6,4;18,7;55;100;15;19,48;4,71;🔴 Comprar agora;17,0;210,14;3646,05
PC006522;Não informado;E;Baixa;28,0;28,0;30,1;55;100;15;12,15;4,71;🔴 Comprar agora;65,0;24,14;1573,24
PC008975;Não informado;E;Baixa;13,0;20,6;18,9;55;100;15;19,28;4,71;🔴 Comprar agora;56,0;105,36;5866,38
PC002657;Não informado;E;Baixa;6,0;8,2;22,0;55;100;15;16,61;4,71;🔴 Comprar agora;21,0;83,69;1783,19
PC003810;Não informado;E;Baixa;3,0;4,0;22,4;55;100;15;16,28;4,71;🔴 Comprar agora;10,0;824,66;8563,42
PC003104;Não informado;E;Baixa;2,0;3,1;19,4;55;100;15;18,77;4,71;🔴 Comprar agora;8,0;350,37;2902,34
PC009243;Não informado;E;Baixa;1,0;2,6;11,5;55;100;15;31,86;4,71;🚨 RUPTURA IMINENTE;8,0;300,4;2322,12
PC001629;Não informado;E;Baixa;11,0;5,0;65,6;55;100;15;5,56;4,71;🟢 OK;0,0;169,03;0,0
PC006520;Não informado;E;Baixa;24,0;23,9;30,1;55;100;15;12,14;4,71;🔴 Comprar agora;56,0;132,43;7389,32
PC000655;Não informado;E;Baixa;2,0;1,0;61,5;55;100;15;5,93;4,71;🟢 OK;0,0;755,2;0,0
PC003748;Não informado;E;Baixa;21,0;9,3;68,1;55;100;15;5,36;4,71;🟢 OK;0,0;74,82;0,0
PC005980;Não informado;E;Baixa;3,0;2,0;45,7;55;100;15;7,99;4,71;🔴 Comprar agora;4,0;380,63;1357,41
PC001654;Não informado;E;Baixa;13,0;5,1;76,8;55;100;15;4,75;4,71;🟢 OK;0,0;171,74;0,0
PC007510;Não informado;E;Baixa;7,0;1,9;110,4;55;100;15;3,31;4,71;🟡 Estoque excessivo;0,0;322,13;0,0
PC001884;Não informado;E;Baixa;3,0;1,7;51,6;55;100;15;7,08;4,71;🔴 Comprar agora;3,0;407,92;1150,13
PC000638;Não informado;E;Baixa;5,0;2,0;74,1;55;100;15;4,93;4,71;🟢 OK;0,0;376,09;0,0
PC009955;Não informado;E;Baixa;4,0;1,8;66,9;55;100;15;5,45;4,71;🟢 OK;0,0;312,67;0,0
PC003703;Não informado;E;Baixa;10,0;5,2;58,1;55;100;15;6,28;4,71;🟢 OK;0,0;171,19;0,0
PC004970;Não informado;E;Baixa;13,0;4,3;90,0;55;100;15;4,06;4,71;🟢 OK;0,0;252,92;0,0
PC007752;Não informado;E;Baixa;3,0;3,9;23,1;55;100;15;15,8;4,71;🔴 Comprar agora;10,0;922,95;9216,52
PC005174;Não informado;E;Baixa;4,0;8,1;14,9;55;100;15;24,57;4,71;🚨 RUPTURA IMINENTE;23,0;379,33;8696,94
PC003676;Não informado;E;Baixa;8,0;7,1;33,6;55;100;15;10,85;4,71;🔴 Comprar agora;16,0;295,99;4670,15
PC001609;Não informado;E;Baixa;16,0;7,0;69,0;55;100;15;5,29;4,71;🟢 OK;0,0;98,58;0,0
PC007910;Não informado;E;Baixa;2,0;4,1;14,8;55;100;15;24,67;4,71;🚨 RUPTURA IMINENTE;12,0;502,05;5782,17
PC005875;Não informado;E;Baixa;4,0;23,3;5,2;55;100;15;70,76;4,71;🚨 RUPTURA IMINENTE;74,0;108,96;8013,06
PC004616;Não informado;E;Baixa;1,0;1,0;29,2;55;100;15;12,48;4,71;🔴 Comprar agora;2,0;641,79;1552,48
PC005918;Não informado;E;Baixa;3,0;2,8;31,6;55;100;15;11,53;4,71;🔴 Comprar agora;6,0;264,73;1715,35
PC006558;Não informado;E;Baixa;2,0;2,0;29,5;55;100;15;12,36;4,71;🔴 Comprar agora;5,0;376,49;1797,66
PC008995;Não informado;E;Baixa;9,0;3,1;87,8;55;100;15;4,16;4,71;🟢 OK;0,0;262,36;0,0
PC003784;Não informado;E;Média;1,0;1,6;18,7;55;100;15;19,55;4,71;🔴 Comprar agora;4,0;666,26;2903,14
PC007496;Não informado;E;Baixa;3,0;7,2;12,5;55;100;15;29,1;4,71;🚨 RUPTURA IMINENTE;21,0;456,66;9551,8
PC000633;Não informado;E;Baixa;4,0;4,2;28,9;55;100;15;12,65;4,71;🔴 Comprar agora;10,0;555,32;5475,23
PC001787;Não informado;E;Baixa;0,0;4,1;0,0;55;100;15;0,0;4,71;🚨 RUPTURA IMINENTE;14,0;815,19;11185,86
PC005939;Não informado;E;Baixa;43,0;20,0;64,3;55;100;15;5,67;4,71;🟢 OK;0,0;51,23;0,0
PC004727;Não informado;E;Baixa;4,0;6,7;18,0;55;100;15;20,25;4,71;🔴 Comprar agora;18,0;217,81;3963,36
PC000353;Não informado;E;Baixa;45,0;25,3;53,4;55;100;15;6,84;4,71;🔴 Comprar agora;39,0;29,31;1152,76
PC009309;Não informado;E;Baixa;23,0;29,5;23,4;55;100;15;15,61;4,71;🔴 Comprar agora;75,0;85,9;6471,75
PC003249;Não informado;E;Baixa;12,0;4,6;78,4;55;100;15;4,66;4,71;🟢 OK;0,0;158,51;0,0
PC007598;Não informado;E;Baixa;0,0;1,6;0,0;55;100;15;0,0;4,71;🚨 RUPTURA IMINENTE;5,0;614,68;3298,65
PC006444;Não informado;E;Baixa;6,0;3,0;59,2;55;100;15;6,17;4,71;🟢 OK;0,0;725,89;0,0
PC000784;Não informado;E;Baixa;2,0;3,1;19,5;55;100;15;18,73;4,71;🔴 Comprar agora;8,0;626,59;5176,92
PC002090;Não informado;E;Baixa;1,0;1,1;28,4;55;100;15;12,85;4,71;🔴 Comprar agora;3,0;683,32;1722,14
PC003797;Não informado;E;Baixa;2,0;1,7;35,7;55;100;15;10,23;4,71;🔴 Comprar agora;4,0;736,0;2653,65
PC004769;Não informado;E;Baixa;51,0;43,7;35,0;55;100;15;10,42;4,71;🔴 Comprar agora;95,0;16,81;1588,99
PC001116;Não informado;E;Baixa;3,0;11,8;7,6;55;100;15;47,97;4,71;🚨 RUPTURA IMINENTE;36,0;176,49;6429,75
PC007133;Não informado;E;Baixa;3,0;8,2;10,9;55;100;15;33,35;4,71;🚨 RUPTURA IMINENTE;24,0;134,67;3287,88
PC009119;Não informado;E;Baixa;1,0;1,0;29,1;55;100;15;12,54;4,71;🔴 Comprar agora;2,0;592,41;1442,67
PC008361;Não informado;E;Baixa;80,0;37,6;63,9;55;100;15;5,71;4,71;🟢 OK;0,0;18,81;0,0
PC009840;Não informado;E;Baixa;3,0;9,3;9,7;55;100;15;37,79;4,71;🚨 RUPTURA IMINENTE;28,0;267,52;7505,62
PC004985;Não informado;E;Baixa;10,0;11,2;26,9;55;100;15;13,57;4,71;🔴 Comprar agora;27,0;360,93;9805,54
PC001052;Não informado;E;Baixa;3,0;3,8;23,9;55;100;15;15,28;4,71;🔴 Comprar agora;10,0;147,5;1410,27
PC008726;Não informado;E;Baixa;4,0;9,7;12,4;55;100;15;29,44;4,71;🚨 RUPTURA IMINENTE;28,0;229,34;6481,53
PC002717;Não informado;E;Baixa;43,0;31,6;40,8;55;100;15;8,94;4,71;🔴 Comprar agora;62,0;94,61;5899,06
PC008850;Não informado;E;Baixa;36,0;10,9;98,7;55;100;15;3,7;4,71;🟢 OK;0,0;74,29;0,0
PC002897;Não informado;E;Baixa;5,0;1,8;84,3;55;100;15;4,33;4,71;🟢 OK;0,0;288,46;0,0
PC005376;Não informado;E;Baixa;9,0;2,8;97,9;55;100;15;3,73;4,71;🟢 OK;0,0;249,32;0,0
PC005594;Não informado;E;Baixa;0,0;1,0;0,0;55;100;15;0,0;4,71;🚨 RUPTURA IMINENTE;3,0;2902,04;9891,21
PC009046;Não informado;E;Baixa;1,0;3,5;8,5;55;100;15;42,84;4,71;🚨 RUPTURA IMINENTE;11,0;609,95;6548,83
PC001395;Não informado;E;Baixa;6,0;8,0;22,4;55;100;15;16,3;4,71;🔴 Comprar agora;21,0;262,48;5456,78
PC008105;Não informado;E;Baixa;36,0;20,8;51,9;55;100;15;7,03;4,71;🔴 Comprar agora;33,0;35,43;1181,7
PC005059;Não informado;E;Baixa;3,0;3,2;28,1;55;100;15;12,97;4,71;🔴 Comprar agora;8,0;352,54;2699,69
PC005278;Não informado;E;Baixa;1,0;1,9;15,7;55;100;15;23,18;4,71;🔴 Comprar agora;5,0;351,22;1879,55
PC005944;Não informado;E;Baixa;2,0;2,0;29,7;55;100;15;12,31;4,71;🔴 Comprar agora;5,0;422,47;2004,73
PC002273;Não informado;E;Baixa;96,0;49,0;58,8;55;100;15;6,21;4,71;🟢 OK;0,0;22,64;0,0
PC002331;Não informado;E;Baixa;12,0;6,2;58,4;55;100;15;6,25;4,71;🟢 OK;0,0;96,16;0,0
PC002844;Não informado;E;Baixa;5,0;10,0;15,1;55;100;15;24,25;4,71;🔴 Comprar agora;28,0;136,58;3853,73
PC002956;Não informado;E;Baixa;9,0;4,1;66,5;55;100;15;5,49;4,71;🟢 OK;0,0;151,75;0,0
PC008097;Não informado;E;Baixa;98,0;43,2;68,1;55;100;15;5,36;4,71;🟢 OK;0,0;21,03;0,0
PC000838;Não informado;E;Baixa;6,0;3,0;60,6;55;100;15;6,03;4,71;🟢 OK;0,0;215,89;0,0
PC006045;Não informado;E;Baixa;11,0;3,7;89,1;55;100;15;4,1;4,71;🟢 OK;0,0;203,2;0,0
PC006167;Não informado;E;Baixa;3,0;4,0;22,6;55;100;15;16,14;4,71;🔴 Comprar agora;10,0;867,65;8904,45
PC009205;Não informado;E;Baixa;8,0;30,7;7,8;55;100;15;46,71;4,71;🚨 RUPTURA IMINENTE;94,0;125,53;11846,47
PC009531;Não informado;E;Baixa;3,0;5,2;17,2;55;100;15;21,27;4,71;🔴 Comprar agora;14,0;436,8;6326,45
PC008239;Não informado;E;Baixa;3,0;0,9;96,6;55;100;15;3,78;4,71;🟢 OK;0,0;613,45;0,0
PC004695;Não informado;E;Média;4,0;3,4;35,3;55;100;15;10,35;4,71;🔴 Comprar agora;7,0;313,95;2304,45
PC006294;Não informado;E;Baixa;6,0;3,0;60,9;55;100;15;5,99;4,71;🟢 OK;0,0;247,41;0,0
PC006208;Não informado;E;Baixa;0,0;4,0;0,0;55;100;15;0,0;4,71;🚨 RUPTURA IMINENTE;13,0;469,33;6217,14
PC002252;Não informado;E;Baixa;33,0;13,6;73,1;55;100;15;5,0;4,71;🟢 OK;0,0;71,62;0,0
PC008965;Não informado;E;Baixa;3,0;1,0;90,2;55;100;15;4,05;4,71;🟢 OK;0,0;714,5;0,0
PC005448;Não informado;E;Baixa;1,0;2,0;15,1;55;100;15;24,15;4,71;🔴 Comprar agora;6,0;1647,62;9254,14
PC005987;Não informado;E;Baixa;4,0;1,3;89,0;55;100;15;4,1;4,71;🟢 OK;0,0;624,5;0,0
PC009405;Não informado;E;Baixa;12,0;6,2;57,8;55;100;15;6,31;4,71;🟢 OK;0,0;177,83;0,0
PC006322;Não informado;E;Baixa;6,0;6,8;26,5;55;100;15;13,8;4,71;🔴 Comprar agora;17,0;87,13;1453,32
PC000496;Não informado;E;Baixa;3,0;4,1;22,0;55;100;15;16,6;4,71;🔴 Comprar agora;11,0;666,73;7096,71
PC008609;Não informado;E;Baixa;11,0;10,2;32,2;55;100;15;11,33;4,71;🔴 Comprar agora;23,0;61,63;1426,3
PC002552;Não informado;E;Baixa;6,0;1,8;102,0;55;100;15;3,58;4,71;🟡 Estoque excessivo;0,0;411,34;0,0
PC003684;Não informado;E;Baixa;1,0;1,0;29,8;55;100;15;12,26;4,71;🔴 Comprar agora;2,0;557,34;1314,0
PC005574;Não informado;E;Baixa;3,0;1,6;57,7;55;100;15;6,32;4,71;🟢 OK;0,0;802,92;0,0
PC000634;Não informado;E;Baixa;17,0;17,0;30,0;55;100;15;12,18;4,71;🔴 Comprar agora;40,0;94,73;3761,51
PC004966;Não informado;E;Baixa;5,0;5,2;28,8;55;100;15;12,68;4,71;🔴 Comprar agora;12,0;583,65;7221,08
PC006165;Não informado;E;Baixa;10,0;6,4;46,6;55;100;15;7,84;4,71;🔴 Comprar agora;11,0;184,48;2118,19
PC005981;Não informado;E;Baixa;10,0;29,8;10,1;55;100;15;36,22;4,71;🚨 RUPTURA IMINENTE;89,0;47,05;4198,04
PC009169;Não informado;E;Baixa;2,0;1,8;33,4;55;100;15;10,94;4,71;🔴 Comprar agora;4,0;366,93;1466,38
PC006570;Não informado;E;Baixa;1,0;1,4;22,0;55;100;15;16,6;4,71;🔴 Comprar agora;4,0;571,95;2028,95
PC003241;Não informado;E;Baixa;9,0;6,9;38,9;55;100;15;9,38;4,71;🔴 Comprar agora;14,0;78,4;1108,42
PC009162;Não informado;E;Média;2,0;1,6;38,2;55;100;15;9,55;4,71;🔴 Comprar agora;3,0;772,71;2496,12
PC002665;Não informado;E;Média;20,0;20,1;29,9;55;100;15;12,2;4,71;🔴 Comprar agora;47,0;50,91;2384,95
PC002093;Não informado;E;Baixa;1,0;2,0;14,9;55;100;15;24,46;4,71;🚨 RUPTURA IMINENTE;6,0;1303,58;7430,87
PC008750;Não informado;E;Baixa;16,0;5,1;93,8;55;100;15;3,89;4,71;🟢 OK;0,0;140,54;0,0
PC002269;Não informado;E;Baixa;21,0;8,0;79,2;55;100;15;4,61;4,71;🟢 OK;0,0;92,76;0,0
PC003549;Não informado;E;Baixa;16,0;5,6;85,9;55;100;15;4,25;4,71;🟢 OK;0,0;108,93;0,0
PC008328;Não informado;E;Baixa;2,0;2,1;28,9;55;100;15;12,64;4,71;🔴 Comprar agora;5,0;391,69;1928,84
PC004832;Não informado;E;Baixa;21,0;16,0;39,3;55;100;15;9,3;4,71;🔴 Comprar agora;32,0;134,24;4360,71
PC008131;Não informado;E;Baixa;7,0;7,2;29,3;55;100;15;12,47;4,71;🔴 Comprar agora;17,0;355,29;6012,21
PC007268;Não informado;E;Baixa;3,0;1,0;87,9;55;100;15;4,15;4,71;🟢 OK;0,0;556,57;0,0
PC009082;Não informado;E;Baixa;21,0;16,9;37,2;55;100;15;9,81;4,71;🔴 Comprar agora;35,0;72,69;2577,43
PC005171;Não informado;E;Baixa;15,0;14,6;30,9;55;100;15;11,81;4,71;🔴 Comprar agora;34,0;72,62;2435,44
PC004701;Não informado;E;Baixa;18,0;13,2;40,8;55;100;15;8,95;4,71;🔴 Comprar agora;26,0;45,67;1193,02
PC004181;Não informado;E;Baixa;4,0;9,7;12,4;55;100;15;29,37;4,71;🚨 RUPTURA IMINENTE;28,0;127,76;3600,85
PC004310;Não informado;E;Baixa;11,0;8,2;40,1;55;100;15;9,09;4,71;🔴 Comprar agora;16,0;122,36;2006,7
PC003554;Não informado;E;Baixa;3,0;3,1;28,8;55;100;15;12,67;4,71;🔴 Comprar agora;7,0;750,85;5566,12
PC008102;Não informado;E;Baixa;10,0;17,6;17,1;55;100;15;21,37;4,71;🔴 Comprar agora;49,0;59,11;2870,31
PC005996;Não informado;E;Média;3,0;3,2;28,3;55;100;15;12,92;4,71;🔴 Comprar agora;8,0;333,27;2538,8
PC005328;Não informado;E;Baixa;15,0;10,3;43,5;55;100;15;8,38;4,71;🔴 Comprar agora;19,0;99,42;1934,11
PC001378;Não informado;E;Baixa;4,0;1,9;64,2;55;100;15;5,68;4,71;🟢 OK;0,0;358,33;0,0
PC003689;Não informado;E;Baixa;11,0;8,8;37,4;55;100;15;9,76;4,71;🔴 Comprar agora;18,0;58,06;1068,73
PC001181;Não informado;E;Baixa;4,0;2,0;59,4;55;100;15;6,15;4,71;🟢 OK;0,0;291,98;0,0
PC003932;Não informado;E;Média;18,0;9,6;56,3;55;100;15;6,48;4,71;🟢 OK;0,0;129,9;0,0
PC006518;Não informado;E;Baixa;4,0;7,2;16,7;55;100;15;21,9;4,71;🔴 Comprar agora;20,0;281,48;5628,07
PC008618;Não informado;E;Baixa;14,0;8,1;52,1;55;100;15;7,0;4,71;🔴 Comprar agora;13,0;130,66;1678,77
PC003946;Não informado;E;Baixa;3,0;0,9;96,8;55;100;15;3,77;4,71;🟢 OK;0,0;748,3;0,0
PC000198;Não informado;E;Baixa;2,0;1,0;59,0;55;100;15;6,18;4,71;🟢 OK;0,0;637,48;0,0
PC003897;Não informado;E;Baixa;5,0;1,8;82,5;55;100;15;4,43;4,71;🟢 OK;0,0;374,02;0,0
PC003474;Não informado;E;Baixa;1,0;1,3;22,5;55;100;15;16,25;4,71;🔴 Comprar agora;3,0;617,57;2131,81
PC001381;Não informado;E;Baixa;2,0;2,1;28,7;55;100;15;12,72;4,71;🔴 Comprar agora;5,0;1155,56;5744,42
PC000321;Não informado;E;Baixa;7,0;2,1;101,4;55;100;15;3,6;4,71;🟡 Estoque excessivo;0,0;346,93;0,0
PC006973;Não informado;E;Baixa;3,0;1,7;52,3;55;100;15;6,98;4,71;🔴 Comprar agora;3,0;349,86;957,33
PC009312;Não informado;E;Baixa;3,0;0,9;102,0;55;100;15;3,58;4,71;🟡 Estoque excessivo;0,0;629,88;0,0
PC003093;Não informado;E;Baixa;7,0;3,6;58,9;55;100;15;6,2;4,71;🟢 OK;0,0;175,53;0,0
PC004582;Não informado;E;Baixa;10,0;3,0;99,1;55;100;15;3,68;4,71;🟢 OK;0,0;253,44;0,0
PC004238;Não informado;E;Baixa;5,0;1,7;88,5;55;100;15;4,12;4,71;🟢 OK;0,0;290,66;0,0
PC002051;Não informado;E;Baixa;3,0;2,0;44,8;55;100;15;8,15;4,71;🔴 Comprar agora;4,0;307,41;1137,29
PC003152;Não informado;E;Baixa;1,0;1,0;29,6;55;100;15;12,33;4,71;🔴 Comprar agora;2,0;659,85;1570,03
PC009987;Não informado;E;Baixa;23,0;14,2;48,5;55;100;15;7,53;4,71;🔴 Comprar agora;24,0;173,99;4256,78
PC000059;Não informado;E;Baixa;1,0;1,0;30,6;55;100;15;11,94;4,71;🔴 Comprar agora;2,0;746,69;1695,75
PC009354;Não informado;E;Baixa;1,0;1,0;30,3;55;100;15;12,03;4,71;🔴 Comprar agora;2,0;1624,19;3727,4
PC008524;Não informado;E;Baixa;12,0;18,9;19,1;55;100;15;19,13;4,71;🔴 Comprar agora;51,0;142,5;7254,07
PC007771;Não informado;E;Baixa;1,0;3,8;8,0;55;100;15;45,82;4,71;🚨 RUPTURA IMINENTE;12,0;615,68;7113,88
PC000806;Não informado;E;Baixa;4,0;4,1;29,3;55;100;15;12,45;4,71;🔴 Comprar agora;10,0;197,42;1904,83
PC004805;Não informado;E;Baixa;2,0;1,0;57,8;55;100;15;6,32;4,71;🟢 OK;0,0;732,06;0,0
PC007434;Não informado;E;Baixa;1,0;1,0;29,2;55;100;15;12,51;4,71;🔴 Comprar agora;2,0;733,82;1781,73
PC009449;Não informado;E;Baixa;50,0;26,0;57,7;55;100;15;6,33;4,71;🟢 OK;0,0;24,26;0,0
PC009578;Não informado;E;Baixa;6,0;2,0;88,4;55;100;15;4,13;4,71;🟢 OK;0,0;331,33;0,0
PC001008;Não informado;E;Baixa;4,0;3,1;39,1;55;100;15;9,34;4,71;🔴 Comprar agora;6,0;294,04;1834,5
PC004316;Não informado;E;Baixa;20,0;8,5;70,8;55;100;15;5,15;4,71;🟢 OK;0,0;89,96;0,0
PC005496;Não informado;E;Baixa;23,0;16,0;43,0;55;100;15;8,48;4,71;🔴 Comprar agora;30,0;164,77;5018,04
PC007906;Não informado;E;Baixa;9,0;19,4;13,9;55;100;15;26,23;4,71;🚨 RUPTURA IMINENTE;56,0;137,61;7660,61
PC006266;Não informado;E;Baixa;75,0;34,6;65,0;55;100;15;5,61;4,71;🟢 OK;0,0;22,04;0,0
PC000427;Não informado;E;Baixa;1,0;2,0;14,6;55;100;15;24,92;4,71;🚨 RUPTURA IMINENTE;6,0;1140,0;6643,21
PC004787;Não informado;E;Baixa;10,0;3,0;99,1;55;100;15;3,68;4,71;🟢 OK;0,0;260,9;0,0
PC001250;Não informado;E;Baixa;6,0;5,2;34,9;55;100;15;10,46;4,71;🔴 Comprar agora;11,0;395,99;4430,09
PC009948;Não informado;E;Baixa;2,0;5,2;11,6;55;100;15;31,58;4,71;🚨 RUPTURA IMINENTE;15,0;246,97;3779,17
PC008477;Não informado;E;Baixa;28,0;15,7;53,6;55;100;15;6,8;4,71;🔴 Comprar agora;24,0;116,09;2809,28
PC003305;Não informado;E;Baixa;5,0;30,3;5,0;55;100;15;73,74;4,71;🚨 RUPTURA IMINENTE;96,0;80,87;7764,11
PC005416;Não informado;E;Baixa;84,0;26,2;96,3;55;100;15;3,79;4,71;🟢 OK;0,0;24,02;0,0
PC002810;Não informado;E;Baixa;20,0;13,1;45,7;55;100;15;8,0;4,71;🔴 Comprar agora;24,0;58,49;1392,59
PC002332;Não informado;E;Baixa;1,0;2,1;14,4;55;100;15;25,37;4,71;🚨 RUPTURA IMINENTE;6,0;372,06;2214,1
PC001036;Não informado;E;Média;5,0;3,4;43,6;55;100;15;8,37;4,71;🔴 Comprar agora;6,0;373,15;2414,26
PC009095;Não informado;E;Baixa;1,0;4,3;7,0;55;100;15;51,91;4,71;🚨 RUPTURA IMINENTE;13,0;612,05;8093,12
PC004672;Não informado;E;Baixa;7,0;3,1;68,8;55;100;15;5,31;4,71;🟢 OK;0,0;222,12;0,0
PC000652;Não informado;E;Baixa;19,0;9,0;63,1;55;100;15;5,78;4,71;🟢 OK;0,0;70,89;0,0
PC002990;Não informado;E;Baixa;8,0;7,2;33,3;55;100;15;10,97;4,71;🔴 Comprar agora;16,0;110,87;1779,29
PC001807;Não informado;E;Baixa;2,0;2,0;29,6;55;100;15;12,34;4,71;🔴 Comprar agora;5,0;858,96;4090,52
PC001830;Não informado;E;Baixa;3,0;4,1;22,2;55;100;15;16,45;4,71;🔴 Comprar agora;11,0;636,41;6695,88
PC007849;Não informado;E;Baixa;27,0;8,7;93,1;55;100;15;3,92;4,71;🟢 OK;0,0;72,96;0,0
PC005824;Não informado;E;Baixa;4,0;4,0;29,7;55;100;15;12,3;4,71;🔴 Comprar agora;9,0;685,31;6495,29
PC007223;Não informado;E;Baixa;0,0;1,9;0,0;55;100;15;0,0;4,71;🚨 RUPTURA IMINENTE;6,0;985,03;6181,83
PC007613;Não informado;E;Baixa;5,0;1,9;77,8;55;100;15;4,69;4,71;🟢 OK;0,0;352,3;0,0
PC001270;Não informado;E;Baixa;9,0;6,7;40,3;55;100;15;9,05;4,71;🔴 Comprar agora;13,0;75,33;1003,17
PC002718;Não informado;E;Baixa;15,0;15,3;29,5;55;100;15;12,38;4,71;🔴 Comprar agora;36,0;189,95;6811,23
PC006953;Não informado;E;Baixa;19,0;6,1;93,8;55;100;15;3,89;4,71;🟢 OK;0,0;97,68;0,0
PC009629;Não informado;E;Baixa;33,0;13,1;75,9;55;100;15;4,81;4,71;🟢 OK;0,0;45,84;0,0
PC001358;Não informado;E;Baixa;2,0;2,1;28,2;55;100;15;12,93;4,71;🔴 Comprar agora;5,0;1445,27;7351,34
PC006821;Não informado;E;Baixa;1,0;1,6;18,3;55;100;15;19,98;4,71;🔴 Comprar agora;4,0;680,6;3045,23
PC002784;Não informado;E;Baixa;3,0;3,0;30,4;55;100;15;12,02;4,71;🔴 Comprar agora;7,0;198,61;1366,82
PC009820;Não informado;E;Baixa;5,0;6,3;23,8;55;100;15;15,35;4,71;🔴 Comprar agora;16,0;136,15;2181,44
PC004713;Não informado;E;Baixa;12,0;6,1;59,4;55;100;15;6,14;4,71;🟢 OK;0,0;127,14;0,0
PC003595;Não informado;E;Baixa;2,0;2,8;21,1;55;100;15;17,32;4,71;🔴 Comprar agora;7,0;240,61;1802,47
PC006509;Não informado;E;Baixa;4,0;3,9;31,0;55;100;15;11,78;4,71;🔴 Comprar agora;9,0;383,35;3417,17
PC002338;Não informado;E;Baixa;2,0;3,0;19,9;55;100;15;18,31;4,71;🔴 Comprar agora;8,0;638,43;5126,95
PC007457;Não informado;E;Baixa;21,0;29,8;21,1;55;100;15;17,26;4,71;🔴 Comprar agora;78,0;25,07;1963,63
PC006719;Não informado;E;Baixa;2,0;2,2;27,8;55;100;15;13,11;4,71;🔴 Comprar agora;5,0;1010,59;5240,39
PC009846;Não informado;E;Baixa;9,0;4,0;67,9;55;100;15;5,38;4,71;🟢 OK;0,0;174,44;0,0
PC009949;Não informado;E;Baixa;8,0;4,1;58,5;55;100;15;6,24;4,71;🟢 OK;0,0;181,48;0,0
PC006368;Não informado;E;Baixa;2,0;1,9;30,9;55;100;15;11,8;4,71;🔴 Comprar agora;4,0;360,62;1610,48
PC005130;Não informado;E;Baixa;4,0;4,1;29,6;55;100;15;12,34;4,71;🔴 Comprar agora;10,0;187,94;1789,44
PC001776;Não informado;E;Baixa;1,0;1,0;30,8;55;100;15;11,86;4,71;🔴 Comprar agora;2,0;547,28;1230,61
PC003785;Não informado;E;Baixa;3,0;4,1;21,8;55;100;15;16,76;4,71;🔴 Comprar agora;11,0;568,07;6121,73
PC000177;Não informado;E;Baixa;11,0;5,4;61,1;55;100;15;5,97;4,71;🟢 OK;0,0;123,84;0,0
PC008723;Não informado;E;Baixa;1,0;1,0;29,9;55;100;15;12,21;4,71;🔴 Comprar agora;2,0;708,14;1660,27
PC003979;Não informado;E;Média;26,0;15,7;49,6;55;100;15;7,36;4,71;🔴 Comprar agora;26,0;84,29;2227,35
PC007254;Não informado;E;Baixa;5,0;5,9;25,4;55;100;15;14,35;4,71;🔴 Comprar agora;15,0;345,23;5062,15
PC001928;Não informado;E;Baixa;1,0;1,7;17,7;55;100;15;20,64;4,71;🔴 Comprar agora;5,0;576,38;2682,6
PC006685;Não informado;E;Baixa;5,0;1,9;78,2;55;100;15;4,67;4,71;🟢 OK;0,0;323,78;0,0
PC002188;Não informado;E;Baixa;11,0;19,3;17,1;55;100;15;21,4;4,71;🔴 Comprar agora;53,0;65,3;3492,92
PC000808;Não informado;E;Baixa;35,0;16,5;63,4;55;100;15;5,75;4,71;🟢 OK;0,0;30,28;0,0
PC006471;Não informado;E;Baixa;2,0;5,8;10,4;55;100;15;35,1;4,71;🚨 RUPTURA IMINENTE;17,0;314,17;5414,79
PC004856;Não informado;E;Baixa;1,0;4,2;7,2;55;100;15;50,85;4,71;🚨 RUPTURA IMINENTE;13,0;513,27;6636,82
PC004170;Não informado;E;Baixa;7,0;6,4;32,9;55;100;15;11,09;4,71;🔴 Comprar agora;14,0;83,65;1194,12
PC002198;Não informado;E;Baixa;1,0;2,0;14,9;55;100;15;24,51;4,71;🚨 RUPTURA IMINENTE;6,0;1077,25;6155,3
PC001075;Não informado;E;Baixa;4,0;12,6;9,5;55;100;15;38,35;4,71;🚨 RUPTURA IMINENTE;38,0;268,98;10229,49
PC006778;Não informado;E;Baixa;52,0;25,2;61,8;55;100;15;5,91;4,71;🟢 OK;0,0;26,59;0,0
PC005885;Não informado;E;Baixa;11,0;3,4;95,8;55;100;15;3,81;4,71;🟢 OK;0,0;183,93;0,0
PC003916;Não informado;E;Baixa;2,0;11,7;5,1;55;100;15;71,43;4,71;🚨 RUPTURA IMINENTE;37,0;214,87;7980,76
PC002334;Não informado;E;Baixa;7,0;3,3;64,3;55;100;15;5,67;4,71;🟢 OK;0,0;209,16;0,0
PC003680;Não informado;E;Baixa;2,0;1,0;57,8;55;100;15;6,32;4,71;🟢 OK;0,0;532,98;0,0
PC002679;Não informado;E;Baixa;2,0;1,6;38,1;55;100;15;9,57;4,71;🔴 Comprar agora;3,0;634,53;2059,73
PC007189;Não informado;E;Baixa;1,0;6,0;5,0;55;100;15;72,95;4,71;🚨 RUPTURA IMINENTE;19,0;368,19;6990,6
PC002450;Não informado;E;Baixa;1,0;0,9;31,8;55;100;15;11,49;4,71;🔴 Comprar agora;2,0;691,81;1486,72
PC009123;Não informado;E;Baixa;2,0;6,1;9,9;55;100;15;36,9;4,71;🚨 RUPTURA IMINENTE;18,0;346,98;6321,48
PC005149;Não informado;E;Baixa;12,0;6,6;54,6;55;100;15;6,68;4,71;🔴 Comprar agora;10,0;98,02;977,68
PC005075;Não informado;E;Baixa;7,0;3,1;68,5;55;100;15;5,33;4,71;🟢 OK;0,0;197,81;0,0
PC008790;Não informado;E;Baixa;1,0;5,0;6,0;55;100;15;60,8;4,71;🚨 RUPTURA IMINENTE;16,0;438,52;6866,48
PC000179;Não informado;E;Baixa;6,0;2,6;69,8;55;100;15;5,23;4,71;🟢 OK;0,0;282,44;0,0
PC003147;Não informado;E;Média;1,0;1,8;16,9;55;100;15;21,54;4,71;🔴 Comprar agora;5,0;541,32;2653,37
PC001564;Não informado;E;Baixa;13,0;13,6;28,7;55;100;15;12,72;4,71;🔴 Comprar agora;32,0;227,26;7338,19
PC009968;Não informado;E;Baixa;6,0;3,9;46,3;55;100;15;7,89;4,71;🔴 Comprar agora;7,0;146,65;1022,1
PC003148;Não informado;E;Baixa;5,0;4,5;33,1;55;100;15;11,01;4,71;🔴 Comprar agora;10,0;173,88;1753,73
PC004644;Não informado;E;Baixa;19,0;7,0;81,0;55;100;15;4,51;4,71;🟢 OK;0,0;71,49;0,0
PC003136;Não informado;E;Baixa;4,0;2,1;58,0;55;100;15;6,29;4,71;🟢 OK;0,0;258,4;0,0
PC009539;Não informado;E;Baixa;2,0;5,9;10,3;55;100;15;35,59;4,71;🚨 RUPTURA IMINENTE;18,0;361,25;6323,02
PC001774;Não informado;E;Baixa;3,0;1,0;90,6;55;100;15;4,03;4,71;🟢 OK;0,0;734,6;0,0
PC003647;Não informado;E;Baixa;4,0;3,1;38,7;55;100;15;9,44;4,71;🔴 Comprar agora;6,0;209,17;1326,49
PC007052;Não informado;E;Baixa;12,0;3,9;91,1;55;100;15;4,0;4,71;🟢 OK;0,0;126,22;0,0
PC007905;Não informado;E;Média;21,0;18,2;34,6;55;100;15;10,56;4,71;🔴 Comprar agora;40,0;62,78;2494,9
PC002239;Não informado;E;Baixa;2,0;6,8;8,8;55;100;15;41,46;4,71;🚨 RUPTURA IMINENTE;21,0;338,32;7009,92
PC009676;Não informado;E;Baixa;5,0;2,1;72,6;55;100;15;5,03;4,71;🟢 OK;0,0;309,35;0,0
PC006252;Não informado;E;Baixa;5,0;5,1;29,6;55;100;15;12,34;4,71;🔴 Comprar agora;12,0;432,52;5149,89
PC007497;Não informado;E;Baixa;5,0;3,3;45,9;55;100;15;7,95;4,71;🔴 Comprar agora;6,0;260,78;1536,51
PC005393;Não informado;E;Baixa;3,0;5,8;15,4;55;100;15;23,7;4,71;🔴 Comprar agora;16,0;411,45;6781,38
PC005321;Não informado;E;Baixa;2,0;3,9;15,5;55;100;15;23,53;4,71;🔴 Comprar agora;11,0;210,07;2288,55
PC003498;Não informado;E;Baixa;1,0;0,9;32,0;55;100;15;11,39;4,71;🔴 Comprar agora;2,0;596,27;1264,77
PC009520;Não informado;E;Baixa;2,0;0,9;63,2;55;100;15;5,77;4,71;🟢 OK;0,0;490,07;0,0
PC008057;Não informado;E;Baixa;4,0;3,3;36,0;55;100;15;10,14;4,71;🔴 Comprar agora;7,0;338,28;2406,43
PC007601;Não informado;E;Média;3,0;4,9;18,2;55;100;15;20,04;4,71;🔴 Comprar agora;13,0;239,09;3220,54
PC001834;Não informado;E;Baixa;11,0;5,3;62,4;55;100;15;5,85;4,71;🟢 OK;0,0;102,59;0,0
PC007209;Não informado;E;Baixa;15,0;7,9;57,0;55;100;15;6,41;4,71;🟢 OK;0,0;70,28;0,0
PC006766;Não informado;E;Baixa;1,0;1,1;27,8;55;100;15;13,15;4,71;🔴 Comprar agora;3,0;1646,84;4286,14
PC007165;Não informado;E;Baixa;3,0;4,8;18,6;55;100;15;19,57;4,71;🔴 Comprar agora;13,0;246,21;3222,21
PC003959;Não informado;E;Baixa;5,0;5,7;26,4;55;100;15;13,82;4,71;🔴 Comprar agora;14,0;112,84;1571,61
PC001277;Não informado;E;Baixa;3,0;4,4;20,4;55;100;15;17,86;4,71;🔴 Comprar agora;12,0;135,37;1580,77
PC002518;Não informado;E;Baixa;16,0;5,0;95,7;55;100;15;3,81;4,71;🟢 OK;0,0;117,62;0,0
PC000509;Não informado;E;Baixa;3,0;1,9;47,1;55;100;15;7,75;4,71;🔴 Comprar agora;3,0;277,45;934,83
PC005025;Não informado;E;Média;33,0;29,6;33,5;55;100;15;10,91;4,71;🔴 Comprar agora;66,0;41,06;2694,26
PC002742;Não informado;E;Baixa;3,0;12,1;7,4;55;100;15;49,0;4,71;🚨 RUPTURA IMINENTE;37,0;140,49;5236,38
PC003446;Não informado;E;Baixa;3,0;2,1;43,8;55;100;15;8,32;4,71;🔴 Comprar agora;4,0;313,38;1203,99
PC004595;Não informado;E;Baixa;2,0;2,2;27,5;55;100;15;13,28;4,71;🔴 Comprar agora;5,0;296,42;1564,11
PC003211;Não informado;E;Baixa;3,0;2,0;44,2;55;100;15;8,25;4,71;🔴 Comprar agora;4,0;312,2;1180,49
PC008120;Não informado;E;Baixa;4,0;8,1;14,8;55;100;15;24,61;4,71;🚨 RUPTURA IMINENTE;23,0;98,7;2266,68
PC005362;Não informado;E;Baixa;5,0;6,1;24,4;55;100;15;14,93;4,71;🔴 Comprar agora;15,0;90,21;1393,81
PC006001;Não informado;E;Baixa;7,0;3,3;63,6;55;100;15;5,74;4,71;🟢 OK;0,0;198,16;0,0
PC005955;Não informado;E;Média;4,0;6,8;17,7;55;100;15;20,59;4,71;🔴 Comprar agora;19,0;130,43;2421,71
PC005717;Não informado;E;Baixa;28,0;14,7;57,3;55;100;15;6,37;4,71;🟢 OK;0,0;118,36;0,0
PC000142;Não informado;E;Baixa;15,0;12,3;36,6;55;100;15;9,97;4,71;🔴 Comprar agora;26,0;199,2;5173,33
PC006054;Não informado;E;Baixa;2,0;1,3;44,9;55;100;15;8,13;4,71;🔴 Comprar agora;2,0;572,9;1405,62
PC001575;Não informado;E;Baixa;6,0;1,8;101,6;55;100;15;3,59;4,71;🟡 Estoque excessivo;0,0;294,1;0,0
PC008003;Não informado;E;Baixa;11,0;12,4;26,5;55;100;15;13,77;4,71;🔴 Comprar agora;30,0;264,02;8048,33
PC009947;Não informado;E;Baixa;1,0;1,0;29,6;55;100;15;12,32;4,71;🔴 Comprar agora;2,0;713,08;1694,2
PC006250;Não informado;E;Baixa;8,0;4,8;49,8;55;100;15;7,33;4,71;🔴 Comprar agora;8,0;171,42;1381,9
PC009713;Não informado;E;Baixa;13,0;9,9;39,4;55;100;15;9,25;4,71;🔴 Comprar agora;20,0;90,96;1815,61
PC004419;Não informado;E;Baixa;6,0;14,7;12,2;55;100;15;29,89;4,71;🚨 RUPTURA IMINENTE;43,0;161,24;6955,85
PC008881;Não informado;E;Baixa;5,0;1,9;77,7;55;100;15;4,7;4,71;🟢 OK;0,0;267,65;0,0
PC005545;Não informado;E;Baixa;19,0;10,2;55,8;55;100;15;6,54;4,71;🟢 OK;0,0;64,51;0,0
PC000545;Não informado;E;Baixa;10,0;19,8;15,1;55;100;15;24,13;4,71;🔴 Comprar agora;56,0;74,11;4158,12
PC006450;Não informado;E;Baixa;29,0;12,1;71,8;55;100;15;5,09;4,71;🟢 OK;0,0;41,79;0,0
PC003431;Não informado;E;Baixa;5,0;3,2;46,5;55;100;15;7,85;4,71;🔴 Comprar agora;6,0;269,95;1551,78
PC006847;Não informado;E;Baixa;1,0;4,3;7,0;55;100;15;52,3;4,71;🚨 RUPTURA IMINENTE;13,0;479,59;6392,06
PC001704;Não informado;E;Baixa;20,0;9,1;66,0;55;100;15;5,53;4,71;🟢 OK;0,0;74,35;0,0
PC007788;Não informado;E;Baixa;3,0;1,2;74,1;55;100;15;4,93;4,71;🟢 OK;0,0;524,55;0,0
PC001129;Não informado;E;Baixa;8,0;35,4;6,8;55;100;15;53,78;4,71;🚨 RUPTURA IMINENTE;110,0;92,68;10183,03
PC003906;Não informado;E;Baixa;1,0;2,0;14,9;55;100;15;24,47;4,71;🚨 RUPTURA IMINENTE;6,0;1485,01;8471,6
PC007968;Não informado;E;Baixa;6,0;1,9;94,8;55;100;15;3,85;4,71;🟢 OK;0,0;255,57;0,0
PC009792;Não informado;E;Baixa;1,0;0,8;36,2;55;100;15;10,1;4,71;🔴 Comprar agora;2,0;515,67;910,55
PC006513;Não informado;E;Baixa;13,0;25,3;15,4;55;100;15;23,68;4,71;🔴 Comprar agora;71,0;86,25;6154,23
PC002043;Não informado;E;Baixa;1,0;0,8;36,3;55;100;15;10,07;4,71;🔴 Comprar agora;2,0;582,79;1024,34
PC005772;Não informado;E;Baixa;26,0;8,9;87,8;55;100;15;4,16;4,71;🟢 OK;0,0;79,13;0,0
PC004774;Não informado;E;Baixa;4,0;9,4;12,7;55;100;15;28,71;4,71;🚨 RUPTURA IMINENTE;27,0;258,33;7094,5
PC000688;Não informado;E;Baixa;5,0;6,3;24,0;55;100;15;15,23;4,71;🔴 Comprar agora;16,0;140,97;2235,71
PC004895;Não informado;E;Baixa;1,0;1,5;19,5;55;100;15;18,74;4,71;🔴 Comprar agora;4,0;686,11;2835,86
PC007662;Não informado;E;Baixa;1,0;4,2;7,2;55;100;15;50,75;4,71;🚨 RUPTURA IMINENTE;13,0;522,85;6746,68
PC009117;Não informado;E;Baixa;3,0;2,0;44,6;55;100;15;8,19;4,71;🔴 Comprar agora;4,0;335,78;1251,59
PC004129;Não informado;E;Baixa;36,0;28,6;37,7;55;100;15;9,68;4,71;🔴 Comprar agora;59,0;40,24;2392,7
PC008634;Não informado;E;Baixa;5,0;6,3;23,8;55;100;15;15,31;4,71;🔴 Comprar agora;16,0;112,62;1799,18
PC008067;Não informado;E;Baixa;5,0;8,1;18,6;55;100;15;19,6;4,71;🔴 Comprar agora;22,0;244,53;5341,24
PC004287;Não informado;E;Baixa;2,0;1,9;30,9;55;100;15;11,81;4,71;🔴 Comprar agora;4,0;710,87;3179,85
PC000030;Não informado;E;Baixa;2,0;1,9;32,2;55;100;15;11,33;4,71;🔴 Comprar agora;4,0;1227,62;5168,74
PC004218;Não informado;E;Baixa;11,0;6,0;55,3;55;100;15;6,6;4,71;🟢 OK;0,0;108,75;0,0
PC008715;Não informado;E;Baixa;1,0;1,6;19,0;55;100;15;19,19;4,71;🔴 Comprar agora;4,0;613,59;2611,6
PC001820;Não informado;E;Baixa;6,0;3,1;58,7;55;100;15;6,22;4,71;🟢 OK;0,0;162,96;0,0
PC006432;Não informado;E;Baixa;11,0;5,2;63,9;55;100;15;5,71;4,71;🟢 OK;0,0;95,5;0,0
PC006055;Não informado;E;Baixa;16,0;9,1;53,0;55;100;15;6,89;4,71;🔴 Comprar agora;14,0;114,98;1634,02
PC000242;Não informado;E;Baixa;8,0;14,3;16,8;55;100;15;21,77;4,71;🔴 Comprar agora;40,0;36,39;1444,84
PC006732;Não informado;E;Baixa;1,0;5,9;5,1;55;100;15;71,78;4,71;🚨 RUPTURA IMINENTE;19,0;250,43;4674,61
PC004386;Não informado;E;Baixa;11,0;31,0;10,7;55;100;15;34,27;4,71;🚨 RUPTURA IMINENTE;92,0;88,75;8188,58
PC000362;Não informado;E;Baixa;1,0;1,6;18,7;55;100;15;19,47;4,71;🔴 Comprar agora;4,0;670,47;2905,52
PC003831;Não informado;E;Baixa;4,0;3,1;39,1;55;100;15;9,33;4,71;🔴 Comprar agora;6,0;182,24;1133,56
PC004819;Não informado;E;Baixa;4,0;1,3;91,7;55;100;15;3,98;4,71;🟢 OK;0,0;595,24;0,0
PC007131;Não informado;E;Baixa;11,0;6,3;52,6;55;100;15;6,95;4,71;🔴 Comprar agora;10,0;327,15;3249,37
PC007242;Não informado;E;Baixa;8,0;16,0;15,0;55;100;15;24,37;4,71;🚨 RUPTURA IMINENTE;45,0;138,94;6309,54
PC005242;Não informado;E;Baixa;19,0;6,1;93,5;55;100;15;3,9;4,71;🟢 OK;0,0;104,55;0,0
PC004236;Não informado;E;Baixa;4,0;5,1;23,6;55;100;15;15,5;4,71;🔴 Comprar agora;13,0;201,35;2613,95
PC006154;Não informado;E;Baixa;2,0;0,9;64,0;55;100;15;5,7;4,71;🟢 OK;0,0;490,15;0,0
PC001046;Não informado;E;Baixa;3,0;1,3;67,7;55;100;15;5,39;4,71;🟢 OK;0,0;523,86;0,0
PC002671;Não informado;E;Baixa;3,0;1,9;46,2;55;100;15;7,9;4,71;🔴 Comprar agora;3,0;751,0;2623,46
PC007669;Não informado;E;Baixa;4,0;4,0;30,0;55;100;15;12,16;4,71;🔴 Comprar agora;9,0;613,14;5720,94
PC006583;Não informado;E;Baixa;3,0;1,0;89,5;55;100;15;4,08;4,71;🟢 OK;0,0;658,41;0,0
PC003433;Não informado;E;Baixa;7,0;10,1;20,8;55;100;15;17,57;4,71;🔴 Comprar agora;27,0;48,57;1296,76
PC005689;Não informado;E;Baixa;1,0;2,1;14,0;55;100;15;26,07;4,71;🚨 RUPTURA IMINENTE;6,0;859,64;5280,34
PC002124;Não informado;E;Baixa;4,0;2,1;58,5;55;100;15;6,24;4,71;🟢 OK;0,0;305,53;0,0
PC000797;Não informado;E;Baixa;3,0;13,2;6,8;55;100;15;53,58;4,71;🚨 RUPTURA IMINENTE;41,0;189,91;7792,84
PC004200;Não informado;E;Baixa;6,0;6,3;28,7;55;100;15;12,74;4,71;🔴 Comprar agora;15,0;95,86;1432,13
PC001272;Não informado;E;Baixa;4,0;2,1;57,3;55;100;15;6,37;4,71;🟢 OK;0,0;846,73;0,0
PC003678;Não informado;E;Baixa;1,0;1,0;29,7;55;100;15;12,29;4,71;🔴 Comprar agora;2,0;644,08;1525,5
PC009248;Não informado;E;Baixa;2,0;2,0;29,4;55;100;15;12,4;4,71;🔴 Comprar agora;5,0;745,31;3572,3
PC005778;Não informado;E;Baixa;1,0;2,0;14,8;55;100;15;24,71;4,71;🚨 RUPTURA IMINENTE;6,0;1048,72;6050,4
PC000230;Não informado;E;Baixa;2,0;4,9;12,2;55;100;15;29,87;4,71;🚨 RUPTURA IMINENTE;14,0;308,79;4435,77
PC007964;Não informado;E;Baixa;3,0;2,0;44,5;55;100;15;8,21;4,71;🔴 Comprar agora;4,0;281,04;1053,3
PC009447;Não informado;E;Baixa;5,0;1,9;80,8;55;100;15;4,52;4,71;🟢 OK;0,0;300,78;0,0
PC002131;Não informado;E;Baixa;13,0;4,9;79,0;55;100;15;4,62;4,71;🟢 OK;0,0;133,88;0,0
PC002537;Não informado;E;Média;10,0;12,5;24,0;55;100;15;15,24;4,71;🔴 Comprar agora;32,0;72,16;2290,48
PC007278;Não informado;E;Baixa;3,0;4,9;18,2;55;100;15;20,03;4,71;🔴 Comprar agora;13,0;499,54;6724,29
PC002887;Não informado;E;Baixa;1,0;6,3;4,8;55;100;15;76,7;4,71;🚨 RUPTURA IMINENTE;20,0;316,24;6329,24
PC001201;Não informado;E;Baixa;2,0;2,0;29,7;55;100;15;12,28;4,71;🔴 Comprar agora;5,0;262,07;1239,5
PC005206;Não informado;E;Baixa;3,0;1,3;69,8;55;100;15;5,23;4,71;🟢 OK;0,0;398,2;0,0
PC006205;Não informado;E;Baixa;6,0;2,7;66,3;55;100;15;5,51;4,71;🟢 OK;0,0;206,54;0,0
PC005170;Não informado;E;Baixa;29,0;12,5;69,5;55;100;15;5,25;4,71;🟢 OK;0,0;63,53;0,0
PC008876;Não informado;E;Baixa;4,0;2,0;58,7;55;100;15;6,22;4,71;🟢 OK;0,0;272,24;0,0
PC009906;Não informado;E;Baixa;12,0;31,3;11,5;55;100;15;31,75;4,71;🚨 RUPTURA IMINENTE;92,0;95,2;8793,81
PC006320;Não informado;E;Baixa;12,0;8,1;44,7;55;100;15;8,16;4,71;🔴 Comprar agora;15,0;191,84;2846,73
PC001462;Não informado;E;Baixa;3,0;5,1;17,6;55;100;15;20,68;4,71;🔴 Comprar agora;14,0;154,67;2165,34
PC007323;Não informado;E;Baixa;18,0;22,5;24,1;55;100;15;15,18;4,71;🔴 Comprar agora;57,0;130,02;7390,0
PC005032;Não informado;E;Baixa;8,0;6,6;36,5;55;100;15;10,01;4,71;🔴 Comprar agora;14,0;86,51;1205,83
PC000491;Não informado;E;Baixa;3,0;0,8;107,3;55;100;15;3,4;4,71;🟡 Estoque excessivo;0,0;458,41;0,0
PC005008;Não informado;E;Baixa;1,0;5,9;5,1;55;100;15;72,26;4,71;🚨 RUPTURA IMINENTE;19,0;501,57;9428,63
PC004438;Não informado;E;Baixa;9,0;5,1;53,2;55;100;15;6,86;4,71;🔴 Comprar agora;8,0;133,31;1054,25
PC002325;Não informado;E;Baixa;2,0;4,0;14,9;55;100;15;24,56;4,71;🚨 RUPTURA IMINENTE;11,0;487,39;5583,55
PC004047;Não informado;E;Baixa;4,0;23,9;5,0;55;100;15;72,57;4,71;🚨 RUPTURA IMINENTE;76,0;98,83;7464,07
PC004323;Não informado;E;Baixa;2,0;1,0;59,2;55;100;15;6,17;4,71;🟢 OK;0,0;585,26;0,0
PC002601;Não informado;E;Baixa;18,0;5,4;99,5;55;100;15;3,67;4,71;🟢 OK;0,0;82,06;0,0
PC009853;Não informado;E;Baixa;6,0;3,2;55,5;55;100;15;6,58;4,71;🟢 OK;0,0;237,03;0,0
PC002480;Não informado;E;Baixa;2,0;0,9;66,6;55;100;15;5,48;4,71;🟢 OK;0,0;664,48;0,0
PC007059;Não informado;E;Média;3,0;1,7;54,2;55;100;15;6,74;4,71;🔴 Comprar agora;3,0;571,33;1450,91
PC004885;Não informado;E;Baixa;1,0;0,9;31,8;55;100;15;11,47;4,71;🔴 Comprar agora;2,0;591,18;1266,14
PC000376;Não informado;E;Baixa;3,0;1,0;93,5;55;100;15;3,9;4,71;🟢 OK;0,0;625,65;0,0
PC003833;Não informado;E;Baixa;2,0;1,0;59,1;55;100;15;6,17;4,71;🟢 OK;0,0;502,86;0,0
PC006887;Não informado;E;Baixa;1,0;3,0;10,0;55;100;15;36,63;4,71;🚨 RUPTURA IMINENTE;9,0;751,1;6786,8
PC000038;Não informado;E;Baixa;3,0;14,5;6,2;55;100;15;58,78;4,71;🚨 RUPTURA IMINENTE;45,0;240,32;10889,9
PC002359;Não informado;E;Baixa;2,0;1,0;61,0;55;100;15;5,98;4,71;🟢 OK;0,0;501,91;0,0
PC009338;Não informado;E;Baixa;21,0;23,6;26,8;55;100;15;13,64;4,71;🔴 Comprar agora;58,0;39,79;2287,94
PC004684;Não informado;E;Baixa;17,0;12,3;41,6;55;100;15;8,78;4,71;🔴 Comprar agora;24,0;58,44;1395,05
PC008940;Não informado;E;Baixa;2,0;3,1;19,4;55;100;15;18,85;4,71;🔴 Comprar agora;8,0;878,77;7319,56
PC001840;Não informado;E;Baixa;2,0;3,0;19,8;55;100;15;18,46;4,71;🔴 Comprar agora;8,0;568,32;4610,45
PC000051;Não informado;E;Baixa;5,0;7,0;21,4;55;100;15;17,07;4,71;🔴 Comprar agora;18,0;249,59;4588,07
PC006375;Não informado;E;Baixa;1,0;2,2;13,8;55;100;15;26,37;4,71;🚨 RUPTURA IMINENTE;6,0;1168,92;7274,63
PC002168;Não informado;E;Baixa;12,0;11,4;31,5;55;100;15;11,57;4,71;🔴 Comprar agora;26,0;185,61;4832,33
PC002987;Não informado;E;Baixa;1,0;3,0;10,1;55;100;15;36,16;4,71;🚨 RUPTURA IMINENTE;9,0;431,45;3842,75
PC002588;Não informado;E;Baixa;8,0;24,9;9,6;55;100;15;37,86;4,71;🚨 RUPTURA IMINENTE;75,0;110,38;8276,12
PC007023;Não informado;E;Baixa;2,0;1,9;32,0;55;100;15;11,4;4,71;🔴 Comprar agora;4,0;263,55;1118,52
PC002139;Não informado;E;Baixa;1,0;2,0;14,8;55;100;15;24,67;4,71;🚨 RUPTURA IMINENTE;6,0;1113,05;6409,68
PC008631;Não informado;E;Baixa;2,0;2,1;28,9;55;100;15;12,65;4,71;🔴 Comprar agora;5,0;1057,19;5214,08
PC009682;Não informado;E;Baixa;3,0;2,0;44,0;55;100;15;8,3;4,71;🔴 Comprar agora;4,0;871,25;3332,33
PC007034;Não informado;E;Baixa;15,0;9,7;46,6;55;100;15;7,83;4,71;🔴 Comprar agora;17,0;88,48;1519,23
PC009923;Não informado;E;Baixa;6,0;2,0;89,7;55;100;15;4,07;4,71;🟢 OK;0,0;317,09;0,0
PC001656;Não informado;E;Baixa;5,0;3,6;42,0;55;100;15;8,68;4,71;🔴 Comprar agora;7,0;123,0;848,04
PC008683;Não informado;E;Baixa;2,0;2,1;29,2;55;100;15;12,49;4,71;🔴 Comprar agora;5,0;1166,1;5649,46
PC006173;Não informado;E;Baixa;6,0;1,8;97,8;55;100;15;3,73;4,71;🟢 OK;0,0;288,26;0,0
PC005552;Não informado;E;Baixa;1,0;2,0;15,1;55;100;15;24,23;4,71;🔴 Comprar agora;6,0;911,44;5139,9
PC004321;Não informado;E;Baixa;18,0;5,5;98,5;55;100;15;3,7;4,71;🟢 OK;0,0;95,2;0,0
PC005409;Não informado;E;Baixa;12,0;95,5;3,8;55;100;15;96,86;4,71;🚨 RUPTURA IMINENTE;306,0;35,43;10856,98
PC009224;Não informado;E;Média;11,0;6,6;49,9;55;100;15;7,32;4,71;🔴 Comprar agora;11,0;124,18;1372,94
PC000707;Não informado;E;Baixa;13,0;4,6;84,3;55;100;15;4,33;4,71;🟢 OK;0,0;113,86;0,0
PC005476;Não informado;E;Baixa;2,0;0,9;64,3;55;100;15;5,67;4,71;🟢 OK;0,0;469,17;0,0
PC001280;Não informado;E;Baixa;9,0;2,6;102,1;55;100;15;3,57;4,71;🟡 Estoque excessivo;0,0;145,52;0,0
PC000768;Não informado;E;Baixa;5,0;7,9;19,0;55;100;15;19,19;4,71;🔴 Comprar agora;21,0;181,83;3870,95
PC005311;Não informado;E;Baixa;2,0;1,6;36,9;55;100;15;9,88;4,71;🔴 Comprar agora;3,0;605,6;2066,78
PC005327;Não informado;E;Baixa;16,0;9,2;52,2;55;100;15;6,99;4,71;🔴 Comprar agora;15,0;67,94;993,76
PC008672;Não informado;E;Baixa;3,0;11,4;7,9;55;100;15;46,36;4,71;🚨 RUPTURA IMINENTE;35,0;244,4;8579,79
PC007912;Não informado;E;Baixa;63,0;21,0;90,2;55;100;15;4,05;4,71;🟢 OK;0,0;25,09;0,0
PC005178;Não informado;E;Baixa;26,0;38,9;20,1;55;100;15;18,2;4,71;🔴 Comprar agora;104,0;77,29;8011,13
PC005090;Não informado;E;Baixa;5,0;4,4;33,8;55;100;15;10,8;4,71;🔴 Comprar agora;10,0;441,67;4327,88
PC008169;Não informado;E;Baixa;8,0;38,3;6,3;55;100;15;58,3;4,71;🚨 RUPTURA IMINENTE;120,0;72,44;8676,53
PC000592;Não informado;E;Baixa;5,0;3,2;47,2;55;100;15;7,73;4,71;🔴 Comprar agora;6,0;623,02;3480,7
PC008541;Não informado;E;Baixa;2,0;4,1;14,5;55;100;15;25,23;4,71;🚨 RUPTURA IMINENTE;12,0;157,18;1858,6
PC001210;Não informado;E;Baixa;18,0;25,1;21,5;55;100;15;16,97;4,71;🔴 Comprar agora;66,0;93,56;6145,38
PC007317;Não informado;E;Baixa;4,0;1,2;97,0;55;100;15;3,76;4,71;🟢 OK;0,0;564,02;0,0
PC003123;Não informado;E;Baixa;5,0;2,1;72,2;55;100;15;5,06;4,71;🟢 OK;0,0;237,39;0,0
PC009742;Não informado;E;Baixa;2,0;2,6;23,0;55;100;15;15,84;4,71;🔴 Comprar agora;7,0;208,34;1391,72
PC004961;Não informado;E;Baixa;17,0;29,1;17,5;55;100;15;20,84;4,71;🔴 Comprar agora;80,0;42,76;3423,41
PC001777;Não informado;E;Média;10,0;5,2;57,6;55;100;15;6,34;4,71;🟢 OK;0,0;198,0;0,0
PC007201;Não informado;E;Baixa;10,0;9,7;31,1;55;100;15;11,75;4,71;🔴 Comprar agora;22,0;93,36;2070,87
PC000441;Não informado;E;Baixa;1,0;3,0;10,0;55;100;15;36,52;4,71;🚨 RUPTURA IMINENTE;9,0;700,22;6305,91
PC001385;Não informado;E;Baixa;19,0;17,7;32,2;55;100;15;11,34;4,71;🔴 Comprar agora;40,0;35,98;1440,67
PC006770;Não informado;E;Baixa;24,0;7,3;99,2;55;100;15;3,68;4,71;🟢 OK;0,0;89,59;0,0
PC004163;Não informado;E;Baixa;11,0;3,7;90,4;55;100;15;4,04;4,71;🟢 OK;0,0;111,37;0,0
PC006220;Não informado;E;Baixa;7,0;8,3;25,3;55;100;15;14,45;4,71;🔴 Comprar agora;21,0;252,26;5222,96
PC005970;Não informado;E;Baixa;5,0;22,0;6,8;55;100;15;53,52;4,71;🚨 RUPTURA IMINENTE;68,0;75,57;5162,27
PC003761;Não informado;E;Baixa;9,0;3,0;88,6;55;100;15;4,12;4,71;🟢 OK;0,0;166,85;0,0
PC009962;Não informado;E;Baixa;2,0;1,5;39,6;55;100;15;9,22;4,71;🔴 Comprar agora;3,0;467,28;1426,99
PC005546;Não informado;E;Baixa;5,0;3,0;49,7;55;100;15;7,34;4,71;🔴 Comprar agora;5,0;176,47;892,89
PC008972;Não informado;E;Baixa;6,0;6,9;26,1;55;100;15;14,01;4,71;🔴 Comprar agora;17,0;232,67;3961,84
PC006056;Não informado;E;Baixa;61,0;108,1;16,9;55;100;15;21,56;4,71;🔴 Comprar agora;299,0;25,82;7728,9
PC009063;Não informado;E;Baixa;1,0;1,0;31,6;55;100;15;11,57;4,71;🔴 Comprar agora;2,0;616,52;1337,4
PC008330;Não informado;E;Baixa;3,0;4,3;20,7;55;100;15;17,61;4,71;🔴 Comprar agora;11,0;440,06;5049,51
PC003843;Não informado;E;Baixa;8,0;5,3;45,2;55;100;15;8,07;4,71;🔴 Comprar agora;10,0;105,14;1019,07
PC003017;Não informado;E;Baixa;1,0;1,0;29,8;55;100;15;12,24;4,71;🔴 Comprar agora;2,0;602,89;1418,85
PC007955;Não informado;E;Baixa;1,0;2,0;14,7;55;100;15;24,87;4,71;🚨 RUPTURA IMINENTE;6,0;655,4;3811,19
PC004614;Não informado;E;Baixa;2,0;1,4;42,3;55;100;15;8,63;4,71;🔴 Comprar agora;3,0;457,79;1248,18
PC003106;Não informado;E;Baixa;1,0;3,0;9,9;55;100;15;36,72;4,71;🚨 RUPTURA IMINENTE;9,0;798,09;7231,62
PC003169;Não informado;E;Baixa;41,0;22,0;56,0;55;100;15;6,52;4,71;🟢 OK;0,0;29,74;0,0
PC001984;Não informado;E;Baixa;5,0;2,7;55,3;55;100;15;6,6;4,71;🟢 OK;0,0;176,84;0,0
PC001529;Não informado;E;Baixa;7,0;2,5;82,7;55;100;15;4,41;4,71;🟢 OK;0,0;207,56;0,0
PC005121;Não informado;E;Baixa;2,0;2,1;29,1;55;100;15;12,54;4,71;🔴 Comprar agora;5,0;263,99;1286,22
PC005865;Não informado;E;Baixa;23,0;16,0;43,0;55;100;15;8,49;4,71;🔴 Comprar agora;30,0;56,22;1714,61
PC007645;Não informado;E;Baixa;6,0;7,0;25,5;55;100;15;14,29;4,71;🔴 Comprar agora;17,0;263,33;4604,42
PC004700;Não informado;E;Baixa;6,0;3,0;59,3;55;100;15;6,15;4,71;🟢 OK;0,0;192,77;0,0
PC000290;Não informado;E;Baixa;7,0;11,1;19,0;55;100;15;19,22;4,71;🔴 Comprar agora;30,0;44,56;1330,52
PC005221;Não informado;E;Baixa;0,0;1,0;0,0;55;100;15;0,0;4,71;🚨 RUPTURA IMINENTE;3,0;1696,09;5583,48
PC003192;Não informado;E;Baixa;4,0;2,8;42,7;55;100;15;8,55;4,71;🔴 Comprar agora;5,0;158,97;852,89
PC008305;Não informado;E;Baixa;4,0;2,6;45,3;55;100;15;8,05;4,71;🔴 Comprar agora;5,0;159,58;770,22
PC008419;Não informado;E;Baixa;1,0;1,0;29,9;55;100;15;12,2;4,71;🔴 Comprar agora;2,0;1499,11;3512,28
PC006180;Não informado;E;Baixa;2,0;1,3;46,0;55;100;15;7,94;4,71;🔴 Comprar agora;2,0;463,38;1088,37
PC006995;Não informado;E;Baixa;1,0;1,6;18,8;55;100;15;19,46;4,71;🔴 Comprar agora;4,0;441,65;1913,23
PC005949;Não informado;E;Baixa;2,0;2,0;29,3;55;100;15;12,45;4,71;🔴 Comprar agora;5,0;260,72;1257,26
PC009161;Não informado;E;Baixa;9,0;5,0;53,5;55;100;15;6,82;4,71;🔴 Comprar agora;8,0;112,77;881,81
PC000160;Não informado;E;Baixa;5,0;13,1;11,5;55;100;15;31,77;4,71;🚨 RUPTURA IMINENTE;39,0;111,4;4291,63
PC000671;Não informado;E;Baixa;2,0;2,0;29,5;55;100;15;12,39;4,71;🔴 Comprar agora;5,0;873,49;4183,13
PC002819;Não informado;E;Baixa;21,0;6,9;90,8;55;100;15;4,02;4,71;🟢 OK;0,0;84,9;0,0
PC002929;Não informado;E;Baixa;3,0;7,2;12,5;55;100;15;29,25;4,71;🚨 RUPTURA IMINENTE;21,0;321,83;6770,46
PC003002;Não informado;E;Baixa;24,0;10,0;71,8;55;100;15;5,08;4,71;🟢 OK;0,0;61,86;0,0
PC000405;Não informado;E;Baixa;10,0;9,3;32,2;55;100;15;11,33;4,71;🔴 Comprar agora;21,0;302,55;6362,0
PC008161;Não informado;E;Baixa;10,0;16,1;18,6;55;100;15;19,6;4,71;🔴 Comprar agora;44,0;107,88;4713,54
PC001735;Não informado;E;Baixa;1,0;3,1;9,8;55;100;15;37,18;4,71;🚨 RUPTURA IMINENTE;9,0;757,53;6958,78
PC001109;Não informado;E;Baixa;7,0;2,0;103,1;55;100;15;3,54;4,71;🟡 Estoque excessivo;0,0;306,14;0,0
PC003593;Não informado;E;Baixa;9,0;7,2;37,3;55;100;15;9,79;4,71;🔴 Comprar agora;15,0;240,8;3643,96
PC008481;Não informado;E;Baixa;21,0;16,1;39,2;55;100;15;9,32;4,71;🔴 Comprar agora;33,0;31,77;1035,52
PC009889;Não informado;E;Baixa;9,0;18,2;14,8;55;100;15;24,61;4,71;🚨 RUPTURA IMINENTE;52,0;74,2;3835,42
PC009791;Não informado;E;Baixa;1,0;2,2;13,8;55;100;15;26,5;4,71;🚨 RUPTURA IMINENTE;6,0;755,26;4728,69
PC007884;Não informado;E;Baixa;10,0;16,1;18,6;55;100;15;19,61;4,71;🔴 Comprar agora;44,0;116,96;5113,88
PC005723;Não informado;E;Baixa;1,0;1,6;19,3;55;100;15;18,9;4,71;🔴 Comprar agora;4,0;574,87;2401,23
PC003041;Não informado;E;Baixa;11,0;5,0;65,4;55;100;15;5,58;4,71;🟢 OK;0,0;108,86;0,0
PC005110;Não informado;E;Média;3,0;3,1;28,6;55;100;15;12,77;4,71;🔴 Comprar agora;7,0;266,78;1999,2
PC007829;Não informado;E;Baixa;6,0;5,0;35,8;55;100;15;10,2;4,71;🔴 Comprar agora;11,0;413,42;4448,09
PC007415;Não informado;E;Baixa;6,0;2,7;65,7;55;100;15;5,55;4,71;🟢 OK;0,0;210,47;0,0
PC009943;Não informado;E;Baixa;0,0;2,0;0,0;55;100;15;0,0;4,71;🚨 RUPTURA IMINENTE;7,0;884,01;5964,2
PC000314;Não informado;E;Baixa;12,0;38,4;9,4;55;100;15;38,96;4,71;🚨 RUPTURA IMINENTE;116,0;75,32;8743,86
PC002202;Não informado;E;Baixa;2,0;1,9;30,9;55;100;15;11,83;4,71;🔴 Comprar agora;4,0;673,56;3019,07
PC007744;Não informado;E;Média;2,0;1,7;36,2;55;100;15;10,07;4,71;🔴 Comprar agora;4,0;608,29;2139,68
PC003651;Não informado;E;Baixa;33,0;30,1;32,9;55;100;15;11,09;4,71;🔴 Comprar agora;67,0;69,13;4648,2
PC001193;Não informado;E;Média;13,0;9,9;39,3;55;100;15;9,3;4,71;🔴 Comprar agora;20,0;92,64;1863,21
PC007126;Não informado;E;Baixa;13,0;13,6;28,6;55;100;15;12,75;4,71;🔴 Comprar agora;32,0;145,8;4727,1
PC004172;Não informado;E;Baixa;14,0;5,1;81,8;55;100;15;4,46;4,71;🟢 OK;0,0;111,85;0,0
PC002832;Não informado;E;Baixa;3,0;4,0;22,2;55;100;15;16,42;4,71;🔴 Comprar agora;10,0;128,09;1344,15
PC001117;Não informado;E;Média;8,0;8,0;30,1;55;100;15;12,14;4,71;🔴 Comprar agora;19,0;100,86;1876,72
PC005267;Não informado;E;Baixa;5,0;4,5;33,5;55;100;15;10,89;4,71;🔴 Comprar agora;10,0;407,9;4048,0
PC003228;Não informado;E;Baixa;1,0;6,3;4,8;55;100;15;76,84;4,71;🚨 RUPTURA IMINENTE;20,0;432,37;8669,86
PC005989;Não informado;E;Baixa;0,0;1,0;0,0;55;100;15;0,0;4,71;🚨 RUPTURA IMINENTE;3,0;1650,19;5243,28
PC008222;Não informado;E;Baixa;6,0;6,3;28,5;55;100;15;12,79;4,71;🔴 Comprar agora;15,0;130,96;1968,19
PC006304;Não informado;E;Média;1,0;1,7;18,0;55;100;15;20,25;4,71;🔴 Comprar agora;5,0;595,35;2708,22
PC003005;Não informado;E;Baixa;5,0;2,6;56,8;55;100;15;6,43;4,71;🟢 OK;0,0;226,75;0,0
PC008376;Não informado;E;Baixa;2,0;1,0;60,9;55;100;15;5,99;4,71;🟢 OK;0,0;473,69;0,0
PC001813;Não informado;E;Média;2,0;1,6;36,8;55;100;15;9,93;4,71;🔴 Comprar agora;3,0;573,05;1971,09
PC002160;Não informado;E;Baixa;3,0;1,3;69,2;55;100;15;5,27;4,71;🟢 OK;0,0;524,26;0,0
PC003046;Não informado;E;Baixa;3,0;17,8;5,1;55;100;15;72,19;4,71;🚨 RUPTURA IMINENTE;56,0;123,37;6950,09
PC003808;Não informado;E;Baixa;1,0;1,6;18,8;55;100;15;19,43;4,71;🔴 Comprar agora;4,0;510,97;2208,39
PC001338;Não informado;E;Média;6,0;11,3;15,9;55;100;15;22,9;4,71;🔴 Comprar agora;32,0;67,07;2122,06
PC007142;Não informado;E;Baixa;1,0;3,9;7,7;55;100;15;47,1;4,71;🚨 RUPTURA IMINENTE;12,0;551,25;6562,6
PC002928;Não informado;E;Baixa;0,0;2,1;0,0;55;100;15;0,0;4,71;🚨 RUPTURA IMINENTE;7,0;1139,86;7893,62
PC000737;Não informado;E;Baixa;8,0;16,4;14,6;55;100;15;25,01;4,71;🚨 RUPTURA IMINENTE;47,0;111,5;5218,96
PC001513;Não informado;E;Baixa;22,0;19,1;34,5;55;100;15;10,58;4,71;🔴 Comprar agora;42,0;70,43;2943,62
PC000957;Não informado;E;Baixa;1,0;1,9;15,9;55;100;15;22,98;4,71;🔴 Comprar agora;5,0;235,64;1248,19
PC006199;Não informado;E;Baixa;2,0;2,0;30,1;55;100;15;12,13;4,71;🔴 Comprar agora;5,0;843,52;3917,69
PC003899;Não informado;E;Baixa;1,0;2,0;14,8;55;100;15;24,74;4,71;🚨 RUPTURA IMINENTE;6,0;718,16;4149,94
PC006631;Não informado;E;Baixa;1,0;1,6;18,7;55;100;15;19,55;4,71;🔴 Comprar agora;4,0;545,17;2374,98
PC003069;Não informado;E;Média;10,0;13,5;22,2;55;100;15;16,44;4,71;🔴 Comprar agora;35,0;73,46;2573,15
PC007546;Não informado;E;Baixa;6,0;4,6;38,8;55;100;15;9,41;4,71;🔴 Comprar agora;9,0;106,25;1005,45
PC008483;Não informado;E;Baixa;2,0;3,3;18,4;55;100;15;19,83;4,71;🔴 Comprar agora;9,0;257,98;2287,22
PC004007;Não informado;E;Baixa;7,0;3,0;70,6;55;100;15;5,17;4,71;🟢 OK;0,0;149,51;0,0
PC005365;Não informado;E;Baixa;10,0;6,0;50,0;55;100;15;7,31;4,71;🔴 Comprar agora;10,0;68,8;689,37
PC007200;Não informado;E;Baixa;3,0;1,0;92,3;55;100;15;3,95;4,71;🟢 OK;0,0;533,34;0,0
PC005195;Não informado;E;Baixa;15,0;20,8;21,7;55;100;15;16,86;4,71;🔴 Comprar agora;54,0;133,83;7262,64
PC005838;Não informado;E;Baixa;1,0;1,9;15,7;55;100;15;23,2;4,71;🔴 Comprar agora;5,0;1311,38;7024,41
PC009898;Não informado;E;Baixa;5,0;10,8;13,9;55;100;15;26,18;4,71;🚨 RUPTURA IMINENTE;31,0;157,74;4867,29
PC009085;Não informado;E;Média;6,0;3,3;54,2;55;100;15;6,74;4,71;🔴 Comprar agora;5,0;244,51;1241,62
PC002362;Não informado;E;Baixa;13,0;25,7;15,2;55;100;15;24,02;4,71;🔴 Comprar agora;73,0;54,07;3922,23
PC004246;Não informado;E;Baixa;3,0;14,6;6,2;55;100;15;59,24;4,71;🚨 RUPTURA IMINENTE;46,0;129,72;5926,92
PC009714;Não informado;E;Baixa;36,0;20,8;51,8;55;100;15;7,04;4,71;🔴 Comprar agora;33,0;27,3;913,99
PC004208;Não informado;E;Baixa;1,0;1,0;31,6;55;100;15;11,56;4,71;🔴 Comprar agora;2,0;534,7;1159,31
PC001307;Não informado;E;Baixa;5,0;11,3;13,3;55;100;15;27,48;4,71;🚨 RUPTURA IMINENTE;33,0;350,88;11453,4
PC006185;Não informado;E;Baixa;13,0;10,2;38,4;55;100;15;9,52;4,71;🔴 Comprar agora;21,0;37,62;786,07
PC001407;Não informado;E;Baixa;4,0;4,9;24,7;55;100;15;14,75;4,71;🔴 Comprar agora;12,0;343,58;4180,46
PC000167;Não informado;E;Baixa;5,0;3,2;46,3;55;100;15;7,88;4,71;🔴 Comprar agora;6,0;200,88;1164,08
PC001057;Não informado;E;Baixa;91,0;44,2;61,7;55;100;15;5,92;4,71;🟢 OK;0,0;38,3;0,0
PC000133;Não informado;E;Baixa;0,0;1,0;0,0;55;100;15;0,0;4,71;🚨 RUPTURA IMINENTE;3,0;1662,5;5571,8
PC004474;Não informado;E;Baixa;3,0;24,4;3,7;55;100;15;98,93;4,71;🚨 RUPTURA IMINENTE;78,0;106,29;8323,52
PC001168;Não informado;E;Baixa;3,0;1,0;89,6;55;100;15;4,07;4,71;🟢 OK;0,0;517,95;0,0
PC001705;Não informado;E;Baixa;14,0;17,8;23,6;55;100;15;15,44;4,71;🔴 Comprar agora;45,0;25,1;1134,61
PC003873;Não informado;E;Baixa;8,0;5,2;46,5;55;100;15;7,85;4,71;🔴 Comprar agora;9,0;102,76;946,49
PC003411;Não informado;E;Baixa;4,0;3,9;30,5;55;100;15;11,98;4,71;🔴 Comprar agora;9,0;574,74;5249,74
PC008212;Não informado;E;Baixa;1,0;2,9;10,4;55;100;15;35,02;4,71;🚨 RUPTURA IMINENTE;9,0;742,97;6385,57
PC004060;Não informado;E;Baixa;11,0;4,0;82,7;55;100;15;4,41;4,71;🟢 OK;0,0;148,5;0,0
PC000506;Não informado;E;Baixa;8,0;6,6;36,2;55;100;15;10,07;4,71;🔴 Comprar agora;14,0;78,6;1106,74
PC009640;Não informado;E;Baixa;8,0;36,9;6,5;55;100;15;56,16;4,71;🚨 RUPTURA IMINENTE;115,0;73,63;8473,37
PC006991;Não informado;E;Baixa;3,0;6,3;14,2;55;100;15;25,69;4,71;🚨 RUPTURA IMINENTE;18,0;447,1;8098,46
PC007558;Não informado;E;Baixa;4,0;8,7;13,9;55;100;15;26,33;4,71;🚨 RUPTURA IMINENTE;25,0;287,35;7142,79
PC004876;Não informado;E;Baixa;5,0;3,3;46,1;55;100;15;7,91;4,71;🔴 Comprar agora;6,0;262,34;1531,42
PC001088;Não informado;E;Baixa;6,0;2,1;87,6;55;100;15;4,17;4,71;🟢 OK;0,0;263,37;0,0
PC009227;Não informado;E;Baixa;7,0;4,1;51,6;55;100;15;7,07;4,71;🔴 Comprar agora;7,0;117,28;769,71
PC000170;Não informado;E;Baixa;9,0;8,6;31,4;55;100;15;11,61;4,71;🔴 Comprar agora;20,0;171,66;3370,04
PC004778;Não informado;E;Baixa;5,0;6,1;24,6;55;100;15;14,84;4,71;🔴 Comprar agora;15,0;350,93;5378,02
PC001419;Não informado;E;Baixa;4,0;10,8;11,1;55;100;15;32,85;4,71;🚨 RUPTURA IMINENTE;32,0;110,6;3538,68
PC007512;Não informado;E;Baixa;1,0;1,1;27,6;55;100;15;13,2;4,71;🔴 Comprar agora;3,0;2035,22;5326,82
PC006771;Não informado;E;Baixa;4,0;10,6;11,3;55;100;15;32,38;4,71;🚨 RUPTURA IMINENTE;31,0;200,74;6320,15
PC008405;Não informado;E;Baixa;2,0;2,0;29,3;55;100;15;12,46;4,71;🔴 Comprar agora;5,0;270,82;1307,82
PC004407;Não informado;E;Baixa;2,0;1,6;38,1;55;100;15;9,57;4,71;🔴 Comprar agora;3,0;464,06;1504,8
PC009751;Não informado;E;Baixa;2,0;2,0;29,7;55;100;15;12,3;4,71;🔴 Comprar agora;5,0;1440,17;6823,6
PC002245;Não informado;E;Baixa;3,0;1,0;92,2;55;100;15;3,96;4,71;🟢 OK;0,0;552,97;0,0
PC005028;Não informado;E;Baixa;6,0;3,2;55,4;55;100;15;6,58;4,71;🟢 OK;0,0;258,41;0,0
PC008942;Não informado;E;Baixa;3,0;2,1;43,4;55;100;15;8,41;4,71;🔴 Comprar agora;4,0;253,62;991,47
PC003859;Não informado;E;Baixa;9,0;6,4;42,3;55;100;15;8,62;4,71;🔴 Comprar agora;12,0;66,99;821,33
PC000613;Não informado;E;Baixa;1,0;1,0;29,7;55;100;15;12,31;4,71;🔴 Comprar agora;2,0;1743,34;4135,17
PC005213;Não informado;E;Baixa;6,0;1,9;94,2;55;100;15;3,87;4,71;🟢 OK;0,0;222,65;0,0
PC002759;Não informado;E;Baixa;1,0;1,0;28,8;55;100;15;12,67;4,71;🔴 Comprar agora;2,0;382,12;943,92
PC007942;Não informado;E;Baixa;2,0;1,7;35,5;55;100;15;10,29;4,71;🔴 Comprar agora;4,0;264,57;963,05
PC003219;Não informado;E;Baixa;1,0;2,0;14,8;55;100;15;24,74;4,71;🚨 RUPTURA IMINENTE;6,0;217,0;1253,55
PC004603;Não informado;E;Baixa;1,0;1,0;29,4;55;100;15;12,44;4,71;🔴 Comprar agora;2,0;1688,33;4063,76
PC002764;Não informado;E;Baixa;11,0;8,1;40,9;55;100;15;8,92;4,71;🔴 Comprar agora;16,0;108,31;1721,69
PC001360;Não informado;E;Baixa;17,0;5,4;94,5;55;100;15;3,86;4,71;🟢 OK;0,0;89,47;0,0
PC000168;Não informado;E;Baixa;12,0;9,7;37,0;55;100;15;9,87;4,71;🔴 Comprar agora;20,0;93,19;1907,1
PC005687;Não informado;E;Baixa;4,0;19,8;6,1;55;100;15;60,3;4,71;🚨 RUPTURA IMINENTE;62,0;57,34;3560,07
PC003923;Não informado;E;Baixa;3,0;5,1;17,5;55;100;15;20,86;4,71;🔴 Comprar agora;14,0;372,68;5270,76
PC007646;Não informado;E;Baixa;1,0;0,9;31,7;55;100;15;11,51;4,71;🔴 Comprar agora;2,0;518,64;1116,21
PC000689;Não informado;E;Baixa;2,0;2,0;30,1;55;100;15;12,13;4,71;🔴 Comprar agora;5,0;249,53;1159,0
PC005501;Não informado;E;Baixa;7,0;5,2;40,5;55;100;15;9,01;4,71;🔴 Comprar agora;10,0;99,55;1022,39
PC005446;Não informado;E;Baixa;4,0;2,7;44,4;55;100;15;8,23;4,71;🔴 Comprar agora;5,0;165,39;829,98
PC009393;Não informado;E;Baixa;4,0;19,7;6,1;55;100;15;59,96;4,71;🚨 RUPTURA IMINENTE;62,0;105,17;6490,39
PC001441;Não informado;E;Baixa;35,0;20,8;50,6;55;100;15;7,21;4,71;🔴 Comprar agora;34,0;25,29;864,41
PC001334;Não informado;E;Baixa;3,0;2,0;44,7;55;100;15;8,17;4,71;🔴 Comprar agora;4,0;209,88;779,21
PC008831;Não informado;E;Baixa;16,0;4,6;103,3;55;100;15;3,53;4,71;🟡 Estoque excessivo;0,0;85,42;0,0
PC004842;Não informado;E;Baixa;1,0;3,2;9,5;55;100;15;38,46;4,71;🚨 RUPTURA IMINENTE;10,0;663,26;6324,63
PC002232;Não informado;E;Média;1,0;1,7;17,8;55;100;15;20,55;4,71;🔴 Comprar agora;5,0;554,1;2565,55
PC001171;Não informado;E;Baixa;4,0;7,1;17,0;55;100;15;21,5;4,71;🔴 Comprar agora;20,0;242,61;4745,59
PC007542;Não informado;E;Baixa;3,0;10,5;8,5;55;100;15;42,74;4,71;🚨 RUPTURA IMINENTE;32,0;210,49;6762,62
PC007920;Não informado;E;Baixa;3,0;0,9;94,9;55;100;15;3,85;4,71;🟢 OK;0,0;469,95;0,0
PC002865;Não informado;E;Baixa;9,0;8,4;32,1;55;100;15;11,37;4,71;🔴 Comprar agora;19,0;129,38;2461,87
PC002112;Não informado;E;Baixa;2,0;1,8;32,7;55;100;15;11,17;4,71;🔴 Comprar agora;4,0;236,23;972,77
PC007014;Não informado;E;Baixa;2,0;1,0;62,9;55;100;15;5,8;4,71;🟢 OK;0,0;433,64;0,0
PC004479;Não informado;E;Baixa;0,0;2,9;0,0;55;100;15;0,0;4,71;🚨 RUPTURA IMINENTE;10,0;626,19;6147,51
PC004352;Não informado;E;Baixa;4,0;3,1;38,7;55;100;15;9,42;4,71;🔴 Comprar agora;6,0;195,45;1235,97
PC008094;Não informado;E;Baixa;3,0;1,0;92,4;55;100;15;3,95;4,71;🟢 OK;0,0;378,68;0,0
PC007183;Não informado;E;Baixa;6,0;7,3;24,7;55;100;15;14,77;4,71;🔴 Comprar agora;18,0;241,82;4418,54
PC000871;Não informado;E;Baixa;9,0;4,0;68,1;55;100;15;5,36;4,71;🟢 OK;0,0;308,17;0,0
PC006694;Não informado;E;Baixa;6,0;2,1;86,2;55;100;15;4,23;4,71;🟢 OK;0,0;194,98;0,0
PC000619;Não informado;E;Média;1,0;1,6;18,3;55;100;15;20,0;4,71;🔴 Comprar agora;4,0;512,57;2295,49
PC000785;Não informado;E;Baixa;1,0;1,9;15,5;55;100;15;23,5;4,71;🔴 Comprar agora;5,0;656,7;3570,6
PC001889;Não informado;E;Baixa;12,0;33,5;10,8;55;100;15;33,94;4,71;🚨 RUPTURA IMINENTE;100,0;40,9;4073,43
PC004806;Não informado;E;Baixa;3,0;3,7;24,3;55;100;15;15,04;4,71;🔴 Comprar agora;9,0;618,26;5789,68
PC005866;Não informado;E;Baixa;3,0;16,9;5,3;55;100;15;68,72;4,71;🚨 RUPTURA IMINENTE;53,0;139,31;7450,21
PC001896;Não informado;E;Baixa;25,0;17,7;42,3;55;100;15;8,62;4,71;🔴 Comprar agora;34,0;44,95;1531,48
PC002397;Não informado;E;Baixa;4,0;3,0;39,7;55;100;15;9,2;4,71;🔴 Comprar agora;6,0;127,99;778,42
PC006854;Não informado;E;Baixa;1,0;2,0;14,8;55;100;15;24,63;4,71;🚨 RUPTURA IMINENTE;6,0;202,99;1166,93
PC009100;Não informado;E;Baixa;7,0;15,9;13,2;55;100;15;27,57;4,71;🚨 RUPTURA IMINENTE;46,0;140,95;6465,98
PC009641;Não informado;E;Baixa;11,0;27,0;12,2;55;100;15;29,82;4,71;🚨 RUPTURA IMINENTE;79,0;67,97;5359,9
PC000954;Não informado;E;Baixa;62,0;20,1;92,4;55;100;15;3,95;4,71;🟢 OK;0,0;21,67;0,0
PC007455;Não informado;E;Baixa;4,0;3,1;38,9;55;100;15;9,38;4,71;🔴 Comprar agora;6,0;390,29;2450,18
PC003598;Não informado;E;Baixa;5,0;5,8;25,8;55;100;15;14,14;4,71;🔴 Comprar agora;14,0;376,58;5410,55
PC002645;Não informado;E;Baixa;1,0;5,1;5,8;55;100;15;62,57;4,71;🚨 RUPTURA IMINENTE;16,0;429,59;6934,06
PC006636;Não informado;E;Baixa;2,0;2,8;21,2;55;100;15;17,2;4,71;🔴 Comprar agora;7,0;126,9;942,1
PC001590;Não informado;E;Baixa;11,0;17,9;18,5;55;100;15;19,78;4,71;🔴 Comprar agora;49,0;57,68;2804,13
PC008832;Não informado;E;Baixa;3,0;15,2;5,9;55;100;15;61,55;4,71;🚨 RUPTURA IMINENTE;48,0;100,51;4783,16
PC008927;Não informado;E;Baixa;11,0;4,1;80,5;55;100;15;4,53;4,71;🟢 OK;0,0;89,38;0,0
PC001487;Não informado;E;Baixa;1,0;1,5;19,8;55;100;15;18,47;4,71;🔴 Comprar agora;4,0;476,78;1935,48
PC009739;Não informado;E;Baixa;1,0;3,1;9,7;55;100;15;37,51;4,71;🚨 RUPTURA IMINENTE;9,0;503,23;4668,39
PC004995;Não informado;E;Baixa;4,0;9,0;13,3;55;100;15;27,46;4,71;🚨 RUPTURA IMINENTE;26,0;174,31;4548,07
PC009081;Não informado;E;Baixa;3,0;7,2;12,6;55;100;15;29,02;4,71;🚨 RUPTURA IMINENTE;21,0;352,03;7340,04
PC004764;Não informado;E;Baixa;4,0;7,3;16,4;55;100;15;22,31;4,71;🔴 Comprar agora;20,0;144,69;2958,58
PC002737;Não informado;E;Baixa;3,0;2,1;43,6;55;100;15;8,38;4,71;🔴 Comprar agora;4,0;262,25;1019,67
PC009953;Não informado;E;Baixa;72,0;27,8;77,8;55;100;15;4,69;4,71;🟢 OK;0,0;16,23;0,0
PC005920;Não informado;E;Baixa;3,0;1,0;87,6;55;100;15;4,17;4,71;🟢 OK;0,0;361,78;0,0
PC002674;Não informado;E;Baixa;20,0;8,8;68,0;55;100;15;5,37;4,71;🟢 OK;0,0;54,5;0,0
PC002656;Não informado;E;Baixa;1,0;4,0;7,5;55;100;15;48,52;4,71;🚨 RUPTURA IMINENTE;12,0;263,15;3234,74
PC000630;Não informado;E;Baixa;2,0;4,1;14,7;55;100;15;24,91;4,71;🚨 RUPTURA IMINENTE;12,0;393,92;4589,57
PC005123;Não informado;E;Baixa;3,0;5,0;17,8;55;100;15;20,46;4,71;🔴 Comprar agora;14,0;278,05;3842,68
PC007590;Não informado;E;Baixa;2,0;1,0;60,1;55;100;15;6,08;4,71;🟢 OK;0,0;480,73;0,0
PC002447;Não informado;E;Média;2,0;3,3;18,2;55;100;15;20,01;4,71;🔴 Comprar agora;9,0;209,25;1875,27
PC005288;Não informado;E;Baixa;10,0;7,2;41,8;55;100;15;8,73;4,71;🔴 Comprar agora;14,0;70,92;986,16
PC001673;Não informado;E;Baixa;10,0;6,4;46,7;55;100;15;7,82;4,71;🔴 Comprar agora;11,0;68,92;788,12
PC003264;Não informado;E;Baixa;5,0;1,8;83,2;55;100;15;4,38;4,71;🟢 OK;0,0;185,79;0,0
PC005019;Não informado;E;Baixa;6,0;3,3;54,7;55;100;15;6,68;4,71;🔴 Comprar agora;5,0;252,05;1254,66
PC009718;Não informado;E;Baixa;2,0;2,0;30,1;55;100;15;12,13;4,71;🔴 Comprar agora;5,0;230,47;1070,43
PC001983;Não informado;E;Baixa;4,0;2,7;44,4;55;100;15;8,23;4,71;🔴 Comprar agora;5,0;191,7;961,33
PC007862;Não informado;E;Baixa;11,0;9,0;36,8;55;100;15;9,92;4,71;🔴 Comprar agora;19,0;43,69;825,56
PC005810;Não informado;E;Baixa;10,0;4,1;73,3;55;100;15;4,98;4,71;🟢 OK;0,0;95,74;0,0
PC001289;Não informado;E;Baixa;13,0;9,9;39,5;55;100;15;9,24;4,71;🔴 Comprar agora;20,0;66,33;1319,79
PC004001;Não informado;E;Baixa;20,0;8,0;74,8;55;100;15;4,88;4,71;🟢 OK;0,0;62,05;0,0
PC003186;Não informado;E;Baixa;13,0;6,6;59,5;55;100;15;6,14;4,71;🟢 OK;0,0;128,35;0,0
PC000475;Não informado;E;Baixa;2,0;2,0;29,7;55;100;15;12,3;4,71;🔴 Comprar agora;5,0;630,99;2989,54
PC009481;Não informado;E;Média;30,0;16,1;55,8;55;100;15;6,54;4,71;🟢 OK;0,0;44,09;0,0
PC007735;Não informado;E;Baixa;8,0;5,4;44,4;55;100;15;8,22;4,71;🔴 Comprar agora;10,0;70,87;710,6
PC002895;Não informado;E;Baixa;3,0;4,4;20,3;55;100;15;17,95;4,71;🔴 Comprar agora;12,0;597,69;7026,17
PC003937;Não informado;E;Baixa;15,0;15,8;28,4;55;100;15;12,84;4,71;🔴 Comprar agora;38,0;111,78;4223,19
PC007776;Não informado;E;Baixa;12,0;4,0;89,0;55;100;15;4,1;4,71;🟢 OK;0,0;107,98;0,0
PC006970;Não informado;E;Baixa;20,0;13,0;46,1;55;100;15;7,92;4,71;🔴 Comprar agora;23,0;44,04;1030,92
PC007504;Não informado;E;Baixa;2,0;1,0;57,8;55;100;15;6,31;4,71;🟢 OK;0,0;461,21;0,0
PC006192;Não informado;E;Média;4,0;3,3;36,9;55;100;15;9,9;4,71;🔴 Comprar agora;7,0;247,43;1695,16
PC004739;Não informado;E;Baixa;7,0;11,0;19,0;55;100;15;19,18;4,71;🔴 Comprar agora;30,0;51,07;1521,34
PC009199;Não informado;E;Baixa;0,0;3,0;0,0;55;100;15;0,0;4,71;🚨 RUPTURA IMINENTE;10,0;460,15;4617,81
PC009139;Não informado;E;Baixa;12,0;3,8;94,8;55;100;15;3,85;4,71;🟢 OK;0,0;136,86;0,0
PC009074;Não informado;E;Baixa;23,0;7,5;92,2;55;100;15;3,96;4,71;🟢 OK;0,0;58,88;0,0
PC005779;Não informado;E;Baixa;5,0;1,8;81,3;55;100;15;4,49;4,71;🟢 OK;0,0;176,41;0,0
PC000629;Não informado;E;Baixa;1,0;4,1;7,3;55;100;15;49,84;4,71;🚨 RUPTURA IMINENTE;13,0;599,27;7584,23
PC006189;Não informado;E;Baixa;6,0;2,0;91,6;55;100;15;3,98;4,71;🟢 OK;0,0;238,95;0,0
PC007517;Não informado;E;Baixa;8,0;3,1;78,5;55;100;15;4,65;4,71;🟢 OK;0,0;157,71;0,0
PC006876;Não informado;E;Baixa;17,0;7,0;73,3;55;100;15;4,98;4,71;🟢 OK;0,0;57,6;0,0
PC009505;Não informado;E;Baixa;13,0;12,2;31,9;55;100;15;11,45;4,71;🔴 Comprar agora;28,0;108,29;3006,64
PC005099;Não informado;E;Baixa;0,0;2,9;0,0;55;100;15;0,0;4,71;🚨 RUPTURA IMINENTE;10,0;773,65;7427,53
PC009942;Não informado;E;Baixa;8,0;11,1;21,6;55;100;15;16,88;4,71;🔴 Comprar agora;29,0;117,27;3401,59
PC004706;Não informado;E;Baixa;2,0;2,1;28,6;55;100;15;12,74;4,71;🔴 Comprar agora;5,0;169,02;842,25
PC004831;Não informado;E;Baixa;5,0;2,1;72,9;55;100;15;5,0;4,71;🟢 OK;0,0;246,79;0,0
PC004048;Não informado;E;Baixa;4,0;1,4;88,2;55;100;15;4,14;4,71;🟢 OK;0,0;365,36;0,0
PC005234;Não informado;E;Baixa;3,0;13,7;6,6;55;100;15;55,46;4,71;🚨 RUPTURA IMINENTE;43,0;84,81;3611,39
PC002746;Não informado;E;Baixa;11,0;9,3;35,4;55;100;15;10,31;4,71;🔴 Comprar agora;20,0;68,6;1376,73
PC000817;Não informado;E;Baixa;3,0;5,0;18,1;55;100;15;20,17;4,71;🔴 Comprar agora;14,0;73,56;998,72
PC009440;Não informado;E;Baixa;3,0;0,8;107,6;55;100;15;3,39;4,71;🟡 Estoque excessivo;0,0;434,05;0,0
PC007251;Não informado;E;Baixa;5,0;8,5;17,7;55;100;15;20,66;4,71;🔴 Comprar agora;23,0;63,64;1483,07
PC001192;Não informado;E;Baixa;32,0;13,0;73,8;55;100;15;4,95;4,71;🟢 OK;0,0;33,52;0,0
PC002433;Não informado;E;Baixa;2,0;1,6;37,3;55;100;15;9,79;4,71;🔴 Comprar agora;3,0;458,35;1541,83
PC005324;Não informado;E;Baixa;3,0;6,2;14,6;55;100;15;25,0;4,71;🚨 RUPTURA IMINENTE;18,0;213,96;3755,25
PC004578;Não informado;E;Baixa;2,0;3,3;18,4;55;100;15;19,85;4,71;🔴 Comprar agora;9,0;173,8;1542,87
PC006824;Não informado;E;Baixa;5,0;7,5;20,0;55;100;15;18,23;4,71;🔴 Comprar agora;20,0;43,55;869,57
PC004106;Não informado;E;Média;3,0;3,4;26,6;55;100;15;13,74;4,71;🔴 Comprar agora;8,0;248,58;2061,94
PC007609;Não informado;E;Baixa;2,0;0,9;67,7;55;100;15;5,39;4,71;🟢 OK;0,0;425,14;0,0
PC004786;Não informado;E;Baixa;6,0;15,1;11,9;55;100;15;30,69;4,71;🚨 RUPTURA IMINENTE;44,0;119,33;5305,0
PC008122;Não informado;E;Baixa;15,0;12,9;35,0;55;100;15;10,43;4,71;🔴 Comprar agora;28,0;42,75;1191,21
PC005587;Não informado;E;Baixa;2,0;3,9;15,5;55;100;15;23,62;4,71;🔴 Comprar agora;11,0;436,03;4772,27
PC002959;Não informado;E;Baixa;0,0;1,0;0,0;55;100;15;0,0;4,71;🚨 RUPTURA IMINENTE;3,0;1430,92;4630,56
PC007137;Não informado;E;Baixa;5,0;3,8;39,0;55;100;15;9,36;4,71;🔴 Comprar agora;8,0;116,15;908,9
PC005738;Não informado;E;Baixa;2,0;3,1;19,6;55;100;15;18,62;4,71;🔴 Comprar agora;8,0;290,5;2382,27
PC000139;Não informado;E;Baixa;14,0;13,6;31,0;55;100;15;11,78;4,71;🔴 Comprar agora;31,0;95,15;2967,39
PC003516;Não informado;E;Baixa;3,0;4,9;18,3;55;100;15;19,92;4,71;🔴 Comprar agora;13,0;424,48;5676,21
PC007748;Não informado;E;Baixa;3,0;1,0;89,2;55;100;15;4,09;4,71;🟢 OK;0,0;365,76;0,0
PC009256;Não informado;E;Baixa;15,0;10,1;44,7;55;100;15;8,17;4,71;🔴 Comprar agora;19,0;36,29;674,73
PC004519;Não informado;E;Baixa;2,0;1,6;38,5;55;100;15;9,49;4,71;🔴 Comprar agora;3,0;492,99;1577,12
PC004233;Não informado;E;Baixa;1,0;0,9;32,1;55;100;15;11,38;4,71;🔴 Comprar agora;2,0;462,37;978,7
PC002304;Não informado;E;Baixa;1,0;1,0;30,6;55;100;15;11,91;4,71;🔴 Comprar agora;2,0;398,05;901,27
PC001330;Não informado;E;Baixa;4,0;6,5;18,3;55;100;15;19,92;4,71;🔴 Comprar agora;18,0;65,19;1162,12
PC000420;Não informado;E;Baixa;1,0;3,1;9,7;55;100;15;37,79;4,71;🚨 RUPTURA IMINENTE;9,0;341,36;3192,78
PC002296;Não informado;E;Baixa;7,0;2,1;98,4;55;100;15;3,71;4,71;🟢 OK;0,0;222,07;0,0
PC008899;Não informado;E;Baixa;4,0;7,6;15,7;55;100;15;23,25;4,71;🔴 Comprar agora;21,0;203,78;4376,52
PC007528;Não informado;E;Baixa;55,0;17,6;93,6;55;100;15;3,9;4,71;🟢 OK;0,0;20,71;0,0
PC000371;Não informado;E;Baixa;5,0;6,2;24,4;55;100;15;14,97;4,71;🔴 Comprar agora;16,0;325,32;5042,59
PC001110;Não informado;E;Baixa;5,0;6,1;24,7;55;100;15;14,76;4,71;🔴 Comprar agora;15,0;236,13;3594,33
PC007345;Não informado;E;Baixa;3,0;6,9;13,0;55;100;15;27,99;4,71;🚨 RUPTURA IMINENTE;20,0;130,04;2601,25
PC000477;Não informado;E;Baixa;13,0;8,1;48,1;55;100;15;7,59;4,71;🔴 Comprar agora;14,0;172,09;2417,98
PC001099;Não informado;E;Baixa;2,0;1,0;57,9;55;100;15;6,3;4,71;🟢 OK;0,0;323,04;0,0
PC003675;Não informado;E;Baixa;3,0;0,9;96,4;55;100;15;3,79;4,71;🟢 OK;0,0;323,21;0,0
PC004385;Não informado;E;Baixa;9,0;4,8;56,7;55;100;15;6,44;4,71;🟢 OK;0,0;76,02;0,0
PC008191;Não informado;E;Média;6,0;6,8;26,6;55;100;15;13,7;4,71;🔴 Comprar agora;17,0;92,95;1536,11
PC006194;Não informado;E;Média;22,0;11,7;56,6;55;100;15;6,45;4,71;🟢 OK;0,0;58,25;0,0
PC006761;Não informado;E;Baixa;25,0;13,9;53,8;55;100;15;6,79;4,71;🔴 Comprar agora;21,0;45,71;982,66
PC003775;Não informado;E;Baixa;1,0;0,9;33,6;55;100;15;10,87;4,71;🔴 Comprar agora;2,0;452,1;894,57
PC009651;Não informado;E;Baixa;2,0;5,9;10,2;55;100;15;35,63;4,71;🚨 RUPTURA IMINENTE;18,0;296,27;5192,32
PC009661;Não informado;E;Baixa;11,0;23,3;14,2;55;100;15;25,76;4,71;🚨 RUPTURA IMINENTE;67,0;63,06;4201,9
PC007363;Não informado;E;Baixa;9,0;9,2;29,3;55;100;15;12,44;4,71;🔴 Comprar agora;22,0;143,7;3114,9
PC001909;Não informado;E;Baixa;1,0;1,0;29,1;55;100;15;12,52;4,71;🔴 Comprar agora;2,0;972,72;2364,25
PC000456;Não informado;E;Baixa;3,0;1,0;88,4;55;100;15;4,13;4,71;🟢 OK;0,0;1540,94;0,0
PC009504;Não informado;E;Baixa;3,0;3,1;29,1;55;100;15;12,53;4,71;🔴 Comprar agora;7,0;683,78;4988,49
PC004705;Não informado;E;Baixa;67,0;20,6;97,4;55;100;15;3,75;4,71;🟢 OK;0,0;20,49;0,0
PC007468;Não informado;E;Baixa;7,0;7,2;29,1;55;100;15;12,54;4,71;🔴 Comprar agora;17,0;137,31;2342,19
PC001718;Não informado;E;Baixa;6,0;6,7;26,8;55;100;15;13,64;4,71;🔴 Comprar agora;16,0;114,75;1885,16
PC004328;Não informado;E;Baixa;6,0;21,9;8,2;55;100;15;44,32;4,71;🚨 RUPTURA IMINENTE;67,0;99,78;6670,48
PC000745;Não informado;E;Baixa;28,0;19,9;42,2;55;100;15;8,65;4,71;🔴 Comprar agora;38,0;78,08;2994,3
PC002438;Não informado;E;Baixa;6,0;2,6;69,2;55;100;15;5,28;4,71;🟢 OK;0,0;201,23;0,0
PC000905;Não informado;E;Baixa;3,0;5,6;16,1;55;100;15;22,61;4,71;🔴 Comprar agora;16,0;79,03;1231,28
PC009686;Não informado;E;Baixa;9,0;3,0;88,9;55;100;15;4,11;4,71;🟢 OK;0,0;125,26;0,0
PC005878;Não informado;E;Baixa;11,0;3,8;86,9;55;100;15;4,2;4,71;🟢 OK;0,0;126,51;0,0
PC002468;Não informado;E;Baixa;1,0;2,0;14,8;55;100;15;24,7;4,71;🚨 RUPTURA IMINENTE;6,0;661,76;3815,91
PC008240;Não informado;E;Baixa;1,0;1,7;17,6;55;100;15;20,77;4,71;🔴 Comprar agora;5,0;346,83;1627,14
PC005001;Não informado;E;Baixa;1,0;1,6;18,9;55;100;15;19,34;4,71;🔴 Comprar agora;4,0;447,47;1923,99
PC002089;Não informado;E;Baixa;7,0;4,3;49,3;55;100;15;7,41;4,71;🔴 Comprar agora;7,0;115,06;829,65
PC004480;Não informado;E;Baixa;0,0;2,0;0,0;55;100;15;0,0;4,71;🚨 RUPTURA IMINENTE;7,0;904,12;6025,93
PC005452;Não informado;E;Baixa;2,0;2,0;30,5;55;100;15;11,95;4,71;🔴 Comprar agora;5,0;214,93;977,78
PC003459;Não informado;E;Baixa;6,0;14,8;12,1;55;100;15;30,07;4,71;🚨 RUPTURA IMINENTE;43,0;92,55;4019,58
PC006038;Não informado;E;Baixa;1,0;1,0;30,0;55;100;15;12,19;4,71;🔴 Comprar agora;2,0;398,22;931,28
PC003616;Não informado;E;Baixa;5,0;5,1;29,6;55;100;15;12,35;4,71;🔴 Comprar agora;12,0;80,49;958,78
PC008963;Não informado;E;Baixa;12,0;4,0;89,0;55;100;15;4,1;4,71;🟢 OK;0,0;107,0;0,0
PC006265;Não informado;E;Baixa;1,0;2,0;14,9;55;100;15;24,55;4,71;🚨 RUPTURA IMINENTE;6,0;174,79;1001,01
PC008002;Não informado;E;Baixa;2,0;2,0;29,6;55;100;15;12,33;4,71;🔴 Comprar agora;5,0;600,67;2856,69
PC005176;Não informado;E;Baixa;4,0;6,3;19,0;55;100;15;19,22;4,71;🔴 Comprar agora;17,0;81,46;1390,17
PC008732;Não informado;E;Baixa;4,0;10,3;11,7;55;100;15;31,2;4,71;🚨 RUPTURA IMINENTE;30,0;182,22;5502,43
PC003547;Não informado;E;Baixa;5,0;5,2;28,7;55;100;15;12,7;4,71;🔴 Comprar agora;12,0;247,88;3071,63
PC008157;Não informado;E;Baixa;1,0;4,0;7,5;55;100;15;48,77;4,71;🚨 RUPTURA IMINENTE;12,0;405,82;5016,59
PC003177;Não informado;E;Baixa;22,0;6,8;96,4;55;100;15;3,79;4,71;🟢 OK;0,0;59,38;0,0
PC005811;Não informado;E;Baixa;6,0;2,0;89,1;55;100;15;4,1;4,71;🟢 OK;0,0;168,75;0,0
PC002291;Não informado;E;Baixa;3,0;6,8;13,2;55;100;15;27,69;4,71;🚨 RUPTURA IMINENTE;20,0;133,25;2632,99
PC009851;Não informado;E;Baixa;0,0;1,0;0,0;55;100;15;0,0;4,71;🚨 RUPTURA IMINENTE;3,0;1993,7;6570,67
PC006309;Não informado;E;Baixa;3,0;2,0;44,0;55;100;15;8,29;4,71;🔴 Comprar agora;4,0;655,59;2500,41
PC006355;Não informado;E;Baixa;3,0;2,0;44,4;55;100;15;8,23;4,71;🔴 Comprar agora;4,0;168,87;635,46
PC008297;Não informado;E;Baixa;23,0;10,2;67,7;55;100;15;5,39;4,71;🟢 OK;0,0;32,29;0,0
PC006002;Não informado;E;Baixa;9,0;11,3;23,8;55;100;15;15,32;4,71;🔴 Comprar agora;29,0;62,83;1808,03
PC007581;Não informado;E;Baixa;17,0;7,0;72,7;55;100;15;5,02;4,71;🟢 OK;0,0;50,66;0,0
PC006385;Não informado;E;Baixa;9,0;6,2;43,7;55;100;15;8,36;4,71;🔴 Comprar agora;12,0;198,74;2306,43
PC008872;Não informado;E;Baixa;13,0;4,1;95,2;55;100;15;3,83;4,71;🟢 OK;0,0;78,19;0,0
PC001373;Não informado;E;Média;2,0;3,2;18,5;55;100;15;19,68;4,71;🔴 Comprar agora;9,0;214,5;1883,89
PC003328;Não informado;E;Baixa;5,0;3,0;50,0;55;100;15;7,3;4,71;🔴 Comprar agora;5,0;396,75;1983,85
PC008364;Não informado;E;Baixa;2,0;2,0;29,9;55;100;15;12,22;4,71;🔴 Comprar agora;5,0;222,78;1046,7
PC003414;Não informado;E;Baixa;11,0;4,4;75,4;55;100;15;4,84;4,71;🟢 OK;0,0;130,34;0,0
PC004529;Não informado;E;Baixa;13,0;8,0;48,6;55;100;15;7,51;4,71;🔴 Comprar agora;14,0;72,08;990,81
PC008147;Não informado;E;Baixa;0,0;2,1;0,0;55;100;15;0,0;4,71;🚨 RUPTURA IMINENTE;7,0;668,93;4594,23
PC000008;Não informado;E;Baixa;17,0;17,9;28,5;55;100;15;12,82;4,71;🔴 Comprar agora;43,0;80,57;3441,68
PC007095;Não informado;E;Baixa;1,0;6,1;4,9;55;100;15;74,27;4,71;🚨 RUPTURA IMINENTE;19,0;336,56;6512,11
PC006066;Não informado;E;Baixa;18,0;34,4;15,7;55;100;15;23,26;4,71;🔴 Comprar agora;97,0;66,37;6419,7
PC007738;Não informado;E;Baixa;20,0;6,5;92,5;55;100;15;3,95;4,71;🟢 OK;0,0;69,69;0,0
PC005982;Não informado;E;Média;1,0;1,6;18,6;55;100;15;19,58;4,71;🔴 Comprar agora;4,0;330,84;1443,73
PC000540;Não informado;E;Baixa;6,0;3,1;57,4;55;100;15;6,36;4,71;🟢 OK;0,0;214,65;0,0
PC004650;Não informado;E;Baixa;6,0;8,2;21,8;55;100;15;16,71;4,71;🔴 Comprar agora;21,0;159,68;3428,04
PC008787;Não informado;E;Baixa;2,0;2,1;28,7;55;100;15;12,7;4,71;🔴 Comprar agora;5,0;183,33;908,97
PC000489;Não informado;E;Baixa;7,0;16,8;12,5;55;100;15;29,26;4,71;🚨 RUPTURA IMINENTE;49,0;34,55;1697,24
PC004087;Não informado;E;Baixa;3,0;1,7;53,2;55;100;15;6,87;4,71;🔴 Comprar agora;3,0;348,45;920,92
PC004065;Não informado;E;Baixa;22,0;11,7;56,6;55;100;15;6,44;4,71;🟢 OK;0,0;28,79;0,0
PC000106;Não informado;E;Baixa;1,0;2,2;13,4;55;100;15;27,16;4,71;🚨 RUPTURA IMINENTE;6,0;954,63;6149,94
PC006451;Não informado;E;Baixa;5,0;2,9;51,8;55;100;15;7,05;4,71;🔴 Comprar agora;5,0;106,83;497,52
PC002396;Não informado;E;Baixa;1,0;1,0;28,9;55;100;15;12,65;4,71;🔴 Comprar agora;2,0;296,65;731,26
PC000802;Não informado;E;Baixa;20,0;8,1;74,0;55;100;15;4,93;4,71;🟢 OK;0,0;44,31;0,0
PC004367;Não informado;E;Baixa;4,0;4,0;30,1;55;100;15;12,11;4,71;🔴 Comprar agora;9,0;275,29;2552,11
PC002781;Não informado;E;Baixa;3,0;2,1;43,8;55;100;15;8,33;4,71;🔴 Comprar agora;4,0;161,48;620,96
PC006498;Não informado;E;Baixa;1,0;3,1;9,7;55;100;15;37,76;4,71;🚨 RUPTURA IMINENTE;9,0;498,24;4655,79
PC003762;Não informado;E;Baixa;19,0;9,1;62,8;55;100;15;5,81;4,71;🟢 OK;0,0;43,27;0,0
PC003074;Não informado;E;Baixa;2,0;1,3;47,8;55;100;15;7,64;4,71;🔴 Comprar agora;2,0;280,72;614,17
PC003709;Não informado;E;Baixa;4,0;1,9;64,4;55;100;15;5,66;4,71;🟢 OK;0,0;218,37;0,0
PC009546;Não informado;E;Baixa;1,0;3,2;9,3;55;100;15;39,28;4,71;🚨 RUPTURA IMINENTE;10,0;422,6;4124,93
PC009731;Não informado;E;Média;15,0;10,6;42,3;55;100;15;8,63;4,71;🔴 Comprar agora;20,0;55,88;1143,82
PC006256;Não informado;E;Baixa;1,0;3,1;9,7;55;100;15;37,58;4,71;🚨 RUPTURA IMINENTE;9,0;370,96;3448,21
PC001585;Não informado;E;Baixa;10,0;10,5;28,5;55;100;15;12,79;4,71;🔴 Comprar agora;25,0;146,55;3669,68
PC001365;Não informado;E;Baixa;1,0;6,3;4,7;55;100;15;76,92;4,71;🚨 RUPTURA IMINENTE;20,0;372,1;7469,94
PC002430;Não informado;E;Baixa;0,0;1,0;0,0;55;100;15;0,0;4,71;🚨 RUPTURA IMINENTE;3,0;986,31;3410,86
PC000296;Não informado;E;Baixa;4,0;6,7;17,9;55;100;15;20,42;4,71;🔴 Comprar agora;18,0;48,03;882,87
PC005537;Não informado;E;Baixa;4,0;6,7;17,9;55;100;15;20,41;4,71;🔴 Comprar agora;18,0;53,25;978,12
PC003869;Não informado;E;Baixa;3,0;1,0;87,9;55;100;15;4,15;4,71;🟢 OK;0,0;429,98;0,0
PC003315;Não informado;E;Baixa;4,0;2,0;59,0;55;100;15;6,19;4,71;🟢 OK;0,0;208,55;0,0
PC003385;Não informado;E;Baixa;1,0;6,2;4,8;55;100;15;75,4;4,71;🚨 RUPTURA IMINENTE;20,0;147,36;2896,58
PC006653;Não informado;E;Média;1,0;1,7;17,9;55;100;15;20,37;4,71;🔴 Comprar agora;5,0;350,05;1603,39
PC006138;Não informado;E;Baixa;19,0;7,3;78,2;55;100;15;4,67;4,71;🟢 OK;0,0;49,91;0,0
PC004043;Não informado;E;Baixa;1,0;1,7;17,4;55;100;15;20,96;4,71;🔴 Comprar agora;5,0;309,9;1469,77
PC009995;Não informado;E;Baixa;2,0;2,0;30,4;55;100;15;12,01;4,71;🔴 Comprar agora;5,0;723,53;3314,29
PC009749;Não informado;E;Baixa;2,0;6,1;9,8;55;100;15;37,29;4,71;🚨 RUPTURA IMINENTE;18,0;335,77;6188,4
PC009448;Não informado;E;Baixa;35,0;21,0;50,1;55;100;15;7,29;4,71;🔴 Comprar agora;35,0;20,29;707,41
PC006067;Não informado;E;Média;3,0;1,6;54,9;55;100;15;6,64;4,71;🔴 Comprar agora;2,0;431,1;1060,55
PC006756;Não informado;E;Baixa;1,0;0,9;33,1;55;100;15;11,04;4,71;🔴 Comprar agora;2,0;310,19;627,97
PC009356;Não informado;E;Baixa;2,0;2,1;28,8;55;100;15;12,67;4,71;🔴 Comprar agora;5,0;196,64;972,0
PC006515;Não informado;E;Baixa;4,0;5,1;23,6;55;100;15;15,45;4,71;🔴 Comprar agora;13,0;63,6;822,21
PC003402;Não informado;E;Baixa;6,0;16,9;10,6;55;100;15;34,29;4,71;🚨 RUPTURA IMINENTE;50,0;69,44;3497,72
PC003740;Não informado;E;Baixa;1,0;3,0;10,0;55;100;15;36,34;4,71;🚨 RUPTURA IMINENTE;9,0;279,92;2506,8
PC005047;Não informado;E;Baixa;3,0;2,6;34,7;55;100;15;10,53;4,71;🔴 Comprar agora;6,0;123,61;699,03
PC000865;Não informado;E;Baixa;29,0;19,8;44,0;55;100;15;8,29;4,71;🔴 Comprar agora;37,0;28,29;1042,67
PC001757;Não informado;E;Baixa;1,0;7,2;4,2;55;100;15;87,95;4,71;🚨 RUPTURA IMINENTE;23,0;359,5;8303,15
PC004836;Não informado;E;Média;3,0;1,7;53,2;55;100;15;6,86;4,71;🔴 Comprar agora;3,0;340,27;898,9
PC002782;Não informado;E;Baixa;1,0;1,9;15,6;55;100;15;23,41;4,71;🔴 Comprar agora;5,0;591,33;3201,37
PC006754;Não informado;E;Baixa;3,0;5,1;17,6;55;100;15;20,73;4,71;🔴 Comprar agora;14,0;202,38;2840,53
PC003058;Não informado;E;Baixa;10,0;4,9;61,8;55;100;15;5,91;4,71;🟢 OK;0,0;69,34;0,0
PC004921;Não informado;E;Baixa;1,0;2,0;14,7;55;100;15;24,77;4,71;🚨 RUPTURA IMINENTE;6,0;647,15;3744,96
PC002079;Não informado;E;Baixa;3,0;3,0;29,7;55;100;15;12,29;4,71;🔴 Comprar agora;7,0;384,08;2727,41
PC007346;Não informado;E;Baixa;12,0;7,3;49,1;55;100;15;7,43;4,71;🔴 Comprar agora;12,0;52,62;653,65
PC005117;Não informado;E;Baixa;3,0;3,1;29,3;55;100;15;12,47;4,71;🔴 Comprar agora;7,0;411,87;2984,83
PC008944;Não informado;E;Baixa;8,0;5,7;42,0;55;100;15;8,7;4,71;🔴 Comprar agora;11,0;229,77;2542,58
PC002654;Não informado;E;Baixa;1,0;2,0;15,0;55;100;15;24,34;4,71;🚨 RUPTURA IMINENTE;6,0;968,72;5491,34
PC001072;Não informado;E;Baixa;3,0;2,0;44,6;55;100;15;8,18;4,71;🔴 Comprar agora;4,0;883,38;3288,08
PC006848;Não informado;E;Baixa;2,0;6,1;9,9;55;100;15;36,95;4,71;🚨 RUPTURA IMINENTE;18,0;329,44;6011,81
PC002038;Não informado;E;Baixa;2,0;1,6;37,0;55;100;15;9,87;4,71;🔴 Comprar agora;3,0;364,72;1244,02
PC004099;Não informado;E;Baixa;6,0;7,8;23,1;55;100;15;15,79;4,71;🔴 Comprar agora;20,0;176,89;3528,63
PC001170;Não informado;E;Baixa;2,0;8,1;7,4;55;100;15;49,46;4,71;🚨 RUPTURA IMINENTE;25,0;110,96;2784,98
PC002179;Não informado;E;Baixa;5,0;5,1;29,6;55;100;15;12,34;4,71;🔴 Comprar agora;12,0;229,19;2726,74
PC007571;Não informado;E;Baixa;4,0;1,3;94,5;55;100;15;3,86;4,71;🟢 OK;0,0;337,17;0,0
PC001683;Não informado;E;Baixa;13,0;3,7;105,8;55;100;15;3,45;4,71;🟡 Estoque excessivo;0,0;71,93;0,0
PC001905;Não informado;E;Baixa;9,0;7,9;34,1;55;100;15;10,69;4,71;🔴 Comprar agora;17,0;56,27;976,78
PC006108;Não informado;E;Baixa;2,0;7,3;8,2;55;100;15;44,42;4,71;🚨 RUPTURA IMINENTE;22,0;295,43;6599,04
PC008054;Não informado;E;Baixa;4,0;2,6;45,9;55;100;15;7,96;4,71;🔴 Comprar agora;5,0;182,84;863,62
PC007180;Não informado;E;Baixa;2,0;6,2;9,6;55;100;15;37,88;4,71;🚨 RUPTURA IMINENTE;19,0;222,4;4170,81
PC008051;Não informado;E;Baixa;6,0;3,1;57,4;55;100;15;6,36;4,71;🟢 OK;0,0;177,98;0,0
PC004138;Não informado;E;Baixa;2,0;1,0;58,4;55;100;15;6,25;4,71;🟢 OK;0,0;407,57;0,0
PC004151;Não informado;E;Baixa;1,0;1,0;30,0;55;100;15;12,17;4,71;🔴 Comprar agora;2,0;1427,13;3330,98
PC008584;Não informado;E;Baixa;7,0;4,3;48,3;55;100;15;7,55;4,71;🔴 Comprar agora;7,0;385,02;2881,26
PC002931;Não informado;E;Baixa;4,0;2,8;43,5;55;100;15;8,4;4,71;🔴 Comprar agora;5,0;134,84;701,79
PC000967;Não informado;E;Baixa;1,0;1,0;30,3;55;100;15;12,05;4,71;🔴 Comprar agora;2,0;409,22;941,28
PC003834;Não informado;E;Baixa;17,0;5,6;91,7;55;100;15;3,98;4,71;🟢 OK;0,0;67,36;0,0
PC003146;Não informado;E;Baixa;2,0;1,1;55,6;55;100;15;6,56;4,71;🟢 OK;0,0;357,79;0,0
PC003901;Não informado;E;Baixa;16,0;6,0;80,1;55;100;15;4,56;4,71;🟢 OK;0,0;55,52;0,0
PC001548;Não informado;E;Baixa;7,0;2,7;78,4;55;100;15;4,65;4,71;🟢 OK;0,0;115,84;0,0
PC001002;Não informado;E;Baixa;11,0;6,9;48,1;55;100;15;7,59;4,71;🔴 Comprar agora;12,0;144,3;1712,09
PC007336;Não informado;E;Baixa;17,0;14,6;34,9;55;100;15;10,46;4,71;🔴 Comprar agora;32,0;22,22;704,39
PC006307;Não informado;E;Baixa;1,0;1,0;30,8;55;100;15;11,85;4,71;🔴 Comprar agora;2,0;1417,17;3184,98
PC002731;Não informado;E;Baixa;11,0;25,1;13,1;55;100;15;27,81;4,71;🚨 RUPTURA IMINENTE;73,0;86,82;6320,42
PC004073;Não informado;E;Baixa;5,0;6,1;24,7;55;100;15;14,76;4,71;🔴 Comprar agora;15,0;91,19;1387,8
PC003602;Não informado;E;Baixa;2,0;2,0;29,3;55;100;15;12,45;4,71;🔴 Comprar agora;5,0;166,85;804,49
PC004213;Não informado;E;Baixa;14,0;8,0;52,7;55;100;15;6,92;4,71;🔴 Comprar agora;13,0;78,53;986,1
PC007802;Não informado;E;Baixa;5,0;6,3;24,0;55;100;15;15,23;4,71;🔴 Comprar agora;16,0;96,56;1531,98
PC009341;Não informado;E;Baixa;2,0;1,0;61,3;55;100;15;5,95;4,71;🟢 OK;0,0;383,66;0,0
PC002534;Não informado;E;Baixa;6,0;1,9;93,1;55;100;15;3,92;4,71;🟢 OK;0,0;173,79;0,0
PC002162;Não informado;E;Baixa;6,0;7,1;25,4;55;100;15;14,37;4,71;🔴 Comprar agora;18,0;39,26;691,64
PC001901;Não informado;E;Baixa;2,0;1,0;60,9;55;100;15;5,99;4,71;🟢 OK;0,0;1077,16;0,0
PC003786;Não informado;E;Baixa;3,0;3,2;28,5;55;100;15;12,81;4,71;🔴 Comprar agora;8,0;163,77;1233,3
PC006284;Não informado;E;Baixa;4,0;8,0;15,0;55;100;15;24,35;4,71;🚨 RUPTURA IMINENTE;23,0;130,24;2954,3
PC009385;Não informado;E;Baixa;33,0;36,8;26,9;55;100;15;13,56;4,71;🔴 Comprar agora;90,0;21,95;1966,63
PC002345;Não informado;E;Baixa;15,0;8,3;54,0;55;100;15;6,76;4,71;🔴 Comprar agora;13,0;49,61;634,87
PC007016;Não informado;E;Baixa;16,0;17,7;27,2;55;100;15;13,44;4,71;🔴 Comprar agora;43,0;117,58;5045,4
PC004210;Não informado;E;Baixa;3,0;3,1;29,4;55;100;15;12,41;4,71;🔴 Comprar agora;7,0;132,43;953,79
PC007858;Não informado;E;Baixa;4,0;8,0;14,9;55;100;15;24,43;4,71;🚨 RUPTURA IMINENTE;23,0;70,48;1604,91
PC000668;Não informado;E;Baixa;4,0;2,0;59,4;55;100;15;6,15;4,71;🟢 OK;0,0;164,3;0,0
PC008960;Não informado;E;Baixa;3,0;1,6;55,9;55;100;15;6,53;4,71;🟢 OK;0,0;412,76;0,0
PC006762;Não informado;E;Baixa;1,0;1,9;15,4;55;100;15;23,7;4,71;🔴 Comprar agora;5,0;186,95;1026,72
PC008865;Não informado;E;Baixa;48,0;14,7;97,8;55;100;15;3,73;4,71;🟢 OK;0,0;26,99;0,0
PC002289;Não informado;E;Baixa;1,0;1,0;30,2;55;100;15;12,1;4,71;🔴 Comprar agora;2,0;283,0;654,9
PC004872;Não informado;E;Baixa;2,0;4,0;15,0;55;100;15;24,38;4,71;🚨 RUPTURA IMINENTE;11,0;362,67;4119,82
PC007649;Não informado;E;Baixa;10,0;6,5;45,9;55;100;15;7,95;4,71;🔴 Comprar agora;12,0;42,65;502,16
PC007573;Não informado;E;Baixa;3,0;2,0;45,4;55;100;15;8,05;4,71;🔴 Comprar agora;4,0;160,38;579,64
PC002268;Não informado;E;Baixa;3,0;1,0;89,0;55;100;15;4,1;4,71;🟢 OK;0,0;280,87;0,0
PC009720;Não informado;E;Baixa;0,0;1,0;0,0;55;100;15;0,0;4,71;🚨 RUPTURA IMINENTE;3,0;944,13;3121,43
PC000846;Não informado;E;Baixa;10,0;18,8;16,0;55;100;15;22,84;4,71;🔴 Comprar agora;53,0;62,34;3278,3
PC003062;Não informado;E;Baixa;1,0;4,1;7,4;55;100;15;49,65;4,71;🚨 RUPTURA IMINENTE;13,0;329,31;4150,46
PC001577;Não informado;E;Baixa;11,0;10,9;30,3;55;100;15;12,04;4,71;🔴 Comprar agora;25,0;77,46;1959,28
PC009803;Não informado;E;Baixa;6,0;3,0;59,8;55;100;15;6,1;4,71;🟢 OK;0,0;123,56;0,0
PC009194;Não informado;E;Baixa;1,0;2,1;14,3;55;100;15;25,54;4,71;🚨 RUPTURA IMINENTE;6,0;557,08;3341,11
PC003401;Não informado;E;Baixa;4,0;2,0;60,0;55;100;15;6,09;4,71;🟢 OK;0,0;181,08;0,0
PC007502;Não informado;E;Baixa;8,0;6,1;39,4;55;100;15;9,27;4,71;🔴 Comprar agora;12,0;61,96;762,93
PC008639;Não informado;E;Baixa;3,0;1,3;69,8;55;100;15;5,23;4,71;🟢 OK;0,0;269,7;0,0
PC002443;Não informado;E;Baixa;2,0;2,1;28,3;55;100;15;12,9;4,71;🔴 Comprar agora;5,0;188,78;956,69
PC002930;Não informado;E;Baixa;8,0;6,6;36,2;55;100;15;10,08;4,71;🔴 Comprar agora;14,0;44,62;628,99
PC003313;Não informado;E;Baixa;5,0;4,0;37,7;55;100;15;9,68;4,71;🔴 Comprar agora;8,0;79,03;652,56
PC006892;Não informado;E;Baixa;0,0;2,0;0,0;55;100;15;0,0;4,71;🚨 RUPTURA IMINENTE;7,0;724,53;4814,24
PC000433;Não informado;E;Baixa;1,0;1,5;19,4;55;100;15;18,82;4,71;🔴 Comprar agora;4,0;309,92;1287,69
PC000425;Não informado;E;Baixa;7,0;3,1;67,9;55;100;15;5,38;4,71;🟢 OK;0,0;129,13;0,0
PC006244;Não informado;E;Baixa;6,0;9,5;19,0;55;100;15;19,18;4,71;🔴 Comprar agora;26,0;186,2;4753,88
PC008034;Não informado;E;Baixa;1,0;4,1;7,3;55;100;15;50,19;4,71;🚨 RUPTURA IMINENTE;13,0;512,84;6538,4
PC009672;Não informado;E;Baixa;3,0;1,0;93,3;55;100;15;3,91;4,71;🟢 OK;0,0;306,21;0,0
PC005562;Não informado;E;Baixa;31,0;9,1;101,8;55;100;15;3,59;4,71;🟡 Estoque excessivo;0,0;46,96;0,0
PC005609;Não informado;E;Baixa;9,0;3,6;74,6;55;100;15;4,89;4,71;🟢 OK;0,0;76,22;0,0
PC009190;Não informado;E;Baixa;3,0;1,9;46,2;55;100;15;7,89;4,71;🔴 Comprar agora;3,0;181,37;632,35
PC006202;Não informado;E;Baixa;5,0;4,0;37,1;55;100;15;9,85;4,71;🔴 Comprar agora;8,0;73,13;620,93
PC003642;Não informado;E;Baixa;4,0;3,9;31,2;55;100;15;11,71;4,71;🔴 Comprar agora;9,0;94,42;834,17
PC006350;Não informado;E;Baixa;2,0;2,0;30,4;55;100;15;11,99;4,71;🔴 Comprar agora;5,0;545,87;2493,84
PC003340;Não informado;E;Média;5,0;5,2;29,0;55;100;15;12,59;4,71;🔴 Comprar agora;12,0;94,26;1154,5
PC002481;Não informado;E;Baixa;1,0;1,0;30,6;55;100;15;11,92;4,71;🔴 Comprar agora;2,0;267,36;606,09
PC007179;Não informado;E;Baixa;3,0;2,1;43,3;55;100;15;8,43;4,71;🔴 Comprar agora;4,0;160,31;629,86
PC003242;Não informado;E;Baixa;1,0;2,9;10,2;55;100;15;35,69;4,71;🚨 RUPTURA IMINENTE;9,0;518,46;4551,12
PC005608;Não informado;E;Baixa;10,0;3,0;98,8;55;100;15;3,69;4,71;🟢 OK;0,0;128,55;0,0
PC009337;Não informado;E;Baixa;1,0;1,0;29,8;55;100;15;12,25;4,71;🔴 Comprar agora;2,0;349,75;824,43
PC007244;Não informado;E;Baixa;7,0;3,0;70,3;55;100;15;5,19;4,71;🟢 OK;0,0;111,53;0,0
PC009028;Não informado;E;Baixa;2,0;0,9;65,0;55;100;15;5,61;4,71;🟢 OK;0,0;360,36;0,0
PC009192;Não informado;E;Baixa;8,0;4,9;49,1;55;100;15;7,43;4,71;🔴 Comprar agora;8,0;100,07;829,21
PC009575;Não informado;E;Média;2,0;1,7;36,2;55;100;15;10,07;4,71;🔴 Comprar agora;4,0;339,74;1195,78
PC007777;Não informado;E;Baixa;4,0;4,0;30,0;55;100;15;12,17;4,71;🔴 Comprar agora;9,0;82,47;769,97
PC004829;Não informado;E;Baixa;2,0;1,0;58,3;55;100;15;6,26;4,71;🟢 OK;0,0;380,79;0,0
PC009650;Não informado;E;Baixa;5,0;4,6;32,9;55;100;15;11,1;4,71;🔴 Comprar agora;10,0;99,48;1014,81
PC005345;Não informado;E;Baixa;6,0;10,2;17,7;55;100;15;20,66;4,71;🔴 Comprar agora;28,0;115,64;3233,09
PC007969;Não informado;E;Baixa;38,0;17,6;64,6;55;100;15;5,65;4,71;🟢 OK;0,0;20,31;0,0
PC000207;Não informado;E;Baixa;2,0;1,8;33,5;55;100;15;10,89;4,71;🔴 Comprar agora;4,0;145,75;578,56
PC002472;Não informado;E;Baixa;12,0;6,7;54,1;55;100;15;6,74;4,71;🔴 Comprar agora;10,0;84,64;860,66
PC001194;Não informado;E;Baixa;3,0;0,9;96,6;55;100;15;3,78;4,71;🟢 OK;0,0;278,12;0,0
PC003917;Não informado;E;Baixa;0,0;2,0;0,0;55;100;15;0,0;4,71;🚨 RUPTURA IMINENTE;7,0;561,32;3768,51
PC005559;Não informado;E;Baixa;3,0;2,0;45,6;55;100;15;8,0;4,71;🔴 Comprar agora;4,0;168,17;601,92
PC009000;Não informado;E;Baixa;7,0;10,9;19,3;55;100;15;18,91;4,71;🔴 Comprar agora;29,0;71,57;2094,23
PC002845;Não informado;E;Baixa;2,0;1,0;62,0;55;100;15;5,89;4,71;🟢 OK;0,0;366,02;0,0
PC005199;Não informado;E;Baixa;1,0;1,6;18,3;55;100;15;19,96;4,71;🔴 Comprar agora;4,0;268,29;1198,51
PC008381;Não informado;E;Baixa;8,0;17,0;14,1;55;100;15;25,81;4,71;🚨 RUPTURA IMINENTE;49,0;62,55;3038,62
PC007772;Não informado;E;Baixa;7,0;4,0;53,0;55;100;15;6,89;4,71;🔴 Comprar agora;6,0;74,8;464,49
PC008053;Não informado;E;Baixa;6,0;2,7;66,7;55;100;15;5,47;4,71;🟢 OK;0,0;143,68;0,0
PC005426;Não informado;E;Baixa;18,0;11,2;48,1;55;100;15;7,59;4,71;🔴 Comprar agora;19,0;54,29;1055,69
PC004232;Não informado;E;Baixa;3,0;1,0;85,8;55;100;15;4,25;4,71;🟢 OK;0,0;366,57;0,0
PC004623;Não informado;E;Baixa;9,0;5,5;49,4;55;100;15;7,39;4,71;🔴 Comprar agora;9,0;250,72;2309,73
PC005927;Não informado;E;Baixa;9,0;11,9;22,7;55;100;15;16,1;4,71;🔴 Comprar agora;31,0;109,42;3360,3
PC001101;Não informado;E;Baixa;1,0;2,1;14,5;55;100;15;25,16;4,71;🚨 RUPTURA IMINENTE;6,0;482,4;2842,65
PC003704;Não informado;E;Baixa;2,0;1,8;34,0;55;100;15;10,74;4,71;🔴 Comprar agora;4,0;177,67;690,29
PC001186;Não informado;E;Baixa;1,0;3,1;9,7;55;100;15;37,62;4,71;🚨 RUPTURA IMINENTE;9,0;466,66;4343,63
PC003933;Não informado;E;Baixa;8,0;16,1;14,9;55;100;15;24,53;4,71;🚨 RUPTURA IMINENTE;46,0;78,96;3613,72
PC004598;Não informado;E;Baixa;1,0;3,1;9,5;55;100;15;38,32;4,71;🚨 RUPTURA IMINENTE;9,0;170,97;1624,17
PC009395;Não informado;E;Baixa;1,0;1,1;28,2;55;100;15;12,93;4,71;🔴 Comprar agora;3,0;343,09;872,18
PC005575;Não informado;E;Baixa;4,0;1,9;63,3;55;100;15;5,76;4,71;🟢 OK;0,0;541,54;0,0
PC004991;Não informado;E;Baixa;2,0;4,0;14,9;55;100;15;24,51;4,71;🚨 RUPTURA IMINENTE;11,0;332,92;3804,77
PC009347;Não informado;E;Baixa;3,0;1,3;70,2;55;100;15;5,2;4,71;🟢 OK;0,0;266,82;0,0
PC003183;Não informado;E;Baixa;1,0;0,9;31,7;55;100;15;11,51;4,71;🔴 Comprar agora;2,0;362,84;781,51
PC004392;Não informado;E;Baixa;12,0;6,1;59,5;55;100;15;6,14;4,71;🟢 OK;0,0;49,31;0,0
PC001630;Não informado;E;Baixa;1,0;6,7;4,5;55;100;15;81,41;4,71;🚨 RUPTURA IMINENTE;21,0;232,43;4951,65
PC008777;Não informado;E;Baixa;13,0;4,1;95,2;55;100;15;3,83;4,71;🟢 OK;0,0;77,54;0,0
PC009270;Não informado;E;Baixa;2,0;3,0;19,8;55;100;15;18,4;4,71;🔴 Comprar agora;8,0;308,68;2495,52
PC007923;Não informado;E;Baixa;2,0;1,0;59,5;55;100;15;6,13;4,71;🟢 OK;0,0;262,42;0,0
PC001856;Não informado;E;Baixa;1,0;2,2;13,5;55;100;15;26,98;4,71;🚨 RUPTURA IMINENTE;6,0;912,13;5830,02
PC009811;Não informado;E;Baixa;2,0;4,1;14,8;55;100;15;24,69;4,71;🚨 RUPTURA IMINENTE;12,0;473,16;5453,75
PC004169;Não informado;E;Baixa;4,0;2,1;57,0;55;100;15;6,41;4,71;🟢 OK;0,0;146,76;0,0
PC003298;Não informado;E;Baixa;2,0;1,0;57,7;55;100;15;6,32;4,71;🟢 OK;0,0;354,67;0,0
PC006969;Não informado;E;Baixa;4,0;2,7;44,6;55;100;15;8,18;4,71;🔴 Comprar agora;5,0;117,51;583,04
PC003272;Não informado;E;Baixa;4,0;2,6;46,7;55;100;15;7,82;4,71;🔴 Comprar agora;5,0;134,55;615,27
PC001638;Não informado;E;Baixa;8,0;6,3;38,3;55;100;15;9,52;4,71;🔴 Comprar agora;13,0;63,12;812,37
PC008029;Não informado;E;Baixa;3,0;4,5;19,8;55;100;15;18,43;4,71;🔴 Comprar agora;12,0;71,99;874,27
PC003523;Não informado;E;Baixa;8,0;3,0;78,9;55;100;15;4,62;4,71;🟢 OK;0,0;85,37;0,0
PC001122;Não informado;E;Baixa;0,0;2,1;0,0;55;100;15;0,0;4,71;🚨 RUPTURA IMINENTE;7,0;776,1;5434,4
PC009706;Não informado;E;Média;1,0;1,7;18,1;55;100;15;20,19;4,71;🔴 Comprar agora;5,0;291,67;1321,48
PC006576;Não informado;E;Baixa;2,0;5,1;11,9;55;100;15;30,78;4,71;🚨 RUPTURA IMINENTE;15,0;250,69;3726,71
PC004399;Não informado;E;Baixa;1,0;2,0;15,2;55;100;15;24,08;4,71;🔴 Comprar agora;6,0;377,38;2112,65
PC002499;Não informado;E;Baixa;6,0;5,0;36,0;55;100;15;10,15;4,71;🔴 Comprar agora;11,0;320,31;3421,25
PC007602;Não informado;E;Baixa;15,0;8,5;53,3;55;100;15;6,85;4,71;🔴 Comprar agora;13,0;44,51;586,15
PC002767;Não informado;E;Baixa;11,0;5,2;63,9;55;100;15;5,71;4,71;🟢 OK;0,0;51,44;0,0
PC008310;Não informado;E;Baixa;5,0;4,1;36,5;55;100;15;10,0;4,71;🔴 Comprar agora;9,0;209,92;1827,18
PC002955;Não informado;E;Baixa;1,0;4,1;7,3;55;100;15;50,04;4,71;🚨 RUPTURA IMINENTE;13,0;484,69;6160,51
PC009775;Não informado;E;Baixa;0,0;1,0;0,0;55;100;15;0,0;4,71;🚨 RUPTURA IMINENTE;3,0;1309,54;4422,07
PC004611;Não informado;E;Baixa;5,0;2,0;74,2;55;100;15;4,92;4,71;🟢 OK;0,0;160,39;0,0
PC006647;Não informado;E;Baixa;6,0;2,8;64,7;55;100;15;5,64;4,71;🟢 OK;0,0;106,66;0,0
PC003194;Não informado;E;Baixa;9,0;3,5;76,3;55;100;15;4,78;4,71;🟢 OK;0,0;80,99;0,0
PC003962;Não informado;E;Baixa;4,0;4,8;24,9;55;100;15;14,66;4,71;🔴 Comprar agora;12,0;104,7;1263,62
PC001875;Não informado;E;Baixa;4,0;3,0;39,5;55;100;15;9,25;4,71;🔴 Comprar agora;6,0;381,58;2340,08
PC004025;Não informado;E;Baixa;2,0;1,6;38,2;55;100;15;9,57;4,71;🔴 Comprar agora;3,0;350,53;1136,24
PC007218;Não informado;E;Baixa;16,0;4,9;98,3;55;100;15;3,71;4,71;🟢 OK;0,0;50,76;0,0
PC007784;Não informado;E;Baixa;12,0;21,7;16,6;55;100;15;21,99;4,71;🔴 Comprar agora;60,0;25,12;1514,44
PC007288;Não informado;E;Baixa;2,0;1,0;59,8;55;100;15;6,1;4,71;🟢 OK;0,0;272,31;0,0
PC004189;Não informado;E;Média;6,0;3,2;56,0;55;100;15;6,52;4,71;🟢 OK;0,0;173,4;0,0
PC000219;Não informado;E;Baixa;8,0;3,1;77,7;55;100;15;4,7;4,71;🟢 OK;0,0;101,12;0,0
PC002551;Não informado;E;Baixa;2,0;1,0;58,0;55;100;15;6,29;4,71;🟢 OK;0,0;1224,63;0,0
PC002226;Não informado;E;Baixa;22,0;7,1;93,1;55;100;15;3,92;4,71;🟢 OK;0,0;30,61;0,0
PC001379;Não informado;E;Baixa;1,0;1,0;30,5;55;100;15;11,96;4,71;🔴 Comprar agora;2,0;1089,7;2482,33
PC002315;Não informado;E;Baixa;10,0;3,8;78,3;55;100;15;4,66;4,71;🟢 OK;0,0;72,19;0,0
PC004981;Não informado;E;Baixa;0,0;2,0;0,0;55;100;15;0,0;4,71;🚨 RUPTURA IMINENTE;7,0;751,62;4973,07
PC000457;Não informado;E;Baixa;3,0;1,6;56,9;55;100;15;6,42;4,71;🟢 OK;0,0;327,81;0,0
PC000608;Não informado;E;Baixa;2,0;4,2;14,2;55;100;15;25,68;4,71;🚨 RUPTURA IMINENTE;12,0;477,16;5759,8
PC003527;Não informado;E;Baixa;1,0;3,1;9,7;55;100;15;37,53;4,71;🚨 RUPTURA IMINENTE;9,0;282,26;2619,61
PC007122;Não informado;E;Baixa;1,0;2,0;14,9;55;100;15;24,45;4,71;🚨 RUPTURA IMINENTE;6,0;426,78;2431,56
PC002550;Não informado;E;Baixa;12,0;22,7;15,8;55;100;15;23,03;4,71;🔴 Comprar agora;64,0;57,74;3679,12
PC001592;Não informado;E;Baixa;1,0;4,0;7,6;55;100;15;48,11;4,71;🚨 RUPTURA IMINENTE;12,0;297,76;3626,89
PC009068;Não informado;E;Baixa;1,0;4,0;7,6;55;100;15;48,08;4,71;🚨 RUPTURA IMINENTE;12,0;373,61;4547,4
PC005351;Não informado;E;Baixa;0,0;1,0;0,0;55;100;15;0,0;4,71;🚨 RUPTURA IMINENTE;3,0;892,41;3096,54
PC006332;Não informado;E;Baixa;3,0;1,0;91,0;55;100;15;4,01;4,71;🟢 OK;0,0;241,38;0,0
PC001356;Não informado;E;Baixa;8,0;5,0;48,2;55;100;15;7,57;4,71;🔴 Comprar agora;9,0;79,38;681,36
PC005870;Não informado;E;Baixa;4,0;1,8;65,8;55;100;15;5,54;4,71;🟢 OK;0,0;171,02;0,0
PC008291;Não informado;E;Baixa;1,0;1,0;29,6;55;100;15;12,33;4,71;🔴 Comprar agora;2,0;332,34;790,22
PC005942;Não informado;E;Baixa;1,0;1,6;19,2;55;100;15;18,99;4,71;🔴 Comprar agora;4,0;262,32;1102,37
PC005629;Não informado;E;Baixa;7,0;10,9;19,3;55;100;15;18,88;4,71;🔴 Comprar agora;29,0;100,42;2933,1
PC008332;Não informado;E;Baixa;8,0;5,0;47,8;55;100;15;7,63;4,71;🔴 Comprar agora;9,0;214,55;1872,89
PC001377;Não informado;E;Baixa;12,0;6,3;57,2;55;100;15;6,39;4,71;🟢 OK;0,0;59,81;0,0
PC000050;Não informado;E;Baixa;6,0;3,1;58,9;55;100;15;6,2;4,71;🟢 OK;0,0;108,51;0,0
PC000930;Não informado;E;Baixa;1,0;1,0;30,9;55;100;15;11,83;4,71;🔴 Comprar agora;2,0;282,15;632,31
PC009816;Não informado;E;Baixa;0,0;1,0;0,0;55;100;15;0,0;4,71;🚨 RUPTURA IMINENTE;3,0;997,37;3168,54
PC006034;Não informado;E;Baixa;3,0;7,8;11,5;55;100;15;31,82;4,71;🚨 RUPTURA IMINENTE;23,0;135,86;3145,56
PC005493;Não informado;E;Baixa;1,0;1,1;27,7;55;100;15;13,17;4,71;🔴 Comprar agora;3,0;997,04;2599,64
PC003103;Não informado;E;Baixa;6,0;6,2;28,9;55;100;15;12,63;4,71;🔴 Comprar agora;15,0;204,78;3022,87
PC000083;Não informado;E;Baixa;1,0;1,0;29,4;55;100;15;12,42;4,71;🔴 Comprar agora;2,0;805,35;1934,61
PC004315;Não informado;E;Baixa;3,0;2,1;43,3;55;100;15;8,44;4,71;🔴 Comprar agora;4,0;126,25;496,83
PC009213;Não informado;E;Média;1,0;1,7;18,2;55;100;15;20,1;4,71;🔴 Comprar agora;5,0;254,48;1146,6
PC004230;Não informado;E;Baixa;3,0;1,6;55,3;55;100;15;6,6;4,71;🟢 OK;0,0;259,76;0,0
PC002344;Não informado;E;Baixa;6,0;24,5;7,3;55;100;15;49,76;4,71;🚨 RUPTURA IMINENTE;76,0;75,52;5723,97
PC002691;Não informado;E;Baixa;4,0;3,1;38,5;55;100;15;9,49;4,71;🔴 Comprar agora;6,0;89,42;572,31
PC008822;Não informado;E;Baixa;1,0;1,6;18,7;55;100;15;19,47;4,71;🔴 Comprar agora;4,0;251,21;1088,86
PC002849;Não informado;E;Média;3,0;6,4;14,1;55;100;15;25,98;4,71;🚨 RUPTURA IMINENTE;18,0;63,4;1163,38
PC009004;Não informado;E;Baixa;0,0;2,0;0,0;55;100;15;0,0;4,71;🚨 RUPTURA IMINENTE;7,0;1042,24;6888,0
PC003804;Não informado;E;Baixa;16,0;18,1;26,5;55;100;15;13,79;4,71;🔴 Comprar agora;44,0;63,36;2815,13
PC002355;Não informado;E;Baixa;5,0;2,0;73,9;55;100;15;4,94;4,71;🟢 OK;0,0;147,53;0,0
PC009779;Não informado;E;Baixa;8,0;11,8;20,3;55;100;15;17,95;4,71;🔴 Comprar agora;31,0;79,11;2478,65
PC001457;Não informado;E;Baixa;6,0;3,1;57,3;55;100;15;6,37;4,71;🟢 OK;0,0;93,51;0,0
PC005266;Não informado;E;Baixa;4,0;3,1;39,1;55;100;15;9,35;4,71;🔴 Comprar agora;6,0;250,82;1565,53
PC007079;Não informado;E;Baixa;1,0;1,0;30,1;55;100;15;12,14;4,71;🔴 Comprar agora;2,0;973,06;2262,79
PC008552;Não informado;E;Baixa;6,0;10,9;16,5;55;100;15;22,06;4,71;🔴 Comprar agora;30,0;84,33;2551,48
PC007947;Não informado;E;Baixa;4,0;3,1;38,3;55;100;15;9,54;4,71;🔴 Comprar agora;6,0;99,32;641,22
PC002215;Não informado;E;Baixa;1,0;3,0;10,0;55;100;15;36,42;4,71;🚨 RUPTURA IMINENTE;9,0;536,77;4818,9
PC009667;Não informado;E;Média;1,0;1,6;18,5;55;100;15;19,72;4,71;🔴 Comprar agora;4,0;304,19;1339,03
PC001359;Não informado;E;Baixa;1,0;1,0;30,1;55;100;15;12,13;4,71;🔴 Comprar agora;2,0;1007,13;2339,82
PC007850;Não informado;E;Baixa;2,0;0,9;66,8;55;100;15;5,46;4,71;🟢 OK;0,0;340,68;0,0
PC003535;Não informado;E;Baixa;4,0;3,8;31,3;55;100;15;11,67;4,71;🔴 Comprar agora;9,0;424,65;3730,54
PC007699;Não informado;E;Baixa;2,0;1,0;61,7;55;100;15;5,91;4,71;🟢 OK;0,0;330,89;0,0
PC009666;Não informado;E;Baixa;1,0;1,0;30,0;55;100;15;12,16;4,71;🔴 Comprar agora;2,0;1030,96;2404,98
PC009603;Não informado;E;Baixa;4,0;7,2;16,7;55;100;15;21,8;4,71;🔴 Comprar agora;20,0;186,43;3708,91
PC007273;Não informado;E;Baixa;6,0;6,6;27,4;55;100;15;13,31;4,71;🔴 Comprar agora;16,0;50,33;798,87
PC002353;Não informado;E;Baixa;3,0;1,4;66,4;55;100;15;5,5;4,71;🟢 OK;0,0;284,54;0,0
PC002920;Não informado;E;Baixa;14,0;15,4;27,4;55;100;15;13,34;4,71;🔴 Comprar agora;37,0;16,28;605,26
PC005729;Não informado;E;Baixa;12,0;14,2;25,4;55;100;15;14,39;4,71;🔴 Comprar agora;35,0;30,15;1064,27
PC008778;Não informado;E;Baixa;5,0;7,2;20,9;55;100;15;17,49;4,71;🔴 Comprar agora;19,0;111,25;2109,88
PC004530;Não informado;E;Baixa;16,0;12,6;38,1;55;100;15;9,58;4,71;🔴 Comprar agora;26,0;39,78;1033,31
PC007811;Não informado;E;Baixa;11,0;7,8;42,1;55;100;15;8,66;4,71;🔴 Comprar agora;15,0;58,02;876,16
PC006906;Não informado;E;Baixa;5,0;3,1;48,4;55;100;15;7,55;4,71;🔴 Comprar agora;5,0;81,22;433,62
PC001649;Não informado;E;Baixa;8,0;3,1;77,0;55;100;15;4,74;4,71;🟢 OK;0,0;82,82;0,0
PC002547;Não informado;E;Baixa;2,0;1,0;60,3;55;100;15;6,05;4,71;🟢 OK;0,0;270,66;0,0
PC001725;Não informado;E;Baixa;4,0;1,9;61,9;55;100;15;5,9;4,71;🟢 OK;0,0;338,47;0,0
PC004669;Não informado;E;Média;2,0;1,6;36,8;55;100;15;9,91;4,71;🔴 Comprar agora;3,0;228,32;783,05
PC009180;Não informado;E;Baixa;14,0;3,8;109,2;55;100;15;3,34;4,71;🟡 Estoque excessivo;0,0;57,87;0,0
PC005671;Não informado;E;Baixa;2,0;1,0;61,0;55;100;15;5,98;4,71;🟢 OK;0,0;311,39;0,0
PC003747;Não informado;E;Baixa;0,0;2,1;0,0;55;100;15;0,0;4,71;🚨 RUPTURA IMINENTE;7,0;483,32;3315,02
PC002909;Não informado;E;Baixa;3,0;1,0;87,6;55;100;15;4,16;4,71;🟢 OK;0,0;326,15;0,0
PC005746;Não informado;E;Baixa;6,0;2,9;61,6;55;100;15;5,93;4,71;🟢 OK;0,0;99,85;0,0
PC005326;Não informado;E;Baixa;1,0;1,9;15,5;55;100;15;23,51;4,71;🔴 Comprar agora;5,0;415,21;2259,61
PC009586;Não informado;E;Baixa;4,0;9,7;12,3;55;100;15;29,62;4,71;🚨 RUPTURA IMINENTE;28,0;87,11;2479,1
PC006310;Não informado;E;Baixa;3,0;3,9;23,2;55;100;15;15,71;4,71;🔴 Comprar agora;10,0;75,81;751,45
PC006568;Não informado;E;Baixa;39,0;75,5;15,5;55;100;15;23,57;4,71;🔴 Comprar agora;213,0;25,37;5399,32
PC001877;Não informado;E;Baixa;1,0;0,8;35,6;55;100;15;10,24;4,71;🔴 Comprar agora;2,0;306,71;554,1
PC004416;Não informado;E;Baixa;1,0;2,8;10,6;55;100;15;34,59;4,71;🚨 RUPTURA IMINENTE;8,0;623,31;5283,15
PC004803;Não informado;E;Baixa;4,0;4,0;29,8;55;100;15;12,24;4,71;🔴 Comprar agora;9,0;209,63;1972,25
PC002127;Não informado;E;Baixa;2,0;1,6;36,4;55;100;15;10,03;4,71;🔴 Comprar agora;3,0;325,8;1138,72
PC001899;Não informado;E;Baixa;1,0;1,0;30,2;55;100;15;12,1;4,71;🔴 Comprar agora;2,0;1160,82;2686,93
PC002013;Não informado;E;Baixa;10,0;7,2;41,6;55;100;15;8,78;4,71;🔴 Comprar agora;14,0;152,0;2134,93
PC004636;Não informado;E;Baixa;3,0;4,9;18,4;55;100;15;19,81;4,71;🔴 Comprar agora;13,0;83,5;1108,8
PC002793;Não informado;E;Baixa;12,0;9,3;38,9;55;100;15;9,38;4,71;🔴 Comprar agora;19,0;42,05;792,03
PC005718;Não informado;E;Baixa;2,0;1,0;58,7;55;100;15;6,22;4,71;🟢 OK;0,0;265,43;0,0
PC007465;Não informado;E;Média;7,0;6,3;33,1;55;100;15;11,03;4,71;🔴 Comprar agora;14,0;66,62;942,49
PC001416;Não informado;E;Baixa;1,0;1,2;25,4;55;100;15;14,35;4,71;🔴 Comprar agora;3,0;986,93;2894,51
PC004571;Não informado;E;Baixa;3,0;1,3;67,5;55;100;15;5,4;4,71;🟢 OK;0,0;252,05;0,0
PC007692;Não informado;E;Baixa;2,0;3,2;18,9;55;100;15;19,34;4,71;🔴 Comprar agora;9,0;289,51;2488,92
PC002482;Não informado;E;Baixa;3,0;5,0;18,0;55;100;15;20,23;4,71;🔴 Comprar agora;14,0;93,37;1272,19
PC005622;Não informado;E;Baixa;1,0;6,8;4,4;55;100;15;82,22;4,71;🚨 RUPTURA IMINENTE;22,0;91,63;1972,34
PC008492;Não informado;E;Baixa;0,0;1,1;0,0;55;100;15;0,0;4,71;🚨 RUPTURA IMINENTE;4,0;504,22;1778,75
PC008296;Não informado;E;Baixa;6,0;3,8;47,9;55;100;15;7,61;4,71;🔴 Comprar agora;7,0;85,16;554,9
PC004658;Não informado;E;Baixa;7,0;7,0;30,0;55;100;15;12,17;4,71;🔴 Comprar agora;16,0;35,02;571,94
PC008353;Não informado;E;Média;9,0;8,5;31,7;55;100;15;11,53;4,71;🔴 Comprar agora;19,0;53,71;1043,74
PC009483;Não informado;E;Baixa;1,0;0,9;35,0;55;100;15;10,43;4,71;🔴 Comprar agora;2,0;241,07;447,55
PC006492;Não informado;E;Baixa;1,0;1,3;22,4;55;100;15;16,3;4,71;🔴 Comprar agora;3,0;233,9;810,91
PC001260;Não informado;E;Baixa;1,0;1,1;27,1;55;100;15;13,47;4,71;🔴 Comprar agora;3,0;260,98;702,23
PC002806;Não informado;E;Baixa;1,0;1,4;22,0;55;100;15;16,56;4,71;🔴 Comprar agora;4,0;235,41;832,45
PC001078;Não informado;E;Baixa;2,0;1,6;38,4;55;100;15;9,51;4,71;🔴 Comprar agora;3,0;296,38;951,6
PC005598;Não informado;E;Baixa;3,0;1,0;89,0;55;100;15;4,1;4,71;🟢 OK;0,0;219,48;0,0
PC005306;Não informado;E;Baixa;3,0;3,8;23,7;55;100;15;15,39;4,71;🔴 Comprar agora;10,0;67,25;648,67
PC003556;Não informado;E;Baixa;2,0;15,7;3,8;55;100;15;95,8;4,71;🚨 RUPTURA IMINENTE;50,0;92,84;4687,62
PC001362;Não informado;E;Baixa;2,0;2,0;29,6;55;100;15;12,32;4,71;🔴 Comprar agora;5,0;609,63;2894,74
PC009960;Não informado;E;Baixa;22,0;9,1;72,6;55;100;15;5,03;4,71;🟢 OK;0,0;32,44;0,0
PC003130;Não informado;E;Baixa;4,0;3,0;39,8;55;100;15;9,18;4,71;🔴 Comprar agora;6,0;100,13;606,89
PC005926;Não informado;E;Baixa;3,0;2,0;44,3;55;100;15;8,24;4,71;🔴 Comprar agora;4,0;463,11;1746,28
PC004055;Não informado;E;Baixa;1,0;1,0;31,1;55;100;15;11,72;4,71;🔴 Comprar agora;2,0;979,0;2164,04
PC009493;Não informado;E;Baixa;3,0;1,0;94,1;55;100;15;3,88;4,71;🟢 OK;0,0;292,39;0,0
PC007785;Não informado;E;Baixa;8,0;11,2;21,5;55;100;15;17,0;4,71;🔴 Comprar agora;29,0;62,96;1842,83
PC007081;Não informado;E;Baixa;4,0;4,1;29,2;55;100;15;12,48;4,71;🔴 Comprar agora;10,0;70,44;681,57
PC006632;Não informado;E;Baixa;7,0;3,0;69,5;55;100;15;5,25;4,71;🟢 OK;0,0;89,31;0,0
PC003955;Não informado;E;Baixa;8,0;3,1;78,5;55;100;15;4,65;4,71;🟢 OK;0,0;84,2;0,0
PC009475;Não informado;E;Baixa;10,0;18,0;16,7;55;100;15;21,85;4,71;🔴 Comprar agora;50,0;79,86;3982,61
PC008754;Não informado;E;Baixa;2,0;4,8;12,4;55;100;15;29,43;4,71;🚨 RUPTURA IMINENTE;14,0;89,49;1264,03
PC005683;Não informado;E;Baixa;3,0;2,8;31,7;55;100;15;11,52;4,71;🔴 Comprar agora;6,0;302,16;1954,62
PC005041;Não informado;E;Baixa;1,0;1,0;29,6;55;100;15;12,34;4,71;🔴 Comprar agora;2,0;293,23;698,19
PC009457;Não informado;E;Baixa;3,0;1,9;47,9;55;100;15;7,62;4,71;🔴 Comprar agora;3,0;130,38;425,02
PC002545;Não informado;E;Baixa;2,0;1,6;38,5;55;100;15;9,48;4,71;🔴 Comprar agora;3,0;265,36;847,63
PC008691;Não informado;E;Baixa;4,0;1,3;91,4;55;100;15;4,0;4,71;🟢 OK;0,0;257,7;0,0
PC009187;Não informado;E;Baixa;5,0;6,4;23,3;55;100;15;15,68;4,71;🔴 Comprar agora;16,0;178,58;2943,6
PC002984;Não informado;E;Baixa;25,0;13,3;56,5;55;100;15;6,46;4,71;🟢 OK;0,0;26,09;0,0
PC007401;Não informado;E;Baixa;5,0;7,0;21,4;55;100;15;17,06;4,71;🔴 Comprar agora;18,0;37,95;697,37
PC009452;Não informado;E;Baixa;1,0;1,9;15,5;55;100;15;23,48;4,71;🔴 Comprar agora;5,0;316,73;1721,06
PC003378;Não informado;E;Baixa;10,0;12,2;24,6;55;100;15;14,84;4,71;🔴 Comprar agora;31,0;63,2;1936,7
PC006546;Não informado;E;Baixa;1,0;4,3;7,0;55;100;15;52,03;4,71;🚨 RUPTURA IMINENTE;13,0;245,85;3258,73
PC008924;Não informado;E;Baixa;2,0;1,6;38,6;55;100;15;9,46;4,71;🔴 Comprar agora;3,0;291,49;928,65
PC007389;Não informado;E;Baixa;3,0;5,2;17,3;55;100;15;21,1;4,71;🔴 Comprar agora;14,0;231,03;3313,5
PC000195;Não informado;E;Baixa;2,0;2,1;28,0;55;100;15;13,05;4,71;🔴 Comprar agora;5,0;128,98;664,56
PC009023;Não informado;E;Baixa;1,0;1,0;29,7;55;100;15;12,28;4,71;🔴 Comprar agora;2,0;238,33;563,48
PC004428;Não informado;E;Média;2,0;3,1;19,2;55;100;15;19,06;4,71;🔴 Comprar agora;8,0;138,82;1172,04
PC009246;Não informado;E;Baixa;3,0;3,9;23,0;55;100;15;15,89;4,71;🔴 Comprar agora;10,0;233,48;2349,14
PC007499;Não informado;E;Baixa;1,0;1,0;29,6;55;100;15;12,34;4,71;🔴 Comprar agora;2,0;199,05;473,79
PC008784;Não informado;E;Baixa;1,0;2,0;15,3;55;100;15;23,83;4,71;🔴 Comprar agora;6,0;650,48;3595,81
PC007994;Não informado;E;Baixa;12,0;4,4;81,6;55;100;15;4,47;4,71;🟢 OK;0,0;44,49;0,0
PC006689;Não informado;E;Média;8,0;6,7;35,7;55;100;15;10,24;4,71;🔴 Comprar agora;14,0;53,35;770,3
PC003576;Não informado;E;Baixa;4,0;6,0;20,1;55;100;15;18,15;4,71;🔴 Comprar agora;16,0;121,84;1936,18
PC008573;Não informado;E;Baixa;1,0;1,0;31,4;55;100;15;11,64;4,71;🔴 Comprar agora;2,0;272,57;596,85
PC003049;Não informado;E;Baixa;23,0;7,2;95,8;55;100;15;3,81;4,71;🟢 OK;0,0;36,45;0,0
PC008818;Não informado;E;Baixa;2,0;4,5;13,5;55;100;15;27,11;4,71;🚨 RUPTURA IMINENTE;13,0;99,68;1281,12
PC005952;Não informado;E;Baixa;4,0;1,3;90,9;55;100;15;4,02;4,71;🟢 OK;0,0;234,1;0,0
PC002618;Não informado;E;Baixa;16,0;24,1;19,9;55;100;15;18,34;4,71;🔴 Comprar agora;64,0;46,64;3004,19
PC008040;Não informado;E;Baixa;6,0;8,3;21,6;55;100;15;16,88;4,71;🔴 Comprar agora;22,0;28,36;616,87
PC009577;Não informado;E;Baixa;2,0;4,7;12,8;55;100;15;28,6;4,71;🚨 RUPTURA IMINENTE;14,0;47,54;649,93
PC008050;Não informado;E;Baixa;3,0;16,8;5,4;55;100;15;68,2;4,71;🚨 RUPTURA IMINENTE;53,0;45,2;2398,05
PC004257;Não informado;E;Média;18,0;11,3;47,6;55;100;15;7,66;4,71;🔴 Comprar agora;20,0;36,7;726,01
PC004444;Não informado;E;Baixa;3,0;2,1;43,0;55;100;15;8,48;4,71;🔴 Comprar agora;4,0;126,28;501,17
PC007370;Não informado;E;Baixa;1,0;1,0;30,4;55;100;15;12,0;4,71;🔴 Comprar agora;2,0;1183,43;2706,9
PC004452;Não informado;E;Baixa;0,0;1,0;0,0;55;100;15;0,0;4,71;🚨 RUPTURA IMINENTE;3,0;831,19;2797,93
PC005023;Não informado;E;Baixa;3,0;1,0;92,5;55;100;15;3,95;4,71;🟢 OK;0,0;206,32;0,0
PC007549;Não informado;E;Baixa;10,0;6,8;43,9;55;100;15;8,32;4,71;🔴 Comprar agora;13,0;189,99;2430,0
PC001536;Não informado;E;Baixa;0,0;1,0;0,0;55;100;15;0,0;4,71;🚨 RUPTURA IMINENTE;3,0;555,0;1859,22
PC004777;Não informado;E;Baixa;2,0;10,3;5,8;55;100;15;62,45;4,71;🚨 RUPTURA IMINENTE;32,0;110,69;3566,09
PC009842;Não informado;E;Baixa;11,0;29,6;11,2;55;100;15;32,7;4,71;🚨 RUPTURA IMINENTE;88,0;28,47;2492,29
PC006817;Não informado;E;Baixa;2,0;2,5;23,9;55;100;15;15,28;4,71;🔴 Comprar agora;6,0;117,98;752,12
PC006572;Não informado;E;Baixa;8,0;7,9;30,5;55;100;15;11,97;4,71;🔴 Comprar agora;18,0;101,92;1858,14
PC008826;Não informado;E;Baixa;7,0;29,0;7,2;55;100;15;50,38;4,71;🚨 RUPTURA IMINENTE;90,0;36,0;3226,54
PC005909;Não informado;E;Baixa;2,0;2,8;21,2;55;100;15;17,25;4,71;🔴 Comprar agora;7,0;82,84;617,43
PC004242;Não informado;E;Baixa;2,0;6,3;9,5;55;100;15;38,27;4,71;🚨 RUPTURA IMINENTE;19,0;149,62;2838,12
PC004790;Não informado;E;Baixa;4,0;5,0;23,8;55;100;15;15,32;4,71;🔴 Comprar agora;13,0;190,2;2432,57
PC007555;Não informado;E;Baixa;2,0;2,0;30,2;55;100;15;12,09;4,71;🔴 Comprar agora;5,0;104,56;483,66
PC004282;Não informado;E;Baixa;14,0;9,4;44,9;55;100;15;8,13;4,71;🔴 Comprar agora;17,0;44,77;769,14
PC000548;Não informado;E;Baixa;4,0;1,0;115,5;55;100;15;3,16;4,71;🟡 Estoque excessivo;0,0;264,72;0,0
PC004458;Não informado;E;Baixa;3,0;3,1;28,6;55;100;15;12,74;4,71;🔴 Comprar agora;7,0;137,55;1028,04
PC002115;Não informado;E;Baixa;3,0;1,6;57,8;55;100;15;6,31;4,71;🟢 OK;0,0;259,26;0,0
PC002429;Não informado;E;Baixa;1,0;4,2;7,1;55;100;15;51,61;4,71;🚨 RUPTURA IMINENTE;13,0;322,87;4242,81
PC002077;Não informado;E;Baixa;6,0;5,1;35,4;55;100;15;10,32;4,71;🔴 Comprar agora;11,0;42,27;463,74
PC008890;Não informado;E;Baixa;16,0;9,9;48,5;55;100;15;7,52;4,71;🔴 Comprar agora;17,0;29,45;499,59
PC001970;Não informado;E;Baixa;10,0;4,5;67,3;55;100;15;5,42;4,71;🟢 OK;0,0;56,7;0,0
PC002877;Não informado;E;Baixa;3,0;2,0;44,6;55;100;15;8,18;4,71;🔴 Comprar agora;4,0;107,91;401,67
PC009002;Não informado;E;Baixa;3,0;1,1;85,5;55;100;15;4,27;4,71;🟢 OK;0,0;237,51;0,0
PC000993;Não informado;E;Baixa;12,0;5,1;70,4;55;100;15;5,18;4,71;🟢 OK;0,0;43,95;0,0
PC002367;Não informado;E;Baixa;0,0;2,0;0,0;55;100;15;0,0;4,71;🚨 RUPTURA IMINENTE;7,0;569,15;3852,86
PC002785;Não informado;E;Baixa;13,0;7,6;51,5;55;100;15;7,09;4,71;🔴 Comprar agora;12,0;27,54;337,26
PC001552;Não informado;E;Baixa;1,0;2,0;15,1;55;100;15;24,24;4,71;🔴 Comprar agora;6,0;592,71;3342,76
PC002538;Não informado;E;Baixa;2,0;3,0;19,8;55;100;15;18,46;4,71;🔴 Comprar agora;8,0;257,48;2089,67
PC005558;Não informado;E;Baixa;4,0;2,0;60,2;55;100;15;6,06;4,71;🟢 OK;0,0;118,93;0,0
PC006795;Não informado;E;Baixa;1,0;1,7;17,8;55;100;15;20,49;4,71;🔴 Comprar agora;5,0;250,7;1156,83
PC000588;Não informado;E;Baixa;3,0;1,6;56,0;55;100;15;6,52;4,71;🟢 OK;0,0;230,18;0,0
PC006585;Não informado;E;Baixa;3,0;1,0;91,3;55;100;15;4,0;4,71;🟢 OK;0,0;224,28;0,0
PC007891;Não informado;E;Baixa;2,0;3,8;15,9;55;100;15;23,0;4,71;🔴 Comprar agora;11,0;257,64;2732,27
PC004188;Não informado;E;Baixa;5,0;23,0;6,5;55;100;15;56,06;4,71;🚨 RUPTURA IMINENTE;72,0;84,14;6040,6
PC002298;Não informado;E;Baixa;9,0;10,5;25,8;55;100;15;14,14;4,71;🔴 Comprar agora;26,0;89,6;2317,82
PC007736;Não informado;E;Baixa;1,0;2,0;14,7;55;100;15;24,85;4,71;🚨 RUPTURA IMINENTE;6,0;120,51;699,83
PC002150;Não informado;E;Baixa;3,0;1,6;56,4;55;100;15;6,47;4,71;🟢 OK;0,0;225,84;0,0
PC000862;Não informado;E;Baixa;6,0;8,2;22,0;55;100;15;16,56;4,71;🔴 Comprar agora;21,0;84,83;1800,75
PC006344;Não informado;E;Baixa;1,0;1,0;30,2;55;100;15;12,09;4,71;🔴 Comprar agora;2,0;1571,91;3634,56
PC008016;Não informado;E;Baixa;0,0;1,0;0,0;55;100;15;0,0;4,71;🚨 RUPTURA IMINENTE;3,0;888,09;2997,41
PC006805;Não informado;E;Baixa;1,0;3,1;9,8;55;100;15;37,18;4,71;🚨 RUPTURA IMINENTE;9,0;267,66;2459,02
PC003559;Não informado;E;Baixa;0,0;1,0;0,0;55;100;15;0,0;4,71;🚨 RUPTURA IMINENTE;3,0;486,76;1659,64
PC002913;Não informado;E;Baixa;30,0;10,2;87,9;55;100;15;4,15;4,71;🟢 OK;0,0;22,02;0,0
PC004273;Não informado;E;Baixa;1,0;0,9;35,2;55;100;15;10,38;4,71;🔴 Comprar agora;2,0;215,21;396,81
PC002394;Não informado;E;Baixa;0,0;1,0;0,0;55;100;15;0,0;4,71;🚨 RUPTURA IMINENTE;3,0;669,21;2229,25
PC000105;Não informado;E;Baixa;3,0;2,0;44,2;55;100;15;8,26;4,71;🔴 Comprar agora;4,0;96,99;367,51
PC006010;Não informado;E;Baixa;39,0;49,9;23,4;55;100;15;15,58;4,71;🔴 Comprar agora;127,0;17,51;2231,43
PC003637;Não informado;E;Baixa;3,0;10,6;8,5;55;100;15;43,02;4,71;🚨 RUPTURA IMINENTE;32,0;75,05;2428,8
PC001413;Não informado;E;Baixa;1,0;2,0;15,2;55;100;15;24,04;4,71;🔴 Comprar agora;6,0;530,97;2966,45
PC003570;Não informado;E;Baixa;4,0;1,9;64,6;55;100;15;5,65;4,71;🟢 OK;0,0;125,81;0,0
PC006458;Não informado;E;Baixa;12,0;5,0;72,0;55;100;15;5,07;4,71;🟢 OK;0,0;38,93;0,0
PC003325;Não informado;E;Baixa;2,0;3,9;15,2;55;100;15;24,0;4,71;🔴 Comprar agora;11,0;130,83;1458,79
PC002627;Não informado;E;Média;1,0;1,7;18,0;55;100;15;20,32;4,71;🔴 Comprar agora;5,0;186,56;851,99
PC005857;Não informado;E;Baixa;15,0;6,1;73,5;55;100;15;4,97;4,71;🟢 OK;0,0;36,86;0,0
PC004422;Não informado;E;Baixa;2,0;1,0;61,7;55;100;15;5,92;4,71;🟢 OK;0,0;259,29;0,0
PC008150;Não informado;E;Baixa;0,0;2,1;0,0;55;100;15;0,0;4,71;🚨 RUPTURA IMINENTE;7,0;309,23;2124,6
PC003356;Não informado;E;Baixa;1,0;3,1;9,7;55;100;15;37,65;4,71;🚨 RUPTURA IMINENTE;9,0;134,35;1251,61
PC005440;Não informado;E;Baixa;2,0;1,0;58,7;55;100;15;6,22;4,71;🟢 OK;0,0;662,34;0,0
PC005096;Não informado;E;Baixa;4,0;7,0;17,1;55;100;15;21,32;4,71;🔴 Comprar agora;19,0;112,02;2168,82
PC009658;Não informado;E;Baixa;2,0;3,1;19,4;55;100;15;18,77;4,71;🔴 Comprar agora;8,0;110,14;912,57
PC006642;Não informado;E;Baixa;17,0;8,5;59,9;55;100;15;6,09;4,71;🟢 OK;0,0;23,78;0,0
PC008883;Não informado;E;Baixa;1,0;2,0;14,8;55;100;15;24,65;4,71;🚨 RUPTURA IMINENTE;6,0;265,46;1527,52
PC002892;Não informado;E;Baixa;2,0;1,4;43,5;55;100;15;8,39;4,71;🔴 Comprar agora;3,0;165,69;429,9
PC001978;Não informado;E;Baixa;3,0;2,0;44,5;55;100;15;8,21;4,71;🔴 Comprar agora;4,0;115,23;431,71
PC002630;Não informado;E;Baixa;8,0;8,5;28,3;55;100;15;12,9;4,71;🔴 Comprar agora;20,0;87,34;1771,63
PC004085;Não informado;E;Baixa;10,0;3,5;85,8;55;100;15;4,26;4,71;🟢 OK;0,0;54,1;0,0
PC001383;Não informado;E;Média;6,0;3,2;56,2;55;100;15;6,5;4,71;🟢 OK;0,0;112,58;0,0
PC001121;Não informado;E;Baixa;15,0;6,4;69,9;55;100;15;5,22;4,71;🟢 OK;0,0;33,53;0,0
PC002045;Não informado;E;Baixa;1,0;1,0;29,6;55;100;15;12,35;4,71;🔴 Comprar agora;2,0;232,77;554,79
PC008758;Não informado;E;Baixa;4,0;1,3;90,4;55;100;15;4,04;4,71;🟢 OK;0,0;169,46;0,0
PC005480;Não informado;E;Baixa;22,0;12,8;51,5;55;100;15;7,08;4,71;🔴 Comprar agora;21,0;24,82;513,69
PC007986;Não informado;E;Baixa;12,0;4,9;73,0;55;100;15;5,0;4,71;🟢 OK;0,0;48,64;0,0
PC002646;Não informado;E;Baixa;6,0;2,0;91,5;55;100;15;3,99;4,71;🟢 OK;0,0;116,1;0,0
PC006497;Não informado;E;Baixa;7,0;16,1;13,0;55;100;15;27,99;4,71;🚨 RUPTURA IMINENTE;47,0;18,19;849,25
PC009981;Não informado;E;Baixa;1,0;2,7;10,9;55;100;15;33,34;4,71;🚨 RUPTURA IMINENTE;8,0;167,43;1361,99
PC001785;Não informado;E;Média;1,0;1,7;17,3;55;100;15;21,13;4,71;🔴 Comprar agora;5,0;211,59;1013,13
PC007756;Não informado;E;Baixa;2,0;1,0;59,8;55;100;15;6,11;4,71;🟢 OK;0,0;173,66;0,0
PC009940;Não informado;E;Baixa;2,0;1,0;59,7;55;100;15;6,11;4,71;🟢 OK;0,0;212,86;0,0
PC004068;Não informado;E;Baixa;1,0;1,1;28,2;55;100;15;12,92;4,71;🔴 Comprar agora;3,0;183,14;465,18
PC000006;Não informado;E;Baixa;0,0;1,0;0,0;55;100;15;0,0;4,71;🚨 RUPTURA IMINENTE;3,0;813,97;2748,78
PC000809;Não informado;E;Baixa;14,0;7,9;53,1;55;100;15;6,88;4,71;🔴 Comprar agora;12,0;22,99;284,39
PC001533;Não informado;E;Baixa;6,0;2,1;87,4;55;100;15;4,17;4,71;🟢 OK;0,0;116,89;0,0
PC004608;Não informado;E;Baixa;1,0;1,6;19,0;55;100;15;19,19;4,71;🔴 Comprar agora;4,0;198,13;843,78
PC003084;Não informado;E;Baixa;1,0;4,1;7,3;55;100;15;49,72;4,71;🚨 RUPTURA IMINENTE;13,0;182,14;2298,89
PC005088;Não informado;E;Baixa;2,0;2,0;30,0;55;100;15;12,16;4,71;🔴 Comprar agora;5,0;103,11;480,78
PC003753;Não informado;E;Baixa;2,0;2,1;28,7;55;100;15;12,72;4,71;🔴 Comprar agora;5,0;101,46;504,42
PC000033;Não informado;E;Baixa;2,0;2,0;30,2;55;100;15;12,08;4,71;🔴 Comprar agora;5,0;112,91;521,59
PC009697;Não informado;E;Baixa;5,0;4,0;37,3;55;100;15;9,78;4,71;🔴 Comprar agora;8,0;44,81;376,18
PC003468;Não informado;E;Baixa;2,0;1,0;59,9;55;100;15;6,09;4,71;🟢 OK;0,0;221,06;0,0
PC009619;Não informado;E;Baixa;1,0;2,1;14,0;55;100;15;26,0;4,71;🚨 RUPTURA IMINENTE;6,0;464,26;2842,88
PC003809;Não informado;E;Baixa;10,0;9,0;33,3;55;100;15;10,98;4,71;🔴 Comprar agora;20,0;21,86;438,7
PC004640;Não informado;E;Baixa;3,0;1,8;49,7;55;100;15;7,34;4,71;🔴 Comprar agora;3,0;115,35;350,26
PC007520;Não informado;E;Baixa;3,0;1,4;63,3;55;100;15;5,76;4,71;🟢 OK;0,0;176,09;0,0
PC002802;Não informado;E;Baixa;5,0;3,3;45,4;55;100;15;8,05;4,71;🔴 Comprar agora;6,0;111,36;670,48
PC009291;Não informado;E;Baixa;2,0;2,0;29,7;55;100;15;12,27;4,71;🔴 Comprar agora;5,0;380,14;1796,54
PC000698;Não informado;E;Baixa;15,0;5,1;88,2;55;100;15;4,14;4,71;🟢 OK;0,0;39,52;0,0
PC001267;Não informado;E;Baixa;2,0;1,6;37,6;55;100;15;9,72;4,71;🔴 Comprar agora;3,0;197,32;656,15
PC002243;Não informado;E;Baixa;6,0;2,6;68,5;55;100;15;5,33;4,71;🟢 OK;0,0;85,77;0,0
PC001661;Não informado;E;Baixa;1,0;1,0;31,2;55;100;15;11,71;4,71;🔴 Comprar agora;2,0;170,14;375,77
PC008731;Não informado;E;Baixa;9,0;10,1;26,7;55;100;15;13,66;4,71;🔴 Comprar agora;25,0;66,2;1634,6
PC009384;Não informado;E;Baixa;4,0;1,9;62,9;55;100;15;5,81;4,71;🟢 OK;0,0;108,64;0,0
PC000744;Não informado;E;Baixa;11,0;4,1;81,4;55;100;15;4,48;4,71;🟢 OK;0,0;59,03;0,0
PC006028;Não informado;E;Baixa;13,0;4,0;98,0;55;100;15;3,73;4,71;🟢 OK;0,0;49,41;0,0
PC002379;Não informado;E;Baixa;1,0;2,0;15,0;55;100;15;24,41;4,71;🚨 RUPTURA IMINENTE;6,0;434,38;2470,34
PC007730;Não informado;E;Média;1,0;3,3;9,0;55;100;15;40,67;4,71;🚨 RUPTURA IMINENTE;10,0;113,32;1149,4
PC006177;Não informado;E;Baixa;6,0;2,6;68,2;55;100;15;5,35;4,71;🟢 OK;0,0;95,94;0,0
PC001505;Não informado;E;Baixa;4,0;1,8;66,1;55;100;15;5,52;4,71;🟢 OK;0,0;112,76;0,0
PC009344;Não informado;E;Baixa;0,0;1,0;0,0;55;100;15;0,0;4,71;🚨 RUPTURA IMINENTE;3,0;809,95;2667,04
PC006080;Não informado;E;Baixa;5,0;2,9;51,2;55;100;15;7,12;4,71;🔴 Comprar agora;5,0;290,75;1383,49
PC008284;Não informado;E;Baixa;3,0;1,5;59,4;55;100;15;6,15;4,71;🟢 OK;0,0;198,68;0,0
PC003743;Não informado;E;Baixa;2,0;1,0;61,1;55;100;15;5,98;4,71;🟢 OK;0,0;222,31;0,0
PC001855;Não informado;E;Baixa;0,0;1,0;0,0;55;100;15;0,0;4,71;🚨 RUPTURA IMINENTE;3,0;570,79;1885,97
PC006348;Não informado;E;Baixa;6,0;4,1;43,8;55;100;15;8,33;4,71;🔴 Comprar agora;8,0;54,41;418,22
PC002854;Não informado;E;Baixa;1,0;1,0;30,0;55;100;15;12,18;4,71;🔴 Comprar agora;2,0;627,61;1467,11
PC007841;Não informado;E;Baixa;14,0;7,8;54,0;55;100;15;6,76;4,71;🔴 Comprar agora;12,0;37,51;447,6
PC000238;Não informado;E;Baixa;2,0;0,9;65,6;55;100;15;5,57;4,71;🟢 OK;0,0;231,99;0,0
PC002729;Não informado;E;Baixa;2,0;4,1;14,7;55;100;15;24,85;4,71;🚨 RUPTURA IMINENTE;12,0;46,35;538,31
PC008032;Não informado;E;Baixa;7,0;3,0;69,7;55;100;15;5,24;4,71;🟢 OK;0,0;76,58;0,0
PC005084;Não informado;E;Baixa;3,0;1,7;51,9;55;100;15;7,04;4,71;🔴 Comprar agora;3,0;181,05;504,32
PC002676;Não informado;E;Baixa;2,0;2,0;29,4;55;100;15;12,4;4,71;🔴 Comprar agora;5,0;504,91;2420,63
PC001819;Não informado;E;Baixa;1,0;2,0;14,8;55;100;15;24,62;4,71;🚨 RUPTURA IMINENTE;6,0;344,1;1977,24
PC007204;Não informado;E;Baixa;1,0;2,9;10,3;55;100;15;35,54;4,71;🚨 RUPTURA IMINENTE;9,0;300,68;2626,81
PC000680;Não informado;E;Baixa;23,0;7,1;97,5;55;100;15;3,74;4,71;🟢 OK;0,0;31,4;0,0
PC005235;Não informado;E;Baixa;4,0;2,7;44,1;55;100;15;8,28;4,71;🔴 Comprar agora;5,0;83,6;424,47
PC001299;Não informado;E;Baixa;1,0;1,0;30,5;55;100;15;11,98;4,71;🔴 Comprar agora;2,0;479,83;1095,01
PC007526;Não informado;E;Baixa;2,0;0,9;68,3;55;100;15;5,34;4,71;🟢 OK;0,0;172,38;0,0
PC007537;Não informado;E;Baixa;1,0;1,6;18,4;55;100;15;19,84;4,71;🔴 Comprar agora;4,0;233,13;1034,14
PC003848;Não informado;E;Baixa;3,0;9,4;9,6;55;100;15;38,06;4,71;🚨 RUPTURA IMINENTE;28,0;75,83;2144,38
PC001024;Não informado;E;Baixa;1,0;3,1;9,7;55;100;15;37,81;4,71;🚨 RUPTURA IMINENTE;9,0;358,0;3350,14
PC007329;Não informado;E;Baixa;6,0;9,7;18,6;55;100;15;19,58;4,71;🔴 Comprar agora;26,0;35,65;933,61
PC004535;Não informado;E;Baixa;7,0;2,8;74,2;55;100;15;4,92;4,71;🟢 OK;0,0;64,33;0,0
PC008268;Não informado;E;Baixa;4,0;3,0;40,6;55;100;15;8,99;4,71;🔴 Comprar agora;6,0;107,31;627,72
PC003066;Não informado;E;Baixa;8,0;4,9;49,5;55;100;15;7,38;4,71;🔴 Comprar agora;8,0;75,56;617,83
PC009597;Não informado;E;Baixa;3,0;3,9;23,4;55;100;15;15,62;4,71;🔴 Comprar agora;10,0;341,66;3360,07
PC000798;Não informado;E;Média;13,0;7,7;50,8;55;100;15;7,18;4,71;🔴 Comprar agora;13,0;41,02;515,97
PC002141;Não informado;E;Baixa;8,0;9,2;26,0;55;100;15;14,03;4,71;🔴 Comprar agora;23,0;76,16;1732,82
PC008689;Não informado;E;Baixa;6,0;1,8;97,5;55;100;15;3,74;4,71;🟢 OK;0,0;86,07;0,0
PC004153;Não informado;E;Baixa;1,0;1,0;29,3;55;100;15;12,48;4,71;🔴 Comprar agora;2,0;207,56;501,9
PC009010;Não informado;E;Baixa;15,0;6,5;68,7;55;100;15;5,31;4,71;🟢 OK;0,0;27,63;0,0
PC009880;Não informado;E;Baixa;1,0;2,0;15,2;55;100;15;24,05;4,71;🔴 Comprar agora;6,0;392,89;2195,58
PC009411;Não informado;E;Baixa;1,0;1,7;18,2;55;100;15;20,08;4,71;🔴 Comprar agora;5,0;174,08;783,76
PC001522;Não informado;E;Baixa;7,0;9,3;22,5;55;100;15;16,2;4,71;🔴 Comprar agora;24,0;74,94;1803,7
PC004794;Não informado;E;Baixa;2,0;6,0;10,1;55;100;15;36,26;4,71;🚨 RUPTURA IMINENTE;18,0;80,65;1441,15
PC000970;Não informado;E;Baixa;0,0;1,0;0,0;55;100;15;0,0;4,71;🚨 RUPTURA IMINENTE;3,0;918,29;3153,76
PC007359;Não informado;E;Baixa;1,0;1,9;15,5;55;100;15;23,5;4,71;🔴 Comprar agora;5,0;373,69;2032,21
PC004135;Não informado;E;Baixa;1,0;1,0;30,1;55;100;15;12,12;4,71;🔴 Comprar agora;2,0;1011,17;2345,1
PC003592;Não informado;E;Baixa;4,0;1,3;91,7;55;100;15;3,98;4,71;🟢 OK;0,0;175,28;0,0
PC005277;Não informado;E;Baixa;1,0;0,9;32,2;55;100;15;11,32;4,71;🔴 Comprar agora;2,0;167,09;351,11
PC007400;Não informado;E;Baixa;4,0;10,0;12,1;55;100;15;30,29;4,71;🚨 RUPTURA IMINENTE;29,0;104,87;3061,19
PC006428;Não informado;E;Baixa;6,0;2,0;89,5;55;100;15;4,08;4,71;🟢 OK;0,0;107,84;0,0
PC009606;Não informado;E;Baixa;8,0;4,0;59,9;55;100;15;6,09;4,71;🟢 OK;0,0;52,61;0,0
PC003617;Não informado;E;Baixa;1,0;3,2;9,2;55;100;15;39,52;4,71;🚨 RUPTURA IMINENTE;10,0;76,84;755,16
PC006945;Não informado;E;Baixa;6,0;6,8;26,3;55;100;15;13,89;4,71;🔴 Comprar agora;17,0;103,9;1748,73
PC008545;Não informado;E;Baixa;3,0;7,3;12,4;55;100;15;29,46;4,71;🚨 RUPTURA IMINENTE;21,0;101,08;2144,63
PC003538;Não informado;E;Baixa;3,0;1,0;88,4;55;100;15;4,13;4,71;🟢 OK;0,0;179,96;0,0
PC001859;Não informado;E;Baixa;0,0;2,0;0,0;55;100;15;0,0;4,71;🚨 RUPTURA IMINENTE;7,0;383,74;2571,87
PC009379;Não informado;E;Baixa;0,0;1,0;0,0;55;100;15;0,0;4,71;🚨 RUPTURA IMINENTE;3,0;679,96;2265,78
PC009519;Não informado;E;Baixa;1,0;1,0;28,9;55;100;15;12,62;4,71;🔴 Comprar agora;2,0;540,16;1326,74
PC002225;Não informado;E;Baixa;1,0;2,1;14,5;55;100;15;25,25;4,71;🚨 RUPTURA IMINENTE;6,0;288,21;1705,46
PC003622;Não informado;E;Baixa;1,0;1,0;29,6;55;100;15;12,33;4,71;🔴 Comprar agora;2,0;678,39;1613,71
PC004657;Não informado;E;Baixa;4,0;4,1;29,1;55;100;15;12,56;4,71;🔴 Comprar agora;10,0;61,86;604,13
PC001825;Não informado;E;Baixa;9,0;11,3;23,8;55;100;15;15,34;4,71;🔴 Comprar agora;29,0;19,63;565,67
PC001155;Não informado;E;Baixa;1,0;4,2;7,1;55;100;15;51,54;4,71;🚨 RUPTURA IMINENTE;13,0;168,89;2215,96
PC008576;Não informado;E;Baixa;7,0;7,2;29,2;55;100;15;12,48;4,71;🔴 Comprar agora;17,0;90,74;1537,35
PC006237;Não informado;E;Baixa;1,0;3,0;9,8;55;100;15;37,07;4,71;🚨 RUPTURA IMINENTE;9,0;257,25;2355,27
PC003724;Não informado;E;Baixa;3,0;1,6;55,7;55;100;15;6,55;4,71;🟢 OK;0,0;221,77;0,0
PC007097;Não informado;E;Baixa;2,0;2,7;21,9;55;100;15;16,67;4,71;🔴 Comprar agora;7,0;242,93;1733,44
PC007713;Não informado;E;Baixa;1,0;10,2;2,9;55;100;15;123,75;4,71;🚨 RUPTURA IMINENTE;33,0;60,97;2006,18
PC007445;Não informado;E;Baixa;2,0;1,0;62,8;55;100;15;5,82;4,71;🟢 OK;0,0;206,36;0,0
PC003275;Não informado;E;Baixa;5,0;3,1;48,4;55;100;15;7,54;4,71;🔴 Comprar agora;5,0;98,27;524,18
PC005635;Não informado;E;Baixa;2,0;2,1;29,1;55;100;15;12,55;4,71;🔴 Comprar agora;5,0;261,46;1274,62
PC009375;Não informado;E;Baixa;1,0;1,0;29,4;55;100;15;12,41;4,71;🔴 Comprar agora;2,0;150,3;360,62
PC000673;Não informado;E;Baixa;5,0;9,2;16,3;55;100;15;22,34;4,71;🔴 Comprar agora;26,0;67,56;1729,7
PC000562;Não informado;E;Baixa;2,0;17,3;3,5;55;100;15;105,01;4,71;🚨 RUPTURA IMINENTE;56,0;50,92;2828,04
PC008568;Não informado;E;Baixa;0,0;1,0;0,0;55;100;15;0,0;4,71;🚨 RUPTURA IMINENTE;3,0;865,29;2767,67
PC005672;Não informado;E;Baixa;14,0;13,3;31,6;55;100;15;11,57;4,71;🔴 Comprar agora;30,0;23,24;705,86
PC005361;Não informado;E;Baixa;1,0;2,0;14,7;55;100;15;24,76;4,71;🚨 RUPTURA IMINENTE;6,0;335,75;1941,49
PC004346;Não informado;E;Baixa;3,0;21,9;4,1;55;100;15;88,94;4,71;🚨 RUPTURA IMINENTE;70,0;21,84;1530,99
PC009353;Não informado;E;Baixa;1,0;1,3;22,7;55;100;15;16,06;4,71;🔴 Comprar agora;3,0;132,72;451,27
PC008358;Não informado;E;Baixa;1,0;1,0;30,7;55;100;15;11,9;4,71;🔴 Comprar agora;2,0;868,22;1961,32
PC007762;Não informado;E;Média;5,0;3,2;47,0;55;100;15;7,76;4,71;🔴 Comprar agora;6,0;101,16;569,5
PC006120;Não informado;E;Baixa;3,0;2,0;45,8;55;100;15;7,98;4,71;🔴 Comprar agora;4,0;92,0;327,23
PC002985;Não informado;E;Baixa;1,0;5,9;5,1;55;100;15;72,26;4,71;🚨 RUPTURA IMINENTE;19,0;79,8;1500,12
PC006781;Não informado;E;Baixa;1,0;1,9;15,7;55;100;15;23,19;4,71;🔴 Comprar agora;5,0;292,36;1565,02
PC009052;Não informado;E;Baixa;2,0;1,6;36,8;55;100;15;9,91;4,71;🔴 Comprar agora;3,0;169,93;583,24
PC008189;Não informado;E;Baixa;13,0;12,2;32,0;55;100;15;11,41;4,71;🔴 Comprar agora;28,0;64,62;1785,27
PC009122;Não informado;E;Baixa;1,0;0,9;31,9;55;100;15;11,43;4,71;🔴 Comprar agora;2,0;202,16;431,15
PC009274;Não informado;E;Baixa;5,0;2,7;55,7;55;100;15;6,55;4,71;🟢 OK;0,0;77,1;0,0
PC008115;Não informado;E;Baixa;3,0;0,9;100,4;55;100;15;3,63;4,71;🟡 Estoque excessivo;0,0;177,18;0,0
PC004457;Não informado;E;Média;10,0;8,6;35,0;55;100;15;10,42;4,71;🔴 Comprar agora;19,0;40,34;748,31
PC001247;Não informado;E;Baixa;2,0;1,6;36,7;55;100;15;9,95;4,71;🔴 Comprar agora;3,0;154,92;535,16
PC000434;Não informado;E;Média;8,0;6,6;36,2;55;100;15;10,07;4,71;🔴 Comprar agora;14,0;50,83;715,37
PC004931;Não informado;E;Baixa;1,0;4,1;7,3;55;100;15;50,25;4,71;🚨 RUPTURA IMINENTE;13,0;138,55;1768,97
PC005245;Não informado;E;Baixa;2,0;1,0;58,9;55;100;15;6,2;4,71;🟢 OK;0,0;167,34;0,0
PC001778;Não informado;E;Baixa;1,0;9,4;3,2;55;100;15;113,8;4,71;🚨 RUPTURA IMINENTE;30,0;78,03;2354,69
PC007836;Não informado;E;Baixa;4,0;2,5;48,4;55;100;15;7,54;4,71;🔴 Comprar agora;4,0;78,79;336,11
PC006390;Não informado;E;Baixa;1,0;7,9;3,8;55;100;15;95,57;4,71;🚨 RUPTURA IMINENTE;25,0;69,54;1751,3
PC003167;Não informado;E;Baixa;1,0;3,2;9,2;55;100;15;39,53;4,71;🚨 RUPTURA IMINENTE;10,0;177,87;1748,58
PC004262;Não informado;E;Baixa;0,0;1,0;0,0;55;100;15;0,0;4,71;🚨 RUPTURA IMINENTE;3,0;584,44;1975,63
PC004765;Não informado;E;Baixa;1,0;3,2;9,3;55;100;15;39,16;4,71;🚨 RUPTURA IMINENTE;10,0;169,38;1647,95
PC004146;Não informado;E;Baixa;3,0;2,0;44,8;55;100;15;8,14;4,71;🔴 Comprar agora;4,0;71,75;265,04
PC005961;Não informado;E;Baixa;2,0;4,0;14,9;55;100;15;24,42;4,71;🚨 RUPTURA IMINENTE;11,0;101,0;1149,52
PC005196;Não informado;E;Baixa;0,0;5,4;0,0;55;100;15;0,0;4,71;🚨 RUPTURA IMINENTE;18,0;153,29;2742,5
PC004879;Não informado;E;Baixa;1,0;2,1;14,1;55;100;15;25,98;4,71;🚨 RUPTURA IMINENTE;6,0;290,58;1777,32
PC008882;Não informado;E;Baixa;5,0;2,1;72,7;55;100;15;5,02;4,71;🟢 OK;0,0;91,06;0,0
PC002664;Não informado;E;Baixa;12,0;3,7;97,0;55;100;15;3,76;4,71;🟢 OK;0,0;35,05;0,0
PC009548;Não informado;E;Baixa;1,0;2,1;14,4;55;100;15;25,35;4,71;🚨 RUPTURA IMINENTE;6,0;222,4;1322,13
PC009867;Não informado;E;Baixa;2,0;6,0;10,0;55;100;15;36,61;4,71;🚨 RUPTURA IMINENTE;18,0;88,65;1601,18
PC009308;Não informado;E;Baixa;7,0;2,8;74,6;55;100;15;4,89;4,71;🟢 OK;0,0;45,3;0,0
PC000885;Não informado;E;Baixa;1,0;1,0;29,6;55;100;15;12,33;4,71;🔴 Comprar agora;2,0;816,75;1941,24
PC008413;Não informado;E;Baixa;2,0;1,6;38,2;55;100;15;9,56;4,71;🔴 Comprar agora;3,0;154,9;502,04
PC008076;Não informado;E;Baixa;3,0;1,0;93,7;55;100;15;3,9;4,71;🟢 OK;0,0;176,13;0,0
PC003368;Não informado;E;Baixa;6,0;3,5;52,2;55;100;15;7,0;4,71;🔴 Comprar agora;6,0;45,36;249,59
PC003817;Não informado;E;Baixa;2,0;4,7;12,7;55;100;15;28,79;4,71;🚨 RUPTURA IMINENTE;14,0;49,33;679,46
PC001841;Não informado;E;Baixa;2,0;1,7;34,7;55;100;15;10,53;4,71;🔴 Comprar agora;4,0;182,42;687,93
PC006679;Não informado;E;Baixa;3,0;2,0;44,6;55;100;15;8,18;4,71;🔴 Comprar agora;4,0;320,67;1193,69
PC002728;Não informado;E;Baixa;30,0;17,9;50,1;55;100;15;7,28;4,71;🔴 Comprar agora;30,0;25,63;764,53
PC003078;Não informado;E;Baixa;5,0;2,0;74,3;55;100;15;4,91;4,71;🟢 OK;0,0;62,76;0,0
PC005483;Não informado;E;Baixa;1,0;1,0;29,9;55;100;15;12,22;4,71;🔴 Comprar agora;2,0;839,31;1970,87
PC007701;Não informado;E;Baixa;4,0;3,5;34,8;55;100;15;10,5;4,71;🔴 Comprar agora;8,0;96,09;721,69
PC005181;Não informado;E;Baixa;3,0;0,9;99,7;55;100;15;3,66;4,71;🟢 OK;0,0;147,24;0,0
PC000551;Não informado;E;Baixa;1,0;1,0;28,9;55;100;15;12,61;4,71;🔴 Comprar agora;2,0;438,28;1076,22
PC004675;Não informado;E;Baixa;1,0;1,0;30,3;55;100;15;12,06;4,71;🔴 Comprar agora;2,0;394,4;908,21
PC002021;Não informado;E;Baixa;1,0;1,1;28,3;55;100;15;12,92;4,71;🔴 Comprar agora;3,0;724,58;1839,62
PC005539;Não informado;E;Baixa;1,0;1,0;29,8;55;100;15;12,24;4,71;🔴 Comprar agora;2,0;457,04;1075,79
PC001042;Não informado;E;Baixa;7,0;11,2;18,7;55;100;15;19,52;4,71;🔴 Comprar agora;30,0;44,55;1355,92
PC002525;Não informado;E;Baixa;2,0;1,0;59,9;55;100;15;6,09;4,71;🟢 OK;0,0;360,34;0,0
PC005437;Não informado;E;Baixa;5,0;3,0;50,4;55;100;15;7,25;4,71;🔴 Comprar agora;5,0;229,95;1133,27
PC006944;Não informado;E;Baixa;1,0;1,0;29,6;55;100;15;12,32;4,71;🔴 Comprar agora;2,0;714,62;1697,33
PC004547;Não informado;E;Baixa;6,0;2,9;61,4;55;100;15;5,95;4,71;🟢 OK;0,0;41,74;0,0
PC002614;Não informado;E;Baixa;1,0;4,1;7,3;55;100;15;50,28;4,71;🚨 RUPTURA IMINENTE;13,0;141,49;1807,55
PC009128;Não informado;E;Baixa;9,0;8,1;33,5;55;100;15;10,91;4,71;🔴 Comprar agora;18,0;22,24;397,96
PC005800;Não informado;E;Baixa;5,0;11,5;13,1;55;100;15;27,9;4,71;🚨 RUPTURA IMINENTE;33,0;24,85;825,52
PC001539;Não informado;E;Baixa;5,0;2,9;51,9;55;100;15;7,03;4,71;🔴 Comprar agora;5,0;56,71;262,65
PC004584;Não informado;E;Baixa;3,0;2,7;33,2;55;100;15;10,99;4,71;🔴 Comprar agora;6,0;74,15;447,26
PC009855;Não informado;E;Baixa;2,0;0,9;63,6;55;100;15;5,74;4,71;🟢 OK;0,0;125,39;0,0
PC002524;Não informado;E;Baixa;0,0;1,9;0,0;55;100;15;0,0;4,71;🚨 RUPTURA IMINENTE;6,0;318,57;2060,38
PC001618;Não informado;E;Baixa;4,0;4,0;29,7;55;100;15;12,31;4,71;🔴 Comprar agora;9,0;158,05;1499,98
PC008370;Não informado;E;Baixa;5,0;8,4;17,9;55;100;15;20,37;4,71;🔴 Comprar agora;23,0;75,22;1722,98
PC003862;Não informado;E;Baixa;3,0;1,0;88,1;55;100;15;4,14;4,71;🟢 OK;0,0;159,61;0,0
PC001394;Não informado;E;Baixa;11,0;13,0;25,3;55;100;15;14,41;4,71;🔴 Comprar agora;32,0;50,05;1622,29
PC007073;Não informado;E;Baixa;3,0;3,1;28,6;55;100;15;12,74;4,71;🔴 Comprar agora;7,0;77,0;575,36
PC004263;Não informado;E;Baixa;1,0;1,0;29,5;55;100;15;12,38;4,71;🔴 Comprar agora;2,0;143,65;343,52
PC008745;Não informado;E;Baixa;6,0;6,0;30,2;55;100;15;12,08;4,71;🔴 Comprar agora;14,0;30,2;418,32
PC006825;Não informado;E;Baixa;15,0;5,1;88,2;55;100;15;4,14;4,71;🟢 OK;0,0;33,64;0,0
PC006203;Não informado;E;Baixa;1,0;1,0;30,3;55;100;15;12,03;4,71;🔴 Comprar agora;2,0;467,08;1072,29
PC004850;Não informado;E;Baixa;7,0;17,2;12,2;55;100;15;29,93;4,71;🚨 RUPTURA IMINENTE;50,0;29,33;1478,37
PC000910;Não informado;E;Baixa;2,0;3,3;18,0;55;100;15;20,31;4,71;🔴 Comprar agora;9,0;73,39;670,04
PC006773;Não informado;E;Baixa;1,0;2,9;10,4;55;100;15;35,18;4,71;🚨 RUPTURA IMINENTE;9,0;211,65;1828,3
PC003723;Não informado;E;Baixa;7,0;3,2;65,3;55;100;15;5,59;4,71;🟢 OK;0,0;64,73;0,0
PC008656;Não informado;E;Baixa;2,0;3,2;18,9;55;100;15;19,31;4,71;🔴 Comprar agora;9,0;124,65;1069,88
PC003369;Não informado;E;Baixa;9,0;8,1;33,4;55;100;15;10,93;4,71;🔴 Comprar agora;18,0;19,82;355,72
PC009870;Não informado;E;Baixa;6,0;2,0;88,9;55;100;15;4,11;4,71;🟢 OK;0,0;68,84;0,0
PC005946;Não informado;E;Baixa;6,0;3,0;59,4;55;100;15;6,14;4,71;🟢 OK;0,0;53,08;0,0
PC009407;Não informado;E;Baixa;1,0;1,0;29,0;55;100;15;12,59;4,71;🔴 Comprar agora;2,0;127,36;311,88
PC001586;Não informado;E;Baixa;5,0;11,1;13,5;55;100;15;27,11;4,71;🚨 RUPTURA IMINENTE;32,0;70,67;2270,9
PC002280;Não informado;E;Baixa;5,0;7,2;20,9;55;100;15;17,44;4,71;🔴 Comprar agora;19,0;77,7;1468,19
PC006354;Não informado;E;Baixa;0,0;1,1;0,0;55;100;15;0,0;4,71;🚨 RUPTURA IMINENTE;4,0;779,7;2766,68
PC004264;Não informado;E;Baixa;7,0;9,1;23,1;55;100;15;15,78;4,71;🔴 Comprar agora;23,0;62,52;1454,66
PC007530;Não informado;E;Baixa;2,0;3,2;18,6;55;100;15;19,59;4,71;🔴 Comprar agora;9,0;66,7;582,53
PC005106;Não informado;E;Baixa;10,0;14,5;20,7;55;100;15;17,6;4,71;🔴 Comprar agora;38,0;42,02;1606,23
PC002465;Não informado;E;Baixa;4,0;2,7;45,0;55;100;15;8,11;4,71;🔴 Comprar agora;5,0;66,21;323,29
PC001761;Não informado;E;Baixa;11,0;6,9;47,6;55;100;15;7,67;4,71;🔴 Comprar agora;12,0;71,99;872,96
PC005491;Não informado;E;Baixa;1,0;8,5;3,5;55;100;15;103,24;4,71;🚨 RUPTURA IMINENTE;27,0;80,93;2208,14
PC001680;Não informado;E;Baixa;2,0;1,6;36,6;55;100;15;9,97;4,71;🔴 Comprar agora;3,0;125,94;436,39
PC008250;Não informado;E;Baixa;5,0;5,0;30,1;55;100;15;12,12;4,71;🔴 Comprar agora;12,0;89,95;1043,98
PC008442;Não informado;E;Baixa;4,0;3,9;30,7;55;100;15;11,89;4,71;🔴 Comprar agora;9,0;32,63;294,82
PC007987;Não informado;E;Baixa;1,0;3,1;9,7;55;100;15;37,75;4,71;🚨 RUPTURA IMINENTE;9,0;147,0;1373,45
PC009978;Não informado;E;Média;9,0;10,6;25,4;55;100;15;14,35;4,71;🔴 Comprar agora;26,0;19,63;517,91
PC003548;Não informado;E;Baixa;5,0;3,2;47,0;55;100;15;7,76;4,71;🔴 Comprar agora;6,0;79,16;446,04
PC009833;Não informado;E;Baixa;3,0;11,7;7,7;55;100;15;47,61;4,71;🚨 RUPTURA IMINENTE;36,0;43,9;1586,01
PC008091;Não informado;E;Média;2,0;4,5;13,2;55;100;15;27,65;4,71;🚨 RUPTURA IMINENTE;13,0;46,21;607,63
PC002938;Não informado;E;Baixa;9,0;5,2;52,3;55;100;15;6,97;4,71;🔴 Comprar agora;8,0;83,55;684,73
PC009687;Não informado;E;Baixa;0,0;1,0;0,0;55;100;15;0,0;4,71;🚨 RUPTURA IMINENTE;3,0;616,89;2014,47
PC000125;Não informado;E;Baixa;1,0;3,1;9,8;55;100;15;37,17;4,71;🚨 RUPTURA IMINENTE;9,0;134,16;1232,24
PC007485;Não informado;E;Média;1,0;1,5;19,6;55;100;15;18,58;4,71;🔴 Comprar agora;4,0;152,0;621,83
PC007418;Não informado;E;Baixa;1,0;3,0;10,0;55;100;15;36,46;4,71;🚨 RUPTURA IMINENTE;9,0;60,31;542,07
PC007585;Não informado;E;Baixa;17,0;11,4;44,6;55;100;15;8,19;4,71;🔴 Comprar agora;21,0;58,34;1232,53
PC001256;Não informado;E;Baixa;2,0;1,9;31,7;55;100;15;11,53;4,71;🔴 Comprar agora;4,0;70,31;303,64
PC004915;Não informado;E;Baixa;3,0;1,0;89,1;55;100;15;4,1;4,71;🟢 OK;0,0;141,56;0,0
PC007208;Não informado;E;Baixa;5,0;11,4;13,2;55;100;15;27,67;4,71;🚨 RUPTURA IMINENTE;33,0;50,82;1672,3
PC004281;Não informado;E;Baixa;0,0;1,0;0,0;55;100;15;0,0;4,71;🚨 RUPTURA IMINENTE;3,0;356,82;1216,4
PC005043;Não informado;E;Baixa;1,0;1,0;28,8;55;100;15;12,69;4,71;🔴 Comprar agora;2,0;361,84;896,31
PC006540;Não informado;E;Baixa;1,0;3,3;9,2;55;100;15;39,81;4,71;🚨 RUPTURA IMINENTE;10,0;118,59;1174,95
PC001320;Não informado;E;Baixa;4,0;1,8;64,9;55;100;15;5,62;4,71;🟢 OK;0,0;67,68;0,0
PC005202;Não informado;E;Baixa;4,0;6,2;19,4;55;100;15;18,83;4,71;🔴 Comprar agora;17,0;65,31;1086,52
PC000317;Não informado;E;Baixa;1,0;6,7;4,5;55;100;15;81,39;4,71;🚨 RUPTURA IMINENTE;21,0;65,01;1384,58
PC000550;Não informado;E;Baixa;4,0;4,0;30,2;55;100;15;12,09;4,71;🔴 Comprar agora;9,0;97,21;899,45
PC001786;Não informado;E;Baixa;5,0;2,0;75,4;55;100;15;4,84;4,71;🟢 OK;0,0;55,26;0,0
PC006842;Não informado;E;Baixa;7,0;2,1;101,8;55;100;15;3,59;4,71;🟡 Estoque excessivo;0,0;70,17;0,0
PC002715;Não informado;E;Baixa;2,0;2,1;28,3;55;100;15;12,88;4,71;🔴 Comprar agora;5,0;308,95;1561,74
PC001923;Não informado;E;Baixa;2,0;1,0;59,6;55;100;15;6,12;4,71;🟢 OK;0,0;140,81;0,0
PC005725;Não informado;E;Baixa;1,0;1,6;18,5;55;100;15;19,73;4,71;🔴 Comprar agora;4,0;145,37;640,27
PC001525;Não informado;E;Baixa;1,0;3,0;10,1;55;100;15;35,97;4,71;🚨 RUPTURA IMINENTE;9,0;158,41;1402,82
PC005004;Não informado;E;Baixa;0,0;2,0;0,0;55;100;15;0,0;4,71;🚨 RUPTURA IMINENTE;7,0;250,03;1653,86
PC009210;Não informado;E;Baixa;6,0;7,4;24,2;55;100;15;15,06;4,71;🔴 Comprar agora;19,0;50,95;955,63
PC006633;Não informado;E;Baixa;7,0;3,0;70,2;55;100;15;5,2;4,71;🟢 OK;0,0;38,22;0,0
PC000610;Não informado;E;Baixa;1,0;1,0;29,3;55;100;15;12,44;4,71;🔴 Comprar agora;2,0;154,69;372,48
PC007272;Não informado;E;Baixa;7,0;2,8;76,0;55;100;15;4,8;4,71;🟢 OK;0,0;46,43;0,0
PC008352;Não informado;E;Baixa;0,0;1,0;0,0;55;100;15;0,0;4,71;🚨 RUPTURA IMINENTE;3,0;378,48;1253,43
PC000570;Não informado;E;Baixa;14,0;8,1;52,2;55;100;15;7,0;4,71;🔴 Comprar agora;13,0;23,3;299,19
PC007610;Não informado;E;Baixa;2,0;4,8;12,5;55;100;15;29,22;4,71;🚨 RUPTURA IMINENTE;14,0;90,73;1271,23
PC003779;Não informado;E;Baixa;1,0;9,9;3,0;55;100;15;120,25;4,71;🚨 RUPTURA IMINENTE;32,0;58,99;1884,47
PC009394;Não informado;E;Baixa;5,0;3,1;49,0;55;100;15;7,45;4,71;🔴 Comprar agora;5,0;35,27;183,64
PC000527;Não informado;E;Baixa;3,0;1,8;50,4;55;100;15;7,25;4,71;🔴 Comprar agora;3,0;64,16;189,65
PC009129;Não informado;E;Baixa;2,0;1,8;33,7;55;100;15;10,82;4,71;🔴 Comprar agora;4,0;58,22;228,62
PC006940;Não informado;E;Baixa;1,0;1,6;18,5;55;100;15;19,72;4,71;🔴 Comprar agora;4,0;129,91;572,11
PC000096;Não informado;E;Baixa;4,0;1,6;72,8;55;100;15;5,01;4,71;🟢 OK;0,0;62,79;0,0
PC002227;Não informado;E;Baixa;4,0;6,4;18,8;55;100;15;19,46;4,71;🔴 Comprar agora;17,0;89,15;1544,53
PC002209;Não informado;E;Baixa;6,0;6,9;26,2;55;100;15;13,92;4,71;🔴 Comprar agora;17,0;29,16;492,35
PC009700;Não informado;E;Baixa;1,0;2,1;14,3;55;100;15;25,52;4,71;🚨 RUPTURA IMINENTE;6,0;224,0;1342,33
PC000329;Não informado;E;Baixa;3,0;1,3;71,3;55;100;15;5,12;4,71;🟢 OK;0,0;108,51;0,0
PC007098;Não informado;E;Média;10,0;4,8;62,2;55;100;15;5,87;4,71;🟢 OK;0,0;43,04;0,0
PC007519;Não informado;E;Baixa;1,0;1,1;28,4;55;100;15;12,83;4,71;🔴 Comprar agora;3,0;422,57;1063,01
PC002014;Não informado;E;Baixa;7,0;4,1;50,9;55;100;15;7,17;4,71;🔴 Comprar agora;7,0;112,84;760,91
PC007371;Não informado;E;Baixa;0,0;1,0;0,0;55;100;15;0,0;4,71;🚨 RUPTURA IMINENTE;3,0;480,49;1555,73
PC003133;Não informado;E;Baixa;1,0;1,0;29,2;55;100;15;12,5;4,71;🔴 Comprar agora;2,0;127,33;308,63
PC003958;Não informado;E;Baixa;1,0;3,0;9,9;55;100;15;36,82;4,71;🚨 RUPTURA IMINENTE;9,0;170,03;1545,31
PC006300;Não informado;E;Baixa;1,0;3,9;7,8;55;100;15;46,91;4,71;🚨 RUPTURA IMINENTE;12,0;113,91;1350,07
PC004081;Não informado;E;Baixa;3,0;2,0;44,2;55;100;15;8,26;4,71;🔴 Comprar agora;4,0;282,21;1068,78
PC001949;Não informado;E;Baixa;1,0;3,1;9,6;55;100;15;38,06;4,71;🚨 RUPTURA IMINENTE;9,0;146,09;1377,34
PC006236;Não informado;E;Baixa;1,0;2,2;13,9;55;100;15;26,27;4,71;🚨 RUPTURA IMINENTE;6,0;336,96;2088,5
PC001128;Não informado;E;Baixa;4,0;1,9;62,8;55;100;15;5,82;4,71;🟢 OK;0,0;70,21;0,0
PC009266;Não informado;E;Baixa;5,0;2,0;73,5;55;100;15;4,97;4,71;🟢 OK;0,0;53,77;0,0
PC001619;Não informado;E;Baixa;3,0;2,0;45,8;55;100;15;7,97;4,71;🔴 Comprar agora;4,0;54,62;194,11
PC008698;Não informado;E;Baixa;6,0;7,0;25,9;55;100;15;14,11;4,71;🔴 Comprar agora;17,0;85,53;1470,54
PC007403;Não informado;E;Baixa;1,0;2,1;14,4;55;100;15;25,34;4,71;🚨 RUPTURA IMINENTE;6,0;205,98;1224,07
PC000866;Não informado;E;Baixa;0,0;1,0;0,0;55;100;15;0,0;4,71;🚨 RUPTURA IMINENTE;3,0;252,67;861,0
PC007337;Não informado;E;Baixa;3,0;16,1;5,6;55;100;15;65,16;4,71;🚨 RUPTURA IMINENTE;51,0;30,32;1532,84
PC007976;Não informado;E;Baixa;10,0;5,3;56,3;55;100;15;6,48;4,71;🟢 OK;0,0;23,56;0,0
PC005129;Não informado;E;Baixa;1,0;1,6;18,8;55;100;15;19,36;4,71;🔴 Comprar agora;4,0;112,91;486,11
PC009859;Não informado;E;Baixa;1,0;2,1;14,6;55;100;15;25,0;4,71;🚨 RUPTURA IMINENTE;6,0;108,35;633,87
PC000787;Não informado;E;Baixa;9,0;5,2;51,9;55;100;15;7,03;4,71;🔴 Comprar agora;8,0;94,7;788,47
PC007347;Não informado;E;Baixa;3,0;1,0;86,8;55;100;15;4,2;4,71;🟢 OK;0,0;125,98;0,0
PC007721;Não informado;E;Baixa;8,0;14,4;16,7;55;100;15;21,85;4,71;🔴 Comprar agora;40,0;33,57;1339,37
PC008349;Não informado;E;Baixa;1,0;3,7;8,1;55;100;15;45,32;4,71;🚨 RUPTURA IMINENTE;11,0;163,69;1868,78
PC003630;Não informado;E;Baixa;2,0;1,0;59,7;55;100;15;6,11;4,71;🟢 OK;0,0;342,99;0,0
PC009804;Não informado;E;Baixa;1,0;3,8;7,9;55;100;15;45,98;4,71;🚨 RUPTURA IMINENTE;12,0;97,78;1134,07
PC007162;Não informado;E;Baixa;1,0;4,0;7,4;55;100;15;49,18;4,71;🚨 RUPTURA IMINENTE;12,0;104,92;1308,67
PC006774;Não informado;E;Baixa;4,0;6,2;19,2;55;100;15;18,98;4,71;🔴 Comprar agora;17,0;71,0;1192,7
PC009469;Não informado;E;Baixa;1,0;3,9;7,6;55;100;15;47,75;4,71;🚨 RUPTURA IMINENTE;12,0;175,07;2115,21
PC000435;Não informado;E;Baixa;1,0;2,0;15,1;55;100;15;24,22;4,71;🔴 Comprar agora;6,0;58,33;328,8
PC006412;Não informado;E;Baixa;3,0;1,9;47,1;55;100;15;7,75;4,71;🔴 Comprar agora;3,0;52,77;177,71
PC004748;Não informado;E;Baixa;2,0;1,0;58,0;55;100;15;6,3;4,71;🟢 OK;0,0;113,38;0,0
PC006918;Não informado;E;Baixa;1,0;2,1;14,1;55;100;15;25,98;4,71;🚨 RUPTURA IMINENTE;6,0;212,41;1299,2
PC001947;Não informado;E;Baixa;1,0;1,0;29,5;55;100;15;12,37;4,71;🔴 Comprar agora;2,0;554,16;1323,76
PC005353;Não informado;E;Baixa;9,0;2,8;94,8;55;100;15;3,85;4,71;🟢 OK;0,0;55,61;0,0
PC001353;Não informado;E;Baixa;3,0;2,1;42,1;55;100;15;8,68;4,71;🔴 Comprar agora;4,0;166,26;686,86
PC003383;Não informado;E;Baixa;1,0;1,0;29,2;55;100;15;12,49;4,71;🔴 Comprar agora;2,0;430,96;1043,64
PC001953;Não informado;E;Baixa;6,0;4,5;40,3;55;100;15;9,06;4,71;🔴 Comprar agora;9,0;36,52;324,66
PC009328;Não informado;E;Baixa;1,0;3,2;9,5;55;100;15;38,34;4,71;🚨 RUPTURA IMINENTE;10,0;144,11;1369,5
PC009594;Não informado;E;Baixa;10,0;4,9;60,7;55;100;15;6,01;4,71;🟢 OK;0,0;43,08;0,0
PC009565;Não informado;E;Baixa;2,0;3,2;18,8;55;100;15;19,37;4,71;🔴 Comprar agora;9,0;47,53;409,49
PC000521;Não informado;E;Baixa;2,0;3,0;19,9;55;100;15;18,35;4,71;🔴 Comprar agora;8,0;86,0;692,9
PC008434;Não informado;E;Baixa;12,0;3,5;101,6;55;100;15;3,59;4,71;🟡 Estoque excessivo;0,0;31,77;0,0
PC001074;Não informado;E;Baixa;3,0;1,8;50,0;55;100;15;7,3;4,71;🔴 Comprar agora;3,0;60,78;182,14
PC007720;Não informado;E;Baixa;5,0;5,1;29,7;55;100;15;12,3;4,71;🔴 Comprar agora;12,0;26,0;308,2
PC008190;Não informado;E;Baixa;1,0;1,0;29,9;55;100;15;12,19;4,71;🔴 Comprar agora;2,0;280,27;655,73
PC006952;Não informado;E;Baixa;6,0;1,9;92,9;55;100;15;3,93;4,71;🟢 OK;0,0;56,73;0,0
PC009795;Não informado;E;Baixa;1,0;1,0;29,3;55;100;15;12,47;4,71;🔴 Comprar agora;2,0;262,41;633,91
PC004833;Não informado;E;Baixa;4,0;5,0;23,8;55;100;15;15,31;4,71;🔴 Comprar agora;13,0;20,82;266,05
PC000360;Não informado;E;Baixa;3,0;1,0;89,1;55;100;15;4,09;4,71;🟢 OK;0,0;110,96;0,0
PC008360;Não informado;E;Baixa;3,0;1,6;55,8;55;100;15;6,54;4,71;🟢 OK;0,0;121,32;0,0
PC003773;Não informado;E;Baixa;5,0;2,0;74,0;55;100;15;4,93;4,71;🟢 OK;0,0;61,2;0,0
PC004221;Não informado;E;Baixa;2,0;1,1;55,6;55;100;15;6,56;4,71;🟢 OK;0,0;107,32;0,0
PC007928;Não informado;E;Baixa;0,0;1,0;0,0;55;100;15;0,0;4,71;🚨 RUPTURA IMINENTE;3,0;402,12;1297,33
PC004605;Não informado;E;Baixa;2,0;1,0;58,4;55;100;15;6,25;4,71;🟢 OK;0,0;90,81;0,0
PC005533;Não informado;E;Baixa;0,0;1,0;0,0;55;100;15;0,0;4,71;🚨 RUPTURA IMINENTE;3,0;354,95;1192,95
PC008801;Não informado;E;Baixa;1,0;4,4;6,8;55;100;15;53,78;4,71;🚨 RUPTURA IMINENTE;14,0;100,47;1379,8
PC003500;Não informado;E;Média;2,0;1,0;60,8;55;100;15;6,01;4,71;🟢 OK;0,0;122,34;0,0
PC001958;Não informado;E;Baixa;0,0;1,1;0,0;55;100;15;0,0;4,71;🚨 RUPTURA IMINENTE;4,0;841,42;2996,5
PC006156;Não informado;E;Baixa;2,0;3,0;19,9;55;100;15;18,38;4,71;🔴 Comprar agora;8,0;95,86;773,45
PC005503;Não informado;E;Baixa;3,0;1,0;90,4;55;100;15;4,04;4,71;🟢 OK;0,0;121,38;0,0
PC000147;Não informado;E;Média;2,0;1,6;36,6;55;100;15;9,99;4,71;🔴 Comprar agora;3,0;91,29;316,92
PC009778;Não informado;E;Baixa;3,0;1,0;92,8;55;100;15;3,93;4,71;🟢 OK;0,0;125,17;0,0
PC006060;Não informado;E;Baixa;1,0;1,9;15,7;55;100;15;23,23;4,71;🔴 Comprar agora;5,0;227,66;1221,36
PC007922;Não informado;E;Baixa;1,0;1,6;19,0;55;100;15;19,24;4,71;🔴 Comprar agora;4,0;111,38;475,74
PC006429;Não informado;E;Baixa;5,0;1,7;88,9;55;100;15;4,11;4,71;🟢 OK;0,0;48,92;0,0
PC003506;Não informado;E;Baixa;5,0;2,0;75,5;55;100;15;4,83;4,71;🟢 OK;0,0;59,47;0,0
PC000860;Não informado;E;Baixa;6,0;1,8;99,4;55;100;15;3,67;4,71;🟢 OK;0,0;46,92;0,0
PC006473;Não informado;E;Baixa;1,0;1,0;29,5;55;100;15;12,37;4,71;🔴 Comprar agora;2,0;269,7;644,13
PC003295;Não informado;E;Média;1,0;1,7;18,0;55;100;15;20,3;4,71;🔴 Comprar agora;5,0;85,04;387,84
PC008498;Não informado;E;Baixa;13,0;3,9;99,9;55;100;15;3,65;4,71;🟢 OK;0,0;22,05;0,0
PC000031;Não informado;E;Baixa;0,0;2,2;0,0;55;100;15;0,0;4,71;🚨 RUPTURA IMINENTE;7,0;263,71;1897,64
PC002856;Não informado;E;Baixa;8,0;2,7;89,4;55;100;15;4,08;4,71;🟢 OK;0,0;44,84;0,0
PC004160;Não informado;E;Baixa;0,0;2,1;0,0;55;100;15;0,0;4,71;🚨 RUPTURA IMINENTE;7,0;172,24;1205,76
PC000288;Não informado;E;Baixa;0,0;1,0;0,0;55;100;15;0,0;4,71;🚨 RUPTURA IMINENTE;3,0;303,07;1033,73
PC001759;Não informado;E;Baixa;1,0;1,0;29,3;55;100;15;12,46;4,71;🔴 Comprar agora;2,0;254,66;614,57
PC000734;Não informado;E;Baixa;4,0;4,2;28,4;55;100;15;12,85;4,71;🔴 Comprar agora;10,0;61,02;615,24
PC005542;Não informado;E;Baixa;7,0;6,9;30,5;55;100;15;11,96;4,71;🔴 Comprar agora;16,0;74,61;1188,7
PC003816;Não informado;E;Baixa;12,0;6,0;59,5;55;100;15;6,13;4,71;🟢 OK;0,0;17,51;0,0
PC004136;Não informado;E;Baixa;1,0;5,1;5,8;55;100;15;62,43;4,71;🚨 RUPTURA IMINENTE;16,0;59,33;955,5
PC005515;Não informado;E;Baixa;3,0;1,0;86,6;55;100;15;4,22;4,71;🟢 OK;0,0;108,07;0,0
PC000387;Não informado;E;Baixa;1,0;2,0;14,7;55;100;15;24,9;4,71;🚨 RUPTURA IMINENTE;6,0;277,45;1614,98
PC002593;Não informado;E;Baixa;3,0;1,0;91,0;55;100;15;4,01;4,71;🟢 OK;0,0;91,78;0,0
PC009164;Não informado;E;Baixa;1,0;1,0;28,9;55;100;15;12,63;4,71;🔴 Comprar agora;2,0;341,12;839,4
PC005153;Não informado;E;Baixa;2,0;0,9;65,1;55;100;15;5,61;4,71;🟢 OK;0,0;108,48;0,0
PC009064;Não informado;E;Baixa;2,0;1,0;62,7;55;100;15;5,82;4,71;🟢 OK;0,0;87,59;0,0
PC003560;Não informado;E;Baixa;4,0;2,0;59,3;55;100;15;6,15;4,71;🟢 OK;0,0;41,25;0,0
PC003573;Não informado;E;Baixa;1,0;1,0;30,4;55;100;15;12,0;4,71;🔴 Comprar agora;2,0;295,75;676,32
PC002866;Não informado;E;Baixa;2,0;0,9;68,3;55;100;15;5,35;4,71;🟢 OK;0,0;117,87;0,0
PC008936;Não informado;E;Baixa;6,0;1,9;92,9;55;100;15;3,93;4,71;🟢 OK;0,0;52,49;0,0
PC004193;Não informado;E;Baixa;2,0;1,6;38,2;55;100;15;9,54;4,71;🔴 Comprar agora;3,0;112,02;361,76
PC001907;Não informado;E;Baixa;1,0;2,0;14,9;55;100;15;24,53;4,71;🚨 RUPTURA IMINENTE;6,0;176,68;1010,53
PC000445;Não informado;E;Baixa;0,0;1,0;0,0;55;100;15;0,0;4,71;🚨 RUPTURA IMINENTE;3,0;308,4;1053,92
PC006013;Não informado;E;Baixa;3,0;1,6;56,2;55;100;15;6,5;4,71;🟢 OK;0,0;117,62;0,0
PC007644;Não informado;E;Baixa;1,0;1,6;19,1;55;100;15;19,14;4,71;🔴 Comprar agora;4,0;94,19;399,7
PC003688;Não informado;E;Baixa;2,0;9,5;6,3;55;100;15;57,5;4,71;🚨 RUPTURA IMINENTE;30,0;44,66;1317,68
PC000639;Não informado;E;Baixa;0,0;0,9;0,0;55;100;15;0,0;4,71;🚨 RUPTURA IMINENTE;3,0;599,61;1888,76
PC000609;Não informado;E;Baixa;1,0;0,9;32,5;55;100;15;11,22;4,71;🔴 Comprar agora;2,0;103,17;214,09
PC007628;Não informado;E;Baixa;1,0;2,0;14,8;55;100;15;24,74;4,71;🚨 RUPTURA IMINENTE;6,0;282,96;1634,74
PC000946;Não informado;E;Baixa;2,0;1,0;62,5;55;100;15;5,84;4,71;🟢 OK;0,0;102,35;0,0
PC001466;Não informado;E;Baixa;6,0;4,5;39,9;55;100;15;9,14;4,71;🔴 Comprar agora;9,0;27,37;246,89
PC009900;Não informado;E;Baixa;2,0;1,0;61,5;55;100;15;5,93;4,71;🟢 OK;0,0;105,89;0,0
PC008864;Não informado;E;Baixa;1,0;1,0;29,2;55;100;15;12,5;4,71;🔴 Comprar agora;2,0;508,75;1233,1
PC002152;Não informado;E;Média;5,0;6,5;23,1;55;100;15;15,83;4,71;🔴 Comprar agora;17,0;21,56;359,73
PC007794;Não informado;E;Baixa;1,0;1,0;28,7;55;100;15;12,7;4,71;🔴 Comprar agora;2,0;96,66;239,71
PC002148;Não informado;E;Baixa;0,0;2,0;0,0;55;100;15;0,0;4,71;🚨 RUPTURA IMINENTE;7,0;158,93;1060,4
PC006650;Não informado;E;Baixa;7,0;2,9;73,5;55;100;15;4,97;4,71;🟢 OK;0,0;36,34;0,0
PC005481;Não informado;E;Média;6,0;3,4;53,3;55;100;15;6,85;4,71;🔴 Comprar agora;5,0;39,3;206,85
PC003233;Não informado;E;Baixa;1,0;0,9;33,3;55;100;15;10,98;4,71;🔴 Comprar agora;2,0;77,64;155,83
PC001534;Não informado;E;Baixa;0,0;0,9;0,0;55;100;15;0,0;4,71;🚨 RUPTURA IMINENTE;3,0;442,73;1394,75
PC007144;Não informado;E;Baixa;11,0;5,1;64,5;55;100;15;5,66;4,71;🟢 OK;0,0;54,56;0,0
PC004431;Não informado;E;Baixa;0,0;1,1;0,0;55;100;15;0,0;4,71;🚨 RUPTURA IMINENTE;4,0;323,02;1154,72
PC001363;Não informado;E;Baixa;1,0;1,0;29,1;55;100;15;12,54;4,71;🔴 Comprar agora;2,0;303,36;738,59
PC007852;Não informado;E;Baixa;1,0;2,1;14,1;55;100;15;25,94;4,71;🚨 RUPTURA IMINENTE;6,0;158,91;970,31
PC007334;Não informado;E;Baixa;1,0;3,1;9,8;55;100;15;37,3;4,71;🚨 RUPTURA IMINENTE;9,0;71,86;662,54
PC002766;Não informado;E;Baixa;1,0;1,0;28,9;55;100;15;12,63;4,71;🔴 Comprar agora;2,0;71,68;176,3
PC009630;Não informado;E;Baixa;1,0;1,1;28,1;55;100;15;12,97;4,71;🔴 Comprar agora;3,0;308,24;787,05
PC006776;Não informado;E;Baixa;0,0;1,0;0,0;55;100;15;0,0;4,71;🚨 RUPTURA IMINENTE;3,0;261,2;902,41
PC001758;Não informado;E;Baixa;2,0;2,1;29,0;55;100;15;12,57;4,71;🔴 Comprar agora;5,0;48,36;236,42
PC005992;Não informado;E;Baixa;2,0;1,9;31,7;55;100;15;11,51;4,71;🔴 Comprar agora;4,0;41,33;177,89
PC000754;Não informado;E;Baixa;2,0;7,6;7,9;55;100;15;46,04;4,71;🚨 RUPTURA IMINENTE;23,0;36,7;852,46
PC005507;Não informado;E;Baixa;2,0;1,3;44,6;55;100;15;8,18;4,71;🔴 Comprar agora;2,0;85,2;211,44
PC001682;Não informado;E;Baixa;2,0;1,0;58,2;55;100;15;6,27;4,71;🟢 OK;0,0;92,64;0,0
PC001355;Não informado;E;Baixa;0,0;1,9;0,0;55;100;15;0,0;4,71;🚨 RUPTURA IMINENTE;6,0;133,87;828,87
PC004914;Não informado;E;Baixa;2,0;4,8;12,4;55;100;15;29,48;4,71;🚨 RUPTURA IMINENTE;14,0;104,01;1472,26
PC007541;Não informado;E;Baixa;2,0;1,5;40,0;55;100;15;9,13;4,71;🔴 Comprar agora;3,0;78,3;235,23
PC004986;Não informado;E;Baixa;4,0;2,9;41,7;55;100;15;8,75;4,71;🔴 Comprar agora;6,0;29,71;166,2
PC008489;Não informado;E;Baixa;3,0;0,9;101,3;55;100;15;3,6;4,71;🟡 Estoque excessivo;0,0;72,21;0,0
PC005407;Não informado;E;Baixa;3,0;1,0;89,6;55;100;15;4,07;4,71;🟢 OK;0,0;94,54;0,0
PC009896;Não informado;E;Baixa;6,0;3,1;57,4;55;100;15;6,36;4,71;🟢 OK;0,0;32,18;0,0
PC000044;Não informado;E;Baixa;1,0;1,0;29,4;55;100;15;12,42;4,71;🔴 Comprar agora;2,0;346,08;831,19
PC002098;Não informado;E;Baixa;4,0;18,6;6,4;55;100;15;56,59;4,71;🚨 RUPTURA IMINENTE;58,0;18,07;1048,37
PC008371;Não informado;E;Baixa;2,0;0,9;65,1;55;100;15;5,6;4,71;🟢 OK;0,0;98,36;0,0
PC006275;Não informado;E;Baixa;1,0;1,1;27,9;55;100;15;13,1;4,71;🔴 Comprar agora;3,0;313,35;811,09
PC007464;Não informado;E;Baixa;2,0;4,7;12,7;55;100;15;28,82;4,71;🚨 RUPTURA IMINENTE;14,0;74,82;1032,01
PC001001;Não informado;E;Baixa;2,0;3,9;15,2;55;100;15;23,98;4,71;🔴 Comprar agora;11,0;68,27;760,43
PC003484;Não informado;E;Baixa;5,0;4,1;37,0;55;100;15;9,86;4,71;🔴 Comprar agora;9,0;79,85;679,56
PC006312;Não informado;E;Baixa;3,0;1,8;51,3;55;100;15;7,12;4,71;🔴 Comprar agora;3,0;44,97;128,19
PC009841;Não informado;E;Baixa;4,0;1,3;91,5;55;100;15;3,99;4,71;🟢 OK;0,0;64,48;0,0
PC005993;Não informado;E;Baixa;3,0;2,8;32,6;55;100;15;11,21;4,71;🔴 Comprar agora;6,0;22,27;138,41
PC002828;Não informado;E;Baixa;3,0;7,7;11,7;55;100;15;31,27;4,71;🚨 RUPTURA IMINENTE;23,0;57,03;1294,45
PC002267;Não informado;E;Baixa;1,0;1,9;15,5;55;100;15;23,5;4,71;🔴 Comprar agora;5,0;82,52;448,83
PC004968;Não informado;E;Baixa;3,0;0,9;96,3;55;100;15;3,79;4,71;🟢 OK;0,0;88,2;0,0
PC001138;Não informado;E;Baixa;2,0;3,9;15,5;55;100;15;23,57;4,71;🔴 Comprar agora;11,0;104,6;1141,85
PC004466;Não informado;E;Baixa;1,0;1,0;28,8;55;100;15;12,69;4,71;🔴 Comprar agora;2,0;93,87;232,44
PC006914;Não informado;E;Baixa;1,0;1,0;30,5;55;100;15;11,98;4,71;🔴 Comprar agora;2,0;290,16;662,5
PC006710;Não informado;E;Baixa;1,0;2,0;15,0;55;100;15;24,33;4,71;🔴 Comprar agora;6,0;166,24;941,73
PC004214;Não informado;E;Baixa;2,0;1,0;59,3;55;100;15;6,16;4,71;🟢 OK;0,0;68,55;0,0
PC008374;Não informado;E;Baixa;0,0;1,0;0,0;55;100;15;0,0;4,71;🚨 RUPTURA IMINENTE;3,0;207,73;706,86
PC000378;Não informado;E;Baixa;1,0;1,0;29,8;55;100;15;12,24;4,71;🔴 Comprar agora;2,0;93,11;219,1
PC005916;Não informado;E;Baixa;0,0;1,0;0,0;55;100;15;0,0;4,71;🚨 RUPTURA IMINENTE;3,0;375,75;1221,73
PC006394;Não informado;E;Baixa;2,0;1,0;61,9;55;100;15;5,9;4,71;🟢 OK;0,0;71,19;0,0
PC007409;Não informado;E;Baixa;3,0;1,0;88,3;55;100;15;4,13;4,71;🟢 OK;0,0;92,12;0,0
PC007619;Não informado;E;Baixa;2,0;2,0;30,6;55;100;15;11,93;4,71;🔴 Comprar agora;5,0;165,2;749,57
PC001257;Não informado;E;Baixa;4,0;8,2;14,6;55;100;15;24,99;4,71;🚨 RUPTURA IMINENTE;23,0;17,9;418,64
PC000250;Não informado;E;Baixa;4,0;3,8;31,6;55;100;15;11,53;4,71;🔴 Comprar agora;9,0;65,13;562,63
PC007158;Não informado;E;Baixa;1,0;1,0;31,0;55;100;15;11,79;4,71;🔴 Comprar agora;2,0;89,31;199,08
PC002165;Não informado;E;Baixa;1,0;1,1;26,5;55;100;15;13,75;4,71;🔴 Comprar agora;3,0;358,99;993,27
PC000643;Não informado;E;Baixa;0,0;1,0;0,0;55;100;15;0,0;4,71;🚨 RUPTURA IMINENTE;3,0;250,92;876,57
PC007281;Não informado;E;Baixa;0,0;1,0;0,0;55;100;15;0,0;4,71;🚨 RUPTURA IMINENTE;3,0;190,9;644,13
PC002290;Não informado;E;Baixa;3,0;0,9;103,2;55;100;15;3,54;4,71;🟡 Estoque excessivo;0,0;85,99;0,0
PC003890;Não informado;E;Baixa;5,0;3,0;49,3;55;100;15;7,41;4,71;🔴 Comprar agora;5,0;23,98;123,36
PC002610;Não informado;E;Baixa;6,0;6,3;28,8;55;100;15;12,68;4,71;🔴 Comprar agora;15,0;34,54;512,74
PC003898;Não informado;E;Baixa;2,0;1,0;61,9;55;100;15;5,9;4,71;🟢 OK;0,0;65,04;0,0
PC009001;Não informado;E;Baixa;10,0;4,0;74,6;55;100;15;4,89;4,71;🟢 OK;0,0;21,34;0,0
PC006753;Não informado;E;Baixa;7,0;2,9;73,4;55;100;15;4,97;4,71;🟢 OK;0,0;22,56;0,0
PC008499;Não informado;E;Baixa;1,0;2,0;15,0;55;100;15;24,31;4,71;🔴 Comprar agora;6,0;121,58;688,32
PC003517;Não informado;E;Baixa;2,0;4,0;14,9;55;100;15;24,47;4,71;🚨 RUPTURA IMINENTE;11,0;80,65;920,06
PC001449;Não informado;E;Baixa;1,0;3,1;9,8;55;100;15;37,35;4,71;🚨 RUPTURA IMINENTE;9,0;106,7;985,18
PC009761;Não informado;E;Baixa;7,0;5,1;41,1;55;100;15;8,89;4,71;🔴 Comprar agora;10,0;40,62;408,05
PC008306;Não informado;E;Baixa;3,0;1,0;87,2;55;100;15;4,19;4,71;🟢 OK;0,0;60,94;0,0
PC007989;Não informado;E;Baixa;1,0;1,0;30,1;55;100;15;12,11;4,71;🔴 Comprar agora;2,0;183,98;426,39
PC000072;Não informado;E;Baixa;1,0;1,0;29,3;55;100;15;12,44;4,71;🔴 Comprar agora;2,0;505,31;1216,59
PC004147;Não informado;E;Baixa;0,0;1,0;0,0;55;100;15;0,0;4,71;🚨 RUPTURA IMINENTE;3,0;174,59;576,71
PC000097;Não informado;E;Baixa;3,0;1,6;56,0;55;100;15;6,52;4,71;🟢 OK;0,0;60,27;0,0
PC007110;Não informado;E;Baixa;1,0;1,1;28,4;55;100;15;12,84;4,71;🔴 Comprar agora;3,0;219,75;553,23
PC001714;Não informado;E;Baixa;2,0;1,0;62,4;55;100;15;5,85;4,71;🟢 OK;0,0;64,72;0,0
PC006313;Não informado;E;Baixa;6,0;6,5;27,6;55;100;15;13,21;4,71;🔴 Comprar agora;16,0;51,18;804,15
PC001384;Não informado;E;Baixa;9,0;4,1;65,2;55;100;15;5,6;4,71;🟢 OK;0,0;14,55;0,0
PC008488;Não informado;E;Baixa;3,0;1,6;57,8;55;100;15;6,31;4,71;🟢 OK;0,0;63,53;0,0
PC007842;Não informado;E;Baixa;0,0;1,0;0,0;55;100;15;0,0;4,71;🚨 RUPTURA IMINENTE;3,0;259,59;868,73
PC004858;Não informado;E;Baixa;2,0;1,3;46,3;55;100;15;7,88;4,71;🔴 Comprar agora;2,0;58,39;135,26
PC006504;Não informado;E;Baixa;6,0;14,0;12,8;55;100;15;28,48;4,71;🚨 RUPTURA IMINENTE;41,0;16,3;665,32
PC001850;Não informado;E;Baixa;4,0;7,8;15,3;55;100;15;23,79;4,71;🔴 Comprar agora;22,0;37,44;826,22
PC006889;Não informado;E;Baixa;2,0;1,5;38,7;55;100;15;9,43;4,71;🔴 Comprar agora;3,0;79,26;250,99
PC003450;Não informado;E;Baixa;3,0;1,3;67,1;55;100;15;5,44;4,71;🟢 OK;0,0;59,23;0,0
PC009935;Não informado;E;Baixa;1,0;1,1;27,6;55;100;15;13,21;4,71;🔴 Comprar agora;3,0;173,89;455,23
PC001249;Não informado;E;Baixa;1,0;1,0;28,8;55;100;15;12,67;4,71;🔴 Comprar agora;2,0;80,5;199,02
PC007859;Não informado;E;Baixa;1,0;1,0;29,8;55;100;15;12,25;4,71;🔴 Comprar agora;2,0;185,59;437,11
PC005747;Não informado;E;Baixa;0,0;2,0;0,0;55;100;15;0,0;4,71;🚨 RUPTURA IMINENTE;7,0;155,52;1028,48
PC001769;Não informado;E;Baixa;4,0;3,3;36,7;55;100;15;9,94;4,71;🔴 Comprar agora;7,0;31,9;220,05
PC000758;Não informado;E;Baixa;3,0;3,2;27,7;55;100;15;13,17;4,71;🔴 Comprar agora;8,0;66,87;523,46
PC007026;Não informado;E;Baixa;6,0;3,2;56,2;55;100;15;6,49;4,71;🟢 OK;0,0;38,84;0,0
PC004338;Não informado;E;Baixa;2,0;0,9;64,4;55;100;15;5,67;4,71;🟢 OK;0,0;78,79;0,0
PC001266;Não informado;E;Média;3,0;1,7;54,5;55;100;15;6,7;4,71;🔴 Comprar agora;3,0;78,66;196,94
PC009722;Não informado;E;Baixa;2,0;3,3;18,1;55;100;15;20,22;4,71;🔴 Comprar agora;9,0;92,95;843,73
PC007482;Não informado;E;Baixa;2,0;3,0;19,7;55;100;15;18,53;4,71;🔴 Comprar agora;8,0;54,55;444,77
PC005693;Não informado;E;Baixa;0,0;1,0;0,0;55;100;15;0,0;4,71;🚨 RUPTURA IMINENTE;3,0;244,52;819,49
PC005405;Não informado;E;Baixa;0,0;2,1;0,0;55;100;15;0,0;4,71;🚨 RUPTURA IMINENTE;7,0;128,96;896,2
PC002512;Não informado;E;Baixa;0,0;2,0;0,0;55;100;15;0,0;4,71;🚨 RUPTURA IMINENTE;7,0;95,29;637,82
PC000058;Não informado;E;Baixa;10,0;4,8;62,6;55;100;15;5,83;4,71;🟢 OK;0,0;24,94;0,0
PC003056;Não informado;E;Baixa;0,0;1,0;0,0;55;100;15;0,0;4,71;🚨 RUPTURA IMINENTE;3,0;184,29;595,57
PC009103;Não informado;E;Baixa;1,0;2,0;14,7;55;100;15;24,78;4,71;🚨 RUPTURA IMINENTE;6,0;125,85;728,72
PC003395;Não informado;E;Baixa;1,0;1,0;30,5;55;100;15;11,99;4,71;🔴 Comprar agora;2,0;203,07;463,82
PC000617;Não informado;E;Baixa;3,0;2,9;30,6;55;100;15;11,92;4,71;🔴 Comprar agora;7,0;21,06;143,07
PC002294;Não informado;E;Baixa;3,0;1,0;91,8;55;100;15;3,98;4,71;🟢 OK;0,0;71,84;0,0
PC000691;Não informado;E;Baixa;0,0;2,0;0,0;55;100;15;0,0;4,71;🚨 RUPTURA IMINENTE;7,0;145,96;952,91
PC002857;Não informado;E;Baixa;1,0;3,1;9,7;55;100;15;37,59;4,71;🚨 RUPTURA IMINENTE;9,0;86,5;804,28
PC000268;Não informado;E;Baixa;2,0;1,0;61,3;55;100;15;5,95;4,71;🟢 OK;0,0;76,52;0,0
PC002346;Não informado;E;Baixa;1,0;1,0;30,8;55;100;15;11,86;4,71;🔴 Comprar agora;2,0;244,78;550,33
PC007155;Não informado;E;Baixa;2,0;1,6;38,2;55;100;15;9,54;4,71;🔴 Comprar agora;3,0;66,59;215,07
PC002418;Não informado;E;Baixa;2,0;2,0;29,6;55;100;15;12,32;4,71;🔴 Comprar agora;5,0;29,91;142,02
PC003253;Não informado;E;Baixa;3,0;3,0;29,6;55;100;15;12,34;4,71;🔴 Comprar agora;7,0;94,87;677,95
PC005281;Não informado;E;Baixa;2,0;3,1;19,5;55;100;15;18,71;4,71;🔴 Comprar agora;8,0;115,96;957,07
PC004124;Não informado;E;Baixa;3,0;1,6;54,6;55;100;15;6,69;4,71;🔴 Comprar agora;2,0;54,39;135,68
PC008285;Não informado;E;Baixa;1,0;1,5;19,9;55;100;15;18,36;4,71;🔴 Comprar agora;4,0;52,85;212,93
PC003706;Não informado;E;Baixa;1,0;0,9;32,8;55;100;15;11,14;4,71;🔴 Comprar agora;2,0;51,03;104,76
PC001000;Não informado;E;Média;6,0;5,0;35,9;55;100;15;10,18;4,71;🔴 Comprar agora;11,0;18,75;201,16
PC001742;Não informado;E;Baixa;4,0;6,1;19,6;55;100;15;18,66;4,71;🔴 Comprar agora;16,0;35,31;580,93
PC009458;Não informado;E;Baixa;2,0;0,9;65,1;55;100;15;5,61;4,71;🟢 OK;0,0;68,33;0,0
PC006352;Não informado;E;Baixa;1,0;1,0;29,2;55;100;15;12,49;4,71;🔴 Comprar agora;2,0;64,53;156,21
PC004018;Não informado;E;Baixa;6,0;5,2;34,7;55;100;15;10,51;4,71;🔴 Comprar agora;11,0;36,88;415,58
PC009897;Não informado;E;Média;3,0;3,3;27,5;55;100;15;13,27;4,71;🔴 Comprar agora;8,0;36,32;287,05
PC000674;Não informado;E;Baixa;0,0;3,0;0,0;55;100;15;0,0;4,71;🚨 RUPTURA IMINENTE;10,0;69,18;688,73
PC000221;Não informado;E;Baixa;1,0;4,1;7,4;55;100;15;49,63;4,71;🚨 RUPTURA IMINENTE;13,0;100,76;1269,27
PC002921;Não informado;E;Baixa;6,0;4,9;36,4;55;100;15;10,03;4,71;🔴 Comprar agora;10,0;21,43;224,61
PC003509;Não informado;E;Baixa;6,0;4,0;44,7;55;100;15;8,17;4,71;🔴 Comprar agora;7,0;47,72;354,59
PC003514;Não informado;E;Baixa;0,0;2,0;0,0;55;100;15;0,0;4,71;🚨 RUPTURA IMINENTE;7,0;109,3;739,25
PC008186;Não informado;E;Baixa;6,0;6,1;29,6;55;100;15;12,32;4,71;🔴 Comprar agora;14,0;42,69;608,62
PC005995;Não informado;E;Baixa;2,0;2,0;29,9;55;100;15;12,2;4,71;🔴 Comprar agora;5,0;124,45;583,07
PC002816;Não informado;E;Baixa;2,0;1,0;57,9;55;100;15;6,31;4,71;🟢 OK;0,0;133,6;0,0
PC009704;Não informado;E;Baixa;2,0;3,0;19,9;55;100;15;18,36;4,71;🔴 Comprar agora;8,0;59,75;481,66
PC004585;Não informado;E;Baixa;0,0;1,9;0,0;55;100;15;0,0;4,71;🚨 RUPTURA IMINENTE;6,0;88,08;566,0
PC009587;Não informado;E;Baixa;3,0;1,0;87,5;55;100;15;4,17;4,71;🟢 OK;0,0;54,51;0,0
PC008462;Não informado;E;Baixa;1,0;1,0;30,7;55;100;15;11,9;4,71;🔴 Comprar agora;2,0;264,69;597,99
PC007009;Não informado;E;Baixa;8,0;2,8;85,8;55;100;15;4,25;4,71;🟢 OK;0,0;21,84;0,0
PC000114;Não informado;E;Baixa;1,0;1,0;29,1;55;100;15;12,52;4,71;🔴 Comprar agora;2,0;54,4;132,25
PC009330;Não informado;E;Baixa;8,0;2,6;91,6;55;100;15;3,98;4,71;🟢 OK;0,0;21,27;0,0
PC009533;Não informado;E;Baixa;1,0;1,0;29,6;55;100;15;12,34;4,71;🔴 Comprar agora;2,0;173,59;413,48
PC003113;Não informado;E;Baixa;3,0;6,1;14,9;55;100;15;24,54;4,71;🚨 RUPTURA IMINENTE;17,0;40,63;697,55
PC008232;Não informado;E;Média;5,0;3,4;44,8;55;100;15;8,15;4,71;🔴 Comprar agora;6,0;32,26;199,06
PC002042;Não informado;E;Baixa;0,0;2,1;0,0;55;100;15;0,0;4,71;🚨 RUPTURA IMINENTE;7,0;92,43;648,37
PC003625;Não informado;E;Baixa;6,0;9,2;19,6;55;100;15;18,62;4,71;🔴 Comprar agora;25,0;14,78;363,63
PC007282;Não informado;E;Baixa;1,0;0,9;32,9;55;100;15;11,09;4,71;🔴 Comprar agora;2,0;58,91;120,14
PC005794;Não informado;E;Baixa;1,0;1,0;30,4;55;100;15;12,0;4,71;🔴 Comprar agora;2,0;44,18;101,09
PC001547;Não informado;E;Baixa;0,0;1,0;0,0;55;100;15;0,0;4,71;🚨 RUPTURA IMINENTE;3,0;195,62;675,04
PC001606;Não informado;E;Baixa;0,0;2,1;0,0;55;100;15;0,0;4,71;🚨 RUPTURA IMINENTE;7,0;69,69;478,88
PC002529;Não informado;E;Baixa;4,0;6,8;17,6;55;100;15;20,75;4,71;🔴 Comprar agora;19,0;21,33;399,76
PC005904;Não informado;E;Baixa;0,0;1,1;0,0;55;100;15;0,0;4,71;🚨 RUPTURA IMINENTE;4,0;174,91;626,81
PC003174;Não informado;E;Baixa;2,0;0,9;64,6;55;100;15;5,65;4,71;🟢 OK;0,0;48,81;0,0
PC002490;Não informado;E;Baixa;1,0;2,0;14,7;55;100;15;24,85;4,71;🚨 RUPTURA IMINENTE;6,0;74,42;432,27
PC001994;Não informado;E;Baixa;1,0;1,0;29,3;55;100;15;12,46;4,71;🔴 Comprar agora;2,0;295,0;711,85
PC007579;Não informado;E;Baixa;1,0;1,4;20,9;55;100;15;17,44;4,71;🔴 Comprar agora;4,0;45,12;170,52
PC006070;Não informado;E;Baixa;0,0;1,0;0,0;55;100;15;0,0;4,71;🚨 RUPTURA IMINENTE;3,0;172,53;580,71
PC009121;Não informado;E;Baixa;3,0;4,2;21,4;55;100;15;17,02;4,71;🔴 Comprar agora;11,0;42,81;470,51
PC002786;Não informado;E;Baixa;2,0;1,0;58,1;55;100;15;6,28;4,71;🟢 OK;0,0;48,64;0,0
PC004957;Não informado;E;Baixa;0,0;1,1;0,0;55;100;15;0,0;4,71;🚨 RUPTURA IMINENTE;4,0;192,31;713,47
PC004815;Não informado;E;Baixa;1,0;0,9;32,5;55;100;15;11,23;4,71;🔴 Comprar agora;2,0;48,18;100,0
PC003745;Não informado;E;Baixa;2,0;3,1;19,1;55;100;15;19,09;4,71;🔴 Comprar agora;8,0;99,41;840,83
PC004245;Não informado;E;Baixa;0,0;1,0;0,0;55;100;15;0,0;4,71;🚨 RUPTURA IMINENTE;3,0;180,82;603,01
PC002216;Não informado;E;Baixa;1,0;1,0;30,5;55;100;15;11,97;4,71;🔴 Comprar agora;2,0;48,08;109,62
PC001658;Não informado;E;Baixa;2,0;2,7;22,5;55;100;15;16,23;4,71;🔴 Comprar agora;7,0;18,14;125,04
PC000233;Não informado;E;Baixa;8,0;7,2;33,2;55;100;15;10,99;4,71;🔴 Comprar agora;16,0;20,77;334,09
PC007090;Não informado;E;Baixa;1,0;1,0;29,6;55;100;15;12,34;4,71;🔴 Comprar agora;2,0;44,17;105,21
PC005190;Não informado;E;Baixa;0,0;1,0;0,0;55;100;15;0,0;4,71;🚨 RUPTURA IMINENTE;3,0;182,25;604,51
PC005114;Não informado;E;Baixa;1,0;6,9;4,3;55;100;15;84,5;4,71;🚨 RUPTURA IMINENTE;22,0;25,02;554,22
PC005938;Não informado;E;Baixa;1,0;2,1;14,2;55;100;15;25,63;4,71;🚨 RUPTURA IMINENTE;6,0;82,33;495,73
PC006696;Não informado;E;Baixa;1,0;2,0;15,1;55;100;15;24,14;4,71;🔴 Comprar agora;6,0;71,29;400,24
PC000882;Não informado;E;Baixa;3,0;1,4;66,1;55;100;15;5,52;4,71;🟢 OK;0,0;43,61;0,0
PC008506;Não informado;E;Baixa;1,0;1,0;31,3;55;100;15;11,66;4,71;🔴 Comprar agora;2,0;48,48;106,4
PC005921;Não informado;E;Baixa;3,0;1,0;88,1;55;100;15;4,14;4,71;🟢 OK;0,0;37,65;0,0
PC003894;Não informado;E;Baixa;1,0;2,1;14,6;55;100;15;25,02;4,71;🚨 RUPTURA IMINENTE;6,0;60,22;352,59
PC002426;Não informado;E;Baixa;1,0;1,5;20,6;55;100;15;17,71;4,71;🔴 Comprar agora;4,0;37,64;144,98
PC000552;Não informado;E;Baixa;2,0;1,0;59,0;55;100;15;6,18;4,71;🟢 OK;0,0;125,96;0,0
PC006449;Não informado;E;Baixa;0,0;1,0;0,0;55;100;15;0,0;4,71;🚨 RUPTURA IMINENTE;3,0;102,94;351,82
PC004329;Não informado;E;Baixa;0,0;3,0;0,0;55;100;15;0,0;4,71;🚨 RUPTURA IMINENTE;10,0;40,88;415,54
PC004577;Não informado;E;Baixa;1,0;1,1;27,0;55;100;15;13,51;4,71;🔴 Comprar agora;3,0;35,67;96,33
PC009185;Não informado;E;Baixa;1,0;5,1;5,9;55;100;15;61,55;4,71;🚨 RUPTURA IMINENTE;16,0;24,29;385,32
PC005434;Não informado;E;Baixa;1,0;3,0;10,0;55;100;15;36,55;4,71;🚨 RUPTURA IMINENTE;9,0;40,2;362,39
PC002536;Não informado;E;Baixa;1,0;5,1;5,9;55;100;15;61,58;4,71;🚨 RUPTURA IMINENTE;16,0;27,69;439,44
PC000848;Não informado;E;Baixa;1,0;1,0;28,8;55;100;15;12,67;4,71;🔴 Comprar agora;2,0;113,11;279,54
PC009910;Não informado;E;Baixa;0,0;1,1;0,0;55;100;15;0,0;4,71;🚨 RUPTURA IMINENTE;4,0;184,9;660,6
PC006962;Não informado;E;Baixa;1,0;4,9;6,1;55;100;15;60,08;4,71;🚨 RUPTURA IMINENTE;15,0;24,2;374,11
PC001832;Não informado;E;Baixa;2,0;1,5;39,1;55;100;15;9,32;4,71;🔴 Comprar agora;3,0;38,1;118,44
PC006386;Não informado;E;Baixa;2,0;7,0;8,6;55;100;15;42,55;4,71;🚨 RUPTURA IMINENTE;21,0;26,18;557,98
PC003945;Não informado;E;Baixa;1,0;3,1;9,7;55;100;15;37,44;4,71;🚨 RUPTURA IMINENTE;9,0;33,23;307,67
PC004154;Não informado;E;Baixa;1,0;1,9;15,6;55;100;15;23,4;4,71;🔴 Comprar agora;5,0;55,95;302,78
PC000762;Não informado;E;Baixa;0,0;1,9;0,0;55;100;15;0,0;4,71;🚨 RUPTURA IMINENTE;6,0;79,09;488,89
PC000040;Não informado;E;Baixa;5,0;3,2;47,2;55;100;15;7,73;4,71;🔴 Comprar agora;6,0;16,41;91,79
PC000690;Não informado;E;Baixa;3,0;1,6;55,1;55;100;15;6,62;4,71;🟢 OK;0,0;31,01;0,0
PC006860;Não informado;E;Baixa;1,0;1,0;30,8;55;100;15;11,85;4,71;🔴 Comprar agora;2,0;178,0;399,96
PC009202;Não informado;E;Baixa;1,0;3,2;9,5;55;100;15;38,43;4,71;🚨 RUPTURA IMINENTE;10,0;52,01;495,58
PC003453;Não informado;E;Baixa;1,0;2,0;15,2;55;100;15;23,94;4,71;🔴 Comprar agora;6,0;68,37;380,15
PC000140;Não informado;E;Baixa;0,0;1,0;0,0;55;100;15;0,0;4,71;🚨 RUPTURA IMINENTE;3,0;193,24;644,53
PC003176;Não informado;E;Baixa;1,0;3,2;9,4;55;100;15;38,76;4,71;🚨 RUPTURA IMINENTE;10,0;38,38;369,15
PC007414;Não informado;E;Baixa;0,0;1,0;0,0;55;100;15;0,0;4,71;🚨 RUPTURA IMINENTE;3,0;110,76;373,88
PC002217;Não informado;E;Baixa;3,0;1,3;71,1;55;100;15;5,14;4,71;🟢 OK;0,0;28,86;0,0
PC000488;Não informado;E;Baixa;3,0;1,6;57,3;55;100;15;6,37;4,71;🟢 OK;0,0;29,56;0,0
PC005192;Não informado;E;Baixa;0,0;1,0;0,0;55;100;15;0,0;4,71;🚨 RUPTURA IMINENTE;3,0;130,87;447,7
PC006586;Não informado;E;Baixa;1,0;1,0;30,2;55;100;15;12,09;4,71;🔴 Comprar agora;2,0;81,3;188,04
PC000498;Não informado;E;Baixa;1,0;2,0;15,2;55;100;15;24,03;4,71;🔴 Comprar agora;6,0;114,97;641,9
PC009576;Não informado;E;Baixa;1,0;3,1;9,6;55;100;15;38,07;4,71;🚨 RUPTURA IMINENTE;9,0;53,17;501,41
PC009782;Não informado;E;Baixa;1,0;1,9;15,4;55;100;15;23,63;4,71;🔴 Comprar agora;5,0;56,42;308,88
PC004082;Não informado;E;Baixa;3,0;5,0;17,8;55;100;15;20,45;4,71;🔴 Comprar agora;14,0;32,06;442,64
PC001594;Não informado;E;Baixa;1,0;2,0;14,7;55;100;15;24,75;4,71;🚨 RUPTURA IMINENTE;6,0;39,81;230,17
PC007393;Não informado;E;Baixa;1,0;3,1;9,6;55;100;15;38,06;4,71;🚨 RUPTURA IMINENTE;9,0;29,4;277,15
PC001897;Não informado;E;Baixa;2,0;1,0;60,4;55;100;15;6,04;4,71;🟢 OK;0,0;22,98;0,0
PC003698;Não informado;E;Média;2,0;1,6;36,5;55;100;15;10,0;4,71;🔴 Comprar agora;3,0;26,44;91,96
PC002234;Não informado;E;Baixa;0,0;1,0;0,0;55;100;15;0,0;4,71;🚨 RUPTURA IMINENTE;3,0;96,1;316,47
PC009821;Não informado;E;Baixa;1,0;1,0;29,7;55;100;15;12,28;4,71;🔴 Comprar agora;2,0;84,04;198,6
PC000041;Não informado;E;Baixa;2,0;1,0;59,7;55;100;15;6,11;4,71;🟢 OK;0,0;18,41;0,0
PC005882;Não informado;E;Baixa;1,0;3,8;7,9;55;100;15;45,94;4,71;🚨 RUPTURA IMINENTE;12,0;32,22;373,3
PC006198;Não informado;E;Baixa;0,0;1,0;0,0;55;100;15;0,0;4,71;🚨 RUPTURA IMINENTE;3,0;72,38;236,45
PC006939;Não informado;E;Baixa;1,0;1,0;30,3;55;100;15;12,05;4,71;🔴 Comprar agora;2,0;62,16;143,02
PC007666;Não informado;E;Baixa;1,0;1,0;29,5;55;100;15;12,36;4,71;🔴 Comprar agora;2,0;107,41;256,39
PC002401;Não informado;E;Baixa;0,0;1,0;0,0;55;100;15;0,0;4,71;🚨 RUPTURA IMINENTE;3,0;56,96;196,01
PC005682;Não informado;E;Baixa;0,0;1,0;0,0;55;100;15;0,0;4,71;🚨 RUPTURA IMINENTE;3,0;73,47;246,19
PC005225;Não informado;E;Baixa;1,0;1,0;29,7;55;100;15;12,28;4,71;🔴 Comprar agora;2,0;50,66;119,79
PC003634;Não informado;E;Baixa;1,0;2,0;15,2;55;100;15;24,04;4,71;🔴 Comprar agora;6,0;17,19;96,04
PC002473;Não informado;E;Baixa;2,0;1,0;57,9;55;100;15;6,3;4,71;🟢 OK;0,0;15,65;0,0
PC003489;Não informado;E;Baixa;1,0;1,0;31,1;55;100;15;11,73;4,71;🔴 Comprar agora;2,0;72,58;160,66
PC004904;Não informado;E;Baixa;0,0;1,8;0,0;55;100;15;0,0;4,71;🚨 RUPTURA IMINENTE;6,0;27,31;167,24
PC000331;Não informado;E;Baixa;1,0;0,9;32,3;55;100;15;11,31;4,71;🔴 Comprar agora;2,0;56,67;118,94
PC007848;Não informado;E;Baixa;0,0;1,0;0,0;55;100;15;0,0;4,71;🚨 RUPTURA IMINENTE;3,0;45,74;153,3
PC005818;Não informado;E;Baixa;1,0;1,0;28,9;55;100;15;12,62;4,71;🔴 Comprar agora;2,0;36,52;89,72
PC001146;Não informado;E;Baixa;1,0;1,0;29,8;55;100;15;12,26;4,71;🔴 Comprar agora;2,0;62,52;147,44
PC007154;Não informado;E;Baixa;0,0;1,1;0,0;55;100;15;0,0;4,71;🚨 RUPTURA IMINENTE;4,0;47,11;168,44
PC006269;Não informado;E;Baixa;1,0;0,9;31,7;55;100;15;11,52;4,71;🔴 Comprar agora;2,0;62,58;135,02
PC008425;Não informado;E;Baixa;0,0;1,9;0,0;55;100;15;0,0;4,71;🚨 RUPTURA IMINENTE;6,0;30,86;194,97
PC005754;Não informado;E;Baixa;1,0;2,1;14,5;55;100;15;25,15;4,71;🚨 RUPTURA IMINENTE;6,0;20,32;119,72
PC002994;Não informado;E;Baixa;1,0;0,9;32,4;55;100;15;11,27;4,71;🔴 Comprar agora;2,0;36,26;75,66
PC003553;Não informado;E;Baixa;0,0;1,0;0,0;55;100;15;0,0;4,71;🚨 RUPTURA IMINENTE;3,0;49,68;165,52
PC007226;Não informado;E;Baixa;0,0;1,0;0,0;55;100;15;0,0;4,71;🚨 RUPTURA IMINENTE;3,0;29,3;96,76
