Produto;n_periodos;modelo_escolhido;ultimo_real;previsao;var_pct_proximo_mes;status;rank
PC001173;48;Prophet;439708,54;[462070.55, 462059.84, 449418.96, 445837.18, 482499.07, 477896.76];5,1;ok;"{""ARIMA"": 2083020883.2812893, ""ExponentialSmoothing"": 1421941861.210005, ""SARIMAX"": 1408620203.5849545, ""Holt"": 2126311190.3211977, ""Prophet"": 1193890396.05127, ""Croston"": 2872709477.430823, ""TSB"": 2872709477.430823, ""Ensemble"": 1276076523.2451878}"
PC002592;48;Prophet;336417,7;[331388.7, 344525.37, 333837.75, 397869.36, 392454.79, 409636.05];-1,5;ok;"{""ARIMA"": 2584099557.79443, ""ExponentialSmoothing"": 132773051.38725348, ""SARIMAX"": 399454072.84075195, ""Holt"": 2634821779.898592, ""Prophet"": 56024109.884842515, ""Croston"": 714279305.9536719, ""TSB"": 714279305.9536719}"
PC002709;48;ARIMA;284417,47;[281459.43, 281621.89, 281612.97, 281613.46, 281613.43, 281613.43];-1,0;ok;"{""ARIMA"": 85294622.02209929, ""ExponentialSmoothing"": 104614439.85906811, ""SARIMAX"": 268635987.79162025, ""Holt"": 117781006.83456765, ""Prophet"": 177780245.23795572, ""Croston"": 88615619.17955242, ""TSB"": 88615619.17955242, ""Ensemble"": 86975117.21041442}"
PC003083;48;Prophet;225316,31;[263294.31, 247770.35, 262060.5, 286294.8, 295791.8, 302883.85];16,9;ok;"{""ARIMA"": 3389757680.045653, ""ExponentialSmoothing"": 354967176.47386354, ""SARIMAX"": 694181843.3664516, ""Holt"": 2250463069.11557, ""Prophet"": 338973681.38940865, ""Croston"": 871373804.3404932, ""TSB"": 871373804.3404932}"
PC000960;48;Holt;236657,72;[250354.35, 250219.48, 250111.58, 250025.26, 249956.2, 249900.95];5,8;ok;"{""ARIMA"": 441721451.975074, ""ExponentialSmoothing"": 230971497.72692737, ""SARIMAX"": 448342351.440217, ""Holt"": 148526415.13501355, ""Prophet"": 212522867.90382385, ""Croston"": 150163204.8112633, ""TSB"": 150163204.8112633, ""Ensemble"": 149605305.7714611}"
PC000661;48;Ensemble;217697,23;[238123.74, 237516.11, 240833.19, 254065.57, 259794.84, 259404.9];9,4;ok;"{""ARIMA"": 1348810935.2447364, ""ExponentialSmoothing"": 153594213.6516151, ""SARIMAX"": 503183992.08942884, ""Holt"": 1160320262.9848754, ""Prophet"": 215756278.31617966, ""Croston"": 190570957.91211525, ""TSB"": 190570957.91211525, ""Ensemble"": 108445656.38182604}"
PC005395;48;Prophet;221437,89;[197096.72, 201329.07, 196849.33, 204193.37, 204888.76, 207920.22];-11,0;ok;"{""ARIMA"": 378016096.7493825, ""ExponentialSmoothing"": 335520876.5517848, ""SARIMAX"": 762724995.0155491, ""Holt"": 271248496.834343, ""Prophet"": 184537641.51166224, ""Croston"": 264352238.9040948, ""TSB"": 264352238.9040948}"
PC008800;48;ExponentialSmoothing;185868,9;[332705.48, 165531.48, 156727.59, 163424.61, 178964.5, 195753.86];79,0;ok;"{""ARIMA"": 3031006134.73588, ""ExponentialSmoothing"": 435088024.37621135, ""SARIMAX"": 552385418.2172164, ""Holt"": 3584382952.9161854, ""Prophet"": 633424347.212535, ""Croston"": 3101858628.844549, ""TSB"": 3101858628.844549}"
PC004563;48;Prophet;171379,67;[178733.01, 184015.95, 189201.15, 213508.92, 216222.7, 211083.89];4,3;ok;"{""ARIMA"": 1826602069.8914099, ""ExponentialSmoothing"": 163404878.81997797, ""SARIMAX"": 734895050.5503292, ""Holt"": 1398079024.2761052, ""Prophet"": 92730832.64383613, ""Croston"": 249574945.89364803, ""TSB"": 249574945.89364803}"
PC001450;48;ARIMA;188435,96;[189264.47, 189452.48, 189495.15, 189504.83, 189507.03, 189507.53];0,4;ok;"{""ARIMA"": 50318715.912544094, ""ExponentialSmoothing"": 99690785.3618015, ""SARIMAX"": 179984855.5362773, ""Holt"": 176829293.13493934, ""Prophet"": 182687897.71906185, ""Croston"": 76554589.94437426, ""TSB"": 76554589.94437426}"
PC000672;48;SARIMAX;164330,47;[325587.05, 170105.6, 182469.86, 171774.78, 171668.69, 195919.34];98,1;ok;"{""ARIMA"": 3960076673.728865, ""ExponentialSmoothing"": 828685856.1794575, ""SARIMAX"": 546456999.7708516, ""Holt"": 4988379688.3875265, ""Prophet"": 760798540.0906545, ""Croston"": 3957873980.7793865, ""TSB"": 3957873980.7793865}"
PC003019;48;ExponentialSmoothing;157815,79;[287711.7, 158301.47, 150302.05, 142706.29, 140861.54, 160234.73];82,3;ok;"{""ARIMA"": 1924070210.9144328, ""ExponentialSmoothing"": 323426369.1042039, ""SARIMAX"": 363614709.4622734, ""Holt"": 2488006722.7063594, ""Prophet"": 422019002.36319375, ""Croston"": 1940537365.0306137, ""TSB"": 1940537365.0306137}"
PC003925;48;ExponentialSmoothing;135764,1;[247275.79, 129469.15, 140825.14, 133017.59, 133591.84, 130350.2];82,1;ok;"{""ARIMA"": 1793178255.460552, ""ExponentialSmoothing"": 102224121.7386675, ""SARIMAX"": 601322262.2042246, ""Holt"": 2298267815.2794538, ""Prophet"": 164631190.08636707, ""Croston"": 1844195955.0066397, ""TSB"": 1844195955.0066397}"
PC002154;48;Prophet;104420,49;[237396.17, 126821.25, 126595.38, 127123.74, 135793.12, 123463.12];127,3;ok;"{""ARIMA"": 1663481248.2643669, ""ExponentialSmoothing"": 194571587.11067072, ""SARIMAX"": 234392174.95632255, ""Holt"": 1968146015.4509382, ""Prophet"": 176235108.34363273, ""Croston"": 1768687193.4811935, ""TSB"": 1768687193.4811935}"
PC004811;48;Holt;151942,38;[148232.81, 148311.37, 148374.23, 148424.51, 148464.74, 148496.92];-2,4;ok;"{""ARIMA"": 101102373.50466718, ""ExponentialSmoothing"": 162433455.0685266, ""SARIMAX"": 162170404.22580972, ""Holt"": 69877882.87327315, ""Prophet"": 171996307.71626154, ""Croston"": 100941256.08664863, ""TSB"": 100941256.08664863}"
PC003795;48;ARIMA;142610,97;[144551.66, 142637.03, 144525.95, 142662.39, 144500.93, 142687.08];1,4;ok;"{""ARIMA"": 80438869.3304722, ""ExponentialSmoothing"": 152347692.97601202, ""SARIMAX"": 203558794.31977245, ""Holt"": 154128721.26787335, ""Prophet"": 126895412.63128519, ""Croston"": 110858529.63400011, ""TSB"": 110858529.63400011}"
PC009877;48;ExponentialSmoothing;133631,6;[131793.68, 130658.58, 132503.52, 131978.18, 136155.27, 132505.12];-1,4;ok;"{""ARIMA"": 315529955.1393917, ""ExponentialSmoothing"": 61533248.1332885, ""SARIMAX"": 569463208.1141895, ""Holt"": 239990944.33979288, ""Prophet"": 68891534.0897747, ""Croston"": 79353858.92818753, ""TSB"": 79353858.92818753, ""Ensemble"": 61878769.01429715}"
PC008523;48;ExponentialSmoothing;126215,78;[133042.02, 134974.07, 136604.62, 134721.68, 139001.46, 144149.74];5,4;ok;"{""ARIMA"": 147393379.75176534, ""ExponentialSmoothing"": 34493518.86105369, ""SARIMAX"": 340356737.3785677, ""Holt"": 57449846.51151068, ""Prophet"": 76125407.71097219, ""Croston"": 70349341.04564503, ""TSB"": 70349341.04564503}"
PC003936;48;Prophet;93294,83;[97269.21, 103999.04, 112419.53, 115974.3, 121012.43, 137707.61];4,3;ok;"{""ARIMA"": 1383127822.319763, ""ExponentialSmoothing"": 43734797.02744932, ""SARIMAX"": 218703679.38925552, ""Holt"": 1138987495.5807126, ""Prophet"": 41377017.40314631, ""Croston"": 172969536.31470817, ""TSB"": 172969536.31470817}"
PC009813;48;Prophet;103990,8;[180805.32, 101584.36, 107289.22, 97057.65, 100164.51, 106689.24];73,9;ok;"{""ARIMA"": 1132931116.7673657, ""ExponentialSmoothing"": 99962688.84797508, ""SARIMAX"": 117817814.24503654, ""Holt"": 1238968869.64619, ""Prophet"": 59090608.70859638, ""Croston"": 1127584729.439386, ""TSB"": 1127584729.439386}"
PC008512;48;ExponentialSmoothing;84519,31;[179806.24, 89400.28, 94424.12, 90757.11, 90472.29, 91705.04];112,7;ok;"{""ARIMA"": 1056316870.1331006, ""ExponentialSmoothing"": 62293727.92667294, ""SARIMAX"": 195961542.4032904, ""Holt"": 1633366799.5667706, ""Prophet"": 82512464.41453838, ""Croston"": 1152287109.7676144, ""TSB"": 1152287109.7676144}"
PC004629;48;ExponentialSmoothing;96941,07;[172292.68, 98744.09, 91776.57, 97742.49, 95578.85, 92614.76];77,7;ok;"{""ARIMA"": 494582793.03214926, ""ExponentialSmoothing"": 48011043.38624597, ""SARIMAX"": 122274176.90356873, ""Holt"": 887564354.0811759, ""Prophet"": 52949695.71979617, ""Croston"": 551135610.152088, ""TSB"": 551135610.152088}"
PC000587;48;Croston;100045,35;[104323.76, 104323.76, 104323.76, 104323.76, 104323.76, 104323.76];4,3;ok;"{""ARIMA"": 125101735.40693307, ""ExponentialSmoothing"": 63902437.04651717, ""SARIMAX"": 35504565.7983903, ""Holt"": 36984607.26198182, ""Prophet"": 39607239.16851369, ""Croston"": 31972697.81764652, ""TSB"": 31972697.81764652, ""Ensemble"": 32502713.768364493}"
PC004171;48;Ensemble;97357,9;[104206.75, 104510.68, 106921.54, 106722.87, 106907.2, 105825.12];7,0;ok;"{""ARIMA"": 55151005.93583355, ""ExponentialSmoothing"": 33456835.22950837, ""SARIMAX"": 31691347.998361785, ""Holt"": 84975278.087626, ""Prophet"": 27366415.817844827, ""Croston"": 27979180.857527692, ""TSB"": 27979180.857527692, ""Ensemble"": 26024041.890972856}"
PC003690;48;ExponentialSmoothing;89480,61;[157520.89, 84703.72, 86991.38, 85173.5, 94538.5, 83457.86];76,0;ok;"{""ARIMA"": 1014166015.9922365, ""ExponentialSmoothing"": 26383708.034212727, ""SARIMAX"": 56148514.70430244, ""Holt"": 1329193727.039026, ""Prophet"": 26622109.187829863, ""Croston"": 1057262097.3710448, ""TSB"": 1057262097.3710448}"
PC002515;48;Prophet;119667,72;[116340.37, 119913.7, 113748.55, 114563.2, 112824.29, 115224.97];-2,8;ok;"{""ARIMA"": 60291851.679936804, ""ExponentialSmoothing"": 50596830.88464012, ""SARIMAX"": 84114375.4138067, ""Holt"": 58790064.58267217, ""Prophet"": 44957021.5969146, ""Croston"": 91256681.95258129, ""TSB"": 91256681.95258129}"
PC000403;48;Prophet;88013,54;[115784.78, 110542.17, 112145.86, 113431.25, 114043.22, 118982.92];31,6;ok;"{""ARIMA"": 181687185.11306205, ""ExponentialSmoothing"": 139094993.1799798, ""SARIMAX"": 171410249.63930795, ""Holt"": 165936186.6660327, ""Prophet"": 127034772.68724303, ""Croston"": 199550842.95640787, ""TSB"": 199550842.95640787}"
PC002624;48;ExponentialSmoothing;115026,54;[110144.82, 103560.46, 110742.98, 103477.25, 114009.9, 108309.0];-4,2;ok;"{""ARIMA"": 53215417.58344302, ""ExponentialSmoothing"": 34677578.7595435, ""SARIMAX"": 66153419.75393635, ""Holt"": 46881579.771894954, ""Prophet"": 75217430.70938744, ""Croston"": 50584977.39219076, ""TSB"": 50584977.39219076}"
PC004051;48;Croston;88782,42;[98168.56, 98168.56, 98168.56, 98168.56, 98168.56, 98168.56];10,6;ok;"{""ARIMA"": 112883761.00265521, ""ExponentialSmoothing"": 55279840.8603298, ""SARIMAX"": 117890295.59081429, ""Holt"": 67045804.44843758, ""Prophet"": 52715870.34669613, ""Croston"": 33965221.89777115, ""TSB"": 33965221.89777115}"
PC000339;48;SARIMAX;71897,35;[84782.68, 82718.09, 86213.63, 89192.4, 95957.75, 94812.76];17,9;ok;"{""ARIMA"": 189627590.16577163, ""ExponentialSmoothing"": 66532257.90764169, ""SARIMAX"": 45755442.41651978, ""Holt"": 201878573.33502027, ""Prophet"": 57955227.42555257, ""Croston"": 101110202.05747509, ""TSB"": 101110202.05747509}"
PC006419;48;Ensemble;92888,34;[93150.54, 93168.35, 93170.49, 93170.74, 93170.77, 93170.78];0,3;ok;"{""ARIMA"": 8598814.62426465, ""ExponentialSmoothing"": 25715474.401986197, ""SARIMAX"": 33823988.94343696, ""Holt"": 11152992.30106506, ""Prophet"": 25899481.351473227, ""Croston"": 9795772.361948034, ""TSB"": 9795772.361948034, ""Ensemble"": 7922737.239071463}"
PC004747;48;ExponentialSmoothing;80162,56;[149294.18, 76651.24, 76612.57, 83396.19, 75146.47, 90208.05];86,2;ok;"{""ARIMA"": 485711233.25514466, ""ExponentialSmoothing"": 94913551.1925177, ""SARIMAX"": 146187954.00100085, ""Holt"": 511450504.48132133, ""Prophet"": 158767018.64561215, ""Croston"": 489766841.4469166, ""TSB"": 489766841.4469166}"
PC006539;48;ExponentialSmoothing;71054,12;[143908.98, 79676.68, 76423.5, 76047.18, 79189.79, 83372.63];102,5;ok;"{""ARIMA"": 376590717.61664325, ""ExponentialSmoothing"": 80920991.57979713, ""SARIMAX"": 201761859.87991413, ""Holt"": 620708166.9087211, ""Prophet"": 83482654.41667058, ""Croston"": 389367770.2660993, ""TSB"": 389367770.2660993}"
PC008192;48;ARIMA;79413,86;[79439.99, 79436.38, 79436.88, 79436.81, 79436.82, 79436.82];0,0;ok;"{""ARIMA"": 25337018.525161147, ""ExponentialSmoothing"": 36103820.92022216, ""SARIMAX"": 80119631.62957354, ""Holt"": 29695453.98934744, ""Prophet"": 32596226.818080414, ""Croston"": 26658364.15573209, ""TSB"": 26658364.15573209, ""Ensemble"": 25625874.602947373}"
PC007827;48;Croston;80832,47;[78977.93, 78977.93, 78977.93, 78977.93, 78977.93, 78977.93];-2,3;ok;"{""ARIMA"": 33587106.051067226, ""ExponentialSmoothing"": 33977944.84614598, ""SARIMAX"": 44655498.974906676, ""Holt"": 20485646.94449108, ""Prophet"": 18805685.927584484, ""Croston"": 14024341.50529687, ""TSB"": 14024341.50529687}"
PC007840;48;ExponentialSmoothing;64165,8;[115266.55, 69587.99, 68222.86, 67468.92, 65911.69, 69930.92];79,6;ok;"{""ARIMA"": 482761975.11443967, ""ExponentialSmoothing"": 13564791.098171994, ""SARIMAX"": 149223970.23482984, ""Holt"": 499183798.01696116, ""Prophet"": 15902985.075196346, ""Croston"": 463720692.9852572, ""TSB"": 463720692.9852572}"
PC008362;48;Prophet;66575,27;[121731.16, 63269.82, 66140.61, 61988.34, 66374.36, 66053.5];82,8;ok;"{""ARIMA"": 161451449.45240998, ""ExponentialSmoothing"": 25834356.031349793, ""SARIMAX"": 55842754.694821425, ""Holt"": 245346140.66364375, ""Prophet"": 19578396.64651331, ""Croston"": 171943849.85802737, ""TSB"": 171943849.85802737}"
PC003648;48;SARIMAX;63757,73;[129938.8, 67965.6, 63213.36, 60130.13, 66732.28, 69263.03];103,8;ok;"{""ARIMA"": 506101438.2945061, ""ExponentialSmoothing"": 27159337.755452815, ""SARIMAX"": 10247800.280657543, ""Holt"": 559497130.458739, ""Prophet"": 35330819.20232252, ""Croston"": 518553464.82248193, ""TSB"": 518553464.82248193}"
PC006378;48;Prophet;84591,01;[82079.61, 89094.1, 89600.35, 87787.43, 92457.96, 89101.22];-3,0;ok;"{""ARIMA"": 25698792.906548377, ""ExponentialSmoothing"": 21099675.94314504, ""SARIMAX"": 43246612.61674731, ""Holt"": 21404972.064033985, ""Prophet"": 14445246.995611524, ""Croston"": 58342785.20502878, ""TSB"": 58342785.20502878}"
PC001227;48;ExponentialSmoothing;65784,87;[120704.67, 62058.16, 59919.3, 61725.87, 69721.61, 61578.91];83,5;ok;"{""ARIMA"": 351891042.01849455, ""ExponentialSmoothing"": 15921273.884486346, ""SARIMAX"": 176558086.83432963, ""Holt"": 419828539.38219196, ""Prophet"": 19532055.22879281, ""Croston"": 365833709.372992, ""TSB"": 365833709.372992}"
PC001386;48;Prophet;68167,1;[70289.41, 68075.93, 71264.61, 68264.03, 63085.59, 74577.88];3,1;ok;"{""ARIMA"": 161799793.2725946, ""ExponentialSmoothing"": 16026929.823398212, ""SARIMAX"": 95628022.20984489, ""Holt"": 32279738.372359227, ""Prophet"": 11028365.174394691, ""Croston"": 28334446.62099945, ""TSB"": 28334446.62099945}"
PC004491;48;Ensemble;73348,83;[71621.72, 72101.12, 70316.93, 72405.87, 70925.0, 72933.84];-2,4;ok;"{""ARIMA"": 37653468.939152956, ""ExponentialSmoothing"": 16114958.782441175, ""SARIMAX"": 17502898.512551885, ""Holt"": 16265360.442849318, ""Prophet"": 19744825.448422108, ""Croston"": 14618587.1068075, ""TSB"": 14618587.1068075, ""Ensemble"": 13952846.480273651}"
PC005715;48;ExponentialSmoothing;66912,08;[117090.04, 59822.47, 61280.19, 57776.48, 60845.68, 62687.67];75,0;ok;"{""ARIMA"": 399513931.2814762, ""ExponentialSmoothing"": 7801235.975066396, ""SARIMAX"": 22404722.120433614, ""Holt"": 582617122.7425253, ""Prophet"": 16512957.28105589, ""Croston"": 407898159.8360384, ""TSB"": 407898159.8360384}"
PC004512;48;Prophet;56994,77;[117714.09, 57259.56, 57138.87, 53971.25, 57472.13, 59460.11];106,5;ok;"{""ARIMA"": 356245762.6179557, ""ExponentialSmoothing"": 21303002.286366295, ""SARIMAX"": 28415381.37966306, ""Holt"": 654010617.8945941, ""Prophet"": 18102458.073293444, ""Croston"": 377640502.029447, ""TSB"": 377640502.029447}"
PC007786;48;Prophet;78818,58;[79928.11, 79758.24, 78528.28, 79905.74, 80062.96, 81026.16];1,4;ok;"{""ARIMA"": 89968051.75848591, ""ExponentialSmoothing"": 87481969.17863898, ""SARIMAX"": 82290890.87605093, ""Holt"": 85771747.48608163, ""Prophet"": 79519000.78097454, ""Croston"": 129884207.04391849, ""TSB"": 129884207.04391849, ""Ensemble"": 81778338.37354192}"
PC003968;48;ARIMA;72192,46;[71921.47, 71846.34, 71825.51, 71819.73, 71818.13, 71817.69];-0,4;ok;"{""ARIMA"": 9084706.50713745, ""ExponentialSmoothing"": 18290484.2438878, ""SARIMAX"": 13656528.606169188, ""Holt"": 13049061.934792697, ""Prophet"": 24667839.391354244, ""Croston"": 12274186.543301672, ""TSB"": 12274186.543301672}"
PC008768;48;Prophet;65516,14;[109879.8, 63510.62, 62221.83, 61126.33, 59703.14, 65148.92];67,7;ok;"{""ARIMA"": 397408288.6257729, ""ExponentialSmoothing"": 34878378.572693504, ""SARIMAX"": 88224186.19785506, ""Holt"": 485437040.5646751, ""Prophet"": 20593689.909805972, ""Croston"": 417411107.6546866, ""TSB"": 417411107.6546866}"
PC008544;48;Prophet;76343,45;[77808.64, 73763.34, 75828.56, 76405.05, 77415.5, 80417.73];1,9;ok;"{""ARIMA"": 90741162.67600821, ""ExponentialSmoothing"": 52320555.368237585, ""SARIMAX"": 85612655.50994582, ""Holt"": 97968668.88177194, ""Prophet"": 38363654.73684317, ""Croston"": 86713718.34819631, ""TSB"": 86713718.34819631}"
PC008789;48;ExponentialSmoothing;58038,86;[56341.46, 62935.74, 65848.88, 68772.39, 72044.47, 75891.12];-2,9;ok;"{""ARIMA"": 307557435.4455691, ""ExponentialSmoothing"": 17373553.73449338, ""SARIMAX"": 92786177.42994423, ""Holt"": 229409693.85702586, ""Prophet"": 22791446.360896483, ""Croston"": 20945708.85386135, ""TSB"": 20945708.85386135, ""Ensemble"": 18246781.870464362}"
PC008288;48;Ensemble;72097,43;[74718.85, 72499.18, 73478.23, 73041.74, 73176.05, 74785.84];3,6;ok;"{""ARIMA"": 29892095.506952036, ""ExponentialSmoothing"": 56606944.587634504, ""SARIMAX"": 35111698.404668175, ""Holt"": 40935545.99372243, ""Prophet"": 38695385.12532958, ""Croston"": 43145642.36742192, ""TSB"": 43145642.36742192, ""Ensemble"": 26518766.54476146}"
PC000789;48;ExponentialSmoothing;58083,68;[104922.85, 56988.56, 55266.5, 56037.6, 57018.76, 60003.9];80,6;ok;"{""ARIMA"": 210346310.69843972, ""ExponentialSmoothing"": 42304126.200206615, ""SARIMAX"": 51418576.09686127, ""Holt"": 248252809.28464195, ""Prophet"": 48383610.47591039, ""Croston"": 211150344.22578004, ""TSB"": 211150344.22578004, ""Ensemble"": 43847087.9161433}"
PC008064;48;Prophet;50509,96;[105332.91, 59695.21, 53937.26, 56517.25, 57426.34, 56481.74];108,5;ok;"{""ARIMA"": 499201389.1812323, ""ExponentialSmoothing"": 37261321.58003571, ""SARIMAX"": 67040311.27261302, ""Holt"": 649060362.2229472, ""Prophet"": 20838992.496458698, ""Croston"": 508628669.5841492, ""TSB"": 508628669.5841492}"
PC002176;48;ARIMA;74150,16;[73357.93, 73349.16, 73349.06, 73349.06, 73349.06, 73349.06];-1,1;ok;"{""ARIMA"": 23797832.470888246, ""ExponentialSmoothing"": 35404686.95868983, ""SARIMAX"": 44457174.83398456, ""Holt"": 43852363.6406227, ""Prophet"": 35168524.64215016, ""Croston"": 74334302.74433364, ""TSB"": 74334302.74433364}"
PC008843;48;SARIMAX;53075,72;[60991.56, 56357.25, 62085.65, 65410.71, 68019.59, 66367.8];14,9;ok;"{""ARIMA"": 63147690.5087366, ""ExponentialSmoothing"": 21495879.02615059, ""SARIMAX"": 16162680.05706276, ""Holt"": 55212855.431228854, ""Prophet"": 19251639.837795127, ""Croston"": 28605263.22651841, ""TSB"": 28605263.22651841}"
PC007008;48;Prophet;54864,64;[96807.75, 49423.6, 52396.23, 53194.93, 51428.0, 49526.58];76,4;ok;"{""ARIMA"": 384567608.5009554, ""ExponentialSmoothing"": 29862988.82357089, ""SARIMAX"": 156026135.8365213, ""Holt"": 656745938.3734983, ""Prophet"": 29548716.56741591, ""Croston"": 440103551.22750264, ""TSB"": 440103551.22750264}"
PC002464;48;Ensemble;57864,99;[56819.88, 57654.99, 57296.57, 57276.16, 56806.97, 57277.37];-1,8;ok;"{""ARIMA"": 11861355.047789248, ""ExponentialSmoothing"": 10926446.7421584, ""SARIMAX"": 15731444.822486445, ""Holt"": 13322815.830762198, ""Prophet"": 8792446.025745297, ""Croston"": 8388688.038293615, ""TSB"": 8388688.038293615, ""Ensemble"": 6825666.311784065}"
PC003467;48;Prophet;42875,5;[49124.01, 49099.78, 54994.46, 57065.79, 62285.2, 62791.45];14,6;ok;"{""ARIMA"": 196589227.55015802, ""ExponentialSmoothing"": 27815113.98823929, ""SARIMAX"": 35063169.30831751, ""Holt"": 182001747.21593806, ""Prophet"": 25177465.080353845, ""Croston"": 71724012.5180528, ""TSB"": 71724012.5180528}"
PC008992;48;Prophet;44162,36;[86106.69, 43916.62, 45069.21, 46696.03, 42671.05, 47063.59];95,0;ok;"{""ARIMA"": 192088621.88864073, ""ExponentialSmoothing"": 8703818.434376562, ""SARIMAX"": 21901343.48381756, ""Holt"": 280321689.1956381, ""Prophet"": 5775062.463809113, ""Croston"": 199893571.98063228, ""TSB"": 199893571.98063228}"
PC003091;48;Ensemble;41307,03;[46586.8, 50092.95, 49795.44, 50862.47, 54261.69, 58652.07];12,8;ok;"{""ARIMA"": 76541798.89841822, ""ExponentialSmoothing"": 16346519.229657294, ""SARIMAX"": 18908540.329472337, ""Holt"": 69630665.79288483, ""Prophet"": 15566223.65385062, ""Croston"": 42455622.1599203, ""TSB"": 42455622.1599203, ""Ensemble"": 15444572.822167806}"
PC009472;48;Ensemble;44407,08;[47083.79, 51017.72, 51145.19, 54334.66, 57282.2, 57154.98];6,0;ok;"{""ARIMA"": 55663873.62732623, ""ExponentialSmoothing"": 16531858.541029466, ""SARIMAX"": 16677679.347528279, ""Holt"": 59996151.6746338, ""Prophet"": 19406371.3005884, ""Croston"": 30108659.171653613, ""TSB"": 30108659.171653613, ""Ensemble"": 11418794.20671202}"
PC001600;48;ExponentialSmoothing;43966,2;[82776.44, 44703.97, 43170.7, 46390.29, 44609.03, 45433.87];88,3;ok;"{""ARIMA"": 252406889.30175507, ""ExponentialSmoothing"": 13236687.54000813, ""SARIMAX"": 35462483.21661497, ""Holt"": 303638920.9754346, ""Prophet"": 15537637.047298113, ""Croston"": 261639910.4212151, ""TSB"": 261639910.4212151}"
PC007061;48;ExponentialSmoothing;47623,47;[51598.05, 51406.27, 48192.8, 49267.27, 49226.57, 49002.72];8,3;ok;"{""ARIMA"": 34657453.163629375, ""ExponentialSmoothing"": 22926781.612875476, ""SARIMAX"": 26168776.812519316, ""Holt"": 35170898.48336803, ""Prophet"": 25147737.46953082, ""Croston"": 30507333.595354617, ""TSB"": 30507333.595354617, ""Ensemble"": 22948881.270442832}"
PC006291;48;Croston;48181,32;[50299.17, 50299.17, 50299.17, 50299.17, 50299.17, 50299.17];4,4;ok;"{""ARIMA"": 34295652.1526634, ""ExponentialSmoothing"": 36914177.26345242, ""SARIMAX"": 43059615.09684961, ""Holt"": 29174792.511382844, ""Prophet"": 37937589.85934843, ""Croston"": 20880343.159815777, ""TSB"": 20880343.159815777}"
PC002922;48;Croston;46423,07;[50115.38, 50115.38, 50115.38, 50115.38, 50115.38, 50115.38];8,0;ok;"{""ARIMA"": 22842785.14101024, ""ExponentialSmoothing"": 33115956.228292007, ""SARIMAX"": 32562203.659698933, ""Holt"": 31744080.13483976, ""Prophet"": 25045773.791218817, ""Croston"": 20917887.205186415, ""TSB"": 20917887.205186415, ""Ensemble"": 21447960.623599634}"
PC006869;48;Holt;58467,55;[57218.01, 57379.75, 57516.5, 57632.11, 57729.86, 57812.5];-2,1;ok;"{""ARIMA"": 19134142.13123177, ""ExponentialSmoothing"": 10336744.866506914, ""SARIMAX"": 45501421.0745474, ""Holt"": 9324222.808112783, ""Prophet"": 13558086.376180947, ""Croston"": 21454661.481879994, ""TSB"": 21454661.481879994}"
PC008597;48;ExponentialSmoothing;53482,47;[52061.12, 56355.25, 54850.21, 53146.31, 55197.63, 55007.15];-2,7;ok;"{""ARIMA"": 11543255.857258087, ""ExponentialSmoothing"": 6000414.425969404, ""SARIMAX"": 32661825.086722236, ""Holt"": 11997168.488954008, ""Prophet"": 6130102.748924284, ""Croston"": 29773619.14512755, ""TSB"": 29773619.14512755}"
PC000448;48;Croston;48963,13;[48321.75, 48321.75, 48321.75, 48321.75, 48321.75, 48321.75];-1,3;ok;"{""ARIMA"": 72540856.23857792, ""ExponentialSmoothing"": 31560370.829646233, ""SARIMAX"": 72423982.43970744, ""Holt"": 28469193.72794792, ""Prophet"": 31507591.89732158, ""Croston"": 24017575.102041434, ""TSB"": 24017575.102041434, ""Ensemble"": 25267092.608128205}"
PC009280;48;Croston;41395,77;[47090.23, 47090.23, 47090.23, 47090.23, 47090.23, 47090.23];13,8;ok;"{""ARIMA"": 24785608.042927194, ""ExponentialSmoothing"": 21701205.61757567, ""SARIMAX"": 23744367.379025955, ""Holt"": 30285166.076001447, ""Prophet"": 23204266.951996084, ""Croston"": 15287255.494412286, ""TSB"": 15287255.494412286}"
PC001322;48;SARIMAX;50674,79;[52212.39, 52970.62, 54762.16, 51009.93, 52648.88, 53031.62];3,0;ok;"{""ARIMA"": 12791329.684254223, ""ExponentialSmoothing"": 17342570.677613407, ""SARIMAX"": 6781634.589316125, ""Holt"": 12882122.294288399, ""Prophet"": 22693052.46582997, ""Croston"": 12712559.263451034, ""TSB"": 12712559.263451034}"
PC009675;48;Croston;46153,46;[45815.67, 45815.67, 45815.67, 45815.67, 45815.67, 45815.67];-0,7;ok;"{""ARIMA"": 32540115.02397287, ""ExponentialSmoothing"": 16749175.574106403, ""SARIMAX"": 14403268.795826314, ""Holt"": 13644722.841599442, ""Prophet"": 20616466.07748259, ""Croston"": 10387730.68779968, ""TSB"": 10387730.68779968}"
PC000128;48;SARIMAX;41215,28;[41969.78, 45707.36, 44582.01, 48216.81, 52737.91, 48509.16];1,8;ok;"{""ARIMA"": 14101613.846613595, ""ExponentialSmoothing"": 7729738.689188945, ""SARIMAX"": 5407066.829764349, ""Holt"": 20060097.632862475, ""Prophet"": 13754619.321094945, ""Croston"": 12510574.919229023, ""TSB"": 12510574.919229023}"
PC002507;48;Prophet;51326,11;[51767.59, 50530.37, 51274.48, 51462.94, 52594.6, 51749.32];0,9;ok;"{""ARIMA"": 8644751.349898716, ""ExponentialSmoothing"": 4461664.459509119, ""SARIMAX"": 17919629.387036476, ""Holt"": 6291838.384014753, ""Prophet"": 3896934.770915009, ""Croston"": 13515964.938461833, ""TSB"": 13515964.938461833}"
PC002197;48;Ensemble;42731,15;[42751.24, 42831.08, 42775.9, 42814.02, 42787.67, 42805.87];0,0;ok;"{""ARIMA"": 8562111.017280705, ""ExponentialSmoothing"": 13332791.504430288, ""SARIMAX"": 44652549.31233414, ""Holt"": 8553372.089886535, ""Prophet"": 12338514.883845434, ""Croston"": 10824080.032437198, ""TSB"": 10824080.032437198, ""Ensemble"": 8406063.68091865}"
PC004179;48;Ensemble;38280,97;[43087.5, 42212.0, 43503.74, 42068.83, 40837.09, 42865.21];12,6;ok;"{""ARIMA"": 3681943.506746862, ""ExponentialSmoothing"": 3558906.221883233, ""SARIMAX"": 29324303.187745366, ""Holt"": 3362915.625101412, ""Prophet"": 2970711.4308161456, ""Croston"": 4658694.192124241, ""TSB"": 4658694.192124241, ""Ensemble"": 2558742.1218222906}"
PC000213;48;ARIMA;43665,17;[44107.63, 44301.29, 44386.06, 44423.16, 44439.4, 44446.51];1,0;ok;"{""ARIMA"": 14323171.136551382, ""ExponentialSmoothing"": 17912423.22057781, ""SARIMAX"": 121209784.12078007, ""Holt"": 15131440.552839493, ""Prophet"": 20972158.109309513, ""Croston"": 14460172.261811743, ""TSB"": 14460172.261811743, ""Ensemble"": 14413362.809048407}"
PC002699;48;Prophet;36801,89;[63400.14, 33680.83, 33900.69, 36254.92, 34169.49, 36982.6];72,3;ok;"{""ARIMA"": 151826814.32290483, ""ExponentialSmoothing"": 4047018.781101767, ""SARIMAX"": 3715324.1412520166, ""Holt"": 181202213.77275434, ""Prophet"": 2966114.395316755, ""Croston"": 156743934.3207709, ""TSB"": 156743934.3207709}"
PC005011;48;Ensemble;40518,99;[42602.43, 42691.51, 42460.17, 42456.16, 43292.82, 43813.79];5,1;ok;"{""ARIMA"": 10406971.654835379, ""ExponentialSmoothing"": 8935338.08106102, ""SARIMAX"": 15151175.252625337, ""Holt"": 9537783.485113844, ""Prophet"": 8619097.43510945, ""Croston"": 10027219.665524283, ""TSB"": 10027219.665524283, ""Ensemble"": 8268052.2939867815}"
PC005600;48;Prophet;45196,13;[42577.4, 43379.78, 42190.66, 42837.37, 41496.47, 44137.14];-5,8;ok;"{""ARIMA"": 32739096.754256885, ""ExponentialSmoothing"": 5740837.877857911, ""SARIMAX"": 53288501.96244452, ""Holt"": 33530307.74508329, ""Prophet"": 4971905.3296735, ""Croston"": 6593370.145689192, ""TSB"": 6593370.145689192}"
PC003989;48;Holt;41825,53;[43563.62, 43650.6, 43720.19, 43775.87, 43820.4, 43856.03];4,2;ok;"{""ARIMA"": 30466247.679854635, ""ExponentialSmoothing"": 14270813.093406143, ""SARIMAX"": 15878237.022636935, ""Holt"": 9214521.916129211, ""Prophet"": 15896200.947712949, ""Croston"": 10541300.18510956, ""TSB"": 10541300.18510956, ""Ensemble"": 9625805.423421366}"
PC008275;48;Holt;43922,4;[42906.88, 42950.51, 42985.41, 43013.33, 43035.67, 43053.54];-2,3;ok;"{""ARIMA"": 2930286.1654226626, ""ExponentialSmoothing"": 4307345.694709888, ""SARIMAX"": 4526427.783616356, ""Holt"": 1440366.3649351131, ""Prophet"": 2956525.0355744045, ""Croston"": 2422327.4426677413, ""TSB"": 2422327.4426677413}"
PC002835;48;SARIMAX;42948,2;[43249.92, 44379.36, 44653.48, 46157.76, 45659.1, 45813.57];0,7;ok;"{""ARIMA"": 2330962.071640232, ""ExponentialSmoothing"": 5188322.670259547, ""SARIMAX"": 1378138.8944597573, ""Holt"": 2116427.4841796258, ""Prophet"": 4855492.278711537, ""Croston"": 2727733.397603892, ""TSB"": 2727733.397603892}"
PC005203;48;ExponentialSmoothing;50061,41;[47890.05, 49798.25, 47973.47, 51166.36, 49566.67, 52045.88];-4,3;ok;"{""ARIMA"": 5644577.603942228, ""ExponentialSmoothing"": 4032880.2510804427, ""SARIMAX"": 7016665.321455531, ""Holt"": 7753469.629564342, ""Prophet"": 6554523.034927209, ""Croston"": 28272122.684036866, ""TSB"": 28272122.684036866}"
PC008042;48;ARIMA;41494,95;[40911.67, 40789.27, 40763.58, 40758.19, 40757.06, 40756.83];-1,4;ok;"{""ARIMA"": 3377938.947652349, ""ExponentialSmoothing"": 4909859.499507579, ""SARIMAX"": 11120600.898087561, ""Holt"": 3684677.604423422, ""Prophet"": 6210594.865786269, ""Croston"": 3443900.551258138, ""TSB"": 3443900.551258138, ""Ensemble"": 3420629.937725157}"
PC005930;48;Ensemble;33955,61;[63110.85, 35380.01, 35630.27, 34218.9, 36821.42, 37160.15];85,9;ok;"{""ARIMA"": 177637855.74903685, ""ExponentialSmoothing"": 17281322.81505381, ""SARIMAX"": 18525906.3033345, ""Holt"": 204621546.0018368, ""Prophet"": 15330215.539453106, ""Croston"": 178632865.5596861, ""TSB"": 178632865.5596861, ""Ensemble"": 14615944.039606802}"
PC007379;48;Prophet;32948,25;[36318.25, 38103.08, 37191.98, 41951.11, 42735.41, 42305.09];10,2;ok;"{""ARIMA"": 53685563.08061317, ""ExponentialSmoothing"": 14082006.6948214, ""SARIMAX"": 22687532.363922264, ""Holt"": 46620933.068486504, ""Prophet"": 12158649.610549664, ""Croston"": 29015956.190212816, ""TSB"": 29015956.190212816}"
PC009941;48;Croston;41029,19;[39769.72, 39769.72, 39769.72, 39769.72, 39769.72, 39769.72];-3,1;ok;"{""ARIMA"": 11794568.264782367, ""ExponentialSmoothing"": 6864774.361745133, ""SARIMAX"": 26870822.816083208, ""Holt"": 9617681.056166902, ""Prophet"": 9960632.34931958, ""Croston"": 6447313.132853046, ""TSB"": 6447313.132853046, ""Ensemble"": 6512401.502424657}"
PC000981;48;Holt;44400,84;[44482.02, 44692.39, 44860.69, 44995.33, 45103.04, 45189.21];0,2;ok;"{""ARIMA"": 9070295.562378932, ""ExponentialSmoothing"": 11359841.271036686, ""SARIMAX"": 12258488.0169482, ""Holt"": 5305302.720751692, ""Prophet"": 9404530.399239069, ""Croston"": 21696644.082295917, ""TSB"": 21696644.082295917}"
PC002571;48;Holt;43043,76;[39818.8, 39865.0, 39901.96, 39931.52, 39955.18, 39974.1];-7,5;ok;"{""ARIMA"": 12920344.473991828, ""ExponentialSmoothing"": 7956043.071416092, ""SARIMAX"": 29311052.630179968, ""Holt"": 6296262.420822032, ""Prophet"": 7936667.2276470745, ""Croston"": 6802798.97643735, ""TSB"": 6802798.97643735, ""Ensemble"": 6463167.13876678}"
PC000011;48;Prophet;30151,69;[37546.94, 36783.19, 38960.98, 41961.1, 41696.77, 40923.08];24,5;ok;"{""ARIMA"": 91186017.51576202, ""ExponentialSmoothing"": 10690641.69279051, ""SARIMAX"": 82317689.1485647, ""Holt"": 77910119.85589145, ""Prophet"": 9106502.282945672, ""Croston"": 22580633.169301275, ""TSB"": 22580633.169301275}"
PC000064;48;SARIMAX;29972,66;[58172.13, 32459.91, 29796.04, 29392.62, 28965.75, 30914.4];94,1;ok;"{""ARIMA"": 138450709.81051388, ""ExponentialSmoothing"": 8324818.090804119, ""SARIMAX"": 6752105.257912547, ""Holt"": 180542901.56354678, ""Prophet"": 8907471.469932687, ""Croston"": 144764731.84289077, ""TSB"": 144764731.84289077}"
PC001811;48;Croston;32817,52;[35361.26, 35361.26, 35361.26, 35361.26, 35361.26, 35361.26];7,8;ok;"{""ARIMA"": 29924044.899333507, ""ExponentialSmoothing"": 10711671.442621924, ""SARIMAX"": 12944523.74453955, ""Holt"": 20024974.81268746, ""Prophet"": 7954663.6613072865, ""Croston"": 5944550.308111799, ""TSB"": 5944550.308111799}"
PC005461;48;ARIMA;34314,93;[34319.91, 34320.62, 34320.72, 34320.74, 34320.74, 34320.74];0,0;ok;"{""ARIMA"": 6514047.444101005, ""ExponentialSmoothing"": 11293075.857839026, ""SARIMAX"": 7495313.5977468565, ""Holt"": 7685403.046230822, ""Prophet"": 10658561.337170498, ""Croston"": 8121988.884022635, ""TSB"": 8121988.884022635, ""Ensemble"": 6655880.3216768885}"
PC003605;48;SARIMAX;42666,53;[43746.52, 44541.53, 46621.55, 46881.5, 47417.64, 49389.03];2,5;ok;"{""ARIMA"": 10611029.559663285, ""ExponentialSmoothing"": 13483411.649629598, ""SARIMAX"": 5793543.197185124, ""Holt"": 5829226.414332647, ""Prophet"": 10035994.553968256, ""Croston"": 19412509.931342933, ""TSB"": 19412509.931342933}"
PC004000;48;Ensemble;38497,9;[41035.55, 41573.16, 40493.28, 42223.8, 41411.97, 42071.37];6,6;ok;"{""ARIMA"": 8188150.871438398, ""ExponentialSmoothing"": 4848384.408015009, ""SARIMAX"": 6108630.776385981, ""Holt"": 4890790.24767734, ""Prophet"": 5671907.323371746, ""Croston"": 17404922.015854828, ""TSB"": 17404922.015854828, ""Ensemble"": 4007671.8789927713}"
PC002389;14;Croston;122262,99;[118656.5, 118656.5, 118656.5, 118656.5, 118656.5, 118656.5];-2,9;ok;"{""ARIMA"": 117076758.75688784, ""ExponentialSmoothing"": 32686793.17404375, ""SARIMAX"": Infinity, ""Holt"": 102929969.72979505, ""Prophet"": 452521414773.9875, ""Croston"": 25181684.51840374, ""TSB"": 25181684.51840374, ""Ensemble"": 26841611.77993314}"
PC007315;48;Holt;36269,75;[35684.78, 35878.24, 36033.01, 36156.83, 36255.88, 36335.13];-1,6;ok;"{""ARIMA"": 6887239.212206802, ""ExponentialSmoothing"": 2996287.9195711706, ""SARIMAX"": 12374114.52906655, ""Holt"": 1960223.3329825273, ""Prophet"": 3497993.6281642225, ""Croston"": 2217618.157846021, ""TSB"": 2217618.157846021, ""Ensemble"": 1968018.9476085731}"
PC005162;13;Média Móvel;122104,4;[116314.33, 116314.33, 116314.33, 116314.33, 116314.33, 116314.33];-4,7;ok;"{""ARIMA"": Infinity, ""ExponentialSmoothing"": Infinity, ""SARIMAX"": Infinity, ""Holt"": Infinity, ""Prophet"": Infinity, ""Croston"": Infinity, ""TSB"": Infinity}"
PC004768;48;Ensemble;31096,85;[33498.56, 32490.66, 32987.11, 33331.39, 33023.23, 33138.2];7,7;ok;"{""ARIMA"": 2675692.0429159845, ""ExponentialSmoothing"": 5054261.893595103, ""SARIMAX"": 2619301.488979559, ""Holt"": 3029262.921219045, ""Prophet"": 4578861.54978346, ""Croston"": 3717540.061271398, ""TSB"": 3717540.061271398, ""Ensemble"": 2267180.50003995}"
PC001312;22;Croston;69917,94;[72036.21, 72036.21, 72036.21, 72036.21, 72036.21, 72036.21];3,0;ok;"{""ARIMA"": 85509791.18206368, ""ExponentialSmoothing"": 27125532.25628583, ""SARIMAX"": Infinity, ""Holt"": 22877763.73423711, ""Prophet"": 903112577.1535915, ""Croston"": 12560842.368058302, ""TSB"": 12560842.368058302}"
PC009824;48;Prophet;28530,3;[53966.92, 30801.09, 28294.05, 30111.31, 29398.04, 30300.71];89,2;ok;"{""ARIMA"": 79552960.35323614, ""ExponentialSmoothing"": 6635070.757532228, ""SARIMAX"": 15434864.816255404, ""Holt"": 122090266.76490013, ""Prophet"": 3174991.5198748275, ""Croston"": 81214957.00133538, ""TSB"": 81214957.00133538}"
PC003050;13;Média Móvel;127410,4;[119044.84, 119044.84, 119044.84, 119044.84, 119044.84, 119044.84];-6,6;ok;"{""ARIMA"": Infinity, ""ExponentialSmoothing"": Infinity, ""SARIMAX"": Infinity, ""Holt"": Infinity, ""Prophet"": Infinity, ""Croston"": Infinity, ""TSB"": Infinity}"
PC007648;48;Ensemble;32803,62;[33130.15, 33185.41, 33229.62, 33264.98, 33293.28, 33315.91];1,0;ok;"{""ARIMA"": 18013291.811036512, ""ExponentialSmoothing"": 9215256.300699322, ""SARIMAX"": 16880944.237875056, ""Holt"": 8123796.061258085, ""Prophet"": 9700783.855339942, ""Croston"": 6744263.153744854, ""TSB"": 6744263.153744854, ""Ensemble"": 6566976.150441221}"
PC006826;48;Croston;27726,38;[32339.92, 32339.92, 32339.92, 32339.92, 32339.92, 32339.92];16,6;ok;"{""ARIMA"": 10581518.805334702, ""ExponentialSmoothing"": 12280177.052087093, ""SARIMAX"": 15565335.521467125, ""Holt"": 7047775.923826023, ""Prophet"": 12189312.44129543, ""Croston"": 5858752.851551265, ""TSB"": 5858752.851551265, ""Ensemble"": 6145686.572307143}"
PC003562;48;Ensemble;29934,94;[31233.59, 30561.22, 30661.77, 31339.62, 30453.09, 31352.81];4,3;ok;"{""ARIMA"": 3003559.6043990604, ""ExponentialSmoothing"": 3370434.010711632, ""SARIMAX"": 3857148.7754941345, ""Holt"": 3021270.90696971, ""Prophet"": 3862735.9491913468, ""Croston"": 3685664.6788978497, ""TSB"": 3685664.6788978497, ""Ensemble"": 2861621.6919659413}"
PC008853;48;ExponentialSmoothing;30905,98;[32491.05, 31475.28, 32787.11, 31932.85, 32881.24, 30508.59];5,1;ok;"{""ARIMA"": 9270754.992713766, ""ExponentialSmoothing"": 2839104.6842611297, ""SARIMAX"": 4545776.787462569, ""Holt"": 4317745.126049123, ""Prophet"": 4236580.754397231, ""Croston"": 4243249.4078168245, ""TSB"": 4243249.4078168245}"
PC006867;48;Prophet;33021,62;[32584.5, 31729.11, 30287.38, 30942.95, 31889.23, 31717.35];-1,3;ok;"{""ARIMA"": 5816519.70304022, ""ExponentialSmoothing"": 879387.0118304179, ""SARIMAX"": 10403772.676427683, ""Holt"": 6939686.499479444, ""Prophet"": 318807.12505635904, ""Croston"": 1215862.1057628824, ""TSB"": 1215862.1057628824}"
PC004992;48;Croston;33038,02;[30911.59, 30911.59, 30911.59, 30911.59, 30911.59, 30911.59];-6,4;ok;"{""ARIMA"": 9718301.166237788, ""ExponentialSmoothing"": 3761617.6195176584, ""SARIMAX"": 16839505.900056858, ""Holt"": 5008592.295024072, ""Prophet"": 2801512.6700213593, ""Croston"": 1893761.6754803322, ""TSB"": 1893761.6754803322}"
PC000896;48;Ensemble;27897,41;[29275.12, 30920.12, 32897.37, 32696.24, 33613.11, 35161.01];4,9;ok;"{""ARIMA"": 34224261.636351794, ""ExponentialSmoothing"": 7326086.473285455, ""SARIMAX"": 8534053.421868239, ""Holt"": 26289305.3704122, ""Prophet"": 8879355.098366354, ""Croston"": 12724645.779373156, ""TSB"": 12724645.779373156, ""Ensemble"": 6164386.703417197}"
PC009664;48;Prophet;28513,09;[26090.92, 27750.03, 28613.52, 31302.35, 34330.9, 33496.19];-8,5;ok;"{""ARIMA"": 74214185.55080007, ""ExponentialSmoothing"": 5782454.368451641, ""SARIMAX"": 48299810.56418082, ""Holt"": 65082590.37838984, ""Prophet"": 3965573.5937450384, ""Croston"": 7948144.100605478, ""TSB"": 7948144.100605478}"
PC006411;48;Ensemble;28320,29;[29446.26, 29085.99, 29776.02, 29720.62, 29345.82, 32065.39];4,0;ok;"{""ARIMA"": 4864149.033325354, ""ExponentialSmoothing"": 3783149.4394836277, ""SARIMAX"": 3855141.443605861, ""Holt"": 5070184.309055927, ""Prophet"": 3907381.1332468763, ""Croston"": 5371922.227043191, ""TSB"": 5371922.227043191, ""Ensemble"": 3515303.164913368}"
PC004309;48;ARIMA;29494,27;[30375.28, 30236.25, 30258.19, 30254.73, 30255.27, 30255.19];3,0;ok;"{""ARIMA"": 2797753.177895077, ""ExponentialSmoothing"": 6588414.144077786, ""SARIMAX"": 4822863.559766218, ""Holt"": 3085708.95916543, ""Prophet"": 6318027.196156279, ""Croston"": 4732364.35758577, ""TSB"": 4732364.35758577}"
PC007808;48;ExponentialSmoothing;30636,31;[29464.52, 30286.79, 30050.2, 32065.27, 29361.38, 33033.98];-3,8;ok;"{""ARIMA"": 26549576.71987981, ""ExponentialSmoothing"": 1544338.3551431678, ""SARIMAX"": 5504571.168579954, ""Holt"": 5751680.154576334, ""Prophet"": 2092995.961241796, ""Croston"": 5867602.923452555, ""TSB"": 5867602.923452555}"
PC001898;48;ExponentialSmoothing;25736,68;[47858.12, 26297.42, 27917.45, 27421.25, 26291.68, 29070.63];86,0;ok;"{""ARIMA"": 79202891.95831695, ""ExponentialSmoothing"": 3682204.5925134458, ""SARIMAX"": 4970579.288513494, ""Holt"": 83132042.08315806, ""Prophet"": 3787549.6744111986, ""Croston"": 79003229.03641926, ""TSB"": 79003229.03641926}"
PC009152;48;ARIMA;34848,99;[34782.88, 34765.35, 34760.7, 34759.47, 34759.14, 34759.05];-0,2;ok;"{""ARIMA"": 2496458.269227433, ""ExponentialSmoothing"": 4849469.155361788, ""SARIMAX"": 2633571.529952899, ""Holt"": 3279111.460621454, ""Prophet"": 3023224.232477481, ""Croston"": 10649523.569615526, ""TSB"": 10649523.569615526, ""Ensemble"": 2532455.4341883645}"
PC007082;48;ExponentialSmoothing;26608,18;[26653.06, 26579.41, 29413.42, 31111.78, 30077.99, 33629.36];0,2;ok;"{""ARIMA"": 10818272.813739678, ""ExponentialSmoothing"": 5347067.532523552, ""SARIMAX"": 12631195.769416317, ""Holt"": 12032782.984646656, ""Prophet"": 7066025.065525256, ""Croston"": 8361850.288941823, ""TSB"": 8361850.288941823}"
PC003541;48;ARIMA;28645,08;[29483.62, 29617.88, 29639.37, 29642.82, 29643.37, 29643.45];2,9;ok;"{""ARIMA"": 3144471.3048172747, ""ExponentialSmoothing"": 4647888.007540214, ""SARIMAX"": 8182485.73644156, ""Holt"": 4559270.824900301, ""Prophet"": 4520806.2066575, ""Croston"": 3734026.463701155, ""TSB"": 3734026.463701155, ""Ensemble"": 3503993.140016144}"
PC005387;48;Holt;30368,42;[28376.53, 28422.79, 28459.79, 28489.4, 28513.08, 28532.03];-6,6;ok;"{""ARIMA"": 1665410.1987825322, ""ExponentialSmoothing"": 1951167.5971773807, ""SARIMAX"": 2928780.15859746, ""Holt"": 1633932.2471678548, ""Prophet"": 1739751.8422983752, ""Croston"": 1669076.5342360698, ""TSB"": 1669076.5342360698, ""Ensemble"": 1654307.0863348953}"
PC002259;48;ARIMA;25932,72;[25998.58, 26054.5, 26101.99, 26142.31, 26176.54, 26205.61];0,3;ok;"{""ARIMA"": 4011749.650067888, ""ExponentialSmoothing"": 5568332.865850975, ""SARIMAX"": 13862442.104324982, ""Holt"": 5157907.578457835, ""Prophet"": 6737780.672735139, ""Croston"": 4219826.467919565, ""TSB"": 4219826.467919565, ""Ensemble"": 4140643.818987943}"
PC000234;48;ExponentialSmoothing;23733,27;[25396.05, 25556.69, 29082.45, 29580.4, 31297.82, 31733.02];7,0;ok;"{""ARIMA"": 18632523.781200092, ""ExponentialSmoothing"": 1173121.0286773057, ""SARIMAX"": 17955941.21558615, ""Holt"": 15649960.318585033, ""Prophet"": 1554698.9205252652, ""Croston"": 5499036.688072146, ""TSB"": 5499036.688072146}"
PC003531;48;Prophet;22224,77;[26756.62, 27131.56, 28500.64, 30005.25, 31594.46, 31210.46];20,4;ok;"{""ARIMA"": 14701136.961462012, ""ExponentialSmoothing"": 7275956.592504915, ""SARIMAX"": 8647910.030523032, ""Holt"": 14230013.398672648, ""Prophet"": 6887213.9655915415, ""Croston"": 10540405.685368262, ""TSB"": 10540405.685368262, ""Ensemble"": 7264740.9672641205}"
PC008320;48;Ensemble;22968,61;[44716.67, 23366.82, 24551.2, 23139.45, 23768.1, 26783.43];94,7;ok;"{""ARIMA"": 62004821.42614689, ""ExponentialSmoothing"": 3497438.1995652397, ""SARIMAX"": 3075124.259645754, ""Holt"": 68648740.71244308, ""Prophet"": 2918917.3702051253, ""Croston"": 61849895.75581851, ""TSB"": 61849895.75581851, ""Ensemble"": 2681559.965519568}"
PC006186;48;Ensemble;31068,63;[28293.22, 27759.83, 27877.56, 27908.53, 27959.5, 27870.83];-8,9;ok;"{""ARIMA"": 17218571.609097783, ""ExponentialSmoothing"": 10792837.030657599, ""SARIMAX"": 33187471.367334377, ""Holt"": 11884548.178326279, ""Prophet"": 12856296.519366434, ""Croston"": 10238882.022486417, ""TSB"": 10238882.022486417, ""Ensemble"": 10208090.791505825}"
PC006720;48;SARIMAX;22647,8;[28558.91, 27469.24, 31173.36, 29783.72, 32097.51, 31617.27];26,1;ok;"{""ARIMA"": 20224874.34709787, ""ExponentialSmoothing"": 3511012.388927238, ""SARIMAX"": 2430965.344471945, ""Holt"": 41826666.700403415, ""Prophet"": 3570395.944728835, ""Croston"": 8781481.516531581, ""TSB"": 8781481.516531581}"
PC000810;48;ExponentialSmoothing;22049,75;[43123.68, 22033.37, 23171.35, 23203.73, 22974.57, 25688.55];95,6;ok;"{""ARIMA"": 59363525.829191715, ""ExponentialSmoothing"": 3512690.79097187, ""SARIMAX"": 37132711.25540655, ""Holt"": 62910762.2059272, ""Prophet"": 4497948.586873742, ""Croston"": 59323402.47063282, ""TSB"": 59323402.47063282}"
PC009685;48;ARIMA;27054,17;[26971.97, 27049.26, 26976.59, 27044.91, 26980.68, 27041.07];-0,3;ok;"{""ARIMA"": 1629279.0252057805, ""ExponentialSmoothing"": 9538821.89897464, ""SARIMAX"": 2572801.7733241064, ""Holt"": 4864995.751525317, ""Prophet"": 12303698.776192782, ""Croston"": 5268531.4028093815, ""TSB"": 5268531.4028093815}"
PC002773;48;ExponentialSmoothing;24985,91;[41064.68, 22007.59, 21413.13, 22610.96, 22820.89, 23368.46];64,4;ok;"{""ARIMA"": 62794670.05923761, ""ExponentialSmoothing"": 3461774.0549022295, ""SARIMAX"": 12945507.180827618, ""Holt"": 82701799.75012565, ""Prophet"": 4465015.109062421, ""Croston"": 65480604.31813236, ""TSB"": 65480604.31813236}"
PC002848;48;ExponentialSmoothing;19235,08;[42517.77, 21370.62, 22667.52, 22994.84, 22739.16, 23393.59];121,0;ok;"{""ARIMA"": 63725263.893997245, ""ExponentialSmoothing"": 6117787.10187462, ""SARIMAX"": 13282568.795869922, ""Holt"": 65896073.8923648, ""Prophet"": 7201734.1287153065, ""Croston"": 64739271.18658174, ""TSB"": 64739271.18658174}"
PC005568;48;Prophet;21692,15;[25860.97, 23451.78, 26401.8, 25982.73, 28411.27, 26867.65];19,2;ok;"{""ARIMA"": 14176997.928715656, ""ExponentialSmoothing"": 3658850.388030466, ""SARIMAX"": 11813847.383433789, ""Holt"": 8869488.601847058, ""Prophet"": 2824471.8094407283, ""Croston"": 4703451.668068026, ""TSB"": 4703451.668068026}"
PC004384;48;SARIMAX;24471,38;[27333.37, 28493.22, 27903.23, 29607.53, 31017.24, 31382.15];11,7;ok;"{""ARIMA"": 8228944.377116099, ""ExponentialSmoothing"": 3815392.0452171, ""SARIMAX"": 1779076.625594113, ""Holt"": 6874508.704058278, ""Prophet"": 2374415.169299604, ""Croston"": 3247804.9777515954, ""TSB"": 3247804.9777515954}"
PC002453;17;ExponentialSmoothing;76674,58;[71731.2, 71732.21, 71733.02, 71733.67, 71734.19, 71734.6];-6,4;ok;"{""ARIMA"": 41636584.9464343, ""ExponentialSmoothing"": 15859405.688263059, ""SARIMAX"": Infinity, ""Holt"": 15876120.68474821, ""Prophet"": 298970847424.61957, ""Croston"": 22500818.995910894, ""TSB"": 22500818.995910894}"
PC000490;48;ExponentialSmoothing;22580,25;[24573.86, 23505.81, 24857.25, 25056.64, 24874.14, 26069.06];8,8;ok;"{""ARIMA"": 7289298.470929201, ""ExponentialSmoothing"": 4429465.87567079, ""SARIMAX"": 8982912.208391236, ""Holt"": 6248055.787017621, ""Prophet"": 5502677.1485309275, ""Croston"": 6444959.726546303, ""TSB"": 6444959.726546303}"
PC009043;48;Prophet;21716,47;[41735.46, 22264.8, 20754.27, 21555.59, 22529.3, 23355.54];92,2;ok;"{""ARIMA"": 59437891.201471575, ""ExponentialSmoothing"": 1196154.2374544183, ""SARIMAX"": 9343206.738609133, ""Holt"": 85018802.73990746, ""Prophet"": 868272.1109874394, ""Croston"": 62530937.415554464, ""TSB"": 62530937.415554464}"
PC006784;48;Prophet;21986,45;[39312.01, 23162.58, 21421.81, 22757.02, 21883.41, 24659.23];78,8;ok;"{""ARIMA"": 60454917.71384752, ""ExponentialSmoothing"": 2611229.6467099334, ""SARIMAX"": 1663724.3688244654, ""Holt"": 61349821.47103589, ""Prophet"": 1505711.612824715, ""Croston"": 59387055.0980497, ""TSB"": 59387055.0980497}"
PC008096;48;SARIMAX;19333,26;[40447.28, 19296.97, 18930.43, 18638.09, 19959.1, 20664.71];109,2;ok;"{""ARIMA"": 38856501.25748635, ""ExponentialSmoothing"": 3056589.6415093127, ""SARIMAX"": 1224193.9923744975, ""Holt"": 46724966.009220034, ""Prophet"": 3355331.573485408, ""Croston"": 39654962.99808091, ""TSB"": 39654962.99808091}"
PC007392;48;Croston;21940,8;[24452.06, 24452.06, 24452.06, 24452.06, 24452.06, 24452.06];11,4;ok;"{""ARIMA"": 13304756.217291765, ""ExponentialSmoothing"": 7502949.91584488, ""SARIMAX"": 24490445.780426208, ""Holt"": 6314984.2882942, ""Prophet"": 8893139.514934221, ""Croston"": 5295062.4597200705, ""TSB"": 5295062.4597200705, ""Ensemble"": 5481779.107489119}"
PC000576;48;Ensemble;24485,27;[23921.52, 23937.72, 23950.68, 23961.05, 23969.35, 23975.99];-2,3;ok;"{""ARIMA"": 4364387.2153794905, ""ExponentialSmoothing"": 4538554.232407986, ""SARIMAX"": 2397333.413588787, ""Holt"": 2219153.956129219, ""Prophet"": 5143394.4265301535, ""Croston"": 2335393.2016197327, ""TSB"": 2335393.2016197327, ""Ensemble"": 2050365.778895815}"
PC008403;48;Ensemble;22853,17;[21950.41, 22473.47, 24175.93, 22977.88, 24222.24, 24311.52];-4,0;ok;"{""ARIMA"": 2046867.8515545188, ""ExponentialSmoothing"": 959647.3629610591, ""SARIMAX"": 983816.3517545098, ""Holt"": 1929765.3488369395, ""Prophet"": 812144.2681666462, ""Croston"": 2006077.8594397304, ""TSB"": 2006077.8594397304, ""Ensemble"": 460049.98065278406}"
PC009600;48;Ensemble;23521,84;[23108.23, 22989.53, 22897.63, 22869.54, 22358.25, 23767.44];-1,8;ok;"{""ARIMA"": 3176350.7152542616, ""ExponentialSmoothing"": 1848425.1639256084, ""SARIMAX"": 3149505.070404444, ""Holt"": 2240736.113909122, ""Prophet"": 2105431.0992786074, ""Croston"": 1718843.8056864524, ""TSB"": 1718843.8056864524, ""Ensemble"": 1551483.8744080241}"
PC002195;48;ExponentialSmoothing;19647,71;[21842.82, 22405.58, 22800.1, 23810.84, 24638.53, 25580.35];11,2;ok;"{""ARIMA"": 10262437.980875557, ""ExponentialSmoothing"": 2669594.636982946, ""SARIMAX"": 6712519.250148199, ""Holt"": 8869274.581294687, ""Prophet"": 3019096.181792034, ""Croston"": 5704226.505796835, ""TSB"": 5704226.505796835}"
PC005579;48;Prophet;21974,65;[22977.41, 22254.2, 22039.15, 23958.62, 23494.87, 23419.78];4,6;ok;"{""ARIMA"": 3001432.885337465, ""ExponentialSmoothing"": 2007948.2199714899, ""SARIMAX"": 3708094.9374439414, ""Holt"": 2751577.49402955, ""Prophet"": 1618228.4799526278, ""Croston"": 2769484.257869292, ""TSB"": 2769484.257869292}"
PC006035;48;ExponentialSmoothing;20336,83;[37567.56, 20610.92, 20479.67, 20467.19, 19417.02, 20008.96];84,7;ok;"{""ARIMA"": 31191684.25988913, ""ExponentialSmoothing"": 3413848.6145515316, ""SARIMAX"": 19400704.629030455, ""Holt"": 55034599.05301664, ""Prophet"": 3823214.6161050466, ""Croston"": 34469967.46825201, ""TSB"": 34469967.46825201}"
PC000085;48;ExponentialSmoothing;18815,06;[37185.72, 18428.04, 21259.43, 20852.68, 19000.8, 22048.9];97,6;ok;"{""ARIMA"": 31810918.61311164, ""ExponentialSmoothing"": 1770713.8768261133, ""SARIMAX"": 9451981.419007646, ""Holt"": 41483751.688970685, ""Prophet"": 2024836.1098893397, ""Croston"": 32961343.82721889, ""TSB"": 32961343.82721889}"
PC008704;13;Média Móvel;81866,74;[83252.86, 83252.86, 83252.86, 83252.86, 83252.86, 83252.86];1,7;ok;"{""ARIMA"": Infinity, ""ExponentialSmoothing"": Infinity, ""SARIMAX"": Infinity, ""Holt"": Infinity, ""Prophet"": Infinity, ""Croston"": Infinity, ""TSB"": Infinity}"
PC003987;48;ExponentialSmoothing;19295,62;[36823.15, 19338.87, 19992.74, 18751.34, 20040.95, 21274.51];90,8;ok;"{""ARIMA"": 64150515.10143686, ""ExponentialSmoothing"": 4603975.689512959, ""SARIMAX"": 19745625.403408904, ""Holt"": 81473743.15286411, ""Prophet"": 4810785.14986125, ""Croston"": 66555975.95891581, ""TSB"": 66555975.95891581}"
PC005408;48;ARIMA;23379,0;[24557.39, 23793.66, 24288.65, 23967.84, 24175.76, 24041.0];5,0;ok;"{""ARIMA"": 4311698.584578426, ""ExponentialSmoothing"": 13675146.98935623, ""SARIMAX"": 7526648.423008175, ""Holt"": 10017949.692876725, ""Prophet"": 10757919.633479858, ""Croston"": 12901931.442068294, ""TSB"": 12901931.442068294}"
PC006483;48;ARIMA;21644,68;[21627.0, 21629.77, 21629.33, 21629.4, 21629.39, 21629.39];-0,1;ok;"{""ARIMA"": 735098.5217619635, ""ExponentialSmoothing"": 3586228.46852349, ""SARIMAX"": 2321896.5815641745, ""Holt"": 1933310.1679117857, ""Prophet"": 2848318.073330054, ""Croston"": 1531416.0863558901, ""TSB"": 1531416.0863558901}"
PC005653;18;Croston;60984,85;[60403.8, 60403.8, 60403.8, 60403.8, 60403.8, 60403.8];-1,0;ok;"{""ARIMA"": 11529513.134051755, ""ExponentialSmoothing"": 17255979.417661775, ""SARIMAX"": Infinity, ""Holt"": 12269457.263442427, ""Prophet"": 16818009097.830643, ""Croston"": 10826337.961890923, ""TSB"": 10826337.961890923, ""Ensemble"": 10955310.763396477}"
PC007722;48;Croston;22956,49;[22835.05, 22835.05, 22835.05, 22835.05, 22835.05, 22835.05];-0,5;ok;"{""ARIMA"": 3233504.235192631, ""ExponentialSmoothing"": 2565719.529348334, ""SARIMAX"": 7357044.833481108, ""Holt"": 1045478.9004287265, ""Prophet"": 2952269.511079866, ""Croston"": 801210.9525740637, ""TSB"": 801210.9525740637}"
PC009952;15;ARIMA;76376,88;[73612.37, 76376.87, 73612.37, 76376.87, 73612.38, 76376.86];-3,6;ok;"{""ARIMA"": 27758389.217482965, ""ExponentialSmoothing"": 34882358.86565167, ""SARIMAX"": Infinity, ""Holt"": 42856594.39098257, ""Prophet"": 309446032777.3162, ""Croston"": 29058189.148313623, ""TSB"": 29058189.148313623, ""Ensemble"": 28410360.171070088}"
PC003667;48;Ensemble;20687,11;[20984.36, 21399.37, 22121.74, 23382.28, 23539.28, 25666.72];1,4;ok;"{""ARIMA"": 56521349.093060784, ""ExponentialSmoothing"": 4058527.963851003, ""SARIMAX"": 19273113.125810098, ""Holt"": 43630593.327578165, ""Prophet"": 4831170.062546334, ""Croston"": 5120760.166456585, ""TSB"": 5120760.166456585, ""Ensemble"": 3567811.834219557}"
PC004896;48;Ensemble;27520,58;[26123.2, 25939.85, 26388.63, 26372.36, 26876.97, 27360.86];-5,1;ok;"{""ARIMA"": 1657216.5329234938, ""ExponentialSmoothing"": 1401293.9319955695, ""SARIMAX"": 2395791.410881195, ""Holt"": 1494814.5933815448, ""Prophet"": 3196944.613169961, ""Croston"": 6549970.415431936, ""TSB"": 6549970.415431936, ""Ensemble"": 1147797.1487971672}"
PC006997;48;SARIMAX;19949,55;[35683.69, 20132.46, 20509.87, 18958.07, 20572.07, 21386.25];78,9;ok;"{""ARIMA"": 33347659.245048057, ""ExponentialSmoothing"": 3363350.3009008057, ""SARIMAX"": 2931713.510796825, ""Holt"": 37155090.528821655, ""Prophet"": 4280400.735918772, ""Croston"": 33823204.59536705, ""TSB"": 33823204.59536705}"
PC009611;48;Croston;21228,37;[21914.91, 21914.91, 21914.91, 21914.91, 21914.91, 21914.91];3,2;ok;"{""ARIMA"": 3172324.3705297415, ""ExponentialSmoothing"": 2485716.08355731, ""SARIMAX"": 3010263.8117942703, ""Holt"": 2215386.4278974477, ""Prophet"": 3540638.2457696996, ""Croston"": 2167850.6940618656, ""TSB"": 2167850.6940618656, ""Ensemble"": 2183037.36984024}"
PC002730;48;ExponentialSmoothing;26746,09;[23652.06, 24141.54, 25120.04, 24721.39, 25345.66, 24840.05];-11,6;ok;"{""ARIMA"": 7083288.562671716, ""ExponentialSmoothing"": 1230426.949042958, ""SARIMAX"": 9956142.417365806, ""Holt"": 3887210.5120392903, ""Prophet"": 1612573.7253548028, ""Croston"": 6651613.79684474, ""TSB"": 6651613.79684474}"
PC008160;48;ARIMA;22914,48;[22624.91, 22491.31, 22429.68, 22401.24, 22388.12, 22382.07];-1,3;ok;"{""ARIMA"": 2248459.581133856, ""ExponentialSmoothing"": 4376679.336497397, ""SARIMAX"": 14989885.175510688, ""Holt"": 3395442.59271449, ""Prophet"": 4581867.8095429735, ""Croston"": 2516387.130616657, ""TSB"": 2516387.130616657, ""Ensemble"": 2407185.429701293}"
PC003157;48;SARIMAX;17871,53;[38623.26, 20885.51, 18331.35, 20096.14, 19878.21, 19877.49];116,1;ok;"{""ARIMA"": 33160691.255917985, ""ExponentialSmoothing"": 2300437.2585175694, ""SARIMAX"": 1755969.9773285247, ""Holt"": 35744392.47976144, ""Prophet"": 2810368.0812786072, ""Croston"": 34046744.49841726, ""TSB"": 34046744.49841726}"
PC004928;48;Prophet;19990,61;[34926.88, 18572.29, 20348.11, 16856.4, 19419.89, 18257.17];74,7;ok;"{""ARIMA"": 38454870.49776627, ""ExponentialSmoothing"": 2211676.1600324856, ""SARIMAX"": 4738749.834081891, ""Holt"": 59588591.53552882, ""Prophet"": 2182856.808030129, ""Croston"": 40059048.61030594, ""TSB"": 40059048.61030594}"
PC001291;48;SARIMAX;19168,18;[34820.1, 19379.43, 19267.97, 19965.59, 19518.79, 20195.91];81,7;ok;"{""ARIMA"": 23492440.975112412, ""ExponentialSmoothing"": 3543427.515683248, ""SARIMAX"": 2287210.413833917, ""Holt"": 35698241.121312045, ""Prophet"": 4488873.396167047, ""Croston"": 25156976.815697312, ""TSB"": 25156976.815697312}"
PC006698;48;Prophet;19957,85;[20899.05, 20734.76, 20549.32, 20880.87, 21843.51, 24034.16];4,7;ok;"{""ARIMA"": 11388026.616929593, ""ExponentialSmoothing"": 2815782.4942695242, ""SARIMAX"": 7687990.902915222, ""Holt"": 4015925.1354111987, ""Prophet"": 2312009.564986787, ""Croston"": 4018862.901896398, ""TSB"": 4018862.901896398}"
PC006954;48;ExponentialSmoothing;20724,13;[20955.67, 20646.86, 19556.27, 20704.71, 20239.95, 21570.45];1,1;ok;"{""ARIMA"": 4014614.234646583, ""ExponentialSmoothing"": 1609321.4486963477, ""SARIMAX"": 7944024.620624143, ""Holt"": 3009218.498376249, ""Prophet"": 1666024.8636297563, ""Croston"": 2390725.7439912865, ""TSB"": 2390725.7439912865}"
PC006163;48;Ensemble;19715,46;[20911.66, 20295.3, 21293.26, 21427.01, 21484.65, 22323.16];6,1;ok;"{""ARIMA"": 6424631.419389752, ""ExponentialSmoothing"": 2038120.5373932563, ""SARIMAX"": 3025366.96459486, ""Holt"": 2275958.9532680037, ""Prophet"": 2127962.7074102364, ""Croston"": 2257973.7034421754, ""TSB"": 2257973.7034421754, ""Ensemble"": 1999806.0511873646}"
PC002581;48;Prophet;19683,94;[34071.3, 17111.73, 17606.49, 16523.3, 17459.33, 19117.32];73,1;ok;"{""ARIMA"": 31537184.782742295, ""ExponentialSmoothing"": 1477014.6681370244, ""SARIMAX"": 6201850.3221657155, ""Holt"": 38124557.13329247, ""Prophet"": 1098007.5049905202, ""Croston"": 31239937.402004216, ""TSB"": 31239937.402004216}"
PC005184;48;ExponentialSmoothing;16799,32;[19921.31, 19040.41, 21379.03, 20380.19, 22301.82, 23145.58];18,6;ok;"{""ARIMA"": 6317059.08329016, ""ExponentialSmoothing"": 2832193.554429471, ""SARIMAX"": 4591019.772249143, ""Holt"": 4327390.4983445695, ""Prophet"": 2898591.1686192914, ""Croston"": 3810895.414983563, ""TSB"": 3810895.414983563}"
PC006272;48;SARIMAX;17207,23;[33963.1, 19431.35, 19103.43, 18960.24, 19959.93, 20918.04];97,4;ok;"{""ARIMA"": 16163708.77529393, ""ExponentialSmoothing"": 7260837.610028905, ""SARIMAX"": 4227027.207878791, ""Holt"": 20011909.262602832, ""Prophet"": 8372824.059744559, ""Croston"": 16579163.39875863, ""TSB"": 16579163.39875863}"
PC008213;48;SARIMAX;17341,92;[34520.58, 16677.48, 17904.7, 16417.39, 18225.25, 20867.36];99,1;ok;"{""ARIMA"": 26637897.57954919, ""ExponentialSmoothing"": 2120455.1209744867, ""SARIMAX"": 740763.7878683498, ""Holt"": 27250506.783118784, ""Prophet"": 2488739.784337973, ""Croston"": 26544169.086006314, ""TSB"": 26544169.086006314}"
PC008256;48;ExponentialSmoothing;19122,98;[19910.78, 18891.97, 18852.42, 20366.76, 20322.07, 19712.35];4,1;ok;"{""ARIMA"": 2508390.3271169984, ""ExponentialSmoothing"": 1147882.8648556932, ""SARIMAX"": 4187838.7187542706, ""Holt"": 2587001.582261128, ""Prophet"": 1232023.585340814, ""Croston"": 1778190.4370335632, ""TSB"": 1778190.4370335632}"
PC002901;48;Croston;19369,34;[19776.81, 19776.81, 19776.81, 19776.81, 19776.81, 19776.81];2,1;ok;"{""ARIMA"": 7531371.116191045, ""ExponentialSmoothing"": 2570335.5984815597, ""SARIMAX"": 25568234.94578777, ""Holt"": 2484205.52375733, ""Prophet"": 2502413.479348156, ""Croston"": 432922.55480685807, ""TSB"": 432922.55480685807}"
PC001941;48;Ensemble;19760,15;[19319.01, 19315.95, 19313.51, 19311.55, 19309.98, 19308.73];-2,2;ok;"{""ARIMA"": 796924.4893188382, ""ExponentialSmoothing"": 1542745.7362025091, ""SARIMAX"": 2499763.338153564, ""Holt"": 782073.096453148, ""Prophet"": 1179255.0631792971, ""Croston"": 739035.9558729827, ""TSB"": 739035.9558729827, ""Ensemble"": 651828.3831670153}"
PC009045;48;ExponentialSmoothing;17295,04;[32332.99, 15643.22, 16633.79, 16075.96, 15504.51, 17319.42];86,9;ok;"{""ARIMA"": 21064006.637161616, ""ExponentialSmoothing"": 2280070.0259956084, ""SARIMAX"": 6944496.715640821, ""Holt"": 34820027.64050628, ""Prophet"": 2349277.2011451577, ""Croston"": 23416546.294425596, ""TSB"": 23416546.294425596}"
PC001696;48;ARIMA;21102,89;[21352.0, 21216.45, 21290.21, 21250.07, 21271.91, 21260.03];1,2;ok;"{""ARIMA"": 848069.5938467886, ""ExponentialSmoothing"": 1303304.4770892032, ""SARIMAX"": 2106943.1241924963, ""Holt"": 1408626.9464433324, ""Prophet"": 1810218.5741679885, ""Croston"": 3732368.3513757507, ""TSB"": 3732368.3513757507}"
PC001301;48;Prophet;21897,58;[22002.43, 22002.93, 22103.75, 22540.2, 23395.35, 23389.07];0,5;ok;"{""ARIMA"": 7626938.05078479, ""ExponentialSmoothing"": 3619525.463896481, ""SARIMAX"": 10670222.03570124, ""Holt"": 1736285.8000948392, ""Prophet"": 1470251.5602109449, ""Croston"": 3883375.58674012, ""TSB"": 3883375.58674012}"
PC007123;48;Ensemble;19106,12;[18939.68, 19036.35, 18815.95, 19526.9, 19740.21, 19067.1];-0,9;ok;"{""ARIMA"": 2959969.890588905, ""ExponentialSmoothing"": 2205691.342458451, ""SARIMAX"": 3694981.4465941046, ""Holt"": 3711180.0425561555, ""Prophet"": 2191307.1274207355, ""Croston"": 2328354.5908548567, ""TSB"": 2328354.5908548567, ""Ensemble"": 2145482.619035997}"
PC004435;48;Prophet;16717,74;[31379.22, 17098.7, 16991.97, 15852.25, 16636.32, 17086.46];87,7;ok;"{""ARIMA"": 25008379.65390056, ""ExponentialSmoothing"": 636216.2902877482, ""SARIMAX"": 1268586.015739482, ""Holt"": 35736073.896344125, ""Prophet"": 496930.46659012255, ""Croston"": 25767980.67622884, ""TSB"": 25767980.67622884}"
PC001472;48;SARIMAX;18718,1;[22558.21, 21619.07, 22774.63, 23986.23, 22003.28, 21868.9];20,5;ok;"{""ARIMA"": 5493527.679988048, ""ExponentialSmoothing"": 3455946.1679477436, ""SARIMAX"": 1645234.7121049806, ""Holt"": 4358473.312344314, ""Prophet"": 3255329.3754792535, ""Croston"": 5755572.094661824, ""TSB"": 5755572.094661824}"
PC008981;48;ExponentialSmoothing;15861,41;[29794.98, 16963.75, 15972.73, 16269.05, 15763.88, 16541.89];87,8;ok;"{""ARIMA"": 30596508.51393074, ""ExponentialSmoothing"": 1125271.786275857, ""SARIMAX"": 1538733.1806998318, ""Holt"": 36101408.23450759, ""Prophet"": 1189155.7204792588, ""Croston"": 32056765.54738764, ""TSB"": 32056765.54738764}"
PC003072;15;Ensemble;64513,72;[60167.15, 60140.21, 60118.65, 60101.4, 60087.61, 60076.57];-6,7;ok;"{""ARIMA"": 38652499.68787991, ""ExponentialSmoothing"": 31712017.386874214, ""SARIMAX"": Infinity, ""Holt"": 31631811.125899315, ""Prophet"": 707897962991.7421, ""Croston"": 33223367.44870338, ""TSB"": 33223367.44870338, ""Ensemble"": 28862309.355312403}"
PC001216;48;ExponentialSmoothing;19680,48;[17449.04, 18708.41, 18012.34, 18896.03, 19108.3, 20116.48];-11,3;ok;"{""ARIMA"": 1546247.7712183492, ""ExponentialSmoothing"": 770649.5470044903, ""SARIMAX"": 2455676.785370244, ""Holt"": 1318108.7546062446, ""Prophet"": 799768.4438299619, ""Croston"": 1172446.800085643, ""TSB"": 1172446.800085643}"
PC005802;48;Croston;19365,74;[18465.47, 18465.47, 18465.47, 18465.47, 18465.47, 18465.47];-4,6;ok;"{""ARIMA"": 3812515.875178033, ""ExponentialSmoothing"": 3363987.881643681, ""SARIMAX"": 5009399.443327891, ""Holt"": 1788055.671953879, ""Prophet"": 3177509.3622367154, ""Croston"": 1189652.364225829, ""TSB"": 1189652.364225829}"
PC005589;48;ExponentialSmoothing;15561,82;[31180.59, 15714.55, 15373.69, 16312.35, 16224.66, 15940.85];100,4;ok;"{""ARIMA"": 34196087.12382775, ""ExponentialSmoothing"": 2878007.9400822497, ""SARIMAX"": 5860135.209172804, ""Holt"": 54039248.6261389, ""Prophet"": 3106426.977718666, ""Croston"": 36792700.74220576, ""TSB"": 36792700.74220576}"
PC004320;48;Croston;17769,7;[18389.15, 18389.15, 18389.15, 18389.15, 18389.15, 18389.15];3,5;ok;"{""ARIMA"": 801009.2850604876, ""ExponentialSmoothing"": 323054.3185116459, ""SARIMAX"": 860466.8861869482, ""Holt"": 401829.6517270499, ""Prophet"": 546816.6565363266, ""Croston"": 223411.5914334381, ""TSB"": 223411.5914334381}"
PC005907;48;ExponentialSmoothing;16023,22;[31317.25, 16607.0, 15945.62, 16122.7, 16113.35, 16300.57];95,4;ok;"{""ARIMA"": 22199830.068565417, ""ExponentialSmoothing"": 546758.7682859001, ""SARIMAX"": 4720479.125258302, ""Holt"": 37739393.514628254, ""Prophet"": 580936.6938430547, ""Croston"": 23990927.65699183, ""TSB"": 23990927.65699183}"
PC000395;48;Croston;17327,24;[18197.46, 18197.46, 18197.46, 18197.46, 18197.46, 18197.46];5,0;ok;"{""ARIMA"": 4087957.8767641583, ""ExponentialSmoothing"": 3531835.658592137, ""SARIMAX"": 3519630.9299012963, ""Holt"": 1938371.3951788305, ""Prophet"": 3551008.35678482, ""Croston"": 1884994.4082161775, ""TSB"": 1884994.4082161775, ""Ensemble"": 1894036.6665100611}"
PC009834;48;SARIMAX;17035,75;[29152.07, 16013.97, 17689.27, 15605.0, 16391.96, 17730.64];71,1;ok;"{""ARIMA"": 25407772.743809436, ""ExponentialSmoothing"": 1962946.07249163, ""SARIMAX"": 1874401.1629191774, ""Holt"": 37999657.151712574, ""Prophet"": 3059439.8368913825, ""Croston"": 26760524.160679817, ""TSB"": 26760524.160679817}"
PC001504;48;Prophet;16947,07;[29092.6, 16186.51, 15148.12, 15225.22, 15749.42, 17994.9];71,7;ok;"{""ARIMA"": 30570836.95982419, ""ExponentialSmoothing"": 1399127.7701837842, ""SARIMAX"": 8812409.494875122, ""Holt"": 32957690.39796854, ""Prophet"": 969972.5748935752, ""Croston"": 30243283.066840615, ""TSB"": 30243283.066840615}"
PC009066;48;SARIMAX;18465,0;[19652.22, 20329.59, 19932.78, 20061.96, 20358.29, 20649.58];6,4;ok;"{""ARIMA"": 1094354.3887751333, ""ExponentialSmoothing"": 1359112.4048519016, ""SARIMAX"": 890035.0279228594, ""Holt"": 911167.5713835639, ""Prophet"": 1708347.077178885, ""Croston"": 1132559.663859278, ""TSB"": 1132559.663859278, ""Ensemble"": 912931.4789817805}"
PC001739;48;Ensemble;18850,77;[18427.99, 18441.85, 18452.94, 18461.82, 18468.92, 18474.6];-2,2;ok;"{""ARIMA"": 1307947.578520965, ""ExponentialSmoothing"": 1444141.3090288725, ""SARIMAX"": 2762030.337777809, ""Holt"": 961537.5033108405, ""Prophet"": 1515078.9063600283, ""Croston"": 847048.2718442796, ""TSB"": 847048.2718442796, ""Ensemble"": 825993.7231419566}"
PC004704;48;SARIMAX;16600,27;[15820.35, 16878.31, 19009.91, 18258.08, 19680.18, 20422.43];-4,7;ok;"{""ARIMA"": 9669446.69732164, ""ExponentialSmoothing"": 1263608.7171360648, ""SARIMAX"": 1093940.4412358992, ""Holt"": 22549528.045402735, ""Prophet"": 1167065.014608182, ""Croston"": 2369289.2722010263, ""TSB"": 2369289.2722010263, ""Ensemble"": 1125174.8734619443}"
PC008896;48;ExponentialSmoothing;16457,26;[28880.62, 15137.62, 16079.46, 15026.19, 15138.74, 16174.01];75,5;ok;"{""ARIMA"": 30252647.50936407, ""ExponentialSmoothing"": 3484635.3216037527, ""SARIMAX"": 8309572.990838751, ""Holt"": 36535206.861341454, ""Prophet"": 4483376.85230198, ""Croston"": 32079696.925556645, ""TSB"": 32079696.925556645}"
PC005226;48;Prophet;15962,83;[16012.1, 17925.15, 17870.62, 17823.28, 19036.73, 19037.55];0,3;ok;"{""ARIMA"": 5428600.669511765, ""ExponentialSmoothing"": 1705296.673429147, ""SARIMAX"": 2308642.985430499, ""Holt"": 4983520.467582037, ""Prophet"": 1203017.2440842611, ""Croston"": 3333775.961434677, ""TSB"": 3333775.961434677}"
PC007187;48;ExponentialSmoothing;14585,25;[29906.43, 15364.42, 15185.94, 15277.94, 15798.63, 16773.17];105,0;ok;"{""ARIMA"": 24822646.87509236, ""ExponentialSmoothing"": 1168114.1605735885, ""SARIMAX"": 3051808.292514244, ""Holt"": 29975541.900279626, ""Prophet"": 1263990.481624894, ""Croston"": 25573224.455158915, ""TSB"": 25573224.455158915}"
PC002827;48;Croston;18525,07;[17980.8, 17980.8, 17980.8, 17980.8, 17980.8, 17980.8];-2,9;ok;"{""ARIMA"": 5101630.229490592, ""ExponentialSmoothing"": 2338702.9182002754, ""SARIMAX"": 4250207.93848052, ""Holt"": 2215651.6192649985, ""Prophet"": 2713044.893842992, ""Croston"": 2184482.435228199, ""TSB"": 2184482.435228199, ""Ensemble"": 2187496.1719376906}"
PC004714;48;SARIMAX;15541,77;[27438.29, 17484.59, 16669.87, 16574.09, 17908.42, 18459.88];76,5;ok;"{""ARIMA"": 23446384.70001555, ""ExponentialSmoothing"": 2191714.5466748886, ""SARIMAX"": 1566977.2793964446, ""Holt"": 28026891.530692235, ""Prophet"": 2953298.9416400255, ""Croston"": 24021769.1796741, ""TSB"": 24021769.1796741}"
PC001043;48;Prophet;15327,77;[29578.09, 15967.99, 14953.83, 15310.79, 14958.27, 16044.94];93,0;ok;"{""ARIMA"": 37705739.079718284, ""ExponentialSmoothing"": 3502226.735715298, ""SARIMAX"": 4707956.158523116, ""Holt"": 52430630.50718526, ""Prophet"": 2872208.3131280183, ""Croston"": 39325643.3342356, ""TSB"": 39325643.3342356}"
PC006634;48;ExponentialSmoothing;16526,55;[16017.96, 15763.04, 16847.09, 18924.1, 19882.61, 18353.77];-3,1;ok;"{""ARIMA"": 2231750.826229229, ""ExponentialSmoothing"": 605023.0990320666, ""SARIMAX"": 904862.1743977413, ""Holt"": 2254633.971746992, ""Prophet"": 846001.8846688569, ""Croston"": 1649526.5615327295, ""TSB"": 1649526.5615327295}"
PC000595;48;Holt;16546,61;[17360.65, 17360.65, 17360.65, 17360.65, 17360.65, 17360.65];4,9;ok;"{""ARIMA"": 824963.9124266362, ""ExponentialSmoothing"": 687509.5876267997, ""SARIMAX"": 2100977.73605701, ""Holt"": 636847.5183729944, ""Prophet"": 867470.6381487375, ""Croston"": 673091.5157240914, ""TSB"": 673091.5157240914, ""Ensemble"": 657291.8129098879}"
PC007136;48;SARIMAX;17426,67;[19612.89, 18851.78, 18590.65, 19277.88, 18723.95, 19475.43];12,5;ok;"{""ARIMA"": 1461592.8300208452, ""ExponentialSmoothing"": 1568738.35110052, ""SARIMAX"": 1183919.2818728948, ""Holt"": 1559814.090808457, ""Prophet"": 2403321.249466265, ""Croston"": 1910545.5460882653, ""TSB"": 1910545.5460882653}"
PC003392;48;Croston;17066,51;[17278.67, 17278.67, 17278.67, 17278.67, 17278.67, 17278.67];1,2;ok;"{""ARIMA"": 4164247.4183247983, ""ExponentialSmoothing"": 4527596.368578082, ""SARIMAX"": 5310321.18546841, ""Holt"": 2541886.3422392444, ""Prophet"": 4870813.579247743, ""Croston"": 2295474.49254422, ""TSB"": 2295474.49254422, ""Ensemble"": 2369291.130846662}"
PC001184;48;Croston;16013,76;[17418.03, 17418.03, 17418.03, 17418.03, 17418.03, 17418.03];8,8;ok;"{""ARIMA"": 2116220.567205122, ""ExponentialSmoothing"": 1013692.2241005898, ""SARIMAX"": 1539986.9741096068, ""Holt"": 958053.4720269638, ""Prophet"": 1298464.8810613805, ""Croston"": 949674.5922824998, ""TSB"": 949674.5922824998, ""Ensemble"": 950937.7385374372}"
PC007883;48;ExponentialSmoothing;14437,07;[29376.15, 14631.47, 15152.06, 15436.13, 15278.54, 16004.89];103,5;ok;"{""ARIMA"": 36349855.89755717, ""ExponentialSmoothing"": 2912078.010221875, ""SARIMAX"": 4186272.9431247395, ""Holt"": 41098140.18274779, ""Prophet"": 3102495.809716335, ""Croston"": 36959473.03879499, ""TSB"": 36959473.03879499}"
PC002963;48;Holt;15446,04;[16840.57, 16791.57, 16752.37, 16721.02, 16695.93, 16675.86];9,0;ok;"{""ARIMA"": 1301635.7164131724, ""ExponentialSmoothing"": 1668697.6027452245, ""SARIMAX"": 2013457.2900993694, ""Holt"": 1150738.0116714241, ""Prophet"": 1899558.5496793378, ""Croston"": 1178747.7247614793, ""TSB"": 1178747.7247614793, ""Ensemble"": 1168404.269291257}"
PC008779;48;ARIMA;20500,73;[20339.12, 20280.91, 20259.94, 20252.38, 20249.66, 20248.68];-0,8;ok;"{""ARIMA"": 844274.8575974753, ""ExponentialSmoothing"": 2273801.153119939, ""SARIMAX"": 1359315.699057433, ""Holt"": 1834648.936180685, ""Prophet"": 1270867.3917136712, ""Croston"": 4928486.896721677, ""TSB"": 4928486.896721677}"
PC006656;48;ExponentialSmoothing;15760,39;[27222.74, 14669.63, 15543.98, 15542.86, 14846.92, 16237.16];72,7;ok;"{""ARIMA"": 26576384.493803117, ""ExponentialSmoothing"": 987582.9609003892, ""SARIMAX"": 2200374.8256635424, ""Holt"": 26605326.26001997, ""Prophet"": 1231934.4020965472, ""Croston"": 25802953.566365447, ""TSB"": 25802953.566365447}"
PC004064;48;Prophet;13677,04;[15896.87, 15863.25, 16831.38, 17699.02, 18214.17, 19766.67];16,2;ok;"{""ARIMA"": 9279371.788219988, ""ExponentialSmoothing"": 3518948.264501449, ""SARIMAX"": 4406608.677184935, ""Holt"": 9910178.066743357, ""Prophet"": 2394585.5114975353, ""Croston"": 4378544.492036622, ""TSB"": 4378544.492036622}"
PC002026;48;Ensemble;16542,56;[16905.6, 17084.95, 17326.08, 17097.51, 16699.63, 17127.55];2,2;ok;"{""ARIMA"": 3052064.9908363316, ""ExponentialSmoothing"": 1280354.0375766964, ""SARIMAX"": 7719266.348737356, ""Holt"": 1732641.2975182564, ""Prophet"": 930695.5603770138, ""Croston"": 919637.8197709412, ""TSB"": 919637.8197709412, ""Ensemble"": 771125.448433135}"
PC007210;48;Croston;15882,35;[16723.49, 16723.49, 16723.49, 16723.49, 16723.49, 16723.49];5,3;ok;"{""ARIMA"": 2818021.221563608, ""ExponentialSmoothing"": 2388184.7498072707, ""SARIMAX"": 4712093.30231814, ""Holt"": 2361020.710556283, ""Prophet"": 2701921.2536172625, ""Croston"": 2074874.4482199561, ""TSB"": 2074874.4482199561, ""Ensemble"": 2131971.6234211787}"
PC000917;48;Prophet;14532,3;[27511.17, 15082.68, 14771.58, 15283.21, 14881.82, 16205.63];89,3;ok;"{""ARIMA"": 30497932.75057519, ""ExponentialSmoothing"": 2417878.9295044616, ""SARIMAX"": 4416865.238391309, ""Holt"": 30942386.4369694, ""Prophet"": 2203365.355660774, ""Croston"": 29949183.970582187, ""TSB"": 29949183.970582187}"
PC007872;48;Prophet;16544,48;[16955.43, 16316.53, 16727.16, 16761.21, 17500.69, 17078.23];2,5;ok;"{""ARIMA"": 1858851.035563113, ""ExponentialSmoothing"": 1460079.8893687653, ""SARIMAX"": 2295314.992313885, ""Holt"": 1819448.4202734595, ""Prophet"": 1444106.7522090056, ""Croston"": 1931369.0053887025, ""TSB"": 1931369.0053887025, ""Ensemble"": 1505478.2089337206}"
PC001675;48;ExponentialSmoothing;18733,4;[15801.53, 16932.6, 15770.57, 16608.55, 15433.47, 17140.33];-15,7;ok;"{""ARIMA"": 2919580.039758717, ""ExponentialSmoothing"": 939711.5091998167, ""SARIMAX"": 2987842.410757169, ""Holt"": 2900263.110073174, ""Prophet"": 1152822.4980263484, ""Croston"": 1719523.2506538762, ""TSB"": 1719523.2506538762}"
PC004373;48;SARIMAX;15604,96;[15885.8, 17101.5, 17081.6, 17101.03, 18606.65, 17933.83];1,8;ok;"{""ARIMA"": 2465563.136614899, ""ExponentialSmoothing"": 474996.4969668645, ""SARIMAX"": 374582.55769334757, ""Holt"": 2412928.6368731773, ""Prophet"": 525535.4053741916, ""Croston"": 910359.4465331426, ""TSB"": 910359.4465331426}"
PC002763;48;Ensemble;15401,33;[15214.16, 15240.44, 16127.94, 16023.13, 16484.2, 18651.68];-1,2;ok;"{""ARIMA"": 5060624.457056043, ""ExponentialSmoothing"": 1205860.7872247908, ""SARIMAX"": 2785664.5252424222, ""Holt"": 4423118.327583311, ""Prophet"": 1411926.4104072026, ""Croston"": 1566615.5111036643, ""TSB"": 1566615.5111036643, ""Ensemble"": 993452.8497875826}"
PC005664;48;Prophet;15353,33;[16120.3, 15405.66, 16164.15, 15536.19, 17444.46, 16190.95];5,0;ok;"{""ARIMA"": 703932.0390209312, ""ExponentialSmoothing"": 498467.8501798695, ""SARIMAX"": 921236.0812097572, ""Holt"": 712601.7128736667, ""Prophet"": 290238.54814353446, ""Croston"": 715044.7904680482, ""TSB"": 715044.7904680482}"
PC007018;48;Prophet;13579,24;[14751.58, 15132.9, 16195.67, 16346.09, 16856.63, 19323.76];8,6;ok;"{""ARIMA"": 2725050.482928905, ""ExponentialSmoothing"": 7829926.984872367, ""SARIMAX"": 6748916.247370057, ""Holt"": 2557566.15031654, ""Prophet"": 1199183.853539002, ""Croston"": 2194868.1605650675, ""TSB"": 2194868.1605650675}"
PC005792;48;ExponentialSmoothing;15767,19;[25802.44, 13462.75, 13940.96, 13216.81, 13893.58, 14780.46];63,6;ok;"{""ARIMA"": 26393855.58337642, ""ExponentialSmoothing"": 2075556.1138258444, ""SARIMAX"": 4222332.1798271425, ""Holt"": 43143783.90190128, ""Prophet"": 3006100.8136082287, ""Croston"": 28645047.954724506, ""TSB"": 28645047.954724506}"
PC009683;48;Ensemble;17970,49;[16500.64, 15942.05, 16524.73, 16582.53, 16218.08, 16095.35];-8,2;ok;"{""ARIMA"": 1308726.3678297636, ""ExponentialSmoothing"": 1100896.2963616939, ""SARIMAX"": 1381557.5189573306, ""Holt"": 1298481.6542823196, ""Prophet"": 1079713.4714705427, ""Croston"": 1257071.7230486383, ""TSB"": 1257071.7230486383, ""Ensemble"": 1066218.660923117}"
PC005024;48;Croston;17817,33;[16220.54, 16220.54, 16220.54, 16220.54, 16220.54, 16220.54];-9,0;ok;"{""ARIMA"": 1498488.167513093, ""ExponentialSmoothing"": 1993426.931494416, ""SARIMAX"": 3048178.513115157, ""Holt"": 1031963.6344253197, ""Prophet"": 1969741.7260151824, ""Croston"": 979717.6527847169, ""TSB"": 979717.6527847169, ""Ensemble"": 995167.2967580128}"
PC001483;48;Prophet;13156,39;[25266.33, 13984.48, 13932.24, 13106.67, 13140.69, 15293.48];92,0;ok;"{""ARIMA"": 24100100.772345047, ""ExponentialSmoothing"": 1204071.2165788447, ""SARIMAX"": 2168850.3060993613, ""Holt"": 25898982.83090141, ""Prophet"": 1090857.6974294998, ""Croston"": 23872479.241737727, ""TSB"": 23872479.241737727}"
PC001066;48;Croston;14464,84;[15873.52, 15873.52, 15873.52, 15873.52, 15873.52, 15873.52];9,7;ok;"{""ARIMA"": 619171.1035964849, ""ExponentialSmoothing"": 1921699.2845265355, ""SARIMAX"": 3344136.9955322607, ""Holt"": 592667.7463479785, ""Prophet"": 2272329.362792138, ""Croston"": 579842.5821587514, ""TSB"": 579842.5821587514, ""Ensemble"": 581596.368738508}"
PC001557;48;Croston;13201,12;[15305.29, 15305.29, 15305.29, 15305.29, 15305.29, 15305.29];15,9;ok;"{""ARIMA"": 2420323.2699907315, ""ExponentialSmoothing"": 2029872.7837339866, ""SARIMAX"": 3163050.667018136, ""Holt"": 4161069.148806253, ""Prophet"": 2172819.5160961696, ""Croston"": 1290132.6118321135, ""TSB"": 1290132.6118321135}"
PC007627;48;Prophet;17585,03;[17854.51, 18270.09, 16997.42, 18635.03, 18029.1, 18511.46];1,5;ok;"{""ARIMA"": 1585554.8358176416, ""ExponentialSmoothing"": 1364202.953310136, ""SARIMAX"": 1083864.48916316, ""Holt"": 1146921.1662791416, ""Prophet"": 645310.7026677239, ""Croston"": 2006551.6825246615, ""TSB"": 2006551.6825246615}"
PC004586;48;Prophet;19116,41;[17494.51, 17620.1, 17793.61, 18357.82, 18552.28, 18268.15];-8,5;ok;"{""ARIMA"": 2539545.6185787474, ""ExponentialSmoothing"": 2567553.1517709545, ""SARIMAX"": 3995904.177644282, ""Holt"": 1560823.2890574317, ""Prophet"": 1452349.1578435341, ""Croston"": 2537153.2552271965, ""TSB"": 2537153.2552271965}"
PC001035;48;ExponentialSmoothing;12779,8;[25322.78, 13476.38, 13394.11, 13155.48, 13288.32, 14325.96];98,1;ok;"{""ARIMA"": 21555121.421382256, ""ExponentialSmoothing"": 704388.3943211312, ""SARIMAX"": 1908457.0933045337, ""Holt"": 34334248.66991375, ""Prophet"": 1017920.7448137221, ""Croston"": 23038835.677849215, ""TSB"": 23038835.677849215}"
PC003155;48;Croston;15720,34;[15350.76, 15350.76, 15350.76, 15350.76, 15350.76, 15350.76];-2,4;ok;"{""ARIMA"": 677042.9627253197, ""ExponentialSmoothing"": 802244.4247242272, ""SARIMAX"": 4720051.673036172, ""Holt"": 404205.10911120364, ""Prophet"": 980205.3337422394, ""Croston"": 400241.48790861265, ""TSB"": 400241.48790861265, ""Ensemble"": 401468.4736766015}"
PC004544;48;Croston;15171,29;[15409.56, 15409.56, 15409.56, 15409.56, 15409.56, 15409.56];1,6;ok;"{""ARIMA"": 642206.0540966048, ""ExponentialSmoothing"": 786547.5333250468, ""SARIMAX"": 1175364.6833555854, ""Holt"": 1002171.5919133164, ""Prophet"": 979650.7839579225, ""Croston"": 495796.4225416211, ""TSB"": 495796.4225416211, ""Ensemble"": 533065.9035040751}"
PC009547;48;Prophet;13207,06;[24507.99, 13148.52, 12941.18, 12874.63, 13749.59, 14563.59];85,6;ok;"{""ARIMA"": 16865396.32074793, ""ExponentialSmoothing"": 939220.2403303304, ""SARIMAX"": 1424945.3819324728, ""Holt"": 26360734.361981567, ""Prophet"": 877386.1696486081, ""Croston"": 17772460.141275633, ""TSB"": 17772460.141275633}"
PC005845;15;Croston;51487,82;[47240.65, 47240.65, 47240.65, 47240.65, 47240.65, 47240.65];-8,2;ok;"{""ARIMA"": 35553379.40061591, ""ExponentialSmoothing"": 22922825.657957226, ""SARIMAX"": Infinity, ""Holt"": 13584152.418768099, ""Prophet"": 139124125853.58588, ""Croston"": 8915140.949327046, ""TSB"": 8915140.949327046}"
PC007232;48;ARIMA;18578,56;[17939.43, 17843.86, 17829.57, 17827.43, 17827.11, 17827.06];-3,4;ok;"{""ARIMA"": 798552.6914147629, ""ExponentialSmoothing"": 1368321.2502721308, ""SARIMAX"": 1442093.2054101622, ""Holt"": 1530342.0603578917, ""Prophet"": 1584087.7439089727, ""Croston"": 3252752.4655617713, ""TSB"": 3252752.4655617713}"
PC001514;15;Ensemble;45775,91;[47247.94, 47171.4, 47095.28, 47019.68, 46944.69, 46870.37];3,2;ok;"{""ARIMA"": 7039535.361203463, ""ExponentialSmoothing"": 13278418.710072903, ""SARIMAX"": Infinity, ""Holt"": 6917949.453227274, ""Prophet"": 226173466926.76382, ""Croston"": 8388754.981050326, ""TSB"": 8388754.981050326, ""Ensemble"": 6875986.082181451}"
PC000800;48;Croston;16046,51;[15106.29, 15106.29, 15106.29, 15106.29, 15106.29, 15106.29];-5,9;ok;"{""ARIMA"": 1716472.3055683186, ""ExponentialSmoothing"": 2178685.5035501015, ""SARIMAX"": 1861632.201361365, ""Holt"": 2143692.9086837047, ""Prophet"": 2044712.5363841623, ""Croston"": 1205996.2996514598, ""TSB"": 1205996.2996514598}"
PC006890;48;Ensemble;13719,0;[14591.34, 14655.42, 14881.96, 14714.84, 14936.08, 14930.26];6,4;ok;"{""ARIMA"": 3470529.5346991443, ""ExponentialSmoothing"": 785370.613992279, ""SARIMAX"": 962985.8045967078, ""Holt"": 3107296.165246108, ""Prophet"": 1120372.8452328176, ""Croston"": 814806.8282756876, ""TSB"": 814806.8282756876, ""Ensemble"": 755087.6044996552}"
PC002986;48;Prophet;13851,36;[24702.28, 13147.08, 13038.63, 12736.55, 13221.96, 13176.33];78,3;ok;"{""ARIMA"": 16050738.099829808, ""ExponentialSmoothing"": 557005.3550466761, ""SARIMAX"": 2992848.596302662, ""Holt"": 20204202.849019367, ""Prophet"": 539056.1692764419, ""Croston"": 16367018.909831012, ""TSB"": 16367018.909831012}"
PC001685;48;Holt;16968,08;[16540.84, 16615.43, 16689.64, 16763.48, 16836.95, 16910.06];-2,5;ok;"{""ARIMA"": 600669.3844489603, ""ExponentialSmoothing"": 1601944.3072204022, ""SARIMAX"": 3543764.6346014324, ""Holt"": 303669.5453831759, ""Prophet"": 1772053.622145097, ""Croston"": 1120886.5515456297, ""TSB"": 1120886.5515456297}"
PC004883;48;ExponentialSmoothing;11937,45;[24391.45, 12508.68, 12350.58, 12660.68, 13182.94, 12818.13];104,3;ok;"{""ARIMA"": 21502604.052811883, ""ExponentialSmoothing"": 765631.9338069115, ""SARIMAX"": 5553266.821575944, ""Holt"": 23536509.0332631, ""Prophet"": 783188.1173454332, ""Croston"": 21604413.26265514, ""TSB"": 21604413.26265514}"
PC000979;48;ExponentialSmoothing;11593,67;[22433.28, 12943.99, 12689.22, 12517.38, 12296.39, 12129.13];93,5;ok;"{""ARIMA"": 15035520.952549437, ""ExponentialSmoothing"": 629853.9190411088, ""SARIMAX"": 1005859.191658107, ""Holt"": 19014866.736523025, ""Prophet"": 799584.2174123097, ""Croston"": 16044274.855828939, ""TSB"": 16044274.855828939}"
PC001792;48;Prophet;14999,34;[16911.77, 17605.95, 16880.92, 17886.1, 17273.68, 17448.6];12,8;ok;"{""ARIMA"": 2968849.8113696952, ""ExponentialSmoothing"": 2269219.1323846746, ""SARIMAX"": 2071482.7895075493, ""Holt"": 2726328.2215355835, ""Prophet"": 1679680.4735003475, ""Croston"": 4733478.321167295, ""TSB"": 4733478.321167295}"
PC002771;48;Prophet;12393,52;[13468.49, 14182.44, 14436.59, 15312.93, 16227.23, 16065.44];8,7;ok;"{""ARIMA"": 1837791.2285688587, ""ExponentialSmoothing"": 750333.7062083994, ""SARIMAX"": 4153989.539102687, ""Holt"": 2312005.388435811, ""Prophet"": 710686.7648968779, ""Croston"": 1358247.6680271807, ""TSB"": 1358247.6680271807}"
PC004115;48;ExponentialSmoothing;11228,06;[24507.67, 12229.02, 12981.34, 12245.59, 12626.32, 12537.42];118,3;ok;"{""ARIMA"": 15134061.410747677, ""ExponentialSmoothing"": 1389140.6256837274, ""SARIMAX"": 2276237.258974283, ""Holt"": 19294678.04363674, ""Prophet"": 1743151.0530501623, ""Croston"": 16066940.44062122, ""TSB"": 16066940.44062122}"
PC007893;48;Prophet;11893,16;[24091.13, 13210.8, 12903.88, 13007.54, 13210.54, 12928.69];102,6;ok;"{""ARIMA"": 22450611.338001672, ""ExponentialSmoothing"": 2908712.3140971255, ""SARIMAX"": 8853671.592659144, ""Holt"": 32527537.517790854, ""Prophet"": 2568051.419177813, ""Croston"": 23807685.535689577, ""TSB"": 23807685.535689577}"
PC006176;48;ExponentialSmoothing;12280,48;[13055.66, 13908.18, 13777.09, 14814.15, 15344.49, 16751.96];6,3;ok;"{""ARIMA"": 18247826.504885435, ""ExponentialSmoothing"": 500081.7379467589, ""SARIMAX"": 4586800.499530625, ""Holt"": 14515323.39659666, ""Prophet"": 808388.415713143, ""Croston"": 1661023.8692160856, ""TSB"": 1661023.8692160856}"
PC001867;48;ExponentialSmoothing;14183,81;[13618.54, 13907.65, 13372.75, 14645.67, 14091.49, 15184.74];-4,0;ok;"{""ARIMA"": 457432.38254969683, ""ExponentialSmoothing"": 218710.3533082127, ""SARIMAX"": 549718.7828635805, ""Holt"": 364726.8475742016, ""Prophet"": 425884.38625297346, ""Croston"": 377802.0346484019, ""TSB"": 377802.0346484019}"
PC006336;16;ExponentialSmoothing;38052,34;[41526.88, 41418.61, 41310.89, 41203.71, 41097.06, 40990.94];9,1;ok;"{""ARIMA"": 12566500.167984216, ""ExponentialSmoothing"": 8845201.225778801, ""SARIMAX"": Infinity, ""Holt"": 12413328.595277546, ""Prophet"": 15030607637.216745, ""Croston"": 9131151.476743838, ""TSB"": 9131151.476743838, ""Ensemble"": 9027494.864414275}"
PC005003;48;Prophet;12529,58;[24260.43, 12657.83, 12674.28, 12578.9, 12058.22, 12428.7];93,6;ok;"{""ARIMA"": 25869899.53614424, ""ExponentialSmoothing"": 2303141.5339822383, ""SARIMAX"": 3909003.8727574083, ""Holt"": 32012486.68326719, ""Prophet"": 1927895.2357345156, ""Croston"": 26690018.35018296, ""TSB"": 26690018.35018296}"
PC007763;48;SARIMAX;13231,3;[27048.34, 12651.77, 13173.16, 12388.61, 13168.1, 12986.07];104,4;ok;"{""ARIMA"": 14292532.458401589, ""ExponentialSmoothing"": 1846546.6767201724, ""SARIMAX"": 1674744.9697993249, ""Holt"": 20022012.065953754, ""Prophet"": 1815646.713338813, ""Croston"": 15215354.661830455, ""TSB"": 15215354.661830455, ""Ensemble"": 1705909.4389949406}"
PC008661;48;SARIMAX;15154,63;[16171.76, 16242.25, 15744.94, 15400.22, 15741.84, 17185.33];6,7;ok;"{""ARIMA"": 3059398.499720778, ""ExponentialSmoothing"": 759996.8162879761, ""SARIMAX"": 736757.5756469889, ""Holt"": 1463373.2329681255, ""Prophet"": 793501.8005500819, ""Croston"": 1029448.0870108294, ""TSB"": 1029448.0870108294, ""Ensemble"": 742046.8932894791}"
PC009235;48;ExponentialSmoothing;15045,2;[13949.52, 14124.32, 13750.57, 13845.5, 13873.01, 14712.61];-7,3;ok;"{""ARIMA"": 1519119.6905003556, ""ExponentialSmoothing"": 792648.8635711977, ""SARIMAX"": 5538313.700148064, ""Holt"": 1661165.0830157355, ""Prophet"": 835541.3861040113, ""Croston"": 937440.3836955898, ""TSB"": 937440.3836955898, ""Ensemble"": 826226.1116787507}"
PC007168;48;ExponentialSmoothing;14458,81;[14551.9, 13649.16, 13522.49, 13682.58, 13648.08, 14574.17];0,6;ok;"{""ARIMA"": 995014.740541712, ""ExponentialSmoothing"": 682541.2672630403, ""SARIMAX"": 1027149.5801041924, ""Holt"": 989357.7525340291, ""Prophet"": 973901.5495779669, ""Croston"": 923112.5856653556, ""TSB"": 923112.5856653556}"
PC008459;48;Prophet;11287,15;[12576.71, 13134.15, 13032.28, 14138.12, 14316.38, 16059.47];11,4;ok;"{""ARIMA"": 6308995.37914386, ""ExponentialSmoothing"": 1230258.913441037, ""SARIMAX"": 1523225.1490853513, ""Holt"": 5926675.846232035, ""Prophet"": 961686.6624032328, ""Croston"": 3479201.4333639047, ""TSB"": 3479201.4333639047}"
PC008075;48;ExponentialSmoothing;13356,28;[14175.19, 13570.36, 14069.97, 13850.67, 13698.06, 14298.85];6,1;ok;"{""ARIMA"": 1445583.0147404217, ""ExponentialSmoothing"": 542640.5852228132, ""SARIMAX"": 1268429.7934329698, ""Holt"": 1320502.367652002, ""Prophet"": 746681.7482067269, ""Croston"": 871680.5994797144, ""TSB"": 871680.5994797144}"
PC006931;48;Prophet;13201,7;[22734.13, 12321.67, 11702.8, 11562.24, 12202.35, 12612.99];72,2;ok;"{""ARIMA"": 15817096.21314864, ""ExponentialSmoothing"": 1133627.0777277325, ""SARIMAX"": 1991292.5314515543, ""Holt"": 17566071.763080277, ""Prophet"": 958615.0761213255, ""Croston"": 15725063.729053283, ""TSB"": 15725063.729053283}"
PC007755;15;Croston;42815,65;[43032.27, 43032.27, 43032.27, 43032.27, 43032.27, 43032.27];0,5;ok;"{""ARIMA"": 17101164.119476076, ""ExponentialSmoothing"": 69357667.84813568, ""SARIMAX"": Infinity, ""Holt"": 71001876.77531134, ""Prophet"": 18582352659.598476, ""Croston"": 4294597.970741267, ""TSB"": 4294597.970741267}"
PC002410;48;ExponentialSmoothing;10927,76;[13022.37, 12891.72, 13637.49, 13681.43, 14531.68, 15758.02];19,2;ok;"{""ARIMA"": 7542657.01011268, ""ExponentialSmoothing"": 631640.5976430433, ""SARIMAX"": 785682.570136442, ""Holt"": 5811145.5605524825, ""Prophet"": 920020.1844180198, ""Croston"": 2245649.94060126, ""TSB"": 2245649.94060126}"
PC003787;48;Prophet;11992,27;[22469.13, 11469.87, 12365.68, 11977.26, 12243.02, 11764.97];87,4;ok;"{""ARIMA"": 16131381.323572734, ""ExponentialSmoothing"": 589139.3908689137, ""SARIMAX"": 1365372.7044737276, ""Holt"": 17389527.06603652, ""Prophet"": 547887.2243725272, ""Croston"": 16746572.221930169, ""TSB"": 16746572.221930169}"
PC001931;48;Prophet;12170,06;[12269.13, 13003.66, 13932.0, 14668.53, 15498.9, 16146.32];0,8;ok;"{""ARIMA"": 6228120.825787828, ""ExponentialSmoothing"": 303697.1698998967, ""SARIMAX"": 2177201.5553570287, ""Holt"": 5813746.714102723, ""Prophet"": 299954.2429796656, ""Croston"": 1947238.029000913, ""TSB"": 1947238.029000913}"
PC000659;48;Croston;13898,36;[13254.63, 13254.63, 13254.63, 13254.63, 13254.63, 13254.63];-4,6;ok;"{""ARIMA"": 623393.535988169, ""ExponentialSmoothing"": 846495.8169438565, ""SARIMAX"": 2083777.5940734202, ""Holt"": 567665.2084825158, ""Prophet"": 873223.968790341, ""Croston"": 400407.23831796175, ""TSB"": 400407.23831796175}"
PC007243;48;Ensemble;12016,86;[20741.79, 10838.81, 11565.36, 11090.83, 11150.3, 11255.8];72,6;ok;"{""ARIMA"": 21840283.05125474, ""ExponentialSmoothing"": 2460531.118704215, ""SARIMAX"": 2300467.376037051, ""Holt"": 26216905.862719283, ""Prophet"": 2526125.8777232855, ""Croston"": 22802045.35296559, ""TSB"": 22802045.35296559, ""Ensemble"": 2012127.2561679508}"
PC006229;13;Média Móvel;52961,59;[49323.67, 49323.67, 49323.67, 49323.67, 49323.67, 49323.67];-6,9;ok;"{""ARIMA"": Infinity, ""ExponentialSmoothing"": Infinity, ""SARIMAX"": Infinity, ""Holt"": Infinity, ""Prophet"": Infinity, ""Croston"": Infinity, ""TSB"": Infinity}"
PC002965;48;Ensemble;12276,64;[11903.03, 12355.5, 12463.14, 12715.93, 13280.37, 13801.75];-3,0;ok;"{""ARIMA"": 2794841.966639806, ""ExponentialSmoothing"": 393491.3442648458, ""SARIMAX"": 1257940.7240827477, ""Holt"": 1474876.814962771, ""Prophet"": 391626.0375814661, ""Croston"": 395962.7913267775, ""TSB"": 395962.7913267775, ""Ensemble"": 274793.9447468561}"
PC006923;48;SARIMAX;12140,29;[20848.58, 10778.4, 11222.97, 10502.33, 10638.34, 11692.4];71,7;ok;"{""ARIMA"": 12247622.99101794, ""ExponentialSmoothing"": 763741.242441752, ""SARIMAX"": 447911.39412603574, ""Holt"": 18065209.159790147, ""Prophet"": 809700.1978748167, ""Croston"": 12680454.059549598, ""TSB"": 12680454.059549598}"
PC003349;12;Média Móvel;56351,85;[53432.25, 53432.25, 53432.25, 53432.25, 53432.25, 53432.25];-5,2;ok;"{""ARIMA"": Infinity, ""ExponentialSmoothing"": Infinity, ""SARIMAX"": Infinity, ""Holt"": Infinity, ""Prophet"": Infinity, ""Croston"": Infinity, ""TSB"": Infinity}"
PC002707;48;Prophet;11561,68;[11924.11, 12359.87, 12564.24, 13441.08, 13927.26, 15960.32];3,1;ok;"{""ARIMA"": 6770298.646135233, ""ExponentialSmoothing"": 304123.2222632601, ""SARIMAX"": 1417143.0192812912, ""Holt"": 9504905.68859669, ""Prophet"": 192641.28151705698, ""Croston"": 994405.1173027385, ""TSB"": 994405.1173027385}"
PC009888;48;Ensemble;14419,46;[14450.46, 14088.36, 14531.41, 14049.08, 14488.17, 14827.21];0,2;ok;"{""ARIMA"": 2236928.9698173148, ""ExponentialSmoothing"": 1517161.1868836891, ""SARIMAX"": 1534195.2009923367, ""Holt"": 2331183.953744654, ""Prophet"": 1655303.150866921, ""Croston"": 2801442.7799564176, ""TSB"": 2801442.7799564176, ""Ensemble"": 1476358.1422296094}"
PC000021;48;Ensemble;11848,34;[12271.44, 12290.63, 12959.26, 12426.52, 12948.04, 13267.28];3,6;ok;"{""ARIMA"": 1721293.5973269746, ""ExponentialSmoothing"": 303359.39877907693, ""SARIMAX"": 871305.1460454782, ""Holt"": 2201374.8041380155, ""Prophet"": 332456.56914738816, ""Croston"": 393439.52422577166, ""TSB"": 393439.52422577166, ""Ensemble"": 267081.35092647903}"
PC005610;48;Croston;12628,86;[12480.25, 12480.25, 12480.25, 12480.25, 12480.25, 12480.25];-1,2;ok;"{""ARIMA"": 1244640.8537858136, ""ExponentialSmoothing"": 1194330.8686486157, ""SARIMAX"": 2365002.2945954767, ""Holt"": 1153049.9564484486, ""Prophet"": 1309377.0872238248, ""Croston"": 1108486.7996402993, ""TSB"": 1108486.7996402993, ""Ensemble"": 1116594.2246683256}"
PC002643;48;Prophet;13224,66;[12182.7, 11833.75, 12691.23, 11854.57, 12322.61, 12473.19];-7,9;ok;"{""ARIMA"": 2074905.0320796191, ""ExponentialSmoothing"": 758961.7076322525, ""SARIMAX"": 1974452.726325798, ""Holt"": 2542034.4908358436, ""Prophet"": 638858.3265576385, ""Croston"": 776447.0041861109, ""TSB"": 776447.0041861109, ""Ensemble"": 696759.4927749283}"
PC002752;48;Prophet;11239,48;[12549.53, 12311.71, 12942.92, 13075.17, 12235.44, 13575.47];11,7;ok;"{""ARIMA"": 572935.6977659232, ""ExponentialSmoothing"": 447722.33831757406, ""SARIMAX"": 586427.8613642547, ""Holt"": 616254.2845530714, ""Prophet"": 308113.82057932916, ""Croston"": 621183.4119145469, ""TSB"": 621183.4119145469}"
PC005333;48;ExponentialSmoothing;12097,45;[10909.99, 11445.23, 12180.62, 13314.91, 13546.31, 13179.74];-9,8;ok;"{""ARIMA"": 1240090.2057224365, ""ExponentialSmoothing"": 351180.79777743993, ""SARIMAX"": 442598.4290037689, ""Holt"": 1419063.8399161582, ""Prophet"": 748019.985814873, ""Croston"": 550069.4572619895, ""TSB"": 550069.4572619895}"
PC008021;48;SARIMAX;13393,37;[13229.91, 13409.34, 14008.47, 14723.57, 13315.35, 13392.25];-1,2;ok;"{""ARIMA"": 906412.5317421682, ""ExponentialSmoothing"": 1067342.8318266303, ""SARIMAX"": 581393.5291821612, ""Holt"": 705262.7998512624, ""Prophet"": 1412844.030108543, ""Croston"": 837277.415478862, ""TSB"": 837277.415478862}"
PC006442;48;SARIMAX;10834,24;[18335.61, 9663.37, 10480.65, 8715.78, 10482.72, 10330.41];69,2;ok;"{""ARIMA"": 18268778.263213407, ""ExponentialSmoothing"": 3141588.583915655, ""SARIMAX"": 923995.4840631015, ""Holt"": 22302619.95666384, ""Prophet"": 3575579.9915436134, ""Croston"": 18822266.30763348, ""TSB"": 18822266.30763348}"
PC000832;48;Holt;12868,69;[13573.65, 13563.65, 13555.66, 13549.27, 13544.15, 13540.06];5,5;ok;"{""ARIMA"": 769815.0927433508, ""ExponentialSmoothing"": 517562.2398678842, ""SARIMAX"": 1234441.046869118, ""Holt"": 232946.16935372548, ""Prophet"": 589905.040064204, ""Croston"": 596272.8590854165, ""TSB"": 596272.8590854165}"
PC004243;48;Holt;12131,79;[12431.33, 12436.8, 12441.18, 12444.69, 12447.49, 12449.73];2,5;ok;"{""ARIMA"": 296491.9166477336, ""ExponentialSmoothing"": 1033670.5329550043, ""SARIMAX"": 1001075.684336397, ""Holt"": 186423.5975657328, ""Prophet"": 978482.6390921375, ""Croston"": 286701.3076728605, ""TSB"": 286701.3076728605}"
PC009109;48;ExponentialSmoothing;9847,13;[19316.19, 10795.02, 11152.66, 10927.14, 10529.68, 10410.43];96,2;ok;"{""ARIMA"": 9013273.860632455, ""ExponentialSmoothing"": 320027.33652893227, ""SARIMAX"": 741999.7397817187, ""Holt"": 14905637.997042136, ""Prophet"": 328547.3808338846, ""Croston"": 9663740.668886686, ""TSB"": 9663740.668886686}"
PC005205;48;Prophet;9597,33;[18771.42, 10270.41, 10664.65, 10347.27, 10880.84, 10003.68];95,6;ok;"{""ARIMA"": 8046684.161653616, ""ExponentialSmoothing"": 957513.3063668823, ""SARIMAX"": 1534163.3993014952, ""Holt"": 10716688.624157187, ""Prophet"": 734252.6626177811, ""Croston"": 8468947.376164751, ""TSB"": 8468947.376164751}"
PC001621;48;Prophet;10756,8;[19360.07, 10779.48, 10919.78, 10559.2, 10877.4, 11975.82];80,0;ok;"{""ARIMA"": 16009510.750975883, ""ExponentialSmoothing"": 1334007.8145176596, ""SARIMAX"": 1753084.417481547, ""Holt"": 19620539.864062075, ""Prophet"": 1010142.215498438, ""Croston"": 16144470.706490638, ""TSB"": 16144470.706490638}"
PC001429;48;Prophet;11093,33;[11854.0, 11739.31, 11840.45, 11288.07, 12281.22, 12208.68];6,9;ok;"{""ARIMA"": 408689.0493953824, ""ExponentialSmoothing"": 67440.21643571822, ""SARIMAX"": 457158.15171846113, ""Holt"": 654362.3226909444, ""Prophet"": 52936.280995754256, ""Croston"": 496209.4030588143, ""TSB"": 496209.4030588143}"
PC003434;48;Holt;12248,66;[11953.74, 11953.74, 11953.74, 11953.74, 11953.74, 11953.74];-2,4;ok;"{""ARIMA"": 1129520.7972495714, ""ExponentialSmoothing"": 1399095.2164236482, ""SARIMAX"": 1396671.9206238952, ""Holt"": 1102067.3731691737, ""Prophet"": 1268753.916118434, ""Croston"": 1152542.1715822397, ""TSB"": 1152542.1715822397, ""Ensemble"": 1127010.3838281177}"
PC009557;48;Prophet;9873,7;[10768.55, 10960.0, 11873.39, 12346.22, 12878.79, 13727.23];9,1;ok;"{""ARIMA"": 7518186.225859686, ""ExponentialSmoothing"": 491589.48018169426, ""SARIMAX"": 606271.4961211534, ""Holt"": 5194566.38791956, ""Prophet"": 413245.487807065, ""Croston"": 1483859.5702918924, ""TSB"": 1483859.5702918924}"
PC003851;48;Prophet;9995,62;[18307.88, 9794.45, 10615.96, 10284.55, 10466.08, 10311.23];83,2;ok;"{""ARIMA"": 7191662.394425257, ""ExponentialSmoothing"": 2643418.504913267, ""SARIMAX"": 2837701.06567191, ""Holt"": 7686770.549099643, ""Prophet"": 2464297.003387906, ""Croston"": 7690454.831692695, ""TSB"": 7690454.831692695, ""Ensemble"": 2539995.771815893}"
PC001664;48;Prophet;10460,78;[10952.49, 10812.27, 11568.41, 11842.54, 12511.59, 13548.98];4,7;ok;"{""ARIMA"": 484730.9794791029, ""ExponentialSmoothing"": 332750.1904049662, ""SARIMAX"": 562287.4649834553, ""Holt"": 496202.725748023, ""Prophet"": 327077.1321311135, ""Croston"": 461747.5068310243, ""TSB"": 461747.5068310243}"
PC007443;48;SARIMAX;12505,69;[13626.47, 12869.11, 12845.0, 12799.67, 12932.61, 14148.47];9,0;ok;"{""ARIMA"": 841907.7166569283, ""ExponentialSmoothing"": 1393460.0451461945, ""SARIMAX"": 651745.3282107007, ""Holt"": 915310.1531493167, ""Prophet"": 1143432.8387650775, ""Croston"": 1429471.37763702, ""TSB"": 1429471.37763702}"
PC005216;15;Ensemble;36393,61;[36736.12, 36751.9, 36764.52, 36774.62, 36782.69, 36789.15];0,9;ok;"{""ARIMA"": 12724777.125287034, ""ExponentialSmoothing"": 9194048.183590753, ""SARIMAX"": Infinity, ""Holt"": 9519103.29599828, ""Prophet"": 438185508049.3444, ""Croston"": 11636801.800956598, ""TSB"": 11636801.800956598, ""Ensemble"": 9078232.602044197}"
PC004875;48;ExponentialSmoothing;10536,32;[18657.98, 9573.48, 9619.37, 9940.39, 9963.41, 10093.48];77,1;ok;"{""ARIMA"": 10796144.347869774, ""ExponentialSmoothing"": 335932.6439954307, ""SARIMAX"": 1108131.4141520532, ""Holt"": 12189141.44498265, ""Prophet"": 400016.5524644354, ""Croston"": 10774726.676068636, ""TSB"": 10774726.676068636}"
PC001258;48;Holt;12386,52;[11644.69, 11648.41, 11651.39, 11653.77, 11655.67, 11657.2];-6,0;ok;"{""ARIMA"": 750038.7430728534, ""ExponentialSmoothing"": 1165070.8688153562, ""SARIMAX"": 1442426.1645905415, ""Holt"": 660359.8696072025, ""Prophet"": 1155985.390498909, ""Croston"": 676893.8497968073, ""TSB"": 676893.8497968073, ""Ensemble"": 664923.3433515757}"
PC003360;48;Ensemble;12411,82;[12558.48, 13008.48, 13234.46, 13272.17, 12587.71, 12267.15];1,2;ok;"{""ARIMA"": 1328061.8008856047, ""ExponentialSmoothing"": 342137.028378654, ""SARIMAX"": 329746.02627068554, ""Holt"": 1002181.2198572621, ""Prophet"": 308989.1822692231, ""Croston"": 787449.5069590141, ""TSB"": 787449.5069590141, ""Ensemble"": 264406.4688201546}"
PC003475;48;Prophet;10094,71;[19063.38, 9449.55, 9565.52, 9608.12, 9772.16, 9510.5];88,8;ok;"{""ARIMA"": 7603941.401840731, ""ExponentialSmoothing"": 450920.4047584559, ""SARIMAX"": 1025623.3238678017, ""Holt"": 13070499.990596713, ""Prophet"": 332161.7484359874, ""Croston"": 8250882.348644052, ""TSB"": 8250882.348644052}"
PC006400;48;Prophet;9954,06;[18703.32, 10379.12, 10143.53, 9534.24, 9856.97, 10269.29];87,9;ok;"{""ARIMA"": 12711394.632865937, ""ExponentialSmoothing"": 491566.852718453, ""SARIMAX"": 1150894.09248279, ""Holt"": 12625139.373009937, ""Prophet"": 466897.54878836125, ""Croston"": 12743339.814992497, ""TSB"": 12743339.814992497}"
PC004202;48;Prophet;10114,57;[18020.65, 10559.09, 10185.27, 10438.72, 11031.33, 11005.39];78,2;ok;"{""ARIMA"": 14392952.847342769, ""ExponentialSmoothing"": 240161.10619893725, ""SARIMAX"": 348551.64789109223, ""Holt"": 15092343.496165596, ""Prophet"": 207731.33790737204, ""Croston"": 13720316.6878634, ""TSB"": 13720316.6878634}"
PC009173;48;Prophet;12442,68;[12796.8, 13416.6, 13754.5, 13050.11, 13470.44, 13764.52];2,8;ok;"{""ARIMA"": 1508777.0450521756, ""ExponentialSmoothing"": 946908.6591359564, ""SARIMAX"": 1498865.9196868555, ""Holt"": 1055393.6867654775, ""Prophet"": 705935.9281783571, ""Croston"": 2059364.221188156, ""TSB"": 2059364.221188156}"
PC004053;48;ExponentialSmoothing;9827,8;[10578.17, 10328.09, 10968.36, 11561.21, 11197.03, 13598.45];7,6;ok;"{""ARIMA"": 6386278.254471724, ""ExponentialSmoothing"": 179704.50088282384, ""SARIMAX"": 571625.8327057272, ""Holt"": 2712859.0032343254, ""Prophet"": 324180.09390535706, ""Croston"": 795490.1985489189, ""TSB"": 795490.1985489189}"
PC000384;16;Croston;31041,86;[33679.78, 33679.78, 33679.78, 33679.78, 33679.78, 33679.78];8,5;ok;"{""ARIMA"": 5326341.877650124, ""ExponentialSmoothing"": 6452261.562257356, ""SARIMAX"": Infinity, ""Holt"": 5681352.923549883, ""Prophet"": 127763991463.26741, ""Croston"": 3747111.553030375, ""TSB"": 3747111.553030375}"
PC000907;48;Ensemble;12253,6;[11085.85, 11169.67, 11182.8, 10955.15, 11067.62, 11196.75];-9,5;ok;"{""ARIMA"": 1328968.0721581157, ""ExponentialSmoothing"": 757134.1528267736, ""SARIMAX"": 961827.8693500623, ""Holt"": 818928.9895504862, ""Prophet"": 814398.5093885508, ""Croston"": 673246.3370001059, ""TSB"": 673246.3370001059, ""Ensemble"": 635137.8869157237}"
PC000512;48;SARIMAX;9779,18;[10267.43, 11091.11, 11251.84, 12253.65, 12079.44, 13017.2];5,0;ok;"{""ARIMA"": 1974541.5358320873, ""ExponentialSmoothing"": 699071.3769790259, ""SARIMAX"": 387914.83170394396, ""Holt"": 1631443.6905560803, ""Prophet"": 709136.406042972, ""Croston"": 654670.4391662339, ""TSB"": 654670.4391662339}"
PC004192;48;Ensemble;10834,73;[10239.13, 10439.1, 10974.24, 10989.77, 10755.51, 10484.58];-5,5;ok;"{""ARIMA"": 342569.19765186566, ""ExponentialSmoothing"": 298796.59926034237, ""SARIMAX"": 373021.23828925675, ""Holt"": 1225502.6793984862, ""Prophet"": 460696.4997930795, ""Croston"": 420979.49744363566, ""TSB"": 420979.49744363566, ""Ensemble"": 271225.9609576092}"
PC002517;48;ARIMA;10022,39;[10407.66, 10588.03, 10672.47, 10712.0, 10730.5, 10739.17];3,8;ok;"{""ARIMA"": 238051.3287267099, ""ExponentialSmoothing"": 633077.4537084067, ""SARIMAX"": 782383.3808760713, ""Holt"": 369236.82499134255, ""Prophet"": 621514.697091342, ""Croston"": 261435.82094880356, ""TSB"": 261435.82094880356, ""Ensemble"": 252793.1955080065}"
PC000843;48;ExponentialSmoothing;8834,09;[17922.74, 9230.3, 9403.72, 9298.82, 9667.85, 9336.11];102,9;ok;"{""ARIMA"": 8280381.488281733, ""ExponentialSmoothing"": 595749.0334277931, ""SARIMAX"": 1515219.980655102, ""Holt"": 12159410.329275561, ""Prophet"": 635351.5754897924, ""Croston"": 8988376.62458202, ""TSB"": 8988376.62458202}"
PC009621;48;Holt;11084,76;[10933.83, 10934.3, 10934.67, 10934.97, 10935.21, 10935.4];-1,4;ok;"{""ARIMA"": 469814.2973365357, ""ExponentialSmoothing"": 591438.1894880424, ""SARIMAX"": 776035.9395500002, ""Holt"": 396657.4214453259, ""Prophet"": 565080.199989499, ""Croston"": 414582.3567140507, ""TSB"": 414582.3567140507, ""Ensemble"": 407734.7975828431}"
PC006048;48;Ensemble;9574,64;[17952.04, 9988.18, 10358.51, 9678.44, 9281.81, 9729.88];87,5;ok;"{""ARIMA"": 12994858.243732193, ""ExponentialSmoothing"": 838899.7660423145, ""SARIMAX"": 927149.1081966837, ""Holt"": 16332793.335693875, ""Prophet"": 911719.6075988346, ""Croston"": 13355523.6999624, ""TSB"": 13355523.6999624, ""Ensemble"": 821861.6462853741}"
PC001760;48;Ensemble;11149,93;[10518.56, 10815.89, 10581.06, 10947.05, 11106.08, 11270.33];-5,7;ok;"{""ARIMA"": 521905.5750958181, ""ExponentialSmoothing"": 555790.7176466695, ""SARIMAX"": 1263673.3234085292, ""Holt"": 1597089.2367247439, ""Prophet"": 859740.1456458581, ""Croston"": 613785.0100068256, ""TSB"": 613785.0100068256, ""Ensemble"": 323863.9595418873}"
PC000938;48;Croston;10947,8;[10596.97, 10596.97, 10596.97, 10596.97, 10596.97, 10596.97];-3,2;ok;"{""ARIMA"": 502579.79897718836, ""ExponentialSmoothing"": 943491.9386660098, ""SARIMAX"": 1763331.835894566, ""Holt"": 1359484.3215362427, ""Prophet"": 1005539.2259307663, ""Croston"": 492761.68019058584, ""TSB"": 492761.68019058584, ""Ensemble"": 495799.01565572125}"
PC009184;48;SARIMAX;12115,87;[12562.37, 12457.74, 12835.92, 12481.39, 13585.5, 13658.46];3,7;ok;"{""ARIMA"": 354398.06967245386, ""ExponentialSmoothing"": 1067064.1948980808, ""SARIMAX"": 203893.1622598427, ""Holt"": 598426.0911089269, ""Prophet"": 748455.461022762, ""Croston"": 1386828.225253396, ""TSB"": 1386828.225253396}"
PC005131;48;Ensemble;11328,07;[11445.67, 11449.68, 11452.89, 11455.45, 11457.5, 11459.15];1,0;ok;"{""ARIMA"": 246409.87466921852, ""ExponentialSmoothing"": 914907.3224252235, ""SARIMAX"": 676281.3907610194, ""Holt"": 230339.7491692787, ""Prophet"": 1279253.4815743158, ""Croston"": 187441.01541533225, ""TSB"": 187441.01541533225, ""Ensemble"": 182120.02898209236}"
PC005459;48;ExponentialSmoothing;8314,62;[8819.22, 9630.01, 9528.98, 10171.83, 10364.33, 10289.91];6,1;ok;"{""ARIMA"": 1667086.8142438114, ""ExponentialSmoothing"": 1085049.9277364174, ""SARIMAX"": 1123956.3609779926, ""Holt"": 2067925.9714719057, ""Prophet"": 1220803.793478264, ""Croston"": 1754660.7305714234, ""TSB"": 1754660.7305714234, ""Ensemble"": 1122918.3254026938}"
PC005651;48;ExponentialSmoothing;10924,11;[11032.21, 11564.97, 11643.25, 11897.95, 11964.0, 12605.5];1,0;ok;"{""ARIMA"": 3213511.046285967, ""ExponentialSmoothing"": 611888.4115703091, ""SARIMAX"": 1684178.5164637736, ""Holt"": 5292225.74628185, ""Prophet"": 642156.8056326994, ""Croston"": 1333014.8343407598, ""TSB"": 1333014.8343407598}"
PC009376;48;SARIMAX;8198,34;[16137.7, 8267.61, 7209.32, 7670.91, 8028.9, 8209.41];96,8;ok;"{""ARIMA"": 8142990.476516335, ""ExponentialSmoothing"": 524804.5123980335, ""SARIMAX"": 317635.4802996019, ""Holt"": 10220510.997208504, ""Prophet"": 496901.1172850595, ""Croston"": 8331137.2052873755, ""TSB"": 8331137.2052873755}"
PC008448;48;SARIMAX;9180,67;[10291.27, 9994.18, 10420.15, 10849.02, 11038.13, 11167.32];12,1;ok;"{""ARIMA"": 1233773.8881773856, ""ExponentialSmoothing"": 410922.68913542735, ""SARIMAX"": 352079.18834234605, ""Holt"": 1093674.3228197228, ""Prophet"": 474558.3989904581, ""Croston"": 737066.8979495201, ""TSB"": 737066.8979495201}"
PC005120;48;SARIMAX;9793,75;[10289.84, 10566.86, 10128.1, 10435.31, 10019.6, 10290.25];5,1;ok;"{""ARIMA"": 1385300.7404948475, ""ExponentialSmoothing"": 922736.5478035355, ""SARIMAX"": 692942.4622188268, ""Holt"": 1425870.6393671678, ""Prophet"": 990535.2043107742, ""Croston"": 1381384.5772251685, ""TSB"": 1381384.5772251685}"
PC008000;48;Prophet;8927,25;[9704.26, 9394.69, 9838.98, 10613.21, 10846.76, 12069.31];8,7;ok;"{""ARIMA"": 4857514.8833666565, ""ExponentialSmoothing"": 279870.17660450464, ""SARIMAX"": 358948.4931495779, ""Holt"": 13074651.687944515, ""Prophet"": 270251.3430128113, ""Croston"": 710965.8111552178, ""TSB"": 710965.8111552178}"
PC008682;48;ExponentialSmoothing;8677,6;[16278.01, 8946.1, 8618.58, 9384.75, 9312.29, 9397.2];87,6;ok;"{""ARIMA"": 6370979.58959001, ""ExponentialSmoothing"": 182307.64248790525, ""SARIMAX"": 274032.0813069394, ""Holt"": 7679975.579368261, ""Prophet"": 220583.3909419838, ""Croston"": 6675235.441598504, ""TSB"": 6675235.441598504}"
PC008851;48;SARIMAX;8983,41;[9824.05, 9575.23, 10051.04, 9751.48, 9964.97, 10146.92];9,4;ok;"{""ARIMA"": 1437526.2932120326, ""ExponentialSmoothing"": 1172968.7276338658, ""SARIMAX"": 808275.9964526932, ""Holt"": 1500995.6688424281, ""Prophet"": 1253680.073710328, ""Croston"": 1522938.8553891815, ""TSB"": 1522938.8553891815}"
PC006122;48;SARIMAX;8514,83;[18710.33, 7913.67, 9674.63, 7965.7, 9939.77, 7772.57];119,7;ok;"{""ARIMA"": 9435663.901467443, ""ExponentialSmoothing"": 976752.339532694, ""SARIMAX"": 453574.2743986901, ""Holt"": 15980778.7364499, ""Prophet"": 1146670.6167272192, ""Croston"": 10760842.881178979, ""TSB"": 10760842.881178979}"
PC008554;48;ARIMA;10522,01;[10905.96, 10968.67, 10978.91, 10980.59, 10980.86, 10980.9];3,6;ok;"{""ARIMA"": 420102.89885924035, ""ExponentialSmoothing"": 842118.8138045397, ""SARIMAX"": 472012.9597415351, ""Holt"": 875719.8301801784, ""Prophet"": 759050.3468239112, ""Croston"": 1098871.213867145, ""TSB"": 1098871.213867145}"
PC009056;48;Prophet;10689,97;[11623.69, 11414.1, 11549.78, 11718.46, 11533.93, 12132.06];8,7;ok;"{""ARIMA"": 953348.0059046898, ""ExponentialSmoothing"": 324622.51876734564, ""SARIMAX"": 1396598.5489488076, ""Holt"": 1218246.082947202, ""Prophet"": 301336.19797671214, ""Croston"": 947053.5278831752, ""TSB"": 947053.5278831752}"
PC005013;48;Ensemble;9543,32;[9641.33, 9564.58, 9772.79, 10071.99, 10292.27, 10561.38];1,0;ok;"{""ARIMA"": 2253535.288673087, ""ExponentialSmoothing"": 773391.9129279293, ""SARIMAX"": 826257.4972157491, ""Holt"": 2243491.320853588, ""Prophet"": 727912.475274921, ""Croston"": 727294.2532698517, ""TSB"": 727294.2532698517, ""Ensemble"": 528121.2798755743}"
PC009984;48;Ensemble;9870,08;[9995.94, 9854.83, 9818.4, 9658.46, 9985.44, 9828.22];1,3;ok;"{""ARIMA"": 361049.96451642783, ""ExponentialSmoothing"": 372528.22456409823, ""SARIMAX"": 1335754.5924573734, ""Holt"": 377136.3155660036, ""Prophet"": 540172.8185093766, ""Croston"": 375267.0744448719, ""TSB"": 375267.0744448719, ""Ensemble"": 350805.1169165591}"
PC007104;48;ExponentialSmoothing;7226,93;[15417.15, 7671.78, 8151.25, 8280.69, 8154.83, 8151.35];113,3;ok;"{""ARIMA"": 6377150.884248108, ""ExponentialSmoothing"": 724939.9359290575, ""SARIMAX"": 1101176.050435405, ""Holt"": 8362519.525448856, ""Prophet"": 894978.5484065012, ""Croston"": 6738256.995223474, ""TSB"": 6738256.995223474}"
PC002496;48;ARIMA;11074,6;[10952.51, 10940.23, 10939.0, 10938.88, 10938.86, 10938.86];-1,1;ok;"{""ARIMA"": 265974.61341419147, ""ExponentialSmoothing"": 427842.1240319849, ""SARIMAX"": 398263.73191246093, ""Holt"": 303620.4894909921, ""Prophet"": 489731.6640745965, ""Croston"": 540493.744087885, ""TSB"": 540493.744087885}"
PC004363;48;Prophet;11278,5;[9991.94, 10525.32, 9736.08, 11145.2, 11136.33, 11228.71];-11,4;ok;"{""ARIMA"": 1573339.8569720213, ""ExponentialSmoothing"": 682065.4407633623, ""SARIMAX"": 2223227.6928919773, ""Holt"": 1000445.1548039626, ""Prophet"": 435601.22960124555, ""Croston"": 1245241.835963025, ""TSB"": 1245241.835963025}"
PC004555;48;Prophet;8382,86;[15145.02, 8342.76, 8059.59, 8214.35, 8119.2, 8500.01];80,7;ok;"{""ARIMA"": 10282606.479333533, ""ExponentialSmoothing"": 157357.71304519006, ""SARIMAX"": 505431.067574241, ""Holt"": 13233411.851805402, ""Prophet"": 83572.4775342464, ""Croston"": 10769697.187163534, ""TSB"": 10769697.187163534}"
PC002666;14;ExponentialSmoothing;34434,13;[31651.12, 31508.68, 31366.95, 31225.93, 31085.62, 30946.0];-8,1;ok;"{""ARIMA"": 11331721.458386565, ""ExponentialSmoothing"": 8246414.456532025, ""SARIMAX"": Infinity, ""Holt"": 8856739.170007715, ""Prophet"": 59955983871.11633, ""Croston"": 9386691.063746111, ""TSB"": 9386691.063746111, ""Ensemble"": 8776454.879661405}"
PC001493;48;Croston;9103,67;[9611.55, 9611.55, 9611.55, 9611.55, 9611.55, 9611.55];5,6;ok;"{""ARIMA"": 534079.5552954326, ""ExponentialSmoothing"": 689437.4923275484, ""SARIMAX"": 969205.7632549932, ""Holt"": 568585.7063144586, ""Prophet"": 806301.2644480969, ""Croston"": 364589.37144025235, ""TSB"": 364589.37144025235}"
PC006464;48;Ensemble;8989,54;[9321.36, 9267.78, 9511.63, 9602.23, 10027.73, 9895.73];3,7;ok;"{""ARIMA"": 1501945.1701248565, ""ExponentialSmoothing"": 604419.2003845451, ""SARIMAX"": 796480.3833199028, ""Holt"": 1241013.8521948024, ""Prophet"": 811433.8963976894, ""Croston"": 730045.4001227677, ""TSB"": 730045.4001227677, ""Ensemble"": 535562.5249564144}"
PC009939;14;Croston;33829,79;[33029.45, 33029.45, 33029.45, 33029.45, 33029.45, 33029.45];-2,4;ok;"{""ARIMA"": 10659442.21549698, ""ExponentialSmoothing"": 10400814.925111566, ""SARIMAX"": Infinity, ""Holt"": 9089986.747047445, ""Prophet"": 678494978001.7081, ""Croston"": 6433664.302705058, ""TSB"": 6433664.302705058}"
PC000779;48;ARIMA;9335,0;[9121.08, 9119.73, 9119.72, 9119.72, 9119.72, 9119.72];-2,3;ok;"{""ARIMA"": 619310.2377866243, ""ExponentialSmoothing"": 1178176.2005417862, ""SARIMAX"": 1032762.4778590206, ""Holt"": 870770.2639765978, ""Prophet"": 1211461.104055201, ""Croston"": 672241.1086542642, ""TSB"": 672241.1086542642, ""Ensemble"": 652962.7811932976}"
PC000851;48;Prophet;9051,41;[9565.91, 9636.55, 9659.65, 9453.82, 10365.67, 10349.77];5,7;ok;"{""ARIMA"": 392111.5531196853, ""ExponentialSmoothing"": 145997.42052844336, ""SARIMAX"": 343612.844636321, ""Holt"": 215360.8100455381, ""Prophet"": 115755.65362520283, ""Croston"": 202377.00094707342, ""TSB"": 202377.00094707342}"
PC005835;48;ARIMA;8726,85;[9232.35, 9318.1, 9332.65, 9335.12, 9335.54, 9335.61];5,8;ok;"{""ARIMA"": 195919.64396589412, ""ExponentialSmoothing"": 278780.2941223007, ""SARIMAX"": 768668.0146880406, ""Holt"": 206388.5688009808, ""Prophet"": 245017.7510059347, ""Croston"": 201153.5475986435, ""TSB"": 201153.5475986435, ""Ensemble"": 198319.34851299998}"
PC007264;14;Croston;31768,95;[32120.67, 32120.67, 32120.67, 32120.67, 32120.67, 32120.67];1,1;ok;"{""ARIMA"": 1199541.2907926764, ""ExponentialSmoothing"": 1770784.0136840278, ""SARIMAX"": Infinity, ""Holt"": 1708658.2073472843, ""Prophet"": 281137883709.0152, ""Croston"": 459571.2020360438, ""TSB"": 459571.2020360438}"
PC009107;48;Prophet;7337,63;[15532.1, 8272.46, 7862.24, 7642.4, 8264.73, 8685.5];111,7;ok;"{""ARIMA"": 7904020.645829656, ""ExponentialSmoothing"": 960691.4356949391, ""SARIMAX"": 1428262.80679379, ""Holt"": 9963718.657053152, ""Prophet"": 928042.0942570409, ""Croston"": 8118465.023672223, ""TSB"": 8118465.023672223}"
PC007051;48;SARIMAX;8689,35;[16449.39, 8276.57, 8231.69, 8201.89, 8378.88, 8300.4];89,3;ok;"{""ARIMA"": 5826176.293696139, ""ExponentialSmoothing"": 271321.5012742954, ""SARIMAX"": 155568.2684325853, ""Holt"": 10124598.286808752, ""Prophet"": 294250.27575324924, ""Croston"": 6180224.30623277, ""TSB"": 6180224.30623277}"
PC006752;48;ARIMA;9651,54;[10149.73, 10209.54, 10216.72, 10217.58, 10217.68, 10217.7];5,2;ok;"{""ARIMA"": 283746.55268603424, ""ExponentialSmoothing"": 852860.2139821887, ""SARIMAX"": 586723.5828548147, ""Holt"": 284013.7585960696, ""Prophet"": 788604.255185201, ""Croston"": 650142.3391649135, ""TSB"": 650142.3391649135}"
PC008019;48;ARIMA;9449,57;[9280.71, 9243.0, 9234.59, 9232.71, 9232.29, 9232.19];-1,8;ok;"{""ARIMA"": 301031.1085416221, ""ExponentialSmoothing"": 1034691.0926440214, ""SARIMAX"": 1328473.519018244, ""Holt"": 375563.1189974674, ""Prophet"": 761761.634467856, ""Croston"": 353582.65504152625, ""TSB"": 353582.65504152625, ""Ensemble"": 328064.28824891127}"
PC008341;48;ExponentialSmoothing;7993,36;[15708.97, 7649.52, 8374.5, 7868.57, 7498.47, 8266.98];96,5;ok;"{""ARIMA"": 5848879.317277453, ""ExponentialSmoothing"": 221654.51750534764, ""SARIMAX"": 922325.9662200906, ""Holt"": 10653697.45922155, ""Prophet"": 394669.88280270033, ""Croston"": 6250557.478023981, ""TSB"": 6250557.478023981}"
PC003539;48;ExponentialSmoothing;9400,55;[8786.37, 8894.58, 9136.21, 9324.9, 8785.63, 8791.33];-6,5;ok;"{""ARIMA"": 1230678.4882849173, ""ExponentialSmoothing"": 442738.0194451053, ""SARIMAX"": 1911714.470809208, ""Holt"": 1591226.478670109, ""Prophet"": 530524.081642756, ""Croston"": 724409.6481426507, ""TSB"": 724409.6481426507}"
PC006741;48;ExponentialSmoothing;9132,41;[8051.07, 8587.07, 8840.16, 8667.92, 8961.42, 9427.29];-11,8;ok;"{""ARIMA"": 168646.27266668354, ""ExponentialSmoothing"": 120257.39096414436, ""SARIMAX"": 708500.3253279851, ""Holt"": 228622.53551246342, ""Prophet"": 325106.8730635001, ""Croston"": 188121.93584040963, ""TSB"": 188121.93584040963}"
PC001728;48;SARIMAX;7238,93;[14443.22, 7983.48, 7645.62, 6772.24, 6887.15, 7815.22];99,5;ok;"{""ARIMA"": 6561220.626171985, ""ExponentialSmoothing"": 251144.50324276238, ""SARIMAX"": 39098.232950512545, ""Holt"": 7861038.436344766, ""Prophet"": 300400.55087868025, ""Croston"": 6635619.491030875, ""TSB"": 6635619.491030875}"
PC006560;48;Croston;8728,84;[8837.32, 8837.32, 8837.32, 8837.32, 8837.32, 8837.32];1,2;ok;"{""ARIMA"": 2035872.840943754, ""ExponentialSmoothing"": 383858.8401936142, ""SARIMAX"": 530381.7589350719, ""Holt"": 1798947.8593989213, ""Prophet"": 480670.87236950564, ""Croston"": 294843.6582616863, ""TSB"": 294843.6582616863}"
PC006027;48;Prophet;7703,43;[14267.2, 7656.75, 8057.04, 7754.01, 8229.79, 9138.66];85,2;ok;"{""ARIMA"": 7676842.760200981, ""ExponentialSmoothing"": 671882.1579386797, ""SARIMAX"": 1341597.226609174, ""Holt"": 7487368.368164423, ""Prophet"": 464241.98768381943, ""Croston"": 7447250.476489585, ""TSB"": 7447250.476489585}"
PC007424;48;SARIMAX;11044,65;[10569.87, 10268.12, 10945.91, 10413.48, 10524.88, 10561.23];-4,3;ok;"{""ARIMA"": 1685655.6503092933, ""ExponentialSmoothing"": 1561742.3954039484, ""SARIMAX"": 762841.7597554793, ""Holt"": 1575769.3734027361, ""Prophet"": 1150065.8490687367, ""Croston"": 2225773.98253091, ""TSB"": 2225773.98253091}"
PC009568;48;ExponentialSmoothing;6970,49;[13825.38, 7877.95, 7960.81, 7865.84, 7778.2, 7828.59];98,3;ok;"{""ARIMA"": 8176021.841748307, ""ExponentialSmoothing"": 451981.59962768137, ""SARIMAX"": 616370.4353427293, ""Holt"": 8313270.864062756, ""Prophet"": 656589.6258656922, ""Croston"": 8216314.495333974, ""TSB"": 8216314.495333974}"
PC005248;15;Croston;29312,93;[28185.02, 28185.02, 28185.02, 28185.02, 28185.02, 28185.02];-3,8;ok;"{""ARIMA"": 4656600.254449349, ""ExponentialSmoothing"": 4237701.039349564, ""SARIMAX"": Infinity, ""Holt"": 3615354.2589083505, ""Prophet"": 19223433225.088985, ""Croston"": 3590086.6084135906, ""TSB"": 3590086.6084135906, ""Ensemble"": 3595618.2273588604}"
PC009237;48;Ensemble;7694,5;[7600.48, 8107.9, 8032.25, 8654.21, 9443.81, 9388.16];-1,2;ok;"{""ARIMA"": 806433.7331497311, ""ExponentialSmoothing"": 427481.21021929756, ""SARIMAX"": 369471.793112705, ""Holt"": 847390.5556440897, ""Prophet"": 391063.2586233407, ""Croston"": 762672.70844441, ""TSB"": 762672.70844441, ""Ensemble"": 260281.1663341455}"
PC000723;48;SARIMAX;7754,71;[15618.95, 8026.31, 8192.19, 8148.88, 7981.67, 8326.24];101,4;ok;"{""ARIMA"": 6129148.5730032725, ""ExponentialSmoothing"": 226555.74322720288, ""SARIMAX"": 144228.04031306691, ""Holt"": 6688002.576600083, ""Prophet"": 358181.50887060637, ""Croston"": 6233671.601888063, ""TSB"": 6233671.601888063}"
PC008170;48;ExponentialSmoothing;7632,28;[13661.36, 7637.74, 7610.25, 7125.52, 8446.53, 8186.32];79,0;ok;"{""ARIMA"": 6361476.169656872, ""ExponentialSmoothing"": 178557.64646495975, ""SARIMAX"": 489962.95203987806, ""Holt"": 6902226.795388238, ""Prophet"": 187970.3261618464, ""Croston"": 6295154.342058849, ""TSB"": 6295154.342058849}"
PC002891;48;Holt;9414,37;[10142.42, 10170.05, 10192.16, 10209.84, 10223.99, 10235.31];7,7;ok;"{""ARIMA"": 497979.6511130825, ""ExponentialSmoothing"": 765560.6752790486, ""SARIMAX"": 500521.02664913336, ""Holt"": 452391.8127466878, ""Prophet"": 783261.1310704899, ""Croston"": 980383.043536411, ""TSB"": 980383.043536411, ""Ensemble"": 462092.12389436475}"
PC000320;48;Prophet;8837,31;[8690.71, 8646.35, 8769.14, 8674.55, 9000.56, 8548.06];-1,7;ok;"{""ARIMA"": 381862.0494620909, ""ExponentialSmoothing"": 201363.8216902213, ""SARIMAX"": 394747.57786937203, ""Holt"": 346506.204666375, ""Prophet"": 116349.39032444196, ""Croston"": 332290.9144306082, ""TSB"": 332290.9144306082}"
PC005354;48;Holt;10915,81;[10322.86, 10362.79, 10394.74, 10420.29, 10440.74, 10457.1];-5,4;ok;"{""ARIMA"": 526052.3924555964, ""ExponentialSmoothing"": 786530.2821172544, ""SARIMAX"": 1319532.2797446277, ""Holt"": 463653.02022965485, ""Prophet"": 786354.1094106454, ""Croston"": 1097675.9980270958, ""TSB"": 1097675.9980270958}"
PC004437;48;Prophet;9206,68;[9926.66, 9648.13, 10017.26, 9904.71, 9675.17, 11090.5];7,8;ok;"{""ARIMA"": 167420.80426903724, ""ExponentialSmoothing"": 174148.23844327635, ""SARIMAX"": 302006.29439714557, ""Holt"": 164144.88975950435, ""Prophet"": 122792.88752194114, ""Croston"": 389342.0961699223, ""TSB"": 389342.0961699223}"
PC003339;16;ExponentialSmoothing;27515,69;[24598.14, 24589.0, 24581.67, 24575.79, 24571.07, 24567.28];-10,6;ok;"{""ARIMA"": 20052439.03061161, ""ExponentialSmoothing"": 2809164.5675347275, ""SARIMAX"": Infinity, ""Holt"": 5926026.104789111, ""Prophet"": 71292630940.63298, ""Croston"": 3368183.7326745926, ""TSB"": 3368183.7326745926, ""Ensemble"": 3135088.56185276}"
PC003882;48;Prophet;8697,52;[9195.47, 9397.98, 9615.44, 9759.33, 9340.16, 9467.83];5,7;ok;"{""ARIMA"": 1086744.5060890433, ""ExponentialSmoothing"": 1207401.264946245, ""SARIMAX"": 1529149.497446675, ""Holt"": 1413287.0349114395, ""Prophet"": 838247.0676724877, ""Croston"": 982386.2102116934, ""TSB"": 982386.2102116934, ""Ensemble"": 864215.8404687637}"
PC004288;48;Holt;8257,73;[8068.13, 8117.99, 8157.88, 8189.79, 8215.32, 8235.75];-2,3;ok;"{""ARIMA"": 363956.3728243164, ""ExponentialSmoothing"": 497124.45776635624, ""SARIMAX"": 563453.4330172533, ""Holt"": 191691.0403640973, ""Prophet"": 634221.9253012458, ""Croston"": 323198.0963631202, ""TSB"": 323198.0963631202}"
PC001163;48;ARIMA;8693,84;[8094.4, 8131.9, 8129.56, 8129.71, 8129.7, 8129.7];-6,9;ok;"{""ARIMA"": 158081.73507009223, ""ExponentialSmoothing"": 203796.63223043515, ""SARIMAX"": 219666.2646083521, ""Holt"": 182091.12561410593, ""Prophet"": 218655.5204502356, ""Croston"": 166176.5022751554, ""TSB"": 166176.5022751554, ""Ensemble"": 162752.44608567236}"
PC004117;13;Média Móvel;29962,61;[30023.66, 30023.66, 30023.66, 30023.66, 30023.66, 30023.66];0,2;ok;"{""ARIMA"": Infinity, ""ExponentialSmoothing"": Infinity, ""SARIMAX"": Infinity, ""Holt"": Infinity, ""Prophet"": Infinity, ""Croston"": Infinity, ""TSB"": Infinity}"
PC006624;48;Holt;9688,14;[9535.31, 9562.02, 9583.39, 9600.48, 9614.16, 9625.1];-1,6;ok;"{""ARIMA"": 261582.12597875472, ""ExponentialSmoothing"": 315646.7132468682, ""SARIMAX"": 375394.4025007722, ""Holt"": 145439.9103189928, ""Prophet"": 145813.3739362906, ""Croston"": 532143.5660804162, ""TSB"": 532143.5660804162}"
PC004800;48;ExponentialSmoothing;6829,11;[13022.02, 6856.13, 7047.06, 7201.77, 6824.54, 7972.98];90,7;ok;"{""ARIMA"": 3311586.544357467, ""ExponentialSmoothing"": 131917.56454905562, ""SARIMAX"": 350253.717720808, ""Holt"": 3418647.1060532243, ""Prophet"": 170558.30796344436, ""Croston"": 3314946.772307528, ""TSB"": 3314946.772307528}"
PC005451;48;ARIMA;7654,83;[7866.51, 7895.19, 7899.08, 7899.61, 7899.68, 7899.69];2,8;ok;"{""ARIMA"": 121823.2323796645, ""ExponentialSmoothing"": 231201.14094892974, ""SARIMAX"": 836302.2894552489, ""Holt"": 218395.85844102257, ""Prophet"": 246194.49942442973, ""Croston"": 144806.08117572332, ""TSB"": 144806.08117572332, ""Ensemble"": 133849.08180186036}"
PC001749;48;Ensemble;10276,14;[8811.55, 8822.55, 8822.25, 8822.26, 8822.26, 8822.26];-14,3;ok;"{""ARIMA"": 826859.3113091703, ""ExponentialSmoothing"": 949142.4160826349, ""SARIMAX"": 942398.7448250921, ""Holt"": 1050012.2573601143, ""Prophet"": 1165965.0292251818, ""Croston"": 931095.5406679403, ""TSB"": 931095.5406679403, ""Ensemble"": 795618.8923406784}"
PC006675;48;ExponentialSmoothing;6815,08;[13009.15, 6989.72, 6865.05, 6429.91, 6928.51, 6940.71];90,9;ok;"{""ARIMA"": 4964757.193817817, ""ExponentialSmoothing"": 191406.81191704233, ""SARIMAX"": 696370.8097534436, ""Holt"": 6103699.215157923, ""Prophet"": 260084.14436495223, ""Croston"": 5125838.255192761, ""TSB"": 5125838.255192761}"
PC006227;48;ARIMA;7841,47;[7823.57, 7824.78, 7824.69, 7824.7, 7824.7, 7824.7];-0,2;ok;"{""ARIMA"": 99146.0869220409, ""ExponentialSmoothing"": 213901.17648367444, ""SARIMAX"": 214394.1418717611, ""Holt"": 195853.0667394965, ""Prophet"": 213277.61354802255, ""Croston"": 102505.51457245264, ""TSB"": 102505.51457245264, ""Ensemble"": 100423.44114955625}"
PC006155;14;Holt;27769,94;[27568.51, 27696.32, 27798.57, 27880.37, 27945.81, 27998.16];-0,7;ok;"{""ARIMA"": 763860.2141310308, ""ExponentialSmoothing"": 2061776.2616837586, ""SARIMAX"": Infinity, ""Holt"": 175030.53497299625, ""Prophet"": 65256707669.88665, ""Croston"": 2635698.9002464428, ""TSB"": 2635698.9002464428}"
PC005067;48;Holt;8699,31;[9029.39, 9042.88, 9053.68, 9062.31, 9069.22, 9074.74];3,8;ok;"{""ARIMA"": 319262.2921421812, ""ExponentialSmoothing"": 655897.7357016472, ""SARIMAX"": 724223.3962063506, ""Holt"": 272380.2661532818, ""Prophet"": 649998.7126318049, ""Croston"": 760864.7354510218, ""TSB"": 760864.7354510218}"
PC009536;48;Prophet;7739,08;[7776.32, 7758.81, 8036.52, 7980.3, 7722.92, 8025.81];0,5;ok;"{""ARIMA"": 417394.06946786004, ""ExponentialSmoothing"": 313979.5823424381, ""SARIMAX"": 689144.3550747439, ""Holt"": 415730.69285285025, ""Prophet"": 302970.83581562614, ""Croston"": 400490.6029406145, ""TSB"": 400490.6029406145}"
PC004107;48;Ensemble;7566,18;[7929.29, 8048.49, 7938.14, 8014.48, 7908.3, 7903.29];4,8;ok;"{""ARIMA"": 171355.90318827014, ""ExponentialSmoothing"": 204047.0625446511, ""SARIMAX"": 372052.6256553747, ""Holt"": 187824.91938681403, ""Prophet"": 182554.43534495763, ""Croston"": 183513.36286562597, ""TSB"": 183513.36286562597, ""Ensemble"": 157252.84137860176}"
PC004821;48;ExponentialSmoothing;6458,79;[6956.19, 7008.17, 7516.61, 7694.36, 7943.4, 8540.72];7,7;ok;"{""ARIMA"": 1033719.8585988451, ""ExponentialSmoothing"": 369069.61904504284, ""SARIMAX"": 373107.52819977445, ""Holt"": 910793.7925488101, ""Prophet"": 502020.6331464243, ""Croston"": 527252.1428743968, ""TSB"": 527252.1428743968}"
PC005280;48;Prophet;7347,17;[12075.47, 6910.84, 6611.2, 6465.16, 6805.71, 6641.58];64,4;ok;"{""ARIMA"": 4170118.863624364, ""ExponentialSmoothing"": 503410.8142773251, ""SARIMAX"": 1284007.258266087, ""Holt"": 7041377.996509592, ""Prophet"": 259172.8057833741, ""Croston"": 4560533.601369607, ""TSB"": 4560533.601369607}"
PC006859;48;Prophet;6813,72;[12544.72, 6259.14, 6676.92, 6234.56, 5905.25, 6810.68];84,1;ok;"{""ARIMA"": 3877256.7712067864, ""ExponentialSmoothing"": 124492.8189234826, ""SARIMAX"": 471044.46372668655, ""Holt"": 4646980.455394152, ""Prophet"": 110472.94457191385, ""Croston"": 3914897.638735457, ""TSB"": 3914897.638735457}"
PC001824;48;Prophet;7272,15;[12243.98, 6346.98, 6672.45, 7051.02, 6374.82, 6525.36];68,4;ok;"{""ARIMA"": 3646184.869017989, ""ExponentialSmoothing"": 452434.4735837833, ""SARIMAX"": 488772.64421082166, ""Holt"": 5179692.50683262, ""Prophet"": 424217.9178451605, ""Croston"": 3972395.4010999687, ""TSB"": 3972395.4010999687, ""Ensemble"": 446974.98306957557}"
PC002067;48;Ensemble;7025,41;[7363.13, 7368.36, 7396.87, 7326.26, 7274.5, 7640.14];4,8;ok;"{""ARIMA"": 207383.01937646858, ""ExponentialSmoothing"": 318918.9755623521, ""SARIMAX"": 298540.8045507626, ""Holt"": 260389.89884069643, ""Prophet"": 217443.0139186067, ""Croston"": 228145.30222313476, ""TSB"": 228145.30222313476, ""Ensemble"": 183982.14188796087}"
PC005259;48;ExponentialSmoothing;6695,48;[11812.49, 6413.13, 6413.03, 6640.53, 6732.54, 6721.76];76,4;ok;"{""ARIMA"": 4038510.1626856364, ""ExponentialSmoothing"": 213766.4934129146, ""SARIMAX"": 423511.2052744991, ""Holt"": 5306890.743147264, ""Prophet"": 224648.22260108686, ""Croston"": 4179445.2838322097, ""TSB"": 4179445.2838322097}"
PC009696;48;SARIMAX;8153,3;[8504.09, 8714.32, 8511.35, 9058.72, 8944.26, 9348.85];4,3;ok;"{""ARIMA"": 149264.74706485335, ""ExponentialSmoothing"": 109741.27230847195, ""SARIMAX"": 50826.65884822727, ""Holt"": 94976.57283959446, ""Prophet"": 91275.24979501196, ""Croston"": 172611.8534700489, ""TSB"": 172611.8534700489}"
PC007563;18;Croston;19844,75;[19502.58, 19502.58, 19502.58, 19502.58, 19502.58, 19502.58];-1,7;ok;"{""ARIMA"": 3425581.3520563073, ""ExponentialSmoothing"": 2891698.5934653375, ""SARIMAX"": Infinity, ""Holt"": 2600201.6010485985, ""Prophet"": 440486721.4888265, ""Croston"": 1888329.7226299047, ""TSB"": 1888329.7226299047}"
PC007957;48;Croston;7020,21;[7275.84, 7275.84, 7275.84, 7275.84, 7275.84, 7275.84];3,6;ok;"{""ARIMA"": 217875.50788778465, ""ExponentialSmoothing"": 119504.84111166077, ""SARIMAX"": 1034809.3190273136, ""Holt"": 547384.1930515007, ""Prophet"": 184599.63942363087, ""Croston"": 87216.97179673654, ""TSB"": 87216.97179673654}"
PC007307;48;SARIMAX;6090,56;[6586.88, 6700.31, 7156.82, 8105.6, 7510.63, 8479.7];8,1;ok;"{""ARIMA"": 2193896.1828105, ""ExponentialSmoothing"": 306162.570870602, ""SARIMAX"": 236456.3171708152, ""Holt"": 1860394.1578196443, ""Prophet"": 255198.44330251194, ""Croston"": 556159.6021157297, ""TSB"": 556159.6021157297, ""Ensemble"": 256440.74888385352}"
PC003904;48;Prophet;6630,22;[11814.05, 6478.08, 6286.9, 6498.17, 6356.13, 6100.03];78,2;ok;"{""ARIMA"": 4334880.961062928, ""ExponentialSmoothing"": 235165.9497701733, ""SARIMAX"": 300819.7597474064, ""Holt"": 5834764.690042383, ""Prophet"": 189617.37544101803, ""Croston"": 4637228.279168677, ""TSB"": 4637228.279168677}"
PC006528;48;Ensemble;6520,02;[6992.79, 7140.38, 7299.16, 7352.47, 7535.06, 7628.47];7,3;ok;"{""ARIMA"": 978419.5079772057, ""ExponentialSmoothing"": 379852.2248423554, ""SARIMAX"": 533224.2827303716, ""Holt"": 854733.0113723045, ""Prophet"": 446113.09761600476, ""Croston"": 390413.45614037383, ""TSB"": 390413.45614037383, ""Ensemble"": 335508.9081628555}"
PC006058;13;Média Móvel;27952,9;[27786.75, 27786.75, 27786.75, 27786.75, 27786.75, 27786.75];-0,6;ok;"{""ARIMA"": Infinity, ""ExponentialSmoothing"": Infinity, ""SARIMAX"": Infinity, ""Holt"": Infinity, ""Prophet"": Infinity, ""Croston"": Infinity, ""TSB"": Infinity}"
PC005984;48;SARIMAX;8005,04;[9393.77, 8143.67, 8788.11, 7367.63, 8728.03, 8642.29];17,3;ok;"{""ARIMA"": 584039.8886657837, ""ExponentialSmoothing"": 864733.1887495009, ""SARIMAX"": 553511.9204404777, ""Holt"": 722616.7426029897, ""Prophet"": 859647.6946882945, ""Croston"": 1205808.4699149404, ""TSB"": 1205808.4699149404}"
PC002069;48;ARIMA;7509,56;[7493.92, 7489.41, 7488.1, 7487.73, 7487.62, 7487.59];-0,2;ok;"{""ARIMA"": 267771.14657185663, ""ExponentialSmoothing"": 409810.22892538627, ""SARIMAX"": 317725.04189036373, ""Holt"": 298598.8051021699, ""Prophet"": 340266.89779529144, ""Croston"": 294699.8005511161, ""TSB"": 294699.8005511161, ""Ensemble"": 282503.94196026766}"
PC002720;14;Croston;24732,24;[25301.21, 25301.21, 25301.21, 25301.21, 25301.21, 25301.21];2,3;ok;"{""ARIMA"": 6185516.943407559, ""ExponentialSmoothing"": 6582631.756547117, ""SARIMAX"": Infinity, ""Holt"": 2844518.500991244, ""Prophet"": 53875867509.45819, ""Croston"": 1283374.0982760715, ""TSB"": 1283374.0982760715}"
PC009728;48;ARIMA;6924,25;[7228.41, 7254.46, 7256.69, 7256.88, 7256.9, 7256.9];4,4;ok;"{""ARIMA"": 168366.64673365478, ""ExponentialSmoothing"": 283328.93159103795, ""SARIMAX"": 283742.1146427298, ""Holt"": 188892.49601135563, ""Prophet"": 300502.5642276799, ""Croston"": 174248.26155977664, ""TSB"": 174248.26155977664, ""Ensemble"": 172072.09229390917}"
PC008640;48;SARIMAX;7098,34;[11523.89, 6028.44, 6449.29, 6608.87, 6717.93, 6222.04];62,3;ok;"{""ARIMA"": 3156289.7713626996, ""ExponentialSmoothing"": 253559.43986403747, ""SARIMAX"": 142348.6453217664, ""Holt"": 6451836.141297706, ""Prophet"": 237783.19184195597, ""Croston"": 3444746.0377716734, ""TSB"": 3444746.0377716734}"
PC008011;48;Ensemble;6280,6;[7044.73, 7032.7, 7234.81, 7121.67, 7191.3, 7200.04];12,2;ok;"{""ARIMA"": 221149.66431423603, ""ExponentialSmoothing"": 221833.668639946, ""SARIMAX"": 195988.138872746, ""Holt"": 220856.62696298593, ""Prophet"": 228961.06242764354, ""Croston"": 222892.8957912427, ""TSB"": 222892.8957912427, ""Ensemble"": 168541.7911000577}"
PC005843;48;ExponentialSmoothing;5476,72;[11820.99, 6502.79, 6263.37, 6224.45, 6314.49, 6468.52];115,8;ok;"{""ARIMA"": 4000561.5444752774, ""ExponentialSmoothing"": 335708.2146573122, ""SARIMAX"": 864748.3948682067, ""Holt"": 5819222.296333969, ""Prophet"": 453091.01714736875, ""Croston"": 4168831.3492753184, ""TSB"": 4168831.3492753184}"
PC004427;48;ExponentialSmoothing;5843,1;[6775.63, 7109.05, 7151.33, 7535.61, 8051.54, 9113.73];16,0;ok;"{""ARIMA"": 6131059.404364298, ""ExponentialSmoothing"": 120637.04646511131, ""SARIMAX"": 262766.4244553232, ""Holt"": 5900105.834130215, ""Prophet"": 191226.70572770984, ""Croston"": 631998.2200619514, ""TSB"": 631998.2200619514}"
PC002474;14;ARIMA;24503,54;[23967.79, 24422.76, 24036.39, 24364.5, 24085.87, 24322.49];-2,2;ok;"{""ARIMA"": 787424.4686869275, ""ExponentialSmoothing"": 816671.0845543641, ""SARIMAX"": Infinity, ""Holt"": 909576.1027123597, ""Prophet"": 47901387213.463326, ""Croston"": 1384160.2391778596, ""TSB"": 1384160.2391778596, ""Ensemble"": 824304.4843071016}"
PC002005;48;Croston;7444,71;[7124.54, 7124.54, 7124.54, 7124.54, 7124.54, 7124.54];-4,3;ok;"{""ARIMA"": 217546.47984426396, ""ExponentialSmoothing"": 252939.3698599924, ""SARIMAX"": 389760.8858725091, ""Holt"": 168455.4152882593, ""Prophet"": 227421.85251662866, ""Croston"": 164906.51927787517, ""TSB"": 164906.51927787517, ""Ensemble"": 165560.78538702472}"
PC000467;48;Holt;6806,16;[7176.57, 7174.95, 7173.65, 7172.62, 7171.79, 7171.13];5,4;ok;"{""ARIMA"": 248070.39360524822, ""ExponentialSmoothing"": 246167.7587783525, ""SARIMAX"": 443044.6893437868, ""Holt"": 245521.23532117074, ""Prophet"": 291526.4792949189, ""Croston"": 245880.4519030035, ""TSB"": 245880.4519030035, ""Ensemble"": 245721.60790530956}"
PC000298;48;Ensemble;6156,93;[6722.87, 6878.46, 6966.36, 7142.47, 7170.24, 7329.87];9,2;ok;"{""ARIMA"": 1114106.0358036023, ""ExponentialSmoothing"": 619572.4671635224, ""SARIMAX"": 775962.3277700356, ""Holt"": 1189221.817134103, ""Prophet"": 562256.8154326085, ""Croston"": 550160.4148268962, ""TSB"": 550160.4148268962, ""Ensemble"": 465124.5075726014}"
PC006144;48;ExponentialSmoothing;6688,39;[6720.67, 6886.4, 7333.86, 7166.47, 7652.74, 7782.52];0,5;ok;"{""ARIMA"": 449472.060650404, ""ExponentialSmoothing"": 231999.17928343744, ""SARIMAX"": 534794.8455976795, ""Holt"": 449759.0196502166, ""Prophet"": 288356.2400833204, ""Croston"": 449186.1284763137, ""TSB"": 449186.1284763137}"
PC006603;48;ExponentialSmoothing;7307,24;[7055.89, 6844.67, 6759.81, 6567.04, 6860.8, 7253.08];-3,4;ok;"{""ARIMA"": 284926.30636444915, ""ExponentialSmoothing"": 75536.44717591237, ""SARIMAX"": 133079.2052931841, ""Holt"": 259955.79172180186, ""Prophet"": 79973.88093533699, ""Croston"": 257434.53231361302, ""TSB"": 257434.53231361302}"
PC008979;48;Croston;6376,68;[6905.55, 6905.55, 6905.55, 6905.55, 6905.55, 6905.55];8,3;ok;"{""ARIMA"": 225918.37006512543, ""ExponentialSmoothing"": 266590.421423264, ""SARIMAX"": 300967.606609562, ""Holt"": 234926.93351291728, ""Prophet"": 357295.89383752365, ""Croston"": 208622.77234799007, ""TSB"": 208622.77234799007, ""Ensemble"": 213537.58726489518}"
PC001491;48;Prophet;5936,25;[10752.86, 5787.47, 5770.54, 5922.5, 6287.51, 6448.03];81,1;ok;"{""ARIMA"": 2881758.4395205635, ""ExponentialSmoothing"": 306251.68905250594, ""SARIMAX"": 328293.79818783683, ""Holt"": 3587829.3035517274, ""Prophet"": 174743.89250428378, ""Croston"": 2964055.217848917, ""TSB"": 2964055.217848917}"
PC001120;48;Ensemble;6936,59;[7031.4, 6986.94, 6990.6, 7002.74, 7015.64, 7126.37];1,4;ok;"{""ARIMA"": 152555.18228621836, ""ExponentialSmoothing"": 197947.7318820066, ""SARIMAX"": 189081.3148820988, ""Holt"": 230512.85002090738, ""Prophet"": 136719.98202555385, ""Croston"": 129472.88871250581, ""TSB"": 129472.88871250581, ""Ensemble"": 112614.31678272068}"
PC004522;14;Ensemble;23645,84;[23876.59, 23808.12, 23836.56, 23824.74, 23829.65, 23827.61];1,0;ok;"{""ARIMA"": 1664781.8814200908, ""ExponentialSmoothing"": 2080721.6514934495, ""SARIMAX"": Infinity, ""Holt"": 2202500.865278865, ""Prophet"": 16842906193.02777, ""Croston"": 1657969.1974146033, ""TSB"": 1657969.1974146033, ""Ensemble"": 1618012.9435115943}"
PC002528;48;ExponentialSmoothing;5827,94;[10925.4, 5702.73, 6040.71, 6046.69, 5913.03, 5678.53];87,5;ok;"{""ARIMA"": 2349123.923444167, ""ExponentialSmoothing"": 244028.8807361085, ""SARIMAX"": 273760.61198461644, ""Holt"": 3570162.5673674853, ""Prophet"": 273709.665396051, ""Croston"": 2611916.4295590934, ""TSB"": 2611916.4295590934, ""Ensemble"": 258155.67233391196}"
PC008384;48;SARIMAX;6800,59;[6461.89, 7457.21, 6973.71, 6546.23, 6878.83, 7142.71];-5,0;ok;"{""ARIMA"": 256766.6375317456, ""ExponentialSmoothing"": 248526.17721625036, ""SARIMAX"": 155170.52396196782, ""Holt"": 209737.93638291446, ""Prophet"": 366195.8193309768, ""Croston"": 228918.04963595513, ""TSB"": 228918.04963595513}"
PC004619;48;Croston;7107,54;[6748.68, 6748.68, 6748.68, 6748.68, 6748.68, 6748.68];-5,0;ok;"{""ARIMA"": 137294.17464261176, ""ExponentialSmoothing"": 241318.66399165243, ""SARIMAX"": 565487.81701243, ""Holt"": 116108.21040455539, ""Prophet"": 216824.42646314905, ""Croston"": 115174.56654966377, ""TSB"": 115174.56654966377, ""Ensemble"": 115216.22975125775}"
PC006739;48;ExponentialSmoothing;5810,78;[10719.54, 5748.54, 5125.1, 5645.39, 5531.17, 5701.97];84,5;ok;"{""ARIMA"": 3742395.0275047566, ""ExponentialSmoothing"": 125982.56282526128, ""SARIMAX"": 198781.07668701478, ""Holt"": 5015794.172998133, ""Prophet"": 157285.0323017135, ""Croston"": 3955159.1198219243, ""TSB"": 3955159.1198219243}"
PC002272;48;Prophet;5527,32;[10993.91, 5659.79, 5226.68, 5505.98, 5624.83, 5698.29];98,9;ok;"{""ARIMA"": 3779446.6729063108, ""ExponentialSmoothing"": 99113.13686436591, ""SARIMAX"": 281253.401597729, ""Holt"": 4804802.886602809, ""Prophet"": 82265.67017401775, ""Croston"": 3935400.661185214, ""TSB"": 3935400.661185214}"
PC003168;48;Ensemble;6552,96;[6593.58, 6939.07, 6962.0, 6612.92, 6721.53, 7166.88];0,6;ok;"{""ARIMA"": 180920.92728325631, ""ExponentialSmoothing"": 131800.05023319807, ""SARIMAX"": 127313.08235230627, ""Holt"": 183751.88556001557, ""Prophet"": 155761.3820713976, ""Croston"": 175274.8763165157, ""TSB"": 175274.8763165157, ""Ensemble"": 112423.82726482685}"
PC004736;13;Média Móvel;24331,16;[24493.93, 24493.93, 24493.93, 24493.93, 24493.93, 24493.93];0,7;ok;"{""ARIMA"": Infinity, ""ExponentialSmoothing"": Infinity, ""SARIMAX"": Infinity, ""Holt"": Infinity, ""Prophet"": Infinity, ""Croston"": Infinity, ""TSB"": Infinity}"
PC003552;48;SARIMAX;5641,51;[5862.3, 6559.55, 6614.74, 7342.36, 7036.56, 7515.18];3,9;ok;"{""ARIMA"": 1585209.2039865449, ""ExponentialSmoothing"": 279137.2070632239, ""SARIMAX"": 197029.8178568375, ""Holt"": 1811316.934048474, ""Prophet"": 318210.2502493413, ""Croston"": 391189.6907174228, ""TSB"": 391189.6907174228}"
PC007914;48;ARIMA;7254,14;[7210.37, 7215.35, 7214.78, 7214.85, 7214.84, 7214.84];-0,6;ok;"{""ARIMA"": 269290.56522329425, ""ExponentialSmoothing"": 885050.8240149057, ""SARIMAX"": 591863.6080513154, ""Holt"": 400934.8108305148, ""Prophet"": 720740.6756860554, ""Croston"": 578716.3836993572, ""TSB"": 578716.3836993572}"
PC004693;48;Ensemble;5748,17;[5689.8, 5714.83, 5998.08, 6566.11, 6682.26, 7189.58];-1,0;ok;"{""ARIMA"": 854010.313894195, ""ExponentialSmoothing"": 325642.64287669864, ""SARIMAX"": 303511.0746270026, ""Holt"": 844791.4800954537, ""Prophet"": 334843.9063599427, ""Croston"": 678439.7403487238, ""TSB"": 678439.7403487238, ""Ensemble"": 295136.4481325924}"
PC002123;15;Croston;18529,74;[20139.82, 20139.82, 20139.82, 20139.82, 20139.82, 20139.82];8,7;ok;"{""ARIMA"": 8716283.952928877, ""ExponentialSmoothing"": 17019016.86664382, ""SARIMAX"": Infinity, ""Holt"": 13048287.998019101, ""Prophet"": 19417509151.10576, ""Croston"": 1382307.1793134492, ""TSB"": 1382307.1793134492}"
PC002144;48;ExponentialSmoothing;5383,98;[10729.45, 5365.31, 5536.49, 5545.28, 5403.06, 5486.12];99,3;ok;"{""ARIMA"": 3354111.2036201567, ""ExponentialSmoothing"": 214090.47592303166, ""SARIMAX"": 677021.4734608518, ""Holt"": 4177754.8121422785, ""Prophet"": 232549.9403376681, ""Croston"": 3610080.9128998616, ""TSB"": 3610080.9128998616}"
PC006112;19;Croston;15906,67;[15744.39, 15744.39, 15744.39, 15744.39, 15744.39, 15744.39];-1,0;ok;"{""ARIMA"": 8117129.538513436, ""ExponentialSmoothing"": 1288724.3766256366, ""SARIMAX"": Infinity, ""Holt"": 3886996.8500400092, ""Prophet"": 69965077.30821027, ""Croston"": 838527.3163349106, ""TSB"": 838527.3163349106}"
PC002336;48;SARIMAX;5998,86;[10429.19, 5773.37, 5723.03, 6338.71, 5714.13, 6428.83];73,9;ok;"{""ARIMA"": 2332502.5556209176, ""ExponentialSmoothing"": 421329.58328994666, ""SARIMAX"": 314111.08325055917, ""Holt"": 3377879.1864843667, ""Prophet"": 410508.8482780815, ""Croston"": 2531412.2137964014, ""TSB"": 2531412.2137964014}"
PC003840;48;Prophet;5110,32;[10161.1, 5547.54, 5604.19, 5623.21, 5442.82, 5888.35];98,8;ok;"{""ARIMA"": 3316696.6219354463, ""ExponentialSmoothing"": 318422.04445437563, ""SARIMAX"": 379194.90113327786, ""Holt"": 3253028.4888744815, ""Prophet"": 243693.92718977702, ""Croston"": 3274891.91033401, ""TSB"": 3274891.91033401}"
PC000618;48;ExponentialSmoothing;5163,38;[5592.04, 5784.43, 5968.86, 6282.99, 6592.11, 7051.66];8,3;ok;"{""ARIMA"": 1228333.3158017676, ""ExponentialSmoothing"": 219377.5575107252, ""SARIMAX"": 221648.53173219773, ""Holt"": 1027652.00754792, ""Prophet"": 315216.19313979207, ""Croston"": 396321.9232514659, ""TSB"": 396321.9232514659}"
PC009450;48;ARIMA;6865,47;[6952.4, 6931.96, 6936.77, 6935.64, 6935.9, 6935.84];1,3;ok;"{""ARIMA"": 30511.06766155844, ""ExponentialSmoothing"": 80618.54148709279, ""SARIMAX"": 164474.00837928866, ""Holt"": 71355.35451859182, ""Prophet"": 122412.31936501681, ""Croston"": 193261.545894818, ""TSB"": 193261.545894818}"
PC005523;17;Croston;15945,32;[16892.27, 16892.27, 16892.27, 16892.27, 16892.27, 16892.27];5,9;ok;"{""ARIMA"": 7976931.693479826, ""ExponentialSmoothing"": 3113360.477038884, ""SARIMAX"": Infinity, ""Holt"": 5558895.970613305, ""Prophet"": 4341426661.6916065, ""Croston"": 2316334.5302360356, ""TSB"": 2316334.5302360356}"
PC007507;48;Prophet;6750,98;[6075.4, 5925.01, 5726.3, 5812.28, 6095.75, 6431.84];-10,0;ok;"{""ARIMA"": 223431.34082575678, ""ExponentialSmoothing"": 167447.6699010561, ""SARIMAX"": 197102.2714666309, ""Holt"": 183019.09647373413, ""Prophet"": 141731.7061858064, ""Croston"": 239855.03351088884, ""TSB"": 239855.03351088884, ""Ensemble"": 156434.08791122265}"
PC008277;48;ExponentialSmoothing;5638,38;[6098.68, 5905.73, 6061.39, 5993.04, 6117.42, 6511.71];8,2;ok;"{""ARIMA"": 68318.83456332581, ""ExponentialSmoothing"": 47451.788215411296, ""SARIMAX"": 55539.93533051427, ""Holt"": 366569.1342785593, ""Prophet"": 54414.68039789274, ""Croston"": 57942.469829674985, ""TSB"": 57942.469829674985, ""Ensemble"": 48407.31255277686}"
PC008339;48;Croston;5843,95;[6035.96, 6035.96, 6035.96, 6035.96, 6035.96, 6035.96];3,3;ok;"{""ARIMA"": 169319.20407096375, ""ExponentialSmoothing"": 242422.6011320413, ""SARIMAX"": 245822.49703941945, ""Holt"": 184018.31416441718, ""Prophet"": 267033.2204591759, ""Croston"": 145270.99112369696, ""TSB"": 145270.99112369696, ""Ensemble"": 151648.0302649013}"
PC002899;12;Média Móvel;21585,43;[22426.83, 22426.83, 22426.83, 22426.83, 22426.83, 22426.83];3,9;ok;"{""ARIMA"": Infinity, ""ExponentialSmoothing"": Infinity, ""SARIMAX"": Infinity, ""Holt"": Infinity, ""Prophet"": Infinity, ""Croston"": Infinity, ""TSB"": Infinity}"
PC006016;48;Holt;5849,84;[5771.54, 5771.54, 5771.54, 5771.54, 5771.54, 5771.54];-1,3;ok;"{""ARIMA"": 85730.87261455764, ""ExponentialSmoothing"": 88832.39042612661, ""SARIMAX"": 102315.75715910447, ""Holt"": 76792.66601949133, ""Prophet"": 90673.6956492117, ""Croston"": 80485.82331515395, ""TSB"": 80485.82331515395, ""Ensemble"": 78958.05994926729}"
PC009363;48;ExponentialSmoothing;5147,39;[5353.08, 5553.85, 5418.89, 6273.94, 6365.83, 6198.1];4,0;ok;"{""ARIMA"": 1349095.6386649471, ""ExponentialSmoothing"": 132429.42738813072, ""SARIMAX"": 305338.4798961026, ""Holt"": 818352.2626994211, ""Prophet"": 194197.3173818515, ""Croston"": 339468.65467933915, ""TSB"": 339468.65467933915}"
PC005888;48;Holt;5916,73;[5754.67, 5754.65, 5754.63, 5754.61, 5754.6, 5754.58];-2,7;ok;"{""ARIMA"": 115929.64386891849, ""ExponentialSmoothing"": 232648.0930690351, ""SARIMAX"": 249421.13194188848, ""Holt"": 87848.4491949674, ""Prophet"": 244534.75075365315, ""Croston"": 101494.07180176745, ""TSB"": 101494.07180176745, ""Ensemble"": 96115.90419372996}"
PC006677;48;SARIMAX;5825,62;[6143.58, 5850.08, 6002.27, 5873.64, 6172.18, 6077.56];5,5;ok;"{""ARIMA"": 198333.50089468792, ""ExponentialSmoothing"": 91312.52704888854, ""SARIMAX"": 58644.87906963608, ""Holt"": 165126.32919814475, ""Prophet"": 124692.26160552696, ""Croston"": 157157.60399463554, ""TSB"": 157157.60399463554}"
PC003872;48;ExponentialSmoothing;5383,2;[9143.1, 4896.28, 5309.42, 5046.12, 4761.64, 5313.51];69,8;ok;"{""ARIMA"": 2768011.3451707982, ""ExponentialSmoothing"": 223842.05301048118, ""SARIMAX"": 286669.1053662217, ""Holt"": 3199400.148177466, ""Prophet"": 299267.3641385615, ""Croston"": 2834928.484084101, ""TSB"": 2834928.484084101}"
PC006357;15;Holt;17460,96;[18020.3, 17964.89, 17920.57, 17885.1, 17856.73, 17834.04];3,2;ok;"{""ARIMA"": 779313.110414992, ""ExponentialSmoothing"": 529546.6429577454, ""SARIMAX"": Infinity, ""Holt"": 496150.98964790255, ""Prophet"": 6633373070.545442, ""Croston"": 583491.7088929769, ""TSB"": 583491.7088929769, ""Ensemble"": 529087.8441353921}"
PC000426;12;Média Móvel;25026,69;[23729.46, 23729.46, 23729.46, 23729.46, 23729.46, 23729.46];-5,2;ok;"{""ARIMA"": Infinity, ""ExponentialSmoothing"": Infinity, ""SARIMAX"": Infinity, ""Holt"": Infinity, ""Prophet"": Infinity, ""Croston"": Infinity, ""TSB"": Infinity}"
PC001107;48;Prophet;5179,95;[5162.48, 5084.61, 5369.17, 6042.9, 6109.48, 6217.23];-0,3;ok;"{""ARIMA"": 490225.5728072543, ""ExponentialSmoothing"": 142497.4895132867, ""SARIMAX"": 159206.99850227273, ""Holt"": 491550.2565587472, ""Prophet"": 141100.03084135716, ""Croston"": 249082.91547091064, ""TSB"": 249082.91547091064, ""Ensemble"": 146117.5807617244}"
PC006314;48;Croston;5101,25;[5583.99, 5583.99, 5583.99, 5583.99, 5583.99, 5583.99];9,5;ok;"{""ARIMA"": 307914.50560710276, ""ExponentialSmoothing"": 326619.3553579182, ""SARIMAX"": 448188.503235786, ""Holt"": 473961.7360343354, ""Prophet"": 318320.7735627271, ""Croston"": 304767.0143284823, ""TSB"": 304767.0143284823, ""Ensemble"": 305806.5873048021}"
PC003754;48;Prophet;5010,19;[8721.51, 4798.33, 4753.69, 4617.02, 4700.48, 5291.65];74,1;ok;"{""ARIMA"": 2504040.1939981985, ""ExponentialSmoothing"": 213092.46099975833, ""SARIMAX"": 361249.09481476754, ""Holt"": 3378040.9775227015, ""Prophet"": 187928.4603583587, ""Croston"": 2582773.53529078, ""TSB"": 2582773.53529078}"
PC005760;48;Ensemble;5677,72;[5461.58, 5354.63, 5449.05, 5432.67, 5542.98, 5512.83];-3,8;ok;"{""ARIMA"": 144144.7107265396, ""ExponentialSmoothing"": 137355.86193733645, ""SARIMAX"": 178668.3178138441, ""Holt"": 362456.90145107405, ""Prophet"": 142080.56549379873, ""Croston"": 137454.32865988396, ""TSB"": 137454.32865988396, ""Ensemble"": 126962.65894243949}"
PC006976;48;Prophet;4308,76;[8819.12, 4542.47, 4779.38, 4613.96, 4391.67, 5152.45];104,7;ok;"{""ARIMA"": 2949226.473313546, ""ExponentialSmoothing"": 113836.12233681318, ""SARIMAX"": 158393.23519761665, ""Holt"": 3258315.894628756, ""Prophet"": 80851.67766144504, ""Croston"": 2965083.3408628455, ""TSB"": 2965083.3408628455}"
PC006485;48;ARIMA;5611,53;[5515.76, 5501.04, 5498.78, 5498.43, 5498.38, 5498.37];-1,7;ok;"{""ARIMA"": 85482.98189436788, ""ExponentialSmoothing"": 204058.9432444696, ""SARIMAX"": 216398.12433915105, ""Holt"": 94638.76769755373, ""Prophet"": 244924.29526594662, ""Croston"": 103761.97846133851, ""TSB"": 103761.97846133851, ""Ensemble"": 93714.29055552797}"
PC003477;13;Média Móvel;19918,85;[19333.19, 19333.19, 19333.19, 19333.19, 19333.19, 19333.19];-2,9;ok;"{""ARIMA"": Infinity, ""ExponentialSmoothing"": Infinity, ""SARIMAX"": Infinity, ""Holt"": Infinity, ""Prophet"": Infinity, ""Croston"": Infinity, ""TSB"": Infinity}"
PC003731;48;ARIMA;4985,35;[5414.83, 5474.57, 5482.88, 5484.03, 5484.19, 5484.21];8,6;ok;"{""ARIMA"": 105522.56106463548, ""ExponentialSmoothing"": 155138.29574035763, ""SARIMAX"": 284850.28888173215, ""Holt"": 588945.8350454429, ""Prophet"": 155015.2240772458, ""Croston"": 112300.80107540404, ""TSB"": 112300.80107540404, ""Ensemble"": 109424.12415111162}"
PC005139;48;SARIMAX;4664,99;[5620.43, 5648.83, 5151.64, 5320.8, 5294.62, 5568.26];20,5;ok;"{""ARIMA"": 334750.31700235116, ""ExponentialSmoothing"": 298967.87006624596, ""SARIMAX"": 284627.5089288026, ""Holt"": 332001.4893558403, ""Prophet"": 315265.68395435094, ""Croston"": 331890.64660811756, ""TSB"": 331890.64660811756, ""Ensemble"": 297918.6487813362}"
PC007765;48;Prophet;4818,37;[4659.17, 5413.14, 5438.84, 5625.68, 6008.7, 6350.04];-3,3;ok;"{""ARIMA"": 288152.63166380336, ""ExponentialSmoothing"": 173207.43151803367, ""SARIMAX"": 150144.25757914668, ""Holt"": 1153447.181110118, ""Prophet"": 100591.52448612267, ""Croston"": 318117.573193151, ""TSB"": 318117.573193151}"
PC004755;48;SARIMAX;5203,18;[5128.55, 5191.38, 5565.77, 5970.29, 5853.36, 6083.76];-1,4;ok;"{""ARIMA"": 171522.10112103706, ""ExponentialSmoothing"": 186283.03641321204, ""SARIMAX"": 94484.5014253286, ""Holt"": 1851163.198924016, ""Prophet"": 172204.87876000095, ""Croston"": 404500.27947251516, ""TSB"": 404500.27947251516}"
PC001248;48;ExponentialSmoothing;5285,15;[5173.45, 5409.68, 5144.78, 5158.06, 5479.33, 6063.61];-2,1;ok;"{""ARIMA"": 119499.70788354531, ""ExponentialSmoothing"": 60986.79912687425, ""SARIMAX"": 85233.20419397742, ""Holt"": 169959.07567425046, ""Prophet"": 82581.67598639433, ""Croston"": 151069.044565079, ""TSB"": 151069.044565079}"
PC003659;48;ExponentialSmoothing;5178,44;[4973.32, 5057.46, 5581.13, 5838.59, 6001.42, 6460.13];-4,0;ok;"{""ARIMA"": 705656.9961889442, ""ExponentialSmoothing"": 253338.19511907708, ""SARIMAX"": 337287.64742212783, ""Holt"": 1970668.795592101, ""Prophet"": 290764.451319984, ""Croston"": 311650.4034672198, ""TSB"": 311650.4034672198, ""Ensemble"": 257018.6389578488}"
PC005536;48;ExponentialSmoothing;4785,24;[4776.07, 4925.98, 5254.86, 5732.25, 6046.83, 6418.86];-0,2;ok;"{""ARIMA"": 2429545.1089781453, ""ExponentialSmoothing"": 124426.63489047954, ""SARIMAX"": 197435.09143115146, ""Holt"": 7593708.375017119, ""Prophet"": 133686.18631856292, ""Croston"": 243383.8267341922, ""TSB"": 243383.8267341922}"
PC009355;48;Ensemble;5509,78;[5571.14, 5471.79, 5522.91, 5656.25, 5489.73, 5664.02];1,1;ok;"{""ARIMA"": 192619.44077020578, ""ExponentialSmoothing"": 189132.88899116506, ""SARIMAX"": 172355.0439364978, ""Holt"": 168790.0116495693, ""Prophet"": 203158.58468334237, ""Croston"": 177056.28407277048, ""TSB"": 177056.28407277048, ""Ensemble"": 156762.38866734042}"
PC005098;48;Prophet;4639,0;[9164.38, 4758.34, 4777.75, 4807.24, 4767.73, 5189.24];97,6;ok;"{""ARIMA"": 2352163.2876373865, ""ExponentialSmoothing"": 108725.65254723262, ""SARIMAX"": 131955.54823067333, ""Holt"": 2594136.7029799474, ""Prophet"": 93308.60902587669, ""Croston"": 2313102.775286075, ""TSB"": 2313102.775286075}"
PC002880;48;Holt;5100,62;[5279.57, 5278.69, 5277.99, 5277.43, 5276.98, 5276.62];3,5;ok;"{""ARIMA"": 67720.202661648, ""ExponentialSmoothing"": 118838.32302676774, ""SARIMAX"": 209170.2453136466, ""Holt"": 67658.25297204097, ""Prophet"": 119846.14007507282, ""Croston"": 68063.92334500501, ""TSB"": 68063.92334500501, ""Ensemble"": 67700.62848868748}"
PC004757;48;Prophet;4345,19;[4698.36, 4972.56, 4970.75, 5197.39, 5815.15, 5878.53];8,1;ok;"{""ARIMA"": 3085047.4874633304, ""ExponentialSmoothing"": 272180.32341055415, ""SARIMAX"": 653154.2026066509, ""Holt"": 2867296.694414346, ""Prophet"": 240430.07691978358, ""Croston"": 528643.0883464938, ""TSB"": 528643.0883464938}"
PC002858;48;SARIMAX;5000,28;[9042.98, 4571.43, 4554.91, 4631.31, 4763.13, 4423.48];80,8;ok;"{""ARIMA"": 2239879.511050024, ""ExponentialSmoothing"": 374290.8925870336, ""SARIMAX"": 279342.17410002864, ""Holt"": 3140061.0332328104, ""Prophet"": 366834.36444406206, ""Croston"": 2378911.7678723712, ""TSB"": 2378911.7678723712}"
PC008331;48;Prophet;4855,4;[4628.71, 5354.24, 5395.66, 5602.51, 5563.2, 6089.89];-4,7;ok;"{""ARIMA"": 558204.1122610882, ""ExponentialSmoothing"": 208995.63124742502, ""SARIMAX"": 194525.82274860042, ""Holt"": 1120864.4641459817, ""Prophet"": 171476.4446310158, ""Croston"": 316673.3713941074, ""TSB"": 316673.3713941074, ""Ensemble"": 183147.2833853089}"
PC001770;48;Croston;5041,91;[5407.76, 5407.76, 5407.76, 5407.76, 5407.76, 5407.76];7,3;ok;"{""ARIMA"": 72190.32065599783, ""ExponentialSmoothing"": 165348.1721668588, ""SARIMAX"": 166324.68648834678, ""Holt"": 258608.82941925898, ""Prophet"": 188780.6839282917, ""Croston"": 61743.725584545435, ""TSB"": 61743.725584545435, ""Ensemble"": 64261.84630618161}"
PC006688;48;Ensemble;4626,88;[5193.97, 5237.65, 5347.36, 5292.62, 5436.78, 5533.29];12,3;ok;"{""ARIMA"": 270283.8142286108, ""ExponentialSmoothing"": 220023.69721826582, ""SARIMAX"": 589714.3155323411, ""Holt"": 257745.37439078593, ""Prophet"": 181968.6580594643, ""Croston"": 185956.9910953114, ""TSB"": 185956.9910953114, ""Ensemble"": 142086.15651272263}"
PC009301;15;Croston;17666,65;[16880.69, 16880.69, 16880.69, 16880.69, 16880.69, 16880.69];-4,4;ok;"{""ARIMA"": 3216550.138548031, ""ExponentialSmoothing"": 2301308.0537188905, ""SARIMAX"": Infinity, ""Holt"": 3293449.5500691147, ""Prophet"": 40594572025.94848, ""Croston"": 1135883.0209379056, ""TSB"": 1135883.0209379056}"
PC008106;15;Croston;14514,99;[16623.69, 16623.69, 16623.69, 16623.69, 16623.69, 16623.69];14,5;ok;"{""ARIMA"": 12191306.205242053, ""ExponentialSmoothing"": 24354115.38591926, ""SARIMAX"": Infinity, ""Holt"": 28330576.7187077, ""Prophet"": 52783481859.03888, ""Croston"": 2952511.9320905637, ""TSB"": 2952511.9320905637}"
PC002187;48;Ensemble;5913,16;[5753.68, 5757.93, 5761.34, 5764.07, 5766.25, 5767.99];-2,7;ok;"{""ARIMA"": 227922.5704511522, ""ExponentialSmoothing"": 226823.33482226753, ""SARIMAX"": 311073.60408425296, ""Holt"": 161818.61841186765, ""Prophet"": 234698.65090566422, ""Croston"": 189481.77309018435, ""TSB"": 189481.77309018435, ""Ensemble"": 159576.44582138376}"
PC008651;48;Holt;5533,31;[5962.04, 5990.28, 6018.38, 6046.34, 6074.15, 6101.83];7,7;ok;"{""ARIMA"": 85231.05242412658, ""ExponentialSmoothing"": 133774.2202817376, ""SARIMAX"": 161762.18331846636, ""Holt"": 80847.46758919065, ""Prophet"": 111942.52866992138, ""Croston"": 184911.58654040945, ""TSB"": 184911.58654040945}"
PC003008;48;Holt;4995,75;[5142.81, 5138.25, 5134.61, 5131.69, 5129.35, 5127.49];2,9;ok;"{""ARIMA"": 64673.43715716081, ""ExponentialSmoothing"": 152096.7967800063, ""SARIMAX"": 198968.88820258118, ""Holt"": 59212.24760643808, ""Prophet"": 150210.54589931268, ""Croston"": 63890.29422859789, ""TSB"": 63890.29422859789, ""Ensemble"": 62198.186653697514}"
PC000416;48;Prophet;4601,78;[4908.05, 5125.41, 5201.32, 5611.05, 5768.03, 5760.24];6,7;ok;"{""ARIMA"": 773636.6065180348, ""ExponentialSmoothing"": 45410.72221409259, ""SARIMAX"": 101565.9176085256, ""Holt"": 661171.07811258, ""Prophet"": 38460.21856813263, ""Croston"": 150891.81897910286, ""TSB"": 150891.81897910286}"
PC006912;48;Holt;5204,88;[4973.39, 4966.7, 4961.34, 4957.06, 4953.63, 4950.89];-4,4;ok;"{""ARIMA"": 87789.39552717871, ""ExponentialSmoothing"": 98859.21488726618, ""SARIMAX"": 121696.92515373357, ""Holt"": 69138.79397723601, ""Prophet"": 119953.85825842909, ""Croston"": 101254.15944566247, ""TSB"": 101254.15944566247}"
PC008203;48;ExponentialSmoothing;5223,81;[4396.94, 4744.97, 5445.55, 5058.33, 5619.4, 5566.75];-15,8;ok;"{""ARIMA"": 185969.77129495042, ""ExponentialSmoothing"": 81632.2239565581, ""SARIMAX"": 85000.30335920102, ""Holt"": 191622.577613158, ""Prophet"": 94731.74593885923, ""Croston"": 190262.07748914612, ""TSB"": 190262.07748914612, ""Ensemble"": 84833.20259549514}"
PC000149;12;Média Móvel;19538,24;[21174.31, 21174.31, 21174.31, 21174.31, 21174.31, 21174.31];8,4;ok;"{""ARIMA"": Infinity, ""ExponentialSmoothing"": Infinity, ""SARIMAX"": Infinity, ""Holt"": Infinity, ""Prophet"": Infinity, ""Croston"": Infinity, ""TSB"": Infinity}"
PC008659;48;Ensemble;4569,56;[5050.96, 4992.29, 5138.96, 5331.57, 5462.03, 5481.52];10,5;ok;"{""ARIMA"": 888821.0817015885, ""ExponentialSmoothing"": 498481.2927945447, ""SARIMAX"": 407010.3286359737, ""Holt"": 853244.0643392199, ""Prophet"": 540886.2971222986, ""Croston"": 454663.2102251745, ""TSB"": 454663.2102251745, ""Ensemble"": 383734.6203456477}"
PC008128;48;Prophet;4537,05;[4454.94, 4529.66, 5306.73, 5218.71, 5412.41, 6161.18];-1,8;ok;"{""ARIMA"": 410007.2229887489, ""ExponentialSmoothing"": 53973.65916963571, ""SARIMAX"": 196631.6710939542, ""Holt"": 401016.2564002592, ""Prophet"": 51832.60736443475, ""Croston"": 207636.77661426194, ""TSB"": 207636.77661426194}"
PC004096;48;Prophet;4510,86;[4390.99, 4854.8, 4890.72, 5060.73, 5622.15, 5559.92];-2,7;ok;"{""ARIMA"": 865896.2823228181, ""ExponentialSmoothing"": 142243.20073032976, ""SARIMAX"": 220807.59222532992, ""Holt"": 785510.5582387167, ""Prophet"": 123996.78362060805, ""Croston"": 215995.00204001402, ""TSB"": 215995.00204001402}"
PC007040;48;Croston;4807,7;[5093.89, 5093.89, 5093.89, 5093.89, 5093.89, 5093.89];6,0;ok;"{""ARIMA"": 147666.0191150702, ""ExponentialSmoothing"": 201741.01891430732, ""SARIMAX"": 201007.51359364542, ""Holt"": 147458.80106729487, ""Prophet"": 201381.123825509, ""Croston"": 85689.60058855634, ""TSB"": 85689.60058855634}"
PC007296;48;ExponentialSmoothing;4288,8;[4482.71, 4536.11, 4832.57, 5440.03, 5466.44, 6075.33];4,5;ok;"{""ARIMA"": 3026387.6231976724, ""ExponentialSmoothing"": 99448.40280963959, ""SARIMAX"": 99758.42660134613, ""Holt"": 2917991.6160590164, ""Prophet"": 115823.44189888489, ""Croston"": 240119.61554008783, ""TSB"": 240119.61554008783, ""Ensemble"": 101224.25344551088}"
PC001427;48;SARIMAX;4526,95;[8747.11, 4890.03, 4786.96, 4879.95, 4730.35, 4797.37];93,2;ok;"{""ARIMA"": 1600942.9434361795, ""ExponentialSmoothing"": 93897.55729725792, ""SARIMAX"": 93002.99022018253, ""Holt"": 1872913.5910772698, ""Prophet"": 105597.89366666692, ""Croston"": 1616621.9520774556, ""TSB"": 1616621.9520774556, ""Ensemble"": 94235.25251636356}"
PC004499;48;Ensemble;4359,64;[4767.37, 4816.61, 5005.78, 5577.84, 5175.56, 5220.9];9,4;ok;"{""ARIMA"": 223298.66104631437, ""ExponentialSmoothing"": 106686.76969604431, ""SARIMAX"": 123875.89396555598, ""Holt"": 200720.81500872714, ""Prophet"": 105368.05062121262, ""Croston"": 217412.23372005788, ""TSB"": 217412.23372005788, ""Ensemble"": 102696.23452639213}"
PC005707;48;Ensemble;4855,27;[4951.48, 4957.9, 4959.63, 4960.1, 4960.22, 4960.26];2,0;ok;"{""ARIMA"": 48454.57889994469, ""ExponentialSmoothing"": 140863.76609801358, ""SARIMAX"": 164168.83602099834, ""Holt"": 65569.08176822292, ""Prophet"": 131931.07763119673, ""Croston"": 48443.19312760816, ""TSB"": 48443.19312760816, ""Ensemble"": 48058.09149224482}"
PC008298;48;ARIMA;5670,6;[5808.28, 5813.98, 5814.22, 5814.23, 5814.23, 5814.23];2,4;ok;"{""ARIMA"": 125951.90694265893, ""ExponentialSmoothing"": 243670.1387688207, ""SARIMAX"": 198269.93400832478, ""Holt"": 133457.85614059897, ""Prophet"": 207764.16413257155, ""Croston"": 487884.953580226, ""TSB"": 487884.953580226}"
PC009770;15;ARIMA;14592,76;[15223.37, 15288.22, 15294.89, 15295.58, 15295.65, 15295.66];4,3;ok;"{""ARIMA"": 1173131.2330772833, ""ExponentialSmoothing"": 1304888.6908274197, ""SARIMAX"": Infinity, ""Holt"": 1178777.0229677411, ""Prophet"": 4525144287.231066, ""Croston"": 1596717.732428075, ""TSB"": 1596717.732428075, ""Ensemble"": 1179875.1765029652}"
PC006987;48;Croston;4970,34;[4852.05, 4852.05, 4852.05, 4852.05, 4852.05, 4852.05];-2,4;ok;"{""ARIMA"": 56346.1797355495, ""ExponentialSmoothing"": 139243.7516534022, ""SARIMAX"": 161196.15717881563, ""Holt"": 287275.81446632027, ""Prophet"": 113318.38680301818, ""Croston"": 46264.06055508426, ""TSB"": 46264.06055508426, ""Ensemble"": 48831.29288287484}"
PC001376;48;SARIMAX;3936,14;[4472.86, 4552.93, 4609.96, 4838.17, 5557.05, 5581.69];13,6;ok;"{""ARIMA"": 1360129.8929969196, ""ExponentialSmoothing"": 180706.57819587062, ""SARIMAX"": 135075.12394598243, ""Holt"": 1355418.3779219973, ""Prophet"": 174416.86926557389, ""Croston"": 414368.6863718854, ""TSB"": 414368.6863718854}"
PC005525;48;ExponentialSmoothing;3731,77;[4542.67, 4676.62, 4919.67, 5232.22, 5445.3, 5511.22];21,7;ok;"{""ARIMA"": 276075.249909672, ""ExponentialSmoothing"": 142188.5122924935, ""SARIMAX"": 307871.29138434323, ""Holt"": 366790.6348485849, ""Prophet"": 209308.77045592119, ""Croston"": 309133.03813009034, ""TSB"": 309133.03813009034}"
PC007936;48;Croston;4761,05;[4805.78, 4805.78, 4805.78, 4805.78, 4805.78, 4805.78];0,9;ok;"{""ARIMA"": 32398.12712198, ""ExponentialSmoothing"": 88025.29373315662, ""SARIMAX"": 106174.17057806709, ""Holt"": 60635.013766716256, ""Prophet"": 72786.30712397648, ""Croston"": 31646.25251761996, ""TSB"": 31646.25251761996, ""Ensemble"": 31881.41449350661}"
PC000928;16;Croston;15481,0;[14334.49, 14334.49, 14334.49, 14334.49, 14334.49, 14334.49];-7,4;ok;"{""ARIMA"": 3838888.0524972547, ""ExponentialSmoothing"": 2955249.495866908, ""SARIMAX"": Infinity, ""Holt"": 2523963.8533230894, ""Prophet"": 9655633514.634192, ""Croston"": 789056.9972805543, ""TSB"": 789056.9972805543}"
PC005312;48;Croston;4420,97;[4678.46, 4678.46, 4678.46, 4678.46, 4678.46, 4678.46];5,8;ok;"{""ARIMA"": 22037.000831156667, ""ExponentialSmoothing"": 82650.84313764422, ""SARIMAX"": 57361.63174041232, ""Holt"": 20537.9185179737, ""Prophet"": 89425.52944767727, ""Croston"": 19423.041809582126, ""TSB"": 19423.041809582126, ""Ensemble"": 19592.621736289508}"
PC005290;48;Prophet;4324,77;[4300.88, 4656.03, 4722.53, 4838.0, 4973.08, 4939.66];-0,6;ok;"{""ARIMA"": 828485.4719995372, ""ExponentialSmoothing"": 63077.37730930466, ""SARIMAX"": 126393.43905249513, ""Holt"": 720419.2355420071, ""Prophet"": 45065.71965416524, ""Croston"": 185505.17407158887, ""TSB"": 185505.17407158887}"
PC000267;48;Holt;5261,6;[5170.99, 5166.63, 5163.14, 5160.35, 5158.12, 5156.34];-1,7;ok;"{""ARIMA"": 184500.04083056227, ""ExponentialSmoothing"": 479742.1589045106, ""SARIMAX"": 482826.4993420282, ""Holt"": 176337.71671830572, ""Prophet"": 552730.3988062391, ""Croston"": 259137.54974884007, ""TSB"": 259137.54974884007}"
PC006475;48;Holt;4672,96;[5062.01, 5065.11, 5067.58, 5069.56, 5071.15, 5072.41];8,3;ok;"{""ARIMA"": 126131.00506106946, ""ExponentialSmoothing"": 201739.78376596852, ""SARIMAX"": 309196.8440109761, ""Holt"": 103182.35967259675, ""Prophet"": 129500.11731094781, ""Croston"": 216320.99478907636, ""TSB"": 216320.99478907636, ""Ensemble"": 112584.77902316325}"
PC000459;48;ARIMA;3957,58;[4153.67, 4272.74, 4345.03, 4388.93, 4415.58, 4431.77];5,0;ok;"{""ARIMA"": 86205.81590403344, ""ExponentialSmoothing"": 112233.72943913464, ""SARIMAX"": 278717.8330579584, ""Holt"": 387481.04645238986, ""Prophet"": 118292.42397944977, ""Croston"": 147216.1360583508, ""TSB"": 147216.1360583508}"
PC002387;48;SARIMAX;4135,14;[4081.46, 4487.83, 4512.67, 4661.05, 5110.37, 5359.42];-1,3;ok;"{""ARIMA"": 569496.3243664914, ""ExponentialSmoothing"": 40958.70334594459, ""SARIMAX"": 36164.03154520589, ""Holt"": 496083.7890790359, ""Prophet"": 51214.196673780905, ""Croston"": 89305.38512978419, ""TSB"": 89305.38512978419}"
PC008746;48;Ensemble;4868,79;[4994.94, 5041.57, 5107.15, 4971.91, 5025.76, 5094.69];2,6;ok;"{""ARIMA"": 168153.99277891734, ""ExponentialSmoothing"": 184509.513917192, ""SARIMAX"": 154066.96977807637, ""Holt"": 155646.93167915652, ""Prophet"": 212585.51008857475, ""Croston"": 176718.330725403, ""TSB"": 176718.330725403, ""Ensemble"": 141530.09443194346}"
PC000554;48;ExponentialSmoothing;3883,11;[3921.91, 3971.07, 4498.02, 4375.47, 4947.13, 5008.66];1,0;ok;"{""ARIMA"": 1692708.547326857, ""ExponentialSmoothing"": 127378.29498789506, ""SARIMAX"": 129034.9437570972, ""Holt"": 1650809.5651831198, ""Prophet"": 174687.477714041, ""Croston"": 260975.61754133177, ""TSB"": 260975.61754133177}"
PC008915;48;ARIMA;4211,47;[4464.24, 4472.35, 4472.61, 4472.61, 4472.61, 4472.61];6,0;ok;"{""ARIMA"": 73616.82949125057, ""ExponentialSmoothing"": 85403.57240275417, ""SARIMAX"": 97652.29302834907, ""Holt"": 78154.7144794861, ""Prophet"": 88717.86841596286, ""Croston"": 77613.18720098026, ""TSB"": 77613.18720098026, ""Ensemble"": 76206.40950940148}"
PC001632;48;Prophet;5203,31;[5121.39, 5181.24, 4909.51, 5097.57, 4933.74, 5324.62];-1,6;ok;"{""ARIMA"": 277251.29801876284, ""ExponentialSmoothing"": 153234.1642082995, ""SARIMAX"": 179222.80667864074, ""Holt"": 283229.5484872673, ""Prophet"": 87980.1986057698, ""Croston"": 315077.83581371413, ""TSB"": 315077.83581371413}"
PC009429;48;Prophet;3754,21;[7180.3, 3908.68, 3740.84, 4023.71, 3779.0, 4097.4];91,3;ok;"{""ARIMA"": 1567969.1436868052, ""ExponentialSmoothing"": 47919.4051672713, ""SARIMAX"": 116676.67565424608, ""Holt"": 1607172.7311248516, ""Prophet"": 36408.76777753899, ""Croston"": 1545441.3488995105, ""TSB"": 1545441.3488995105}"
PC004010;48;ExponentialSmoothing;3718,91;[7121.61, 3634.39, 3751.67, 3794.88, 3905.09, 3920.82];91,5;ok;"{""ARIMA"": 1759257.6338722566, ""ExponentialSmoothing"": 71578.86171929234, ""SARIMAX"": 87269.5335490398, ""Holt"": 2250568.8543594894, ""Prophet"": 100681.78881113163, ""Croston"": 1832138.213621049, ""TSB"": 1832138.213621049}"
PC009171;48;SARIMAX;4698,41;[4905.83, 4903.87, 5084.74, 5023.12, 4949.82, 5011.79];4,4;ok;"{""ARIMA"": 156714.23387067582, ""ExponentialSmoothing"": 90908.60780527552, ""SARIMAX"": 83018.91567783878, ""Holt"": 153746.04457826947, ""Prophet"": 118439.44817314763, ""Croston"": 238708.93656639894, ""TSB"": 238708.93656639894}"
PC006240;48;SARIMAX;4064,59;[4293.62, 4222.85, 4256.02, 4248.77, 3806.01, 4354.9];5,6;ok;"{""ARIMA"": 61777.24593746231, ""ExponentialSmoothing"": 41747.8201159918, ""SARIMAX"": 35301.47135983768, ""Holt"": 54548.19407756137, ""Prophet"": 87351.95489344663, ""Croston"": 55891.13747529816, ""TSB"": 55891.13747529816}"
PC004691;48;SARIMAX;4744,57;[4738.08, 4891.56, 5015.0, 4930.64, 4964.92, 4999.99];-0,1;ok;"{""ARIMA"": 111676.43744327978, ""ExponentialSmoothing"": 83787.35307176005, ""SARIMAX"": 54658.14815557294, ""Holt"": 110354.46393329029, ""Prophet"": 106936.85708778375, ""Croston"": 216327.31441802296, ""TSB"": 216327.31441802296}"
PC004906;48;Croston;4042,97;[4244.35, 4244.35, 4244.35, 4244.35, 4244.35, 4244.35];5,0;ok;"{""ARIMA"": 1177592.4232924962, ""ExponentialSmoothing"": 268206.1443699262, ""SARIMAX"": 271455.46373979404, ""Holt"": 930730.5099229204, ""Prophet"": 283535.6885254408, ""Croston"": 116799.38517416712, ""TSB"": 116799.38517416712}"
PC004683;15;Croston;13778,95;[13525.38, 13525.38, 13525.38, 13525.38, 13525.38, 13525.38];-1,8;ok;"{""ARIMA"": 700405.3781489612, ""ExponentialSmoothing"": 618486.1603974592, ""SARIMAX"": Infinity, ""Holt"": 625132.4457306709, ""Prophet"": 1431132248.2533708, ""Croston"": 516797.4767763105, ""TSB"": 516797.4767763105, ""Ensemble"": 542329.5881063737}"
PC007658;48;Prophet;3813,23;[3487.85, 3814.07, 3919.66, 4258.68, 4303.22, 4751.51];-8,5;ok;"{""ARIMA"": 338528.47882868495, ""ExponentialSmoothing"": 131752.28974339282, ""SARIMAX"": 138902.0982214361, ""Holt"": 287209.38309437287, ""Prophet"": 108770.11239112669, ""Croston"": 189614.45920622023, ""TSB"": 189614.45920622023, ""Ensemble"": 118656.20240482736}"
PC003733;48;Croston;4279,63;[4194.83, 4194.83, 4194.83, 4194.83, 4194.83, 4194.83];-2,0;ok;"{""ARIMA"": 40696.96388750854, ""ExponentialSmoothing"": 73710.93586970771, ""SARIMAX"": 75836.11779700249, ""Holt"": 48425.59210889059, ""Prophet"": 76177.93967577629, ""Croston"": 35193.06630096363, ""TSB"": 35193.06630096363, ""Ensemble"": 36781.9672309818}"
PC004864;17;ExponentialSmoothing;9932,92;[11689.34, 11685.76, 11682.9, 11680.61, 11678.78, 11677.32];17,7;ok;"{""ARIMA"": 2271155.30422446, ""ExponentialSmoothing"": 907460.8287528, ""SARIMAX"": Infinity, ""Holt"": 2275454.531977927, ""Prophet"": 1214264479.438588, ""Croston"": 993141.251157891, ""TSB"": 993141.251157891, ""Ensemble"": 938824.037600566}"
PC005971;16;Croston;12851,4;[12812.09, 12812.09, 12812.09, 12812.09, 12812.09, 12812.09];-0,3;ok;"{""ARIMA"": 1592146.417347201, ""ExponentialSmoothing"": 3346173.0415714034, ""SARIMAX"": Infinity, ""Holt"": 2183233.881922947, ""Prophet"": 35490015094.174576, ""Croston"": 112119.33672406875, ""TSB"": 112119.33672406875}"
PC008267;48;SARIMAX;3716,19;[3887.45, 4329.1, 4544.57, 4488.39, 4909.01, 4974.44];4,6;ok;"{""ARIMA"": 395467.33172288275, ""ExponentialSmoothing"": 79947.61626867189, ""SARIMAX"": 72391.45284492242, ""Holt"": 356858.4270299096, ""Prophet"": 93529.5898081728, ""Croston"": 172188.17695520679, ""TSB"": 172188.17695520679, ""Ensemble"": 76872.04152829411}"
PC000352;48;Prophet;4940,0;[4724.11, 4697.23, 4764.57, 4779.18, 4911.15, 5051.52];-4,4;ok;"{""ARIMA"": 130060.88724282262, ""ExponentialSmoothing"": 34567.87760145513, ""SARIMAX"": 46081.70337587126, ""Holt"": 129215.42442068305, ""Prophet"": 34503.67110691138, ""Croston"": 183028.9164179672, ""TSB"": 183028.9164179672}"
PC001962;48;Ensemble;4832,57;[4544.28, 4538.22, 4537.65, 4537.6, 4537.6, 4537.6];-6,0;ok;"{""ARIMA"": 86769.51329082942, ""ExponentialSmoothing"": 218218.13574171055, ""SARIMAX"": 209689.0325583712, ""Holt"": 243912.48238182024, ""Prophet"": 160257.22922077417, ""Croston"": 85238.38936207205, ""TSB"": 85238.38936207205, ""Ensemble"": 71562.0257508665}"
PC009419;48;Holt;4482,12;[4265.76, 4285.62, 4301.51, 4314.23, 4324.4, 4332.54];-4,8;ok;"{""ARIMA"": 67551.216242423, ""ExponentialSmoothing"": 74965.02291245713, ""SARIMAX"": 122468.99356816942, ""Holt"": 66542.1472722983, ""Prophet"": 89314.37116071447, ""Croston"": 68432.23962977162, ""TSB"": 68432.23962977162, ""Ensemble"": 66768.43669946473}"
PC003200;48;Ensemble;3439,63;[6970.72, 3565.2, 3782.94, 3540.2, 3679.02, 4004.37];102,7;ok;"{""ARIMA"": 1450344.068006288, ""ExponentialSmoothing"": 104902.04271165084, ""SARIMAX"": 113328.4872634979, ""Holt"": 1563854.8248160698, ""Prophet"": 132479.1090566672, ""Croston"": 1455914.544385115, ""TSB"": 1455914.544385115, ""Ensemble"": 98159.19744987357}"
PC003221;48;Prophet;3632,52;[3553.51, 3751.77, 4049.33, 4334.01, 4652.25, 4513.37];-2,2;ok;"{""ARIMA"": 287231.303520968, ""ExponentialSmoothing"": 66973.23387589559, ""SARIMAX"": 114327.0121146408, ""Holt"": 291949.9060193046, ""Prophet"": 43420.70847747281, ""Croston"": 220831.6926396765, ""TSB"": 220831.6926396765}"
PC008224;48;Prophet;3455,36;[3580.51, 3676.6, 3930.08, 4144.2, 4262.63, 4881.94];3,6;ok;"{""ARIMA"": 378618.6136210514, ""ExponentialSmoothing"": 21757.94978910223, ""SARIMAX"": 128180.0664437962, ""Holt"": 321027.58817833295, ""Prophet"": 16801.620226811887, ""Croston"": 133764.09933768434, ""TSB"": 133764.09933768434}"
PC009632;48;Croston;3620,34;[4052.44, 4052.44, 4052.44, 4052.44, 4052.44, 4052.44];11,9;ok;"{""ARIMA"": 73848.73543753811, ""ExponentialSmoothing"": 77832.72176776831, ""SARIMAX"": 100087.90595009526, ""Holt"": 73898.96577871007, ""Prophet"": 79156.94305894194, ""Croston"": 73821.55976357462, ""TSB"": 73821.55976357462, ""Ensemble"": 73826.52965476946}"
PC008938;48;Croston;4377,11;[4351.74, 4351.74, 4351.74, 4351.74, 4351.74, 4351.74];-0,6;ok;"{""ARIMA"": 104418.88907784321, ""ExponentialSmoothing"": 122480.87751716284, ""SARIMAX"": 226260.67979153525, ""Holt"": 104925.58127159551, ""Prophet"": 130599.07995991588, ""Croston"": 69576.10786773637, ""TSB"": 69576.10786773637}"
PC005269;48;Ensemble;3399,62;[3848.35, 3909.17, 4014.03, 4016.92, 4126.9, 4232.89];13,2;ok;"{""ARIMA"": 612306.3142454218, ""ExponentialSmoothing"": 126383.17790233997, ""SARIMAX"": 100344.91690042184, ""Holt"": 615868.392441805, ""Prophet"": 149492.58986081366, ""Croston"": 111932.84076899714, ""TSB"": 111932.84076899714, ""Ensemble"": 82231.1919810731}"
PC000597;48;SARIMAX;3512,12;[3506.83, 3754.91, 3960.27, 4177.47, 4443.4, 4479.73];-0,2;ok;"{""ARIMA"": 306884.52104080044, ""ExponentialSmoothing"": 55065.840885035526, ""SARIMAX"": 52371.3297580236, ""Holt"": 285431.53158757463, ""Prophet"": 82538.37152405978, ""Croston"": 82781.64178341586, ""TSB"": 82781.64178341586}"
PC005472;48;Prophet;3489,35;[6389.52, 3662.03, 3818.08, 3738.43, 3686.58, 3792.64];83,1;ok;"{""ARIMA"": 1351319.1564549839, ""ExponentialSmoothing"": 25238.75679996793, ""SARIMAX"": 44538.71075772657, ""Holt"": 1340826.2698555146, ""Prophet"": 25071.906034209464, ""Croston"": 1323480.1504922707, ""TSB"": 1323480.1504922707}"
PC000275;48;Holt;4207,58;[4227.65, 4245.8, 4260.33, 4271.94, 4281.24, 4288.67];0,5;ok;"{""ARIMA"": 109918.26724954677, ""ExponentialSmoothing"": 87583.5941203872, ""SARIMAX"": 107018.17413833237, ""Holt"": 70757.99452362914, ""Prophet"": 81661.53942148558, ""Croston"": 92109.21698735183, ""TSB"": 92109.21698735183, ""Ensemble"": 72843.43162504393}"
PC003861;48;ExponentialSmoothing;3983,17;[3487.94, 3858.5, 4028.65, 4125.03, 4233.4, 4265.45];-12,4;ok;"{""ARIMA"": 187192.3102143147, ""ExponentialSmoothing"": 31063.578993074436, ""SARIMAX"": 47233.97467353044, ""Holt"": 181295.82837467175, ""Prophet"": 53101.257265297136, ""Croston"": 102650.4888618252, ""TSB"": 102650.4888618252}"
PC001952;48;Ensemble;4045,31;[4167.81, 4040.46, 4180.64, 4168.77, 4161.04, 4138.02];3,0;ok;"{""ARIMA"": 92932.95408013613, ""ExponentialSmoothing"": 77197.88861166037, ""SARIMAX"": 71369.55405656935, ""Holt"": 68970.85985801423, ""Prophet"": 110303.67436142702, ""Croston"": 79831.54512800954, ""TSB"": 79831.54512800954, ""Ensemble"": 64803.010842441225}"
PC000874;48;Croston;3636,42;[3933.95, 3933.95, 3933.95, 3933.95, 3933.95, 3933.95];8,2;ok;"{""ARIMA"": 163943.6925624629, ""ExponentialSmoothing"": 96694.24346819054, ""SARIMAX"": 77518.76556851597, ""Holt"": 137494.0715763845, ""Prophet"": 101076.7033357424, ""Croston"": 35734.36850399475, ""TSB"": 35734.36850399475}"
PC001555;15;Croston;10842,96;[12590.84, 12590.84, 12590.84, 12590.84, 12590.84, 12590.84];16,1;ok;"{""ARIMA"": 4546084.872065373, ""ExponentialSmoothing"": 2543021.3380108066, ""SARIMAX"": Infinity, ""Holt"": 2167692.933251642, ""Prophet"": 19249623009.01477, ""Croston"": 1158279.8455496682, ""TSB"": 1158279.8455496682}"
PC007274;48;Croston;3959,16;[3858.59, 3858.59, 3858.59, 3858.59, 3858.59, 3858.59];-2,5;ok;"{""ARIMA"": 159733.2641584796, ""ExponentialSmoothing"": 197468.6988805303, ""SARIMAX"": 237703.24834567678, ""Holt"": 187098.23838964186, ""Prophet"": 225230.1789577727, ""Croston"": 159275.9354425816, ""TSB"": 159275.9354425816, ""Ensemble"": 159327.4628385007}"
PC008531;48;SARIMAX;3411,34;[6003.41, 3171.27, 3380.73, 3221.53, 3487.29, 3188.99];76,0;ok;"{""ARIMA"": 1276162.5722050155, ""ExponentialSmoothing"": 45586.02822563291, ""SARIMAX"": 45067.37890101457, ""Holt"": 1586200.4629045224, ""Prophet"": 55581.77522147014, ""Croston"": 1361639.561861037, ""TSB"": 1361639.561861037, ""Ensemble"": 46490.7176659202}"
PC002323;48;Ensemble;3669,64;[3766.63, 3820.14, 3774.09, 3851.7, 3884.1, 3939.01];2,6;ok;"{""ARIMA"": 53513.64292061067, ""ExponentialSmoothing"": 73479.81362479196, ""SARIMAX"": 44063.48496978197, ""Holt"": 49925.980234809955, ""Prophet"": 93813.54504837662, ""Croston"": 52872.816589463364, ""TSB"": 52872.816589463364, ""Ensemble"": 37228.27810428597}"
PC001056;48;ExponentialSmoothing;3611,98;[3618.14, 3709.33, 3703.52, 3838.95, 3831.6, 3926.63];0,2;ok;"{""ARIMA"": 25215.189134465705, ""ExponentialSmoothing"": 15163.042668273607, ""SARIMAX"": 19574.678257346834, ""Holt"": 31381.72610805775, ""Prophet"": 28595.669340744706, ""Croston"": 21133.420389392213, ""TSB"": 21133.420389392213}"
PC002432;16;Croston;10453,06;[10914.83, 10914.83, 10914.83, 10914.83, 10914.83, 10914.83];4,4;ok;"{""ARIMA"": 2424639.12759192, ""ExponentialSmoothing"": 2538013.118191885, ""SARIMAX"": Infinity, ""Holt"": 2752691.645273107, ""Prophet"": 5097027363.079215, ""Croston"": 608897.3349589901, ""TSB"": 608897.3349589901}"
PC001995;48;Prophet;4082,67;[4327.15, 4288.52, 4318.64, 4067.45, 4222.02, 4525.82];6,0;ok;"{""ARIMA"": 239420.06983618697, ""ExponentialSmoothing"": 256982.17359888865, ""SARIMAX"": 208813.2820123179, ""Holt"": 250012.0598924133, ""Prophet"": 183029.1678246636, ""Croston"": 377795.3423125546, ""TSB"": 377795.3423125546}"
PC004256;48;ExponentialSmoothing;3620,68;[3508.85, 3620.82, 3491.35, 3709.72, 3897.96, 3851.7];-3,1;ok;"{""ARIMA"": 59892.49756563074, ""ExponentialSmoothing"": 24455.516169138664, ""SARIMAX"": 76449.65240646302, ""Holt"": 101761.25714339521, ""Prophet"": 34375.6481557628, ""Croston"": 63889.08938490356, ""TSB"": 63889.08938490356}"
PC002635;48;ExponentialSmoothing;3000,43;[3265.53, 3312.64, 3630.19, 3692.82, 3990.68, 4082.71];8,8;ok;"{""ARIMA"": 134298.25442716895, ""ExponentialSmoothing"": 118210.00592000173, ""SARIMAX"": 164898.06626825992, ""Holt"": 186498.11769926586, ""Prophet"": 120270.88562747648, ""Croston"": 163862.53865950258, ""TSB"": 163862.53865950258, ""Ensemble"": 119080.49188572954}"
PC004371;13;Média Móvel;14025,17;[13613.92, 13613.92, 13613.92, 13613.92, 13613.92, 13613.92];-2,9;ok;"{""ARIMA"": Infinity, ""ExponentialSmoothing"": Infinity, ""SARIMAX"": Infinity, ""Holt"": Infinity, ""Prophet"": Infinity, ""Croston"": Infinity, ""TSB"": Infinity}"
PC009920;48;Ensemble;3610,88;[3499.32, 3602.91, 3618.87, 3625.8, 3602.5, 3926.09];-3,1;ok;"{""ARIMA"": 55007.05058576717, ""ExponentialSmoothing"": 49870.806858560165, ""SARIMAX"": 67041.90222092475, ""Holt"": 56011.17946337199, ""Prophet"": 47368.44282617169, ""Croston"": 55999.94292305352, ""TSB"": 55999.94292305352, ""Ensemble"": 46305.178082135215}"
PC005696;48;Prophet;3496,67;[3586.51, 3569.62, 3778.75, 3685.8, 3661.62, 3744.24];2,6;ok;"{""ARIMA"": 48755.256124244304, ""ExponentialSmoothing"": 34206.50171260823, ""SARIMAX"": 177007.84632284238, ""Holt"": 46709.5739101813, ""Prophet"": 16062.539455664046, ""Croston"": 39998.68766022246, ""TSB"": 39998.68766022246}"
PC006283;48;ExponentialSmoothing;3470,3;[3388.82, 3443.93, 3382.44, 3619.66, 3890.03, 3747.78];-2,3;ok;"{""ARIMA"": 129392.94491454464, ""ExponentialSmoothing"": 95832.44068575604, ""SARIMAX"": 96723.58704921139, ""Holt"": 133655.56485398288, ""Prophet"": 102999.85299644497, ""Croston"": 139643.57016756714, ""TSB"": 139643.57016756714, ""Ensemble"": 97313.70379670408}"
PC008907;48;Croston;3750,86;[3661.45, 3661.45, 3661.45, 3661.45, 3661.45, 3661.45];-2,4;ok;"{""ARIMA"": 23401.929161101023, ""ExponentialSmoothing"": 36526.90920211879, ""SARIMAX"": 64315.08361025691, ""Holt"": 23550.873142366563, ""Prophet"": 36356.611683664996, ""Croston"": 23028.168999134417, ""TSB"": 23028.168999134417, ""Ensemble"": 23145.180325708072}"
PC006613;48;Ensemble;2919,63;[5849.52, 3084.8, 3127.7, 3350.19, 3149.65, 3340.3];100,4;ok;"{""ARIMA"": 873531.9161360908, ""ExponentialSmoothing"": 44398.3272892427, ""SARIMAX"": 53354.323668332676, ""Holt"": 1064678.985756224, ""Prophet"": 46111.86781260209, ""Croston"": 892849.9924044934, ""TSB"": 892849.9924044934, ""Ensemble"": 43421.89988269639}"
PC000725;48;ExponentialSmoothing;3462,14;[3237.53, 3472.81, 3482.23, 3716.16, 3838.31, 4045.69];-6,5;ok;"{""ARIMA"": 77445.44269787632, ""ExponentialSmoothing"": 37197.826770791784, ""SARIMAX"": 53804.14370023919, ""Holt"": 180050.2109977902, ""Prophet"": 44124.8241104697, ""Croston"": 101455.85539159611, ""TSB"": 101455.85539159611}"
PC000640;48;ExponentialSmoothing;2723,68;[5628.76, 3081.94, 2931.57, 2876.86, 2912.67, 3248.99];106,7;ok;"{""ARIMA"": 1099893.2396966203, ""ExponentialSmoothing"": 33503.29371967252, ""SARIMAX"": 35129.097552482366, ""Holt"": 1247825.3494229629, ""Prophet"": 52457.88995038561, ""Croston"": 1106996.0581912333, ""TSB"": 1106996.0581912333}"
PC008469;48;Prophet;2816,22;[5710.79, 2896.74, 2944.72, 2889.35, 2693.96, 2947.33];102,8;ok;"{""ARIMA"": 1500794.7135662306, ""ExponentialSmoothing"": 133637.14964195146, ""SARIMAX"": 235408.92272354872, ""Holt"": 1945186.410621143, ""Prophet"": 111758.67459008966, ""Croston"": 1549697.0756726693, ""TSB"": 1549697.0756726693}"
PC009216;16;Ensemble;9973,33;[10045.65, 10027.69, 10036.61, 10032.18, 10034.38, 10033.29];0,7;ok;"{""ARIMA"": 591071.173198972, ""ExponentialSmoothing"": 1043865.2030551437, ""SARIMAX"": Infinity, ""Holt"": 591272.5234197511, ""Prophet"": 4858636549.864875, ""Croston"": 533225.6844420369, ""TSB"": 533225.6844420369, ""Ensemble"": 353162.5168853469}"
PC003413;48;Ensemble;3165,93;[3070.88, 3276.55, 3470.54, 3596.63, 3730.17, 4066.01];-3,0;ok;"{""ARIMA"": 1049488.5724360005, ""ExponentialSmoothing"": 24929.549200666257, ""SARIMAX"": 23624.97530969472, ""Holt"": 857554.6507803708, ""Prophet"": 21556.80398843859, ""Croston"": 48321.552119604436, ""TSB"": 48321.552119604436, ""Ensemble"": 15468.078363741219}"
PC002368;17;Holt;10960,51;[10836.74, 11174.62, 11444.93, 11661.17, 11834.17, 11972.56];-1,1;ok;"{""ARIMA"": 745939.8542459918, ""ExponentialSmoothing"": 1088236.6582763405, ""SARIMAX"": Infinity, ""Holt"": 409078.3126626445, ""Prophet"": 8553537080.080951, ""Croston"": 556285.0515461856, ""TSB"": 556285.0515461856}"
PC009322;48;SARIMAX;2915,99;[5393.27, 2839.6, 2690.42, 2752.59, 2907.31, 3062.49];85,0;ok;"{""ARIMA"": 990343.0126048647, ""ExponentialSmoothing"": 61898.338309542705, ""SARIMAX"": 47414.501430879995, ""Holt"": 1050379.4338977041, ""Prophet"": 52239.08692471189, ""Croston"": 998443.3292772864, ""TSB"": 998443.3292772864}"
PC008533;48;ARIMA;3805,85;[3806.71, 3806.74, 3806.74, 3806.74, 3806.74, 3806.74];0,0;ok;"{""ARIMA"": 19781.52937542628, ""ExponentialSmoothing"": 38553.62456072226, ""SARIMAX"": 23459.22530590187, ""Holt"": 62997.83607500258, ""Prophet"": 26840.658372976057, ""Croston"": 62621.81354246821, ""TSB"": 62621.81354246821}"
PC000192;48;SARIMAX;3356,54;[3370.86, 3396.65, 3468.25, 3490.71, 3586.36, 3428.26];0,4;ok;"{""ARIMA"": 57875.3295082995, ""ExponentialSmoothing"": 41930.13682584956, ""SARIMAX"": 33487.79317453752, ""Holt"": 45654.95822105839, ""Prophet"": 41735.388715696936, ""Croston"": 50328.25842037984, ""TSB"": 50328.25842037984, ""Ensemble"": 37734.542850150414}"
PC001611;48;ExponentialSmoothing;3137,85;[3019.36, 3209.71, 3290.95, 3320.13, 3729.05, 3663.34];-3,8;ok;"{""ARIMA"": 142605.74904632044, ""ExponentialSmoothing"": 27434.57873524347, ""SARIMAX"": 31254.515361403726, ""Holt"": 123176.03025621735, ""Prophet"": 47979.04471651893, ""Croston"": 60972.73925060147, ""TSB"": 60972.73925060147}"
PC003520;48;SARIMAX;2836,43;[2973.42, 3118.06, 3134.31, 3395.73, 3579.97, 3451.74];4,8;ok;"{""ARIMA"": 117003.5189940881, ""ExponentialSmoothing"": 73174.04448669932, ""SARIMAX"": 52300.8344349858, ""Holt"": 113163.3959356911, ""Prophet"": 74233.79532702798, ""Croston"": 75087.64360499034, ""TSB"": 75087.64360499034}"
PC002602;48;SARIMAX;3036,06;[3535.0, 3506.19, 3146.28, 3336.55, 3403.03, 3741.33];16,4;ok;"{""ARIMA"": 39608.47937029167, ""ExponentialSmoothing"": 41795.77809089071, ""SARIMAX"": 17116.866312794966, ""Holt"": 58177.703605296156, ""Prophet"": 42711.93906605531, ""Croston"": 41494.38406819068, ""TSB"": 41494.38406819068}"
PC005899;48;Holt;3609,26;[3458.16, 3486.07, 3508.4, 3526.26, 3540.55, 3551.98];-4,2;ok;"{""ARIMA"": 39823.20651519154, ""ExponentialSmoothing"": 80579.2691995799, ""SARIMAX"": 95834.88414255553, ""Holt"": 38345.23075360543, ""Prophet"": 62532.51617060621, ""Croston"": 42777.70285682909, ""TSB"": 42777.70285682909, ""Ensemble"": 39976.502617089805}"
PC005771;48;SARIMAX;3451,66;[3307.83, 3191.79, 3166.46, 2935.1, 3532.97, 3317.87];-4,2;ok;"{""ARIMA"": 71990.87735476345, ""ExponentialSmoothing"": 39142.22170740322, ""SARIMAX"": 20940.155848267455, ""Holt"": 64882.58279140735, ""Prophet"": 51497.68501366936, ""Croston"": 67833.44689955322, ""TSB"": 67833.44689955322}"
PC000256;48;Prophet;2909,38;[5587.19, 2794.68, 2741.67, 2909.67, 2932.18, 2819.66];92,0;ok;"{""ARIMA"": 693315.6523090823, ""ExponentialSmoothing"": 36341.75217765515, ""SARIMAX"": 42808.88726072044, ""Holt"": 1113728.0762880032, ""Prophet"": 33933.71378144977, ""Croston"": 770122.042244735, ""TSB"": 770122.042244735, ""Ensemble"": 35676.56008429486}"
PC002048;48;Ensemble;3512,78;[3289.18, 3250.29, 3300.59, 3272.39, 3232.76, 3353.79];-6,4;ok;"{""ARIMA"": 34587.29594630232, ""ExponentialSmoothing"": 29703.82090385104, ""SARIMAX"": 37097.500601552056, ""Holt"": 59862.684028040276, ""Prophet"": 35907.14379205491, ""Croston"": 39588.10505670742, ""TSB"": 39588.10505670742, ""Ensemble"": 29571.121224687347}"
PC003424;48;Prophet;2689,28;[3109.98, 2821.76, 3169.4, 3454.97, 3365.77, 3466.42];15,6;ok;"{""ARIMA"": 252754.26111397104, ""ExponentialSmoothing"": 74757.17290425576, ""SARIMAX"": 73317.40228710342, ""Holt"": 264557.808009831, ""Prophet"": 66331.02695354041, ""Croston"": 138141.33098006857, ""TSB"": 138141.33098006857, ""Ensemble"": 70542.7337362753}"
PC001344;48;ExponentialSmoothing;3285,59;[3127.3, 3171.39, 3085.68, 3342.47, 3433.55, 3327.63];-4,8;ok;"{""ARIMA"": 19116.564061396053, ""ExponentialSmoothing"": 13455.21546575943, ""SARIMAX"": 22296.63239994214, ""Holt"": 22670.463296241305, ""Prophet"": 24679.3757502303, ""Croston"": 21796.722479682077, ""TSB"": 21796.722479682077}"
PC002218;48;Holt;3394,9;[3229.77, 3229.76, 3229.76, 3229.76, 3229.76, 3229.76];-4,9;ok;"{""ARIMA"": 25228.098457536526, ""ExponentialSmoothing"": 45299.26901669196, ""SARIMAX"": 53228.39491569202, ""Holt"": 22469.134277300258, ""Prophet"": 36958.34956418265, ""Croston"": 24095.813414399436, ""TSB"": 24095.813414399436, ""Ensemble"": 23455.577617392453}"
PC002944;17;Holt;8888,96;[8895.74, 8881.86, 8870.75, 8861.87, 8854.76, 8849.07];0,1;ok;"{""ARIMA"": 30374.652246420188, ""ExponentialSmoothing"": 50929.0279827189, ""SARIMAX"": Infinity, ""Holt"": 23231.956657108618, ""Prophet"": 936896674.7140425, ""Croston"": 50146.49082382224, ""TSB"": 50146.49082382224}"
PC001578;16;Ensemble;9683,83;[9498.06, 9511.92, 9523.01, 9531.89, 9538.98, 9544.66];-1,9;ok;"{""ARIMA"": 624077.586599771, ""ExponentialSmoothing"": 756643.2099620629, ""SARIMAX"": Infinity, ""Holt"": 369661.41892602807, ""Prophet"": 4096209492.7516217, ""Croston"": 312437.20151193923, ""TSB"": 312437.20151193923, ""Ensemble"": 264266.6267376737}"
PC009931;48;Ensemble;2647,74;[5289.0, 2766.63, 2734.19, 2654.87, 2905.24, 2784.37];99,8;ok;"{""ARIMA"": 958599.2388194795, ""ExponentialSmoothing"": 46876.46780551412, ""SARIMAX"": 46022.3476302663, ""Holt"": 1309479.4874627767, ""Prophet"": 46617.449566542724, ""Croston"": 1029083.2153651337, ""TSB"": 1029083.2153651337, ""Ensemble"": 44469.262855386936}"
PC000341;48;SARIMAX;2883,91;[4959.54, 2919.53, 2762.54, 2840.6, 2875.95, 2794.23];72,0;ok;"{""ARIMA"": 714078.0026942581, ""ExponentialSmoothing"": 37613.39048374783, ""SARIMAX"": 33022.92117488735, ""Holt"": 892165.9913186593, ""Prophet"": 39500.92619312929, ""Croston"": 741412.488635854, ""TSB"": 741412.488635854, ""Ensemble"": 36032.67713330569}"
PC005643;14;Ensemble;10332,09;[10491.48, 10474.78, 10458.87, 10443.73, 10429.3, 10415.56];1,5;ok;"{""ARIMA"": 262085.16947489197, ""ExponentialSmoothing"": 300429.7100380208, ""SARIMAX"": Infinity, ""Holt"": 349264.6043050805, ""Prophet"": 9013674763.252851, ""Croston"": 256918.6051715605, ""TSB"": 256918.6051715605, ""Ensemble"": 245396.0516320354}"
PC009514;48;ExponentialSmoothing;2631,43;[4867.08, 2603.48, 2710.32, 2498.74, 2560.39, 2913.11];85,0;ok;"{""ARIMA"": 672119.7120305998, ""ExponentialSmoothing"": 26426.75977126256, ""SARIMAX"": 27689.16389853221, ""Holt"": 717991.4879260451, ""Prophet"": 34245.96522726796, ""Croston"": 678660.1267954641, ""TSB"": 678660.1267954641, ""Ensemble"": 28842.76388308627}"
PC000203;48;Prophet;2451,14;[4980.86, 2855.41, 2650.16, 2858.32, 2584.76, 2601.06];103,2;ok;"{""ARIMA"": 1041149.1560935663, ""ExponentialSmoothing"": 84693.11737141552, ""SARIMAX"": 142294.88131716938, ""Holt"": 1171258.5627881277, ""Prophet"": 69871.72344999625, ""Croston"": 1108371.2211590365, ""TSB"": 1108371.2211590365}"
PC008725;48;Prophet;3509,22;[3525.38, 3560.07, 3728.72, 3493.04, 3666.98, 3668.41];0,5;ok;"{""ARIMA"": 25941.574142985603, ""ExponentialSmoothing"": 11181.210491066422, ""SARIMAX"": 13659.74183941405, ""Holt"": 29361.709726458837, ""Prophet"": 7890.53400201384, ""Croston"": 46782.96829742019, ""TSB"": 46782.96829742019}"
PC007456;48;ExponentialSmoothing;2496,01;[5036.41, 2611.65, 2532.82, 2585.56, 2603.92, 2899.43];101,8;ok;"{""ARIMA"": 863414.215289291, ""ExponentialSmoothing"": 90465.07097132406, ""SARIMAX"": 95844.04324736587, ""Holt"": 990222.8867047381, ""Prophet"": 102754.01508446656, ""Croston"": 877855.52105335, ""TSB"": 877855.52105335, ""Ensemble"": 93984.39121901376}"
PC007509;48;ExponentialSmoothing;2757,55;[4858.47, 2642.64, 2589.4, 2697.68, 2659.94, 2645.57];76,2;ok;"{""ARIMA"": 494012.13375895674, ""ExponentialSmoothing"": 97553.65455522812, ""SARIMAX"": 119099.04916820246, ""Holt"": 563969.3883869377, ""Prophet"": 103254.20895362958, ""Croston"": 517078.31114631775, ""TSB"": 517078.31114631775, ""Ensemble"": 101139.00497385638}"
PC009642;48;ExponentialSmoothing;2865,11;[3086.44, 3311.25, 3056.81, 2966.43, 3075.64, 2961.53];7,7;ok;"{""ARIMA"": 38086.49007074607, ""ExponentialSmoothing"": 14039.026699305963, ""SARIMAX"": 15540.451134543635, ""Holt"": 44558.75671452867, ""Prophet"": 19287.271762813787, ""Croston"": 33979.65828223224, ""TSB"": 33979.65828223224}"
PC005781;48;Prophet;2807,75;[2779.9, 2915.38, 3115.62, 3138.14, 3007.93, 3030.45];-1,0;ok;"{""ARIMA"": 31934.283435777874, ""ExponentialSmoothing"": 24100.959870294657, ""SARIMAX"": 131125.44331214123, ""Holt"": 39265.11081322871, ""Prophet"": 19702.566398796276, ""Croston"": 35562.22102186598, ""TSB"": 35562.22102186598}"
PC000533;48;Croston;3049,47;[2994.95, 2994.95, 2994.95, 2994.95, 2994.95, 2994.95];-1,8;ok;"{""ARIMA"": 23756.643677419965, ""ExponentialSmoothing"": 27086.22652244296, ""SARIMAX"": 30676.80733336978, ""Holt"": 20787.12156149372, ""Prophet"": 28202.15990757169, ""Croston"": 19717.35309831226, ""TSB"": 19717.35309831226, ""Ensemble"": 19863.799908556157}"
PC006547;48;ExponentialSmoothing;2637,43;[4524.31, 2463.89, 2576.62, 2639.21, 2494.31, 2750.18];71,5;ok;"{""ARIMA"": 713966.7551340632, ""ExponentialSmoothing"": 50263.57903995097, ""SARIMAX"": 57740.203901970825, ""Holt"": 846480.1740343515, ""Prophet"": 60867.36409271007, ""Croston"": 729072.7013882635, ""TSB"": 729072.7013882635, ""Ensemble"": 54454.15625812078}"
PC002251;17;ExponentialSmoothing;8638,45;[8217.41, 8216.0, 8214.87, 8213.97, 8213.25, 8212.68];-4,9;ok;"{""ARIMA"": 239767.729810455, ""ExponentialSmoothing"": 222283.2811928112, ""SARIMAX"": Infinity, ""Holt"": 313236.7334036168, ""Prophet"": 15209952928.268007, ""Croston"": 264976.2302077768, ""TSB"": 264976.2302077768, ""Ensemble"": 239936.38303471843}"
PC000531;48;Ensemble;2959,29;[2924.82, 2924.86, 2924.86, 2924.86, 2924.86, 2924.86];-1,2;ok;"{""ARIMA"": 3098.641800396878, ""ExponentialSmoothing"": 26290.274190783515, ""SARIMAX"": 12285.377858868758, ""Holt"": 24293.115145873384, ""Prophet"": 27670.79068582325, ""Croston"": 3061.8826225881753, ""TSB"": 3061.8826225881753, ""Ensemble"": 2985.3780204894097}"
PC004394;12;Média Móvel;11685,5;[11591.42, 11591.42, 11591.42, 11591.42, 11591.42, 11591.42];-0,8;ok;"{""ARIMA"": Infinity, ""ExponentialSmoothing"": Infinity, ""SARIMAX"": Infinity, ""Holt"": Infinity, ""Prophet"": Infinity, ""Croston"": Infinity, ""TSB"": Infinity}"
PC002133;48;Prophet;2485,66;[2575.01, 2485.5, 2728.52, 2913.8, 3031.53, 3350.46];3,6;ok;"{""ARIMA"": 66993.41603104642, ""ExponentialSmoothing"": 49185.09397062328, ""SARIMAX"": 31252.03023903636, ""Holt"": 82169.4429771107, ""Prophet"": 30556.757389307953, ""Croston"": 65570.1866130954, ""TSB"": 65570.1866130954}"
PC004576;48;Prophet;2823,09;[2804.36, 2835.77, 2862.58, 2692.94, 2796.08, 2790.22];-0,7;ok;"{""ARIMA"": 163696.1618313185, ""ExponentialSmoothing"": 182727.80349561607, ""SARIMAX"": 168648.6989139282, ""Holt"": 265617.3453569387, ""Prophet"": 115321.00131584803, ""Croston"": 135498.71935741173, ""TSB"": 135498.71935741173, ""Ensemble"": 126276.32766666023}"
PC000715;14;ExponentialSmoothing;10684,62;[9691.8, 9687.76, 9684.53, 9681.95, 9679.88, 9678.23];-9,3;ok;"{""ARIMA"": 715297.2545057755, ""ExponentialSmoothing"": 454687.23088272027, ""SARIMAX"": Infinity, ""Holt"": 625405.4457384975, ""Prophet"": 456055249.79724693, ""Croston"": 609301.1655299839, ""TSB"": 609301.1655299839}"
PC007488;48;Prophet;2729,67;[2906.42, 2764.09, 2827.75, 2751.91, 2854.44, 3079.21];6,5;ok;"{""ARIMA"": 65878.21458829237, ""ExponentialSmoothing"": 80729.99303840862, ""SARIMAX"": 115556.3796979799, ""Holt"": 108766.05459175534, ""Prophet"": 59245.935038893775, ""Croston"": 67253.58370070602, ""TSB"": 67253.58370070602, ""Ensemble"": 59461.80319268737}"
PC004627;15;ExponentialSmoothing;9166,74;[9216.12, 9219.01, 9221.33, 9223.19, 9224.68, 9225.87];0,5;ok;"{""ARIMA"": 488352.3656100601, ""ExponentialSmoothing"": 409984.1090084226, ""SARIMAX"": Infinity, ""Holt"": 422551.8207569975, ""Prophet"": 410617362.2488943, ""Croston"": 468121.04415921913, ""TSB"": 468121.04415921913, ""Ensemble"": 428877.9838029733}"
PC005344;14;Croston;9417,8;[9683.69, 9683.69, 9683.69, 9683.69, 9683.69, 9683.69];2,8;ok;"{""ARIMA"": 791985.7978685187, ""ExponentialSmoothing"": 2044944.959671161, ""SARIMAX"": Infinity, ""Holt"": 2523829.094537662, ""Prophet"": 53273958491.64118, ""Croston"": 148387.91346329777, ""TSB"": 148387.91346329777}"
PC000544;48;ARIMA;2787,68;[2788.12, 2788.07, 2788.08, 2788.08, 2788.08, 2788.08];0,0;ok;"{""ARIMA"": 24120.483123448445, ""ExponentialSmoothing"": 42871.56076710858, ""SARIMAX"": 60025.91984891265, ""Holt"": 25882.607430463675, ""Prophet"": 59871.46791938642, ""Croston"": 25029.97792858598, ""TSB"": 25029.97792858598, ""Ensemble"": 24642.506733733302}"
PC003669;48;Ensemble;3150,91;[2911.93, 2925.15, 2935.73, 2944.19, 2950.96, 2956.37];-7,6;ok;"{""ARIMA"": 37976.7961482792, ""ExponentialSmoothing"": 76350.21073721877, ""SARIMAX"": 65246.07273031024, ""Holt"": 28624.672874708518, ""Prophet"": 76572.37009882362, ""Croston"": 34918.646985754625, ""TSB"": 34918.646985754625, ""Ensemble"": 26409.865833214077}"
PC006816;48;Ensemble;2821,37;[2729.52, 2731.82, 2742.32, 2716.8, 2746.67, 2794.84];-3,3;ok;"{""ARIMA"": 21824.36121095683, ""ExponentialSmoothing"": 21275.153911802492, ""SARIMAX"": 42823.08848282218, ""Holt"": 28314.356436993305, ""Prophet"": 25457.297249796542, ""Croston"": 21794.27319077915, ""TSB"": 21794.27319077915, ""Ensemble"": 19113.64841079725}"
PC003776;48;Croston;2732,61;[2793.06, 2793.06, 2793.06, 2793.06, 2793.06, 2793.06];2,2;ok;"{""ARIMA"": 46585.153138567235, ""ExponentialSmoothing"": 71528.26779538889, ""SARIMAX"": 150251.31898490436, ""Holt"": 49413.43882538099, ""Prophet"": 60881.93988648983, ""Croston"": 43530.15556143274, ""TSB"": 43530.15556143274, ""Ensemble"": 43737.06094170921}"
PC007680;48;Croston;2406,61;[2790.38, 2790.38, 2790.38, 2790.38, 2790.38, 2790.38];15,9;ok;"{""ARIMA"": 50274.61896991722, ""ExponentialSmoothing"": 65025.87597718925, ""SARIMAX"": 104453.19975253096, ""Holt"": 55494.124229925714, ""Prophet"": 62983.278909746114, ""Croston"": 48305.19128089377, ""TSB"": 48305.19128089377, ""Ensemble"": 48870.18008042671}"
PC004949;48;SARIMAX;2482,11;[2456.48, 2422.48, 2642.44, 2829.59, 3053.92, 3045.82];-1,0;ok;"{""ARIMA"": 294070.7673301096, ""ExponentialSmoothing"": 30778.531934682203, ""SARIMAX"": 30536.611766239843, ""Holt"": 258305.81835532034, ""Prophet"": 34835.83109289439, ""Croston"": 56756.25836045824, ""TSB"": 56756.25836045824, ""Ensemble"": 31772.799699333846}"
PC008467;48;ExponentialSmoothing;2519,15;[4357.75, 2289.2, 2395.92, 2217.74, 2376.02, 2472.65];73,0;ok;"{""ARIMA"": 799642.3737060818, ""ExponentialSmoothing"": 60746.062464071176, ""SARIMAX"": 104445.75594846446, ""Holt"": 1003723.8385662391, ""Prophet"": 86087.9856379289, ""Croston"": 842618.080597419, ""TSB"": 842618.080597419}"
PC002451;48;SARIMAX;2273,33;[4526.88, 2222.25, 2401.32, 2221.85, 2493.04, 2594.17];99,1;ok;"{""ARIMA"": 658150.9835144912, ""ExponentialSmoothing"": 53292.63671925052, ""SARIMAX"": 39445.59167878326, ""Holt"": 908449.3270149013, ""Prophet"": 70079.47889627029, ""Croston"": 688417.3439725268, ""TSB"": 688417.3439725268}"
PC005963;48;ExponentialSmoothing;2204,78;[2545.17, 2519.38, 2773.96, 2758.51, 2989.21, 2988.45];15,4;ok;"{""ARIMA"": 204727.10145754358, ""ExponentialSmoothing"": 61689.98205915826, ""SARIMAX"": 66642.991927751, ""Holt"": 163203.54148521952, ""Prophet"": 65357.26666146049, ""Croston"": 75663.44756287232, ""TSB"": 75663.44756287232, ""Ensemble"": 64276.78981484644}"
PC006037;48;ExponentialSmoothing;2315,76;[4263.94, 2302.92, 2307.13, 2305.63, 2183.55, 2349.45];84,1;ok;"{""ARIMA"": 534710.7999673466, ""ExponentialSmoothing"": 20968.438692316853, ""SARIMAX"": 36762.59931341993, ""Holt"": 688844.7109501144, ""Prophet"": 27967.584367325806, ""Croston"": 562625.338703839, ""TSB"": 562625.338703839}"
PC005504;13;Média Móvel;8321,62;[9582.56, 9582.56, 9582.56, 9582.56, 9582.56, 9582.56];15,2;ok;"{""ARIMA"": Infinity, ""ExponentialSmoothing"": Infinity, ""SARIMAX"": Infinity, ""Holt"": Infinity, ""Prophet"": Infinity, ""Croston"": Infinity, ""TSB"": Infinity}"
PC001939;48;Prophet;2276,22;[4275.69, 2188.9, 2239.35, 2238.91, 2291.6, 2406.03];87,8;ok;"{""ARIMA"": 541448.0055134183, ""ExponentialSmoothing"": 20726.96465728809, ""SARIMAX"": 65402.86988321944, ""Holt"": 523145.351539529, ""Prophet"": 17193.276061861343, ""Croston"": 527591.4217991162, ""TSB"": 527591.4217991162}"
PC004307;48;Croston;2289,45;[2514.25, 2514.25, 2514.25, 2514.25, 2514.25, 2514.25];9,8;ok;"{""ARIMA"": 23920.988453698534, ""ExponentialSmoothing"": 40175.34201256229, ""SARIMAX"": 45537.46639914168, ""Holt"": 39800.145724220456, ""Prophet"": 26406.592112934017, ""Croston"": 22072.686029179156, ""TSB"": 22072.686029179156, ""Ensemble"": 22526.228398854862}"
PC007402;48;Prophet;2121,17;[4123.73, 2275.07, 2255.79, 2274.67, 2121.23, 2321.98];94,4;ok;"{""ARIMA"": 529705.9691995251, ""ExponentialSmoothing"": 27184.221318796757, ""SARIMAX"": 37202.75386627346, ""Holt"": 929461.7107696511, ""Prophet"": 25235.89381708881, ""Croston"": 579887.2663653173, ""TSB"": 579887.2663653173}"
PC009299;48;Prophet;2429,91;[2413.29, 2492.91, 2543.53, 2696.42, 2626.76, 2656.37];-0,7;ok;"{""ARIMA"": 22344.14698545344, ""ExponentialSmoothing"": 24463.82285754448, ""SARIMAX"": 96732.95903472578, ""Holt"": 20653.04568073918, ""Prophet"": 13991.858291698583, ""Croston"": 22031.432374729644, ""TSB"": 22031.432374729644}"
PC009258;48;ExponentialSmoothing;2231,76;[2123.03, 2256.75, 2500.69, 2721.21, 2843.37, 3000.98];-4,9;ok;"{""ARIMA"": 371626.23909369094, ""ExponentialSmoothing"": 12392.519162641045, ""SARIMAX"": 22496.669310410045, ""Holt"": 353230.7008666095, ""Prophet"": 12420.626603263248, ""Croston"": 51346.97182311849, ""TSB"": 51346.97182311849}"
PC008083;48;ARIMA;2571,36;[2531.75, 2531.26, 2531.26, 2531.26, 2531.26, 2531.26];-1,5;ok;"{""ARIMA"": 6912.510761301716, ""ExponentialSmoothing"": 9169.936705737586, ""SARIMAX"": 13161.889634126586, ""Holt"": 32439.565924247556, ""Prophet"": 15812.249089057905, ""Croston"": 7787.45272112673, ""TSB"": 7787.45272112673, ""Ensemble"": 7324.930133797466}"
PC007381;48;Holt;2323,14;[2604.7, 2608.95, 2612.35, 2615.07, 2617.24, 2618.98];12,1;ok;"{""ARIMA"": 64228.308256708995, ""ExponentialSmoothing"": 83459.6769134972, ""SARIMAX"": 93701.67361935525, ""Holt"": 61770.349423493055, ""Prophet"": 80602.86524510151, ""Croston"": 64275.21472556955, ""TSB"": 64275.21472556955, ""Ensemble"": 62034.820320659}"
PC007125;48;Holt;2609,8;[2569.95, 2571.95, 2573.55, 2574.83, 2575.86, 2576.68];-1,5;ok;"{""ARIMA"": 13132.558446788486, ""ExponentialSmoothing"": 16262.410146988252, ""SARIMAX"": 37507.48319484844, ""Holt"": 8167.113889780897, ""Prophet"": 13070.66952558056, ""Croston"": 10338.193647915068, ""TSB"": 10338.193647915068, ""Ensemble"": 9424.971480101276}"
PC006101;48;Ensemble;2267,24;[2454.97, 2463.48, 2464.69, 2464.86, 2464.88, 2464.88];8,3;ok;"{""ARIMA"": 10483.472548034588, ""ExponentialSmoothing"": 27593.246997757553, ""SARIMAX"": 28254.626255004132, ""Holt"": 17924.84797093927, ""Prophet"": 24311.697091792117, ""Croston"": 10454.312760264927, ""TSB"": 10454.312760264927, ""Ensemble"": 10338.238931309812}"
PC007072;14;Holt;8019,34;[7884.88, 7768.6, 7675.57, 7601.15, 7541.61, 7493.98];-1,7;ok;"{""ARIMA"": 1724114.9397663095, ""ExponentialSmoothing"": 1299997.3232751468, ""SARIMAX"": Infinity, ""Holt"": 1143395.0879869608, ""Prophet"": 38657834357.062706, ""Croston"": 1203757.289840699, ""TSB"": 1203757.289840699, ""Ensemble"": 1179730.6269597532}"
PC007146;48;SARIMAX;2048,22;[3743.85, 2006.48, 2085.96, 2078.6, 1947.29, 2080.21];82,8;ok;"{""ARIMA"": 495705.78258509305, ""ExponentialSmoothing"": 30740.175062265178, ""SARIMAX"": 27138.870457274486, ""Holt"": 645127.4697368566, ""Prophet"": 44629.81722056577, ""Croston"": 539614.1687634772, ""TSB"": 539614.1687634772}"
PC009120;48;Prophet;2095,81;[3895.23, 2071.15, 2066.14, 2002.62, 2160.6, 2035.73];85,9;ok;"{""ARIMA"": 409238.51306582947, ""ExponentialSmoothing"": 27478.852641491645, ""SARIMAX"": 29895.439549252394, ""Holt"": 775617.3051088405, ""Prophet"": 17691.98353958417, ""Croston"": 455315.44595800486, ""TSB"": 455315.44595800486}"
PC008928;18;Ensemble;7655,71;[6852.39, 7017.85, 7092.65, 7162.7, 7216.36, 7259.26];-10,5;ok;"{""ARIMA"": 455178.86280856055, ""ExponentialSmoothing"": 480318.7696865929, ""SARIMAX"": Infinity, ""Holt"": 499180.887079086, ""Prophet"": 43894111.8649111, ""Croston"": 504833.4708226809, ""TSB"": 504833.4708226809, ""Ensemble"": 438856.1335391958}"
PC009491;13;Média Móvel;8452,94;[8731.69, 8731.69, 8731.69, 8731.69, 8731.69, 8731.69];3,3;ok;"{""ARIMA"": Infinity, ""ExponentialSmoothing"": Infinity, ""SARIMAX"": Infinity, ""Holt"": Infinity, ""Prophet"": Infinity, ""Croston"": Infinity, ""TSB"": Infinity}"
PC002688;15;Ensemble;7855,68;[7754.87, 7755.52, 7756.05, 7756.47, 7756.8, 7757.07];-1,3;ok;"{""ARIMA"": 379417.8739842286, ""ExponentialSmoothing"": 158346.40724199376, ""SARIMAX"": Infinity, ""Holt"": 280349.9188167198, ""Prophet"": 15166475201.035456, ""Croston"": 148089.9244782632, ""TSB"": 148089.9244782632, ""Ensemble"": 141292.97864867703}"
PC003626;14;ARIMA;8350,73;[8185.31, 8174.51, 8173.8, 8173.75, 8173.75, 8173.75];-2,0;ok;"{""ARIMA"": 59381.603949434175, ""ExponentialSmoothing"": 133599.69951362998, ""SARIMAX"": Infinity, ""Holt"": 98365.1427573302, ""Prophet"": 14687907469.793123, ""Croston"": 362364.6934116813, ""TSB"": 362364.6934116813}"
PC000480;48;Croston;2324,41;[2420.83, 2420.83, 2420.83, 2420.83, 2420.83, 2420.83];4,1;ok;"{""ARIMA"": 12530.80571028438, ""ExponentialSmoothing"": 12273.743050352969, ""SARIMAX"": 19744.890637137978, ""Holt"": 11476.24017039992, ""Prophet"": 16134.325025730599, ""Croston"": 11146.435888205911, ""TSB"": 11146.435888205911, ""Ensemble"": 11214.95370193769}"
PC007904;48;SARIMAX;1898,0;[3636.91, 2124.55, 1992.94, 2049.02, 1957.86, 2232.4];91,6;ok;"{""ARIMA"": 498919.86198161455, ""ExponentialSmoothing"": 54663.40991799176, ""SARIMAX"": 39889.013567025584, ""Holt"": 634324.9614515732, ""Prophet"": 58375.493755372125, ""Croston"": 511559.869872904, ""TSB"": 511559.869872904}"
PC007819;16;Holt;6754,96;[6965.25, 6915.1, 6874.99, 6842.89, 6817.21, 6796.67];3,1;ok;"{""ARIMA"": 92228.8431365139, ""ExponentialSmoothing"": 108306.40659985301, ""SARIMAX"": Infinity, ""Holt"": 90579.14400480711, ""Prophet"": 3000047940.164513, ""Croston"": 116673.1680852786, ""TSB"": 116673.1680852786, ""Ensemble"": 95124.86210933594}"
PC001706;48;SARIMAX;2429,61;[2725.14, 2728.11, 2828.04, 2820.34, 2805.57, 3139.18];12,2;ok;"{""ARIMA"": 158801.83186874565, ""ExponentialSmoothing"": 109231.01997767662, ""SARIMAX"": 106510.76117417234, ""Holt"": 152201.44842779892, ""Prophet"": 108793.92112948601, ""Croston"": 233652.88214876968, ""TSB"": 233652.88214876968, ""Ensemble"": 107788.1414549745}"
PC002240;15;Croston;8332,72;[7579.91, 7579.91, 7579.91, 7579.91, 7579.91, 7579.91];-9,0;ok;"{""ARIMA"": 227449.76884766147, ""ExponentialSmoothing"": 329792.356354356, ""SARIMAX"": Infinity, ""Holt"": 331649.6653372422, ""Prophet"": 5182837063.030115, ""Croston"": 157399.43336658215, ""TSB"": 157399.43336658215}"
PC002837;48;ExponentialSmoothing;2144,34;[3834.4, 2039.19, 2026.15, 2103.58, 2111.4, 2104.91];78,8;ok;"{""ARIMA"": 255729.34404461252, ""ExponentialSmoothing"": 22407.037440827757, ""SARIMAX"": 22903.58704099353, ""Holt"": 363984.4499619195, ""Prophet"": 27091.484327046226, ""Croston"": 279832.4791276515, ""TSB"": 279832.4791276515, ""Ensemble"": 23419.41273022433}"
PC000032;48;Prophet;1998,57;[2044.9, 2144.33, 2167.26, 2443.35, 2506.26, 2548.56];2,3;ok;"{""ARIMA"": 152240.23737065078, ""ExponentialSmoothing"": 16443.78321908265, ""SARIMAX"": 82634.24058178217, ""Holt"": 145756.18972356516, ""Prophet"": 12652.439659448974, ""Croston"": 45645.02472092055, ""TSB"": 45645.02472092055}"
PC006506;48;Prophet;1861,17;[3481.65, 1996.64, 1895.04, 1872.55, 1986.64, 2031.53];87,1;ok;"{""ARIMA"": 573513.4693689345, ""ExponentialSmoothing"": 54433.868683111774, ""SARIMAX"": 65779.57635087961, ""Holt"": 598347.4825959668, ""Prophet"": 35882.86859403081, ""Croston"": 591061.3156926858, ""TSB"": 591061.3156926858}"
PC009365;48;Prophet;2149,24;[3625.2, 1979.49, 2027.03, 2020.3, 1977.32, 2194.36];68,7;ok;"{""ARIMA"": 258540.15649360642, ""ExponentialSmoothing"": 50660.93371801742, ""SARIMAX"": 181541.83807090358, ""Holt"": 405055.5536244922, ""Prophet"": 37265.74125752437, ""Croston"": 273669.11595483386, ""TSB"": 273669.11595483386}"
PC006803;48;Prophet;1967,12;[3540.35, 1908.36, 1927.2, 1954.48, 1815.7, 1886.97];80,0;ok;"{""ARIMA"": 496582.38146147365, ""ExponentialSmoothing"": 31903.41600815518, ""SARIMAX"": 103193.47860463349, ""Holt"": 650890.8818022577, ""Prophet"": 30781.050634563948, ""Croston"": 534016.2361444061, ""TSB"": 534016.2361444061}"
PC004565;20;Croston;5160,22;[5217.85, 5217.85, 5217.85, 5217.85, 5217.85, 5217.85];1,1;ok;"{""ARIMA"": 84468.69216431867, ""ExponentialSmoothing"": 347036.4787507825, ""SARIMAX"": Infinity, ""Holt"": 198960.93042316302, ""Prophet"": 1943070.8127520913, ""Croston"": 50025.94236092389, ""TSB"": 50025.94236092389}"
PC008810;48;Prophet;2222,72;[2244.15, 2105.42, 2339.24, 2202.88, 2173.36, 2170.92];1,0;ok;"{""ARIMA"": 18662.99317081886, ""ExponentialSmoothing"": 17484.86928323438, ""SARIMAX"": 21801.47134038632, ""Holt"": 20286.412326790483, ""Prophet"": 11147.442874012018, ""Croston"": 19006.58284407768, ""TSB"": 19006.58284407768}"
PC009747;48;Croston;2177,43;[2260.87, 2260.87, 2260.87, 2260.87, 2260.87, 2260.87];3,8;ok;"{""ARIMA"": 10651.136508773769, ""ExponentialSmoothing"": 19625.211717172853, ""SARIMAX"": 14501.0362127173, ""Holt"": 33645.34414263152, ""Prophet"": 12742.18290339648, ""Croston"": 10226.521105767688, ""TSB"": 10226.521105767688, ""Ensemble"": 10280.081110216548}"
PC003488;48;ARIMA;2185,24;[2196.05, 2201.24, 2203.73, 2204.92, 2205.49, 2205.76];0,5;ok;"{""ARIMA"": 10512.567941250793, ""ExponentialSmoothing"": 12585.50401927551, ""SARIMAX"": 27178.883410155104, ""Holt"": 22394.53681311727, ""Prophet"": 21427.203546538294, ""Croston"": 11942.953482476907, ""TSB"": 11942.953482476907, ""Ensemble"": 11233.08128020674}"
PC003027;48;Prophet;2161,79;[2157.31, 2130.38, 2316.19, 2136.34, 2219.99, 2274.35];-0,2;ok;"{""ARIMA"": 24321.986665871198, ""ExponentialSmoothing"": 17553.84370041358, ""SARIMAX"": 17631.22017583528, ""Holt"": 25227.38199595919, ""Prophet"": 14105.99118825127, ""Croston"": 23886.91170214815, ""TSB"": 23886.91170214815, ""Ensemble"": 15947.207685792173}"
PC007584;48;Croston;2023,37;[2166.4, 2166.4, 2166.4, 2166.4, 2166.4, 2166.4];7,1;ok;"{""ARIMA"": 11978.845775804532, ""ExponentialSmoothing"": 15891.72727262161, ""SARIMAX"": 32674.79659189245, ""Holt"": 13515.483888928915, ""Prophet"": 19957.237923352764, ""Croston"": 11873.784071272572, ""TSB"": 11873.784071272572, ""Ensemble"": 11906.875382688304}"
PC006592;48;Ensemble;2183,57;[1883.88, 2152.34, 2172.07, 2220.39, 2306.06, 2515.81];-13,7;ok;"{""ARIMA"": 71897.05168130057, ""ExponentialSmoothing"": 9962.337519232811, ""SARIMAX"": 12853.17771751436, ""Holt"": 73392.08078924438, ""Prophet"": 11817.6643707245, ""Croston"": 39040.12506577532, ""TSB"": 39040.12506577532, ""Ensemble"": 9905.068440522451}"
PC003347;48;ExponentialSmoothing;1849,14;[3678.39, 1895.52, 1840.26, 1939.44, 1833.43, 1922.14];98,9;ok;"{""ARIMA"": 506762.55902434, ""ExponentialSmoothing"": 43939.8437973554, ""SARIMAX"": 68604.99024548136, ""Holt"": 791234.4999257419, ""Prophet"": 49540.57730226542, ""Croston"": 555850.6506388156, ""TSB"": 555850.6506388156}"
PC009088;48;Ensemble;2613,27;[2514.23, 2522.87, 2485.68, 2527.24, 2483.6, 2526.15];-3,8;ok;"{""ARIMA"": 26987.227757332916, ""ExponentialSmoothing"": 64749.560873030045, ""SARIMAX"": 218437.6557246746, ""Holt"": 29547.0754649196, ""Prophet"": 17320.279434855303, ""Croston"": 21649.579353414818, ""TSB"": 21649.579353414818, ""Ensemble"": 9758.956091328993}"
PC006496;48;ExponentialSmoothing;1758,22;[3672.97, 1880.88, 1825.98, 1807.74, 1811.43, 1891.63];108,9;ok;"{""ARIMA"": 356707.18160817056, ""ExponentialSmoothing"": 12296.112267884748, ""SARIMAX"": 40739.803712148765, ""Holt"": 698444.9241000282, ""Prophet"": 16353.326083220876, ""Croston"": 402787.84614317684, ""TSB"": 402787.84614317684}"
PC005323;48;ExponentialSmoothing;1959,3;[3483.73, 1767.36, 1945.25, 1973.63, 1879.99, 2077.87];77,8;ok;"{""ARIMA"": 324038.12186754635, ""ExponentialSmoothing"": 17139.830658443443, ""SARIMAX"": 44277.79977014233, ""Holt"": 466317.31543804734, ""Prophet"": 21269.49990540959, ""Croston"": 345936.16442745173, ""TSB"": 345936.16442745173}"
PC008480;48;SARIMAX;1879,33;[3601.83, 1950.71, 2004.68, 1955.39, 1937.43, 2149.81];91,7;ok;"{""ARIMA"": 410498.84386918327, ""ExponentialSmoothing"": 30026.159104079332, ""SARIMAX"": 26601.239017266813, ""Holt"": 495954.2210524787, ""Prophet"": 28399.129575215087, ""Croston"": 430051.1970581645, ""TSB"": 430051.1970581645, ""Ensemble"": 27557.53856711542}"
PC008917;48;Prophet;1834,39;[2007.93, 2178.1, 2099.48, 2354.93, 2475.64, 2435.56];9,5;ok;"{""ARIMA"": 30689.635208802665, ""ExponentialSmoothing"": 19459.813161119117, ""SARIMAX"": 22820.414670006536, ""Holt"": 148580.84791532162, ""Prophet"": 14752.142929733694, ""Croston"": 49767.48318087773, ""TSB"": 49767.48318087773}"
PC008874;48;Prophet;1809,07;[1822.94, 2145.53, 2084.78, 2189.52, 2246.87, 2415.05];0,8;ok;"{""ARIMA"": 157236.56094891136, ""ExponentialSmoothing"": 26623.658809956138, ""SARIMAX"": 48526.74454796874, ""Holt"": 466142.06118569244, ""Prophet"": 25192.36587747226, ""Croston"": 42142.94351129587, ""TSB"": 42142.94351129587}"
PC003456;48;ExponentialSmoothing;1882,89;[3419.21, 1741.58, 1805.59, 1797.7, 1826.56, 1863.95];81,6;ok;"{""ARIMA"": 453935.75245346216, ""ExponentialSmoothing"": 12334.597682506028, ""SARIMAX"": 13384.139511765665, ""Holt"": 525596.9585863026, ""Prophet"": 12738.13343278946, ""Croston"": 470185.15126352693, ""TSB"": 470185.15126352693, ""Ensemble"": 12651.698679491594}"
PC001045;48;ExponentialSmoothing;1814,95;[1922.66, 1974.21, 2034.47, 2140.12, 2444.71, 2326.09];5,9;ok;"{""ARIMA"": 29904.171356301522, ""ExponentialSmoothing"": 22043.471543993466, ""SARIMAX"": 34405.2878543064, ""Holt"": 62150.89082212618, ""Prophet"": 29534.184025531522, ""Croston"": 36448.18713069216, ""TSB"": 36448.18713069216}"
PC007691;48;ARIMA;2165,53;[2102.12, 2101.9, 2101.9, 2101.9, 2101.9, 2101.9];-2,9;ok;"{""ARIMA"": 9967.82521893377, ""ExponentialSmoothing"": 29194.88995896741, ""SARIMAX"": 36651.95958323559, ""Holt"": 10286.276569392017, ""Prophet"": 23639.687373159348, ""Croston"": 11280.277428622816, ""TSB"": 11280.277428622816, ""Ensemble"": 10381.980034008888}"
PC003178;48;Ensemble;2222,67;[2116.37, 2110.88, 2099.2, 2102.32, 2133.62, 2208.45];-4,8;ok;"{""ARIMA"": 7576.362238707864, ""ExponentialSmoothing"": 11117.31950757239, ""SARIMAX"": 10960.963377913882, ""Holt"": 59511.79436300661, ""Prophet"": 8212.657503930823, ""Croston"": 8435.719349424522, ""TSB"": 8435.719349424522, ""Ensemble"": 5542.269576656584}"
PC003915;48;Holt;2077,38;[2045.8, 2045.78, 2045.77, 2045.76, 2045.75, 2045.75];-1,5;ok;"{""ARIMA"": 6352.059710895765, ""ExponentialSmoothing"": 8670.267017620105, ""SARIMAX"": 10547.32659220471, ""Holt"": 4963.64175571008, ""Prophet"": 9304.016748849497, ""Croston"": 5892.827104941385, ""TSB"": 5892.827104941385, ""Ensemble"": 5490.853510242644}"
PC005674;48;SARIMAX;1875,24;[1705.33, 1934.25, 2108.06, 2001.25, 2086.61, 2222.4];-9,1;ok;"{""ARIMA"": 22873.333984182886, ""ExponentialSmoothing"": 22235.20122754644, ""SARIMAX"": 10292.014429959157, ""Holt"": 23911.044780942564, ""Prophet"": 25151.36607476346, ""Croston"": 20973.806826243672, ""TSB"": 20973.806826243672}"
PC000651;48;SARIMAX;2020,46;[1988.43, 2001.7, 2137.45, 2257.92, 2053.97, 2281.27];-1,6;ok;"{""ARIMA"": 19197.559328111216, ""ExponentialSmoothing"": 15947.603621657021, ""SARIMAX"": 9685.938907260517, ""Holt"": 67772.27489484333, ""Prophet"": 19012.334571815976, ""Croston"": 20455.501305802376, ""TSB"": 20455.501305802376}"
PC002912;48;Prophet;1951,43;[1924.06, 1985.87, 2093.51, 2141.7, 2384.91, 2255.85];-1,4;ok;"{""ARIMA"": 303628.12871342857, ""ExponentialSmoothing"": 20628.710198933386, ""SARIMAX"": 21663.031981127115, ""Holt"": 26218.12526712684, ""Prophet"": 15623.162962662054, ""Croston"": 31385.33122953671, ""TSB"": 31385.33122953671}"
PC003283;48;ExponentialSmoothing;1873,98;[1933.96, 1781.19, 1923.42, 1996.94, 2066.9, 2203.81];3,2;ok;"{""ARIMA"": 20958.592155100036, ""ExponentialSmoothing"": 4956.4884353360785, ""SARIMAX"": 11478.892680549232, ""Holt"": 19593.170621100184, ""Prophet"": 8341.33747343563, ""Croston"": 19554.268496375007, ""TSB"": 19554.268496375007}"
PC000277;20;ExponentialSmoothing;4560,02;[4806.29, 4795.58, 4784.92, 4774.31, 4763.76, 4753.26];5,4;ok;"{""ARIMA"": 127094.65771858719, ""ExponentialSmoothing"": 118574.5586146594, ""SARIMAX"": Infinity, ""Holt"": 123664.60076282431, ""Prophet"": 3728037.613607708, ""Croston"": 138104.6831719835, ""TSB"": 138104.6831719835, ""Ensemble"": 122552.92913352617}"
PC006549;48;ExponentialSmoothing;1755,97;[1735.22, 1969.33, 1967.8, 2213.62, 2156.51, 2414.86];-1,2;ok;"{""ARIMA"": 133764.66755073387, ""ExponentialSmoothing"": 9290.079721816615, ""SARIMAX"": 14424.628472889404, ""Holt"": 177001.86331437805, ""Prophet"": 9882.921160075726, ""Croston"": 37972.33576714261, ""TSB"": 37972.33576714261}"
PC005152;48;SARIMAX;1881,05;[3277.73, 1836.09, 1780.9, 1775.81, 1969.68, 1842.53];74,2;ok;"{""ARIMA"": 472759.163134357, ""ExponentialSmoothing"": 36382.33319623245, ""SARIMAX"": 29950.496932238104, ""Holt"": 507577.4595895405, ""Prophet"": 40054.010392002965, ""Croston"": 484368.19659170875, ""TSB"": 484368.19659170875}"
PC002080;48;Holt;2401,12;[2327.38, 2337.98, 2346.46, 2353.25, 2358.67, 2363.02];-3,1;ok;"{""ARIMA"": 10873.535790734342, ""ExponentialSmoothing"": 25736.848943790657, ""SARIMAX"": 19156.529534885773, ""Holt"": 10333.985607146451, ""Prophet"": 23691.54481648075, ""Croston"": 26928.9577668656, ""TSB"": 26928.9577668656}"
PC006421;15;ExponentialSmoothing;6172,54;[6478.33, 6480.76, 6483.18, 6485.58, 6487.98, 6490.36];5,0;ok;"{""ARIMA"": 51826.03085254126, ""ExponentialSmoothing"": 49849.96989011054, ""SARIMAX"": Infinity, ""Holt"": 196804.1211008128, ""Prophet"": 1896220649.57596, ""Croston"": 73722.64633346371, ""TSB"": 73722.64633346371}"
PC003744;12;Média Móvel;8170,28;[8104.52, 8104.52, 8104.52, 8104.52, 8104.52, 8104.52];-0,8;ok;"{""ARIMA"": Infinity, ""ExponentialSmoothing"": Infinity, ""SARIMAX"": Infinity, ""Holt"": Infinity, ""Prophet"": Infinity, ""Croston"": Infinity, ""TSB"": Infinity}"
PC003712;48;ExponentialSmoothing;1761,68;[1882.56, 1863.55, 1920.71, 2005.63, 2202.2, 2155.3];6,9;ok;"{""ARIMA"": 105786.73823985801, ""ExponentialSmoothing"": 33879.8152544373, ""SARIMAX"": 37904.50057978655, ""Holt"": 109221.88232846327, ""Prophet"": 43717.64169599811, ""Croston"": 57550.39164991394, ""TSB"": 57550.39164991394, ""Ensemble"": 37208.5101557908}"
PC002016;48;SARIMAX;1667,45;[1882.2, 1857.85, 1985.46, 2322.88, 2078.31, 2185.07];12,9;ok;"{""ARIMA"": 102288.78298767527, ""ExponentialSmoothing"": 19079.736327223884, ""SARIMAX"": 12939.39761356751, ""Holt"": 73475.42450505386, ""Prophet"": 24086.267491395047, ""Croston"": 45578.60308427314, ""TSB"": 45578.60308427314}"
PC003370;48;SARIMAX;1652,21;[1688.88, 1797.19, 1969.5, 2048.36, 2114.8, 2368.54];2,2;ok;"{""ARIMA"": 184218.97740621248, ""ExponentialSmoothing"": 8424.437278971262, ""SARIMAX"": 7928.027106470364, ""Holt"": 180458.14100361287, ""Prophet"": 10773.381724766916, ""Croston"": 34080.257877100405, ""TSB"": 34080.257877100405}"
PC007552;48;ExponentialSmoothing;1668,31;[2969.61, 1671.33, 1516.26, 1685.53, 1630.04, 1696.25];78,0;ok;"{""ARIMA"": 360009.17449396144, ""ExponentialSmoothing"": 21770.268921943934, ""SARIMAX"": 36390.426851091164, ""Holt"": 401700.2846270543, ""Prophet"": 25365.217439617798, ""Croston"": 364359.1611683142, ""TSB"": 364359.1611683142}"
PC004128;16;Ensemble;5490,59;[5798.07, 5785.18, 5787.22, 5786.9, 5786.95, 5786.94];5,6;ok;"{""ARIMA"": 133136.82018074152, ""ExponentialSmoothing"": 214168.66227049637, ""SARIMAX"": Infinity, ""Holt"": 185100.67845532633, ""Prophet"": 781139288.3803562, ""Croston"": 105252.1964762277, ""TSB"": 105252.1964762277, ""Ensemble"": 94537.22919096424}"
PC002208;48;Holt;1811,7;[1958.73, 1952.63, 1947.74, 1943.84, 1940.71, 1938.21];8,1;ok;"{""ARIMA"": 22036.197071659062, ""ExponentialSmoothing"": 34119.39817213786, ""SARIMAX"": 30079.004582527938, ""Holt"": 18750.998364639705, ""Prophet"": 38531.38979387057, ""Croston"": 21174.129442892718, ""TSB"": 21174.129442892718, ""Ensemble"": 20218.708385192793}"
PC004032;48;Ensemble;2453,11;[2370.3, 2312.02, 2399.31, 2344.03, 2382.09, 2417.1];-3,4;ok;"{""ARIMA"": 28149.608723928734, ""ExponentialSmoothing"": 29509.280541872417, ""SARIMAX"": 24504.151231900327, ""Holt"": 25016.96128056668, ""Prophet"": 24811.941297575875, ""Croston"": 50548.04929174326, ""TSB"": 50548.04929174326, ""Ensemble"": 23899.954146193948}"
PC008490;48;Prophet;1609,79;[1746.8, 1690.25, 2004.11, 1897.53, 2115.72, 2258.6];8,5;ok;"{""ARIMA"": 379817.10634797445, ""ExponentialSmoothing"": 22382.401914367045, ""SARIMAX"": 28337.9644043711, ""Holt"": 372090.86225587194, ""Prophet"": 9644.349532323837, ""Croston"": 52709.351922871254, ""TSB"": 52709.351922871254}"
PC004224;16;Holt;5247,37;[5393.73, 5365.72, 5343.31, 5325.38, 5311.04, 5299.57];2,8;ok;"{""ARIMA"": 135289.48222333283, ""ExponentialSmoothing"": 113146.02786125254, ""SARIMAX"": Infinity, ""Holt"": 98912.2985351843, ""Prophet"": 7205958710.554488, ""Croston"": 422808.5337247022, ""TSB"": 422808.5337247022}"
PC001920;16;Croston;5655,48;[5693.06, 5693.06, 5693.06, 5693.06, 5693.06, 5693.06];0,7;ok;"{""ARIMA"": 250295.03705390522, ""ExponentialSmoothing"": 117178.82550646766, ""SARIMAX"": Infinity, ""Holt"": 413349.37266056397, ""Prophet"": 2633422728.191634, ""Croston"": 91041.61259268048, ""TSB"": 91041.61259268048, ""Ensemble"": 97400.86327034778}"
PC007635;48;ARIMA;2020,93;[2113.68, 2092.42, 2097.29, 2096.18, 2096.43, 2096.37];4,6;ok;"{""ARIMA"": 6038.927496935544, ""ExponentialSmoothing"": 19518.048636944503, ""SARIMAX"": 18080.252827977, ""Holt"": 8709.790653237133, ""Prophet"": 20033.92259585255, ""Croston"": 17594.02957046941, ""TSB"": 17594.02957046941}"
PC003603;48;Prophet;1617,94;[1701.74, 1704.23, 1832.57, 1777.32, 1981.6, 2102.88];5,2;ok;"{""ARIMA"": 270492.8943965309, ""ExponentialSmoothing"": 30603.350575388748, ""SARIMAX"": 62360.84451726589, ""Holt"": 139159.27436030537, ""Prophet"": 23806.545293902793, ""Croston"": 43550.037535161515, ""TSB"": 43550.037535161515}"
PC004939;48;SARIMAX;1938,51;[1831.12, 1874.98, 1866.71, 1812.3, 1773.39, 1807.96];-5,5;ok;"{""ARIMA"": 17448.896772072414, ""ExponentialSmoothing"": 23041.692609281352, ""SARIMAX"": 6473.654425186644, ""Holt"": 22723.16252265261, ""Prophet"": 32888.15923010653, ""Croston"": 18779.745997643764, ""TSB"": 18779.745997643764}"
PC008395;48;SARIMAX;1402,08;[2958.39, 1576.48, 1525.86, 1552.13, 1516.79, 1616.55];111,0;ok;"{""ARIMA"": 214715.1488908511, ""ExponentialSmoothing"": 13090.86273504435, ""SARIMAX"": 11193.697172136415, ""Holt"": 263607.35973019456, ""Prophet"": 11893.125926858238, ""Croston"": 227262.43446273103, ""TSB"": 227262.43446273103, ""Ensemble"": 11842.646607225799}"
PC003584;48;ARIMA;1672,42;[1761.87, 1771.25, 1772.24, 1772.34, 1772.35, 1772.35];5,3;ok;"{""ARIMA"": 5934.005540902605, ""ExponentialSmoothing"": 18253.722282750026, ""SARIMAX"": 18536.017764698532, ""Holt"": 12527.643729910587, ""Prophet"": 19541.493041458067, ""Croston"": 6759.607965186773, ""TSB"": 6759.607965186773, ""Ensemble"": 6322.375449666256}"
PC003114;48;SARIMAX;1732,8;[1788.75, 1840.83, 1906.99, 1856.78, 1821.05, 1867.62];3,2;ok;"{""ARIMA"": 19876.476924863306, ""ExponentialSmoothing"": 16203.032849566021, ""SARIMAX"": 13603.826427085469, ""Holt"": 18322.039522689698, ""Prophet"": 16419.111597810144, ""Croston"": 18816.499195244764, ""TSB"": 18816.499195244764, ""Ensemble"": 14929.261642817752}"
PC004235;16;Ensemble;5810,37;[5412.89, 5419.96, 5425.61, 5430.14, 5433.76, 5436.65];-6,8;ok;"{""ARIMA"": 165871.30382196544, ""ExponentialSmoothing"": 165239.18778078142, ""SARIMAX"": Infinity, ""Holt"": 152596.29718211122, ""Prophet"": 9135727527.81008, ""Croston"": 148622.1795106258, ""TSB"": 148622.1795106258, ""Ensemble"": 145416.67401517546}"
PC008139;48;ExponentialSmoothing;1552,77;[1553.35, 1644.03, 1656.35, 1752.29, 2005.67, 2035.2];0,0;ok;"{""ARIMA"": 88372.56741339585, ""ExponentialSmoothing"": 6623.823862784932, ""SARIMAX"": 6780.755191438799, ""Holt"": 87640.84606092866, ""Prophet"": 11172.45757769097, ""Croston"": 26989.064030352925, ""TSB"": 26989.064030352925}"
PC008736;48;ExponentialSmoothing;1356,12;[2882.56, 1504.66, 1494.5, 1505.98, 1592.08, 1604.67];112,6;ok;"{""ARIMA"": 173686.3484048235, ""ExponentialSmoothing"": 9029.973150306554, ""SARIMAX"": 11080.353397365589, ""Holt"": 222285.016780977, ""Prophet"": 14290.600110062862, ""Croston"": 176652.59959989364, ""TSB"": 176652.59959989364}"
PC006219;48;ExponentialSmoothing;1483,91;[2823.01, 1446.97, 1368.35, 1453.36, 1490.82, 1529.46];90,2;ok;"{""ARIMA"": 312688.0680802961, ""ExponentialSmoothing"": 14755.996304232243, ""SARIMAX"": 16621.008363885307, ""Holt"": 346123.9163461007, ""Prophet"": 15796.095032443822, ""Croston"": 322457.5526645204, ""TSB"": 322457.5526645204, ""Ensemble"": 14781.915642569067}"
PC000915;48;ExponentialSmoothing;1588,0;[1569.69, 1643.54, 1719.81, 1707.1, 1836.24, 1962.33];-1,2;ok;"{""ARIMA"": 33663.957224005215, ""ExponentialSmoothing"": 13788.72269889953, ""SARIMAX"": 17841.40691021685, ""Holt"": 33356.56783934603, ""Prophet"": 14165.913804680808, ""Croston"": 20397.194213411087, ""TSB"": 20397.194213411087, ""Ensemble"": 14423.149472716921}"
PC000682;48;SARIMAX;1459,38;[1435.21, 1634.94, 1738.97, 1671.39, 1809.85, 1825.26];-1,7;ok;"{""ARIMA"": 25141.344857902095, ""ExponentialSmoothing"": 13705.54831925986, ""SARIMAX"": 10798.264572928361, ""Holt"": 28870.593276387186, ""Prophet"": 11410.417665011504, ""Croston"": 27989.012708693986, ""TSB"": 27989.012708693986, ""Ensemble"": 11687.469981929893}"
PC008234;48;Holt;1996,23;[1955.32, 1963.19, 1969.49, 1974.53, 1978.57, 1981.79];-2,0;ok;"{""ARIMA"": 19007.077321041248, ""ExponentialSmoothing"": 21676.301878444225, ""SARIMAX"": 18402.917974581374, ""Holt"": 13610.951969688256, ""Prophet"": 26507.402125441604, ""Croston"": 40714.41369072293, ""TSB"": 40714.41369072293}"
PC001747;48;Holt;1569,58;[1620.59, 1617.7, 1615.4, 1613.55, 1612.08, 1610.9];3,2;ok;"{""ARIMA"": 6103.327759531458, ""ExponentialSmoothing"": 10351.430324544583, ""SARIMAX"": 9526.017497799005, ""Holt"": 4796.434737088245, ""Prophet"": 19249.58336938478, ""Croston"": 5101.23759566659, ""TSB"": 5101.23759566659, ""Ensemble"": 4988.550550200841}"
PC001888;48;ARIMA;1716,64;[1655.97, 1662.09, 1661.48, 1661.54, 1661.53, 1661.53];-3,5;ok;"{""ARIMA"": 11699.502178200855, ""ExponentialSmoothing"": 23115.6352620418, ""SARIMAX"": 32442.162361339913, ""Holt"": 41016.97301307042, ""Prophet"": 22967.593188692084, ""Croston"": 15782.725023533232, ""TSB"": 15782.725023533232}"
PC009760;48;ARIMA;1551,56;[1598.07, 1620.74, 1631.79, 1637.18, 1639.81, 1641.09];3,0;ok;"{""ARIMA"": 6507.1121941760075, ""ExponentialSmoothing"": 11657.846844684136, ""SARIMAX"": 7791.09284407396, ""Holt"": 109559.56142704289, ""Prophet"": 7348.339572734578, ""Croston"": 20964.258786513063, ""TSB"": 20964.258786513063, ""Ensemble"": 6608.113687280745}"
PC008426;48;ARIMA;1560,77;[1630.63, 1643.55, 1645.94, 1646.38, 1646.46, 1646.47];4,5;ok;"{""ARIMA"": 6109.052841226971, ""ExponentialSmoothing"": 12080.019444397127, ""SARIMAX"": 13332.693976143579, ""Holt"": 7019.994487982403, ""Prophet"": 11644.846209233996, ""Croston"": 6545.91834942716, ""TSB"": 6545.91834942716, ""Ensemble"": 6388.674028735116}"
PC006099;12;Média Móvel;6117,59;[6412.36, 6412.36, 6412.36, 6412.36, 6412.36, 6412.36];4,8;ok;"{""ARIMA"": Infinity, ""ExponentialSmoothing"": Infinity, ""SARIMAX"": Infinity, ""Holt"": Infinity, ""Prophet"": Infinity, ""Croston"": Infinity, ""TSB"": Infinity}"
PC006347;48;ExponentialSmoothing;1588,34;[1653.42, 1609.8, 1693.2, 1555.8, 1655.95, 1755.21];4,1;ok;"{""ARIMA"": 4865.935021029155, ""ExponentialSmoothing"": 2647.4676285846376, ""SARIMAX"": 9310.730056124068, ""Holt"": 18093.281645568142, ""Prophet"": 3859.2322552622068, ""Croston"": 5997.732659729573, ""TSB"": 5997.732659729573}"
PC000469;48;ExponentialSmoothing;1637,5;[1516.47, 1520.27, 1489.01, 1550.09, 1564.55, 1622.47];-7,4;ok;"{""ARIMA"": 11619.813124411217, ""ExponentialSmoothing"": 7188.693819147167, ""SARIMAX"": 8259.400595651918, ""Holt"": 11970.477605119377, ""Prophet"": 9604.125651506003, ""Croston"": 12304.072328718808, ""TSB"": 12304.072328718808}"
PC005482;16;Croston;4870,54;[4835.38, 4835.38, 4835.38, 4835.38, 4835.38, 4835.38];-0,7;ok;"{""ARIMA"": 1060972.514863142, ""ExponentialSmoothing"": 507241.0195510427, ""SARIMAX"": Infinity, ""Holt"": 1847660.9714547123, ""Prophet"": 1883455709.4829395, ""Croston"": 120276.23977264592, ""TSB"": 120276.23977264592}"
PC009408;48;Ensemble;1654,23;[1599.11, 1599.66, 1599.64, 1599.64, 1599.64, 1599.64];-3,3;ok;"{""ARIMA"": 5888.129129838248, ""ExponentialSmoothing"": 10340.610359059303, ""SARIMAX"": 13287.632022016856, ""Holt"": 14818.076574720597, ""Prophet"": 8356.250612003287, ""Croston"": 5896.937917157512, ""TSB"": 5896.937917157512, ""Ensemble"": 5872.198274005946}"
PC005632;48;Croston;1744,96;[1707.33, 1707.33, 1707.33, 1707.33, 1707.33, 1707.33];-2,2;ok;"{""ARIMA"": 8915.123431308692, ""ExponentialSmoothing"": 11459.264881049361, ""SARIMAX"": 11388.558302549478, ""Holt"": 9368.239674318911, ""Prophet"": 13905.665415930438, ""Croston"": 5205.041630628989, ""TSB"": 5205.041630628989}"
PC001803;48;SARIMAX;1460,99;[2371.22, 1450.57, 1529.41, 1480.95, 1410.07, 1562.92];62,3;ok;"{""ARIMA"": 256113.71602815881, ""ExponentialSmoothing"": 19168.992288026344, ""SARIMAX"": 17347.13941180248, ""Holt"": 270294.03635630355, ""Prophet"": 18371.63378475107, ""Croston"": 258430.6264190493, ""TSB"": 258430.6264190493, ""Ensemble"": 18076.213795789918}"
PC009035;48;Ensemble;1952,1;[1750.44, 1843.06, 1827.17, 1847.53, 1830.61, 1839.0];-10,3;ok;"{""ARIMA"": 8993.313435068274, ""ExponentialSmoothing"": 9420.750966726619, ""SARIMAX"": 13220.243096549886, ""Holt"": 10434.66062386272, ""Prophet"": 9624.006152269674, ""Croston"": 16897.53057688935, ""TSB"": 16897.53057688935, ""Ensemble"": 8725.567396311277}"
PC003403;48;ExponentialSmoothing;1415,52;[2404.3, 1389.84, 1336.53, 1449.18, 1313.45, 1408.59];69,9;ok;"{""ARIMA"": 114122.2012773677, ""ExponentialSmoothing"": 6820.468413884145, ""SARIMAX"": 18227.580824821063, ""Holt"": 231136.27457224866, ""Prophet"": 11564.280538384946, ""Croston"": 130378.77315941472, ""TSB"": 130378.77315941472}"
PC000992;48;SARIMAX;1363,45;[2602.56, 1420.66, 1466.79, 1446.89, 1386.95, 1565.36];90,9;ok;"{""ARIMA"": 198212.41111083236, ""ExponentialSmoothing"": 4914.118581592331, ""SARIMAX"": 4417.521011120494, ""Holt"": 233290.55830276234, ""Prophet"": 8073.854944945843, ""Croston"": 204014.05744325396, ""TSB"": 204014.05744325396}"
PC000704;17;ExponentialSmoothing;4628,2;[4557.31, 4565.06, 4572.6, 4579.94, 4587.07, 4594.01];-1,5;ok;"{""ARIMA"": 37508.115515460995, ""ExponentialSmoothing"": 19846.470501800086, ""SARIMAX"": Infinity, ""Holt"": 34686.14526301256, ""Prophet"": 82252763.1232451, ""Croston"": 31091.989055786795, ""TSB"": 31091.989055786795}"
PC004947;48;Prophet;1763,35;[1534.78, 1521.02, 1564.86, 1609.28, 1562.87, 1713.33];-13,0;ok;"{""ARIMA"": 26529.99249695342, ""ExponentialSmoothing"": 17090.93762145239, ""SARIMAX"": 21730.01291362404, ""Holt"": 26200.39264497382, ""Prophet"": 10721.10297097514, ""Croston"": 26847.28341457952, ""TSB"": 26847.28341457952}"
PC003818;15;ARIMA;4631,43;[5101.99, 4945.03, 4997.39, 4979.92, 4985.75, 4983.8];10,2;ok;"{""ARIMA"": 183496.14221220335, ""ExponentialSmoothing"": 279536.55156342644, ""SARIMAX"": Infinity, ""Holt"": 361951.7761855941, ""Prophet"": 119867474.57975215, ""Croston"": 245150.2360298815, ""TSB"": 245150.2360298815}"
PC009024;48;ARIMA;1687,65;[1563.46, 1555.43, 1554.91, 1554.88, 1554.87, 1554.87];-7,4;ok;"{""ARIMA"": 7290.912848083591, ""ExponentialSmoothing"": 22346.014877173835, ""SARIMAX"": 24418.185219509516, ""Holt"": 8573.358773722159, ""Prophet"": 20627.95950717103, ""Croston"": 7295.312098051916, ""TSB"": 7295.312098051916, ""Ensemble"": 7293.223421332635}"
PC000864;15;ARIMA;5154,97;[4965.86, 4928.75, 4921.47, 4920.04, 4919.76, 4919.7];-3,7;ok;"{""ARIMA"": 22969.63473177966, ""ExponentialSmoothing"": 23752.43846288408, ""SARIMAX"": Infinity, ""Holt"": 45217.37123220987, ""Prophet"": 628417623.7656368, ""Croston"": 23707.601601141458, ""TSB"": 23707.601601141458, ""Ensemble"": 23439.73851832266}"
PC000736;16;Croston;4201,93;[4661.3, 4661.3, 4661.3, 4661.3, 4661.3, 4661.3];10,9;ok;"{""ARIMA"": 162216.3237157428, ""ExponentialSmoothing"": 261700.42496375638, ""SARIMAX"": Infinity, ""Holt"": 280108.69845966675, ""Prophet"": 6874079496.758231, ""Croston"": 92546.83351163116, ""TSB"": 92546.83351163116}"
PC002579;48;Holt;1617,47;[1778.39, 1781.6, 1784.27, 1786.5, 1788.35, 1789.89];9,9;ok;"{""ARIMA"": 15219.637756232862, ""ExponentialSmoothing"": 18395.102924813847, ""SARIMAX"": 21850.845140058416, ""Holt"": 11942.636015252147, ""Prophet"": 29565.782615203014, ""Croston"": 35852.45049233366, ""TSB"": 35852.45049233366}"
PC009099;48;SARIMAX;1298,25;[2461.49, 1349.24, 1273.6, 1277.97, 1262.67, 1336.17];89,6;ok;"{""ARIMA"": 194414.30994280355, ""ExponentialSmoothing"": 5623.807143166464, ""SARIMAX"": 5172.445944989105, ""Holt"": 240817.61707714506, ""Prophet"": 9007.28152463863, ""Croston"": 202781.83667297533, ""TSB"": 202781.83667297533}"
PC001642;48;Holt;1456,5;[1548.06, 1548.5, 1548.85, 1549.13, 1549.35, 1549.53];6,3;ok;"{""ARIMA"": 13364.177777199968, ""ExponentialSmoothing"": 27063.241348107607, ""SARIMAX"": 17177.167440298366, ""Holt"": 12358.36034428839, ""Prophet"": 25465.301684255868, ""Croston"": 14585.437686726791, ""TSB"": 14585.437686726791, ""Ensemble"": 13176.718356666936}"
PC002261;48;Holt;1494,54;[1501.22, 1501.22, 1501.23, 1501.23, 1501.23, 1501.23];0,4;ok;"{""ARIMA"": 4589.603682974505, ""ExponentialSmoothing"": 22087.601268061382, ""SARIMAX"": 34998.407884977096, ""Holt"": 4037.6264561472385, ""Prophet"": 27119.75470133663, ""Croston"": 5537.470386443588, ""TSB"": 5537.470386443588}"
PC008416;48;Ensemble;1652,72;[1543.71, 1553.22, 1578.75, 1568.51, 1529.56, 1606.71];-6,6;ok;"{""ARIMA"": 15047.71814441673, ""ExponentialSmoothing"": 16633.801421276483, ""SARIMAX"": 13937.575118206412, ""Holt"": 14488.059492176, ""Prophet"": 21271.858491096278, ""Croston"": 14818.919686755757, ""TSB"": 14818.919686755757, ""Ensemble"": 12897.23931180765}"
PC006933;48;ARIMA;1495,17;[1487.27, 1485.55, 1485.18, 1485.1, 1485.08, 1485.08];-0,5;ok;"{""ARIMA"": 6087.2147405150035, ""ExponentialSmoothing"": 22485.354768704627, ""SARIMAX"": 21370.326561602375, ""Holt"": 6113.818931534953, ""Prophet"": 26992.60942253128, ""Croston"": 6545.41891232937, ""TSB"": 6545.41891232937, ""Ensemble"": 6119.384564850345}"
PC002794;13;Média Móvel;5851,75;[5658.15, 5658.15, 5658.15, 5658.15, 5658.15, 5658.15];-3,3;ok;"{""ARIMA"": Infinity, ""ExponentialSmoothing"": Infinity, ""SARIMAX"": Infinity, ""Holt"": Infinity, ""Prophet"": Infinity, ""Croston"": Infinity, ""TSB"": Infinity}"
PC006731;48;Croston;1468,02;[1503.74, 1503.74, 1503.74, 1503.74, 1503.74, 1503.74];2,4;ok;"{""ARIMA"": 6413.532551547626, ""ExponentialSmoothing"": 10351.76889566396, ""SARIMAX"": 9455.329368894874, ""Holt"": 68392.30314140358, ""Prophet"": 12629.046122603882, ""Croston"": 2900.902966743953, ""TSB"": 2900.902966743953}"
PC004960;48;Prophet;1471,78;[1406.66, 1501.77, 1460.51, 1544.79, 1488.84, 1600.97];-4,4;ok;"{""ARIMA"": 8788.340039179764, ""ExponentialSmoothing"": 6874.712917337623, ""SARIMAX"": 5938.844361918845, ""Holt"": 11634.207279332915, ""Prophet"": 4369.520333951811, ""Croston"": 10519.994581067085, ""TSB"": 10519.994581067085}"
PC001237;48;Holt;1465,26;[1491.79, 1491.8, 1491.8, 1491.8, 1491.8, 1491.8];1,8;ok;"{""ARIMA"": 1294.5294648452727, ""ExponentialSmoothing"": 5586.588468553805, ""SARIMAX"": 5834.981413193371, ""Holt"": 1261.5392042940807, ""Prophet"": 5642.747019111157, ""Croston"": 1296.242425670733, ""TSB"": 1296.242425670733, ""Ensemble"": 1282.6329819512573}"
PC005994;17;Croston;4216,93;[4059.84, 4059.84, 4059.84, 4059.84, 4059.84, 4059.84];-3,7;ok;"{""ARIMA"": 101301.48226458473, ""ExponentialSmoothing"": 108299.12586828553, ""SARIMAX"": Infinity, ""Holt"": 93742.13249970647, ""Prophet"": 159108706.57641655, ""Croston"": 92616.26808501345, ""TSB"": 92616.26808501345, ""Ensemble"": 92957.78165014682}"
PC004299;48;SARIMAX;1264,66;[2313.44, 1143.29, 1241.89, 1162.17, 1172.6, 1268.45];82,9;ok;"{""ARIMA"": 147071.4032971168, ""ExponentialSmoothing"": 10123.199425259982, ""SARIMAX"": 8481.615963206708, ""Holt"": 174740.27973645832, ""Prophet"": 10128.892952171223, ""Croston"": 154601.43371589514, ""TSB"": 154601.43371589514, ""Ensemble"": 9082.647832572533}"
PC007328;48;ARIMA;1430,16;[1433.19, 1433.62, 1433.68, 1433.69, 1433.69, 1433.69];0,2;ok;"{""ARIMA"": 5687.074970069766, ""ExponentialSmoothing"": 5904.154945560615, ""SARIMAX"": 9682.452050276983, ""Holt"": 21148.26883966276, ""Prophet"": 7560.173021626037, ""Croston"": 8720.627847058124, ""TSB"": 8720.627847058124}"
PC000746;48;Prophet;1171,14;[1325.91, 1409.08, 1403.98, 1511.5, 1527.4, 1611.37];13,2;ok;"{""ARIMA"": 77490.34315906871, ""ExponentialSmoothing"": 5656.906213335239, ""SARIMAX"": 5493.175668276327, ""Holt"": 74484.29156002127, ""Prophet"": 5445.430269486303, ""Croston"": 29729.67487771749, ""TSB"": 29729.67487771749, ""Ensemble"": 5482.424968109776}"
PC005056;48;Prophet;1360,55;[2442.68, 1279.88, 1288.99, 1120.52, 1217.78, 1251.85];79,5;ok;"{""ARIMA"": 184226.36837832164, ""ExponentialSmoothing"": 11335.69139296424, ""SARIMAX"": 14956.229331962017, ""Holt"": 330512.7685335972, ""Prophet"": 8006.678182333169, ""Croston"": 199813.8834189343, ""TSB"": 199813.8834189343}"
PC005397;13;Média Móvel;5089,46;[5144.31, 5144.31, 5144.31, 5144.31, 5144.31, 5144.31];1,1;ok;"{""ARIMA"": Infinity, ""ExponentialSmoothing"": Infinity, ""SARIMAX"": Infinity, ""Holt"": Infinity, ""Prophet"": Infinity, ""Croston"": Infinity, ""TSB"": Infinity}"
PC006667;48;ARIMA;1295,52;[1362.87, 1386.12, 1394.14, 1396.91, 1397.87, 1398.2];5,2;ok;"{""ARIMA"": 2350.037365986697, ""ExponentialSmoothing"": 3928.3549516534454, ""SARIMAX"": 4752.710536888821, ""Holt"": 8044.006471823934, ""Prophet"": 3458.97275309719, ""Croston"": 3514.1926648041576, ""TSB"": 3514.1926648041576}"
PC009856;48;ARIMA;1445,31;[1410.72, 1410.37, 1410.36, 1410.36, 1410.36, 1410.36];-2,4;ok;"{""ARIMA"": 1375.2781509235404, ""ExponentialSmoothing"": 1651.3730241222584, ""SARIMAX"": 2077.711544579072, ""Holt"": 1672.4289177602993, ""Prophet"": 2988.428064445428, ""Croston"": 1386.018177129704, ""TSB"": 1386.018177129704, ""Ensemble"": 1380.2078049214513}"
PC000224;18;Croston;3579,24;[3682.62, 3682.62, 3682.62, 3682.62, 3682.62, 3682.62];2,9;ok;"{""ARIMA"": 64751.83642740918, ""ExponentialSmoothing"": 76453.01684485408, ""SARIMAX"": Infinity, ""Holt"": 84795.82231061225, ""Prophet"": 39821757.26799657, ""Croston"": 41479.09203585991, ""TSB"": 41479.09203585991}"
PC008211;12;Média Móvel;5422,12;[5382.09, 5382.09, 5382.09, 5382.09, 5382.09, 5382.09];-0,7;ok;"{""ARIMA"": Infinity, ""ExponentialSmoothing"": Infinity, ""SARIMAX"": Infinity, ""Holt"": Infinity, ""Prophet"": Infinity, ""Croston"": Infinity, ""TSB"": Infinity}"
PC004074;48;ARIMA;1297,62;[1330.61, 1342.13, 1346.15, 1347.55, 1348.04, 1348.22];2,5;ok;"{""ARIMA"": 3629.096004958076, ""ExponentialSmoothing"": 9512.765108348116, ""SARIMAX"": 10329.499952321012, ""Holt"": 25638.901605147636, ""Prophet"": 11925.688184065053, ""Croston"": 6012.807421965379, ""TSB"": 6012.807421965379}"
PC007360;48;ARIMA;1179,17;[1347.97, 1344.97, 1345.03, 1345.02, 1345.02, 1345.02];14,3;ok;"{""ARIMA"": 10322.213766086357, ""ExponentialSmoothing"": 13595.51904345089, ""SARIMAX"": 16621.739915469137, ""Holt"": 15480.681217295545, ""Prophet"": 13964.605816327277, ""Croston"": 10339.080018647614, ""TSB"": 10339.080018647614, ""Ensemble"": 10328.964228329634}"
PC008971;48;SARIMAX;1213,76;[2259.65, 1177.19, 1173.9, 1194.54, 1217.51, 1302.74];86,2;ok;"{""ARIMA"": 143136.0208563306, ""ExponentialSmoothing"": 6571.42672629236, ""SARIMAX"": 5306.050810068032, ""Holt"": 184124.69017201627, ""Prophet"": 6237.409920642788, ""Croston"": 146503.19782026263, ""TSB"": 146503.19782026263, ""Ensemble"": 5778.398340817305}"
PC009386;48;Ensemble;1237,69;[1327.62, 1327.71, 1327.77, 1327.83, 1327.87, 1327.91];7,3;ok;"{""ARIMA"": 3336.2063087582196, ""ExponentialSmoothing"": 4381.748074624403, ""SARIMAX"": 4924.0798942218025, ""Holt"": 3325.8590951021674, ""Prophet"": 3520.732275999499, ""Croston"": 3318.024288114683, ""TSB"": 3318.024288114683, ""Ensemble"": 3310.236645687568}"
PC005856;48;ExponentialSmoothing;1310,26;[1174.13, 1204.6, 1291.95, 1443.91, 1473.33, 1614.64];-10,4;ok;"{""ARIMA"": 198602.4786747241, ""ExponentialSmoothing"": 4380.932455180606, ""SARIMAX"": 19804.812101003572, ""Holt"": 191957.59164500915, ""Prophet"": 4901.963316160707, ""Croston"": 13177.146823134297, ""TSB"": 13177.146823134297}"
PC002400;48;Ensemble;1157,45;[1316.87, 1318.93, 1349.92, 1382.44, 1364.43, 1392.15];13,8;ok;"{""ARIMA"": 29252.628626802976, ""ExponentialSmoothing"": 25859.824582107063, ""SARIMAX"": 24237.056624204703, ""Holt"": 29859.414698973214, ""Prophet"": 25600.293529929007, ""Croston"": 21236.44865765948, ""TSB"": 21236.44865765948, ""Ensemble"": 18002.59589999173}"
PC002976;48;Ensemble;1226,06;[2198.62, 1174.04, 1170.97, 1146.29, 1113.81, 1202.34];79,3;ok;"{""ARIMA"": 132847.98996614423, ""ExponentialSmoothing"": 9799.210077682847, ""SARIMAX"": 9698.203713730154, ""Holt"": 145486.19201714857, ""Prophet"": 11665.890420346288, ""Croston"": 134835.33004605226, ""TSB"": 134835.33004605226, ""Ensemble"": 8547.561813545832}"
PC004266;48;ARIMA;1224,2;[1279.51, 1287.38, 1288.5, 1288.66, 1288.68, 1288.68];4,5;ok;"{""ARIMA"": 3688.844839488242, ""ExponentialSmoothing"": 7467.663381439673, ""SARIMAX"": 12845.221019067532, ""Holt"": 4668.19894158708, ""Prophet"": 10962.364241328223, ""Croston"": 5252.647031714522, ""TSB"": 5252.647031714522}"
PC005141;48;ARIMA;1246,91;[1269.15, 1269.92, 1269.95, 1269.95, 1269.95, 1269.95];1,8;ok;"{""ARIMA"": 5254.784865113279, ""ExponentialSmoothing"": 6351.54725630978, ""SARIMAX"": 19017.445006212834, ""Holt"": 6219.185279567027, ""Prophet"": 8309.875014892677, ""Croston"": 6408.272360955762, ""TSB"": 6408.272360955762, ""Ensemble"": 5509.29438145661}"
PC009555;13;Média Móvel;4263,84;[4328.45, 4328.45, 4328.45, 4328.45, 4328.45, 4328.45];1,5;ok;"{""ARIMA"": Infinity, ""ExponentialSmoothing"": Infinity, ""SARIMAX"": Infinity, ""Holt"": Infinity, ""Prophet"": Infinity, ""Croston"": Infinity, ""TSB"": Infinity}"
PC004330;48;Ensemble;1514,48;[1411.5, 1424.43, 1418.22, 1465.87, 1434.74, 1485.76];-6,8;ok;"{""ARIMA"": 14922.917291222213, ""ExponentialSmoothing"": 13099.477412382688, ""SARIMAX"": 12200.797029943655, ""Holt"": 12452.326379740965, ""Prophet"": 13297.605929909188, ""Croston"": 23882.48892005524, ""TSB"": 23882.48892005524, ""Ensemble"": 10807.592529307549}"
PC007712;14;ARIMA;4223,8;[4205.79, 4208.79, 4208.29, 4208.38, 4208.36, 4208.36];-0,4;ok;"{""ARIMA"": 56603.2925184966, ""ExponentialSmoothing"": 71597.82925497704, ""SARIMAX"": Infinity, ""Holt"": 88594.01915548004, ""Prophet"": 1253360334.52715, ""Croston"": 68423.20522414858, ""TSB"": 68423.20522414858, ""Ensemble"": 63346.6223380581}"
PC000075;48;ExponentialSmoothing;851,81;[1985.07, 1000.22, 1044.28, 1000.39, 1023.81, 1029.63];133,0;ok;"{""ARIMA"": 120648.21718310083, ""ExponentialSmoothing"": 5612.668630275017, ""SARIMAX"": 9948.67659675332, ""Holt"": 136055.37228721406, ""Prophet"": 8575.746886952213, ""Croston"": 127986.85011235438, ""TSB"": 127986.85011235438}"
PC002059;48;SARIMAX;1072,45;[1140.71, 1196.82, 1277.96, 1305.16, 1386.61, 1338.85];6,4;ok;"{""ARIMA"": 17267.074246227367, ""ExponentialSmoothing"": 6747.252523258217, ""SARIMAX"": 5523.319878252684, ""Holt"": 18312.923864645065, ""Prophet"": 7482.93591307061, ""Croston"": 16586.704518981784, ""TSB"": 16586.704518981784}"
PC008595;14;Croston;4099,29;[4112.33, 4112.33, 4112.33, 4112.33, 4112.33, 4112.33];0,3;ok;"{""ARIMA"": 34874.256652827, ""ExponentialSmoothing"": 140901.39942258585, ""SARIMAX"": Infinity, ""Holt"": 51771.59767930696, ""Prophet"": 5373276363.718262, ""Croston"": 18901.13123174897, ""TSB"": 18901.13123174897}"
PC007594;17;ExponentialSmoothing;3487,66;[3380.28, 3379.65, 3379.14, 3378.74, 3378.41, 3378.16];-3,1;ok;"{""ARIMA"": 50003.88533830176, ""ExponentialSmoothing"": 49147.31509406562, ""SARIMAX"": Infinity, ""Holt"": 60176.55564044186, ""Prophet"": 2792265847.0905457, ""Croston"": 72895.44436646663, ""TSB"": 72895.44436646663, ""Ensemble"": 52049.062406921985}"
PC008149;48;ExponentialSmoothing;1007,15;[1958.72, 1042.43, 1012.91, 1006.75, 1112.27, 1098.38];94,5;ok;"{""ARIMA"": 135997.02691650603, ""ExponentialSmoothing"": 3203.5469817443154, ""SARIMAX"": 4015.8051180339994, ""Holt"": 153014.67190897875, ""Prophet"": 5390.642300781509, ""Croston"": 140142.62122736996, ""TSB"": 140142.62122736996}"
PC003104;48;Prophet;1063,05;[1903.5, 1098.32, 1118.94, 1029.86, 1077.99, 1056.53];79,1;ok;"{""ARIMA"": 111047.18604457633, ""ExponentialSmoothing"": 5663.530740174341, ""SARIMAX"": 12141.06041862366, ""Holt"": 156064.32320274363, ""Prophet"": 4742.7336639821715, ""Croston"": 120632.49327096285, ""TSB"": 120632.49327096285}"
PC004970;48;SARIMAX;1459,91;[1461.92, 1433.45, 1353.2, 1458.91, 1396.1, 1400.49];0,1;ok;"{""ARIMA"": 8020.994504189936, ""ExponentialSmoothing"": 8107.284123003249, ""SARIMAX"": 6236.410423398888, ""Holt"": 6785.0330457520395, ""Prophet"": 8143.172309930417, ""Croston"": 18571.959890416765, ""TSB"": 18571.959890416765, ""Ensemble"": 6405.6605617374125}"
PC003285;13;Média Móvel;4790,4;[4591.46, 4591.46, 4591.46, 4591.46, 4591.46, 4591.46];-4,2;ok;"{""ARIMA"": Infinity, ""ExponentialSmoothing"": Infinity, ""SARIMAX"": Infinity, ""Holt"": Infinity, ""Prophet"": Infinity, ""Croston"": Infinity, ""TSB"": Infinity}"
PC002090;48;Prophet;1010,14;[1221.22, 1128.49, 1135.94, 1149.85, 1147.22, 1176.46];20,9;ok;"{""ARIMA"": 16211.57405509714, ""ExponentialSmoothing"": 14013.779937181558, ""SARIMAX"": 35802.683037243674, ""Holt"": 17677.929263949645, ""Prophet"": 11028.503273946788, ""Croston"": 16925.500587327257, ""TSB"": 16925.500587327257}"
PC003797;48;Prophet;1011,09;[1945.83, 990.76, 976.25, 921.79, 982.96, 1073.89];92,4;ok;"{""ARIMA"": 119714.68439565273, ""ExponentialSmoothing"": 6781.297356465163, ""SARIMAX"": 6473.937814213491, ""Holt"": 228623.83773540272, ""Prophet"": 6178.036954227173, ""Croston"": 127464.23661780881, ""TSB"": 127464.23661780881, ""Ensemble"": 6334.624622087421}"
PC005376;48;Prophet;988,94;[1057.16, 1041.53, 1136.77, 1269.21, 1223.67, 1251.42];6,9;ok;"{""ARIMA"": 10837.740551457768, ""ExponentialSmoothing"": 6419.617778827819, ""SARIMAX"": 5991.804868511333, ""Holt"": 11665.830246894584, ""Prophet"": 5706.2072686973115, ""Croston"": 10609.429099206927, ""TSB"": 10609.429099206927, ""Ensemble"": 5934.332560787647}"
PC006208;15;Croston;3127,89;[3606.51, 3606.51, 3606.51, 3606.51, 3606.51, 3606.51];15,3;ok;"{""ARIMA"": 283581.54030949884, ""ExponentialSmoothing"": 187085.22355093862, ""SARIMAX"": Infinity, ""Holt"": 150951.5636468326, ""Prophet"": 1447007136.0451813, ""Croston"": 127025.5328751731, ""TSB"": 127025.5328751731, ""Ensemble"": 133719.5070616514}"
PC006165;48;Prophet;1023,0;[1826.27, 963.37, 947.81, 911.2, 911.34, 1002.88];78,5;ok;"{""ARIMA"": 103837.43000174554, ""ExponentialSmoothing"": 18738.196967219967, ""SARIMAX"": 20069.82268741024, ""Holt"": 125659.84391430103, ""Prophet"": 18652.63484305557, ""Croston"": 107485.61601829769, ""TSB"": 107485.61601829769, ""Ensemble"": 18895.532478221325}"
PC006570;48;Holt;1284,52;[1285.29, 1290.77, 1295.86, 1300.58, 1304.96, 1309.02];0,1;ok;"{""ARIMA"": 18629.84773614518, ""ExponentialSmoothing"": 19132.028862506126, ""SARIMAX"": 20083.31164362566, ""Holt"": 18348.47343175949, ""Prophet"": 22331.0091256744, ""Croston"": 26435.798429768824, ""TSB"": 26435.798429768824, ""Ensemble"": 18502.322393352963}"
PC004832;14;ARIMA;3703,09;[3783.65, 3780.74, 3780.85, 3780.84, 3780.84, 3780.84];2,2;ok;"{""ARIMA"": 27919.1557461183, ""ExponentialSmoothing"": 28247.210316693498, ""SARIMAX"": Infinity, ""Holt"": 28648.482118322845, ""Prophet"": 965725323.9606657, ""Croston"": 28196.437721792012, ""TSB"": 28196.437721792012, ""Ensemble"": 27946.884872547587}"
PC004181;48;Prophet;862,93;[1775.77, 920.9, 997.99, 936.27, 936.82, 1001.04];105,8;ok;"{""ARIMA"": 86741.761152457, ""ExponentialSmoothing"": 4799.122470721478, ""SARIMAX"": 6743.253006766, ""Holt"": 89471.43398839117, ""Prophet"": 4122.366886787341, ""Croston"": 88046.78102134867, ""TSB"": 88046.78102134867}"
PC008618;48;ExponentialSmoothing;1001,4;[1814.11, 966.65, 953.35, 998.35, 940.81, 985.16];81,2;ok;"{""ARIMA"": 111878.26773964895, ""ExponentialSmoothing"": 4700.840740620611, ""SARIMAX"": 6313.824011449354, ""Holt"": 144726.40298610806, ""Prophet"": 5789.60068075572, ""Croston"": 119193.48824404248, ""TSB"": 119193.48824404248}"
PC003946;48;ExponentialSmoothing;928,68;[998.59, 1041.9, 1105.04, 1134.1, 1178.36, 1130.68];7,5;ok;"{""ARIMA"": 9949.951563212562, ""ExponentialSmoothing"": 2847.533653026689, ""SARIMAX"": 4600.409736166486, ""Holt"": 21330.159093594004, ""Prophet"": 2933.0489233561034, ""Croston"": 10936.138754355416, ""TSB"": 10936.138754355416}"
PC009312;48;ExponentialSmoothing;936,63;[966.25, 1062.21, 1136.56, 1159.75, 1115.2, 1222.07];3,2;ok;"{""ARIMA"": 7199.9532583119435, ""ExponentialSmoothing"": 3624.6478644274775, ""SARIMAX"": 4111.807656836937, ""Holt"": 31476.007197874085, ""Prophet"": 4044.3999641327196, ""Croston"": 9903.457917686546, ""TSB"": 9903.457917686546, ""Ensemble"": 3691.316424504406}"
PC003093;48;ExponentialSmoothing;943,62;[944.42, 1002.11, 1056.07, 1041.96, 1162.26, 1084.79];0,1;ok;"{""ARIMA"": 11120.236054644047, ""ExponentialSmoothing"": 4248.560017315422, ""SARIMAX"": 5206.009858835869, ""Holt"": 9964.31744236989, ""Prophet"": 6534.673330867125, ""Croston"": 10126.635322122798, ""TSB"": 10126.635322122798}"
PC009578;48;Croston;1070,8;[1065.93, 1065.93, 1065.93, 1065.93, 1065.93, 1065.93];-0,5;ok;"{""ARIMA"": 4015.5860000470225, ""ExponentialSmoothing"": 5663.541893662275, ""SARIMAX"": 7648.57947865708, ""Holt"": 8236.434646407522, ""Prophet"": 4571.231612841105, ""Croston"": 3288.9397641445685, ""TSB"": 3288.9397641445685, ""Ensemble"": 3485.4499390513665}"
PC004672;48;ARIMA;1114,29;[1051.92, 1057.79, 1057.24, 1057.29, 1057.29, 1057.29];-5,6;ok;"{""ARIMA"": 5847.328596470467, ""ExponentialSmoothing"": 13351.425438048902, ""SARIMAX"": 14314.941695469568, ""Holt"": 7007.648719249101, ""Prophet"": 14584.70374601102, ""Croston"": 6535.372976278716, ""TSB"": 6535.372976278716, ""Ensemble"": 6267.92381375075}"
PC005824;13;Média Móvel;4056,74;[3881.05, 3881.05, 3881.05, 3881.05, 3881.05, 3881.05];-4,3;ok;"{""ARIMA"": Infinity, ""ExponentialSmoothing"": Infinity, ""SARIMAX"": Infinity, ""Holt"": Infinity, ""Prophet"": Infinity, ""Croston"": Infinity, ""TSB"": Infinity}"
PC002784;48;Prophet;1050,5;[1014.22, 962.22, 1025.47, 971.9, 976.42, 1145.59];-3,5;ok;"{""ARIMA"": 3513.254512326992, ""ExponentialSmoothing"": 3228.0056973735973, ""SARIMAX"": 5095.249551909704, ""Holt"": 20455.21540694823, ""Prophet"": 2108.8298045691736, ""Croston"": 3474.3192963145125, ""TSB"": 3474.3192963145125}"
PC003595;48;Prophet;964,68;[968.5, 970.8, 1072.34, 1082.07, 1117.22, 1253.85];0,4;ok;"{""ARIMA"": 1849.9848021702082, ""ExponentialSmoothing"": 1386.1663183825685, ""SARIMAX"": 2324.3241407294563, ""Holt"": 42453.40412089449, ""Prophet"": 1187.6468106307696, ""Croston"": 2221.542213641682, ""TSB"": 2221.542213641682}"
PC006368;48;Holt;1027,09;[995.19, 995.0, 994.85, 994.72, 994.62, 994.54];-3,1;ok;"{""ARIMA"": 3182.0389057998023, ""ExponentialSmoothing"": 4725.194442463292, ""SARIMAX"": 12121.558993845456, ""Holt"": 1714.095019497604, ""Prophet"": 2904.2639084057096, ""Croston"": 3729.8777274766812, ""TSB"": 3729.8777274766812}"
PC008723;48;Holt;1160,61;[1027.58, 1027.58, 1027.58, 1027.58, 1027.58, 1027.58];-11,5;ok;"{""ARIMA"": 8201.82036034669, ""ExponentialSmoothing"": 14627.746394976226, ""SARIMAX"": 15410.681016099596, ""Holt"": 7221.0037698498345, ""Prophet"": 14890.15549083771, ""Croston"": 8964.877329286692, ""TSB"": 8964.877329286692, ""Ensemble"": 8028.470061466782}"
PC003979;48;Prophet;846,36;[1784.3, 884.67, 899.82, 869.31, 906.25, 937.77];110,8;ok;"{""ARIMA"": 100561.70540449827, ""ExponentialSmoothing"": 5078.54422137282, ""SARIMAX"": 6263.04567243965, ""Holt"": 150359.36764249796, ""Prophet"": 4370.254400601097, ""Croston"": 107934.74099841465, ""TSB"": 107934.74099841465}"
PC003680;48;Holt;927,83;[1032.64, 1031.78, 1031.08, 1030.53, 1030.09, 1029.73];11,3;ok;"{""ARIMA"": 6952.968994887283, ""ExponentialSmoothing"": 6628.37758530198, ""SARIMAX"": 6606.130996435667, ""Holt"": 6288.160665624741, ""Prophet"": 6957.628577484135, ""Croston"": 6511.153047043546, ""TSB"": 6511.153047043546, ""Ensemble"": 6385.00273981746}"
PC007189;13;Média Móvel;3851,85;[3709.12, 3709.12, 3709.12, 3709.12, 3709.12, 3709.12];-3,7;ok;"{""ARIMA"": Infinity, ""ExponentialSmoothing"": Infinity, ""SARIMAX"": Infinity, ""Holt"": Infinity, ""Prophet"": Infinity, ""Croston"": Infinity, ""TSB"": Infinity}"
PC005075;48;Prophet;947,2;[1001.72, 1004.47, 997.46, 1038.21, 959.48, 1057.17];5,8;ok;"{""ARIMA"": 2418.4743840835554, ""ExponentialSmoothing"": 1263.4671185021327, ""SARIMAX"": 5810.954125228421, ""Holt"": 2563.9301773740613, ""Prophet"": 903.4903608801982, ""Croston"": 2347.739322520498, ""TSB"": 2347.739322520498}"
PC003147;48;SARIMAX;883,69;[1786.92, 893.34, 855.17, 868.2, 923.79, 827.84];102,2;ok;"{""ARIMA"": 103004.94617280964, ""ExponentialSmoothing"": 4243.004069192932, ""SARIMAX"": 2138.370706205224, ""Holt"": 134804.09752140316, ""Prophet"": 4578.826304968059, ""Croston"": 110544.86349369667, ""TSB"": 110544.86349369667}"
PC003136;48;ARIMA;963,53;[1004.02, 996.6, 997.96, 997.71, 997.76, 997.75];4,2;ok;"{""ARIMA"": 2996.3980313147235, ""ExponentialSmoothing"": 4705.880324966555, ""SARIMAX"": 11547.904874505628, ""Holt"": 4513.748500922884, ""Prophet"": 3934.3036162916183, ""Croston"": 3188.41008005746, ""TSB"": 3188.41008005746, ""Ensemble"": 3118.6438125075256}"
PC003498;48;ExponentialSmoothing;834,16;[917.27, 951.06, 931.35, 1034.2, 1095.48, 1160.17];10,0;ok;"{""ARIMA"": 31573.908056245884, ""ExponentialSmoothing"": 2772.8130188880973, ""SARIMAX"": 3107.116264627683, ""Holt"": 29376.37259273943, ""Prophet"": 4627.32397074191, ""Croston"": 8664.427894969718, ""TSB"": 8664.427894969718}"
PC001834;48;Ensemble;892,53;[868.49, 882.83, 946.56, 1022.56, 974.73, 1100.41];-2,7;ok;"{""ARIMA"": 18002.30044826513, ""ExponentialSmoothing"": 2950.6837051723273, ""SARIMAX"": 2465.655741122519, ""Holt"": 16718.90110585635, ""Prophet"": 3189.8016422355927, ""Croston"": 3607.295552839365, ""TSB"": 3607.295552839365, ""Ensemble"": 2313.49529451002}"
PC003211;48;Croston;939,32;[973.59, 973.59, 973.59, 973.59, 973.59, 973.59];3,6;ok;"{""ARIMA"": 4910.641794321161, ""ExponentialSmoothing"": 8610.383145584912, ""SARIMAX"": 17282.748526530042, ""Holt"": 9796.904743537962, ""Prophet"": 8713.852586014704, ""Croston"": 4841.8479607693735, ""TSB"": 4841.8479607693735, ""Ensemble"": 4864.301395129477}"
PC005717;15;Croston;3175,63;[3132.47, 3132.47, 3132.47, 3132.47, 3132.47, 3132.47];-1,4;ok;"{""ARIMA"": 160378.83204018054, ""ExponentialSmoothing"": 391808.33311105194, ""SARIMAX"": Infinity, ""Holt"": 198140.79836585931, ""Prophet"": 873752842.399077, ""Croston"": 3345.7087594373656, ""TSB"": 3345.7087594373656}"
PC006250;48;Ensemble;848,91;[1559.59, 792.31, 784.53, 890.0, 785.71, 912.79];83,7;ok;"{""ARIMA"": 75543.04781274287, ""ExponentialSmoothing"": 2881.8842852645616, ""SARIMAX"": 2909.5845931501026, ""Holt"": 79856.2571616504, ""Prophet"": 2982.5038099565973, ""Croston"": 74238.91001019797, ""TSB"": 74238.91001019797, ""Ensemble"": 2783.807544696223}"
PC007968;48;ExponentialSmoothing;900,16;[901.24, 885.69, 971.7, 1054.92, 1061.45, 1205.35];0,1;ok;"{""ARIMA"": 53035.238715214866, ""ExponentialSmoothing"": 10243.240960610026, ""SARIMAX"": 10508.385838058834, ""Holt"": 51998.086812410205, ""Prophet"": 12197.619286054078, ""Croston"": 14921.62911107442, ""TSB"": 14921.62911107442, ""Ensemble"": 10896.740790613065}"
PC009792;48;Prophet;807,94;[783.35, 878.93, 973.54, 974.65, 976.87, 1043.64];-3,0;ok;"{""ARIMA"": 12115.774258196, ""ExponentialSmoothing"": 5613.02532634366, ""SARIMAX"": 5084.92520650411, ""Holt"": 16416.09833318264, ""Prophet"": 4626.208654704779, ""Croston"": 11593.527293763158, ""TSB"": 11593.527293763158, ""Ensemble"": 4966.422271842982}"
PC008715;48;Ensemble;876,81;[1518.55, 772.11, 816.92, 815.92, 828.16, 842.87];73,2;ok;"{""ARIMA"": 67240.69976219209, ""ExponentialSmoothing"": 2440.7472068200973, ""SARIMAX"": 2337.507914875461, ""Holt"": 94140.53882993192, ""Prophet"": 2361.778949015466, ""Croston"": 72913.95994487817, ""TSB"": 72913.95994487817, ""Ensemble"": 2249.9547576525947}"
PC006432;48;SARIMAX;854,86;[819.02, 859.67, 948.51, 962.51, 1029.51, 1088.95];-4,2;ok;"{""ARIMA"": 44186.17177643361, ""ExponentialSmoothing"": 3367.0194131663393, ""SARIMAX"": 3315.5353383593033, ""Holt"": 41830.400913164376, ""Prophet"": 4388.843011554541, ""Croston"": 8348.147265556308, ""TSB"": 8348.147265556308}"
PC000362;48;ExponentialSmoothing;820,38;[1507.34, 823.08, 818.78, 814.87, 775.11, 840.96];83,7;ok;"{""ARIMA"": 51421.610082552805, ""ExponentialSmoothing"": 1984.3824926650268, ""SARIMAX"": 2539.3045218277803, ""Holt"": 72326.61847293867, ""Prophet"": 2722.399416232028, ""Croston"": 53246.70688599756, ""TSB"": 53246.70688599756}"
PC004819;48;ARIMA;1078,31;[1044.86, 1046.85, 1046.73, 1046.74, 1046.74, 1046.74];-3,1;ok;"{""ARIMA"": 5488.058495315163, ""ExponentialSmoothing"": 11397.080713760579, ""SARIMAX"": 12340.490529897346, ""Holt"": 5991.1159452029715, ""Prophet"": 10379.868466303655, ""Croston"": 10085.602316727322, ""TSB"": 10085.602316727322}"
PC009248;15;Croston;2816,65;[2919.41, 2919.41, 2919.41, 2919.41, 2919.41, 2919.41];3,6;ok;"{""ARIMA"": 71216.79392149927, ""ExponentialSmoothing"": 102353.98330962985, ""SARIMAX"": Infinity, ""Holt"": 94595.2076929941, ""Prophet"": 451486118.90737057, ""Croston"": 63458.084578903225, ""TSB"": 63458.084578903225, ""Ensemble"": 65578.67498710965}"
PC002131;48;Ensemble;941,79;[893.91, 928.63, 926.63, 893.94, 952.54, 942.1];-5,1;ok;"{""ARIMA"": 5240.188149585115, ""ExponentialSmoothing"": 5002.996983560737, ""SARIMAX"": 4582.110498424597, ""Holt"": 5005.471453250571, ""Prophet"": 5168.603299154516, ""Croston"": 5571.573332730485, ""TSB"": 5571.573332730485, ""Ensemble"": 4375.062163102025}"
PC002325;16;Ensemble;2541,99;[2711.34, 2699.02, 2689.16, 2681.27, 2674.96, 2669.91];6,7;ok;"{""ARIMA"": 40218.45139070863, ""ExponentialSmoothing"": 35767.779362142835, ""SARIMAX"": Infinity, ""Holt"": 34162.59125105838, ""Prophet"": 386505518.7974422, ""Croston"": 33757.5639846388, ""TSB"": 33757.5639846388, ""Ensemble"": 33749.37505212814}"
PC007059;48;ExponentialSmoothing;743,8;[1496.05, 767.52, 788.37, 743.47, 753.56, 771.21];101,1;ok;"{""ARIMA"": 64318.006858984874, ""ExponentialSmoothing"": 4770.180552541825, ""SARIMAX"": 5791.434873014263, ""Holt"": 111177.05262566714, ""Prophet"": 5274.343624904427, ""Croston"": 71235.75489909387, ""TSB"": 71235.75489909387, ""Ensemble"": 4909.4580149255}"
PC004885;48;Prophet;870,74;[836.17, 877.71, 933.09, 933.77, 972.09, 966.89];-4,0;ok;"{""ARIMA"": 28826.342289582466, ""ExponentialSmoothing"": 4385.670771994606, ""SARIMAX"": 10369.318516408624, ""Holt"": 25372.9009529918, ""Prophet"": 3182.020709000784, ""Croston"": 7713.600953264097, ""TSB"": 7713.600953264097}"
PC001280;48;Prophet;766,75;[763.6, 795.0, 815.94, 880.75, 969.79, 1010.55];-0,4;ok;"{""ARIMA"": 15979.404516301807, ""ExponentialSmoothing"": 1288.569005412279, ""SARIMAX"": 5964.208710515531, ""Holt"": 16525.576359092935, ""Prophet"": 1112.533469926304, ""Croston"": 4386.987720225875, ""TSB"": 4386.987720225875}"
PC000768;17;Ensemble;2373,51;[2464.87, 2464.97, 2465.05, 2465.11, 2465.16, 2465.2];3,8;ok;"{""ARIMA"": 10325.659506116122, ""ExponentialSmoothing"": 14650.959739664773, ""SARIMAX"": Infinity, ""Holt"": 9954.83951173957, ""Prophet"": 191279269.64694038, ""Croston"": 9616.352555709656, ""TSB"": 9616.352555709656, ""Ensemble"": 9226.60761303053}"
PC009163;14;Holt;2820,67;[2988.75, 2991.19, 2993.14, 2994.7, 2995.94, 2996.94];6,0;ok;"{""ARIMA"": 70434.94447143703, ""ExponentialSmoothing"": 62719.94657433623, ""SARIMAX"": Infinity, ""Holt"": 59121.68878484662, ""Prophet"": 1802539837.1752481, ""Croston"": 117939.23931919121, ""TSB"": 117939.23931919121, ""Ensemble"": 60809.96915810959}"
PC007317;48;ARIMA;910,89;[931.92, 936.42, 937.38, 937.59, 937.63, 937.64];2,3;ok;"{""ARIMA"": 2768.9939961032346, ""ExponentialSmoothing"": 4671.47689715309, ""SARIMAX"": 4369.906210292761, ""Holt"": 3884.4277965687274, ""Prophet"": 5530.6154687860335, ""Croston"": 3913.1272281862334, ""TSB"": 3913.1272281862334}"
PC009962;48;SARIMAX;746,1;[1333.01, 735.04, 668.55, 683.68, 720.98, 775.8];78,7;ok;"{""ARIMA"": 82661.5018053668, ""ExponentialSmoothing"": 3424.096301614816, ""SARIMAX"": 2639.8897054076742, ""Holt"": 90619.01008606325, ""Prophet"": 3524.7622373211975, ""Croston"": 83009.944962483, ""TSB"": 83009.944962483}"
PC005546;48;Ensemble;863,75;[860.2, 860.46, 860.41, 860.42, 860.42, 860.42];-0,4;ok;"{""ARIMA"": 1259.3909473590932, ""ExponentialSmoothing"": 1401.1143659115353, ""SARIMAX"": 1838.5818284821387, ""Holt"": 3867.9612565361645, ""Prophet"": 2190.6520299419776, ""Croston"": 1170.3352058473956, ""TSB"": 1170.3352058473956, ""Ensemble"": 1125.0154369508966}"
PC007955;16;Croston;2321,7;[2574.43, 2574.43, 2574.43, 2574.43, 2574.43, 2574.43];10,9;ok;"{""ARIMA"": 118518.92493563231, ""ExponentialSmoothing"": 113578.582051076, ""SARIMAX"": Infinity, ""Holt"": 119317.59386767278, ""Prophet"": 19290494.712720715, ""Croston"": 111956.78742045478, ""TSB"": 111956.78742045478, ""Ensemble"": 112412.78249174626}"
PC001984;48;SARIMAX;794,75;[750.25, 805.86, 870.81, 882.62, 939.57, 1073.72];-5,6;ok;"{""ARIMA"": 50712.687090673084, ""ExponentialSmoothing"": 7169.911110943402, ""SARIMAX"": 6396.418252870005, ""Holt"": 49839.55088466139, ""Prophet"": 8580.775533290449, ""Croston"": 10477.028843733537, ""TSB"": 10477.028843733537}"
PC006995;48;Prophet;743,35;[1356.94, 719.9, 701.92, 697.74, 707.42, 698.12];82,5;ok;"{""ARIMA"": 31949.281717869566, ""ExponentialSmoothing"": 8948.707140040375, ""SARIMAX"": 13010.331281809718, ""Holt"": 60381.66907947301, ""Prophet"": 8451.749957597314, ""Croston"": 35869.62648542651, ""TSB"": 35869.62648542651}"
PC000160;19;ARIMA;2150,39;[2092.96, 2099.9, 2099.06, 2099.16, 2099.15, 2099.15];-2,7;ok;"{""ARIMA"": 15667.620924729128, ""ExponentialSmoothing"": 20288.889016265905, ""SARIMAX"": Infinity, ""Holt"": 30469.351807727082, ""Prophet"": 904829.0930096311, ""Croston"": 16264.386573967504, ""TSB"": 16264.386573967504, ""Ensemble"": 16021.434789474535}"
PC001109;48;Croston;729,04;[830.97, 830.97, 830.97, 830.97, 830.97, 830.97];14,0;ok;"{""ARIMA"": 9621.987493015275, ""ExponentialSmoothing"": 4803.951030574596, ""SARIMAX"": 21245.721740905752, ""Holt"": 9932.787998283473, ""Prophet"": 4576.799290167481, ""Croston"": 3064.134049001125, ""TSB"": 3064.134049001125}"
PC007744;48;Prophet;719,87;[1377.4, 723.25, 739.06, 736.44, 740.1, 746.21];91,3;ok;"{""ARIMA"": 69961.70130117408, ""ExponentialSmoothing"": 5932.213708383918, ""SARIMAX"": 13807.035400077619, ""Holt"": 96395.85760067927, ""Prophet"": 5480.869952427663, ""Croston"": 76870.18739692152, ""TSB"": 76870.18739692152}"
PC005267;15;ARIMA;3056,53;[2818.94, 2709.18, 2658.47, 2635.05, 2624.23, 2619.23];-7,8;ok;"{""ARIMA"": 53585.39728141463, ""ExponentialSmoothing"": 55491.346551065355, ""SARIMAX"": Infinity, ""Holt"": 54537.41066852012, ""Prophet"": 350467513.5889456, ""Croston"": 53961.28026515312, ""TSB"": 53961.28026515312, ""Ensemble"": 53781.42983392729}"
PC006304;48;ExponentialSmoothing;743,17;[1359.36, 685.95, 690.54, 659.58, 705.49, 728.82];82,9;ok;"{""ARIMA"": 51217.93938259422, ""ExponentialSmoothing"": 3373.378374641547, ""SARIMAX"": 5203.612120099984, ""Holt"": 62508.36408721697, ""Prophet"": 5662.966943508095, ""Croston"": 52341.21254540293, ""TSB"": 52341.21254540293}"
PC001813;48;ExponentialSmoothing;710,58;[1351.55, 703.89, 707.19, 680.48, 709.76, 732.26];90,2;ok;"{""ARIMA"": 48194.814198309265, ""ExponentialSmoothing"": 1117.7238167440212, ""SARIMAX"": 1871.541297329889, ""Holt"": 57096.951778011215, ""Prophet"": 2003.0555232040017, ""Croston"": 48589.78215773971, ""TSB"": 48589.78215773971}"
PC003808;48;ExponentialSmoothing;689,34;[1309.67, 725.76, 656.55, 689.32, 699.97, 784.42];90,0;ok;"{""ARIMA"": 53601.85468917757, ""ExponentialSmoothing"": 1394.380538948442, ""SARIMAX"": 5424.470581571078, ""Holt"": 54254.39500518123, ""Prophet"": 1994.7807058163135, ""Croston"": 52264.456322630336, ""TSB"": 52264.456322630336}"
PC007200;48;Ensemble;730,45;[763.65, 767.94, 791.18, 802.46, 809.28, 825.24];4,5;ok;"{""ARIMA"": 7614.500733341232, ""ExponentialSmoothing"": 2266.6361856215713, ""SARIMAX"": 4780.367848027344, ""Holt"": 7007.181028769238, ""Prophet"": 2514.3251873295817, ""Croston"": 2297.6420621212, ""TSB"": 2297.6420621212, ""Ensemble"": 1800.0771319123016}"
PC001088;48;Croston;789,01;[784.02, 784.02, 784.02, 784.02, 784.02, 784.02];-0,6;ok;"{""ARIMA"": 1253.198274102477, ""ExponentialSmoothing"": 3913.5642351187903, ""SARIMAX"": 3755.0785861990557, ""Holt"": 2929.18944225126, ""Prophet"": 5507.715677513274, ""Croston"": 1136.2994973599168, ""TSB"": 1136.2994973599168, ""Ensemble"": 1152.6375282296044}"
PC009227;48;Ensemble;725,03;[772.83, 769.07, 769.36, 769.02, 768.85, 768.69];6,6;ok;"{""ARIMA"": 654.7705841728426, ""ExponentialSmoothing"": 2010.1187315295049, ""SARIMAX"": 2338.4358034976203, ""Holt"": 587.4626015686462, ""Prophet"": 3048.1734301028205, ""Croston"": 686.0447732143008, ""TSB"": 686.0447732143008, ""Ensemble"": 575.7507417408693}"
PC000170;16;Croston;2358,39;[2324.07, 2324.07, 2324.07, 2324.07, 2324.07, 2324.07];-1,5;ok;"{""ARIMA"": 67741.53501676164, ""ExponentialSmoothing"": 112865.04540757112, ""SARIMAX"": Infinity, ""Holt"": 105129.28277028965, ""Prophet"": 1409348995.8008149, ""Croston"": 51051.45372036407, ""TSB"": 51051.45372036407}"
PC001419;19;Croston;1971,45;[1936.44, 1936.44, 1936.44, 1936.44, 1936.44, 1936.44];-1,8;ok;"{""ARIMA"": 24360.352277586713, ""ExponentialSmoothing"": 54808.14366336452, ""SARIMAX"": Infinity, ""Holt"": 48846.01282664796, ""Prophet"": 106946.57675737493, ""Croston"": 14851.261154575519, ""TSB"": 14851.261154575519}"
PC006091;14;ExponentialSmoothing;2773,9;[2575.42, 2568.77, 2562.56, 2556.77, 2551.36, 2546.31];-7,2;ok;"{""ARIMA"": 164921.1292238905, ""ExponentialSmoothing"": 26053.37278326652, ""SARIMAX"": Infinity, ""Holt"": 62045.43856786439, ""Prophet"": 2107560823.0419762, ""Croston"": 54973.43220559956, ""TSB"": 54973.43220559956}"
PC008405;48;ARIMA;772,95;[772.08, 771.9, 771.87, 771.86, 771.86, 771.86];-0,1;ok;"{""ARIMA"": 1107.9968699367514, ""ExponentialSmoothing"": 1656.6546376769356, ""SARIMAX"": 2264.297471040214, ""Holt"": 2308.947495061873, ""Prophet"": 2895.0677634986528, ""Croston"": 1121.2174037341988, ""TSB"": 1121.2174037341988, ""Ensemble"": 1111.0323570486296}"
PC003859;48;Prophet;618,47;[695.39, 636.35, 730.51, 736.09, 818.32, 829.66];12,4;ok;"{""ARIMA"": 20843.254475990114, ""ExponentialSmoothing"": 6639.053653575968, ""SARIMAX"": 8273.148799186376, ""Holt"": 46050.902668358, ""Prophet"": 5423.631170553439, ""Croston"": 12884.05719962471, ""TSB"": 12884.05719962471}"
PC003219;48;Ensemble;760,93;[774.71, 770.04, 737.35, 798.18, 741.49, 792.67];1,8;ok;"{""ARIMA"": 2628.238855018388, ""ExponentialSmoothing"": 1567.7155238127054, ""SARIMAX"": 1827.5068239531738, ""Holt"": 2090.326039421255, ""Prophet"": 1744.4906104699958, ""Croston"": 1926.9343732793366, ""TSB"": 1926.9343732793366, ""Ensemble"": 1342.534173326192}"
PC003923;13;Média Móvel;2975,25;[2834.24, 2834.24, 2834.24, 2834.24, 2834.24, 2834.24];-4,7;ok;"{""ARIMA"": Infinity, ""ExponentialSmoothing"": Infinity, ""SARIMAX"": Infinity, ""Holt"": Infinity, ""Prophet"": Infinity, ""Croston"": Infinity, ""TSB"": Infinity}"
PC004842;12;Média Móvel;2846,27;[3010.64, 3010.64, 3010.64, 3010.64, 3010.64, 3010.64];5,8;ok;"{""ARIMA"": Infinity, ""ExponentialSmoothing"": Infinity, ""SARIMAX"": Infinity, ""Holt"": Infinity, ""Prophet"": Infinity, ""Croston"": Infinity, ""TSB"": Infinity}"
PC001171;13;Média Móvel;2955,68;[2732.78, 2732.78, 2732.78, 2732.78, 2732.78, 2732.78];-7,5;ok;"{""ARIMA"": Infinity, ""ExponentialSmoothing"": Infinity, ""SARIMAX"": Infinity, ""Holt"": Infinity, ""Prophet"": Infinity, ""Croston"": Infinity, ""TSB"": Infinity}"
PC002112;48;SARIMAX;634,62;[666.0, 678.88, 731.68, 740.04, 802.86, 816.72];4,9;ok;"{""ARIMA"": 27521.602244903403, ""ExponentialSmoothing"": 224.99700156690838, ""SARIMAX"": 192.31923183458483, ""Holt"": 17240.674732264662, ""Prophet"": 374.5618290925529, ""Croston"": 4186.692427958905, ""TSB"": 4186.692427958905}"
PC004352;48;ExponentialSmoothing;576,4;[1154.64, 638.45, 597.63, 651.16, 662.36, 691.71];100,3;ok;"{""ARIMA"": 58309.86688189127, ""ExponentialSmoothing"": 1664.7652952176904, ""SARIMAX"": 2043.8740482636247, ""Holt"": 59434.1659591274, ""Prophet"": 2276.991158722524, ""Croston"": 58495.66771210405, ""TSB"": 58495.66771210405}"
PC008832;15;Croston;2396,34;[2269.57, 2269.57, 2269.57, 2269.57, 2269.57, 2269.57];-5,3;ok;"{""ARIMA"": 54801.52438722875, ""ExponentialSmoothing"": 41133.98268847382, ""SARIMAX"": Infinity, ""Holt"": 17033.051178665515, ""Prophet"": 112870260.54095282, ""Croston"": 10957.440486969383, ""TSB"": 10957.440486969383}"
PC009739;13;Média Móvel;2584,69;[2646.67, 2646.67, 2646.67, 2646.67, 2646.67, 2646.67];2,4;ok;"{""ARIMA"": Infinity, ""ExponentialSmoothing"": Infinity, ""SARIMAX"": Infinity, ""Holt"": Infinity, ""Prophet"": Infinity, ""Croston"": Infinity, ""TSB"": Infinity}"
PC005920;48;ARIMA;722,9;[707.49, 709.8, 709.45, 709.5, 709.5, 709.5];-2,1;ok;"{""ARIMA"": 987.5442830049493, ""ExponentialSmoothing"": 1338.054154980977, ""SARIMAX"": 2191.8790734780882, ""Holt"": 7660.213777467576, ""Prophet"": 2725.3705492493764, ""Croston"": 1358.3069163203731, ""TSB"": 1358.3069163203731}"
PC002656;17;ExponentialSmoothing;1825,3;[1972.55, 1971.3, 1970.19, 1969.2, 1968.31, 1967.52];8,1;ok;"{""ARIMA"": 15915.186894463279, ""ExponentialSmoothing"": 14905.994171553319, ""SARIMAX"": Infinity, ""Holt"": 19654.7651128436, ""Prophet"": 110610809.76498298, ""Croston"": 15566.311697215066, ""TSB"": 15566.311697215066, ""Ensemble"": 15316.11758016547}"
PC003264;48;Ensemble;659,47;[625.26, 643.88, 681.05, 710.42, 710.79, 752.59];-5,2;ok;"{""ARIMA"": 7169.225047706796, ""ExponentialSmoothing"": 4147.777844559464, ""SARIMAX"": 4883.992006240837, ""Holt"": 12299.871899238438, ""Prophet"": 5095.178719192116, ""Croston"": 7395.843901665986, ""TSB"": 7395.843901665986, ""Ensemble"": 3563.3311482297036}"
PC007776;48;ARIMA;624,04;[683.91, 687.36, 687.56, 687.57, 687.57, 687.57];9,6;ok;"{""ARIMA"": 935.9747590953662, ""ExponentialSmoothing"": 1025.7364514262154, ""SARIMAX"": 1370.5312111174687, ""Holt"": 3290.420734660516, ""Prophet"": 1152.2675166239069, ""Croston"": 947.9461960010343, ""TSB"": 947.9461960010343, ""Ensemble"": 943.1829272890051}"
PC005728;18;Croston;1807,12;[1820.96, 1820.96, 1820.96, 1820.96, 1820.96, 1820.96];0,8;ok;"{""ARIMA"": 10829.748786510647, ""ExponentialSmoothing"": 12673.822137881987, ""SARIMAX"": Infinity, ""Holt"": 14735.189952502982, ""Prophet"": 230853.7213489369, ""Croston"": 10602.363175440201, ""TSB"": 10602.363175440201, ""Ensemble"": 10671.213774788179}"
PC005779;48;Prophet;628,15;[611.1, 656.29, 704.74, 686.56, 769.29, 827.74];-2,7;ok;"{""ARIMA"": 2258.813795511214, ""ExponentialSmoothing"": 1323.363284466387, ""SARIMAX"": 2089.7571480378683, ""Holt"": 20430.46433620955, ""Prophet"": 1234.878253221176, ""Croston"": 1859.4695675210496, ""TSB"": 1859.4695675210496}"
PC009440;48;Prophet;586,46;[553.41, 654.95, 635.16, 633.15, 686.63, 771.99];-5,6;ok;"{""ARIMA"": 3722.4313265685773, ""ExponentialSmoothing"": 1029.0605958636343, ""SARIMAX"": 3446.690151497594, ""Holt"": 18659.743273860226, ""Prophet"": 956.1306058271989, ""Croston"": 2300.5556408910174, ""TSB"": 2300.5556408910174}"
PC007251;48;Prophet;779,05;[809.55, 741.8, 765.2, 776.71, 799.28, 850.95];3,9;ok;"{""ARIMA"": 4222.874198527632, ""ExponentialSmoothing"": 6271.739578025888, ""SARIMAX"": 4266.618070847532, ""Holt"": 3969.327528740192, ""Prophet"": 3490.6755498422913, ""Croston"": 6865.599246317685, ""TSB"": 6865.599246317685, ""Ensemble"": 3802.5828466865587}"
PC003232;15;Croston;2172,21;[2151.06, 2151.06, 2151.06, 2151.06, 2151.06, 2151.06];-1,0;ok;"{""ARIMA"": 46969.63485627482, ""ExponentialSmoothing"": 108504.37305469158, ""SARIMAX"": Infinity, ""Holt"": 94160.54068547086, ""Prophet"": 1614170354.089388, ""Croston"": 11917.632284402083, ""TSB"": 11917.632284402083}"
PC005587;13;Média Móvel;2169,54;[2357.55, 2357.55, 2357.55, 2357.55, 2357.55, 2357.55];8,7;ok;"{""ARIMA"": Infinity, ""ExponentialSmoothing"": Infinity, ""SARIMAX"": Infinity, ""Holt"": Infinity, ""Prophet"": Infinity, ""Croston"": Infinity, ""TSB"": Infinity}"
PC005738;19;Holt;1880,6;[1683.44, 1683.49, 1683.53, 1683.56, 1683.59, 1683.61];-10,5;ok;"{""ARIMA"": 17416.136674540747, ""ExponentialSmoothing"": 24403.952507149424, ""SARIMAX"": Infinity, ""Holt"": 15031.643268983893, ""Prophet"": 1857141.7918517126, ""Croston"": 16254.840324884235, ""TSB"": 16254.840324884235, ""Ensemble"": 15537.648073143375}"
PC000139;14;Croston;2206,28;[2265.59, 2265.59, 2265.59, 2265.59, 2265.59, 2265.59];2,7;ok;"{""ARIMA"": 59431.75526714447, ""ExponentialSmoothing"": 125754.12601356703, ""SARIMAX"": Infinity, ""Holt"": 71117.78171862703, ""Prophet"": 523430865.8232606, ""Croston"": 32157.64587290681, ""TSB"": 32157.64587290681}"
PC002304;48;Ensemble;542,88;[638.2, 621.77, 654.02, 697.87, 664.59, 694.52];17,6;ok;"{""ARIMA"": 10870.85426981261, ""ExponentialSmoothing"": 5053.018574376625, ""SARIMAX"": 5038.418124480851, ""Holt"": 10817.602947036044, ""Prophet"": 5524.902523326246, ""Croston"": 5510.4248858071805, ""TSB"": 5510.4248858071805, ""Ensemble"": 4789.47926950646}"
PC001099;48;Croston;622,89;[662.39, 662.39, 662.39, 662.39, 662.39, 662.39];6,3;ok;"{""ARIMA"": 2459.566467212508, ""ExponentialSmoothing"": 4624.577902312522, ""SARIMAX"": 3965.8689958545788, ""Holt"": 3616.90268223889, ""Prophet"": 4191.391637708141, ""Croston"": 2174.5613474260513, ""TSB"": 2174.5613474260513, ""Ensemble"": 2237.378074243409}"
PC004480;12;Média Móvel;2601,5;[2508.66, 2508.66, 2508.66, 2508.66, 2508.66, 2508.66];-3,6;ok;"{""ARIMA"": Infinity, ""ExponentialSmoothing"": Infinity, ""SARIMAX"": Infinity, ""Holt"": Infinity, ""Prophet"": Infinity, ""Croston"": Infinity, ""TSB"": Infinity}"
PC003616;48;ExponentialSmoothing;660,45;[630.14, 606.19, 626.47, 607.3, 619.98, 643.52];-4,6;ok;"{""ARIMA"": 3775.804418063468, ""ExponentialSmoothing"": 3321.3356368622412, ""SARIMAX"": 3968.336280964842, ""Holt"": 3924.94666465427, ""Prophet"": 3780.4888077323108, ""Croston"": 3868.5780914250404, ""TSB"": 3868.5780914250404, ""Ensemble"": 3465.0372934539187}"
PC006355;48;SARIMAX;633,65;[625.55, 626.59, 640.3, 636.12, 619.19, 619.7];-1,3;ok;"{""ARIMA"": 1382.5601494455634, ""ExponentialSmoothing"": 563.1383394469914, ""SARIMAX"": 507.80270101514367, ""Holt"": 1130.7065237801792, ""Prophet"": 736.4647962631707, ""Croston"": 1199.48357520381, ""TSB"": 1199.48357520381}"
PC003328;14;Croston;2029,79;[2065.27, 2065.27, 2065.27, 2065.27, 2065.27, 2065.27];1,7;ok;"{""ARIMA"": 11759.758763404314, ""ExponentialSmoothing"": 15980.569315925444, ""SARIMAX"": Infinity, ""Holt"": 15240.388192551487, ""Prophet"": 5368881303.852522, ""Croston"": 9449.47817757146, ""TSB"": 9449.47817757146, ""Ensemble"": 9504.799590463974}"
PC008147;13;Média Móvel;2134,97;[2324.14, 2324.14, 2324.14, 2324.14, 2324.14, 2324.14];8,9;ok;"{""ARIMA"": Infinity, ""ExponentialSmoothing"": Infinity, ""SARIMAX"": Infinity, ""Holt"": Infinity, ""Prophet"": Infinity, ""Croston"": Infinity, ""TSB"": Infinity}"
PC004650;17;Croston;1836,88;[1747.3, 1747.3, 1747.3, 1747.3, 1747.3, 1747.3];-4,9;ok;"{""ARIMA"": 16669.23054769097, ""ExponentialSmoothing"": 22468.465147160827, ""SARIMAX"": Infinity, ""Holt"": 9386.427322490943, ""Prophet"": 79281066.7138034, ""Croston"": 8605.82607162428, ""TSB"": 8605.82607162428, ""Ensemble"": 8756.479151976419}"
PC008787;48;Ensemble;521,84;[608.41, 594.88, 600.92, 609.43, 601.95, 587.81];16,6;ok;"{""ARIMA"": 2643.783417978246, ""ExponentialSmoothing"": 2599.9890099091226, ""SARIMAX"": 3932.9839354866313, ""Holt"": 2902.261737991005, ""Prophet"": 2735.9183939729337, ""Croston"": 2647.5337394886574, ""TSB"": 2647.5337394886574, ""Ensemble"": 2525.9356678658564}"
PC004043;48;Prophet;523,41;[1000.46, 506.26, 526.47, 495.96, 514.8, 543.05];91,1;ok;"{""ARIMA"": 21973.483910763756, ""ExponentialSmoothing"": 315.2095615178602, ""SARIMAX"": 850.798148947105, ""Holt"": 36345.203822085416, ""Prophet"": 108.58590572542988, ""Croston"": 23547.964427735234, ""TSB"": 23547.964427735234}"
PC009995;12;Média Móvel;2370,8;[2345.01, 2345.01, 2345.01, 2345.01, 2345.01, 2345.01];-1,1;ok;"{""ARIMA"": Infinity, ""ExponentialSmoothing"": Infinity, ""SARIMAX"": Infinity, ""Holt"": Infinity, ""Prophet"": Infinity, ""Croston"": Infinity, ""TSB"": Infinity}"
PC007571;48;Prophet;677,83;[613.32, 634.09, 672.16, 591.4, 651.57, 694.33];-9,5;ok;"{""ARIMA"": 3099.5801675285634, ""ExponentialSmoothing"": 2015.167778214638, ""SARIMAX"": 2756.43631180057, ""Holt"": 2613.275651882214, ""Prophet"": 1134.3283859495878, ""Croston"": 4955.0513660293445, ""TSB"": 4955.0513660293445}"
PC001683;48;Prophet;491,55;[514.87, 560.24, 534.21, 582.88, 638.72, 652.39];4,7;ok;"{""ARIMA"": 24962.332801784214, ""ExponentialSmoothing"": 1145.7706539081935, ""SARIMAX"": 4498.5456843617985, ""Holt"": 75444.62871194065, ""Prophet"": 1100.1555895006693, ""Croston"": 4080.2702797527504, ""TSB"": 4080.2702797527504}"
PC004138;48;ARIMA;519,84;[568.8, 561.33, 562.47, 562.3, 562.33, 562.32];9,4;ok;"{""ARIMA"": 754.673379990479, ""ExponentialSmoothing"": 2275.054967849594, ""SARIMAX"": 4485.669150305234, ""Holt"": 814.0765082816412, ""Prophet"": 1584.4733054532219, ""Croston"": 778.1317107589721, ""TSB"": 778.1317107589721, ""Ensemble"": 770.0459135170016}"
PC001002;15;Ensemble;1774,98;[1762.97, 1761.32, 1760.0, 1758.95, 1758.1, 1757.43];-0,7;ok;"{""ARIMA"": 5280.046458767477, ""ExponentialSmoothing"": 5552.191539594302, ""SARIMAX"": Infinity, ""Holt"": 5279.5456340008, ""Prophet"": 282182808.95708007, ""Croston"": 5205.033338786407, ""TSB"": 5205.033338786407, ""Ensemble"": 5040.798395275212}"
PC008960;48;SARIMAX;486,74;[885.88, 474.64, 479.38, 485.24, 506.25, 552.71];82,0;ok;"{""ARIMA"": 29789.069259134845, ""ExponentialSmoothing"": 2066.3202534964407, ""SARIMAX"": 817.4574686223378, ""Holt"": 30250.37784348399, ""Prophet"": 2036.2253904755717, ""Croston"": 29107.964032137486, ""TSB"": 29107.964032137486}"
PC006762;48;Ensemble;535,43;[536.54, 533.25, 537.06, 535.61, 545.5, 509.17];0,2;ok;"{""ARIMA"": 1639.158037004546, ""ExponentialSmoothing"": 1633.1529647455202, ""SARIMAX"": 5119.794776945553, ""Holt"": 2691.6921616950945, ""Prophet"": 1492.9092305227703, ""Croston"": 1776.9602051047248, ""TSB"": 1776.9602051047248, ""Ensemble"": 1480.4069081717225}"
PC007573;48;Holt;542,8;[526.95, 526.01, 525.26, 524.66, 524.18, 523.8];-2,9;ok;"{""ARIMA"": 1475.5526381551435, ""ExponentialSmoothing"": 3803.8101512166763, ""SARIMAX"": 3783.6445944006105, ""Holt"": 1422.8888185782725, ""Prophet"": 3429.0440630209687, ""Croston"": 1521.591655520867, ""TSB"": 1521.591655520867, ""Ensemble"": 1466.8323967607912}"
PC009803;48;Croston;558,15;[538.22, 538.22, 538.22, 538.22, 538.22, 538.22];-3,6;ok;"{""ARIMA"": 951.129014522454, ""ExponentialSmoothing"": 2531.7463834571813, ""SARIMAX"": 4094.525636223683, ""Holt"": 938.1299641735142, ""Prophet"": 1949.0472267593466, ""Croston"": 915.4422350114046, ""TSB"": 915.4422350114046, ""Ensemble"": 922.2189311283569}"
PC009194;17;Croston;1754,01;[1561.89, 1561.89, 1561.89, 1561.89, 1561.89, 1561.89];-11,0;ok;"{""ARIMA"": 47459.24327405822, ""ExponentialSmoothing"": 56310.092302224446, ""SARIMAX"": Infinity, ""Holt"": 50890.925464970576, ""Prophet"": 203581875.21593118, ""Croston"": 27187.668481197023, ""TSB"": 27187.668481197023}"
PC002443;48;Holt;553,45;[560.56, 562.48, 564.02, 565.25, 566.23, 567.01];1,3;ok;"{""ARIMA"": 2319.999938263036, ""ExponentialSmoothing"": 3189.072927238209, ""SARIMAX"": 3638.512492707405, ""Holt"": 2002.9431718940457, ""Prophet"": 3275.7086118628554, ""Croston"": 2304.8387356319586, ""TSB"": 2304.8387356319586, ""Ensemble"": 2172.355021285913}"
PC007179;48;Holt;556,4;[543.27, 547.21, 550.37, 552.89, 554.91, 556.52];-2,4;ok;"{""ARIMA"": 871.5597262442961, ""ExponentialSmoothing"": 1581.319338960857, ""SARIMAX"": 1614.6799882552157, ""Holt"": 860.3895568421877, ""Prophet"": 1892.031349769112, ""Croston"": 888.8895326537358, ""TSB"": 888.8895326537358, ""Ensemble"": 872.2752805619766}"
PC001194;48;SARIMAX;452,4;[466.29, 454.49, 498.72, 543.55, 561.46, 581.44];3,1;ok;"{""ARIMA"": 19846.075337765054, ""ExponentialSmoothing"": 1728.0676683106085, ""SARIMAX"": 1607.309460451749, ""Holt"": 58762.30909463626, ""Prophet"": 2276.1014492143895, ""Croston"": 2341.529636869669, ""TSB"": 2341.529636869669}"
PC009706;48;Prophet;442,3;[816.39, 395.46, 408.67, 395.53, 420.69, 420.56];84,6;ok;"{""ARIMA"": 14403.987372833653, ""ExponentialSmoothing"": 1434.7392263028057, ""SARIMAX"": 3881.9799025440952, ""Holt"": 32820.06949927357, ""Prophet"": 1310.995961555156, ""Croston"": 16993.301278425988, ""TSB"": 16993.301278425988}"
PC001875;13;Média Móvel;1778,25;[1789.21, 1789.21, 1789.21, 1789.21, 1789.21, 1789.21];0,6;ok;"{""ARIMA"": Infinity, ""ExponentialSmoothing"": Infinity, ""SARIMAX"": Infinity, ""Holt"": Infinity, ""Prophet"": Infinity, ""Croston"": Infinity, ""TSB"": Infinity}"
PC002315;48;ARIMA;540,99;[523.84, 528.17, 527.07, 527.35, 527.28, 527.3];-3,2;ok;"{""ARIMA"": 348.2831448632876, ""ExponentialSmoothing"": 655.4166479799237, ""SARIMAX"": 1668.9697317653388, ""Holt"": 487.8421379001188, ""Prophet"": 559.5835368640842, ""Croston"": 781.319771073374, ""TSB"": 781.319771073374}"
PC000083;20;ARIMA;1197,43;[1108.56, 1116.48, 1115.77, 1115.83, 1115.83, 1115.83];-7,4;ok;"{""ARIMA"": 4303.1009791748975, ""ExponentialSmoothing"": 6274.599436696951, ""SARIMAX"": Infinity, ""Holt"": 4723.509438633936, ""Prophet"": 753313.61835853, ""Croston"": 4503.836467414007, ""TSB"": 4503.836467414007, ""Ensemble"": 4426.797585284598}"
PC007947;48;Croston;518,33;[466.11, 466.11, 466.11, 466.11, 466.11, 466.11];-10,1;ok;"{""ARIMA"": 1401.9946302027008, ""ExponentialSmoothing"": 1740.9116653115195, ""SARIMAX"": 2025.774459669338, ""Holt"": 1446.326724032213, ""Prophet"": 1747.8461785217369, ""Croston"": 1312.7220876514339, ""TSB"": 1312.7220876514339, ""Ensemble"": 1340.383548379634}"
PC007850;48;ExponentialSmoothing;422,45;[406.3, 436.18, 463.52, 487.24, 496.77, 515.89];-3,8;ok;"{""ARIMA"": 2522.736299727567, ""ExponentialSmoothing"": 1008.921931620269, ""SARIMAX"": 1610.9252953958223, ""Holt"": 2625.3901093813015, ""Prophet"": 1139.6769588282275, ""Croston"": 2180.532078666419, ""TSB"": 2180.532078666419}"
PC007699;48;ExponentialSmoothing;441,07;[424.03, 421.13, 453.08, 478.21, 480.98, 492.36];-3,9;ok;"{""ARIMA"": 2964.9496304197887, ""ExponentialSmoothing"": 1941.6330701728536, ""SARIMAX"": 3258.2279717650877, ""Holt"": 2893.6885857507423, ""Prophet"": 2186.685687217659, ""Croston"": 2307.708153621183, ""TSB"": 2307.708153621183, ""Ensemble"": 1956.428077537483}"
PC001877;48;ExponentialSmoothing;397,39;[370.29, 409.31, 449.9, 437.26, 475.86, 508.83];-6,8;ok;"{""ARIMA"": 23118.527866475386, ""ExponentialSmoothing"": 471.30510973504505, ""SARIMAX"": 718.094591469673, ""Holt"": 70788.85615542138, ""Prophet"": 510.24669609582753, ""Croston"": 772.9191694094694, ""TSB"": 772.9191694094694}"
PC009483;48;SARIMAX;387,82;[361.59, 365.82, 417.0, 468.95, 442.3, 480.73];-6,8;ok;"{""ARIMA"": 7773.325213301102, ""ExponentialSmoothing"": 1058.7439217538063, ""SARIMAX"": 852.177505811777, ""Holt"": 7875.149747676129, ""Prophet"": 932.2437298079877, ""Croston"": 2103.021117727602, ""TSB"": 2103.021117727602, ""Ensemble"": 914.3693227350903}"
PC009493;48;SARIMAX;411,83;[391.77, 410.56, 424.37, 470.68, 468.67, 494.53];-4,9;ok;"{""ARIMA"": 1611.4942082379657, ""ExponentialSmoothing"": 1281.6695269430083, ""SARIMAX"": 1057.0731700687866, ""Holt"": 1391.7723239633278, ""Prophet"": 1256.0296340427465, ""Croston"": 1482.7723196076802, ""TSB"": 1482.7723196076802, ""Ensemble"": 1180.2825221718276}"
PC007499;48;Holt;400,3;[399.85, 399.85, 399.85, 399.85, 399.85, 399.85];-0,1;ok;"{""ARIMA"": 298.7139401064743, ""ExponentialSmoothing"": 623.2256550622698, ""SARIMAX"": 638.5498877928984, ""Holt"": 281.6671617120655, ""Prophet"": 944.1725483223648, ""Croston"": 303.1917851857122, ""TSB"": 303.1917851857122, ""Ensemble"": 291.3006461721576}"
PC005952;48;Ensemble;406,52;[443.14, 433.2, 438.31, 447.64, 443.59, 456.77];9,0;ok;"{""ARIMA"": 611.6501983270075, ""ExponentialSmoothing"": 621.7465377716117, ""SARIMAX"": 747.5554518497169, ""Holt"": 596.2286490743, ""Prophet"": 561.0112314257127, ""Croston"": 1023.2387663480072, ""TSB"": 1023.2387663480072, ""Ensemble"": 542.2138269025404}"
PC001536;19;Ensemble;926,34;[958.1, 956.36, 954.63, 952.9, 951.18, 949.47];3,4;ok;"{""ARIMA"": 8539.84649106311, ""ExponentialSmoothing"": 6686.930449716008, ""SARIMAX"": Infinity, ""Holt"": 11683.046492088279, ""Prophet"": 814290.784815086, ""Croston"": 7259.3384596014075, ""TSB"": 7259.3384596014075, ""Ensemble"": 6635.725439654431}"
PC005909;48;Prophet;378,88;[360.13, 394.39, 383.72, 389.05, 372.45, 427.29];-4,9;ok;"{""ARIMA"": 180.5498232542875, ""ExponentialSmoothing"": 135.14384581764514, ""SARIMAX"": 972.6555417502594, ""Holt"": 693.419916604783, ""Prophet"": 61.734388604550794, ""Croston"": 178.20759697529056, ""TSB"": 178.20759697529056}"
PC004458;48;Prophet;338,63;[615.02, 320.88, 328.79, 313.28, 312.85, 338.72];81,6;ok;"{""ARIMA"": 9860.492143889833, ""ExponentialSmoothing"": 373.06295261509234, ""SARIMAX"": 615.1184034168597, ""Holt"": 13263.338784428588, ""Prophet"": 288.0629990654543, ""Croston"": 10408.560564835523, ""TSB"": 10408.560564835523}"
PC009002;48;Holt;362,75;[394.43, 394.43, 394.43, 394.43, 394.43, 394.43];8,7;ok;"{""ARIMA"": 697.3543508834808, ""ExponentialSmoothing"": 1218.3076952314607, ""SARIMAX"": 716.0687580044067, ""Holt"": 515.4731650306467, ""Prophet"": 1378.3675868305636, ""Croston"": 705.3541394378866, ""TSB"": 705.3541394378866}"
PC002538;13;Média Móvel;1469,83;[1450.95, 1450.95, 1450.95, 1450.95, 1450.95, 1450.95];-1,3;ok;"{""ARIMA"": Infinity, ""ExponentialSmoothing"": Infinity, ""SARIMAX"": Infinity, ""Holt"": Infinity, ""Prophet"": Infinity, ""Croston"": Infinity, ""TSB"": Infinity}"
PC006795;48;Prophet;327,6;[650.79, 325.7, 349.59, 338.55, 314.81, 312.26];98,7;ok;"{""ARIMA"": 12601.745101074162, ""ExponentialSmoothing"": 969.0786509718208, ""SARIMAX"": 1307.056357255653, ""Holt"": 17870.132104977813, ""Prophet"": 455.9111893201491, ""Croston"": 13507.539016030862, ""TSB"": 13507.539016030862}"
PC006805;15;Croston;1092,92;[1156.51, 1156.51, 1156.51, 1156.51, 1156.51, 1156.51];5,8;ok;"{""ARIMA"": 11828.890496801274, ""ExponentialSmoothing"": 14746.195987425699, ""SARIMAX"": Infinity, ""Holt"": 25783.172010998285, ""Prophet"": 33084403.957337767, ""Croston"": 8382.025619103342, ""TSB"": 8382.025619103342}"
PC005440;13;Média Móvel;1359,16;[1322.1, 1322.1, 1322.1, 1322.1, 1322.1, 1322.1];-2,7;ok;"{""ARIMA"": Infinity, ""ExponentialSmoothing"": Infinity, ""SARIMAX"": Infinity, ""Holt"": Infinity, ""Prophet"": Infinity, ""Croston"": Infinity, ""TSB"": Infinity}"
PC004608;48;Prophet;279,65;[541.76, 295.29, 298.39, 296.43, 292.1, 295.09];93,7;ok;"{""ARIMA"": 5990.970883389363, ""ExponentialSmoothing"": 780.3761839691707, ""SARIMAX"": 1276.4169776109047, ""Holt"": 9282.855530692588, ""Prophet"": 621.8074461186625, ""Croston"": 6405.981293586944, ""TSB"": 6405.981293586944}"
PC005088;48;Ensemble;350,72;[333.76, 333.77, 333.77, 333.77, 333.77, 333.77];-4,8;ok;"{""ARIMA"": 123.65905934513883, ""ExponentialSmoothing"": 252.557100493884, ""SARIMAX"": 370.3462925333179, ""Holt"": 113.89386861962623, ""Prophet"": 147.0511771474011, ""Croston"": 111.65648358373637, ""TSB"": 111.65648358373637, ""Ensemble"": 110.64319967331566}"
PC009619;12;Média Móvel;1430,0;[1401.58, 1401.58, 1401.58, 1401.58, 1401.58, 1401.58];-2,0;ok;"{""ARIMA"": Infinity, ""ExponentialSmoothing"": Infinity, ""SARIMAX"": Infinity, ""Holt"": Infinity, ""Prophet"": Infinity, ""Croston"": Infinity, ""TSB"": Infinity}"
PC004640;48;ExponentialSmoothing;289,41;[297.31, 307.47, 317.51, 339.23, 369.84, 395.32];2,7;ok;"{""ARIMA"": 3156.843250945714, ""ExponentialSmoothing"": 163.64207378369886, ""SARIMAX"": 301.1651456268093, ""Holt"": 2775.473100294606, ""Prophet"": 261.0030422326188, ""Croston"": 949.2796055683406, ""TSB"": 949.2796055683406}"
PC007520;48;Holt;355,72;[400.09, 403.21, 406.32, 409.42, 412.49, 415.56];12,5;ok;"{""ARIMA"": 1425.0111471730042, ""ExponentialSmoothing"": 1778.0300519924413, ""SARIMAX"": 1456.0204813194741, ""Holt"": 1317.1390179907783, ""Prophet"": 1730.9522561235453, ""Croston"": 3133.6398504289896, ""TSB"": 3133.6398504289896, ""Ensemble"": 1360.5182079073704}"
PC009291;15;Croston;955,3;[1047.38, 1047.38, 1047.38, 1047.38, 1047.38, 1047.38];9,6;ok;"{""ARIMA"": 5448.792958164543, ""ExponentialSmoothing"": 5777.93033645465, ""SARIMAX"": Infinity, ""Holt"": 5509.870821954049, ""Prophet"": 165144961.5988619, ""Croston"": 3790.58396778994, ""TSB"": 3790.58396778994}"
PC002379;12;Média Móvel;1306,8;[1340.61, 1340.61, 1340.61, 1340.61, 1340.61, 1340.61];2,6;ok;"{""ARIMA"": Infinity, ""ExponentialSmoothing"": Infinity, ""SARIMAX"": Infinity, ""Holt"": Infinity, ""Prophet"": Infinity, ""Croston"": Infinity, ""TSB"": Infinity}"
PC009344;12;Média Móvel;1243,18;[1290.66, 1290.66, 1290.66, 1290.66, 1290.66, 1290.66];3,8;ok;"{""ARIMA"": Infinity, ""ExponentialSmoothing"": Infinity, ""SARIMAX"": Infinity, ""Holt"": Infinity, ""Prophet"": Infinity, ""Croston"": Infinity, ""TSB"": Infinity}"
PC008032;48;Ensemble;322,61;[319.67, 320.02, 319.92, 319.95, 319.94, 319.94];-0,9;ok;"{""ARIMA"": 445.58181146981434, ""ExponentialSmoothing"": 491.0707527786263, ""SARIMAX"": 613.2947052287237, ""Holt"": 575.020574241559, ""Prophet"": 838.866713770053, ""Croston"": 435.7726670285019, ""TSB"": 435.7726670285019, ""Ensemble"": 425.9193598939532}"
PC001299;18;ARIMA;873,29;[829.03, 843.96, 838.92, 840.62, 840.05, 840.24];-5,1;ok;"{""ARIMA"": 2652.2602021487387, ""ExponentialSmoothing"": 3086.1437198485896, ""SARIMAX"": Infinity, ""Holt"": 2866.813096057251, ""Prophet"": 2214488.586442731, ""Croston"": 3133.9035920543506, ""TSB"": 3133.9035920543506, ""Ensemble"": 2811.0041068474457}"
PC008576;16;ExponentialSmoothing;941,18;[915.4, 919.33, 923.24, 927.13, 931.0, 934.86];-2,7;ok;"{""ARIMA"": 3917.045013513616, ""ExponentialSmoothing"": 3037.6817643752242, ""SARIMAX"": Infinity, ""Holt"": 4173.825891568688, ""Prophet"": 6295702.1749072755, ""Croston"": 4173.506240308641, ""TSB"": 4173.506240308641}"
PC007445;48;Holt;260,63;[276.18, 276.18, 276.18, 276.18, 276.18, 276.18];6,0;ok;"{""ARIMA"": 234.72593069025825, ""ExponentialSmoothing"": 426.8852040466818, ""SARIMAX"": 645.9288561504615, ""Holt"": 197.73761568504128, ""Prophet"": 795.8718451931549, ""Croston"": 259.3518596100759, ""TSB"": 259.3518596100759}"
PC001440;12;Média Móvel;1138,88;[1152.01, 1152.01, 1152.01, 1152.01, 1152.01, 1152.01];1,2;ok;"{""ARIMA"": Infinity, ""ExponentialSmoothing"": Infinity, ""SARIMAX"": Infinity, ""Holt"": Infinity, ""Prophet"": Infinity, ""Croston"": Infinity, ""TSB"": Infinity}"
PC003275;48;Prophet;243,98;[461.07, 263.8, 254.87, 254.47, 266.57, 284.69];89,0;ok;"{""ARIMA"": 6070.727551707045, ""ExponentialSmoothing"": 311.60113124624985, ""SARIMAX"": 530.2906233115542, ""Holt"": 6043.542996912739, ""Prophet"": 299.59723788565094, ""Croston"": 6062.374529180693, ""TSB"": 6062.374529180693}"
PC009867;12;Média Móvel;995,87;[1033.74, 1033.74, 1033.74, 1033.74, 1033.74, 1033.74];3,8;ok;"{""ARIMA"": Infinity, ""ExponentialSmoothing"": Infinity, ""SARIMAX"": Infinity, ""Holt"": Infinity, ""Prophet"": Infinity, ""Croston"": Infinity, ""TSB"": Infinity}"
PC007701;48;SARIMAX;222,87;[448.18, 204.63, 213.31, 233.15, 220.85, 239.78];101,1;ok;"{""ARIMA"": 3556.3963742632654, ""ExponentialSmoothing"": 239.63390433348175, ""SARIMAX"": 158.7295986001764, ""Holt"": 4896.87047949518, ""Prophet"": 321.7634761724001, ""Croston"": 3733.8594610045425, ""TSB"": 3733.8594610045425}"
PC003723;48;SARIMAX;205,48;[389.67, 217.55, 222.33, 224.06, 230.44, 229.29];89,6;ok;"{""ARIMA"": 4845.7898511731055, ""ExponentialSmoothing"": 81.76325390833838, ""SARIMAX"": 67.09233820918097, ""Holt"": 5063.412604582891, ""Prophet"": 85.70463636464392, ""Croston"": 4988.016402101038, ""TSB"": 4988.016402101038, ""Ensemble"": 75.14854565511466}"
PC007530;48;Prophet;218,68;[384.85, 194.57, 200.07, 203.47, 204.63, 212.76];76,0;ok;"{""ARIMA"": 3094.72222411752, ""ExponentialSmoothing"": 206.96512576185827, ""SARIMAX"": 306.26507449853233, ""Holt"": 4179.895954212513, ""Prophet"": 162.72807644927352, ""Croston"": 3377.614924370849, ""TSB"": 3377.614924370849}"
PC008352;16;ARIMA;614,75;[624.82, 629.21, 631.12, 631.95, 632.31, 632.47];1,6;ok;"{""ARIMA"": 1516.5370066663427, ""ExponentialSmoothing"": 1731.484442988169, ""SARIMAX"": Infinity, ""Holt"": 1544.4047093546014, ""Prophet"": 3261570.789470298, ""Croston"": 1823.7378163671194, ""TSB"": 1823.7378163671194, ""Ensemble"": 1587.4009777550182}"
PC000096;48;SARIMAX;208,7;[172.48, 197.88, 221.71, 200.8, 232.73, 233.2];-17,4;ok;"{""ARIMA"": 1385.8924464962638, ""ExponentialSmoothing"": 274.6999136383255, ""SARIMAX"": 259.92064002571374, ""Holt"": 1268.9435539873327, ""Prophet"": 282.6692175540309, ""Croston"": 445.91198298181286, ""TSB"": 445.91198298181286, ""Ensemble"": 267.8275454280455}"
PC000853;12;Média Móvel;777,45;[807.22, 807.22, 807.22, 807.22, 807.22, 807.22];3,8;ok;"{""ARIMA"": Infinity, ""ExponentialSmoothing"": Infinity, ""SARIMAX"": Infinity, ""Holt"": Infinity, ""Prophet"": Infinity, ""Croston"": Infinity, ""TSB"": Infinity}"
PC001568;15;Holt;642,11;[636.91, 636.29, 635.79, 635.39, 635.08, 634.82];-0,8;ok;"{""ARIMA"": 1287.2611599380632, ""ExponentialSmoothing"": 1188.3276986006822, ""SARIMAX"": Infinity, ""Holt"": 1121.7013931431427, ""Prophet"": 89108528.40323563, ""Croston"": 1314.4446570222913, ""TSB"": 1314.4446570222913, ""Ensemble"": 1185.6726970917427}"
PC007371;14;Croston;629,26;[686.51, 686.51, 686.51, 686.51, 686.51, 686.51];9,1;ok;"{""ARIMA"": 2278.8855547682147, ""ExponentialSmoothing"": 13731.603744334998, ""SARIMAX"": Infinity, ""Holt"": 3996.85404541776, ""Prophet"": 60589459.36913686, ""Croston"": 1850.2496650406665, ""TSB"": 1850.2496650406665, ""Ensemble"": 1929.6925298753397}"
PC001619;48;Prophet;184,97;[192.05, 192.08, 186.75, 177.16, 188.17, 175.27];3,8;ok;"{""ARIMA"": 265.172170829913, ""ExponentialSmoothing"": 162.59088415154602, ""SARIMAX"": 399.937970585812, ""Holt"": 247.23095933645482, ""Prophet"": 140.41615334588494, ""Croston"": 248.99052161227272, ""TSB"": 248.99052161227272}"
PC000787;14;ExponentialSmoothing;738,99;[689.73, 692.5, 695.25, 697.99, 700.71, 703.43];-6,7;ok;"{""ARIMA"": 2006.0999915618447, ""ExponentialSmoothing"": 1847.1052903013897, ""SARIMAX"": Infinity, ""Holt"": 2355.707686631856, ""Prophet"": 489045163.0457511, ""Croston"": 2041.959805952428, ""TSB"": 2041.959805952428, ""Ensemble"": 1954.6513322573512}"
PC000147;48;ExponentialSmoothing;134,7;[283.65, 144.24, 145.86, 144.95, 147.55, 148.6];110,6;ok;"{""ARIMA"": 2059.434560883024, ""ExponentialSmoothing"": 183.29181667270993, ""SARIMAX"": 219.72815958830355, ""Holt"": 2202.3965500804784, ""Prophet"": 234.64812999158292, ""Croston"": 2090.0824107209432, ""TSB"": 2090.0824107209432, ""Ensemble"": 202.192604818384}"
PC000288;14;Holt;593,58;[569.94, 580.24, 588.48, 595.07, 600.34, 604.56];-4,0;ok;"{""ARIMA"": 5366.347894128169, ""ExponentialSmoothing"": 1130.7403759982556, ""SARIMAX"": Infinity, ""Holt"": 1041.2006248172981, ""Prophet"": 55880148.86561755, ""Croston"": 1198.9294652626477, ""TSB"": 1198.9294652626477, ""Ensemble"": 1041.6767477532574}"
PC005515;48;Prophet;170,54;[161.98, 160.48, 150.86, 155.54, 169.13, 169.36];-5,0;ok;"{""ARIMA"": 177.63099300554282, ""ExponentialSmoothing"": 154.69154272454549, ""SARIMAX"": 235.7280341120577, ""Holt"": 140.169246711282, ""Prophet"": 126.05240866232282, ""Croston"": 161.0626411338196, ""TSB"": 161.0626411338196, ""Ensemble"": 134.67701301273658}"
PC001363;16;Croston;462,32;[439.72, 439.72, 439.72, 439.72, 439.72, 439.72];-4,9;ok;"{""ARIMA"": 1647.4163613780984, ""ExponentialSmoothing"": 3133.007839732331, ""SARIMAX"": Infinity, ""Holt"": 2475.3375809358363, ""Prophet"": 4642164.653315666, ""Croston"": 1645.9143124156856, ""TSB"": 1645.9143124156856, ""Ensemble"": 1646.1647424234213}"
PC001355;14;ARIMA;465,33;[434.8, 453.27, 442.1, 448.86, 444.77, 447.24];-6,6;ok;"{""ARIMA"": 1778.4449929548982, ""ExponentialSmoothing"": 9610.242149954103, ""SARIMAX"": Infinity, ""Holt"": 11056.28833142108, ""Prophet"": 49132139.162525736, ""Croston"": 2299.2757734912016, ""TSB"": 2299.2757734912016, ""Ensemble"": 1947.8409041346788}"
PC002816;21;Ensemble;234,91;[215.22, 213.57, 213.04, 212.86, 212.81, 212.79];-8,4;ok;"{""ARIMA"": 306.1295926884377, ""ExponentialSmoothing"": 366.07849184268633, ""SARIMAX"": Infinity, ""Holt"": 1092.3737944717539, ""Prophet"": 5587.124953856819, ""Croston"": 310.3198768555307, ""TSB"": 310.3198768555307, ""Ensemble"": 302.69484409575597}"
PC008608;13;Média Móvel;309,01;[301.33, 301.33, 301.33, 301.33, 301.33, 301.33];-2,5;ok;"{""ARIMA"": Infinity, ""ExponentialSmoothing"": Infinity, ""SARIMAX"": Infinity, ""Holt"": Infinity, ""Prophet"": Infinity, ""Croston"": Infinity, ""TSB"": Infinity}"
PC004245;13;Média Móvel;285,07;[277.13, 277.13, 277.13, 277.13, 277.13, 277.13];-2,8;ok;"{""ARIMA"": Infinity, ""ExponentialSmoothing"": Infinity, ""SARIMAX"": Infinity, ""Holt"": Infinity, ""Prophet"": Infinity, ""Croston"": Infinity, ""TSB"": Infinity}"
PC002282;12;Média Móvel;100,99;[102.64, 102.64, 102.64, 102.64, 102.64, 102.64];1,6;ok;"{""ARIMA"": Infinity, ""ExponentialSmoothing"": Infinity, ""SARIMAX"": Infinity, ""Holt"": Infinity, ""Prophet"": Infinity, ""Croston"": Infinity, ""TSB"": Infinity}"
PC000331;12;Média Móvel;86,43;[86.49, 86.49, 86.49, 86.49, 86.49, 86.49];0,1;ok;"{""ARIMA"": Infinity, ""ExponentialSmoothing"": Infinity, ""SARIMAX"": Infinity, ""Holt"": Infinity, ""Prophet"": Infinity, ""Croston"": Infinity, ""TSB"": Infinity}"
