Produto;Descricao;Categoria;EstoqueAtual;CustoUnitario
PC000001;CAMISA DE CILINDRO PESADO ORIGINAL;MOTOR;36,0;4242,13
PC000002;BOMBA INJETORA LEVE PARALELA B;MOTOR;43,0;4752,68
PC000003;TAMBOR DE FREIO REFORCADO ORIGINAL;FREIOS;22,0;300,79
PC000004;ROLAMENTO DE EMBREAGEM STD PARALELA A;TRANSMISSAO;20,0;8285,64
PC000005;PINO REI REFORCADO PARALELA A;ARTICULACAO_5RODA;108,0;2141,14
PC000006;PARA-LAMA LEVE ORIGINAL;CARROCERIA;0,0;813,97
PC000007;VALVULA DE ADMISSAO REFORCADO PARALELA B;MOTOR;7,0;5705,8
PC000008;PNEU RADIAL 295/80 PESADO ORIGINAL;RODAS_PNEUS;17,0;80,57
PC000009;MACANETA DE PORTA PESADO PARALELA A;CARROCERIA;26,0;762,63
PC000010;CUBO DE RODA REFORCADO REMANUFATURADO;RODAS_PNEUS;112,0;817,15
PC000011;BOMBA D AGUA LEVE PARALELA A;ARREFECIMENTO;17,0;670,95
PC000012;PASTILHA DE FREIO PESADO PARALELA B;FREIOS;82,0;156,93
PC000013;CAIXA DE CAMBIO COMPLETA PESADO ORIGINAL;TRANSMISSAO;4,0;5521,4
PC000014;ALTERNADOR LEVE PARALELA A;ELETRICA;35,0;183,33
PC000015;LANTERNA TRASEIRA PESADO PARALELA B;ELETRICA;16,0;273,31
PC000016;MOTOR DE PARTIDA PESADO PARALELA A;ELETRICA;11,0;1385,75
PC000017;JUNTA DE CABECOTE PESADO ORIGINAL;MOTOR;7,0;4121,35
PC000018;SENSOR ABS REFORCADO PARALELA A;ELETRICA;16,0;690,31
PC000019;RESERVATORIO EXPANSAO PESADO PARALELA B;ARREFECIMENTO;142,0;362,45
PC000020;TURBO COMPRESSOR LEVE PARALELA A;MOTOR;0,0;2941,33
PC000021;MANGUEIRA RADIADOR PESADO ORIGINAL;ARREFECIMENTO;224,0;82,8
PC000022;PINO MESTRE STD ORIGINAL;SUSPENSAO;9,0;1048,27
PC000023;QUINTA RODA COMPLETA REFORCADO ORIGINAL;ARTICULACAO_5RODA;10,0;457,2
PC000024;EIXO CARDAN PESADO ORIGINAL;TRANSMISSAO;4,0;1285,27
PC000025;PLATO DE EMBREAGEM STD PARALELA A;TRANSMISSAO;2,0;4867,73
PC000027;BATERIA 150AH  PARALELA A;ELETRICA;5,0;534,68
PC000028;DISCO DE FREIO REFORCADO PARALELA B;FREIOS;18,0;221,77
PC000029;CILINDRO MESTRE PESADO ORIGINAL;FREIOS;26,0;64,01
PC000030;CHICOTE ELETRICO STD PARALELA A;ELETRICA;2,0;1227,62
PC000031;PARAFUSO DE RODA STD PARALELA A;RODAS_PNEUS;0,0;263,71
PC000032;RADIADOR COMPLETO PESADO ORIGINAL;ARREFECIMENTO;4,0;586,0
PC000033;FILTRO DE OLEO CAMBIO LEVE ORIGINAL;FILTROS;2,0;112,91
PC000034;ESPELHO RETROVISOR REFORCADO PARALELA A;CARROCERIA;8,0;776,19
PC000035;RODA DE ACO ARO 22 LEVE PARALELA B;RODAS_PNEUS;21,0;914,49
PC000036;VIDRO LATERAL LEVE REMANUFATURADO;CARROCERIA;4,0;1037,51
PC000037;MANGOTE PNEUMATICO LEVE ORIGINAL;ARTICULACAO_5RODA;6,0;2062,53
PC000038;PARA-BRISA REFORCADO PARALELA B;CARROCERIA;3,0;240,32
PC000039;AMORTECEDOR DIANTEIRO REFORCADO ORIGINAL;SUSPENSAO;4,0;687,52
PC000040;FILTRO DE COMBUSTIVEL STD PARALELA B;FILTROS;5,0;16,41
PC000041;FILTRO DE AR MOTOR REFORCADO ORIGINAL;FILTROS;2,0;18,41
PC000043;CAMARA DE AR STD PARALELA B;RODAS_PNEUS;9,0;193,59
PC000044;FEIXE DE MOLA REFORCADO PARALELA A;SUSPENSAO;1,0;346,08
PC000045;CORREIA DENTADA REFORCADO PARALELA A;MOTOR;4,0;1099,71
PC000046;ROLAMENTO DE RODA STD ORIGINAL;RODAS_PNEUS;17,0;287,3
PC000047;SINCRONIZADOR LEVE REMANUFATURADO;TRANSMISSAO;20,0;2817,85
PC000048;BOLSA DE AR SUSPENSAO STD ORIGINAL;SUSPENSAO;56,0;386,1
PC000049;MANGUEIRA DE FREIO AR LEVE PARALELA A;FREIOS;14,0;91,57
PC000050;FILTRO SEPARADOR AGUA STD ORIGINAL;FILTROS;6,0;108,51
PC000051;LONA DE FREIO PESADO ORIGINAL;FREIOS;5,0;249,59
PC000052;CRUZETA CARDAN  ORIGINAL;TRANSMISSAO;33,0;911,19
PC000053;PARA-CHOQUE DIANTEIRO  REMANUFATURADO;CARROCERIA;113,0;565,17
PC000054;VALVULA DE FREIO LEVE ORIGINAL;FREIOS;55,0;253,52
PC000055;FAROL DIANTEIRO LED PESADO PARALELA A;ELETRICA;23,0;813,7
PC000056;BARRA ESTABILIZADORA LEVE ORIGINAL;SUSPENSAO;583,0;769,69
PC000057;AMORTECEDOR TRASEIRO PESADO PARALELA B;SUSPENSAO;124,0;1295,12
PC000058;FILTRO DE CABINE PESADO REMANUFATURADO;FILTROS;10,0;24,94
PC000059;ENGATE DE REBOQUE REFORCADO ORIGINAL;ARTICULACAO_5RODA;1,0;746,69
PC000060;DISCO DE EMBREAGEM REFORCADO REMANUFATURADO;TRANSMISSAO;21,0;5013,71
PC000061;SAPATA DE FREIO PESADO ORIGINAL;FREIOS;6,0;169,71
PC000062;BICO INJETOR LEVE PARALELA A;MOTOR;11,0;1647,35
PC000063;BUCHA DE MOLA STD PARALELA A;SUSPENSAO;36,0;487,04
PC000064;VENTOINHA PESADO PARALELA B;ARREFECIMENTO;49,0;571,45
PC000065;CAMISA DE CILINDRO PESADO ORIGINAL;MOTOR;28,0;638,0
PC000066;BOMBA INJETORA  ORIGINAL;MOTOR;3,0;1077,47
PC000067;TAMBOR DE FREIO STD ORIGINAL;FREIOS;112,0;122,92
PC000068;ROLAMENTO DE EMBREAGEM LEVE ORIGINAL;TRANSMISSAO;14,0;2474,86
PC000069;PINO REI LEVE PARALELA A;ARTICULACAO_5RODA;4,0;396,72
PC000070;PARA-LAMA PESADO ORIGINAL;CARROCERIA;14,0;815,3
PC000071;VALVULA DE ADMISSAO PESADO REMANUFATURADO;MOTOR;5,0;2118,7
PC000072;PNEU RADIAL 295/80 STD REMANUFATURADO;RODAS_PNEUS;1,0;505,31
PC000073;MACANETA DE PORTA STD ORIGINAL;CARROCERIA;39,0;256,31
PC000074;CUBO DE RODA PESADO ORIGINAL;RODAS_PNEUS;7,0;1720,54
PC000075;BOMBA D AGUA STD PARALELA A;ARREFECIMENTO;0,0;692,25
PC000076;PASTILHA DE FREIO REFORCADO REMANUFATURADO;FREIOS;17,0;297,74
PC000077;CAIXA DE CAMBIO COMPLETA STD ORIGINAL;TRANSMISSAO;102,0;1327,3
PC000078;ALTERNADOR REFORCADO PARALELA A;ELETRICA;30,0;1123,98
PC000079;LANTERNA TRASEIRA  PARALELA A;ELETRICA;82,0;843,67
PC000080;MOTOR DE PARTIDA STD PARALELA B;ELETRICA;74,0;601,79
PC000081;JUNTA DE CABECOTE STD ORIGINAL;MOTOR;52,0;3712,71
PC000082;SENSOR ABS LEVE PARALELA B;ELETRICA;4,0;402,34
PC000083;RESERVATORIO EXPANSAO STD PARALELA A;ARREFECIMENTO;1,0;805,35
PC000084;TURBO COMPRESSOR REFORCADO PARALELA B;MOTOR;4,0;5107,5
PC000085;MANGUEIRA RADIADOR  REMANUFATURADO;ARREFECIMENTO;46,0;407,15
PC000086;PINO MESTRE  PARALELA A;SUSPENSAO;6,0;911,79
PC000087;QUINTA RODA COMPLETA REFORCADO PARALELA A;ARTICULACAO_5RODA;14,0;2117,67
PC000088;EIXO CARDAN LEVE REMANUFATURADO;TRANSMISSAO;8,0;5441,38
PC000089;PLATO DE EMBREAGEM STD PARALELA B;TRANSMISSAO;99,0;5248,06
PC000090;FILTRO DE OLEO MOTOR  PARALELA A;MOTOR;3,0;4014,3
PC000091;BATERIA 150AH STD PARALELA A;ELETRICA;15,0;1211,36
PC000092;DISCO DE FREIO  PARALELA B;FREIOS;23,0;205,3
PC000093;CILINDRO MESTRE  PARALELA A;FREIOS;6,0;326,71
PC000094;CHICOTE ELETRICO  ORIGINAL;ELETRICA;64,0;158,54
PC000095;PARAFUSO DE RODA STD REMANUFATURADO;RODAS_PNEUS;18,0;546,32
PC000096;RADIADOR COMPLETO STD ORIGINAL;ARREFECIMENTO;4,0;62,79
PC000097;FILTRO DE OLEO CAMBIO  PARALELA A;FILTROS;3,0;60,27
PC000098;ESPELHO RETROVISOR PESADO ORIGINAL;CARROCERIA;16,0;227,68
PC000099;RODA DE ACO ARO 22 LEVE ORIGINAL;RODAS_PNEUS;6,0;1054,24
PC000100;VIDRO LATERAL PESADO ORIGINAL;CARROCERIA;41,0;804,26
PC000101;MANGOTE PNEUMATICO  ORIGINAL;ARTICULACAO_5RODA;5,0;862,92
PC000102;PARA-BRISA STD PARALELA A;CARROCERIA;114,0;422,17
PC000103;AMORTECEDOR DIANTEIRO STD PARALELA A;SUSPENSAO;2,0;270,16
PC000104;FILTRO DE COMBUSTIVEL STD PARALELA A;FILTROS;121,0;29,81
PC000105;FILTRO DE AR MOTOR STD ORIGINAL;FILTROS;3,0;96,99
PC000106;VALVULA TERMOSTATICA PESADO PARALELA A;ARREFECIMENTO;1,0;954,63
PC000107;CAMARA DE AR REFORCADO ORIGINAL;RODAS_PNEUS;23,0;746,94
PC000108;FEIXE DE MOLA LEVE REMANUFATURADO;SUSPENSAO;60,0;715,97
PC000109;CORREIA DENTADA  PARALELA A;MOTOR;8,0;4311,91
PC000110;ROLAMENTO DE RODA LEVE PARALELA A;RODAS_PNEUS;318,0;1089,69
PC000111;SINCRONIZADOR  ORIGINAL;TRANSMISSAO;3,0;3186,77
PC000112;BOLSA DE AR SUSPENSAO PESADO REMANUFATURADO;SUSPENSAO;1,0;933,36
PC000113;MANGUEIRA DE FREIO AR LEVE REMANUFATURADO;FREIOS;7,0;126,68
PC000114;FILTRO SEPARADOR AGUA PESADO PARALELA B;FILTROS;1,0;54,4
PC000116;CRUZETA CARDAN STD PARALELA B;TRANSMISSAO;28,0;614,57
PC000117;PARA-CHOQUE DIANTEIRO PESADO PARALELA B;CARROCERIA;28,0;412,62
PC000118;VALVULA DE FREIO REFORCADO PARALELA B;FREIOS;56,0;115,38
PC000120;BARRA ESTABILIZADORA  ORIGINAL;SUSPENSAO;12,0;1078,11
PC000121;AMORTECEDOR TRASEIRO  PARALELA B;SUSPENSAO;78,0;464,78
PC000122;FILTRO DE CABINE PESADO PARALELA B;FILTROS;134,0;74,69
PC000123;ENGATE DE REBOQUE LEVE REMANUFATURADO;ARTICULACAO_5RODA;20,0;1809,71
PC000124;DISCO DE EMBREAGEM REFORCADO PARALELA B;TRANSMISSAO;123,0;6381,78
PC000125;SAPATA DE FREIO STD ORIGINAL;FREIOS;1,0;134,16
PC000126;BICO INJETOR  ORIGINAL;MOTOR;106,0;4846,44
PC000127;BUCHA DE MOLA LEVE REMANUFATURADO;SUSPENSAO;6,0;437,76
PC000128;VENTOINHA LEVE ORIGINAL;ARREFECIMENTO;54,0;489,21
PC000129;CAMISA DE CILINDRO STD ORIGINAL;MOTOR;1,0;2688,23
PC000130;BOMBA INJETORA STD PARALELA A;MOTOR;143,0;1940,12
PC000131;TAMBOR DE FREIO REFORCADO REMANUFATURADO;FREIOS;112,0;178,14
PC000132;ROLAMENTO DE EMBREAGEM  PARALELA A;TRANSMISSAO;18,0;2724,87
PC000133;PINO REI  PARALELA A;ARTICULACAO_5RODA;0,0;1662,5
PC000134;PARA-LAMA  PARALELA A;CARROCERIA;84,0;618,97
PC000135;VALVULA DE ADMISSAO LEVE ORIGINAL;MOTOR;12,0;1548,8
PC000136;PNEU RADIAL 295/80  PARALELA B;RODAS_PNEUS;1,0;1338,63
PC000137;MACANETA DE PORTA REFORCADO REMANUFATURADO;CARROCERIA;2,0;430,45
PC000138;CUBO DE RODA REFORCADO PARALELA A;RODAS_PNEUS;2,0;1290,82
PC000139;BOMBA D AGUA PESADO PARALELA A;ARREFECIMENTO;14,0;95,15
PC000140;PASTILHA DE FREIO REFORCADO REMANUFATURADO;FREIOS;0,0;193,24
PC000141;CAIXA DE CAMBIO COMPLETA  ORIGINAL;TRANSMISSAO;64,0;4432,31
PC000142;ALTERNADOR STD PARALELA B;ELETRICA;15,0;199,2
PC000143;LANTERNA TRASEIRA REFORCADO PARALELA A;ELETRICA;6,0;1101,34
PC000144;MOTOR DE PARTIDA STD PARALELA A;ELETRICA;10,0;978,67
PC000145;JUNTA DE CABECOTE STD PARALELA A;MOTOR;16,0;1804,66
PC000146;SENSOR ABS  REMANUFATURADO;ELETRICA;52,0;845,29
PC000147;RESERVATORIO EXPANSAO STD PARALELA A;ARREFECIMENTO;2,0;91,29
PC000148;TURBO COMPRESSOR PESADO PARALELA A;MOTOR;20,0;3375,83
PC000149;MANGUEIRA RADIADOR PESADO PARALELA B;ARREFECIMENTO;7,0;361,75
PC000150;PINO MESTRE STD PARALELA B;SUSPENSAO;3,0;305,72
PC000151;QUINTA RODA COMPLETA REFORCADO REMANUFATURADO;ARTICULACAO_5RODA;35,0;1158,78
PC000152;EIXO CARDAN PESADO REMANUFATURADO;TRANSMISSAO;10,0;3263,81
PC000153;PLATO DE EMBREAGEM STD REMANUFATURADO;TRANSMISSAO;7,0;4978,03
PC000154;FILTRO DE OLEO MOTOR  PARALELA B;MOTOR;80,0;1110,71
PC000155;BATERIA 150AH PESADO PARALELA B;ELETRICA;831,0;686,11
PC000156;DISCO DE FREIO REFORCADO PARALELA A;FREIOS;34,0;223,83
PC000157;CILINDRO MESTRE REFORCADO ORIGINAL;FREIOS;8,0;171,25
PC000158;CHICOTE ELETRICO  ORIGINAL;ELETRICA;38,0;764,56
PC000159;PARAFUSO DE RODA  PARALELA A;RODAS_PNEUS;30,0;156,47
PC000160;RADIADOR COMPLETO PESADO REMANUFATURADO;ARREFECIMENTO;5,0;111,4
PC000161;FILTRO DE OLEO CAMBIO  PARALELA A;FILTROS;65,0;41,17
PC000162;ESPELHO RETROVISOR STD PARALELA A;CARROCERIA;11,0;929,8
PC000163;RODA DE ACO ARO 22 PESADO REMANUFATURADO;RODAS_PNEUS;1,0;875,52
PC000164;VIDRO LATERAL REFORCADO REMANUFATURADO;CARROCERIA;42,0;836,53
PC000165;MANGOTE PNEUMATICO LEVE REMANUFATURADO;ARTICULACAO_5RODA;3,0;421,75
PC000166;PARA-BRISA PESADO ORIGINAL;CARROCERIA;62,0;567,23
PC000167;AMORTECEDOR DIANTEIRO LEVE PARALELA A;SUSPENSAO;5,0;200,88
PC000168;FILTRO DE COMBUSTIVEL  REMANUFATURADO;FILTROS;12,0;93,19
PC000169;FILTRO DE AR MOTOR REFORCADO PARALELA B;FILTROS;5,0;108,42
PC000170;VALVULA TERMOSTATICA LEVE REMANUFATURADO;ARREFECIMENTO;9,0;171,66
PC000171;CAMARA DE AR LEVE REMANUFATURADO;RODAS_PNEUS;4,0;1022,83
PC000172;FEIXE DE MOLA  REMANUFATURADO;SUSPENSAO;20,0;1228,25
PC000173;CORREIA DENTADA REFORCADO PARALELA B;MOTOR;2,0;2461,92
PC000174;ROLAMENTO DE RODA REFORCADO ORIGINAL;RODAS_PNEUS;6,0;508,72
PC000175;SINCRONIZADOR PESADO ORIGINAL;TRANSMISSAO;31,0;7760,56
PC000176;BOLSA DE AR SUSPENSAO LEVE ORIGINAL;SUSPENSAO;2,0;626,95
PC000177;MANGUEIRA DE FREIO AR PESADO ORIGINAL;FREIOS;11,0;123,84
PC000178;FILTRO SEPARADOR AGUA LEVE REMANUFATURADO;FILTROS;35,0;55,43
PC000179;LONA DE FREIO REFORCADO ORIGINAL;FREIOS;6,0;282,44
PC000180;CRUZETA CARDAN REFORCADO ORIGINAL;TRANSMISSAO;38,0;3458,15
PC000181;PARA-CHOQUE DIANTEIRO REFORCADO PARALELA A;CARROCERIA;30,0;930,7
PC000182;VALVULA DE FREIO STD PARALELA B;FREIOS;16,0;185,4
PC000183;FAROL DIANTEIRO LED  PARALELA A;ELETRICA;6,0;1085,18
PC000184;BARRA ESTABILIZADORA  PARALELA A;SUSPENSAO;12,0;884,32
PC000185;AMORTECEDOR TRASEIRO LEVE PARALELA B;SUSPENSAO;11,0;139,93
PC000186;FILTRO DE CABINE  ORIGINAL;FILTROS;16,0;49,89
PC000187;ENGATE DE REBOQUE STD ORIGINAL;ARTICULACAO_5RODA;153,0;335,54
PC000188;DISCO DE EMBREAGEM REFORCADO REMANUFATURADO;TRANSMISSAO;15,0;2781,08
PC000189;SAPATA DE FREIO STD PARALELA A;FREIOS;4,0;376,14
PC000190;BICO INJETOR PESADO PARALELA A;MOTOR;1,0;4172,19
PC000191;BUCHA DE MOLA  ORIGINAL;SUSPENSAO;14,0;756,46
PC000192;VENTOINHA LEVE PARALELA B;ARREFECIMENTO;9,0;615,51
PC000193;CAMISA DE CILINDRO REFORCADO PARALELA A;MOTOR;54,0;1952,45
PC000194;BOMBA INJETORA LEVE PARALELA B;MOTOR;48,0;2429,8
PC000195;TAMBOR DE FREIO LEVE PARALELA A;FREIOS;2,0;128,98
PC000196;ROLAMENTO DE EMBREAGEM REFORCADO PARALELA A;TRANSMISSAO;15,0;522,92
PC000197;PINO REI PESADO ORIGINAL;ARTICULACAO_5RODA;15,0;1320,32
PC000198;PARA-LAMA REFORCADO ORIGINAL;CARROCERIA;2,0;637,48
PC000199;VALVULA DE ADMISSAO PESADO ORIGINAL;MOTOR;26,0;2980,92
PC000200;PNEU RADIAL 295/80  REMANUFATURADO;RODAS_PNEUS;1,0;1239,16
PC000201;MACANETA DE PORTA STD ORIGINAL;CARROCERIA;153,0;390,11
PC000202;CUBO DE RODA  PARALELA A;RODAS_PNEUS;9,0;1100,64
PC000203;BOMBA D AGUA REFORCADO PARALELA B;ARREFECIMENTO;9,0;766,61
PC000204;PASTILHA DE FREIO  ORIGINAL;FREIOS;68,0;308,33
PC000205;CAIXA DE CAMBIO COMPLETA REFORCADO PARALELA A;TRANSMISSAO;45,0;5748,74
PC000206;ALTERNADOR REFORCADO PARALELA B;ELETRICA;2,0;370,89
PC000207;LANTERNA TRASEIRA REFORCADO ORIGINAL;ELETRICA;2,0;145,75
PC000208;MOTOR DE PARTIDA  PARALELA A;ELETRICA;54,0;243,59
PC000209;JUNTA DE CABECOTE REFORCADO PARALELA B;MOTOR;1,0;3699,57
PC000210;SENSOR ABS LEVE PARALELA A;ELETRICA;9,0;699,01
PC000211;RESERVATORIO EXPANSAO REFORCADO PARALELA A;ARREFECIMENTO;3,0;665,44
PC000212;TURBO COMPRESSOR LEVE PARALELA B;MOTOR;5,0;5345,01
PC000213;MANGUEIRA RADIADOR STD ORIGINAL;ARREFECIMENTO;30,0;471,31
PC000214;PINO MESTRE LEVE PARALELA B;SUSPENSAO;8,0;415,91
PC000215;QUINTA RODA COMPLETA REFORCADO ORIGINAL;ARTICULACAO_5RODA;16,0;795,54
PC000216;EIXO CARDAN PESADO REMANUFATURADO;TRANSMISSAO;144,0;4260,91
PC000217;PLATO DE EMBREAGEM REFORCADO ORIGINAL;TRANSMISSAO;6,0;6529,99
PC000218;FILTRO DE OLEO MOTOR STD ORIGINAL;MOTOR;6,0;2801,68
PC000219;BATERIA 150AH REFORCADO REMANUFATURADO;ELETRICA;8,0;101,12
PC000220;DISCO DE FREIO STD PARALELA A;FREIOS;31,0;423,54
PC000221;CILINDRO MESTRE LEVE ORIGINAL;FREIOS;1,0;100,76
PC000222;CHICOTE ELETRICO STD PARALELA B;ELETRICA;142,0;1061,51
PC000223;PARAFUSO DE RODA LEVE PARALELA B;RODAS_PNEUS;11,0;462,63
PC000224;RADIADOR COMPLETO REFORCADO PARALELA B;ARREFECIMENTO;6,0;417,21
PC000225;FILTRO DE OLEO CAMBIO LEVE PARALELA A;FILTROS;46,0;80,61
PC000226;ESPELHO RETROVISOR REFORCADO ORIGINAL;CARROCERIA;97,0;639,67
PC000227;RODA DE ACO ARO 22 STD ORIGINAL;RODAS_PNEUS;8,0;859,79
PC000228;VIDRO LATERAL REFORCADO PARALELA A;CARROCERIA;18,0;754,57
PC000229;MANGOTE PNEUMATICO PESADO PARALELA B;ARTICULACAO_5RODA;15,0;800,75
PC000230;PARA-BRISA LEVE ORIGINAL;CARROCERIA;2,0;308,79
PC000231;AMORTECEDOR DIANTEIRO  REMANUFATURADO;SUSPENSAO;49,0;543,13
PC000232;FILTRO DE COMBUSTIVEL REFORCADO PARALELA A;FILTROS;27,0;49,13
PC000233;FILTRO DE AR MOTOR STD REMANUFATURADO;FILTROS;8,0;20,77
PC000234;VALVULA TERMOSTATICA STD PARALELA A;ARREFECIMENTO;46,0;730,12
PC000235;CAMARA DE AR STD PARALELA A;RODAS_PNEUS;39,0;413,78
PC000236;FEIXE DE MOLA LEVE REMANUFATURADO;SUSPENSAO;12,0;206,23
PC000237;CORREIA DENTADA  PARALELA A;MOTOR;89,0;1856,72
PC000238;ROLAMENTO DE RODA PESADO PARALELA A;RODAS_PNEUS;2,0;231,99
PC000239;SINCRONIZADOR LEVE REMANUFATURADO;TRANSMISSAO;28,0;1961,25
PC000240;BOLSA DE AR SUSPENSAO LEVE ORIGINAL;SUSPENSAO;6,0;817,9
PC000241;MANGUEIRA DE FREIO AR PESADO ORIGINAL;FREIOS;47,0;73,14
PC000242;FILTRO SEPARADOR AGUA LEVE PARALELA B;FILTROS;8,0;36,39
PC000243;LONA DE FREIO  ORIGINAL;FREIOS;64,0;140,31
PC000244;CRUZETA CARDAN PESADO REMANUFATURADO;TRANSMISSAO;3,0;1084,57
PC000245;PARA-CHOQUE DIANTEIRO LEVE PARALELA B;CARROCERIA;26,0;172,84
PC000246;VALVULA DE FREIO STD PARALELA B;FREIOS;27,0;204,1
PC000247;FAROL DIANTEIRO LED PESADO ORIGINAL;ELETRICA;12,0;515,1
PC000248;BARRA ESTABILIZADORA PESADO ORIGINAL;SUSPENSAO;33,0;576,76
PC000249;AMORTECEDOR TRASEIRO  PARALELA A;SUSPENSAO;5,0;969,32
PC000250;FILTRO DE CABINE PESADO ORIGINAL;FILTROS;4,0;65,13
PC000251;ENGATE DE REBOQUE PESADO PARALELA B;ARTICULACAO_5RODA;53,0;1872,21
PC000252;DISCO DE EMBREAGEM REFORCADO PARALELA A;TRANSMISSAO;5,0;4265,71
PC000253;SAPATA DE FREIO LEVE PARALELA A;FREIOS;27,0;169,32
PC000254;BICO INJETOR STD ORIGINAL;MOTOR;157,0;2349,64
PC000255;BUCHA DE MOLA REFORCADO REMANUFATURADO;SUSPENSAO;185,0;218,12
PC000256;VENTOINHA  PARALELA B;ARREFECIMENTO;16,0;240,25
PC000257;CAMISA DE CILINDRO  ORIGINAL;MOTOR;112,0;905,5
PC000258;BOMBA INJETORA REFORCADO ORIGINAL;MOTOR;91,0;4795,92
PC000259;TAMBOR DE FREIO STD PARALELA A;FREIOS;12,0;227,73
PC000260;ROLAMENTO DE EMBREAGEM  ORIGINAL;TRANSMISSAO;105,0;5154,15
PC000261;PINO REI LEVE PARALELA B;ARTICULACAO_5RODA;9,0;2059,08
PC000262;PARA-LAMA PESADO ORIGINAL;CARROCERIA;61,0;268,59
PC000263;VALVULA DE ADMISSAO PESADO PARALELA A;MOTOR;17,0;2467,95
PC000264;PNEU RADIAL 295/80 STD PARALELA A;RODAS_PNEUS;13,0;675,51
PC000265;MACANETA DE PORTA REFORCADO ORIGINAL;CARROCERIA;48,0;700,9
PC000266;CUBO DE RODA  PARALELA A;RODAS_PNEUS;26,0;214,57
PC000267;BOMBA D AGUA  PARALELA B;ARREFECIMENTO;4,0;996,54
PC000268;PASTILHA DE FREIO REFORCADO ORIGINAL;FREIOS;2,0;76,52
PC000269;CAIXA DE CAMBIO COMPLETA  ORIGINAL;TRANSMISSAO;37,0;6228,91
PC000270;ALTERNADOR LEVE ORIGINAL;ELETRICA;76,0;861,85
PC000271;LANTERNA TRASEIRA LEVE ORIGINAL;ELETRICA;59,0;1111,15
PC000272;MOTOR DE PARTIDA PESADO ORIGINAL;ELETRICA;16,0;766,93
PC000273;JUNTA DE CABECOTE  PARALELA B;MOTOR;3,0;2527,22
PC000274;SENSOR ABS PESADO ORIGINAL;ELETRICA;25,0;767,61
PC000275;RESERVATORIO EXPANSAO STD ORIGINAL;ARREFECIMENTO;9,0;916,04
PC000276;TURBO COMPRESSOR LEVE PARALELA A;MOTOR;72,0;1241,18
PC000277;MANGUEIRA RADIADOR PESADO PARALELA B;ARREFECIMENTO;28,0;124,83
PC000278;PINO MESTRE  PARALELA B;SUSPENSAO;653,0;320,84
PC000279;QUINTA RODA COMPLETA PESADO PARALELA A;ARTICULACAO_5RODA;15,0;1263,02
PC000280;EIXO CARDAN  ORIGINAL;TRANSMISSAO;75,0;629,85
PC000281;PLATO DE EMBREAGEM PESADO PARALELA A;TRANSMISSAO;56,0;3940,25
PC000282;FILTRO DE OLEO MOTOR STD ORIGINAL;MOTOR;118,0;5104,59
PC000283;BATERIA 150AH STD ORIGINAL;ELETRICA;34,0;1439,19
PC000284;DISCO DE FREIO STD PARALELA B;FREIOS;11,0;265,71
PC000285;CILINDRO MESTRE LEVE ORIGINAL;FREIOS;20,0;218,38
PC000286;CHICOTE ELETRICO LEVE ORIGINAL;ELETRICA;16,0;138,33
PC000287;PARAFUSO DE RODA STD PARALELA B;RODAS_PNEUS;3,0;555,04
PC000288;RADIADOR COMPLETO PESADO PARALELA B;ARREFECIMENTO;0,0;303,07
PC000289;FILTRO DE OLEO CAMBIO  REMANUFATURADO;FILTROS;87,0;92,58
PC000290;ESPELHO RETROVISOR REFORCADO ORIGINAL;CARROCERIA;7,0;44,56
PC000291;RODA DE ACO ARO 22  ORIGINAL;RODAS_PNEUS;7,0;1094,13
PC000292;VIDRO LATERAL  ORIGINAL;CARROCERIA;10,0;386,82
PC000293;MANGOTE PNEUMATICO STD ORIGINAL;ARTICULACAO_5RODA;134,0;1426,39
PC000295;AMORTECEDOR DIANTEIRO LEVE PARALELA B;SUSPENSAO;225,0;168,98
PC000296;FILTRO DE COMBUSTIVEL PESADO REMANUFATURADO;FILTROS;4,0;48,03
PC000297;FILTRO DE AR MOTOR PESADO PARALELA B;FILTROS;9,0;53,27
PC000298;VALVULA TERMOSTATICA  ORIGINAL;ARREFECIMENTO;23,0;593,19
PC000299;CAMARA DE AR LEVE PARALELA A;RODAS_PNEUS;1,0;1336,73
PC000300;FEIXE DE MOLA PESADO PARALELA A;SUSPENSAO;12,0;619,71
PC000301;CORREIA DENTADA LEVE PARALELA A;MOTOR;8,0;2841,62
PC000303;SINCRONIZADOR PESADO PARALELA A;TRANSMISSAO;308,0;1851,29
PC000304;BOLSA DE AR SUSPENSAO REFORCADO PARALELA B;SUSPENSAO;6,0;1044,22
PC000305;MANGUEIRA DE FREIO AR REFORCADO REMANUFATURADO;FREIOS;25,0;187,24
PC000307;LONA DE FREIO  ORIGINAL;FREIOS;8,0;170,98
PC000308;CRUZETA CARDAN REFORCADO ORIGINAL;TRANSMISSAO;1,0;1129,05
PC000309;PARA-CHOQUE DIANTEIRO STD PARALELA A;CARROCERIA;11,0;465,65
PC000310;VALVULA DE FREIO REFORCADO PARALELA A;FREIOS;13,0;134,39
PC000311;FAROL DIANTEIRO LED PESADO ORIGINAL;ELETRICA;35,0;652,13
PC000312;BARRA ESTABILIZADORA REFORCADO ORIGINAL;SUSPENSAO;10,0;756,44
PC000313;AMORTECEDOR TRASEIRO REFORCADO ORIGINAL;SUSPENSAO;9,0;406,3
PC000314;FILTRO DE CABINE STD ORIGINAL;FILTROS;12,0;75,32
PC000315;ENGATE DE REBOQUE  REMANUFATURADO;ARTICULACAO_5RODA;20,0;1450,44
PC000316;DISCO DE EMBREAGEM STD PARALELA B;TRANSMISSAO;19,0;3221,6
PC000317;SAPATA DE FREIO REFORCADO PARALELA A;FREIOS;1,0;65,01
PC000318;BICO INJETOR STD ORIGINAL;MOTOR;9,0;1819,38
PC000319;BUCHA DE MOLA  PARALELA B;SUSPENSAO;16,0;322,57
PC000320;VENTOINHA PESADO PARALELA B;ARREFECIMENTO;4,0;997,99
PC000321;CAMISA DE CILINDRO STD PARALELA B;MOTOR;7,0;346,93
PC000322;BOMBA INJETORA REFORCADO ORIGINAL;MOTOR;104,0;1056,95
PC000323;TAMBOR DE FREIO REFORCADO PARALELA B;FREIOS;19,0;300,84
PC000325;PINO REI  PARALELA A;ARTICULACAO_5RODA;22,0;1343,67
PC000326;PARA-LAMA REFORCADO ORIGINAL;CARROCERIA;11,0;230,59
PC000327;VALVULA DE ADMISSAO REFORCADO PARALELA A;MOTOR;1,0;1224,08
PC000328;PNEU RADIAL 295/80 REFORCADO ORIGINAL;RODAS_PNEUS;18,0;1147,98
PC000329;MACANETA DE PORTA REFORCADO ORIGINAL;CARROCERIA;3,0;108,51
PC000330;CUBO DE RODA REFORCADO REMANUFATURADO;RODAS_PNEUS;18,0;1002,08
PC000331;BOMBA D AGUA STD PARALELA A;ARREFECIMENTO;1,0;56,67
PC000332;PASTILHA DE FREIO LEVE PARALELA A;FREIOS;4,0;306,56
PC000333;CAIXA DE CAMBIO COMPLETA STD REMANUFATURADO;TRANSMISSAO;55,0;7762,57
PC000334;ALTERNADOR PESADO PARALELA A;ELETRICA;38,0;687,37
PC000335;LANTERNA TRASEIRA  ORIGINAL;ELETRICA;2,0;1005,42
PC000336;MOTOR DE PARTIDA REFORCADO ORIGINAL;ELETRICA;44,0;411,98
PC000337;JUNTA DE CABECOTE LEVE PARALELA A;MOTOR;56,0;2180,42
PC000338;SENSOR ABS  PARALELA A;ELETRICA;2,0;956,82
PC000339;RESERVATORIO EXPANSAO STD PARALELA B;ARREFECIMENTO;120,0;812,54
PC000340;TURBO COMPRESSOR  PARALELA A;MOTOR;26,0;1142,62
PC000341;MANGUEIRA RADIADOR LEVE REMANUFATURADO;ARREFECIMENTO;5,0;203,89
PC000342;PINO MESTRE STD PARALELA A;SUSPENSAO;115,0;1064,28
PC000343;QUINTA RODA COMPLETA REFORCADO ORIGINAL;ARTICULACAO_5RODA;27,0;1808,07
PC000344;EIXO CARDAN  REMANUFATURADO;TRANSMISSAO;0,0;2887,04
PC000345;PLATO DE EMBREAGEM STD ORIGINAL;TRANSMISSAO;11,0;6407,11
PC000346;FILTRO DE OLEO MOTOR LEVE PARALELA A;MOTOR;158,0;681,99
PC000347;BATERIA 150AH STD ORIGINAL;ELETRICA;171,0;568,51
PC000348;DISCO DE FREIO STD REMANUFATURADO;FREIOS;13,0;133,87
PC000349;CILINDRO MESTRE STD REMANUFATURADO;FREIOS;5,0;415,23
PC000350;CHICOTE ELETRICO REFORCADO PARALELA B;ELETRICA;208,0;349,72
PC000351;PARAFUSO DE RODA REFORCADO PARALELA B;RODAS_PNEUS;56,0;557,32
PC000352;RADIADOR COMPLETO  PARALELA A;ARREFECIMENTO;9,0;637,51
PC000353;FILTRO DE OLEO CAMBIO PESADO PARALELA A;FILTROS;45,0;29,31
PC000354;ESPELHO RETROVISOR REFORCADO ORIGINAL;CARROCERIA;11,0;402,17
PC000355;RODA DE ACO ARO 22 LEVE PARALELA A;RODAS_PNEUS;20,0;631,87
PC000356;VIDRO LATERAL STD ORIGINAL;CARROCERIA;40,0;865,2
PC000357;MANGOTE PNEUMATICO REFORCADO REMANUFATURADO;ARTICULACAO_5RODA;10,0;841,82
PC000358;PARA-BRISA REFORCADO PARALELA B;CARROCERIA;193,0;530,77
PC000359;AMORTECEDOR DIANTEIRO REFORCADO ORIGINAL;SUSPENSAO;9,0;1126,64
PC000360;FILTRO DE COMBUSTIVEL  PARALELA A;FILTROS;3,0;110,96
PC000361;FILTRO DE AR MOTOR  ORIGINAL;FILTROS;45,0;85,9
PC000362;VALVULA TERMOSTATICA STD PARALELA A;ARREFECIMENTO;1,0;670,47
PC000363;CAMARA DE AR LEVE PARALELA A;RODAS_PNEUS;91,0;310,31
PC000364;FEIXE DE MOLA STD PARALELA A;SUSPENSAO;124,0;687,37
PC000365;CORREIA DENTADA REFORCADO PARALELA A;MOTOR;4,0;2512,1
PC000366;ROLAMENTO DE RODA STD PARALELA B;RODAS_PNEUS;7,0;1202,88
PC000367;SINCRONIZADOR LEVE PARALELA A;TRANSMISSAO;3,0;1285,11
PC000368;BOLSA DE AR SUSPENSAO PESADO PARALELA B;SUSPENSAO;6,0;600,82
PC000369;MANGUEIRA DE FREIO AR PESADO PARALELA B;FREIOS;20,0;100,09
PC000371;LONA DE FREIO  PARALELA A;FREIOS;5,0;325,32
PC000372;CRUZETA CARDAN REFORCADO PARALELA A;TRANSMISSAO;2,0;6903,91
PC000373;PARA-CHOQUE DIANTEIRO PESADO ORIGINAL;CARROCERIA;63,0;617,11
PC000374;VALVULA DE FREIO  PARALELA A;FREIOS;63,0;81,69
PC000375;FAROL DIANTEIRO LED STD PARALELA B;ELETRICA;16,0;357,07
PC000376;BARRA ESTABILIZADORA STD PARALELA A;SUSPENSAO;3,0;625,65
PC000377;AMORTECEDOR TRASEIRO  PARALELA B;SUSPENSAO;45,0;817,81
PC000378;FILTRO DE CABINE STD ORIGINAL;FILTROS;1,0;93,11
PC000379;ENGATE DE REBOQUE REFORCADO ORIGINAL;ARTICULACAO_5RODA;37,0;2096,97
PC000380;DISCO DE EMBREAGEM STD PARALELA B;TRANSMISSAO;1,0;4341,01
PC000381;SAPATA DE FREIO PESADO REMANUFATURADO;FREIOS;26,0;116,64
PC000382;BICO INJETOR STD REMANUFATURADO;MOTOR;1,0;4473,1
PC000383;BUCHA DE MOLA LEVE ORIGINAL;SUSPENSAO;22,0;562,04
PC000384;VENTOINHA LEVE PARALELA B;ARREFECIMENTO;9,0;901,35
PC000385;CAMISA DE CILINDRO STD ORIGINAL;MOTOR;18,0;4509,49
PC000386;BOMBA INJETORA STD ORIGINAL;MOTOR;3,0;5628,92
PC000387;TAMBOR DE FREIO  REMANUFATURADO;FREIOS;1,0;277,45
PC000388;ROLAMENTO DE EMBREAGEM PESADO ORIGINAL;TRANSMISSAO;38,0;4626,28
PC000389;PINO REI PESADO REMANUFATURADO;ARTICULACAO_5RODA;0,0;2303,83
PC000390;PARA-LAMA STD PARALELA B;CARROCERIA;44,0;365,32
PC000391;VALVULA DE ADMISSAO LEVE ORIGINAL;MOTOR;31,0;1054,45
PC000392;PNEU RADIAL 295/80 PESADO PARALELA B;RODAS_PNEUS;18,0;732,89
PC000393;MACANETA DE PORTA  ORIGINAL;CARROCERIA;6,0;382,7
PC000394;CUBO DE RODA STD PARALELA B;RODAS_PNEUS;325,0;1753,86
PC000395;BOMBA D AGUA REFORCADO PARALELA A;ARREFECIMENTO;37,0;857,9
PC000396;PASTILHA DE FREIO LEVE ORIGINAL;FREIOS;72,0;138,28
PC000397;CAIXA DE CAMBIO COMPLETA LEVE ORIGINAL;TRANSMISSAO;9,0;3847,49
PC000398;ALTERNADOR REFORCADO PARALELA A;ELETRICA;26,0;584,44
PC000399;LANTERNA TRASEIRA STD PARALELA A;ELETRICA;38,0;279,84
PC000400;MOTOR DE PARTIDA REFORCADO PARALELA A;ELETRICA;31,0;1183,95
PC000401;JUNTA DE CABECOTE STD REMANUFATURADO;MOTOR;5,0;3997,93
PC000402;SENSOR ABS PESADO ORIGINAL;ELETRICA;33,0;179,81
PC000403;RESERVATORIO EXPANSAO PESADO PARALELA A;ARREFECIMENTO;221,0;859,25
PC000404;TURBO COMPRESSOR  ORIGINAL;MOTOR;3,0;5238,02
PC000405;MANGUEIRA RADIADOR PESADO ORIGINAL;ARREFECIMENTO;10,0;302,55
PC000406;PINO MESTRE PESADO REMANUFATURADO;SUSPENSAO;28,0;150,4
PC000407;QUINTA RODA COMPLETA STD PARALELA A;ARTICULACAO_5RODA;31,0;1459,62
PC000408;EIXO CARDAN PESADO PARALELA B;TRANSMISSAO;62,0;2066,82
PC000409;PLATO DE EMBREAGEM PESADO ORIGINAL;TRANSMISSAO;46,0;1438,41
PC000410;FILTRO DE OLEO MOTOR LEVE ORIGINAL;MOTOR;2,0;4007,0
PC000411;BATERIA 150AH LEVE ORIGINAL;ELETRICA;6,0;628,99
PC000412;DISCO DE FREIO  ORIGINAL;FREIOS;42,0;103,45
PC000413;CILINDRO MESTRE REFORCADO PARALELA B;FREIOS;23,0;88,58
PC000414;CHICOTE ELETRICO PESADO PARALELA B;ELETRICA;8,0;578,47
PC000415;PARAFUSO DE RODA  PARALELA A;RODAS_PNEUS;6,0;1077,51
PC000416;RADIADOR COMPLETO PESADO ORIGINAL;ARREFECIMENTO;32,0;176,29
PC000417;FILTRO DE OLEO CAMBIO STD PARALELA A;FILTROS;11,0;103,34
PC000418;ESPELHO RETROVISOR  PARALELA B;CARROCERIA;17,0;718,7
PC000419;RODA DE ACO ARO 22 STD REMANUFATURADO;RODAS_PNEUS;30,0;1142,8
PC000420;VIDRO LATERAL REFORCADO ORIGINAL;CARROCERIA;1,0;341,36
PC000421;MANGOTE PNEUMATICO STD ORIGINAL;ARTICULACAO_5RODA;5,0;2872,15
PC000422;PARA-BRISA  REMANUFATURADO;CARROCERIA;50,0;582,56
PC000423;AMORTECEDOR DIANTEIRO REFORCADO REMANUFATURADO;SUSPENSAO;6,0;1175,34
PC000425;FILTRO DE AR MOTOR  REMANUFATURADO;FILTROS;7,0;129,13
PC000426;VALVULA TERMOSTATICA STD ORIGINAL;ARREFECIMENTO;7,0;598,08
PC000427;CAMARA DE AR STD PARALELA A;RODAS_PNEUS;1,0;1140,0
PC000428;FEIXE DE MOLA  REMANUFATURADO;SUSPENSAO;16,0;809,47
PC000429;CORREIA DENTADA  PARALELA A;MOTOR;7,0;4536,44
PC000430;ROLAMENTO DE RODA  PARALELA A;RODAS_PNEUS;9,0;739,45
PC000431;SINCRONIZADOR  PARALELA B;TRANSMISSAO;21,0;309,41
PC000432;BOLSA DE AR SUSPENSAO REFORCADO REMANUFATURADO;SUSPENSAO;14,0;756,47
PC000433;MANGUEIRA DE FREIO AR LEVE PARALELA B;FREIOS;1,0;309,92
PC000434;FILTRO SEPARADOR AGUA  ORIGINAL;FILTROS;8,0;50,83
PC000435;LONA DE FREIO STD PARALELA B;FREIOS;1,0;58,33
PC000436;CRUZETA CARDAN LEVE ORIGINAL;TRANSMISSAO;16,0;3702,97
PC000437;PARA-CHOQUE DIANTEIRO  REMANUFATURADO;CARROCERIA;10,0;298,59
PC000438;VALVULA DE FREIO REFORCADO ORIGINAL;FREIOS;54,0;216,68
PC000439;FAROL DIANTEIRO LED PESADO ORIGINAL;ELETRICA;27,0;1054,42
PC000440;BARRA ESTABILIZADORA LEVE PARALELA B;SUSPENSAO;13,0;540,91
PC000441;AMORTECEDOR TRASEIRO  PARALELA A;SUSPENSAO;1,0;700,22
PC000442;FILTRO DE CABINE  PARALELA A;FILTROS;24,0;132,82
PC000443;ENGATE DE REBOQUE PESADO PARALELA B;ARTICULACAO_5RODA;12,0;357,41
PC000444;DISCO DE EMBREAGEM PESADO PARALELA A;TRANSMISSAO;4,0;670,93
PC000445;SAPATA DE FREIO REFORCADO REMANUFATURADO;FREIOS;0,0;308,4
PC000446;BICO INJETOR  PARALELA A;MOTOR;7,0;4294,89
PC000447;BUCHA DE MOLA STD ORIGINAL;SUSPENSAO;4,0;190,08
PC000448;VENTOINHA LEVE ORIGINAL;ARREFECIMENTO;293,0;331,68
PC000449;CAMISA DE CILINDRO LEVE REMANUFATURADO;MOTOR;42,0;2056,8
PC000450;BOMBA INJETORA REFORCADO ORIGINAL;MOTOR;9,0;489,7
PC000451;TAMBOR DE FREIO PESADO PARALELA A;FREIOS;5,0;426,62
PC000452;ROLAMENTO DE EMBREAGEM STD ORIGINAL;TRANSMISSAO;119,0;2282,49
PC000453;PINO REI LEVE ORIGINAL;ARTICULACAO_5RODA;8,0;1967,76
PC000454;PARA-LAMA  PARALELA A;CARROCERIA;30,0;910,55
PC000455;VALVULA DE ADMISSAO REFORCADO ORIGINAL;MOTOR;8,0;2039,32
PC000456;PNEU RADIAL 295/80 LEVE ORIGINAL;RODAS_PNEUS;3,0;1540,94
PC000457;MACANETA DE PORTA REFORCADO PARALELA A;CARROCERIA;3,0;327,81
PC000459;BOMBA D AGUA LEVE ORIGINAL;ARREFECIMENTO;11,0;765,19
PC000460;PASTILHA DE FREIO PESADO REMANUFATURADO;FREIOS;20,0;106,66
PC000461;CAIXA DE CAMBIO COMPLETA STD ORIGINAL;TRANSMISSAO;23,0;1113,34
PC000463;LANTERNA TRASEIRA LEVE PARALELA A;ELETRICA;78,0;777,02
PC000464;MOTOR DE PARTIDA  ORIGINAL;ELETRICA;3,0;643,6
PC000465;JUNTA DE CABECOTE STD ORIGINAL;MOTOR;4,0;2462,22
PC000466;SENSOR ABS LEVE ORIGINAL;ELETRICA;29,0;444,03
PC000467;RESERVATORIO EXPANSAO STD PARALELA A;ARREFECIMENTO;11,0;378,25
PC000468;TURBO COMPRESSOR REFORCADO ORIGINAL;MOTOR;48,0;4016,63
PC000469;MANGUEIRA RADIADOR  PARALELA A;ARREFECIMENTO;2,0;284,87
PC000470;PINO MESTRE  PARALELA B;SUSPENSAO;9,0;378,2
PC000471;QUINTA RODA COMPLETA  PARALELA B;ARTICULACAO_5RODA;67,0;552,61
PC000472;EIXO CARDAN LEVE PARALELA B;TRANSMISSAO;3,0;5126,73
PC000473;PLATO DE EMBREAGEM PESADO PARALELA A;TRANSMISSAO;7,0;2910,6
PC000474;FILTRO DE OLEO MOTOR REFORCADO PARALELA A;MOTOR;7,0;391,06
PC000475;BATERIA 150AH STD PARALELA A;ELETRICA;2,0;630,99
PC000476;DISCO DE FREIO REFORCADO PARALELA A;FREIOS;9,0;289,26
PC000477;CILINDRO MESTRE REFORCADO PARALELA A;FREIOS;13,0;172,09
PC000478;CHICOTE ELETRICO STD PARALELA B;ELETRICA;23,0;201,0
PC000479;PARAFUSO DE RODA PESADO REMANUFATURADO;RODAS_PNEUS;136,0;918,32
PC000480;RADIADOR COMPLETO PESADO ORIGINAL;ARREFECIMENTO;6,0;885,52
PC000481;FILTRO DE OLEO CAMBIO  PARALELA A;FILTROS;82,0;29,36
PC000482;ESPELHO RETROVISOR REFORCADO PARALELA B;CARROCERIA;91,0;493,31
PC000483;RODA DE ACO ARO 22 PESADO ORIGINAL;RODAS_PNEUS;22,0;1337,11
PC000484;VIDRO LATERAL PESADO PARALELA B;CARROCERIA;7,0;473,73
PC000485;MANGOTE PNEUMATICO REFORCADO ORIGINAL;ARTICULACAO_5RODA;4,0;2232,98
PC000486;PARA-BRISA REFORCADO ORIGINAL;CARROCERIA;10,0;311,49
PC000487;AMORTECEDOR DIANTEIRO REFORCADO PARALELA B;SUSPENSAO;10,0;653,99
PC000488;FILTRO DE COMBUSTIVEL LEVE PARALELA B;FILTROS;3,0;29,56
PC000489;FILTRO DE AR MOTOR LEVE ORIGINAL;FILTROS;7,0;34,55
PC000490;VALVULA TERMOSTATICA PESADO PARALELA A;ARREFECIMENTO;78,0;365,39
PC000491;CAMARA DE AR  PARALELA A;RODAS_PNEUS;3,0;458,41
PC000492;FEIXE DE MOLA  PARALELA A;SUSPENSAO;3,0;740,55
PC000493;CORREIA DENTADA PESADO PARALELA A;MOTOR;51,0;4321,68
PC000494;ROLAMENTO DE RODA REFORCADO PARALELA A;RODAS_PNEUS;17,0;223,53
PC000495;SINCRONIZADOR PESADO PARALELA B;TRANSMISSAO;244,0;3146,42
PC000496;BOLSA DE AR SUSPENSAO REFORCADO PARALELA B;SUSPENSAO;3,0;666,73
PC000497;MANGUEIRA DE FREIO AR PESADO PARALELA B;FREIOS;34,0;208,04
PC000498;FILTRO SEPARADOR AGUA STD PARALELA A;FILTROS;1,0;114,97
PC000499;LONA DE FREIO  PARALELA A;FREIOS;12,0;104,49
PC000500;CRUZETA CARDAN LEVE REMANUFATURADO;TRANSMISSAO;12,0;3437,13
PC000501;PARA-CHOQUE DIANTEIRO  REMANUFATURADO;CARROCERIA;49,0;658,84
PC000502;VALVULA DE FREIO  PARALELA B;FREIOS;55,0;82,41
PC000504;BARRA ESTABILIZADORA LEVE ORIGINAL;SUSPENSAO;52,0;329,2
PC000505;AMORTECEDOR TRASEIRO  ORIGINAL;SUSPENSAO;34,0;279,39
PC000506;FILTRO DE CABINE  PARALELA B;FILTROS;8,0;78,6
PC000507;ENGATE DE REBOQUE STD PARALELA A;ARTICULACAO_5RODA;0,0;2955,73
PC000508;DISCO DE EMBREAGEM REFORCADO PARALELA A;TRANSMISSAO;36,0;838,01
PC000509;SAPATA DE FREIO  ORIGINAL;FREIOS;3,0;277,45
PC000510;BICO INJETOR PESADO PARALELA A;MOTOR;6,0;3420,43
PC000511;BUCHA DE MOLA REFORCADO ORIGINAL;SUSPENSAO;6,0;712,3
PC000512;VENTOINHA LEVE PARALELA B;ARREFECIMENTO;34,0;562,19
PC000513;CAMISA DE CILINDRO  ORIGINAL;MOTOR;4,0;1711,7
PC000514;BOMBA INJETORA STD REMANUFATURADO;MOTOR;29,0;6371,34
PC000515;TAMBOR DE FREIO REFORCADO PARALELA A;FREIOS;45,0;213,09
PC000516;ROLAMENTO DE EMBREAGEM PESADO PARALELA A;TRANSMISSAO;4,0;7742,6
PC000517;PINO REI LEVE PARALELA B;ARTICULACAO_5RODA;9,0;423,71
PC000518;PARA-LAMA LEVE REMANUFATURADO;CARROCERIA;160,0;431,0
PC000520;PNEU RADIAL 295/80 LEVE REMANUFATURADO;RODAS_PNEUS;3,0;1581,59
PC000521;MACANETA DE PORTA  ORIGINAL;CARROCERIA;2,0;86,0
PC000522;CUBO DE RODA STD REMANUFATURADO;RODAS_PNEUS;5,0;1552,5
PC000524;PASTILHA DE FREIO PESADO REMANUFATURADO;FREIOS;10,0;294,85
PC000525;CAIXA DE CAMBIO COMPLETA STD REMANUFATURADO;TRANSMISSAO;239,0;1106,01
PC000526;ALTERNADOR STD PARALELA B;ELETRICA;4,0;350,91
PC000527;LANTERNA TRASEIRA LEVE ORIGINAL;ELETRICA;3,0;64,16
PC000528;MOTOR DE PARTIDA REFORCADO ORIGINAL;ELETRICA;12,0;969,78
PC000529;JUNTA DE CABECOTE STD PARALELA B;MOTOR;5,0;3744,59
PC000530;SENSOR ABS  PARALELA A;ELETRICA;8,0;1021,24
PC000531;RESERVATORIO EXPANSAO  PARALELA B;ARREFECIMENTO;5,0;232,76
PC000532;TURBO COMPRESSOR REFORCADO PARALELA B;MOTOR;86,0;4758,3
PC000533;MANGUEIRA RADIADOR LEVE ORIGINAL;ARREFECIMENTO;6,0;1000,56
PC000534;PINO MESTRE STD REMANUFATURADO;SUSPENSAO;87,0;756,42
PC000535;QUINTA RODA COMPLETA  PARALELA B;ARTICULACAO_5RODA;7,0;2866,79
PC000536;EIXO CARDAN STD PARALELA B;TRANSMISSAO;14,0;3913,59
PC000537;PLATO DE EMBREAGEM  ORIGINAL;TRANSMISSAO;20,0;2399,86
PC000538;FILTRO DE OLEO MOTOR STD REMANUFATURADO;MOTOR;20,0;3759,05
PC000539;BATERIA 150AH LEVE ORIGINAL;ELETRICA;11,0;725,11
PC000540;DISCO DE FREIO LEVE ORIGINAL;FREIOS;6,0;214,65
PC000541;CILINDRO MESTRE  ORIGINAL;FREIOS;18,0;281,49
PC000542;CHICOTE ELETRICO STD REMANUFATURADO;ELETRICA;2,0;1096,8
PC000543;PARAFUSO DE RODA STD ORIGINAL;RODAS_PNEUS;29,0;1568,34
PC000544;RADIADOR COMPLETO  ORIGINAL;ARREFECIMENTO;5,0;223,98
PC000545;FILTRO DE OLEO CAMBIO REFORCADO PARALELA A;FILTROS;10,0;74,11
PC000546;ESPELHO RETROVISOR REFORCADO ORIGINAL;CARROCERIA;39,0;261,68
PC000547;RODA DE ACO ARO 22 LEVE REMANUFATURADO;RODAS_PNEUS;20,0;594,64
PC000548;VIDRO LATERAL STD PARALELA A;CARROCERIA;4,0;264,72
PC000549;MANGOTE PNEUMATICO PESADO PARALELA A;ARTICULACAO_5RODA;149,0;1457,21
PC000550;PARA-BRISA LEVE REMANUFATURADO;CARROCERIA;4,0;97,21
PC000551;AMORTECEDOR DIANTEIRO  PARALELA A;SUSPENSAO;1,0;438,28
PC000552;FILTRO DE COMBUSTIVEL PESADO ORIGINAL;FILTROS;2,0;125,96
PC000553;FILTRO DE AR MOTOR  PARALELA A;FILTROS;27,0;47,74
PC000554;VALVULA TERMOSTATICA  ORIGINAL;ARREFECIMENTO;19,0;222,28
PC000555;CAMARA DE AR PESADO ORIGINAL;RODAS_PNEUS;218,0;1672,16
PC000556;FEIXE DE MOLA PESADO REMANUFATURADO;SUSPENSAO;34,0;198,16
PC000557;CORREIA DENTADA REFORCADO REMANUFATURADO;MOTOR;21,0;3241,48
PC000558;ROLAMENTO DE RODA LEVE ORIGINAL;RODAS_PNEUS;15,0;1175,04
PC000559;SINCRONIZADOR  ORIGINAL;TRANSMISSAO;26,0;4682,99
PC000560;BOLSA DE AR SUSPENSAO REFORCADO PARALELA B;SUSPENSAO;29,0;433,16
PC000561;MANGUEIRA DE FREIO AR PESADO REMANUFATURADO;FREIOS;27,0;280,07
PC000562;FILTRO SEPARADOR AGUA PESADO PARALELA B;FILTROS;2,0;50,92
PC000563;LONA DE FREIO  ORIGINAL;FREIOS;26,0;305,33
PC000564;CRUZETA CARDAN  PARALELA A;TRANSMISSAO;6,0;2825,18
PC000565;PARA-CHOQUE DIANTEIRO  PARALELA B;CARROCERIA;3,0;646,29
PC000566;VALVULA DE FREIO PESADO ORIGINAL;FREIOS;189,0;179,16
PC000567;FAROL DIANTEIRO LED STD PARALELA A;ELETRICA;92,0;999,54
PC000568;BARRA ESTABILIZADORA PESADO PARALELA A;SUSPENSAO;10,0;974,17
PC000569;AMORTECEDOR TRASEIRO STD PARALELA B;SUSPENSAO;49,0;671,25
PC000570;FILTRO DE CABINE PESADO PARALELA B;FILTROS;14,0;23,3
PC000571;ENGATE DE REBOQUE STD PARALELA A;ARTICULACAO_5RODA;27,0;358,9
PC000572;DISCO DE EMBREAGEM LEVE ORIGINAL;TRANSMISSAO;47,0;5315,29
PC000573;SAPATA DE FREIO LEVE PARALELA A;FREIOS;6,0;357,13
PC000574;BICO INJETOR REFORCADO ORIGINAL;MOTOR;3,0;4730,06
PC000575;BUCHA DE MOLA REFORCADO PARALELA A;SUSPENSAO;96,0;538,73
PC000576;VENTOINHA STD PARALELA B;ARREFECIMENTO;55,0;564,28
PC000577;CAMISA DE CILINDRO REFORCADO PARALELA B;MOTOR;6,0;355,63
PC000579;TAMBOR DE FREIO PESADO REMANUFATURADO;FREIOS;141,0;237,06
PC000580;ROLAMENTO DE EMBREAGEM  PARALELA A;TRANSMISSAO;5,0;1026,27
PC000581;PINO REI LEVE REMANUFATURADO;ARTICULACAO_5RODA;50,0;3073,78
PC000582;PARA-LAMA  REMANUFATURADO;CARROCERIA;23,0;106,18
PC000583;VALVULA DE ADMISSAO LEVE PARALELA B;MOTOR;5,0;2356,98
PC000584;PNEU RADIAL 295/80  PARALELA B;RODAS_PNEUS;97,0;763,8
PC000585;MACANETA DE PORTA LEVE REMANUFATURADO;CARROCERIA;9,0;770,18
PC000586;CUBO DE RODA PESADO PARALELA A;RODAS_PNEUS;1,0;1233,83
PC000587;BOMBA D AGUA  ORIGINAL;ARREFECIMENTO;140,0;847,54
PC000588;PASTILHA DE FREIO REFORCADO ORIGINAL;FREIOS;3,0;230,18
PC000589;CAIXA DE CAMBIO COMPLETA LEVE ORIGINAL;TRANSMISSAO;28,0;3362,39
PC000590;ALTERNADOR STD PARALELA B;ELETRICA;32,0;1016,21
PC000591;LANTERNA TRASEIRA  ORIGINAL;ELETRICA;6,0;510,72
PC000592;MOTOR DE PARTIDA LEVE PARALELA A;ELETRICA;5,0;623,02
PC000593;JUNTA DE CABECOTE LEVE ORIGINAL;MOTOR;5,0;4087,38
PC000594;SENSOR ABS STD ORIGINAL;ELETRICA;23,0;303,6
PC000595;RESERVATORIO EXPANSAO STD ORIGINAL;ARREFECIMENTO;27,0;639,98
PC000596;TURBO COMPRESSOR LEVE ORIGINAL;MOTOR;6,0;768,54
PC000597;MANGUEIRA RADIADOR REFORCADO ORIGINAL;ARREFECIMENTO;7,0;567,09
PC000598;PINO MESTRE LEVE ORIGINAL;SUSPENSAO;35,0;685,53
PC000599;QUINTA RODA COMPLETA REFORCADO PARALELA B;ARTICULACAO_5RODA;13,0;2198,11
PC000600;EIXO CARDAN LEVE ORIGINAL;TRANSMISSAO;1,0;1094,75
PC000601;PLATO DE EMBREAGEM PESADO PARALELA B;TRANSMISSAO;64,0;3653,05
PC000602;FILTRO DE OLEO MOTOR  PARALELA B;MOTOR;1,0;1830,86
PC000603;BATERIA 150AH  ORIGINAL;ELETRICA;3,0;1403,52
PC000604;DISCO DE FREIO REFORCADO ORIGINAL;FREIOS;134,0;207,43
PC000605;CILINDRO MESTRE  PARALELA A;FREIOS;3,0;314,18
PC000606;CHICOTE ELETRICO  PARALELA B;ELETRICA;7,0;944,14
PC000607;PARAFUSO DE RODA PESADO ORIGINAL;RODAS_PNEUS;5,0;1025,67
PC000608;RADIADOR COMPLETO LEVE PARALELA A;ARREFECIMENTO;2,0;477,16
PC000609;FILTRO DE OLEO CAMBIO REFORCADO PARALELA A;FILTROS;1,0;103,17
PC000610;ESPELHO RETROVISOR REFORCADO ORIGINAL;CARROCERIA;1,0;154,69
PC000611;RODA DE ACO ARO 22 LEVE PARALELA A;RODAS_PNEUS;53,0;975,05
PC000612;VIDRO LATERAL PESADO PARALELA A;CARROCERIA;32,0;202,7
PC000613;MANGOTE PNEUMATICO STD PARALELA B;ARTICULACAO_5RODA;1,0;1743,34
PC000614;PARA-BRISA PESADO PARALELA A;CARROCERIA;12,0;118,61
PC000615;AMORTECEDOR DIANTEIRO REFORCADO ORIGINAL;SUSPENSAO;9,0;944,45
PC000616;FILTRO DE COMBUSTIVEL REFORCADO ORIGINAL;FILTROS;7,0;112,98
PC000617;FILTRO DE AR MOTOR REFORCADO ORIGINAL;FILTROS;3,0;21,06
PC000618;VALVULA TERMOSTATICA STD REMANUFATURADO;ARREFECIMENTO;9,0;454,64
PC000619;CAMARA DE AR STD REMANUFATURADO;RODAS_PNEUS;1,0;512,57
PC000620;FEIXE DE MOLA  ORIGINAL;SUSPENSAO;9,0;872,19
PC000621;CORREIA DENTADA PESADO REMANUFATURADO;MOTOR;1,0;4770,86
PC000622;ROLAMENTO DE RODA PESADO PARALELA B;RODAS_PNEUS;63,0;831,36
PC000623;SINCRONIZADOR  ORIGINAL;TRANSMISSAO;0,0;2020,9
PC000624;BOLSA DE AR SUSPENSAO REFORCADO ORIGINAL;SUSPENSAO;27,0;160,06
PC000627;LONA DE FREIO STD PARALELA A;FREIOS;8,0;353,3
PC000628;CRUZETA CARDAN PESADO PARALELA A;TRANSMISSAO;25,0;1458,97
PC000629;PARA-CHOQUE DIANTEIRO  PARALELA A;CARROCERIA;1,0;599,27
PC000630;VALVULA DE FREIO STD ORIGINAL;FREIOS;2,0;393,92
PC000631;FAROL DIANTEIRO LED  REMANUFATURADO;ELETRICA;23,0;806,22
PC000632;BARRA ESTABILIZADORA  PARALELA B;SUSPENSAO;14,0;279,52
PC000633;AMORTECEDOR TRASEIRO  PARALELA A;SUSPENSAO;4,0;555,32
PC000634;FILTRO DE CABINE PESADO PARALELA B;FILTROS;17,0;94,73
PC000635;ENGATE DE REBOQUE PESADO PARALELA A;ARTICULACAO_5RODA;7,0;1182,26
PC000636;DISCO DE EMBREAGEM  PARALELA B;TRANSMISSAO;3,0;3162,9
PC000637;SAPATA DE FREIO PESADO PARALELA B;FREIOS;39,0;337,96
PC000638;BICO INJETOR  ORIGINAL;MOTOR;5,0;376,09
PC000639;BUCHA DE MOLA PESADO PARALELA B;SUSPENSAO;0,0;599,61
PC000640;VENTOINHA LEVE REMANUFATURADO;ARREFECIMENTO;5,0;466,33
PC000641;CAMISA DE CILINDRO PESADO ORIGINAL;MOTOR;3,0;4922,27
PC000642;BOMBA INJETORA REFORCADO ORIGINAL;MOTOR;2,0;2702,79
PC000643;TAMBOR DE FREIO LEVE REMANUFATURADO;FREIOS;0,0;250,92
PC000644;ROLAMENTO DE EMBREAGEM REFORCADO ORIGINAL;TRANSMISSAO;39,0;3911,43
PC000645;PINO REI LEVE ORIGINAL;ARTICULACAO_5RODA;4,0;615,18
PC000646;PARA-LAMA PESADO ORIGINAL;CARROCERIA;58,0;748,06
PC000647;VALVULA DE ADMISSAO PESADO PARALELA B;MOTOR;27,0;4501,56
PC000648;PNEU RADIAL 295/80 REFORCADO PARALELA B;RODAS_PNEUS;5,0;753,45
PC000649;MACANETA DE PORTA  ORIGINAL;CARROCERIA;32,0;329,6
PC000650;CUBO DE RODA LEVE ORIGINAL;RODAS_PNEUS;9,0;1578,31
PC000651;BOMBA D AGUA LEVE PARALELA B;ARREFECIMENTO;4,0;767,01
PC000652;PASTILHA DE FREIO REFORCADO ORIGINAL;FREIOS;19,0;70,89
PC000653;CAIXA DE CAMBIO COMPLETA  REMANUFATURADO;TRANSMISSAO;38,0;4800,33
PC000654;ALTERNADOR PESADO PARALELA A;ELETRICA;141,0;1259,34
PC000655;LANTERNA TRASEIRA PESADO ORIGINAL;ELETRICA;2,0;755,2
PC000656;MOTOR DE PARTIDA STD PARALELA A;ELETRICA;49,0;401,84
PC000657;JUNTA DE CABECOTE  ORIGINAL;MOTOR;103,0;1461,9
PC000658;SENSOR ABS LEVE PARALELA A;ELETRICA;97,0;364,9
PC000659;RESERVATORIO EXPANSAO LEVE ORIGINAL;ARREFECIMENTO;7,0;788,71
PC000660;TURBO COMPRESSOR STD PARALELA A;MOTOR;3,0;5538,7
PC000661;MANGUEIRA RADIADOR LEVE ORIGINAL;ARREFECIMENTO;234,0;664,27
PC000662;PINO MESTRE PESADO ORIGINAL;SUSPENSAO;6,0;611,34
PC000663;QUINTA RODA COMPLETA LEVE REMANUFATURADO;ARTICULACAO_5RODA;3,0;1806,5
PC000664;EIXO CARDAN  ORIGINAL;TRANSMISSAO;21,0;420,74
PC000665;PLATO DE EMBREAGEM STD PARALELA A;TRANSMISSAO;38,0;2279,64
PC000666;FILTRO DE OLEO MOTOR REFORCADO PARALELA B;MOTOR;32,0;4271,74
PC000667;BATERIA 150AH STD PARALELA A;ELETRICA;30,0;540,86
PC000668;DISCO DE FREIO  ORIGINAL;FREIOS;4,0;164,3
PC000669;CILINDRO MESTRE  ORIGINAL;FREIOS;8,0;314,02
PC000670;CHICOTE ELETRICO STD REMANUFATURADO;ELETRICA;50,0;849,65
PC000671;PARAFUSO DE RODA STD ORIGINAL;RODAS_PNEUS;2,0;873,49
PC000672;RADIADOR COMPLETO STD ORIGINAL;ARREFECIMENTO;506,0;567,05
PC000673;FILTRO DE OLEO CAMBIO PESADO PARALELA A;FILTROS;5,0;67,56
PC000674;ESPELHO RETROVISOR REFORCADO PARALELA B;CARROCERIA;0,0;69,18
PC000675;RODA DE ACO ARO 22 LEVE ORIGINAL;RODAS_PNEUS;19,0;1649,03
PC000676;VIDRO LATERAL LEVE PARALELA A;CARROCERIA;8,0;929,29
PC000677;MANGOTE PNEUMATICO STD ORIGINAL;ARTICULACAO_5RODA;2,0;1272,78
PC000678;PARA-BRISA PESADO PARALELA A;CARROCERIA;38,0;443,12
PC000679;AMORTECEDOR DIANTEIRO PESADO ORIGINAL;SUSPENSAO;3,0;881,68
PC000680;FILTRO DE COMBUSTIVEL  PARALELA A;FILTROS;23,0;31,4
PC000681;FILTRO DE AR MOTOR PESADO PARALELA A;FILTROS;65,0;46,06
PC000682;VALVULA TERMOSTATICA  ORIGINAL;ARREFECIMENTO;11,0;111,56
PC000683;CAMARA DE AR STD ORIGINAL;RODAS_PNEUS;7,0;708,56
PC000684;FEIXE DE MOLA LEVE ORIGINAL;SUSPENSAO;4,0;823,76
PC000685;CORREIA DENTADA REFORCADO ORIGINAL;MOTOR;2,0;3055,31
PC000686;ROLAMENTO DE RODA  ORIGINAL;RODAS_PNEUS;2,0;938,06
PC000687;SINCRONIZADOR PESADO PARALELA B;TRANSMISSAO;56,0;960,91
PC000688;BOLSA DE AR SUSPENSAO STD PARALELA A;SUSPENSAO;5,0;140,97
PC000689;MANGUEIRA DE FREIO AR  PARALELA B;FREIOS;2,0;249,53
PC000690;FILTRO SEPARADOR AGUA LEVE REMANUFATURADO;FILTROS;3,0;31,01
PC000691;LONA DE FREIO REFORCADO REMANUFATURADO;FREIOS;0,0;145,96
PC000692;CRUZETA CARDAN  ORIGINAL;TRANSMISSAO;39,0;2535,46
PC000693;PARA-CHOQUE DIANTEIRO LEVE PARALELA B;CARROCERIA;8,0;974,06
PC000694;VALVULA DE FREIO REFORCADO ORIGINAL;FREIOS;16,0;339,56
PC000695;FAROL DIANTEIRO LED PESADO REMANUFATURADO;ELETRICA;24,0;859,69
PC000696;BARRA ESTABILIZADORA  PARALELA A;SUSPENSAO;42,0;413,39
PC000697;AMORTECEDOR TRASEIRO PESADO PARALELA A;SUSPENSAO;294,0;677,14
PC000698;FILTRO DE CABINE STD ORIGINAL;FILTROS;15,0;39,52
PC000699;ENGATE DE REBOQUE LEVE ORIGINAL;ARTICULACAO_5RODA;26,0;1449,36
PC000700;DISCO DE EMBREAGEM REFORCADO ORIGINAL;TRANSMISSAO;5,0;2613,22
PC000701;SAPATA DE FREIO REFORCADO PARALELA B;FREIOS;140,0;355,46
PC000702;BICO INJETOR PESADO PARALELA A;MOTOR;10,0;5065,03
PC000703;BUCHA DE MOLA REFORCADO ORIGINAL;SUSPENSAO;47,0;951,26
PC000704;VENTOINHA PESADO PARALELA A;ARREFECIMENTO;4,0;534,9
PC000705;CAMISA DE CILINDRO REFORCADO REMANUFATURADO;MOTOR;6,0;1018,98
PC000706;BOMBA INJETORA LEVE ORIGINAL;MOTOR;9,0;3945,14
PC000707;TAMBOR DE FREIO PESADO PARALELA A;FREIOS;13,0;113,86
PC000708;ROLAMENTO DE EMBREAGEM REFORCADO PARALELA B;TRANSMISSAO;15,0;1595,79
PC000709;PINO REI STD ORIGINAL;ARTICULACAO_5RODA;11,0;1723,38
PC000710;PARA-LAMA LEVE PARALELA A;CARROCERIA;80,0;749,32
PC000711;VALVULA DE ADMISSAO STD PARALELA A;MOTOR;58,0;3821,38
PC000712;PNEU RADIAL 295/80 REFORCADO PARALELA A;RODAS_PNEUS;7,0;397,38
PC000714;CUBO DE RODA STD ORIGINAL;RODAS_PNEUS;12,0;940,36
PC000715;BOMBA D AGUA PESADO ORIGINAL;ARREFECIMENTO;37,0;193,32
PC000716;PASTILHA DE FREIO REFORCADO PARALELA B;FREIOS;7,0;166,75
PC000717;CAIXA DE CAMBIO COMPLETA  PARALELA A;TRANSMISSAO;18,0;420,75
PC000718;ALTERNADOR REFORCADO PARALELA B;ELETRICA;21,0;196,2
PC000719;LANTERNA TRASEIRA STD ORIGINAL;ELETRICA;51,0;474,41
PC000720;MOTOR DE PARTIDA LEVE ORIGINAL;ELETRICA;103,0;845,22
PC000721;JUNTA DE CABECOTE  ORIGINAL;MOTOR;23,0;5299,26
PC000722;SENSOR ABS  PARALELA A;ELETRICA;20,0;1215,43
PC000723;RESERVATORIO EXPANSAO LEVE ORIGINAL;ARREFECIMENTO;7,0;621,17
PC000724;TURBO COMPRESSOR REFORCADO ORIGINAL;MOTOR;13,0;1795,46
PC000725;MANGUEIRA RADIADOR REFORCADO PARALELA A;ARREFECIMENTO;10,0;636,66
PC000726;PINO MESTRE STD REMANUFATURADO;SUSPENSAO;66,0;1263,17
PC000727;QUINTA RODA COMPLETA LEVE PARALELA B;ARTICULACAO_5RODA;9,0;704,44
PC000728;EIXO CARDAN PESADO PARALELA A;TRANSMISSAO;100,0;5016,71
PC000729;PLATO DE EMBREAGEM PESADO PARALELA A;TRANSMISSAO;13,0;6304,57
PC000730;FILTRO DE OLEO MOTOR STD ORIGINAL;MOTOR;1,0;2740,32
PC000731;BATERIA 150AH  ORIGINAL;ELETRICA;2,0;933,04
PC000732;DISCO DE FREIO PESADO PARALELA A;FREIOS;40,0;169,16
PC000733;CILINDRO MESTRE LEVE ORIGINAL;FREIOS;10,0;314,98
PC000734;CHICOTE ELETRICO REFORCADO ORIGINAL;ELETRICA;4,0;61,02
PC000735;PARAFUSO DE RODA STD PARALELA A;RODAS_PNEUS;60,0;1653,29
PC000736;RADIADOR COMPLETO STD PARALELA A;ARREFECIMENTO;5,0;560,62
PC000737;FILTRO DE OLEO CAMBIO STD ORIGINAL;FILTROS;8,0;111,5
PC000738;ESPELHO RETROVISOR STD PARALELA A;CARROCERIA;3,0;228,74
PC000739;RODA DE ACO ARO 22 STD PARALELA B;RODAS_PNEUS;5,0;1719,19
PC000740;VIDRO LATERAL REFORCADO PARALELA A;CARROCERIA;15,0;878,41
PC000741;MANGOTE PNEUMATICO PESADO PARALELA B;ARTICULACAO_5RODA;38,0;1129,03
PC000742;PARA-BRISA STD PARALELA A;CARROCERIA;2,0;798,85
PC000744;FILTRO DE COMBUSTIVEL REFORCADO PARALELA A;FILTROS;11,0;59,03
PC000745;FILTRO DE AR MOTOR LEVE PARALELA B;FILTROS;28,0;78,08
PC000746;VALVULA TERMOSTATICA  PARALELA B;ARREFECIMENTO;3,0;1013,26
PC000747;CAMARA DE AR STD PARALELA A;RODAS_PNEUS;63,0;1316,23
PC000748;FEIXE DE MOLA PESADO PARALELA A;SUSPENSAO;9,0;946,52
PC000749;CORREIA DENTADA PESADO ORIGINAL;MOTOR;22,0;2865,14
PC000750;ROLAMENTO DE RODA PESADO PARALELA B;RODAS_PNEUS;1,0;1126,85
PC000751;SINCRONIZADOR  REMANUFATURADO;TRANSMISSAO;4,0;1883,73
PC000752;BOLSA DE AR SUSPENSAO LEVE PARALELA A;SUSPENSAO;82,0;441,18
PC000753;MANGUEIRA DE FREIO AR  PARALELA A;FREIOS;22,0;341,94
PC000754;FILTRO SEPARADOR AGUA  REMANUFATURADO;FILTROS;2,0;36,7
PC000755;LONA DE FREIO STD PARALELA A;FREIOS;148,0;69,31
PC000756;CRUZETA CARDAN REFORCADO ORIGINAL;TRANSMISSAO;46,0;3602,38
PC000757;PARA-CHOQUE DIANTEIRO  REMANUFATURADO;CARROCERIA;25,0;705,06
PC000758;VALVULA DE FREIO  REMANUFATURADO;FREIOS;3,0;66,87
PC000759;FAROL DIANTEIRO LED STD ORIGINAL;ELETRICA;6,0;659,5
PC000760;BARRA ESTABILIZADORA LEVE PARALELA B;SUSPENSAO;13,0;627,63
PC000761;AMORTECEDOR TRASEIRO STD PARALELA B;SUSPENSAO;20,0;766,71
PC000762;FILTRO DE CABINE REFORCADO REMANUFATURADO;FILTROS;0,0;79,09
PC000763;ENGATE DE REBOQUE PESADO PARALELA A;ARTICULACAO_5RODA;5,0;743,02
PC000764;DISCO DE EMBREAGEM LEVE PARALELA B;TRANSMISSAO;41,0;4369,08
PC000765;SAPATA DE FREIO LEVE PARALELA B;FREIOS;10,0;122,87
PC000766;BICO INJETOR REFORCADO PARALELA B;MOTOR;45,0;406,1
PC000767;BUCHA DE MOLA LEVE PARALELA A;SUSPENSAO;9,0;202,4
PC000768;VENTOINHA STD PARALELA A;ARREFECIMENTO;5,0;181,83
PC000769;CAMISA DE CILINDRO REFORCADO PARALELA A;MOTOR;57,0;6518,16
PC000770;BOMBA INJETORA PESADO PARALELA A;MOTOR;13,0;729,03
PC000771;TAMBOR DE FREIO PESADO PARALELA A;FREIOS;8,0;182,1
PC000772;ROLAMENTO DE EMBREAGEM STD PARALELA B;TRANSMISSAO;211,0;2000,7
PC000773;PINO REI STD REMANUFATURADO;ARTICULACAO_5RODA;7,0;569,04
PC000774;PARA-LAMA STD ORIGINAL;CARROCERIA;47,0;816,38
PC000775;VALVULA DE ADMISSAO STD ORIGINAL;MOTOR;5,0;4626,48
PC000776;PNEU RADIAL 295/80 STD PARALELA A;RODAS_PNEUS;32,0;1698,66
PC000777;MACANETA DE PORTA  PARALELA A;CARROCERIA;87,0;254,24
PC000778;CUBO DE RODA STD PARALELA A;RODAS_PNEUS;4,0;565,94
PC000779;BOMBA D AGUA  PARALELA B;ARREFECIMENTO;38,0;504,55
PC000780;PASTILHA DE FREIO LEVE PARALELA A;FREIOS;11,0;265,7
PC000781;CAIXA DE CAMBIO COMPLETA  REMANUFATURADO;TRANSMISSAO;3,0;5209,05
PC000782;ALTERNADOR PESADO PARALELA A;ELETRICA;8,0;294,99
PC000783;LANTERNA TRASEIRA STD REMANUFATURADO;ELETRICA;20,0;1041,3
PC000784;MOTOR DE PARTIDA REFORCADO ORIGINAL;ELETRICA;2,0;626,59
PC000785;JUNTA DE CABECOTE STD ORIGINAL;MOTOR;1,0;656,7
PC000786;SENSOR ABS  PARALELA B;ELETRICA;6,0;1367,9
PC000787;RESERVATORIO EXPANSAO LEVE PARALELA B;ARREFECIMENTO;9,0;94,7
PC000788;TURBO COMPRESSOR PESADO ORIGINAL;MOTOR;250,0;1313,9
PC000789;MANGUEIRA RADIADOR STD PARALELA A;ARREFECIMENTO;68,0;798,97
PC000790;PINO MESTRE PESADO ORIGINAL;SUSPENSAO;19,0;1045,51
PC000791;QUINTA RODA COMPLETA STD ORIGINAL;ARTICULACAO_5RODA;14,0;2594,88
PC000792;EIXO CARDAN STD PARALELA B;TRANSMISSAO;2,0;5942,74
PC000793;PLATO DE EMBREAGEM PESADO PARALELA A;TRANSMISSAO;9,0;2589,29
PC000794;FILTRO DE OLEO MOTOR REFORCADO ORIGINAL;MOTOR;6,0;4044,0
PC000795;BATERIA 150AH PESADO PARALELA B;ELETRICA;11,0;1033,0
PC000796;DISCO DE FREIO LEVE ORIGINAL;FREIOS;18,0;321,74
PC000797;CILINDRO MESTRE LEVE REMANUFATURADO;FREIOS;3,0;189,91
PC000798;CHICOTE ELETRICO STD PARALELA A;ELETRICA;13,0;41,02
PC000799;PARAFUSO DE RODA STD ORIGINAL;RODAS_PNEUS;63,0;927,29
PC000800;RADIADOR COMPLETO REFORCADO PARALELA A;ARREFECIMENTO;30,0;885,52
PC000802;ESPELHO RETROVISOR LEVE ORIGINAL;CARROCERIA;20,0;44,31
PC000803;RODA DE ACO ARO 22 STD ORIGINAL;RODAS_PNEUS;83,0;312,4
PC000804;VIDRO LATERAL PESADO ORIGINAL;CARROCERIA;8,0;475,09
PC000805;MANGOTE PNEUMATICO  ORIGINAL;ARTICULACAO_5RODA;30,0;1550,51
PC000806;PARA-BRISA STD ORIGINAL;CARROCERIA;4,0;197,42
PC000807;AMORTECEDOR DIANTEIRO LEVE PARALELA B;SUSPENSAO;100,0;941,26
PC000808;FILTRO DE COMBUSTIVEL LEVE REMANUFATURADO;FILTROS;35,0;30,28
PC000809;FILTRO DE AR MOTOR STD PARALELA A;FILTROS;14,0;22,99
PC000810;VALVULA TERMOSTATICA LEVE PARALELA B;ARREFECIMENTO;67,0;397,67
PC000811;CAMARA DE AR REFORCADO ORIGINAL;RODAS_PNEUS;63,0;766,09
PC000812;FEIXE DE MOLA  PARALELA B;SUSPENSAO;2,0;1223,85
PC000813;CORREIA DENTADA LEVE ORIGINAL;MOTOR;13,0;1713,64
PC000814;ROLAMENTO DE RODA STD ORIGINAL;RODAS_PNEUS;54,0;129,46
PC000815;SINCRONIZADOR REFORCADO PARALELA B;TRANSMISSAO;499,0;5073,32
PC000817;MANGUEIRA DE FREIO AR PESADO PARALELA B;FREIOS;3,0;73,56
PC000818;FILTRO SEPARADOR AGUA PESADO PARALELA B;FILTROS;52,0;56,12
PC000819;LONA DE FREIO REFORCADO PARALELA A;FREIOS;5,0;267,09
PC000820;CRUZETA CARDAN  ORIGINAL;TRANSMISSAO;105,0;1065,87
PC000821;PARA-CHOQUE DIANTEIRO STD ORIGINAL;CARROCERIA;964,0;770,91
PC000822;VALVULA DE FREIO PESADO PARALELA A;FREIOS;36,0;136,02
PC000823;FAROL DIANTEIRO LED PESADO ORIGINAL;ELETRICA;25,0;629,93
PC000824;BARRA ESTABILIZADORA REFORCADO PARALELA B;SUSPENSAO;4,0;668,19
PC000825;AMORTECEDOR TRASEIRO STD PARALELA A;SUSPENSAO;34,0;211,29
PC000826;FILTRO DE CABINE STD REMANUFATURADO;FILTROS;90,0;79,39
PC000827;ENGATE DE REBOQUE PESADO ORIGINAL;ARTICULACAO_5RODA;2,0;2671,45
PC000828;DISCO DE EMBREAGEM PESADO ORIGINAL;TRANSMISSAO;8,0;1850,42
PC000829;SAPATA DE FREIO PESADO REMANUFATURADO;FREIOS;69,0;257,32
PC000830;BICO INJETOR LEVE PARALELA A;MOTOR;6,0;4415,99
PC000831;BUCHA DE MOLA PESADO PARALELA B;SUSPENSAO;3,0;945,45
PC000832;VENTOINHA LEVE PARALELA A;ARREFECIMENTO;12,0;516,79
PC000833;CAMISA DE CILINDRO STD PARALELA B;MOTOR;47,0;4268,96
PC000834;BOMBA INJETORA  PARALELA B;MOTOR;5,0;2975,04
PC000835;TAMBOR DE FREIO REFORCADO ORIGINAL;FREIOS;3,0;245,57
PC000836;ROLAMENTO DE EMBREAGEM STD PARALELA B;TRANSMISSAO;28,0;2533,96
PC000837;PINO REI REFORCADO ORIGINAL;ARTICULACAO_5RODA;73,0;2400,01
PC000838;PARA-LAMA  REMANUFATURADO;CARROCERIA;6,0;215,89
PC000839;VALVULA DE ADMISSAO STD ORIGINAL;MOTOR;8,0;5322,64
PC000840;PNEU RADIAL 295/80 STD ORIGINAL;RODAS_PNEUS;13,0;811,96
PC000841;MACANETA DE PORTA STD PARALELA A;CARROCERIA;16,0;699,15
PC000842;CUBO DE RODA PESADO REMANUFATURADO;RODAS_PNEUS;70,0;653,81
PC000843;BOMBA D AGUA PESADO REMANUFATURADO;ARREFECIMENTO;31,0;642,42
PC000844;PASTILHA DE FREIO LEVE REMANUFATURADO;FREIOS;9,0;419,13
PC000845;CAIXA DE CAMBIO COMPLETA STD PARALELA A;TRANSMISSAO;22,0;2482,56
PC000846;ALTERNADOR STD PARALELA A;ELETRICA;10,0;62,34
PC000847;LANTERNA TRASEIRA STD ORIGINAL;ELETRICA;26,0;498,75
PC000848;MOTOR DE PARTIDA PESADO PARALELA B;ELETRICA;1,0;113,11
PC000849;JUNTA DE CABECOTE REFORCADO ORIGINAL;MOTOR;10,0;856,42
PC000850;SENSOR ABS LEVE PARALELA B;ELETRICA;30,0;63,54
PC000851;RESERVATORIO EXPANSAO STD REMANUFATURADO;ARREFECIMENTO;40,0;400,27
PC000852;TURBO COMPRESSOR STD ORIGINAL;MOTOR;5,0;2646,88
PC000854;PINO MESTRE REFORCADO PARALELA B;SUSPENSAO;11,0;508,51
PC000855;QUINTA RODA COMPLETA REFORCADO PARALELA B;ARTICULACAO_5RODA;73,0;847,01
PC000856;EIXO CARDAN STD ORIGINAL;TRANSMISSAO;1,0;2588,81
PC000857;PLATO DE EMBREAGEM PESADO PARALELA A;TRANSMISSAO;4,0;3080,86
PC000858;FILTRO DE OLEO MOTOR STD PARALELA A;MOTOR;48,0;5580,14
PC000859;BATERIA 150AH PESADO ORIGINAL;ELETRICA;10,0;567,48
PC000860;DISCO DE FREIO  PARALELA A;FREIOS;6,0;46,92
PC000861;CILINDRO MESTRE  PARALELA B;FREIOS;6,0;320,15
PC000862;CHICOTE ELETRICO LEVE PARALELA A;ELETRICA;6,0;84,83
PC000863;PARAFUSO DE RODA REFORCADO ORIGINAL;RODAS_PNEUS;39,0;666,4
PC000864;RADIADOR COMPLETO REFORCADO ORIGINAL;ARREFECIMENTO;1,0;551,39
PC000865;FILTRO DE OLEO CAMBIO REFORCADO REMANUFATURADO;FILTROS;29,0;28,29
PC000866;ESPELHO RETROVISOR REFORCADO ORIGINAL;CARROCERIA;0,0;252,67
PC000867;RODA DE ACO ARO 22 PESADO ORIGINAL;RODAS_PNEUS;16,0;394,55
PC000868;VIDRO LATERAL PESADO ORIGINAL;CARROCERIA;2,0;724,81
PC000869;MANGOTE PNEUMATICO PESADO PARALELA A;ARTICULACAO_5RODA;3,0;1674,38
PC000870;PARA-BRISA STD PARALELA A;CARROCERIA;7,0;179,91
PC000871;AMORTECEDOR DIANTEIRO  ORIGINAL;SUSPENSAO;9,0;308,17
PC000872;FILTRO DE COMBUSTIVEL REFORCADO REMANUFATURADO;FILTROS;62,0;39,93
PC000873;FILTRO DE AR MOTOR  REMANUFATURADO;FILTROS;84,0;44,26
PC000874;VALVULA TERMOSTATICA PESADO PARALELA B;ARREFECIMENTO;3,0;494,29
PC000875;CAMARA DE AR REFORCADO ORIGINAL;RODAS_PNEUS;26,0;152,66
PC000876;FEIXE DE MOLA PESADO REMANUFATURADO;SUSPENSAO;20,0;802,78
PC000877;CORREIA DENTADA LEVE REMANUFATURADO;MOTOR;9,0;4318,66
PC000878;ROLAMENTO DE RODA LEVE PARALELA A;RODAS_PNEUS;44,0;973,44
PC000879;SINCRONIZADOR STD ORIGINAL;TRANSMISSAO;213,0;6154,71
PC000880;BOLSA DE AR SUSPENSAO  PARALELA A;SUSPENSAO;1,0;884,94
PC000881;MANGUEIRA DE FREIO AR REFORCADO ORIGINAL;FREIOS;141,0;334,81
PC000882;FILTRO SEPARADOR AGUA  REMANUFATURADO;FILTROS;3,0;43,61
PC000883;LONA DE FREIO PESADO REMANUFATURADO;FREIOS;25,0;200,99
PC000885;PARA-CHOQUE DIANTEIRO REFORCADO ORIGINAL;CARROCERIA;1,0;816,75
PC000886;VALVULA DE FREIO PESADO PARALELA B;FREIOS;14,0;86,02
PC000887;FAROL DIANTEIRO LED LEVE ORIGINAL;ELETRICA;39,0;523,6
PC000888;BARRA ESTABILIZADORA STD REMANUFATURADO;SUSPENSAO;58,0;835,14
PC000889;AMORTECEDOR TRASEIRO REFORCADO ORIGINAL;SUSPENSAO;55,0;806,6
PC000890;FILTRO DE CABINE  ORIGINAL;FILTROS;102,0;28,71
PC000891;ENGATE DE REBOQUE  ORIGINAL;ARTICULACAO_5RODA;1,0;2390,98
PC000892;DISCO DE EMBREAGEM  PARALELA A;TRANSMISSAO;1,0;2859,34
PC000893;SAPATA DE FREIO  PARALELA A;FREIOS;43,0;105,48
PC000894;BICO INJETOR PESADO REMANUFATURADO;MOTOR;16,0;5158,83
PC000895;BUCHA DE MOLA STD REMANUFATURADO;SUSPENSAO;8,0;414,18
PC000896;VENTOINHA PESADO PARALELA B;ARREFECIMENTO;142,0;196,36
PC000897;CAMISA DE CILINDRO STD REMANUFATURADO;MOTOR;7,0;3090,8
PC000898;BOMBA INJETORA STD ORIGINAL;MOTOR;9,0;640,96
PC000901;PINO REI LEVE REMANUFATURADO;ARTICULACAO_5RODA;2,0;2580,59
PC000902;PARA-LAMA LEVE ORIGINAL;CARROCERIA;10,0;756,56
PC000903;VALVULA DE ADMISSAO STD ORIGINAL;MOTOR;19,0;4754,1
PC000904;PNEU RADIAL 295/80 REFORCADO ORIGINAL;RODAS_PNEUS;77,0;813,33
PC000905;MACANETA DE PORTA REFORCADO REMANUFATURADO;CARROCERIA;3,0;79,03
PC000906;CUBO DE RODA  PARALELA A;RODAS_PNEUS;7,0;1271,01
PC000907;BOMBA D AGUA LEVE PARALELA A;ARREFECIMENTO;10,0;862,87
PC000908;PASTILHA DE FREIO LEVE PARALELA B;FREIOS;12,0;137,66
PC000909;CAIXA DE CAMBIO COMPLETA REFORCADO ORIGINAL;TRANSMISSAO;1,0;1747,14
PC000910;ALTERNADOR PESADO REMANUFATURADO;ELETRICA;2,0;73,39
PC000911;LANTERNA TRASEIRA REFORCADO PARALELA A;ELETRICA;7,0;880,53
PC000912;MOTOR DE PARTIDA STD PARALELA B;ELETRICA;7,0;794,59
PC000913;JUNTA DE CABECOTE REFORCADO REMANUFATURADO;MOTOR;7,0;5696,49
PC000914;SENSOR ABS PESADO PARALELA A;ELETRICA;4,0;894,75
PC000915;RESERVATORIO EXPANSAO STD PARALELA A;ARREFECIMENTO;2,0;579,37
PC000916;TURBO COMPRESSOR REFORCADO PARALELA A;MOTOR;2,0;1905,33
PC000917;MANGUEIRA RADIADOR  REMANUFATURADO;ARREFECIMENTO;70,0;315,71
PC000920;EIXO CARDAN PESADO ORIGINAL;TRANSMISSAO;122,0;4709,95
PC000921;PLATO DE EMBREAGEM LEVE ORIGINAL;TRANSMISSAO;120,0;3591,7
PC000922;FILTRO DE OLEO MOTOR LEVE ORIGINAL;MOTOR;49,0;630,12
PC000923;BATERIA 150AH REFORCADO ORIGINAL;ELETRICA;77,0;680,27
PC000924;DISCO DE FREIO LEVE PARALELA B;FREIOS;26,0;186,78
PC000925;CILINDRO MESTRE REFORCADO PARALELA A;FREIOS;21,0;97,04
PC000926;CHICOTE ELETRICO STD ORIGINAL;ELETRICA;44,0;339,81
PC000927;PARAFUSO DE RODA  PARALELA B;RODAS_PNEUS;137,0;1847,29
PC000930;ESPELHO RETROVISOR STD PARALELA A;CARROCERIA;1,0;282,15
PC000931;RODA DE ACO ARO 22  ORIGINAL;RODAS_PNEUS;3,0;1419,65
PC000932;VIDRO LATERAL STD PARALELA B;CARROCERIA;1,0;486,33
PC000933;MANGOTE PNEUMATICO PESADO REMANUFATURADO;ARTICULACAO_5RODA;1,0;1173,91
PC000934;PARA-BRISA STD PARALELA A;CARROCERIA;28,0;540,67
PC000935;AMORTECEDOR DIANTEIRO  PARALELA A;SUSPENSAO;18,0;589,55
PC000936;FILTRO DE COMBUSTIVEL STD ORIGINAL;FILTROS;32,0;118,9
PC000938;VALVULA TERMOSTATICA  PARALELA B;ARREFECIMENTO;150,0;128,92
PC000939;CAMARA DE AR  ORIGINAL;RODAS_PNEUS;21,0;311,36
PC000940;FEIXE DE MOLA STD PARALELA B;SUSPENSAO;39,0;783,88
PC000941;CORREIA DENTADA LEVE PARALELA B;MOTOR;5,0;799,42
PC000942;ROLAMENTO DE RODA REFORCADO ORIGINAL;RODAS_PNEUS;3,0;1413,32
PC000943;SINCRONIZADOR PESADO REMANUFATURADO;TRANSMISSAO;74,0;5989,82
PC000944;BOLSA DE AR SUSPENSAO PESADO PARALELA B;SUSPENSAO;23,0;560,83
PC000945;MANGUEIRA DE FREIO AR LEVE PARALELA B;FREIOS;45,0;422,04
PC000946;FILTRO SEPARADOR AGUA REFORCADO ORIGINAL;FILTROS;2,0;102,35
PC000947;LONA DE FREIO LEVE ORIGINAL;FREIOS;9,0;261,16
PC000948;CRUZETA CARDAN PESADO PARALELA B;TRANSMISSAO;25,0;3106,04
PC000949;PARA-CHOQUE DIANTEIRO STD PARALELA A;CARROCERIA;44,0;472,65
PC000950;VALVULA DE FREIO REFORCADO PARALELA A;FREIOS;64,0;115,42
PC000951;FAROL DIANTEIRO LED PESADO PARALELA A;ELETRICA;3,0;985,51
PC000952;BARRA ESTABILIZADORA LEVE REMANUFATURADO;SUSPENSAO;24,0;352,62
PC000953;AMORTECEDOR TRASEIRO REFORCADO PARALELA A;SUSPENSAO;22,0;162,64
PC000954;FILTRO DE CABINE  ORIGINAL;FILTROS;62,0;21,67
PC000955;ENGATE DE REBOQUE PESADO ORIGINAL;ARTICULACAO_5RODA;10,0;562,14
PC000956;DISCO DE EMBREAGEM REFORCADO REMANUFATURADO;TRANSMISSAO;36,0;3181,53
PC000957;SAPATA DE FREIO LEVE PARALELA B;FREIOS;1,0;235,64
PC000958;BICO INJETOR PESADO PARALELA B;MOTOR;60,0;2017,95
PC000959;BUCHA DE MOLA PESADO ORIGINAL;SUSPENSAO;37,0;305,87
PC000960;VENTOINHA STD ORIGINAL;ARREFECIMENTO;537,0;781,29
PC000961;CAMISA DE CILINDRO PESADO PARALELA A;MOTOR;15,0;3511,47
PC000962;BOMBA INJETORA  ORIGINAL;MOTOR;15,0;1801,73
PC000963;TAMBOR DE FREIO PESADO ORIGINAL;FREIOS;30,0;149,84
PC000964;ROLAMENTO DE EMBREAGEM STD PARALELA A;TRANSMISSAO;20,0;2093,3
PC000965;PINO REI LEVE PARALELA B;ARTICULACAO_5RODA;73,0;375,22
PC000966;PARA-LAMA LEVE PARALELA B;CARROCERIA;37,0;1022,29
PC000967;VALVULA DE ADMISSAO STD REMANUFATURADO;MOTOR;1,0;409,22
PC000968;PNEU RADIAL 295/80 REFORCADO REMANUFATURADO;RODAS_PNEUS;1,0;1207,8
PC000969;MACANETA DE PORTA STD REMANUFATURADO;CARROCERIA;15,0;732,49
PC000970;CUBO DE RODA  ORIGINAL;RODAS_PNEUS;0,0;918,29
PC000971;BOMBA D AGUA REFORCADO REMANUFATURADO;ARREFECIMENTO;12,0;432,4
PC000972;PASTILHA DE FREIO PESADO REMANUFATURADO;FREIOS;74,0;52,05
PC000973;CAIXA DE CAMBIO COMPLETA  ORIGINAL;TRANSMISSAO;4,0;6000,27
PC000974;ALTERNADOR REFORCADO ORIGINAL;ELETRICA;16,0;578,62
PC000975;LANTERNA TRASEIRA  PARALELA B;ELETRICA;10,0;365,77
PC000976;MOTOR DE PARTIDA LEVE ORIGINAL;ELETRICA;2,0;713,84
PC000977;JUNTA DE CABECOTE REFORCADO REMANUFATURADO;MOTOR;1,0;3350,58
PC000978;SENSOR ABS LEVE ORIGINAL;ELETRICA;22,0;488,32
PC000979;RESERVATORIO EXPANSAO STD PARALELA A;ARREFECIMENTO;29,0;1047,98
PC000980;TURBO COMPRESSOR LEVE PARALELA B;MOTOR;317,0;4488,57
PC000981;MANGUEIRA RADIADOR PESADO ORIGINAL;ARREFECIMENTO;148,0;399,44
PC000982;PINO MESTRE LEVE PARALELA B;SUSPENSAO;9,0;844,63
PC000983;QUINTA RODA COMPLETA  PARALELA A;ARTICULACAO_5RODA;63,0;1527,18
PC000984;EIXO CARDAN STD PARALELA B;TRANSMISSAO;18,0;5212,13
PC000985;PLATO DE EMBREAGEM PESADO ORIGINAL;TRANSMISSAO;3,0;4918,08
PC000986;FILTRO DE OLEO MOTOR REFORCADO ORIGINAL;MOTOR;120,0;4042,08
PC000987;BATERIA 150AH  REMANUFATURADO;ELETRICA;1,0;704,3
PC000988;DISCO DE FREIO PESADO PARALELA A;FREIOS;13,0;343,07
PC000989;CILINDRO MESTRE  ORIGINAL;FREIOS;2,0;290,93
PC000990;CHICOTE ELETRICO  PARALELA B;ELETRICA;7,0;856,21
PC000991;PARAFUSO DE RODA PESADO ORIGINAL;RODAS_PNEUS;223,0;669,07
PC000992;RADIADOR COMPLETO  ORIGINAL;ARREFECIMENTO;2,0;375,2
PC000993;FILTRO DE OLEO CAMBIO  ORIGINAL;FILTROS;12,0;43,95
PC000994;ESPELHO RETROVISOR STD PARALELA A;CARROCERIA;5,0;805,56
PC000995;RODA DE ACO ARO 22 REFORCADO PARALELA A;RODAS_PNEUS;21,0;1218,02
PC000996;VIDRO LATERAL STD ORIGINAL;CARROCERIA;2,0;695,02
PC000997;MANGOTE PNEUMATICO STD ORIGINAL;ARTICULACAO_5RODA;3,0;1293,03
PC000998;PARA-BRISA REFORCADO REMANUFATURADO;CARROCERIA;13,0;554,16
PC000999;AMORTECEDOR DIANTEIRO PESADO PARALELA A;SUSPENSAO;5,0;744,32
PC001000;FILTRO DE COMBUSTIVEL STD REMANUFATURADO;FILTROS;6,0;18,75
PC001001;FILTRO DE AR MOTOR STD REMANUFATURADO;FILTROS;2,0;68,27
PC001002;VALVULA TERMOSTATICA  ORIGINAL;ARREFECIMENTO;11,0;144,3
PC001003;CAMARA DE AR  PARALELA B;RODAS_PNEUS;40,0;863,16
PC001004;FEIXE DE MOLA PESADO PARALELA A;SUSPENSAO;46,0;573,95
PC001005;CORREIA DENTADA PESADO ORIGINAL;MOTOR;139,0;2109,34
PC001006;ROLAMENTO DE RODA PESADO REMANUFATURADO;RODAS_PNEUS;6,0;656,4
PC001007;SINCRONIZADOR STD PARALELA A;TRANSMISSAO;221,0;6689,17
PC001008;BOLSA DE AR SUSPENSAO  ORIGINAL;SUSPENSAO;4,0;294,04
PC001009;MANGUEIRA DE FREIO AR PESADO ORIGINAL;FREIOS;5,0;235,67
PC001010;FILTRO SEPARADOR AGUA  PARALELA A;FILTROS;27,0;110,88
PC001011;LONA DE FREIO REFORCADO PARALELA A;FREIOS;41,0;60,61
PC001012;CRUZETA CARDAN PESADO ORIGINAL;TRANSMISSAO;10,0;6260,98
PC001013;PARA-CHOQUE DIANTEIRO LEVE PARALELA A;CARROCERIA;7,0;537,94
PC001014;VALVULA DE FREIO REFORCADO PARALELA B;FREIOS;17,0;59,07
PC001015;FAROL DIANTEIRO LED REFORCADO PARALELA A;ELETRICA;25,0;429,47
PC001016;BARRA ESTABILIZADORA REFORCADO PARALELA A;SUSPENSAO;72,0;597,05
PC001017;AMORTECEDOR TRASEIRO  PARALELA A;SUSPENSAO;6,0;1060,4
PC001018;FILTRO DE CABINE REFORCADO PARALELA B;FILTROS;438,0;41,15
PC001019;ENGATE DE REBOQUE REFORCADO PARALELA A;ARTICULACAO_5RODA;7,0;1358,72
PC001020;DISCO DE EMBREAGEM PESADO PARALELA A;TRANSMISSAO;3,0;4816,8
PC001021;SAPATA DE FREIO REFORCADO ORIGINAL;FREIOS;14,0;175,25
PC001022;BICO INJETOR PESADO PARALELA A;MOTOR;3,0;3014,41
PC001023;BUCHA DE MOLA  ORIGINAL;SUSPENSAO;7,0;464,53
PC001024;VENTOINHA STD ORIGINAL;ARREFECIMENTO;1,0;358,0
PC001025;CAMISA DE CILINDRO REFORCADO ORIGINAL;MOTOR;32,0;2895,92
PC001026;BOMBA INJETORA PESADO REMANUFATURADO;MOTOR;4,0;752,79
PC001027;TAMBOR DE FREIO REFORCADO PARALELA A;FREIOS;10,0;193,93
PC001028;ROLAMENTO DE EMBREAGEM STD PARALELA A;TRANSMISSAO;29,0;2048,08
PC001029;PINO REI LEVE ORIGINAL;ARTICULACAO_5RODA;28,0;2303,6
PC001030;PARA-LAMA STD REMANUFATURADO;CARROCERIA;314,0;541,6
PC001031;VALVULA DE ADMISSAO  REMANUFATURADO;MOTOR;5,0;1231,46
PC001032;PNEU RADIAL 295/80 LEVE REMANUFATURADO;RODAS_PNEUS;1,0;837,05
PC001033;MACANETA DE PORTA REFORCADO PARALELA A;CARROCERIA;22,0;161,9
PC001034;CUBO DE RODA REFORCADO ORIGINAL;RODAS_PNEUS;185,0;1449,62
PC001035;BOMBA D AGUA STD ORIGINAL;ARREFECIMENTO;31,0;856,66
PC001036;PASTILHA DE FREIO STD PARALELA A;FREIOS;5,0;373,15
PC001037;CAIXA DE CAMBIO COMPLETA PESADO ORIGINAL;TRANSMISSAO;16,0;3987,89
PC001038;ALTERNADOR REFORCADO PARALELA A;ELETRICA;16,0;148,76
PC001039;LANTERNA TRASEIRA  PARALELA A;ELETRICA;55,0;955,46
PC001040;MOTOR DE PARTIDA STD REMANUFATURADO;ELETRICA;10,0;905,13
PC001041;JUNTA DE CABECOTE  PARALELA A;MOTOR;35,0;782,3
PC001042;SENSOR ABS STD REMANUFATURADO;ELETRICA;7,0;44,55
PC001043;RESERVATORIO EXPANSAO STD PARALELA A;ARREFECIMENTO;64,0;587,13
PC001044;TURBO COMPRESSOR REFORCADO ORIGINAL;MOTOR;82,0;1300,38
PC001045;MANGUEIRA RADIADOR PESADO PARALELA B;ARREFECIMENTO;1,0;696,53
PC001046;PINO MESTRE  ORIGINAL;SUSPENSAO;3,0;523,86
PC001047;QUINTA RODA COMPLETA REFORCADO PARALELA B;ARTICULACAO_5RODA;61,0;2607,41
PC001048;EIXO CARDAN  ORIGINAL;TRANSMISSAO;33,0;5244,85
PC001049;PLATO DE EMBREAGEM LEVE PARALELA A;TRANSMISSAO;4,0;4922,76
PC001051;BATERIA 150AH LEVE PARALELA A;ELETRICA;41,0;277,35
PC001052;DISCO DE FREIO STD PARALELA A;FREIOS;3,0;147,5
PC001053;CILINDRO MESTRE  PARALELA B;FREIOS;106,0;174,52
PC001054;CHICOTE ELETRICO REFORCADO REMANUFATURADO;ELETRICA;15,0;247,73
PC001055;PARAFUSO DE RODA LEVE REMANUFATURADO;RODAS_PNEUS;9,0;731,03
PC001056;RADIADOR COMPLETO LEVE PARALELA B;ARREFECIMENTO;40,0;227,76
PC001057;FILTRO DE OLEO CAMBIO LEVE PARALELA A;FILTROS;91,0;38,3
PC001058;ESPELHO RETROVISOR PESADO PARALELA A;CARROCERIA;22,0;759,76
PC001059;RODA DE ACO ARO 22 STD REMANUFATURADO;RODAS_PNEUS;61,0;151,42
PC001060;VIDRO LATERAL PESADO ORIGINAL;CARROCERIA;14,0;384,91
PC001061;MANGOTE PNEUMATICO LEVE PARALELA A;ARTICULACAO_5RODA;29,0;1938,23
PC001062;PARA-BRISA REFORCADO ORIGINAL;CARROCERIA;32,0;713,94
PC001065;FILTRO DE AR MOTOR STD ORIGINAL;FILTROS;51,0;77,19
PC001066;VALVULA TERMOSTATICA PESADO ORIGINAL;ARREFECIMENTO;35,0;581,95
PC001067;CAMARA DE AR LEVE PARALELA A;RODAS_PNEUS;38,0;875,3
PC001068;FEIXE DE MOLA REFORCADO PARALELA B;SUSPENSAO;20,0;820,97
PC001069;CORREIA DENTADA  ORIGINAL;MOTOR;1,0;4158,67
PC001070;ROLAMENTO DE RODA STD PARALELA B;RODAS_PNEUS;24,0;1987,9
PC001071;SINCRONIZADOR  PARALELA A;TRANSMISSAO;48,0;5725,24
PC001072;BOLSA DE AR SUSPENSAO STD PARALELA A;SUSPENSAO;3,0;883,38
PC001073;MANGUEIRA DE FREIO AR  PARALELA A;FREIOS;39,0;199,94
PC001074;FILTRO SEPARADOR AGUA  PARALELA A;FILTROS;3,0;60,78
PC001075;LONA DE FREIO LEVE REMANUFATURADO;FREIOS;4,0;268,98
PC001076;CRUZETA CARDAN STD PARALELA A;TRANSMISSAO;13,0;4712,79
PC001077;PARA-CHOQUE DIANTEIRO  PARALELA A;CARROCERIA;62,0;530,58
PC001078;VALVULA DE FREIO PESADO REMANUFATURADO;FREIOS;2,0;296,38
PC001079;FAROL DIANTEIRO LED PESADO PARALELA A;ELETRICA;106,0;654,74
PC001080;BARRA ESTABILIZADORA PESADO PARALELA B;SUSPENSAO;2,0;696,96
PC001081;AMORTECEDOR TRASEIRO STD ORIGINAL;SUSPENSAO;29,0;372,05
PC001082;FILTRO DE CABINE REFORCADO REMANUFATURADO;FILTROS;26,0;20,86
PC001083;ENGATE DE REBOQUE LEVE PARALELA A;ARTICULACAO_5RODA;37,0;1707,97
PC001084;DISCO DE EMBREAGEM REFORCADO PARALELA B;TRANSMISSAO;9,0;2182,96
PC001085;SAPATA DE FREIO REFORCADO PARALELA A;FREIOS;20,0;251,44
PC001086;BICO INJETOR  ORIGINAL;MOTOR;40,0;1984,89
PC001087;BUCHA DE MOLA PESADO ORIGINAL;SUSPENSAO;19,0;514,54
PC001088;VENTOINHA REFORCADO PARALELA B;ARREFECIMENTO;6,0;263,37
PC001089;CAMISA DE CILINDRO REFORCADO PARALELA B;MOTOR;71,0;2049,14
PC001090;BOMBA INJETORA REFORCADO REMANUFATURADO;MOTOR;5,0;2837,89
PC001091;TAMBOR DE FREIO STD ORIGINAL;FREIOS;25,0;215,59
PC001092;ROLAMENTO DE EMBREAGEM  PARALELA A;TRANSMISSAO;1,0;5871,86
PC001093;PINO REI PESADO ORIGINAL;ARTICULACAO_5RODA;37,0;1456,5
PC001094;PARA-LAMA  PARALELA A;CARROCERIA;27,0;129,7
PC001095;VALVULA DE ADMISSAO STD PARALELA B;MOTOR;6,0;4419,41
PC001096;PNEU RADIAL 295/80 LEVE PARALELA B;RODAS_PNEUS;35,0;1403,36
PC001097;MACANETA DE PORTA  PARALELA B;CARROCERIA;46,0;551,51
PC001098;CUBO DE RODA STD ORIGINAL;RODAS_PNEUS;7,0;1363,91
PC001099;BOMBA D AGUA STD REMANUFATURADO;ARREFECIMENTO;2,0;323,04
PC001100;PASTILHA DE FREIO STD ORIGINAL;FREIOS;11,0;271,93
PC001101;CAIXA DE CAMBIO COMPLETA STD PARALELA B;TRANSMISSAO;1,0;482,4
PC001102;ALTERNADOR  REMANUFATURADO;ELETRICA;10,0;622,73
PC001103;LANTERNA TRASEIRA  PARALELA B;ELETRICA;38,0;881,76
PC001104;MOTOR DE PARTIDA  PARALELA B;ELETRICA;63,0;962,56
PC001105;JUNTA DE CABECOTE  ORIGINAL;MOTOR;13,0;3606,4
PC001106;SENSOR ABS REFORCADO PARALELA A;ELETRICA;7,0;1438,18
PC001107;RESERVATORIO EXPANSAO PESADO ORIGINAL;ARREFECIMENTO;5,0;443,33
PC001108;TURBO COMPRESSOR STD PARALELA A;MOTOR;9,0;539,25
PC001109;MANGUEIRA RADIADOR LEVE PARALELA A;ARREFECIMENTO;7,0;306,14
PC001110;PINO MESTRE PESADO REMANUFATURADO;SUSPENSAO;5,0;236,13
PC001111;QUINTA RODA COMPLETA  PARALELA B;ARTICULACAO_5RODA;6,0;2417,91
PC001112;EIXO CARDAN LEVE PARALELA A;TRANSMISSAO;7,0;4910,95
PC001113;PLATO DE EMBREAGEM  PARALELA B;TRANSMISSAO;17,0;3949,75
PC001114;FILTRO DE OLEO MOTOR STD ORIGINAL;MOTOR;3,0;5623,76
PC001115;BATERIA 150AH  ORIGINAL;ELETRICA;721,0;550,19
PC001116;DISCO DE FREIO  PARALELA A;FREIOS;3,0;176,49
PC001117;CILINDRO MESTRE LEVE REMANUFATURADO;FREIOS;8,0;100,86
PC001118;CHICOTE ELETRICO REFORCADO REMANUFATURADO;ELETRICA;85,0;337,59
PC001119;PARAFUSO DE RODA REFORCADO REMANUFATURADO;RODAS_PNEUS;202,0;950,25
PC001120;RADIADOR COMPLETO PESADO REMANUFATURADO;ARREFECIMENTO;11,0;629,18
PC001121;FILTRO DE OLEO CAMBIO  REMANUFATURADO;FILTROS;15,0;33,53
PC001122;ESPELHO RETROVISOR LEVE PARALELA B;CARROCERIA;0,0;776,1
PC001123;RODA DE ACO ARO 22 STD PARALELA B;RODAS_PNEUS;106,0;917,01
PC001124;VIDRO LATERAL  REMANUFATURADO;CARROCERIA;5,0;623,87
PC001125;MANGOTE PNEUMATICO LEVE ORIGINAL;ARTICULACAO_5RODA;50,0;2119,26
PC001126;PARA-BRISA LEVE ORIGINAL;CARROCERIA;24,0;626,12
PC001127;AMORTECEDOR DIANTEIRO LEVE PARALELA A;SUSPENSAO;62,0;1107,84
PC001128;FILTRO DE COMBUSTIVEL REFORCADO PARALELA A;FILTROS;4,0;70,21
PC001129;FILTRO DE AR MOTOR PESADO ORIGINAL;FILTROS;8,0;92,68
PC001130;VALVULA TERMOSTATICA STD PARALELA A;ARREFECIMENTO;1,0;641,48
PC001131;CAMARA DE AR  PARALELA B;RODAS_PNEUS;7,0;788,15
PC001132;FEIXE DE MOLA  PARALELA B;SUSPENSAO;5,0;692,02
PC001133;CORREIA DENTADA REFORCADO ORIGINAL;MOTOR;19,0;2677,23
PC001134;ROLAMENTO DE RODA  ORIGINAL;RODAS_PNEUS;12,0;1167,82
PC001135;SINCRONIZADOR LEVE PARALELA A;TRANSMISSAO;0,0;2744,12
PC001136;BOLSA DE AR SUSPENSAO LEVE ORIGINAL;SUSPENSAO;101,0;837,87
PC001138;FILTRO SEPARADOR AGUA LEVE ORIGINAL;FILTROS;2,0;104,6
PC001139;LONA DE FREIO STD ORIGINAL;FREIOS;23,0;231,26
PC001140;CRUZETA CARDAN REFORCADO PARALELA A;TRANSMISSAO;4,0;8813,6
PC001141;PARA-CHOQUE DIANTEIRO PESADO PARALELA A;CARROCERIA;225,0;766,57
PC001142;VALVULA DE FREIO REFORCADO ORIGINAL;FREIOS;9,0;412,49
PC001143;FAROL DIANTEIRO LED  ORIGINAL;ELETRICA;8,0;473,9
PC001144;BARRA ESTABILIZADORA  PARALELA A;SUSPENSAO;43,0;321,37
PC001145;AMORTECEDOR TRASEIRO REFORCADO ORIGINAL;SUSPENSAO;1,0;729,42
PC001146;FILTRO DE CABINE PESADO ORIGINAL;FILTROS;1,0;62,52
PC001147;ENGATE DE REBOQUE REFORCADO ORIGINAL;ARTICULACAO_5RODA;8,0;2098,96
PC001148;DISCO DE EMBREAGEM LEVE ORIGINAL;TRANSMISSAO;19,0;1888,25
PC001149;SAPATA DE FREIO PESADO REMANUFATURADO;FREIOS;35,0;87,18
PC001150;BICO INJETOR  REMANUFATURADO;MOTOR;113,0;323,65
PC001151;BUCHA DE MOLA REFORCADO PARALELA B;SUSPENSAO;6,0;434,82
PC001152;VENTOINHA PESADO PARALELA B;ARREFECIMENTO;2,0;651,93
PC001153;CAMISA DE CILINDRO LEVE ORIGINAL;MOTOR;99,0;3855,71
PC001154;BOMBA INJETORA PESADO ORIGINAL;MOTOR;37,0;2636,24
PC001155;TAMBOR DE FREIO  PARALELA A;FREIOS;1,0;168,89
PC001156;ROLAMENTO DE EMBREAGEM REFORCADO ORIGINAL;TRANSMISSAO;33,0;1502,31
PC001157;PINO REI  PARALELA B;ARTICULACAO_5RODA;3,0;1824,19
PC001159;VALVULA DE ADMISSAO REFORCADO ORIGINAL;MOTOR;102,0;440,15
PC001160;PNEU RADIAL 295/80 LEVE ORIGINAL;RODAS_PNEUS;5,0;1462,02
PC001161;MACANETA DE PORTA LEVE PARALELA A;CARROCERIA;7,0;708,31
PC001162;CUBO DE RODA PESADO ORIGINAL;RODAS_PNEUS;84,0;1288,47
PC001163;BOMBA D AGUA  ORIGINAL;ARREFECIMENTO;4,0;907,6
PC001165;CAIXA DE CAMBIO COMPLETA REFORCADO ORIGINAL;TRANSMISSAO;30,0;3054,57
PC001166;ALTERNADOR REFORCADO ORIGINAL;ELETRICA;47,0;837,8
PC001167;LANTERNA TRASEIRA LEVE PARALELA A;ELETRICA;10,0;841,09
PC001168;MOTOR DE PARTIDA STD PARALELA B;ELETRICA;3,0;517,95
PC001169;JUNTA DE CABECOTE  REMANUFATURADO;MOTOR;45,0;3521,98
PC001170;SENSOR ABS PESADO REMANUFATURADO;ELETRICA;2,0;110,96
PC001171;RESERVATORIO EXPANSAO LEVE ORIGINAL;ARREFECIMENTO;4,0;242,61
PC001172;TURBO COMPRESSOR  PARALELA B;MOTOR;34,0;3446,81
PC001173;MANGUEIRA RADIADOR PESADO ORIGINAL;ARREFECIMENTO;282,0;700,94
PC001174;PINO MESTRE LEVE ORIGINAL;SUSPENSAO;207,0;886,04
PC001175;QUINTA RODA COMPLETA PESADO PARALELA B;ARTICULACAO_5RODA;201,0;1089,95
PC001176;EIXO CARDAN  ORIGINAL;TRANSMISSAO;23,0;3908,96
PC001177;PLATO DE EMBREAGEM  ORIGINAL;TRANSMISSAO;9,0;1827,25
PC001178;FILTRO DE OLEO MOTOR  ORIGINAL;MOTOR;85,0;1688,46
PC001179;BATERIA 150AH PESADO REMANUFATURADO;ELETRICA;62,0;1096,76
PC001180;DISCO DE FREIO PESADO PARALELA A;FREIOS;30,0;278,95
PC001181;CILINDRO MESTRE STD REMANUFATURADO;FREIOS;4,0;291,98
PC001182;CHICOTE ELETRICO PESADO REMANUFATURADO;ELETRICA;5,0;394,91
PC001184;RADIADOR COMPLETO REFORCADO PARALELA A;ARREFECIMENTO;74,0;428,71
PC001185;FILTRO DE OLEO CAMBIO STD PARALELA B;FILTROS;45,0;39,5
PC001186;ESPELHO RETROVISOR  PARALELA B;CARROCERIA;1,0;466,66
PC001187;RODA DE ACO ARO 22 PESADO PARALELA B;RODAS_PNEUS;22,0;201,92
PC001188;VIDRO LATERAL  PARALELA B;CARROCERIA;35,0;475,05
PC001189;MANGOTE PNEUMATICO STD ORIGINAL;ARTICULACAO_5RODA;29,0;632,98
PC001190;PARA-BRISA  PARALELA A;CARROCERIA;43,0;834,94
PC001191;AMORTECEDOR DIANTEIRO LEVE PARALELA B;SUSPENSAO;12,0;188,77
PC001192;FILTRO DE COMBUSTIVEL REFORCADO PARALELA A;FILTROS;32,0;33,52
PC001193;FILTRO DE AR MOTOR STD PARALELA A;FILTROS;13,0;92,64
PC001194;VALVULA TERMOSTATICA REFORCADO PARALELA A;ARREFECIMENTO;3,0;278,12
PC001195;CAMARA DE AR STD PARALELA A;RODAS_PNEUS;34,0;1401,74
PC001197;CORREIA DENTADA PESADO PARALELA A;MOTOR;19,0;5728,55
PC001198;ROLAMENTO DE RODA  ORIGINAL;RODAS_PNEUS;43,0;1235,63
PC001199;SINCRONIZADOR LEVE ORIGINAL;TRANSMISSAO;6,0;2932,62
PC001200;BOLSA DE AR SUSPENSAO LEVE REMANUFATURADO;SUSPENSAO;15,0;462,92
PC001201;MANGUEIRA DE FREIO AR PESADO PARALELA A;FREIOS;2,0;262,07
PC001202;FILTRO SEPARADOR AGUA LEVE REMANUFATURADO;FILTROS;10,0;123,51
PC001203;LONA DE FREIO STD ORIGINAL;FREIOS;30,0;407,75
PC001204;CRUZETA CARDAN LEVE PARALELA B;TRANSMISSAO;8,0;2022,64
PC001205;PARA-CHOQUE DIANTEIRO REFORCADO ORIGINAL;CARROCERIA;52,0;897,12
PC001206;VALVULA DE FREIO  ORIGINAL;FREIOS;9,0;293,69
PC001207;FAROL DIANTEIRO LED REFORCADO PARALELA B;ELETRICA;8,0;1252,68
PC001208;BARRA ESTABILIZADORA STD ORIGINAL;SUSPENSAO;1,0;489,34
PC001209;AMORTECEDOR TRASEIRO PESADO PARALELA A;SUSPENSAO;3,0;1039,44
PC001210;FILTRO DE CABINE PESADO ORIGINAL;FILTROS;18,0;93,56
PC001211;ENGATE DE REBOQUE  ORIGINAL;ARTICULACAO_5RODA;46,0;1724,14
PC001212;DISCO DE EMBREAGEM STD PARALELA B;TRANSMISSAO;44,0;1490,56
PC001213;SAPATA DE FREIO  ORIGINAL;FREIOS;2,0;345,51
PC001214;BICO INJETOR REFORCADO ORIGINAL;MOTOR;31,0;2984,88
PC001215;BUCHA DE MOLA  ORIGINAL;SUSPENSAO;49,0;1093,17
PC001216;VENTOINHA REFORCADO PARALELA B;ARREFECIMENTO;43,0;622,59
PC001217;CAMISA DE CILINDRO STD ORIGINAL;MOTOR;1,0;2037,59
PC001218;BOMBA INJETORA LEVE ORIGINAL;MOTOR;8,0;1244,3
PC001219;TAMBOR DE FREIO STD ORIGINAL;FREIOS;29,0;199,03
PC001220;ROLAMENTO DE EMBREAGEM STD ORIGINAL;TRANSMISSAO;3,0;7825,41
PC001221;PINO REI  PARALELA A;ARTICULACAO_5RODA;3,0;800,9
PC001222;PARA-LAMA PESADO PARALELA A;CARROCERIA;111,0;571,02
PC001223;VALVULA DE ADMISSAO STD ORIGINAL;MOTOR;15,0;4677,36
PC001224;PNEU RADIAL 295/80 REFORCADO PARALELA A;RODAS_PNEUS;4,0;1266,78
PC001225;MACANETA DE PORTA  PARALELA A;CARROCERIA;3,0;686,42
PC001226;CUBO DE RODA PESADO ORIGINAL;RODAS_PNEUS;10,0;1055,09
PC001227;BOMBA D AGUA STD PARALELA B;ARREFECIMENTO;134,0;236,64
PC001228;PASTILHA DE FREIO PESADO ORIGINAL;FREIOS;4,0;292,34
PC001229;CAIXA DE CAMBIO COMPLETA REFORCADO ORIGINAL;TRANSMISSAO;37,0;5514,91
PC001230;ALTERNADOR LEVE ORIGINAL;ELETRICA;1,0;433,2
PC001231;LANTERNA TRASEIRA REFORCADO PARALELA A;ELETRICA;10,0;1148,29
PC001232;MOTOR DE PARTIDA  PARALELA B;ELETRICA;7,0;230,29
PC001233;JUNTA DE CABECOTE  REMANUFATURADO;MOTOR;3,0;2214,26
PC001234;SENSOR ABS REFORCADO ORIGINAL;ELETRICA;5,0;862,12
PC001235;RESERVATORIO EXPANSAO  ORIGINAL;ARREFECIMENTO;6,0;579,56
PC001236;TURBO COMPRESSOR STD ORIGINAL;MOTOR;57,0;1257,04
PC001237;MANGUEIRA RADIADOR REFORCADO PARALELA A;ARREFECIMENTO;13,0;203,9
PC001238;PINO MESTRE LEVE PARALELA B;SUSPENSAO;151,0;947,05
PC001240;EIXO CARDAN  PARALELA B;TRANSMISSAO;2,0;7948,83
PC001241;PLATO DE EMBREAGEM  ORIGINAL;TRANSMISSAO;51,0;5198,95
PC001242;FILTRO DE OLEO MOTOR STD PARALELA B;MOTOR;1,0;459,44
PC001243;BATERIA 150AH PESADO ORIGINAL;ELETRICA;5,0;281,75
PC001244;DISCO DE FREIO  PARALELA A;FREIOS;30,0;250,75
PC001245;CILINDRO MESTRE LEVE PARALELA B;FREIOS;26,0;332,24
PC001246;CHICOTE ELETRICO PESADO PARALELA A;ELETRICA;9,0;319,35
PC001247;PARAFUSO DE RODA  PARALELA A;RODAS_PNEUS;2,0;154,92
PC001248;RADIADOR COMPLETO LEVE ORIGINAL;ARREFECIMENTO;12,0;568,61
PC001249;FILTRO DE OLEO CAMBIO LEVE REMANUFATURADO;FILTROS;1,0;80,5
PC001250;ESPELHO RETROVISOR PESADO REMANUFATURADO;CARROCERIA;6,0;395,99
PC001251;RODA DE ACO ARO 22 PESADO PARALELA A;RODAS_PNEUS;7,0;1169,35
PC001252;VIDRO LATERAL PESADO REMANUFATURADO;CARROCERIA;5,0;867,15
PC001253;MANGOTE PNEUMATICO  ORIGINAL;ARTICULACAO_5RODA;9,0;1260,25
PC001254;PARA-BRISA STD ORIGINAL;CARROCERIA;11,0;291,76
PC001255;AMORTECEDOR DIANTEIRO STD ORIGINAL;SUSPENSAO;14,0;523,61
PC001256;FILTRO DE COMBUSTIVEL  ORIGINAL;FILTROS;2,0;70,31
PC001257;FILTRO DE AR MOTOR STD ORIGINAL;FILTROS;4,0;17,9
PC001258;VALVULA TERMOSTATICA REFORCADO ORIGINAL;ARREFECIMENTO;24,0;747,0
PC001259;CAMARA DE AR LEVE ORIGINAL;RODAS_PNEUS;73,0;461,52
PC001260;FEIXE DE MOLA REFORCADO PARALELA A;SUSPENSAO;1,0;260,98
PC001261;CORREIA DENTADA STD REMANUFATURADO;MOTOR;3,0;2318,45
PC001262;ROLAMENTO DE RODA REFORCADO PARALELA A;RODAS_PNEUS;33,0;1070,57
PC001263;SINCRONIZADOR  REMANUFATURADO;TRANSMISSAO;11,0;2019,33
PC001266;FILTRO SEPARADOR AGUA  PARALELA A;FILTROS;3,0;78,66
PC001267;LONA DE FREIO REFORCADO ORIGINAL;FREIOS;2,0;197,32
PC001268;CRUZETA CARDAN REFORCADO ORIGINAL;TRANSMISSAO;201,0;1126,64
PC001269;PARA-CHOQUE DIANTEIRO  PARALELA A;CARROCERIA;6,0;213,44
PC001270;VALVULA DE FREIO STD ORIGINAL;FREIOS;9,0;75,33
PC001272;BARRA ESTABILIZADORA REFORCADO REMANUFATURADO;SUSPENSAO;4,0;846,73
PC001273;AMORTECEDOR TRASEIRO REFORCADO REMANUFATURADO;SUSPENSAO;4,0;627,9
PC001274;FILTRO DE CABINE  REMANUFATURADO;FILTROS;729,0;67,37
PC001275;ENGATE DE REBOQUE LEVE PARALELA B;ARTICULACAO_5RODA;28,0;605,7
PC001276;DISCO DE EMBREAGEM  PARALELA A;TRANSMISSAO;15,0;6088,72
PC001277;SAPATA DE FREIO  PARALELA B;FREIOS;3,0;135,37
PC001278;BICO INJETOR LEVE PARALELA A;MOTOR;23,0;3573,29
PC001279;BUCHA DE MOLA  PARALELA A;SUSPENSAO;79,0;995,97
PC001280;VENTOINHA REFORCADO PARALELA A;ARREFECIMENTO;9,0;145,52
PC001281;CAMISA DE CILINDRO PESADO ORIGINAL;MOTOR;33,0;3569,48
PC001282;BOMBA INJETORA PESADO PARALELA A;MOTOR;25,0;4925,79
PC001283;TAMBOR DE FREIO STD PARALELA A;FREIOS;26,0;296,01
PC001284;ROLAMENTO DE EMBREAGEM STD ORIGINAL;TRANSMISSAO;8,0;5085,51
PC001285;PINO REI REFORCADO PARALELA A;ARTICULACAO_5RODA;68,0;1400,73
PC001286;PARA-LAMA LEVE ORIGINAL;CARROCERIA;27,0;359,77
PC001287;VALVULA DE ADMISSAO REFORCADO PARALELA A;MOTOR;26,0;5878,55
PC001288;PNEU RADIAL 295/80 REFORCADO ORIGINAL;RODAS_PNEUS;17,0;1702,71
PC001289;MACANETA DE PORTA  PARALELA A;CARROCERIA;13,0;66,33
PC001290;CUBO DE RODA STD REMANUFATURADO;RODAS_PNEUS;2,0;1030,21
PC001291;BOMBA D AGUA PESADO PARALELA B;ARREFECIMENTO;23,0;353,07
PC001292;PASTILHA DE FREIO LEVE ORIGINAL;FREIOS;67,0;391,31
PC001293;CAIXA DE CAMBIO COMPLETA LEVE PARALELA A;TRANSMISSAO;22,0;2239,76
PC001294;ALTERNADOR  ORIGINAL;ELETRICA;322,0;1482,28
PC001296;MOTOR DE PARTIDA PESADO ORIGINAL;ELETRICA;11,0;1341,92
PC001297;JUNTA DE CABECOTE PESADO PARALELA B;MOTOR;1,0;4247,92
PC001298;SENSOR ABS LEVE PARALELA B;ELETRICA;5,0;570,32
PC001299;RESERVATORIO EXPANSAO  PARALELA A;ARREFECIMENTO;1,0;479,83
PC001300;TURBO COMPRESSOR PESADO PARALELA A;MOTOR;46,0;2522,33
PC001301;MANGUEIRA RADIADOR PESADO PARALELA B;ARREFECIMENTO;18,0;636,98
PC001302;PINO MESTRE LEVE ORIGINAL;SUSPENSAO;4,0;802,83
PC001303;QUINTA RODA COMPLETA STD ORIGINAL;ARTICULACAO_5RODA;7,0;693,35
PC001304;EIXO CARDAN REFORCADO PARALELA B;TRANSMISSAO;67,0;6655,2
PC001305;PLATO DE EMBREAGEM REFORCADO REMANUFATURADO;TRANSMISSAO;33,0;2464,76
PC001306;FILTRO DE OLEO MOTOR REFORCADO REMANUFATURADO;MOTOR;3,0;5356,47
PC001307;BATERIA 150AH REFORCADO PARALELA B;ELETRICA;5,0;350,88
PC001308;DISCO DE FREIO  ORIGINAL;FREIOS;9,0;158,49
PC001309;CILINDRO MESTRE LEVE PARALELA B;FREIOS;13,0;59,32
PC001310;CHICOTE ELETRICO STD PARALELA B;ELETRICA;12,0;577,93
PC001311;PARAFUSO DE RODA REFORCADO PARALELA A;RODAS_PNEUS;48,0;1479,76
PC001312;RADIADOR COMPLETO REFORCADO ORIGINAL;ARREFECIMENTO;50,0;675,68
PC001314;ESPELHO RETROVISOR PESADO PARALELA B;CARROCERIA;148,0;675,28
PC001315;RODA DE ACO ARO 22 STD PARALELA A;RODAS_PNEUS;5,0;1006,28
PC001316;VIDRO LATERAL  REMANUFATURADO;CARROCERIA;12,0;727,37
PC001317;MANGOTE PNEUMATICO PESADO ORIGINAL;ARTICULACAO_5RODA;3,0;1030,14
PC001318;PARA-BRISA  PARALELA B;CARROCERIA;18,0;364,13
PC001319;AMORTECEDOR DIANTEIRO PESADO ORIGINAL;SUSPENSAO;1,0;856,81
PC001320;FILTRO DE COMBUSTIVEL PESADO REMANUFATURADO;FILTROS;4,0;67,68
PC001322;VALVULA TERMOSTATICA PESADO PARALELA A;ARREFECIMENTO;26,0;969,9
PC001323;CAMARA DE AR LEVE PARALELA A;RODAS_PNEUS;9,0;1745,27
PC001324;FEIXE DE MOLA STD PARALELA A;SUSPENSAO;33,0;269,4
PC001325;CORREIA DENTADA  PARALELA B;MOTOR;4,0;1286,7
PC001326;ROLAMENTO DE RODA LEVE REMANUFATURADO;RODAS_PNEUS;24,0;2054,77
PC001327;SINCRONIZADOR REFORCADO REMANUFATURADO;TRANSMISSAO;25,0;2221,56
PC001328;BOLSA DE AR SUSPENSAO STD PARALELA B;SUSPENSAO;40,0;325,87
PC001329;MANGUEIRA DE FREIO AR REFORCADO ORIGINAL;FREIOS;10,0;289,34
PC001330;FILTRO SEPARADOR AGUA  ORIGINAL;FILTROS;4,0;65,19
PC001331;LONA DE FREIO STD ORIGINAL;FREIOS;10,0;254,35
PC001332;CRUZETA CARDAN LEVE ORIGINAL;TRANSMISSAO;52,0;3833,53
PC001333;PARA-CHOQUE DIANTEIRO LEVE ORIGINAL;CARROCERIA;1,0;766,51
PC001334;VALVULA DE FREIO REFORCADO PARALELA B;FREIOS;3,0;209,88
PC001335;FAROL DIANTEIRO LED LEVE ORIGINAL;ELETRICA;2,0;313,53
PC001336;BARRA ESTABILIZADORA STD PARALELA A;SUSPENSAO;3,0;844,07
PC001337;AMORTECEDOR TRASEIRO  PARALELA B;SUSPENSAO;43,0;604,32
PC001338;FILTRO DE CABINE PESADO PARALELA A;FILTROS;6,0;67,07
PC001339;ENGATE DE REBOQUE  PARALELA B;ARTICULACAO_5RODA;15,0;2164,42
PC001340;DISCO DE EMBREAGEM REFORCADO PARALELA A;TRANSMISSAO;95,0;7620,08
PC001341;SAPATA DE FREIO STD ORIGINAL;FREIOS;11,0;328,86
PC001342;BICO INJETOR REFORCADO ORIGINAL;MOTOR;3,0;3106,64
PC001343;BUCHA DE MOLA LEVE PARALELA A;SUSPENSAO;37,0;307,71
PC001344;VENTOINHA STD PARALELA A;ARREFECIMENTO;3,0;418,77
PC001345;CAMISA DE CILINDRO  ORIGINAL;MOTOR;77,0;2812,04
PC001346;BOMBA INJETORA PESADO ORIGINAL;MOTOR;5,0;3511,53
PC001347;TAMBOR DE FREIO PESADO PARALELA B;FREIOS;22,0;276,63
PC001348;ROLAMENTO DE EMBREAGEM REFORCADO REMANUFATURADO;TRANSMISSAO;58,0;7426,27
PC001349;PINO REI REFORCADO REMANUFATURADO;ARTICULACAO_5RODA;8,0;1306,16
PC001350;PARA-LAMA REFORCADO REMANUFATURADO;CARROCERIA;16,0;311,54
PC001351;VALVULA DE ADMISSAO  PARALELA A;MOTOR;67,0;665,86
PC001352;PNEU RADIAL 295/80 LEVE PARALELA A;RODAS_PNEUS;99,0;1340,04
PC001353;MACANETA DE PORTA LEVE PARALELA B;CARROCERIA;3,0;166,26
PC001354;CUBO DE RODA STD ORIGINAL;RODAS_PNEUS;7,0;1159,06
PC001355;BOMBA D AGUA STD PARALELA A;ARREFECIMENTO;0,0;133,87
PC001356;PASTILHA DE FREIO PESADO PARALELA B;FREIOS;8,0;79,38
PC001357;CAIXA DE CAMBIO COMPLETA PESADO PARALELA A;TRANSMISSAO;28,0;5606,05
PC001358;ALTERNADOR STD ORIGINAL;ELETRICA;2,0;1445,27
PC001359;LANTERNA TRASEIRA PESADO ORIGINAL;ELETRICA;1,0;1007,13
PC001360;MOTOR DE PARTIDA  PARALELA B;ELETRICA;17,0;89,47
PC001361;JUNTA DE CABECOTE PESADO ORIGINAL;MOTOR;212,0;349,07
PC001362;SENSOR ABS PESADO REMANUFATURADO;ELETRICA;2,0;609,63
PC001363;RESERVATORIO EXPANSAO REFORCADO PARALELA A;ARREFECIMENTO;1,0;303,36
PC001364;TURBO COMPRESSOR LEVE ORIGINAL;MOTOR;173,0;1459,87
PC001365;MANGUEIRA RADIADOR PESADO PARALELA A;ARREFECIMENTO;1,0;372,1
PC001366;PINO MESTRE  REMANUFATURADO;SUSPENSAO;35,0;1086,76
PC001367;QUINTA RODA COMPLETA  PARALELA A;ARTICULACAO_5RODA;3,0;1164,85
PC001368;EIXO CARDAN REFORCADO PARALELA B;TRANSMISSAO;3,0;6508,84
PC001369;PLATO DE EMBREAGEM PESADO ORIGINAL;TRANSMISSAO;23,0;588,56
PC001370;FILTRO DE OLEO MOTOR REFORCADO PARALELA A;MOTOR;11,0;385,18
PC001371;BATERIA 150AH PESADO REMANUFATURADO;ELETRICA;20,0;459,63
PC001372;DISCO DE FREIO STD PARALELA A;FREIOS;51,0;109,95
PC001373;CILINDRO MESTRE PESADO REMANUFATURADO;FREIOS;2,0;214,5
PC001374;CHICOTE ELETRICO LEVE PARALELA A;ELETRICA;12,0;1129,44
PC001376;RADIADOR COMPLETO  ORIGINAL;ARREFECIMENTO;25,0;250,99
PC001377;FILTRO DE OLEO CAMBIO REFORCADO PARALELA A;FILTROS;12,0;59,81
PC001378;ESPELHO RETROVISOR  ORIGINAL;CARROCERIA;4,0;358,33
PC001379;RODA DE ACO ARO 22  ORIGINAL;RODAS_PNEUS;1,0;1089,7
PC001380;VIDRO LATERAL STD ORIGINAL;CARROCERIA;8,0;135,89
PC001381;MANGOTE PNEUMATICO REFORCADO PARALELA B;ARTICULACAO_5RODA;2,0;1155,56
PC001383;AMORTECEDOR DIANTEIRO PESADO REMANUFATURADO;SUSPENSAO;6,0;112,58
PC001384;FILTRO DE COMBUSTIVEL  ORIGINAL;FILTROS;9,0;14,55
PC001385;FILTRO DE AR MOTOR LEVE ORIGINAL;FILTROS;19,0;35,98
PC001386;VALVULA TERMOSTATICA STD ORIGINAL;ARREFECIMENTO;160,0;750,4
PC001387;CAMARA DE AR REFORCADO REMANUFATURADO;RODAS_PNEUS;6,0;919,65
PC001388;FEIXE DE MOLA STD PARALELA B;SUSPENSAO;7,0;178,38
PC001389;CORREIA DENTADA REFORCADO ORIGINAL;MOTOR;85,0;5068,46
PC001390;ROLAMENTO DE RODA REFORCADO ORIGINAL;RODAS_PNEUS;59,0;163,7
PC001391;SINCRONIZADOR LEVE PARALELA B;TRANSMISSAO;51,0;2169,13
PC001392;BOLSA DE AR SUSPENSAO STD PARALELA B;SUSPENSAO;164,0;770,69
PC001393;MANGUEIRA DE FREIO AR  PARALELA B;FREIOS;17,0;253,81
PC001394;FILTRO SEPARADOR AGUA  PARALELA A;FILTROS;11,0;50,05
PC001395;LONA DE FREIO REFORCADO PARALELA B;FREIOS;6,0;262,48
PC001396;CRUZETA CARDAN  PARALELA A;TRANSMISSAO;16,0;3552,65
PC001397;PARA-CHOQUE DIANTEIRO PESADO ORIGINAL;CARROCERIA;19,0;808,72
PC001398;VALVULA DE FREIO PESADO ORIGINAL;FREIOS;6,0;259,45
PC001399;FAROL DIANTEIRO LED PESADO REMANUFATURADO;ELETRICA;3,0;1179,37
PC001400;BARRA ESTABILIZADORA STD PARALELA B;SUSPENSAO;5,0;1169,28
PC001401;AMORTECEDOR TRASEIRO PESADO ORIGINAL;SUSPENSAO;42,0;548,1
PC001403;ENGATE DE REBOQUE LEVE ORIGINAL;ARTICULACAO_5RODA;19,0;536,95
PC001404;DISCO DE EMBREAGEM LEVE PARALELA A;TRANSMISSAO;2,0;4769,65
PC001405;SAPATA DE FREIO PESADO ORIGINAL;FREIOS;26,0;219,86
PC001406;BICO INJETOR  PARALELA A;MOTOR;23,0;1900,89
PC001407;BUCHA DE MOLA REFORCADO REMANUFATURADO;SUSPENSAO;4,0;343,58
PC001408;VENTOINHA REFORCADO ORIGINAL;ARREFECIMENTO;6,0;289,96
PC001409;CAMISA DE CILINDRO PESADO PARALELA A;MOTOR;8,0;328,05
PC001410;BOMBA INJETORA STD ORIGINAL;MOTOR;31,0;2636,78
PC001411;TAMBOR DE FREIO STD REMANUFATURADO;FREIOS;30,0;68,05
PC001412;ROLAMENTO DE EMBREAGEM STD REMANUFATURADO;TRANSMISSAO;7,0;7530,52
PC001413;PINO REI REFORCADO PARALELA A;ARTICULACAO_5RODA;1,0;530,97
PC001414;PARA-LAMA REFORCADO ORIGINAL;CARROCERIA;32,0;999,72
PC001415;VALVULA DE ADMISSAO REFORCADO PARALELA B;MOTOR;62,0;3321,42
PC001416;PNEU RADIAL 295/80 REFORCADO PARALELA B;RODAS_PNEUS;1,0;986,93
PC001418;CUBO DE RODA REFORCADO ORIGINAL;RODAS_PNEUS;2,0;1328,0
PC001419;BOMBA D AGUA LEVE ORIGINAL;ARREFECIMENTO;4,0;110,6
PC001420;PASTILHA DE FREIO REFORCADO REMANUFATURADO;FREIOS;30,0;280,39
PC001421;CAIXA DE CAMBIO COMPLETA LEVE REMANUFATURADO;TRANSMISSAO;10,0;291,92
PC001422;ALTERNADOR REFORCADO PARALELA B;ELETRICA;7,0;497,15
PC001423;LANTERNA TRASEIRA  ORIGINAL;ELETRICA;8,0;370,96
PC001424;MOTOR DE PARTIDA  PARALELA A;ELETRICA;4,0;1171,94
PC001425;JUNTA DE CABECOTE STD PARALELA A;MOTOR;6,0;765,21
PC001426;SENSOR ABS REFORCADO PARALELA B;ELETRICA;18,0;190,97
PC001427;RESERVATORIO EXPANSAO REFORCADO REMANUFATURADO;ARREFECIMENTO;51,0;114,65
PC001428;TURBO COMPRESSOR  REMANUFATURADO;MOTOR;5,0;459,37
PC001429;MANGUEIRA RADIADOR  PARALELA B;ARREFECIMENTO;12,0;884,35
PC001430;PINO MESTRE PESADO PARALELA A;SUSPENSAO;690,0;924,03
PC001431;QUINTA RODA COMPLETA  REMANUFATURADO;ARTICULACAO_5RODA;3,0;867,63
PC001432;EIXO CARDAN  PARALELA A;TRANSMISSAO;107,0;7002,39
PC001433;PLATO DE EMBREAGEM  ORIGINAL;TRANSMISSAO;86,0;3619,07
PC001434;FILTRO DE OLEO MOTOR PESADO PARALELA A;MOTOR;7,0;2022,26
PC001435;BATERIA 150AH REFORCADO PARALELA B;ELETRICA;5,0;1009,2
PC001436;DISCO DE FREIO REFORCADO ORIGINAL;FREIOS;31,0;200,23
PC001437;CILINDRO MESTRE  ORIGINAL;FREIOS;60,0;216,85
PC001438;CHICOTE ELETRICO STD PARALELA A;ELETRICA;3,0;1206,75
PC001439;PARAFUSO DE RODA  PARALELA A;RODAS_PNEUS;36,0;1221,82
PC001441;FILTRO DE OLEO CAMBIO  ORIGINAL;FILTROS;35,0;25,29
PC001442;ESPELHO RETROVISOR  ORIGINAL;CARROCERIA;10,0;804,96
PC001443;RODA DE ACO ARO 22 REFORCADO ORIGINAL;RODAS_PNEUS;4,0;760,74
PC001444;VIDRO LATERAL STD PARALELA A;CARROCERIA;9,0;836,58
PC001445;MANGOTE PNEUMATICO STD ORIGINAL;ARTICULACAO_5RODA;95,0;1705,48
PC001446;PARA-BRISA STD PARALELA B;CARROCERIA;53,0;719,5
PC001447;AMORTECEDOR DIANTEIRO STD PARALELA A;SUSPENSAO;14,0;606,26
PC001448;FILTRO DE COMBUSTIVEL LEVE PARALELA B;FILTROS;16,0;92,26
PC001449;FILTRO DE AR MOTOR PESADO PARALELA A;FILTROS;1,0;106,7
PC001450;VALVULA TERMOSTATICA  REMANUFATURADO;ARREFECIMENTO;384,0;603,24
PC001451;CAMARA DE AR STD PARALELA A;RODAS_PNEUS;2,0;1107,99
PC001452;FEIXE DE MOLA  REMANUFATURADO;SUSPENSAO;2,0;1185,65
PC001453;CORREIA DENTADA PESADO PARALELA B;MOTOR;2,0;5321,73
PC001454;ROLAMENTO DE RODA PESADO REMANUFATURADO;RODAS_PNEUS;11,0;1600,62
PC001455;SINCRONIZADOR  ORIGINAL;TRANSMISSAO;92,0;3346,82
PC001456;BOLSA DE AR SUSPENSAO REFORCADO PARALELA B;SUSPENSAO;9,0;507,93
PC001457;MANGUEIRA DE FREIO AR  PARALELA B;FREIOS;6,0;93,51
PC001458;FILTRO SEPARADOR AGUA PESADO PARALELA A;FILTROS;70,0;65,88
PC001459;LONA DE FREIO PESADO PARALELA A;FREIOS;63,0;152,96
PC001460;CRUZETA CARDAN REFORCADO ORIGINAL;TRANSMISSAO;75,0;7421,09
PC001461;PARA-CHOQUE DIANTEIRO LEVE PARALELA A;CARROCERIA;61,0;870,33
PC001462;VALVULA DE FREIO LEVE ORIGINAL;FREIOS;3,0;154,67
PC001463;FAROL DIANTEIRO LED LEVE PARALELA B;ELETRICA;23,0;709,22
PC001464;BARRA ESTABILIZADORA STD ORIGINAL;SUSPENSAO;197,0;467,66
PC001465;AMORTECEDOR TRASEIRO REFORCADO PARALELA A;SUSPENSAO;37,0;280,16
PC001466;FILTRO DE CABINE STD PARALELA A;FILTROS;6,0;27,37
PC001467;ENGATE DE REBOQUE PESADO ORIGINAL;ARTICULACAO_5RODA;47,0;456,63
PC001468;DISCO DE EMBREAGEM REFORCADO PARALELA B;TRANSMISSAO;2,0;4510,36
PC001469;SAPATA DE FREIO STD PARALELA B;FREIOS;9,0;205,83
PC001470;BICO INJETOR REFORCADO ORIGINAL;MOTOR;2,0;5161,53
PC001471;BUCHA DE MOLA  ORIGINAL;SUSPENSAO;185,0;304,35
PC001472;VENTOINHA REFORCADO PARALELA B;ARREFECIMENTO;34,0;541,07
PC001473;CAMISA DE CILINDRO STD REMANUFATURADO;MOTOR;30,0;6454,34
PC001474;BOMBA INJETORA REFORCADO PARALELA A;MOTOR;1,0;2458,85
PC001475;TAMBOR DE FREIO REFORCADO ORIGINAL;FREIOS;10,0;316,46
PC001476;ROLAMENTO DE EMBREAGEM REFORCADO PARALELA A;TRANSMISSAO;26,0;6871,87
PC001477;PINO REI LEVE PARALELA B;ARTICULACAO_5RODA;10,0;1855,19
PC001478;PARA-LAMA  REMANUFATURADO;CARROCERIA;43,0;984,45
PC001479;VALVULA DE ADMISSAO STD PARALELA B;MOTOR;72,0;4744,06
PC001480;PNEU RADIAL 295/80 REFORCADO PARALELA B;RODAS_PNEUS;13,0;398,41
PC001481;MACANETA DE PORTA  PARALELA B;CARROCERIA;74,0;528,89
PC001482;CUBO DE RODA PESADO ORIGINAL;RODAS_PNEUS;8,0;1463,84
PC001483;BOMBA D AGUA PESADO PARALELA B;ARREFECIMENTO;73,0;285,58
PC001484;PASTILHA DE FREIO LEVE PARALELA A;FREIOS;49,0;301,12
PC001485;CAIXA DE CAMBIO COMPLETA PESADO ORIGINAL;TRANSMISSAO;21,0;4195,44
PC001486;ALTERNADOR  PARALELA B;ELETRICA;11,0;429,29
PC001487;LANTERNA TRASEIRA  REMANUFATURADO;ELETRICA;1,0;476,78
PC001488;MOTOR DE PARTIDA STD ORIGINAL;ELETRICA;12,0;1103,85
PC001489;JUNTA DE CABECOTE REFORCADO PARALELA A;MOTOR;95,0;1093,49
PC001490;SENSOR ABS  REMANUFATURADO;ELETRICA;11,0;396,11
PC001491;RESERVATORIO EXPANSAO STD PARALELA B;ARREFECIMENTO;17,0;514,64
PC001492;TURBO COMPRESSOR STD ORIGINAL;MOTOR;74,0;2127,86
PC001493;MANGUEIRA RADIADOR PESADO ORIGINAL;ARREFECIMENTO;9,0;544,33
PC001494;PINO MESTRE PESADO PARALELA A;SUSPENSAO;60,0;865,25
PC001495;QUINTA RODA COMPLETA LEVE ORIGINAL;ARTICULACAO_5RODA;8,0;2879,29
PC001496;EIXO CARDAN PESADO ORIGINAL;TRANSMISSAO;23,0;8308,55
PC001497;PLATO DE EMBREAGEM  PARALELA B;TRANSMISSAO;4,0;1589,41
PC001498;FILTRO DE OLEO MOTOR LEVE ORIGINAL;MOTOR;53,0;3281,74
PC001499;BATERIA 150AH PESADO PARALELA B;ELETRICA;46,0;1080,94
PC001500;DISCO DE FREIO PESADO REMANUFATURADO;FREIOS;156,0;297,42
PC001501;CILINDRO MESTRE LEVE PARALELA A;FREIOS;19,0;282,82
PC001502;CHICOTE ELETRICO  ORIGINAL;ELETRICA;45,0;1250,38
PC001503;PARAFUSO DE RODA REFORCADO PARALELA A;RODAS_PNEUS;14,0;1102,9
PC001504;RADIADOR COMPLETO REFORCADO ORIGINAL;ARREFECIMENTO;79,0;437,01
PC001505;FILTRO DE OLEO CAMBIO PESADO PARALELA A;FILTROS;4,0;112,76
PC001506;ESPELHO RETROVISOR PESADO PARALELA B;CARROCERIA;10,0;46,51
PC001507;RODA DE ACO ARO 22 STD ORIGINAL;RODAS_PNEUS;15,0;969,13
PC001508;VIDRO LATERAL STD PARALELA A;CARROCERIA;15,0;444,67
PC001509;MANGOTE PNEUMATICO STD PARALELA B;ARTICULACAO_5RODA;26,0;1341,38
PC001510;PARA-BRISA LEVE PARALELA A;CARROCERIA;3,0;897,6
PC001511;AMORTECEDOR DIANTEIRO REFORCADO ORIGINAL;SUSPENSAO;18,0;633,14
PC001512;FILTRO DE COMBUSTIVEL PESADO PARALELA A;FILTROS;47,0;55,41
PC001513;FILTRO DE AR MOTOR STD ORIGINAL;FILTROS;22,0;70,43
PC001514;VALVULA TERMOSTATICA LEVE PARALELA A;ARREFECIMENTO;16,0;897,22
PC001515;CAMARA DE AR LEVE PARALELA B;RODAS_PNEUS;20,0;1023,31
PC001516;FEIXE DE MOLA REFORCADO ORIGINAL;SUSPENSAO;56,0;313,32
PC001517;CORREIA DENTADA REFORCADO ORIGINAL;MOTOR;5,0;1045,91
PC001518;ROLAMENTO DE RODA PESADO PARALELA B;RODAS_PNEUS;58,0;1177,45
PC001519;SINCRONIZADOR STD PARALELA A;TRANSMISSAO;2,0;7740,29
PC001520;BOLSA DE AR SUSPENSAO STD PARALELA B;SUSPENSAO;16,0;704,76
PC001521;MANGUEIRA DE FREIO AR STD PARALELA A;FREIOS;28,0;151,18
PC001522;FILTRO SEPARADOR AGUA PESADO REMANUFATURADO;FILTROS;7,0;74,94
PC001523;LONA DE FREIO STD PARALELA A;FREIOS;56,0;331,09
PC001524;CRUZETA CARDAN REFORCADO PARALELA A;TRANSMISSAO;8,0;2968,85
PC001525;PARA-CHOQUE DIANTEIRO PESADO REMANUFATURADO;CARROCERIA;1,0;158,41
PC001527;FAROL DIANTEIRO LED  PARALELA A;ELETRICA;8,0;934,57
PC001528;BARRA ESTABILIZADORA REFORCADO PARALELA A;SUSPENSAO;10,0;1181,14
PC001529;AMORTECEDOR TRASEIRO  ORIGINAL;SUSPENSAO;7,0;207,56
PC001530;FILTRO DE CABINE LEVE ORIGINAL;FILTROS;35,0;81,9
PC001531;ENGATE DE REBOQUE PESADO PARALELA A;ARTICULACAO_5RODA;78,0;1036,94
PC001532;DISCO DE EMBREAGEM LEVE PARALELA B;TRANSMISSAO;9,0;7832,89
PC001533;SAPATA DE FREIO LEVE PARALELA A;FREIOS;6,0;116,89
PC001534;BICO INJETOR STD PARALELA A;MOTOR;0,0;442,73
PC001535;BUCHA DE MOLA  PARALELA A;SUSPENSAO;10,0;161,17
PC001536;VENTOINHA STD ORIGINAL;ARREFECIMENTO;0,0;555,0
PC001537;CAMISA DE CILINDRO  ORIGINAL;MOTOR;10,0;1520,79
PC001538;BOMBA INJETORA LEVE PARALELA B;MOTOR;1,0;1245,68
PC001539;TAMBOR DE FREIO PESADO PARALELA A;FREIOS;5,0;56,71
PC001540;ROLAMENTO DE EMBREAGEM STD PARALELA B;TRANSMISSAO;20,0;885,8
PC001541;PINO REI LEVE PARALELA A;ARTICULACAO_5RODA;14,0;1057,99
PC001542;PARA-LAMA REFORCADO REMANUFATURADO;CARROCERIA;20,0;716,67
PC001543;VALVULA DE ADMISSAO LEVE REMANUFATURADO;MOTOR;1,0;6453,11
PC001544;PNEU RADIAL 295/80 REFORCADO ORIGINAL;RODAS_PNEUS;306,0;208,48
PC001545;MACANETA DE PORTA LEVE ORIGINAL;CARROCERIA;3,0;610,74
PC001546;CUBO DE RODA REFORCADO PARALELA A;RODAS_PNEUS;1,0;1538,98
PC001547;BOMBA D AGUA REFORCADO PARALELA B;ARREFECIMENTO;0,0;195,62
PC001548;PASTILHA DE FREIO PESADO PARALELA B;FREIOS;7,0;115,84
PC001549;CAIXA DE CAMBIO COMPLETA LEVE ORIGINAL;TRANSMISSAO;116,0;390,16
PC001550;ALTERNADOR REFORCADO PARALELA B;ELETRICA;177,0;1205,66
PC001551;LANTERNA TRASEIRA LEVE PARALELA B;ELETRICA;247,0;974,04
PC001552;MOTOR DE PARTIDA STD PARALELA B;ELETRICA;1,0;592,71
PC001553;JUNTA DE CABECOTE  PARALELA A;MOTOR;3,0;3290,88
PC001554;SENSOR ABS PESADO REMANUFATURADO;ELETRICA;86,0;1138,97
PC001556;TURBO COMPRESSOR PESADO PARALELA A;MOTOR;59,0;1580,25
PC001557;MANGUEIRA RADIADOR STD ORIGINAL;ARREFECIMENTO;20,0;726,84
PC001558;PINO MESTRE  ORIGINAL;SUSPENSAO;42,0;574,02
PC001559;QUINTA RODA COMPLETA STD PARALELA A;ARTICULACAO_5RODA;12,0;2429,78
PC001560;EIXO CARDAN STD REMANUFATURADO;TRANSMISSAO;11,0;1921,22
PC001561;PLATO DE EMBREAGEM PESADO PARALELA A;TRANSMISSAO;43,0;5154,05
PC001562;FILTRO DE OLEO MOTOR REFORCADO ORIGINAL;MOTOR;47,0;469,53
PC001563;BATERIA 150AH  REMANUFATURADO;ELETRICA;102,0;1255,6
PC001564;DISCO DE FREIO STD ORIGINAL;FREIOS;13,0;227,26
PC001565;CILINDRO MESTRE STD ORIGINAL;FREIOS;36,0;61,38
PC001566;CHICOTE ELETRICO PESADO PARALELA B;ELETRICA;44,0;786,86
PC001567;PARAFUSO DE RODA STD ORIGINAL;RODAS_PNEUS;2,0;2015,14
PC001569;FILTRO DE OLEO CAMBIO LEVE PARALELA B;FILTROS;18,0;51,56
PC001570;ESPELHO RETROVISOR STD PARALELA A;CARROCERIA;12,0;436,7
PC001571;RODA DE ACO ARO 22 LEVE REMANUFATURADO;RODAS_PNEUS;23,0;1236,2
PC001572;VIDRO LATERAL REFORCADO PARALELA B;CARROCERIA;11,0;962,91
PC001574;PARA-BRISA  ORIGINAL;CARROCERIA;11,0;622,89
PC001575;AMORTECEDOR DIANTEIRO PESADO PARALELA A;SUSPENSAO;6,0;294,1
PC001576;FILTRO DE COMBUSTIVEL  PARALELA A;FILTROS;62,0;91,66
PC001577;FILTRO DE AR MOTOR STD ORIGINAL;FILTROS;11,0;77,46
PC001578;VALVULA TERMOSTATICA LEVE ORIGINAL;ARREFECIMENTO;5,0;570,69
PC001579;CAMARA DE AR PESADO PARALELA A;RODAS_PNEUS;2,0;622,21
PC001580;FEIXE DE MOLA PESADO REMANUFATURADO;SUSPENSAO;45,0;909,18
PC001581;CORREIA DENTADA PESADO ORIGINAL;MOTOR;3,0;902,54
PC001582;ROLAMENTO DE RODA LEVE PARALELA A;RODAS_PNEUS;46,0;799,69
PC001583;SINCRONIZADOR PESADO ORIGINAL;TRANSMISSAO;14,0;5888,73
PC001584;BOLSA DE AR SUSPENSAO REFORCADO ORIGINAL;SUSPENSAO;16,0;1123,9
PC001585;MANGUEIRA DE FREIO AR PESADO PARALELA B;FREIOS;10,0;146,55
PC001586;FILTRO SEPARADOR AGUA PESADO PARALELA B;FILTROS;5,0;70,67
PC001587;LONA DE FREIO  ORIGINAL;FREIOS;245,0;89,81
PC001589;PARA-CHOQUE DIANTEIRO REFORCADO PARALELA A;CARROCERIA;3,0;912,48
PC001590;VALVULA DE FREIO REFORCADO ORIGINAL;FREIOS;11,0;57,68
PC001592;BARRA ESTABILIZADORA PESADO ORIGINAL;SUSPENSAO;1,0;297,76
PC001593;AMORTECEDOR TRASEIRO PESADO PARALELA B;SUSPENSAO;16,0;134,45
PC001594;FILTRO DE CABINE PESADO PARALELA A;FILTROS;1,0;39,81
PC001595;ENGATE DE REBOQUE PESADO REMANUFATURADO;ARTICULACAO_5RODA;35,0;872,89
PC001596;DISCO DE EMBREAGEM LEVE ORIGINAL;TRANSMISSAO;42,0;5108,75
PC001597;SAPATA DE FREIO STD REMANUFATURADO;FREIOS;37,0;197,47
PC001598;BICO INJETOR STD ORIGINAL;MOTOR;63,0;2084,07
PC001599;BUCHA DE MOLA PESADO ORIGINAL;SUSPENSAO;7,0;839,69
PC001600;VENTOINHA STD ORIGINAL;ARREFECIMENTO;84,0;854,5
PC001601;CAMISA DE CILINDRO LEVE PARALELA A;MOTOR;9,0;578,46
PC001602;BOMBA INJETORA REFORCADO PARALELA A;MOTOR;101,0;528,13
PC001603;TAMBOR DE FREIO PESADO ORIGINAL;FREIOS;169,0;131,08
PC001604;ROLAMENTO DE EMBREAGEM PESADO PARALELA A;TRANSMISSAO;80,0;3858,16
PC001605;PINO REI PESADO PARALELA B;ARTICULACAO_5RODA;24,0;2420,81
PC001606;PARA-LAMA LEVE ORIGINAL;CARROCERIA;0,0;69,69
PC001607;VALVULA DE ADMISSAO REFORCADO ORIGINAL;MOTOR;34,0;4119,23
PC001608;PNEU RADIAL 295/80  ORIGINAL;RODAS_PNEUS;9,0;1159,19
PC001609;MACANETA DE PORTA STD PARALELA B;CARROCERIA;16,0;98,58
PC001610;CUBO DE RODA STD ORIGINAL;RODAS_PNEUS;17,0;875,19
PC001611;BOMBA D AGUA PESADO PARALELA B;ARREFECIMENTO;43,0;140,84
PC001612;PASTILHA DE FREIO PESADO REMANUFATURADO;FREIOS;55,0;261,09
PC001614;ALTERNADOR REFORCADO ORIGINAL;ELETRICA;17,0;683,9
PC001615;LANTERNA TRASEIRA  PARALELA B;ELETRICA;2,0;641,06
PC001616;MOTOR DE PARTIDA PESADO PARALELA B;ELETRICA;19,0;1164,97
PC001617;JUNTA DE CABECOTE STD PARALELA A;MOTOR;219,0;1092,17
PC001618;SENSOR ABS STD PARALELA A;ELETRICA;4,0;158,05
PC001619;RESERVATORIO EXPANSAO LEVE PARALELA B;ARREFECIMENTO;3,0;54,62
PC001620;TURBO COMPRESSOR REFORCADO PARALELA A;MOTOR;6,0;3692,28
PC001621;MANGUEIRA RADIADOR PESADO ORIGINAL;ARREFECIMENTO;28,0;613,68
PC001622;PINO MESTRE  PARALELA A;SUSPENSAO;17,0;1060,58
PC001623;QUINTA RODA COMPLETA STD PARALELA A;ARTICULACAO_5RODA;6,0;767,77
PC001624;EIXO CARDAN LEVE REMANUFATURADO;TRANSMISSAO;497,0;5427,12
PC001625;PLATO DE EMBREAGEM REFORCADO PARALELA A;TRANSMISSAO;22,0;2024,22
PC001626;FILTRO DE OLEO MOTOR PESADO PARALELA A;MOTOR;6,0;2673,4
PC001627;BATERIA 150AH REFORCADO PARALELA A;ELETRICA;6,0;608,11
PC001628;DISCO DE FREIO REFORCADO PARALELA B;FREIOS;31,0;385,17
PC001629;CILINDRO MESTRE REFORCADO REMANUFATURADO;FREIOS;11,0;169,03
PC001630;CHICOTE ELETRICO LEVE PARALELA A;ELETRICA;1,0;232,43
PC001631;PARAFUSO DE RODA PESADO PARALELA B;RODAS_PNEUS;56,0;305,32
PC001632;RADIADOR COMPLETO  PARALELA B;ARREFECIMENTO;28,0;295,93
PC001633;FILTRO DE OLEO CAMBIO PESADO ORIGINAL;FILTROS;10,0;100,94
PC001634;ESPELHO RETROVISOR LEVE PARALELA B;CARROCERIA;2,0;760,75
PC001635;RODA DE ACO ARO 22 LEVE REMANUFATURADO;RODAS_PNEUS;27,0;201,59
PC001636;VIDRO LATERAL REFORCADO PARALELA B;CARROCERIA;6,0;1113,29
PC001637;MANGOTE PNEUMATICO  ORIGINAL;ARTICULACAO_5RODA;18,0;2248,6
PC001638;PARA-BRISA PESADO PARALELA B;CARROCERIA;8,0;63,12
PC001639;AMORTECEDOR DIANTEIRO PESADO ORIGINAL;SUSPENSAO;8,0;852,61
PC001640;FILTRO DE COMBUSTIVEL  ORIGINAL;FILTROS;15,0;84,41
PC001641;FILTRO DE AR MOTOR STD PARALELA B;FILTROS;92,0;72,16
PC001642;VALVULA TERMOSTATICA STD REMANUFATURADO;ARREFECIMENTO;28,0;61,31
PC001643;CAMARA DE AR LEVE ORIGINAL;RODAS_PNEUS;61,0;322,22
PC001645;CORREIA DENTADA PESADO ORIGINAL;MOTOR;3,0;3028,93
PC001646;ROLAMENTO DE RODA REFORCADO PARALELA A;RODAS_PNEUS;8,0;672,83
PC001647;SINCRONIZADOR REFORCADO ORIGINAL;TRANSMISSAO;35,0;8364,07
PC001648;BOLSA DE AR SUSPENSAO REFORCADO REMANUFATURADO;SUSPENSAO;21,0;1052,65
PC001649;MANGUEIRA DE FREIO AR LEVE ORIGINAL;FREIOS;8,0;82,82
PC001650;FILTRO SEPARADOR AGUA STD PARALELA A;FILTROS;252,0;55,27
PC001651;LONA DE FREIO REFORCADO PARALELA B;FREIOS;159,0;196,45
PC001652;CRUZETA CARDAN PESADO PARALELA A;TRANSMISSAO;6,0;2188,12
PC001653;PARA-CHOQUE DIANTEIRO REFORCADO PARALELA A;CARROCERIA;10,0;866,19
PC001654;VALVULA DE FREIO REFORCADO PARALELA B;FREIOS;13,0;171,74
PC001655;FAROL DIANTEIRO LED REFORCADO PARALELA A;ELETRICA;635,0;262,72
PC001656;BARRA ESTABILIZADORA PESADO ORIGINAL;SUSPENSAO;5,0;123,0
PC001657;AMORTECEDOR TRASEIRO STD REMANUFATURADO;SUSPENSAO;5,0;611,99
PC001658;FILTRO DE CABINE  PARALELA A;FILTROS;2,0;18,14
PC001659;ENGATE DE REBOQUE REFORCADO PARALELA B;ARTICULACAO_5RODA;32,0;1864,56
PC001660;DISCO DE EMBREAGEM PESADO PARALELA A;TRANSMISSAO;1,0;4840,14
PC001661;SAPATA DE FREIO PESADO ORIGINAL;FREIOS;1,0;170,14
PC001662;BICO INJETOR REFORCADO PARALELA B;MOTOR;32,0;3144,13
PC001663;BUCHA DE MOLA LEVE ORIGINAL;SUSPENSAO;3,0;1196,38
PC001664;VENTOINHA  ORIGINAL;ARREFECIMENTO;11,0;461,19
PC001665;CAMISA DE CILINDRO  ORIGINAL;MOTOR;4,0;1980,04
PC001666;BOMBA INJETORA LEVE PARALELA A;MOTOR;9,0;2660,6
PC001667;TAMBOR DE FREIO STD ORIGINAL;FREIOS;38,0;172,67
PC001668;ROLAMENTO DE EMBREAGEM LEVE ORIGINAL;TRANSMISSAO;2,0;3524,16
PC001669;PINO REI  ORIGINAL;ARTICULACAO_5RODA;3,0;832,65
PC001670;PARA-LAMA LEVE PARALELA B;CARROCERIA;9,0;232,66
PC001671;VALVULA DE ADMISSAO PESADO PARALELA A;MOTOR;12,0;1081,67
PC001672;PNEU RADIAL 295/80 PESADO PARALELA A;RODAS_PNEUS;41,0;1371,43
PC001673;MACANETA DE PORTA LEVE ORIGINAL;CARROCERIA;10,0;68,92
PC001674;CUBO DE RODA LEVE PARALELA A;RODAS_PNEUS;30,0;1339,16
PC001675;BOMBA D AGUA PESADO PARALELA B;ARREFECIMENTO;26,0;1031,35
PC001676;PASTILHA DE FREIO STD PARALELA B;FREIOS;26,0;227,87
PC001677;CAIXA DE CAMBIO COMPLETA  ORIGINAL;TRANSMISSAO;320,0;5072,11
PC001678;ALTERNADOR LEVE PARALELA A;ELETRICA;11,0;1011,29
PC001679;LANTERNA TRASEIRA STD PARALELA B;ELETRICA;30,0;833,21
PC001680;MOTOR DE PARTIDA REFORCADO PARALELA B;ELETRICA;2,0;125,94
PC001681;JUNTA DE CABECOTE LEVE PARALELA B;MOTOR;19,0;2855,31
PC001682;SENSOR ABS LEVE PARALELA A;ELETRICA;2,0;92,64
PC001683;RESERVATORIO EXPANSAO REFORCADO PARALELA A;ARREFECIMENTO;13,0;71,93
PC001684;TURBO COMPRESSOR  ORIGINAL;MOTOR;8,0;1498,83
PC001685;MANGUEIRA RADIADOR REFORCADO ORIGINAL;ARREFECIMENTO;106,0;235,9
PC001686;PINO MESTRE STD PARALELA B;SUSPENSAO;10,0;657,66
PC001687;QUINTA RODA COMPLETA  PARALELA A;ARTICULACAO_5RODA;2,0;1296,98
PC001688;EIXO CARDAN LEVE ORIGINAL;TRANSMISSAO;1,0;2522,59
PC001689;PLATO DE EMBREAGEM  ORIGINAL;TRANSMISSAO;115,0;2538,19
PC001690;FILTRO DE OLEO MOTOR REFORCADO REMANUFATURADO;MOTOR;11,0;350,48
PC001691;BATERIA 150AH STD PARALELA A;ELETRICA;9,0;504,94
PC001692;DISCO DE FREIO REFORCADO PARALELA A;FREIOS;21,0;362,53
PC001693;CILINDRO MESTRE REFORCADO PARALELA B;FREIOS;38,0;197,16
PC001694;CHICOTE ELETRICO LEVE REMANUFATURADO;ELETRICA;26,0;769,95
PC001695;PARAFUSO DE RODA REFORCADO ORIGINAL;RODAS_PNEUS;15,0;236,42
PC001696;RADIADOR COMPLETO STD REMANUFATURADO;ARREFECIMENTO;58,0;412,3
PC001698;ESPELHO RETROVISOR STD PARALELA A;CARROCERIA;18,0;183,25
PC001699;RODA DE ACO ARO 22 LEVE PARALELA B;RODAS_PNEUS;65,0;1568,01
PC001700;VIDRO LATERAL PESADO PARALELA A;CARROCERIA;10,0;1180,58
PC001701;MANGOTE PNEUMATICO REFORCADO PARALELA A;ARTICULACAO_5RODA;10,0;1046,04
PC001702;PARA-BRISA STD ORIGINAL;CARROCERIA;3,0;810,9
PC001703;AMORTECEDOR DIANTEIRO  PARALELA A;SUSPENSAO;23,0;285,27
PC001704;FILTRO DE COMBUSTIVEL LEVE PARALELA A;FILTROS;20,0;74,35
PC001705;FILTRO DE AR MOTOR  REMANUFATURADO;FILTROS;14,0;25,1
PC001706;VALVULA TERMOSTATICA  ORIGINAL;ARREFECIMENTO;7,0;606,64
PC001707;CAMARA DE AR REFORCADO ORIGINAL;RODAS_PNEUS;17,0;1472,72
PC001708;FEIXE DE MOLA REFORCADO ORIGINAL;SUSPENSAO;35,0;287,69
PC001709;CORREIA DENTADA LEVE PARALELA A;MOTOR;273,0;5836,68
PC001710;ROLAMENTO DE RODA REFORCADO REMANUFATURADO;RODAS_PNEUS;4,0;1648,54
PC001711;SINCRONIZADOR REFORCADO PARALELA A;TRANSMISSAO;3,0;2562,69
PC001712;BOLSA DE AR SUSPENSAO LEVE ORIGINAL;SUSPENSAO;140,0;692,69
PC001713;MANGUEIRA DE FREIO AR PESADO PARALELA A;FREIOS;46,0;244,8
PC001714;FILTRO SEPARADOR AGUA REFORCADO ORIGINAL;FILTROS;2,0;64,72
PC001715;LONA DE FREIO REFORCADO PARALELA A;FREIOS;7,0;201,5
PC001716;CRUZETA CARDAN  PARALELA B;TRANSMISSAO;241,0;1068,07
PC001717;PARA-CHOQUE DIANTEIRO STD REMANUFATURADO;CARROCERIA;6,0;294,53
PC001718;VALVULA DE FREIO  PARALELA A;FREIOS;6,0;114,75
PC001719;FAROL DIANTEIRO LED REFORCADO PARALELA A;ELETRICA;9,0;262,03
PC001720;BARRA ESTABILIZADORA STD PARALELA A;SUSPENSAO;172,0;412,17
PC001721;AMORTECEDOR TRASEIRO LEVE PARALELA A;SUSPENSAO;20,0;798,65
PC001722;FILTRO DE CABINE  PARALELA A;FILTROS;232,0;22,48
PC001723;ENGATE DE REBOQUE STD PARALELA A;ARTICULACAO_5RODA;29,0;2138,5
PC001724;DISCO DE EMBREAGEM  ORIGINAL;TRANSMISSAO;14,0;8540,95
PC001725;SAPATA DE FREIO LEVE PARALELA B;FREIOS;4,0;338,47
PC001726;BICO INJETOR STD PARALELA B;MOTOR;195,0;3030,51
PC001727;BUCHA DE MOLA  REMANUFATURADO;SUSPENSAO;3,0;222,07
PC001728;VENTOINHA REFORCADO PARALELA B;ARREFECIMENTO;42,0;360,32
PC001729;CAMISA DE CILINDRO STD ORIGINAL;MOTOR;8,0;5410,78
PC001730;BOMBA INJETORA REFORCADO PARALELA B;MOTOR;7,0;290,53
PC001731;TAMBOR DE FREIO STD ORIGINAL;FREIOS;9,0;327,7
PC001732;ROLAMENTO DE EMBREAGEM LEVE REMANUFATURADO;TRANSMISSAO;23,0;1968,52
PC001733;PINO REI STD REMANUFATURADO;ARTICULACAO_5RODA;63,0;1394,54
PC001734;PARA-LAMA LEVE REMANUFATURADO;CARROCERIA;27,0;495,38
PC001735;VALVULA DE ADMISSAO STD ORIGINAL;MOTOR;1,0;757,53
PC001736;PNEU RADIAL 295/80 REFORCADO PARALELA A;RODAS_PNEUS;39,0;728,39
PC001737;MACANETA DE PORTA LEVE PARALELA A;CARROCERIA;12,0;143,13
PC001738;CUBO DE RODA LEVE REMANUFATURADO;RODAS_PNEUS;13,0;966,91
PC001739;BOMBA D AGUA REFORCADO REMANUFATURADO;ARREFECIMENTO;13,0;831,59
PC001740;PASTILHA DE FREIO PESADO ORIGINAL;FREIOS;38,0;131,8
PC001741;CAIXA DE CAMBIO COMPLETA  ORIGINAL;TRANSMISSAO;50,0;7233,64
PC001742;ALTERNADOR  ORIGINAL;ELETRICA;4,0;35,31
PC001743;LANTERNA TRASEIRA STD REMANUFATURADO;ELETRICA;21,0;99,39
PC001744;MOTOR DE PARTIDA  ORIGINAL;ELETRICA;26,0;434,22
PC001745;JUNTA DE CABECOTE STD PARALELA B;MOTOR;3,0;443,72
PC001746;SENSOR ABS  ORIGINAL;ELETRICA;6,0;1130,12
PC001747;RESERVATORIO EXPANSAO  REMANUFATURADO;ARREFECIMENTO;6,0;503,88
PC001748;TURBO COMPRESSOR STD REMANUFATURADO;MOTOR;26,0;3329,26
PC001749;MANGUEIRA RADIADOR LEVE ORIGINAL;ARREFECIMENTO;27,0;475,93
PC001750;PINO MESTRE PESADO PARALELA A;SUSPENSAO;8,0;318,14
PC001751;QUINTA RODA COMPLETA STD ORIGINAL;ARTICULACAO_5RODA;1,0;3200,23
PC001752;EIXO CARDAN  REMANUFATURADO;TRANSMISSAO;64,0;3842,6
PC001753;PLATO DE EMBREAGEM LEVE PARALELA A;TRANSMISSAO;3,0;1651,16
PC001754;FILTRO DE OLEO MOTOR STD PARALELA A;MOTOR;1,0;1057,88
PC001755;BATERIA 150AH STD PARALELA A;ELETRICA;7,0;918,41
PC001756;DISCO DE FREIO  ORIGINAL;FREIOS;34,0;220,29
PC001757;CILINDRO MESTRE  ORIGINAL;FREIOS;1,0;359,5
PC001758;CHICOTE ELETRICO STD ORIGINAL;ELETRICA;2,0;48,36
PC001759;PARAFUSO DE RODA PESADO PARALELA B;RODAS_PNEUS;1,0;254,66
PC001760;RADIADOR COMPLETO  ORIGINAL;ARREFECIMENTO;41,0;395,83
PC001761;FILTRO DE OLEO CAMBIO STD ORIGINAL;FILTROS;11,0;71,99
PC001762;ESPELHO RETROVISOR STD ORIGINAL;CARROCERIA;56,0;122,37
PC001763;RODA DE ACO ARO 22 LEVE PARALELA B;RODAS_PNEUS;7,0;759,72
PC001764;VIDRO LATERAL REFORCADO PARALELA B;CARROCERIA;36,0;336,58
PC001765;MANGOTE PNEUMATICO PESADO REMANUFATURADO;ARTICULACAO_5RODA;3,0;2787,17
PC001766;PARA-BRISA  ORIGINAL;CARROCERIA;6,0;319,28
PC001767;AMORTECEDOR DIANTEIRO STD PARALELA A;SUSPENSAO;14,0;741,35
PC001768;FILTRO DE COMBUSTIVEL PESADO PARALELA A;FILTROS;135,0;87,3
PC001769;FILTRO DE AR MOTOR  ORIGINAL;FILTROS;4,0;31,9
PC001770;VALVULA TERMOSTATICA PESADO ORIGINAL;ARREFECIMENTO;14,0;567,5
PC001772;FEIXE DE MOLA LEVE REMANUFATURADO;SUSPENSAO;10,0;575,03
PC001773;CORREIA DENTADA LEVE PARALELA B;MOTOR;4,0;3090,58
PC001774;ROLAMENTO DE RODA REFORCADO ORIGINAL;RODAS_PNEUS;3,0;734,6
PC001775;SINCRONIZADOR STD REMANUFATURADO;TRANSMISSAO;9,0;1798,94
PC001776;BOLSA DE AR SUSPENSAO PESADO PARALELA B;SUSPENSAO;1,0;547,28
PC001777;MANGUEIRA DE FREIO AR LEVE ORIGINAL;FREIOS;10,0;198,0
PC001778;FILTRO SEPARADOR AGUA PESADO REMANUFATURADO;FILTROS;1,0;78,03
PC001779;LONA DE FREIO PESADO ORIGINAL;FREIOS;19,0;280,62
PC001780;CRUZETA CARDAN REFORCADO ORIGINAL;TRANSMISSAO;13,0;3112,77
PC001781;PARA-CHOQUE DIANTEIRO LEVE REMANUFATURADO;CARROCERIA;42,0;806,68
PC001782;VALVULA DE FREIO REFORCADO ORIGINAL;FREIOS;16,0;331,31
PC001783;FAROL DIANTEIRO LED REFORCADO PARALELA A;ELETRICA;18,0;1140,88
PC001784;BARRA ESTABILIZADORA PESADO ORIGINAL;SUSPENSAO;30,0;796,06
PC001785;AMORTECEDOR TRASEIRO STD REMANUFATURADO;SUSPENSAO;1,0;211,59
PC001786;FILTRO DE CABINE LEVE PARALELA A;FILTROS;5,0;55,26
PC001787;ENGATE DE REBOQUE STD PARALELA B;ARTICULACAO_5RODA;0,0;815,19
PC001788;DISCO DE EMBREAGEM REFORCADO ORIGINAL;TRANSMISSAO;2,0;2586,56
PC001789;SAPATA DE FREIO STD PARALELA B;FREIOS;50,0;237,82
PC001790;BICO INJETOR REFORCADO PARALELA A;MOTOR;11,0;4484,21
PC001791;BUCHA DE MOLA PESADO PARALELA A;SUSPENSAO;15,0;358,75
PC001792;VENTOINHA LEVE ORIGINAL;ARREFECIMENTO;23,0;622,26
PC001793;CAMISA DE CILINDRO LEVE PARALELA A;MOTOR;2,0;3836,66
PC001794;BOMBA INJETORA REFORCADO PARALELA B;MOTOR;8,0;2138,72
PC001795;TAMBOR DE FREIO LEVE PARALELA A;FREIOS;63,0;281,79
PC001796;ROLAMENTO DE EMBREAGEM REFORCADO PARALELA B;TRANSMISSAO;2,0;4179,87
PC001797;PINO REI PESADO ORIGINAL;ARTICULACAO_5RODA;15,0;727,54
PC001798;PARA-LAMA LEVE REMANUFATURADO;CARROCERIA;5,0;577,49
PC001799;VALVULA DE ADMISSAO PESADO ORIGINAL;MOTOR;21,0;1853,23
PC001800;PNEU RADIAL 295/80 STD ORIGINAL;RODAS_PNEUS;58,0;593,99
PC001801;MACANETA DE PORTA STD ORIGINAL;CARROCERIA;8,0;272,96
PC001803;BOMBA D AGUA STD PARALELA B;ARREFECIMENTO;8,0;367,57
PC001804;PASTILHA DE FREIO PESADO PARALELA B;FREIOS;41,0;383,47
PC001805;CAIXA DE CAMBIO COMPLETA PESADO REMANUFATURADO;TRANSMISSAO;46,0;1976,12
PC001806;ALTERNADOR LEVE PARALELA A;ELETRICA;5,0;944,5
PC001807;LANTERNA TRASEIRA LEVE PARALELA A;ELETRICA;2,0;858,96
PC001808;MOTOR DE PARTIDA PESADO REMANUFATURADO;ELETRICA;10,0;1026,57
PC001809;JUNTA DE CABECOTE LEVE PARALELA B;MOTOR;1,0;5301,21
PC001810;SENSOR ABS STD PARALELA B;ELETRICA;10,0;1004,19
PC001811;RESERVATORIO EXPANSAO  REMANUFATURADO;ARREFECIMENTO;83,0;707,64
PC001812;TURBO COMPRESSOR LEVE ORIGINAL;MOTOR;1,0;1122,37
PC001813;MANGUEIRA RADIADOR REFORCADO REMANUFATURADO;ARREFECIMENTO;2,0;573,05
PC001814;PINO MESTRE STD ORIGINAL;SUSPENSAO;33,0;234,98
PC001815;QUINTA RODA COMPLETA  PARALELA B;ARTICULACAO_5RODA;130,0;2750,39
PC001816;EIXO CARDAN STD ORIGINAL;TRANSMISSAO;24,0;4690,1
PC001817;PLATO DE EMBREAGEM LEVE ORIGINAL;TRANSMISSAO;23,0;2121,98
PC001818;FILTRO DE OLEO MOTOR  PARALELA A;MOTOR;11,0;2718,9
PC001819;BATERIA 150AH REFORCADO ORIGINAL;ELETRICA;1,0;344,1
PC001820;DISCO DE FREIO STD REMANUFATURADO;FREIOS;6,0;162,96
PC001821;CILINDRO MESTRE STD ORIGINAL;FREIOS;29,0;59,84
PC001822;CHICOTE ELETRICO  ORIGINAL;ELETRICA;2,0;827,55
PC001823;PARAFUSO DE RODA  PARALELA B;RODAS_PNEUS;5,0;272,77
PC001824;RADIADOR COMPLETO PESADO REMANUFATURADO;ARREFECIMENTO;20,0;611,4
PC001825;FILTRO DE OLEO CAMBIO STD ORIGINAL;FILTROS;9,0;19,63
PC001826;ESPELHO RETROVISOR REFORCADO PARALELA B;CARROCERIA;4,0;657,12
PC001827;RODA DE ACO ARO 22 PESADO ORIGINAL;RODAS_PNEUS;24,0;1170,21
PC001828;VIDRO LATERAL  PARALELA A;CARROCERIA;7,0;502,57
PC001829;MANGOTE PNEUMATICO PESADO PARALELA A;ARTICULACAO_5RODA;34,0;2688,03
PC001830;PARA-BRISA REFORCADO ORIGINAL;CARROCERIA;3,0;636,41
PC001831;AMORTECEDOR DIANTEIRO  PARALELA A;SUSPENSAO;50,0;958,5
PC001832;FILTRO DE COMBUSTIVEL PESADO ORIGINAL;FILTROS;2,0;38,1
PC001834;VALVULA TERMOSTATICA  ORIGINAL;ARREFECIMENTO;11,0;102,59
PC001835;CAMARA DE AR  PARALELA A;RODAS_PNEUS;4,0;1193,06
PC001836;FEIXE DE MOLA PESADO PARALELA B;SUSPENSAO;6,0;464,14
PC001837;CORREIA DENTADA REFORCADO PARALELA A;MOTOR;39,0;3801,94
PC001838;ROLAMENTO DE RODA  ORIGINAL;RODAS_PNEUS;167,0;180,64
PC001840;BOLSA DE AR SUSPENSAO LEVE PARALELA A;SUSPENSAO;2,0;568,32
PC001841;MANGUEIRA DE FREIO AR REFORCADO PARALELA A;FREIOS;2,0;182,42
PC001842;FILTRO SEPARADOR AGUA LEVE ORIGINAL;FILTROS;47,0;55,72
PC001843;LONA DE FREIO STD ORIGINAL;FREIOS;6,0;250,05
PC001844;CRUZETA CARDAN STD REMANUFATURADO;TRANSMISSAO;82,0;7199,99
PC001845;PARA-CHOQUE DIANTEIRO PESADO PARALELA B;CARROCERIA;2,0;560,82
PC001846;VALVULA DE FREIO PESADO ORIGINAL;FREIOS;105,0;203,06
PC001847;FAROL DIANTEIRO LED LEVE REMANUFATURADO;ELETRICA;10,0;849,69
PC001848;BARRA ESTABILIZADORA  ORIGINAL;SUSPENSAO;65,0;591,84
PC001849;AMORTECEDOR TRASEIRO REFORCADO ORIGINAL;SUSPENSAO;34,0;1144,14
PC001850;FILTRO DE CABINE PESADO ORIGINAL;FILTROS;4,0;37,44
PC001851;ENGATE DE REBOQUE REFORCADO REMANUFATURADO;ARTICULACAO_5RODA;2,0;2661,74
PC001852;DISCO DE EMBREAGEM REFORCADO PARALELA A;TRANSMISSAO;7,0;1678,21
PC001853;SAPATA DE FREIO STD ORIGINAL;FREIOS;14,0;378,11
PC001854;BICO INJETOR LEVE PARALELA A;MOTOR;20,0;3103,16
PC001855;BUCHA DE MOLA PESADO PARALELA A;SUSPENSAO;0,0;570,79
PC001856;VENTOINHA  REMANUFATURADO;ARREFECIMENTO;1,0;912,13
PC001857;CAMISA DE CILINDRO  PARALELA A;MOTOR;10,0;2967,22
PC001858;BOMBA INJETORA  PARALELA A;MOTOR;2,0;6300,89
PC001859;TAMBOR DE FREIO REFORCADO REMANUFATURADO;FREIOS;0,0;383,74
PC001860;ROLAMENTO DE EMBREAGEM  REMANUFATURADO;TRANSMISSAO;7,0;6714,75
PC001861;PINO REI  REMANUFATURADO;ARTICULACAO_5RODA;21,0;2441,3
PC001862;PARA-LAMA  PARALELA B;CARROCERIA;3,0;549,29
PC001863;VALVULA DE ADMISSAO LEVE PARALELA A;MOTOR;13,0;1659,57
PC001864;PNEU RADIAL 295/80 LEVE PARALELA A;RODAS_PNEUS;2,0;1566,51
PC001865;MACANETA DE PORTA REFORCADO ORIGINAL;CARROCERIA;23,0;122,41
PC001866;CUBO DE RODA PESADO REMANUFATURADO;RODAS_PNEUS;255,0;293,1
PC001867;BOMBA D AGUA STD PARALELA A;ARREFECIMENTO;27,0;574,21
PC001868;PASTILHA DE FREIO LEVE REMANUFATURADO;FREIOS;23,0;249,85
PC001869;CAIXA DE CAMBIO COMPLETA LEVE PARALELA B;TRANSMISSAO;8,0;536,58
PC001870;ALTERNADOR PESADO PARALELA B;ELETRICA;39,0;1350,08
PC001871;LANTERNA TRASEIRA REFORCADO ORIGINAL;ELETRICA;4,0;1416,04
PC001872;MOTOR DE PARTIDA STD ORIGINAL;ELETRICA;11,0;344,11
PC001873;JUNTA DE CABECOTE PESADO ORIGINAL;MOTOR;1,0;3021,96
PC001874;SENSOR ABS STD PARALELA B;ELETRICA;2,0;945,54
PC001875;RESERVATORIO EXPANSAO PESADO ORIGINAL;ARREFECIMENTO;4,0;381,58
PC001876;TURBO COMPRESSOR LEVE ORIGINAL;MOTOR;51,0;1597,78
PC001877;MANGUEIRA RADIADOR  ORIGINAL;ARREFECIMENTO;1,0;306,71
PC001878;PINO MESTRE REFORCADO REMANUFATURADO;SUSPENSAO;3,0;756,12
PC001879;QUINTA RODA COMPLETA PESADO PARALELA A;ARTICULACAO_5RODA;3,0;2103,6
PC001880;EIXO CARDAN STD ORIGINAL;TRANSMISSAO;53,0;4523,68
PC001881;PLATO DE EMBREAGEM STD ORIGINAL;TRANSMISSAO;4,0;7724,77
PC001882;FILTRO DE OLEO MOTOR  ORIGINAL;MOTOR;48,0;322,91
PC001883;BATERIA 150AH  ORIGINAL;ELETRICA;29,0;840,03
PC001884;DISCO DE FREIO LEVE ORIGINAL;FREIOS;3,0;407,92
PC001885;CILINDRO MESTRE LEVE PARALELA A;FREIOS;88,0;281,56
PC001886;CHICOTE ELETRICO  ORIGINAL;ELETRICA;13,0;656,75
PC001887;PARAFUSO DE RODA LEVE ORIGINAL;RODAS_PNEUS;10,0;313,56
PC001888;RADIADOR COMPLETO REFORCADO ORIGINAL;ARREFECIMENTO;18,0;137,95
PC001889;FILTRO DE OLEO CAMBIO STD PARALELA B;FILTROS;12,0;40,9
PC001890;ESPELHO RETROVISOR REFORCADO REMANUFATURADO;CARROCERIA;405,0;506,83
PC001891;RODA DE ACO ARO 22 LEVE PARALELA B;RODAS_PNEUS;1,0;1548,68
PC001892;VIDRO LATERAL LEVE PARALELA A;CARROCERIA;523,0;335,03
PC001893;MANGOTE PNEUMATICO LEVE REMANUFATURADO;ARTICULACAO_5RODA;29,0;1557,46
PC001894;PARA-BRISA STD PARALELA A;CARROCERIA;2,0;891,36
PC001895;AMORTECEDOR DIANTEIRO LEVE PARALELA A;SUSPENSAO;121,0;415,39
PC001896;FILTRO DE COMBUSTIVEL PESADO ORIGINAL;FILTROS;25,0;44,95
PC001897;FILTRO DE AR MOTOR PESADO PARALELA B;FILTROS;2,0;22,98
PC001898;VALVULA TERMOSTATICA REFORCADO PARALELA A;ARREFECIMENTO;55,0;801,97
PC001899;CAMARA DE AR PESADO ORIGINAL;RODAS_PNEUS;1,0;1160,82
PC001901;CORREIA DENTADA PESADO PARALELA A;MOTOR;2,0;1077,16
PC001902;ROLAMENTO DE RODA  ORIGINAL;RODAS_PNEUS;7,0;480,79
PC001903;SINCRONIZADOR REFORCADO PARALELA B;TRANSMISSAO;3,0;5183,47
PC001904;BOLSA DE AR SUSPENSAO STD ORIGINAL;SUSPENSAO;8,0;997,61
PC001905;MANGUEIRA DE FREIO AR REFORCADO PARALELA A;FREIOS;9,0;56,27
PC001906;FILTRO SEPARADOR AGUA PESADO PARALELA A;FILTROS;96,0;48,49
PC001907;LONA DE FREIO PESADO PARALELA A;FREIOS;1,0;176,68
PC001908;CRUZETA CARDAN LEVE PARALELA A;TRANSMISSAO;2,0;5302,41
PC001909;PARA-CHOQUE DIANTEIRO LEVE ORIGINAL;CARROCERIA;1,0;972,72
PC001910;VALVULA DE FREIO LEVE PARALELA B;FREIOS;28,0;329,91
PC001911;FAROL DIANTEIRO LED  PARALELA B;ELETRICA;4,0;1168,3
PC001912;BARRA ESTABILIZADORA STD PARALELA B;SUSPENSAO;90,0;219,87
PC001913;AMORTECEDOR TRASEIRO LEVE PARALELA B;SUSPENSAO;3,0;498,54
PC001914;FILTRO DE CABINE REFORCADO PARALELA B;FILTROS;27,0;86,83
PC001915;ENGATE DE REBOQUE STD PARALELA A;ARTICULACAO_5RODA;7,0;1198,86
PC001916;DISCO DE EMBREAGEM PESADO PARALELA A;TRANSMISSAO;11,0;1348,31
PC001917;SAPATA DE FREIO STD PARALELA A;FREIOS;61,0;84,11
PC001918;BICO INJETOR PESADO ORIGINAL;MOTOR;44,0;1095,64
PC001919;BUCHA DE MOLA STD PARALELA A;SUSPENSAO;80,0;878,13
PC001920;VENTOINHA  ORIGINAL;ARREFECIMENTO;15,0;366,37
PC001921;CAMISA DE CILINDRO  ORIGINAL;MOTOR;3,0;5006,61
PC001922;BOMBA INJETORA LEVE REMANUFATURADO;MOTOR;36,0;615,42
PC001923;TAMBOR DE FREIO  ORIGINAL;FREIOS;2,0;140,81
PC001924;ROLAMENTO DE EMBREAGEM PESADO PARALELA B;TRANSMISSAO;121,0;1934,48
PC001925;PINO REI  ORIGINAL;ARTICULACAO_5RODA;18,0;1942,38
PC001926;PARA-LAMA REFORCADO PARALELA B;CARROCERIA;13,0;466,39
PC001927;VALVULA DE ADMISSAO REFORCADO PARALELA A;MOTOR;7,0;564,4
PC001928;PNEU RADIAL 295/80 STD PARALELA A;RODAS_PNEUS;1,0;576,38
PC001930;CUBO DE RODA  ORIGINAL;RODAS_PNEUS;24,0;362,4
PC001931;BOMBA D AGUA PESADO PARALELA A;ARREFECIMENTO;35,0;825,59
PC001932;PASTILHA DE FREIO STD PARALELA B;FREIOS;48,0;418,55
PC001933;CAIXA DE CAMBIO COMPLETA STD PARALELA A;TRANSMISSAO;6,0;6675,04
PC001934;ALTERNADOR LEVE REMANUFATURADO;ELETRICA;46,0;113,01
PC001935;LANTERNA TRASEIRA REFORCADO PARALELA B;ELETRICA;113,0;632,71
PC001937;JUNTA DE CABECOTE LEVE PARALELA A;MOTOR;5,0;2155,07
PC001938;SENSOR ABS LEVE ORIGINAL;ELETRICA;37,0;918,68
PC001939;RESERVATORIO EXPANSAO PESADO PARALELA A;ARREFECIMENTO;2,0;753,15
PC001940;TURBO COMPRESSOR PESADO PARALELA B;MOTOR;2,0;5005,62
PC001941;MANGUEIRA RADIADOR REFORCADO ORIGINAL;ARREFECIMENTO;37,0;856,24
PC001942;PINO MESTRE PESADO ORIGINAL;SUSPENSAO;35,0;705,58
PC001943;QUINTA RODA COMPLETA  ORIGINAL;ARTICULACAO_5RODA;4,0;1403,19
PC001944;EIXO CARDAN PESADO REMANUFATURADO;TRANSMISSAO;4,0;2299,57
PC001945;PLATO DE EMBREAGEM  ORIGINAL;TRANSMISSAO;3,0;1970,78
PC001946;FILTRO DE OLEO MOTOR LEVE ORIGINAL;MOTOR;2,0;2784,83
PC001947;BATERIA 150AH LEVE REMANUFATURADO;ELETRICA;1,0;554,16
PC001948;DISCO DE FREIO LEVE PARALELA A;FREIOS;126,0;374,95
PC001949;CILINDRO MESTRE  PARALELA B;FREIOS;1,0;146,09
PC001950;CHICOTE ELETRICO  ORIGINAL;ELETRICA;22,0;349,98
PC001951;PARAFUSO DE RODA REFORCADO PARALELA A;RODAS_PNEUS;56,0;1264,92
PC001952;RADIADOR COMPLETO LEVE ORIGINAL;ARREFECIMENTO;15,0;180,41
PC001953;FILTRO DE OLEO CAMBIO REFORCADO PARALELA A;FILTROS;6,0;36,52
PC001954;ESPELHO RETROVISOR LEVE PARALELA B;CARROCERIA;6,0;505,58
PC001955;RODA DE ACO ARO 22 LEVE PARALELA A;RODAS_PNEUS;79,0;525,71
PC001956;VIDRO LATERAL REFORCADO PARALELA A;CARROCERIA;3,0;977,49
PC001957;MANGOTE PNEUMATICO STD PARALELA A;ARTICULACAO_5RODA;19,0;559,61
PC001958;PARA-BRISA PESADO PARALELA B;CARROCERIA;0,0;841,42
PC001959;AMORTECEDOR DIANTEIRO STD PARALELA A;SUSPENSAO;10,0;698,68
PC001961;FILTRO DE AR MOTOR LEVE REMANUFATURADO;FILTROS;278,0;18,29
PC001962;VALVULA TERMOSTATICA  REMANUFATURADO;ARREFECIMENTO;31,0;119,05
PC001963;CAMARA DE AR REFORCADO PARALELA B;RODAS_PNEUS;19,0;1667,0
PC001964;FEIXE DE MOLA STD ORIGINAL;SUSPENSAO;12,0;656,82
PC001965;CORREIA DENTADA REFORCADO PARALELA B;MOTOR;13,0;3758,26
PC001966;ROLAMENTO DE RODA STD PARALELA A;RODAS_PNEUS;49,0;1036,84
PC001968;BOLSA DE AR SUSPENSAO LEVE ORIGINAL;SUSPENSAO;12,0;852,81
PC001969;MANGUEIRA DE FREIO AR REFORCADO PARALELA B;FREIOS;57,0;190,17
PC001970;FILTRO SEPARADOR AGUA LEVE PARALELA B;FILTROS;10,0;56,7
PC001971;LONA DE FREIO REFORCADO PARALELA B;FREIOS;14,0;196,81
PC001972;CRUZETA CARDAN STD REMANUFATURADO;TRANSMISSAO;34,0;5036,51
PC001973;PARA-CHOQUE DIANTEIRO  REMANUFATURADO;CARROCERIA;20,0;887,84
PC001974;VALVULA DE FREIO LEVE PARALELA B;FREIOS;81,0;256,73
PC001975;FAROL DIANTEIRO LED LEVE ORIGINAL;ELETRICA;89,0;476,0
PC001976;BARRA ESTABILIZADORA STD REMANUFATURADO;SUSPENSAO;42,0;477,16
PC001977;AMORTECEDOR TRASEIRO LEVE ORIGINAL;SUSPENSAO;17,0;726,89
PC001978;FILTRO DE CABINE PESADO REMANUFATURADO;FILTROS;3,0;115,23
PC001979;ENGATE DE REBOQUE LEVE ORIGINAL;ARTICULACAO_5RODA;7,0;2242,98
PC001980;DISCO DE EMBREAGEM LEVE PARALELA A;TRANSMISSAO;1,0;3060,34
PC001981;SAPATA DE FREIO  REMANUFATURADO;FREIOS;15,0;206,98
PC001982;BICO INJETOR STD PARALELA A;MOTOR;16,0;4199,45
PC001983;BUCHA DE MOLA REFORCADO PARALELA A;SUSPENSAO;4,0;191,7
PC001984;VENTOINHA  PARALELA A;ARREFECIMENTO;5,0;176,84
PC001985;CAMISA DE CILINDRO  PARALELA A;MOTOR;46,0;487,62
PC001986;BOMBA INJETORA  PARALELA B;MOTOR;84,0;4777,99
PC001987;TAMBOR DE FREIO REFORCADO PARALELA A;FREIOS;25,0;154,39
PC001988;ROLAMENTO DE EMBREAGEM  ORIGINAL;TRANSMISSAO;7,0;4312,79
PC001989;PINO REI REFORCADO PARALELA A;ARTICULACAO_5RODA;3,0;746,49
PC001990;PARA-LAMA LEVE ORIGINAL;CARROCERIA;34,0;189,45
PC001991;VALVULA DE ADMISSAO LEVE PARALELA A;MOTOR;14,0;2014,14
PC001992;PNEU RADIAL 295/80 LEVE PARALELA A;RODAS_PNEUS;28,0;1327,24
PC001993;MACANETA DE PORTA  REMANUFATURADO;CARROCERIA;307,0;113,59
PC001994;CUBO DE RODA  REMANUFATURADO;RODAS_PNEUS;1,0;295,0
PC001995;BOMBA D AGUA PESADO ORIGINAL;ARREFECIMENTO;3,0;668,84
PC001996;PASTILHA DE FREIO LEVE ORIGINAL;FREIOS;18,0;209,13
PC001997;CAIXA DE CAMBIO COMPLETA STD ORIGINAL;TRANSMISSAO;7,0;956,77
PC001998;ALTERNADOR LEVE ORIGINAL;ELETRICA;97,0;379,68
PC001999;LANTERNA TRASEIRA  PARALELA B;ELETRICA;3,0;1532,77
PC002000;MOTOR DE PARTIDA  ORIGINAL;ELETRICA;134,0;952,91
PC002001;JUNTA DE CABECOTE LEVE ORIGINAL;MOTOR;3,0;1262,59
PC002002;SENSOR ABS STD ORIGINAL;ELETRICA;89,0;757,78
PC002004;TURBO COMPRESSOR LEVE PARALELA A;MOTOR;15,0;451,37
PC002005;MANGUEIRA RADIADOR  ORIGINAL;ARREFECIMENTO;14,0;805,66
PC002006;PINO MESTRE PESADO ORIGINAL;SUSPENSAO;8,0;560,66
PC002007;QUINTA RODA COMPLETA LEVE PARALELA B;ARTICULACAO_5RODA;28,0;1494,83
PC002008;EIXO CARDAN PESADO PARALELA B;TRANSMISSAO;12,0;2580,99
PC002009;PLATO DE EMBREAGEM REFORCADO PARALELA B;TRANSMISSAO;90,0;1813,52
PC002010;FILTRO DE OLEO MOTOR PESADO ORIGINAL;MOTOR;23,0;1543,1
PC002011;BATERIA 150AH LEVE PARALELA B;ELETRICA;3,0;698,87
PC002012;DISCO DE FREIO  PARALELA A;FREIOS;97,0;277,56
PC002013;CILINDRO MESTRE PESADO PARALELA A;FREIOS;10,0;152,0
PC002014;CHICOTE ELETRICO  PARALELA A;ELETRICA;7,0;112,84
PC002015;PARAFUSO DE RODA PESADO ORIGINAL;RODAS_PNEUS;18,0;1055,78
PC002016;RADIADOR COMPLETO PESADO PARALELA B;ARREFECIMENTO;12,0;211,23
PC002018;ESPELHO RETROVISOR LEVE ORIGINAL;CARROCERIA;13,0;603,68
PC002019;RODA DE ACO ARO 22 PESADO ORIGINAL;RODAS_PNEUS;26,0;593,25
PC002020;VIDRO LATERAL LEVE ORIGINAL;CARROCERIA;6,0;422,16
PC002021;MANGOTE PNEUMATICO STD PARALELA A;ARTICULACAO_5RODA;1,0;724,58
PC002022;PARA-BRISA  ORIGINAL;CARROCERIA;6,0;351,63
PC002023;AMORTECEDOR DIANTEIRO REFORCADO PARALELA A;SUSPENSAO;75,0;241,4
PC002024;FILTRO DE COMBUSTIVEL LEVE REMANUFATURADO;FILTROS;33,0;63,71
PC002025;FILTRO DE AR MOTOR PESADO ORIGINAL;FILTROS;364,0;41,14
PC002026;VALVULA TERMOSTATICA LEVE PARALELA B;ARREFECIMENTO;187,0;170,76
PC002027;CAMARA DE AR REFORCADO ORIGINAL;RODAS_PNEUS;13,0;385,26
PC002028;FEIXE DE MOLA  ORIGINAL;SUSPENSAO;84,0;789,6
PC002029;CORREIA DENTADA  PARALELA A;MOTOR;21,0;2159,23
PC002030;ROLAMENTO DE RODA PESADO ORIGINAL;RODAS_PNEUS;9,0;773,41
PC002031;SINCRONIZADOR LEVE ORIGINAL;TRANSMISSAO;3,0;2517,74
PC002032;BOLSA DE AR SUSPENSAO  ORIGINAL;SUSPENSAO;2,0;752,74
PC002033;MANGUEIRA DE FREIO AR STD REMANUFATURADO;FREIOS;5,0;345,47
PC002034;FILTRO SEPARADOR AGUA PESADO PARALELA B;FILTROS;216,0;56,76
PC002035;LONA DE FREIO REFORCADO PARALELA A;FREIOS;30,0;261,53
PC002036;CRUZETA CARDAN  PARALELA A;TRANSMISSAO;1,0;5265,06
PC002038;VALVULA DE FREIO  PARALELA A;FREIOS;2,0;364,72
PC002039;FAROL DIANTEIRO LED PESADO PARALELA A;ELETRICA;12,0;1485,3
PC002040;BARRA ESTABILIZADORA REFORCADO ORIGINAL;SUSPENSAO;27,0;877,55
PC002041;AMORTECEDOR TRASEIRO  REMANUFATURADO;SUSPENSAO;15,0;976,09
PC002042;FILTRO DE CABINE REFORCADO PARALELA B;FILTROS;0,0;92,43
PC002043;ENGATE DE REBOQUE STD ORIGINAL;ARTICULACAO_5RODA;1,0;582,79
PC002044;DISCO DE EMBREAGEM STD PARALELA A;TRANSMISSAO;27,0;4684,62
PC002045;SAPATA DE FREIO REFORCADO REMANUFATURADO;FREIOS;1,0;232,77
PC002046;BICO INJETOR PESADO ORIGINAL;MOTOR;86,0;3659,68
PC002047;BUCHA DE MOLA PESADO REMANUFATURADO;SUSPENSAO;50,0;977,37
PC002048;VENTOINHA STD PARALELA A;ARREFECIMENTO;19,0;291,63
PC002049;CAMISA DE CILINDRO  PARALELA B;MOTOR;152,0;1717,79
PC002051;TAMBOR DE FREIO REFORCADO ORIGINAL;FREIOS;3,0;307,41
PC002052;ROLAMENTO DE EMBREAGEM PESADO PARALELA B;TRANSMISSAO;31,0;3818,6
PC002053;PINO REI  ORIGINAL;ARTICULACAO_5RODA;24,0;1678,71
PC002054;PARA-LAMA LEVE REMANUFATURADO;CARROCERIA;40,0;530,23
PC002055;VALVULA DE ADMISSAO  REMANUFATURADO;MOTOR;50,0;5269,66
PC002056;PNEU RADIAL 295/80 LEVE PARALELA B;RODAS_PNEUS;13,0;1589,58
PC002057;MACANETA DE PORTA LEVE PARALELA A;CARROCERIA;28,0;339,99
PC002058;CUBO DE RODA PESADO ORIGINAL;RODAS_PNEUS;12,0;1389,16
PC002059;BOMBA D AGUA  ORIGINAL;ARREFECIMENTO;1,0;652,45
PC002060;PASTILHA DE FREIO STD PARALELA B;FREIOS;710,0;210,93
PC002061;CAIXA DE CAMBIO COMPLETA STD ORIGINAL;TRANSMISSAO;19,0;6102,64
PC002062;ALTERNADOR STD PARALELA B;ELETRICA;10,0;743,12
PC002063;LANTERNA TRASEIRA STD PARALELA A;ELETRICA;35,0;266,42
PC002064;MOTOR DE PARTIDA STD REMANUFATURADO;ELETRICA;13,0;1029,69
PC002065;JUNTA DE CABECOTE  ORIGINAL;MOTOR;88,0;610,0
PC002066;SENSOR ABS REFORCADO ORIGINAL;ELETRICA;194,0;997,46
PC002067;RESERVATORIO EXPANSAO LEVE ORIGINAL;ARREFECIMENTO;7,0;554,29
PC002068;TURBO COMPRESSOR PESADO REMANUFATURADO;MOTOR;10,0;1598,69
PC002069;MANGUEIRA RADIADOR STD ORIGINAL;ARREFECIMENTO;22,0;508,25
PC002070;PINO MESTRE PESADO PARALELA B;SUSPENSAO;19,0;1301,05
PC002071;QUINTA RODA COMPLETA LEVE PARALELA A;ARTICULACAO_5RODA;0,0;1575,39
PC002072;EIXO CARDAN STD PARALELA A;TRANSMISSAO;1,0;2665,72
PC002073;PLATO DE EMBREAGEM REFORCADO ORIGINAL;TRANSMISSAO;3,0;6373,73
PC002074;FILTRO DE OLEO MOTOR  ORIGINAL;MOTOR;355,0;2132,9
PC002075;BATERIA 150AH STD ORIGINAL;ELETRICA;2,0;1075,81
PC002076;DISCO DE FREIO PESADO PARALELA B;FREIOS;53,0;359,46
PC002077;CILINDRO MESTRE LEVE PARALELA A;FREIOS;6,0;42,27
PC002078;CHICOTE ELETRICO  PARALELA B;ELETRICA;10,0;217,1
PC002079;PARAFUSO DE RODA LEVE PARALELA B;RODAS_PNEUS;3,0;384,08
PC002080;RADIADOR COMPLETO PESADO ORIGINAL;ARREFECIMENTO;16,0;140,75
PC002081;FILTRO DE OLEO CAMBIO LEVE PARALELA B;FILTROS;70,0;120,17
PC002082;ESPELHO RETROVISOR REFORCADO PARALELA A;CARROCERIA;17,0;270,84
PC002083;RODA DE ACO ARO 22 LEVE PARALELA A;RODAS_PNEUS;43,0;1041,54
PC002084;VIDRO LATERAL REFORCADO ORIGINAL;CARROCERIA;4,0;420,45
PC002085;MANGOTE PNEUMATICO REFORCADO PARALELA B;ARTICULACAO_5RODA;2,0;2056,0
PC002086;PARA-BRISA LEVE ORIGINAL;CARROCERIA;4,0;612,51
PC002087;AMORTECEDOR DIANTEIRO PESADO ORIGINAL;SUSPENSAO;1,0;1168,18
PC002088;FILTRO DE COMBUSTIVEL LEVE ORIGINAL;FILTROS;98,0;83,71
PC002089;FILTRO DE AR MOTOR PESADO PARALELA A;FILTROS;7,0;115,06
PC002090;VALVULA TERMOSTATICA REFORCADO PARALELA B;ARREFECIMENTO;1,0;683,32
PC002091;CAMARA DE AR STD PARALELA A;RODAS_PNEUS;93,0;156,89
PC002092;FEIXE DE MOLA REFORCADO ORIGINAL;SUSPENSAO;4,0;317,61
PC002093;CORREIA DENTADA STD PARALELA B;MOTOR;1,0;1303,58
PC002094;ROLAMENTO DE RODA STD PARALELA A;RODAS_PNEUS;993,0;796,5
PC002095;SINCRONIZADOR LEVE REMANUFATURADO;TRANSMISSAO;8,0;903,42
PC002096;BOLSA DE AR SUSPENSAO REFORCADO PARALELA A;SUSPENSAO;28,0;743,43
PC002098;FILTRO SEPARADOR AGUA  PARALELA B;FILTROS;4,0;18,07
PC002099;LONA DE FREIO REFORCADO ORIGINAL;FREIOS;35,0;406,26
PC002100;CRUZETA CARDAN PESADO ORIGINAL;TRANSMISSAO;3,0;7375,84
PC002101;PARA-CHOQUE DIANTEIRO STD ORIGINAL;CARROCERIA;218,0;735,86
PC002102;VALVULA DE FREIO LEVE REMANUFATURADO;FREIOS;54,0;56,79
PC002103;FAROL DIANTEIRO LED PESADO REMANUFATURADO;ELETRICA;26,0;146,64
PC002104;BARRA ESTABILIZADORA REFORCADO PARALELA B;SUSPENSAO;61,0;586,23
PC002105;AMORTECEDOR TRASEIRO LEVE ORIGINAL;SUSPENSAO;8,0;120,72
PC002106;FILTRO DE CABINE  PARALELA A;FILTROS;100,0;32,5
PC002107;ENGATE DE REBOQUE PESADO PARALELA B;ARTICULACAO_5RODA;14,0;1340,09
PC002108;DISCO DE EMBREAGEM PESADO ORIGINAL;TRANSMISSAO;13,0;7769,57
PC002109;SAPATA DE FREIO STD ORIGINAL;FREIOS;9,0;140,03
PC002110;BICO INJETOR PESADO PARALELA A;MOTOR;4,0;2116,3
PC002111;BUCHA DE MOLA REFORCADO ORIGINAL;SUSPENSAO;16,0;96,82
PC002112;VENTOINHA LEVE REMANUFATURADO;ARREFECIMENTO;2,0;236,23
PC002113;CAMISA DE CILINDRO REFORCADO REMANUFATURADO;MOTOR;10,0;1550,88
PC002114;BOMBA INJETORA REFORCADO REMANUFATURADO;MOTOR;16,0;2184,51
PC002115;TAMBOR DE FREIO STD ORIGINAL;FREIOS;3,0;259,26
PC002116;ROLAMENTO DE EMBREAGEM LEVE PARALELA A;TRANSMISSAO;37,0;5448,72
PC002118;PARA-LAMA REFORCADO ORIGINAL;CARROCERIA;6,0;1025,38
PC002119;VALVULA DE ADMISSAO PESADO REMANUFATURADO;MOTOR;29,0;1146,61
PC002120;PNEU RADIAL 295/80 LEVE ORIGINAL;RODAS_PNEUS;12,0;1136,52
PC002121;MACANETA DE PORTA LEVE ORIGINAL;CARROCERIA;26,0;593,88
PC002122;CUBO DE RODA REFORCADO PARALELA A;RODAS_PNEUS;2,0;341,65
PC002123;BOMBA D AGUA PESADO ORIGINAL;ARREFECIMENTO;55,0;554,28
PC002124;PASTILHA DE FREIO REFORCADO PARALELA B;FREIOS;4,0;305,53
PC002125;CAIXA DE CAMBIO COMPLETA PESADO PARALELA B;TRANSMISSAO;7,0;1318,96
PC002126;ALTERNADOR LEVE REMANUFATURADO;ELETRICA;35,0;1100,27
PC002127;LANTERNA TRASEIRA PESADO ORIGINAL;ELETRICA;2,0;325,8
PC002128;MOTOR DE PARTIDA PESADO ORIGINAL;ELETRICA;130,0;590,69
PC002129;JUNTA DE CABECOTE LEVE PARALELA B;MOTOR;107,0;1754,76
PC002130;SENSOR ABS LEVE REMANUFATURADO;ELETRICA;102,0;622,36
PC002131;RESERVATORIO EXPANSAO  PARALELA A;ARREFECIMENTO;13,0;133,88
PC002132;TURBO COMPRESSOR LEVE ORIGINAL;MOTOR;5,0;2237,79
PC002133;MANGUEIRA RADIADOR PESADO REMANUFATURADO;ARREFECIMENTO;3,0;863,98
PC002134;PINO MESTRE REFORCADO PARALELA B;SUSPENSAO;6,0;862,72
PC002135;QUINTA RODA COMPLETA STD PARALELA B;ARTICULACAO_5RODA;25,0;1238,11
PC002136;EIXO CARDAN  ORIGINAL;TRANSMISSAO;10,0;5173,82
PC002137;PLATO DE EMBREAGEM LEVE PARALELA A;TRANSMISSAO;16,0;1025,46
PC002138;FILTRO DE OLEO MOTOR  ORIGINAL;MOTOR;14,0;257,51
PC002139;BATERIA 150AH PESADO ORIGINAL;ELETRICA;1,0;1113,05
PC002140;DISCO DE FREIO PESADO PARALELA A;FREIOS;6,0;238,88
PC002141;CILINDRO MESTRE STD PARALELA A;FREIOS;8,0;76,16
PC002142;CHICOTE ELETRICO PESADO PARALELA A;ELETRICA;2,0;997,54
PC002143;PARAFUSO DE RODA  ORIGINAL;RODAS_PNEUS;2,0;568,41
PC002144;RADIADOR COMPLETO LEVE PARALELA B;ARREFECIMENTO;14,0;285,76
PC002145;FILTRO DE OLEO CAMBIO PESADO PARALELA B;FILTROS;37,0;82,95
PC002146;ESPELHO RETROVISOR  REMANUFATURADO;CARROCERIA;12,0;964,11
PC002147;RODA DE ACO ARO 22 REFORCADO ORIGINAL;RODAS_PNEUS;6,0;1699,93
PC002148;VIDRO LATERAL STD ORIGINAL;CARROCERIA;0,0;158,93
PC002149;MANGOTE PNEUMATICO PESADO PARALELA A;ARTICULACAO_5RODA;130,0;962,45
PC002150;PARA-BRISA  PARALELA A;CARROCERIA;3,0;225,84
PC002151;AMORTECEDOR DIANTEIRO  PARALELA A;SUSPENSAO;21,0;323,19
PC002152;FILTRO DE COMBUSTIVEL REFORCADO PARALELA A;FILTROS;5,0;21,56
PC002153;FILTRO DE AR MOTOR  ORIGINAL;FILTROS;109,0;42,96
PC002154;VALVULA TERMOSTATICA PESADO PARALELA B;ARREFECIMENTO;379,0;816,91
PC002155;CAMARA DE AR STD PARALELA A;RODAS_PNEUS;13,0;1099,79
PC002156;FEIXE DE MOLA LEVE ORIGINAL;SUSPENSAO;12,0;242,61
PC002157;CORREIA DENTADA  PARALELA B;MOTOR;95,0;2558,83
PC002158;ROLAMENTO DE RODA  PARALELA B;RODAS_PNEUS;6,0;647,88
PC002159;SINCRONIZADOR  PARALELA A;TRANSMISSAO;21,0;4904,22
PC002160;BOLSA DE AR SUSPENSAO  ORIGINAL;SUSPENSAO;3,0;524,26
PC002161;MANGUEIRA DE FREIO AR PESADO PARALELA B;FREIOS;10,0;285,08
PC002162;FILTRO SEPARADOR AGUA PESADO ORIGINAL;FILTROS;6,0;39,26
PC002164;CRUZETA CARDAN STD PARALELA B;TRANSMISSAO;5,0;8173,13
PC002165;PARA-CHOQUE DIANTEIRO STD ORIGINAL;CARROCERIA;1,0;358,99
PC002166;VALVULA DE FREIO PESADO ORIGINAL;FREIOS;51,0;132,39
PC002167;FAROL DIANTEIRO LED PESADO PARALELA B;ELETRICA;21,0;733,88
PC002168;BARRA ESTABILIZADORA  ORIGINAL;SUSPENSAO;12,0;185,61
PC002169;AMORTECEDOR TRASEIRO  ORIGINAL;SUSPENSAO;7,0;764,48
PC002170;FILTRO DE CABINE REFORCADO PARALELA A;FILTROS;32,0;37,83
PC002171;ENGATE DE REBOQUE PESADO ORIGINAL;ARTICULACAO_5RODA;1,0;1080,9
PC002172;DISCO DE EMBREAGEM REFORCADO PARALELA A;TRANSMISSAO;3,0;5614,37
PC002173;SAPATA DE FREIO REFORCADO PARALELA B;FREIOS;9,0;247,11
PC002175;BUCHA DE MOLA STD ORIGINAL;SUSPENSAO;87,0;374,55
PC002176;VENTOINHA STD PARALELA B;ARREFECIMENTO;141,0;872,17
PC002177;CAMISA DE CILINDRO  ORIGINAL;MOTOR;13,0;5687,74
PC002178;BOMBA INJETORA STD ORIGINAL;MOTOR;922,0;3947,86
PC002179;TAMBOR DE FREIO REFORCADO PARALELA A;FREIOS;5,0;229,19
PC002180;ROLAMENTO DE EMBREAGEM REFORCADO ORIGINAL;TRANSMISSAO;3,0;3656,32
PC002181;PINO REI REFORCADO PARALELA B;ARTICULACAO_5RODA;10,0;376,6
PC002182;PARA-LAMA LEVE ORIGINAL;CARROCERIA;743,0;1190,95
PC002183;VALVULA DE ADMISSAO STD PARALELA A;MOTOR;10,0;1702,16
PC002184;PNEU RADIAL 295/80  REMANUFATURADO;RODAS_PNEUS;6,0;854,52
PC002185;MACANETA DE PORTA PESADO ORIGINAL;CARROCERIA;372,0;505,13
PC002186;CUBO DE RODA STD PARALELA A;RODAS_PNEUS;2,0;1389,84
PC002187;BOMBA D AGUA  PARALELA B;ARREFECIMENTO;51,0;220,24
PC002188;PASTILHA DE FREIO STD PARALELA A;FREIOS;11,0;65,3
PC002189;CAIXA DE CAMBIO COMPLETA REFORCADO PARALELA B;TRANSMISSAO;1,0;7182,02
PC002190;ALTERNADOR STD PARALELA B;ELETRICA;5,0;706,37
PC002191;LANTERNA TRASEIRA LEVE REMANUFATURADO;ELETRICA;21,0;978,86
PC002192;MOTOR DE PARTIDA PESADO PARALELA A;ELETRICA;15,0;1086,32
PC002194;SENSOR ABS  ORIGINAL;ELETRICA;13,0;1053,95
PC002195;RESERVATORIO EXPANSAO  PARALELA A;ARREFECIMENTO;74,0;360,94
PC002196;TURBO COMPRESSOR REFORCADO PARALELA B;MOTOR;2,0;5963,96
PC002197;MANGUEIRA RADIADOR  PARALELA A;ARREFECIMENTO;48,0;349,44
PC002198;PINO MESTRE PESADO REMANUFATURADO;SUSPENSAO;1,0;1077,25
PC002200;EIXO CARDAN STD ORIGINAL;TRANSMISSAO;69,0;4067,39
PC002201;PLATO DE EMBREAGEM REFORCADO ORIGINAL;TRANSMISSAO;63,0;5260,16
PC002202;FILTRO DE OLEO MOTOR LEVE PARALELA A;MOTOR;2,0;673,56
PC002203;BATERIA 150AH LEVE PARALELA B;ELETRICA;49,0;78,1
PC002204;DISCO DE FREIO REFORCADO ORIGINAL;FREIOS;23,0;219,65
PC002205;CILINDRO MESTRE REFORCADO PARALELA A;FREIOS;7,0;238,06
PC002206;CHICOTE ELETRICO STD REMANUFATURADO;ELETRICA;2,0;1094,21
PC002207;PARAFUSO DE RODA PESADO PARALELA A;RODAS_PNEUS;39,0;1308,45
PC002208;RADIADOR COMPLETO STD PARALELA B;ARREFECIMENTO;12,0;268,88
PC002209;FILTRO DE OLEO CAMBIO  PARALELA A;FILTROS;6,0;29,16
PC002210;ESPELHO RETROVISOR  ORIGINAL;CARROCERIA;4,0;672,04
PC002211;RODA DE ACO ARO 22  PARALELA A;RODAS_PNEUS;5,0;591,21
PC002212;VIDRO LATERAL  ORIGINAL;CARROCERIA;66,0;675,61
PC002213;MANGOTE PNEUMATICO STD ORIGINAL;ARTICULACAO_5RODA;6,0;2531,88
PC002214;PARA-BRISA REFORCADO PARALELA A;CARROCERIA;29,0;385,62
PC002215;AMORTECEDOR DIANTEIRO PESADO PARALELA B;SUSPENSAO;1,0;536,77
PC002216;FILTRO DE COMBUSTIVEL REFORCADO PARALELA A;FILTROS;1,0;48,08
PC002217;FILTRO DE AR MOTOR LEVE ORIGINAL;FILTROS;3,0;28,86
PC002218;VALVULA TERMOSTATICA LEVE ORIGINAL;ARREFECIMENTO;4,0;406,72
PC002219;CAMARA DE AR LEVE ORIGINAL;RODAS_PNEUS;113,0;1439,15
PC002221;CORREIA DENTADA LEVE PARALELA A;MOTOR;29,0;6039,14
PC002222;ROLAMENTO DE RODA  ORIGINAL;RODAS_PNEUS;46,0;952,76
PC002223;SINCRONIZADOR REFORCADO PARALELA A;TRANSMISSAO;25,0;710,68
PC002224;BOLSA DE AR SUSPENSAO  PARALELA A;SUSPENSAO;265,0;891,06
PC002225;MANGUEIRA DE FREIO AR  ORIGINAL;FREIOS;1,0;288,21
PC002226;FILTRO SEPARADOR AGUA PESADO PARALELA A;FILTROS;22,0;30,61
PC002227;LONA DE FREIO LEVE ORIGINAL;FREIOS;4,0;89,15
PC002228;CRUZETA CARDAN PESADO PARALELA B;TRANSMISSAO;1,0;5160,98
PC002229;PARA-CHOQUE DIANTEIRO LEVE PARALELA A;CARROCERIA;10,0;244,91
PC002230;VALVULA DE FREIO  PARALELA B;FREIOS;188,0;283,45
PC002231;FAROL DIANTEIRO LED REFORCADO ORIGINAL;ELETRICA;128,0;274,34
PC002232;BARRA ESTABILIZADORA  ORIGINAL;SUSPENSAO;1,0;554,1
PC002233;AMORTECEDOR TRASEIRO LEVE PARALELA B;SUSPENSAO;5,0;543,62
PC002234;FILTRO DE CABINE REFORCADO PARALELA B;FILTROS;0,0;96,1
PC002235;ENGATE DE REBOQUE REFORCADO ORIGINAL;ARTICULACAO_5RODA;2,0;2350,53
PC002236;DISCO DE EMBREAGEM PESADO PARALELA A;TRANSMISSAO;1,0;1676,0
PC002237;SAPATA DE FREIO STD ORIGINAL;FREIOS;13,0;360,99
PC002238;BICO INJETOR REFORCADO PARALELA B;MOTOR;3,0;2733,38
PC002239;BUCHA DE MOLA REFORCADO REMANUFATURADO;SUSPENSAO;2,0;338,32
PC002241;CAMISA DE CILINDRO REFORCADO PARALELA B;MOTOR;3,0;2896,38
PC002242;BOMBA INJETORA REFORCADO REMANUFATURADO;MOTOR;29,0;630,19
PC002243;TAMBOR DE FREIO PESADO PARALELA A;FREIOS;6,0;85,77
PC002244;ROLAMENTO DE EMBREAGEM REFORCADO ORIGINAL;TRANSMISSAO;86,0;6321,19
PC002245;PINO REI  ORIGINAL;ARTICULACAO_5RODA;3,0;552,97
PC002246;PARA-LAMA LEVE PARALELA B;CARROCERIA;77,0;152,61
PC002247;VALVULA DE ADMISSAO PESADO PARALELA A;MOTOR;233,0;3584,73
PC002248;PNEU RADIAL 295/80 REFORCADO PARALELA A;RODAS_PNEUS;19,0;88,75
PC002249;MACANETA DE PORTA STD ORIGINAL;CARROCERIA;41,0;267,1
PC002250;CUBO DE RODA PESADO REMANUFATURADO;RODAS_PNEUS;14,0;1944,02
PC002251;BOMBA D AGUA PESADO PARALELA A;ARREFECIMENTO;4,0;775,56
PC002252;PASTILHA DE FREIO PESADO PARALELA B;FREIOS;33,0;71,62
PC002253;CAIXA DE CAMBIO COMPLETA STD ORIGINAL;TRANSMISSAO;5,0;1980,77
PC002254;ALTERNADOR  ORIGINAL;ELETRICA;7,0;1038,32
PC002255;LANTERNA TRASEIRA REFORCADO ORIGINAL;ELETRICA;58,0;236,4
PC002256;MOTOR DE PARTIDA  REMANUFATURADO;ELETRICA;81,0;135,89
PC002257;JUNTA DE CABECOTE PESADO PARALELA A;MOTOR;228,0;4957,91
PC002258;SENSOR ABS STD ORIGINAL;ELETRICA;3,0;588,31
PC002259;RESERVATORIO EXPANSAO LEVE PARALELA B;ARREFECIMENTO;46,0;999,45
PC002260;TURBO COMPRESSOR REFORCADO PARALELA A;MOTOR;3,0;2700,21
PC002261;MANGUEIRA RADIADOR  REMANUFATURADO;ARREFECIMENTO;11,0;133,98
PC002262;PINO MESTRE REFORCADO PARALELA A;SUSPENSAO;35,0;286,13
PC002263;QUINTA RODA COMPLETA PESADO PARALELA A;ARTICULACAO_5RODA;6,0;700,17
PC002264;EIXO CARDAN PESADO PARALELA A;TRANSMISSAO;6,0;3585,23
PC002265;PLATO DE EMBREAGEM PESADO PARALELA B;TRANSMISSAO;3,0;8314,36
PC002266;FILTRO DE OLEO MOTOR STD PARALELA A;MOTOR;2,0;3633,0
PC002267;BATERIA 150AH PESADO ORIGINAL;ELETRICA;1,0;82,52
PC002268;DISCO DE FREIO PESADO PARALELA A;FREIOS;3,0;280,87
PC002269;CILINDRO MESTRE REFORCADO PARALELA A;FREIOS;21,0;92,76
PC002270;CHICOTE ELETRICO REFORCADO PARALELA B;ELETRICA;77,0;568,38
PC002271;PARAFUSO DE RODA STD PARALELA A;RODAS_PNEUS;57,0;639,62
PC002272;RADIADOR COMPLETO REFORCADO PARALELA A;ARREFECIMENTO;9,0;697,26
PC002273;FILTRO DE OLEO CAMBIO LEVE ORIGINAL;FILTROS;96,0;22,64
PC002274;ESPELHO RETROVISOR LEVE PARALELA B;CARROCERIA;59,0;904,97
PC002275;RODA DE ACO ARO 22  ORIGINAL;RODAS_PNEUS;2,0;1386,19
PC002276;VIDRO LATERAL LEVE ORIGINAL;CARROCERIA;4,0;363,82
PC002277;MANGOTE PNEUMATICO STD ORIGINAL;ARTICULACAO_5RODA;7,0;2385,17
PC002278;PARA-BRISA LEVE ORIGINAL;CARROCERIA;24,0;599,76
PC002279;AMORTECEDOR DIANTEIRO  PARALELA A;SUSPENSAO;9,0;476,07
PC002280;FILTRO DE COMBUSTIVEL  ORIGINAL;FILTROS;5,0;77,7
PC002281;FILTRO DE AR MOTOR  PARALELA A;FILTROS;39,0;51,4
PC002283;CAMARA DE AR  ORIGINAL;RODAS_PNEUS;17,0;1542,63
PC002284;FEIXE DE MOLA LEVE REMANUFATURADO;SUSPENSAO;2,0;461,55
PC002285;CORREIA DENTADA PESADO ORIGINAL;MOTOR;31,0;3518,62
PC002286;ROLAMENTO DE RODA REFORCADO PARALELA B;RODAS_PNEUS;11,0;219,05
PC002287;SINCRONIZADOR LEVE ORIGINAL;TRANSMISSAO;239,0;589,9
PC002288;BOLSA DE AR SUSPENSAO PESADO ORIGINAL;SUSPENSAO;9,0;752,11
PC002289;MANGUEIRA DE FREIO AR LEVE PARALELA B;FREIOS;1,0;283,0
PC002290;FILTRO SEPARADOR AGUA LEVE ORIGINAL;FILTROS;3,0;85,99
PC002291;LONA DE FREIO PESADO PARALELA B;FREIOS;3,0;133,25
PC002292;CRUZETA CARDAN STD ORIGINAL;TRANSMISSAO;47,0;6690,86
PC002293;PARA-CHOQUE DIANTEIRO REFORCADO PARALELA B;CARROCERIA;11,0;544,59
PC002294;VALVULA DE FREIO  REMANUFATURADO;FREIOS;3,0;71,84
PC002295;FAROL DIANTEIRO LED PESADO ORIGINAL;ELETRICA;1,0;528,46
PC002296;BARRA ESTABILIZADORA STD REMANUFATURADO;SUSPENSAO;7,0;222,07
PC002298;FILTRO DE CABINE PESADO PARALELA B;FILTROS;9,0;89,6
PC002299;ENGATE DE REBOQUE PESADO PARALELA A;ARTICULACAO_5RODA;42,0;1392,03
PC002300;DISCO DE EMBREAGEM LEVE ORIGINAL;TRANSMISSAO;40,0;3902,19
PC002301;SAPATA DE FREIO LEVE ORIGINAL;FREIOS;38,0;340,82
PC002303;BUCHA DE MOLA LEVE PARALELA A;SUSPENSAO;29,0;577,36
PC002304;VENTOINHA STD ORIGINAL;ARREFECIMENTO;1,0;398,05
PC002305;CAMISA DE CILINDRO LEVE PARALELA B;MOTOR;19,0;425,68
PC002306;BOMBA INJETORA REFORCADO ORIGINAL;MOTOR;120,0;1228,97
PC002307;TAMBOR DE FREIO LEVE PARALELA A;FREIOS;34,0;401,63
PC002308;ROLAMENTO DE EMBREAGEM STD ORIGINAL;TRANSMISSAO;8,0;6370,49
PC002309;PINO REI  PARALELA B;ARTICULACAO_5RODA;60,0;2038,23
PC002310;PARA-LAMA PESADO REMANUFATURADO;CARROCERIA;9,0;386,05
PC002311;VALVULA DE ADMISSAO STD ORIGINAL;MOTOR;18,0;401,01
PC002312;PNEU RADIAL 295/80 PESADO ORIGINAL;RODAS_PNEUS;133,0;195,91
PC002313;MACANETA DE PORTA LEVE ORIGINAL;CARROCERIA;9,0;741,4
PC002314;CUBO DE RODA LEVE REMANUFATURADO;RODAS_PNEUS;21,0;747,64
PC002315;BOMBA D AGUA REFORCADO ORIGINAL;ARREFECIMENTO;10,0;72,19
PC002316;PASTILHA DE FREIO STD ORIGINAL;FREIOS;9,0;283,0
PC002317;CAIXA DE CAMBIO COMPLETA REFORCADO PARALELA A;TRANSMISSAO;170,0;5479,57
PC002318;ALTERNADOR STD PARALELA B;ELETRICA;96,0;233,16
PC002319;LANTERNA TRASEIRA REFORCADO PARALELA B;ELETRICA;41,0;899,73
PC002320;MOTOR DE PARTIDA REFORCADO ORIGINAL;ELETRICA;7,0;452,64
PC002321;JUNTA DE CABECOTE  ORIGINAL;MOTOR;6,0;4428,42
PC002322;SENSOR ABS PESADO ORIGINAL;ELETRICA;15,0;643,43
PC002323;RESERVATORIO EXPANSAO LEVE PARALELA A;ARREFECIMENTO;4,0;502,72
PC002324;TURBO COMPRESSOR REFORCADO PARALELA B;MOTOR;8,0;3522,34
PC002325;MANGUEIRA RADIADOR  PARALELA B;ARREFECIMENTO;2,0;487,39
PC002327;QUINTA RODA COMPLETA STD REMANUFATURADO;ARTICULACAO_5RODA;1,0;2075,48
PC002328;EIXO CARDAN STD ORIGINAL;TRANSMISSAO;6,0;748,84
PC002329;PLATO DE EMBREAGEM PESADO ORIGINAL;TRANSMISSAO;74,0;1386,08
PC002330;FILTRO DE OLEO MOTOR PESADO PARALELA A;MOTOR;203,0;1821,44
PC002331;BATERIA 150AH  REMANUFATURADO;ELETRICA;12,0;96,16
PC002332;DISCO DE FREIO PESADO PARALELA A;FREIOS;1,0;372,06
PC002333;CILINDRO MESTRE LEVE ORIGINAL;FREIOS;17,0;152,34
PC002334;CHICOTE ELETRICO LEVE PARALELA A;ELETRICA;7,0;209,16
PC002335;PARAFUSO DE RODA  ORIGINAL;RODAS_PNEUS;150,0;278,31
PC002336;RADIADOR COMPLETO REFORCADO ORIGINAL;ARREFECIMENTO;12,0;277,82
PC002337;FILTRO DE OLEO CAMBIO PESADO PARALELA A;FILTROS;75,0;45,1
PC002338;ESPELHO RETROVISOR STD PARALELA A;CARROCERIA;2,0;638,43
PC002339;RODA DE ACO ARO 22  ORIGINAL;RODAS_PNEUS;50,0;492,06
PC002340;VIDRO LATERAL LEVE PARALELA A;CARROCERIA;16,0;523,35
PC002341;MANGOTE PNEUMATICO PESADO PARALELA A;ARTICULACAO_5RODA;15,0;2067,36
PC002342;PARA-BRISA LEVE PARALELA A;CARROCERIA;24,0;407,69
PC002343;AMORTECEDOR DIANTEIRO LEVE PARALELA B;SUSPENSAO;66,0;494,25
PC002344;FILTRO DE COMBUSTIVEL  ORIGINAL;FILTROS;6,0;75,52
PC002345;FILTRO DE AR MOTOR PESADO PARALELA B;FILTROS;15,0;49,61
PC002346;VALVULA TERMOSTATICA  ORIGINAL;ARREFECIMENTO;1,0;244,78
PC002347;CAMARA DE AR  PARALELA B;RODAS_PNEUS;15,0;365,8
PC002349;CORREIA DENTADA REFORCADO PARALELA A;MOTOR;113,0;3523,0
PC002350;ROLAMENTO DE RODA  PARALELA B;RODAS_PNEUS;9,0;955,37
PC002351;SINCRONIZADOR LEVE REMANUFATURADO;TRANSMISSAO;20,0;641,74
PC002353;MANGUEIRA DE FREIO AR LEVE ORIGINAL;FREIOS;3,0;284,54
PC002354;FILTRO SEPARADOR AGUA STD PARALELA A;FILTROS;95,0;79,0
PC002355;LONA DE FREIO STD ORIGINAL;FREIOS;5,0;147,53
PC002356;CRUZETA CARDAN LEVE ORIGINAL;TRANSMISSAO;2,0;1037,58
PC002357;PARA-CHOQUE DIANTEIRO STD PARALELA A;CARROCERIA;2,0;992,95
PC002358;VALVULA DE FREIO LEVE REMANUFATURADO;FREIOS;18,0;284,94
PC002359;FAROL DIANTEIRO LED  PARALELA B;ELETRICA;2,0;501,91
PC002360;BARRA ESTABILIZADORA  PARALELA B;SUSPENSAO;68,0;606,38
PC002361;AMORTECEDOR TRASEIRO  PARALELA B;SUSPENSAO;6,0;929,13
PC002362;FILTRO DE CABINE LEVE PARALELA A;FILTROS;13,0;54,07
PC002363;ENGATE DE REBOQUE LEVE REMANUFATURADO;ARTICULACAO_5RODA;4,0;723,32
PC002364;DISCO DE EMBREAGEM LEVE PARALELA A;TRANSMISSAO;83,0;5960,65
PC002365;SAPATA DE FREIO STD PARALELA A;FREIOS;27,0;173,45
PC002366;BICO INJETOR STD PARALELA B;MOTOR;215,0;3917,85
PC002367;BUCHA DE MOLA REFORCADO PARALELA B;SUSPENSAO;0,0;569,15
PC002368;VENTOINHA REFORCADO PARALELA A;ARREFECIMENTO;3,0;791,95
PC002369;CAMISA DE CILINDRO PESADO PARALELA A;MOTOR;18,0;3286,84
PC002370;BOMBA INJETORA PESADO ORIGINAL;MOTOR;16,0;603,87
PC002371;TAMBOR DE FREIO REFORCADO ORIGINAL;FREIOS;68,0;65,07
PC002372;ROLAMENTO DE EMBREAGEM STD PARALELA B;TRANSMISSAO;16,0;7234,7
PC002373;PINO REI LEVE PARALELA A;ARTICULACAO_5RODA;113,0;407,15
PC002374;PARA-LAMA REFORCADO PARALELA A;CARROCERIA;70,0;261,18
PC002375;VALVULA DE ADMISSAO PESADO PARALELA A;MOTOR;18,0;4971,58
PC002376;PNEU RADIAL 295/80  PARALELA B;RODAS_PNEUS;6,0;1119,46
PC002377;MACANETA DE PORTA PESADO PARALELA A;CARROCERIA;6,0;960,57
PC002378;CUBO DE RODA STD PARALELA A;RODAS_PNEUS;4,0;725,37
PC002379;BOMBA D AGUA LEVE PARALELA A;ARREFECIMENTO;1,0;434,38
PC002380;PASTILHA DE FREIO REFORCADO PARALELA A;FREIOS;17,0;305,43
PC002381;CAIXA DE CAMBIO COMPLETA PESADO PARALELA A;TRANSMISSAO;100,0;8699,79
PC002382;ALTERNADOR LEVE ORIGINAL;ELETRICA;2,0;875,23
PC002383;LANTERNA TRASEIRA PESADO ORIGINAL;ELETRICA;11,0;775,61
PC002384;MOTOR DE PARTIDA REFORCADO PARALELA A;ELETRICA;35,0;1045,06
PC002385;JUNTA DE CABECOTE PESADO PARALELA A;MOTOR;38,0;1478,86
PC002386;SENSOR ABS LEVE PARALELA B;ELETRICA;9,0;802,3
PC002387;RESERVATORIO EXPANSAO REFORCADO REMANUFATURADO;ARREFECIMENTO;18,0;204,37
PC002388;TURBO COMPRESSOR REFORCADO PARALELA A;MOTOR;17,0;5294,83
PC002389;MANGUEIRA RADIADOR REFORCADO REMANUFATURADO;ARREFECIMENTO;30,0;819,52
PC002390;PINO MESTRE STD ORIGINAL;SUSPENSAO;14,0;1149,13
PC002391;QUINTA RODA COMPLETA PESADO PARALELA A;ARTICULACAO_5RODA;90,0;2342,29
PC002392;EIXO CARDAN  ORIGINAL;TRANSMISSAO;24,0;7020,07
PC002393;PLATO DE EMBREAGEM LEVE PARALELA A;TRANSMISSAO;46,0;1976,16
PC002394;FILTRO DE OLEO MOTOR REFORCADO REMANUFATURADO;MOTOR;0,0;669,21
PC002395;BATERIA 150AH LEVE PARALELA A;ELETRICA;6,0;967,23
PC002396;DISCO DE FREIO PESADO ORIGINAL;FREIOS;1,0;296,65
PC002397;CILINDRO MESTRE STD ORIGINAL;FREIOS;4,0;127,99
PC002398;CHICOTE ELETRICO STD PARALELA A;ELETRICA;23,0;1093,97
PC002399;PARAFUSO DE RODA REFORCADO PARALELA A;RODAS_PNEUS;12,0;552,63
PC002400;RADIADOR COMPLETO PESADO ORIGINAL;ARREFECIMENTO;8,0;241,95
PC002401;FILTRO DE OLEO CAMBIO  PARALELA A;FILTROS;0,0;56,96
PC002402;ESPELHO RETROVISOR STD PARALELA B;CARROCERIA;49,0;870,02
PC002403;RODA DE ACO ARO 22 REFORCADO PARALELA A;RODAS_PNEUS;1,0;782,39
PC002404;VIDRO LATERAL PESADO ORIGINAL;CARROCERIA;17,0;532,8
PC002405;MANGOTE PNEUMATICO STD PARALELA A;ARTICULACAO_5RODA;8,0;1319,38
PC002406;PARA-BRISA STD ORIGINAL;CARROCERIA;15,0;534,57
PC002407;AMORTECEDOR DIANTEIRO LEVE PARALELA A;SUSPENSAO;71,0;996,7
PC002408;FILTRO DE COMBUSTIVEL REFORCADO PARALELA A;FILTROS;177,0;65,05
PC002409;FILTRO DE AR MOTOR LEVE PARALELA A;FILTROS;128,0;60,86
PC002410;VALVULA TERMOSTATICA REFORCADO ORIGINAL;ARREFECIMENTO;125,0;161,93
PC002411;CAMARA DE AR STD ORIGINAL;RODAS_PNEUS;199,0;310,48
PC002412;FEIXE DE MOLA PESADO REMANUFATURADO;SUSPENSAO;42,0;495,57
PC002413;CORREIA DENTADA REFORCADO PARALELA A;MOTOR;5,0;5353,82
PC002414;ROLAMENTO DE RODA LEVE PARALELA A;RODAS_PNEUS;14,0;410,51
PC002415;SINCRONIZADOR STD ORIGINAL;TRANSMISSAO;33,0;4404,87
PC002416;BOLSA DE AR SUSPENSAO LEVE PARALELA A;SUSPENSAO;247,0;1025,07
PC002417;MANGUEIRA DE FREIO AR LEVE PARALELA A;FREIOS;9,0;369,92
PC002418;FILTRO SEPARADOR AGUA STD REMANUFATURADO;FILTROS;2,0;29,91
PC002419;LONA DE FREIO REFORCADO PARALELA A;FREIOS;13,0;82,18
PC002420;CRUZETA CARDAN LEVE PARALELA B;TRANSMISSAO;2,0;3033,26
PC002421;PARA-CHOQUE DIANTEIRO PESADO REMANUFATURADO;CARROCERIA;49,0;76,95
PC002422;VALVULA DE FREIO  ORIGINAL;FREIOS;123,0;133,75
PC002423;FAROL DIANTEIRO LED PESADO PARALELA B;ELETRICA;243,0;595,6
PC002424;BARRA ESTABILIZADORA  ORIGINAL;SUSPENSAO;10,0;925,74
PC002425;AMORTECEDOR TRASEIRO  PARALELA A;SUSPENSAO;24,0;864,85
PC002426;FILTRO DE CABINE PESADO PARALELA B;FILTROS;1,0;37,64
PC002427;ENGATE DE REBOQUE REFORCADO REMANUFATURADO;ARTICULACAO_5RODA;5,0;1524,24
PC002428;DISCO DE EMBREAGEM  ORIGINAL;TRANSMISSAO;3,0;5420,37
PC002429;SAPATA DE FREIO REFORCADO ORIGINAL;FREIOS;1,0;322,87
PC002430;BICO INJETOR  PARALELA A;MOTOR;0,0;986,31
PC002431;BUCHA DE MOLA LEVE REMANUFATURADO;SUSPENSAO;11,0;449,7
PC002432;VENTOINHA  REMANUFATURADO;ARREFECIMENTO;22,0;549,89
PC002433;CAMISA DE CILINDRO STD REMANUFATURADO;MOTOR;2,0;458,35
PC002434;BOMBA INJETORA PESADO ORIGINAL;MOTOR;13,0;3816,69
PC002435;TAMBOR DE FREIO  PARALELA A;FREIOS;119,0;222,25
PC002436;ROLAMENTO DE EMBREAGEM PESADO PARALELA B;TRANSMISSAO;2,0;1021,64
PC002437;PINO REI STD PARALELA B;ARTICULACAO_5RODA;13,0;2266,52
PC002438;PARA-LAMA PESADO ORIGINAL;CARROCERIA;6,0;201,23
PC002439;VALVULA DE ADMISSAO REFORCADO ORIGINAL;MOTOR;11,0;1788,21
PC002440;PNEU RADIAL 295/80 LEVE PARALELA A;RODAS_PNEUS;23,0;1160,87
PC002441;MACANETA DE PORTA REFORCADO REMANUFATURADO;CARROCERIA;87,0;831,3
PC002442;CUBO DE RODA STD REMANUFATURADO;RODAS_PNEUS;25,0;96,61
PC002443;BOMBA D AGUA PESADO ORIGINAL;ARREFECIMENTO;2,0;188,78
PC002444;PASTILHA DE FREIO PESADO PARALELA B;FREIOS;351,0;142,58
PC002445;CAIXA DE CAMBIO COMPLETA LEVE REMANUFATURADO;TRANSMISSAO;1,0;3163,19
PC002446;ALTERNADOR STD REMANUFATURADO;ELETRICA;119,0;1100,58
PC002447;LANTERNA TRASEIRA REFORCADO ORIGINAL;ELETRICA;2,0;209,25
PC002448;MOTOR DE PARTIDA REFORCADO PARALELA B;ELETRICA;22,0;970,12
PC002449;JUNTA DE CABECOTE REFORCADO PARALELA A;MOTOR;51,0;4799,26
PC002450;SENSOR ABS STD REMANUFATURADO;ELETRICA;1,0;691,81
PC002451;RESERVATORIO EXPANSAO REFORCADO ORIGINAL;ARREFECIMENTO;17,0;198,87
PC002452;TURBO COMPRESSOR LEVE PARALELA A;MOTOR;52,0;4406,3
PC002454;PINO MESTRE REFORCADO PARALELA B;SUSPENSAO;2,0;1033,87
PC002455;QUINTA RODA COMPLETA LEVE PARALELA B;ARTICULACAO_5RODA;4,0;1199,59
PC002456;EIXO CARDAN PESADO PARALELA A;TRANSMISSAO;2,0;2308,16
PC002457;PLATO DE EMBREAGEM  PARALELA A;TRANSMISSAO;22,0;2785,53
PC002458;FILTRO DE OLEO MOTOR  REMANUFATURADO;MOTOR;15,0;5655,52
PC002459;BATERIA 150AH STD ORIGINAL;ELETRICA;10,0;316,83
PC002460;DISCO DE FREIO  PARALELA A;FREIOS;23,0;324,57
PC002461;CILINDRO MESTRE LEVE REMANUFATURADO;FREIOS;57,0;211,14
PC002462;CHICOTE ELETRICO  ORIGINAL;ELETRICA;23,0;768,28
PC002463;PARAFUSO DE RODA STD PARALELA B;RODAS_PNEUS;49,0;1490,35
PC002464;RADIADOR COMPLETO  PARALELA B;ARREFECIMENTO;51,0;854,4
PC002465;FILTRO DE OLEO CAMBIO REFORCADO REMANUFATURADO;FILTROS;4,0;66,21
PC002467;RODA DE ACO ARO 22 REFORCADO PARALELA A;RODAS_PNEUS;47,0;112,58
PC002468;VIDRO LATERAL LEVE PARALELA A;CARROCERIA;1,0;661,76
PC002469;MANGOTE PNEUMATICO  PARALELA B;ARTICULACAO_5RODA;3,0;1367,06
PC002470;PARA-BRISA LEVE PARALELA A;CARROCERIA;36,0;530,95
PC002471;AMORTECEDOR DIANTEIRO STD PARALELA A;SUSPENSAO;6,0;1269,72
PC002472;FILTRO DE COMBUSTIVEL PESADO PARALELA A;FILTROS;12,0;84,64
PC002473;FILTRO DE AR MOTOR STD REMANUFATURADO;FILTROS;2,0;15,65
PC002474;VALVULA TERMOSTATICA LEVE ORIGINAL;ARREFECIMENTO;16,0;755,97
PC002475;CAMARA DE AR REFORCADO PARALELA B;RODAS_PNEUS;3,0;1207,64
PC002476;FEIXE DE MOLA LEVE ORIGINAL;SUSPENSAO;61,0;741,09
PC002477;CORREIA DENTADA STD ORIGINAL;MOTOR;2,0;2717,07
PC002478;ROLAMENTO DE RODA REFORCADO PARALELA A;RODAS_PNEUS;35,0;1035,68
PC002480;BOLSA DE AR SUSPENSAO STD ORIGINAL;SUSPENSAO;2,0;664,48
PC002481;MANGUEIRA DE FREIO AR  PARALELA A;FREIOS;1,0;267,36
PC002482;FILTRO SEPARADOR AGUA REFORCADO PARALELA B;FILTROS;3,0;93,37
PC002483;LONA DE FREIO REFORCADO PARALELA A;FREIOS;17,0;236,54
PC002484;CRUZETA CARDAN REFORCADO PARALELA B;TRANSMISSAO;80,0;1969,71
PC002485;PARA-CHOQUE DIANTEIRO  PARALELA A;CARROCERIA;129,0;639,47
PC002486;VALVULA DE FREIO  REMANUFATURADO;FREIOS;48,0;266,95
PC002487;FAROL DIANTEIRO LED LEVE ORIGINAL;ELETRICA;39,0;391,37
PC002488;BARRA ESTABILIZADORA  REMANUFATURADO;SUSPENSAO;3,0;804,02
PC002489;AMORTECEDOR TRASEIRO PESADO ORIGINAL;SUSPENSAO;7,0;1003,7
PC002490;FILTRO DE CABINE PESADO REMANUFATURADO;FILTROS;1,0;74,42
PC002491;ENGATE DE REBOQUE PESADO ORIGINAL;ARTICULACAO_5RODA;19,0;884,22
PC002492;DISCO DE EMBREAGEM  REMANUFATURADO;TRANSMISSAO;4,0;4435,85
PC002493;SAPATA DE FREIO LEVE REMANUFATURADO;FREIOS;35,0;222,3
PC002494;BICO INJETOR LEVE ORIGINAL;MOTOR;10,0;1105,14
PC002495;BUCHA DE MOLA  ORIGINAL;SUSPENSAO;6,0;606,88
PC002496;VENTOINHA  REMANUFATURADO;ARREFECIMENTO;18,0;815,59
PC002497;CAMISA DE CILINDRO REFORCADO PARALELA B;MOTOR;3,0;2493,16
PC002498;BOMBA INJETORA STD REMANUFATURADO;MOTOR;20,0;2543,27
PC002499;TAMBOR DE FREIO PESADO PARALELA A;FREIOS;6,0;320,31
PC002500;ROLAMENTO DE EMBREAGEM REFORCADO PARALELA A;TRANSMISSAO;2,0;7714,65
PC002501;PINO REI PESADO ORIGINAL;ARTICULACAO_5RODA;575,0;2432,07
PC002502;PARA-LAMA  ORIGINAL;CARROCERIA;1,0;688,9
PC002503;VALVULA DE ADMISSAO REFORCADO PARALELA B;MOTOR;171,0;1618,88
PC002504;PNEU RADIAL 295/80 PESADO ORIGINAL;RODAS_PNEUS;5,0;599,09
PC002505;MACANETA DE PORTA PESADO ORIGINAL;CARROCERIA;59,0;324,98
PC002506;CUBO DE RODA  REMANUFATURADO;RODAS_PNEUS;71,0;1061,65
PC002507;BOMBA D AGUA REFORCADO REMANUFATURADO;ARREFECIMENTO;93,0;445,9
PC002508;PASTILHA DE FREIO PESADO ORIGINAL;FREIOS;68,0;270,9
PC002509;CAIXA DE CAMBIO COMPLETA PESADO PARALELA B;TRANSMISSAO;1,0;4990,33
PC002510;ALTERNADOR REFORCADO PARALELA A;ELETRICA;21,0;1311,27
PC002511;LANTERNA TRASEIRA  PARALELA A;ELETRICA;16,0;742,93
PC002512;MOTOR DE PARTIDA  PARALELA B;ELETRICA;0,0;95,29
PC002513;JUNTA DE CABECOTE REFORCADO PARALELA A;MOTOR;3,0;2772,99
PC002514;SENSOR ABS  PARALELA A;ELETRICA;107,0;739,47
PC002515;RESERVATORIO EXPANSAO PESADO PARALELA B;ARREFECIMENTO;106,0;1025,27
PC002516;TURBO COMPRESSOR PESADO PARALELA A;MOTOR;3,0;1756,69
PC002517;MANGUEIRA RADIADOR LEVE PARALELA B;ARREFECIMENTO;7,0;754,87
PC002518;PINO MESTRE  PARALELA A;SUSPENSAO;16,0;117,62
PC002519;QUINTA RODA COMPLETA REFORCADO PARALELA A;ARTICULACAO_5RODA;4,0;2154,93
PC002520;EIXO CARDAN  ORIGINAL;TRANSMISSAO;50,0;4824,49
PC002521;PLATO DE EMBREAGEM REFORCADO PARALELA A;TRANSMISSAO;2,0;1380,99
PC002522;FILTRO DE OLEO MOTOR  PARALELA A;MOTOR;178,0;2257,23
PC002523;BATERIA 150AH REFORCADO ORIGINAL;ELETRICA;24,0;459,71
PC002524;DISCO DE FREIO LEVE ORIGINAL;FREIOS;0,0;318,57
PC002525;CILINDRO MESTRE REFORCADO ORIGINAL;FREIOS;2,0;360,34
PC002526;CHICOTE ELETRICO LEVE PARALELA A;ELETRICA;25,0;329,15
PC002527;PARAFUSO DE RODA STD PARALELA A;RODAS_PNEUS;17,0;390,12
PC002528;RADIADOR COMPLETO STD ORIGINAL;ARREFECIMENTO;16,0;318,63
PC002529;FILTRO DE OLEO CAMBIO REFORCADO REMANUFATURADO;FILTROS;4,0;21,33
PC002530;ESPELHO RETROVISOR  ORIGINAL;CARROCERIA;3,0;823,24
PC002531;RODA DE ACO ARO 22 REFORCADO REMANUFATURADO;RODAS_PNEUS;22,0;1046,13
PC002532;VIDRO LATERAL LEVE REMANUFATURADO;CARROCERIA;121,0;485,15
PC002533;MANGOTE PNEUMATICO PESADO PARALELA B;ARTICULACAO_5RODA;8,0;2104,19
PC002534;PARA-BRISA  ORIGINAL;CARROCERIA;6,0;173,79
PC002535;AMORTECEDOR DIANTEIRO STD ORIGINAL;SUSPENSAO;98,0;595,26
PC002536;FILTRO DE COMBUSTIVEL LEVE REMANUFATURADO;FILTROS;1,0;27,69
PC002537;FILTRO DE AR MOTOR STD ORIGINAL;FILTROS;10,0;72,16
PC002538;VALVULA TERMOSTATICA  ORIGINAL;ARREFECIMENTO;2,0;257,48
PC002539;CAMARA DE AR REFORCADO ORIGINAL;RODAS_PNEUS;15,0;258,21
PC002540;FEIXE DE MOLA LEVE REMANUFATURADO;SUSPENSAO;16,0;724,84
PC002541;CORREIA DENTADA PESADO PARALELA A;MOTOR;2,0;1179,88
PC002542;ROLAMENTO DE RODA STD ORIGINAL;RODAS_PNEUS;36,0;1124,33
PC002543;SINCRONIZADOR STD REMANUFATURADO;TRANSMISSAO;15,0;3357,21
PC002544;BOLSA DE AR SUSPENSAO LEVE PARALELA B;SUSPENSAO;26,0;1001,11
PC002545;MANGUEIRA DE FREIO AR LEVE PARALELA A;FREIOS;2,0;265,36
PC002546;FILTRO SEPARADOR AGUA PESADO PARALELA B;FILTROS;41,0;110,19
PC002547;LONA DE FREIO STD PARALELA A;FREIOS;2,0;270,66
PC002548;CRUZETA CARDAN REFORCADO ORIGINAL;TRANSMISSAO;2,0;3834,26
PC002549;PARA-CHOQUE DIANTEIRO STD PARALELA A;CARROCERIA;8,0;268,89
PC002550;VALVULA DE FREIO PESADO ORIGINAL;FREIOS;12,0;57,74
PC002551;FAROL DIANTEIRO LED STD ORIGINAL;ELETRICA;2,0;1224,63
PC002552;BARRA ESTABILIZADORA REFORCADO REMANUFATURADO;SUSPENSAO;6,0;411,34
PC002554;FILTRO DE CABINE STD ORIGINAL;FILTROS;32,0;105,34
PC002555;ENGATE DE REBOQUE PESADO REMANUFATURADO;ARTICULACAO_5RODA;18,0;2097,48
PC002556;DISCO DE EMBREAGEM LEVE ORIGINAL;TRANSMISSAO;22,0;4164,82
PC002557;SAPATA DE FREIO LEVE PARALELA A;FREIOS;4,0;408,97
PC002558;BICO INJETOR LEVE ORIGINAL;MOTOR;3,0;4672,51
PC002559;BUCHA DE MOLA PESADO ORIGINAL;SUSPENSAO;1,0;336,54
PC002561;CAMISA DE CILINDRO PESADO PARALELA A;MOTOR;11,0;794,87
PC002562;BOMBA INJETORA STD PARALELA B;MOTOR;3,0;2944,31
PC002563;TAMBOR DE FREIO LEVE REMANUFATURADO;FREIOS;23,0;161,71
PC002564;ROLAMENTO DE EMBREAGEM STD PARALELA A;TRANSMISSAO;13,0;1636,28
PC002565;PINO REI PESADO ORIGINAL;ARTICULACAO_5RODA;33,0;1964,22
PC002566;PARA-LAMA STD REMANUFATURADO;CARROCERIA;27,0;85,38
PC002567;VALVULA DE ADMISSAO PESADO REMANUFATURADO;MOTOR;18,0;1900,26
PC002568;PNEU RADIAL 295/80 LEVE REMANUFATURADO;RODAS_PNEUS;38,0;234,0
PC002569;MACANETA DE PORTA STD REMANUFATURADO;CARROCERIA;81,0;327,55
PC002570;CUBO DE RODA  REMANUFATURADO;RODAS_PNEUS;30,0;1068,24
PC002571;BOMBA D AGUA LEVE ORIGINAL;ARREFECIMENTO;29,0;628,74
PC002572;PASTILHA DE FREIO STD PARALELA A;FREIOS;22,0;131,46
PC002573;CAIXA DE CAMBIO COMPLETA REFORCADO PARALELA A;TRANSMISSAO;5,0;2242,27
PC002574;ALTERNADOR PESADO PARALELA A;ELETRICA;56,0;366,12
PC002575;LANTERNA TRASEIRA  PARALELA A;ELETRICA;3,0;1483,95
PC002576;MOTOR DE PARTIDA PESADO ORIGINAL;ELETRICA;11,0;681,1
PC002577;JUNTA DE CABECOTE REFORCADO ORIGINAL;MOTOR;32,0;2878,4
PC002578;SENSOR ABS STD PARALELA A;ELETRICA;64,0;805,96
PC002579;RESERVATORIO EXPANSAO PESADO ORIGINAL;ARREFECIMENTO;3,0;959,56
PC002580;TURBO COMPRESSOR  PARALELA B;MOTOR;49,0;2865,08
PC002581;MANGUEIRA RADIADOR PESADO REMANUFATURADO;ARREFECIMENTO;91,0;271,09
PC002582;PINO MESTRE LEVE ORIGINAL;SUSPENSAO;2,0;955,71
PC002583;QUINTA RODA COMPLETA  PARALELA A;ARTICULACAO_5RODA;19,0;2075,8
PC002584;EIXO CARDAN LEVE PARALELA A;TRANSMISSAO;2,0;5137,49
PC002585;PLATO DE EMBREAGEM STD PARALELA A;TRANSMISSAO;11,0;3782,18
PC002586;FILTRO DE OLEO MOTOR STD PARALELA B;MOTOR;21,0;1104,27
PC002587;BATERIA 150AH STD REMANUFATURADO;ELETRICA;62,0;756,46
PC002588;DISCO DE FREIO REFORCADO PARALELA A;FREIOS;8,0;110,38
PC002589;CILINDRO MESTRE REFORCADO REMANUFATURADO;FREIOS;138,0;247,47
PC002590;CHICOTE ELETRICO LEVE ORIGINAL;ELETRICA;96,0;1237,91
PC002591;PARAFUSO DE RODA PESADO PARALELA A;RODAS_PNEUS;164,0;1004,75
PC002592;RADIADOR COMPLETO PESADO REMANUFATURADO;ARREFECIMENTO;481,0;645,78
PC002593;FILTRO DE OLEO CAMBIO PESADO PARALELA A;FILTROS;3,0;91,78
PC002594;ESPELHO RETROVISOR PESADO ORIGINAL;CARROCERIA;12,0;1054,21
PC002595;RODA DE ACO ARO 22 STD ORIGINAL;RODAS_PNEUS;19,0;1492,4
PC002596;VIDRO LATERAL STD ORIGINAL;CARROCERIA;199,0;188,78
PC002597;MANGOTE PNEUMATICO PESADO ORIGINAL;ARTICULACAO_5RODA;12,0;840,35
PC002598;PARA-BRISA  PARALELA A;CARROCERIA;8,0;306,61
PC002599;AMORTECEDOR DIANTEIRO LEVE ORIGINAL;SUSPENSAO;17,0;285,69
PC002600;FILTRO DE COMBUSTIVEL  ORIGINAL;FILTROS;51,0;120,19
PC002601;FILTRO DE AR MOTOR  ORIGINAL;FILTROS;18,0;82,06
PC002602;VALVULA TERMOSTATICA STD ORIGINAL;ARREFECIMENTO;43,0;155,75
PC002603;CAMARA DE AR PESADO PARALELA A;RODAS_PNEUS;4,0;1522,72
PC002604;FEIXE DE MOLA PESADO PARALELA A;SUSPENSAO;27,0;886,54
PC002605;CORREIA DENTADA STD PARALELA A;MOTOR;0,0;3258,38
PC002606;ROLAMENTO DE RODA LEVE PARALELA B;RODAS_PNEUS;69,0;668,74
PC002607;SINCRONIZADOR  PARALELA A;TRANSMISSAO;5,0;1228,84
PC002608;BOLSA DE AR SUSPENSAO STD PARALELA B;SUSPENSAO;6,0;1065,43
PC002609;MANGUEIRA DE FREIO AR PESADO PARALELA A;FREIOS;9,0;137,68
PC002610;FILTRO SEPARADOR AGUA PESADO PARALELA A;FILTROS;6,0;34,54
PC002611;LONA DE FREIO PESADO ORIGINAL;FREIOS;12,0;237,39
PC002612;CRUZETA CARDAN STD PARALELA A;TRANSMISSAO;147,0;1465,38
PC002613;PARA-CHOQUE DIANTEIRO  PARALELA B;CARROCERIA;24,0;565,35
PC002614;VALVULA DE FREIO STD PARALELA A;FREIOS;1,0;141,49
PC002615;FAROL DIANTEIRO LED STD ORIGINAL;ELETRICA;46,0;288,11
PC002616;BARRA ESTABILIZADORA STD ORIGINAL;SUSPENSAO;12,0;879,07
PC002617;AMORTECEDOR TRASEIRO LEVE ORIGINAL;SUSPENSAO;21,0;503,58
PC002618;FILTRO DE CABINE LEVE ORIGINAL;FILTROS;16,0;46,64
PC002619;ENGATE DE REBOQUE PESADO ORIGINAL;ARTICULACAO_5RODA;1,0;1421,85
PC002620;DISCO DE EMBREAGEM  REMANUFATURADO;TRANSMISSAO;10,0;6784,06
PC002622;BICO INJETOR STD PARALELA B;MOTOR;2,0;2581,61
PC002623;BUCHA DE MOLA STD ORIGINAL;SUSPENSAO;11,0;752,56
PC002624;VENTOINHA LEVE PARALELA A;ARREFECIMENTO;284,0;555,87
PC002625;CAMISA DE CILINDRO  PARALELA A;MOTOR;42,0;1502,56
PC002626;BOMBA INJETORA PESADO PARALELA B;MOTOR;37,0;3743,78
PC002627;TAMBOR DE FREIO LEVE PARALELA B;FREIOS;1,0;186,56
PC002628;ROLAMENTO DE EMBREAGEM LEVE ORIGINAL;TRANSMISSAO;8,0;4560,16
PC002629;PINO REI  ORIGINAL;ARTICULACAO_5RODA;20,0;611,92
PC002630;PARA-LAMA  ORIGINAL;CARROCERIA;8,0;87,34
PC002631;VALVULA DE ADMISSAO  PARALELA B;MOTOR;2,0;4061,01
PC002632;PNEU RADIAL 295/80  ORIGINAL;RODAS_PNEUS;42,0;1024,66
PC002633;MACANETA DE PORTA  REMANUFATURADO;CARROCERIA;5,0;913,41
PC002634;CUBO DE RODA STD PARALELA B;RODAS_PNEUS;24,0;1166,23
PC002635;BOMBA D AGUA LEVE PARALELA B;ARREFECIMENTO;59,0;122,47
PC002636;PASTILHA DE FREIO REFORCADO ORIGINAL;FREIOS;26,0;79,77
PC002637;CAIXA DE CAMBIO COMPLETA STD ORIGINAL;TRANSMISSAO;24,0;3588,08
PC002638;ALTERNADOR LEVE PARALELA B;ELETRICA;4,0;1303,43
PC002639;LANTERNA TRASEIRA STD ORIGINAL;ELETRICA;78,0;988,26
PC002640;MOTOR DE PARTIDA PESADO ORIGINAL;ELETRICA;23,0;1477,85
PC002641;JUNTA DE CABECOTE REFORCADO PARALELA A;MOTOR;2,0;2412,51
PC002642;SENSOR ABS PESADO ORIGINAL;ELETRICA;3,0;1008,52
PC002643;RESERVATORIO EXPANSAO PESADO PARALELA B;ARREFECIMENTO;10,0;546,03
PC002644;TURBO COMPRESSOR REFORCADO PARALELA A;MOTOR;84,0;308,93
PC002645;MANGUEIRA RADIADOR STD PARALELA A;ARREFECIMENTO;1,0;429,59
PC002646;PINO MESTRE PESADO PARALELA B;SUSPENSAO;6,0;116,1
PC002647;QUINTA RODA COMPLETA PESADO ORIGINAL;ARTICULACAO_5RODA;49,0;814,22
PC002648;EIXO CARDAN PESADO ORIGINAL;TRANSMISSAO;5,0;7055,6
PC002649;PLATO DE EMBREAGEM  ORIGINAL;TRANSMISSAO;11,0;2243,57
PC002650;FILTRO DE OLEO MOTOR PESADO PARALELA B;MOTOR;19,0;3066,82
PC002651;BATERIA 150AH  REMANUFATURADO;ELETRICA;12,0;826,02
PC002652;DISCO DE FREIO PESADO PARALELA A;FREIOS;11,0;261,7
PC002653;CILINDRO MESTRE STD PARALELA A;FREIOS;6,0;353,14
PC002654;CHICOTE ELETRICO  ORIGINAL;ELETRICA;1,0;968,72
PC002655;PARAFUSO DE RODA LEVE PARALELA A;RODAS_PNEUS;90,0;191,78
PC002656;RADIADOR COMPLETO STD ORIGINAL;ARREFECIMENTO;1,0;263,15
PC002657;FILTRO DE OLEO CAMBIO STD ORIGINAL;FILTROS;6,0;83,69
PC002658;ESPELHO RETROVISOR  ORIGINAL;CARROCERIA;82,0;103,34
PC002660;VIDRO LATERAL  REMANUFATURADO;CARROCERIA;41,0;720,2
PC002661;MANGOTE PNEUMATICO LEVE ORIGINAL;ARTICULACAO_5RODA;7,0;1595,59
PC002662;PARA-BRISA STD PARALELA A;CARROCERIA;17,0;949,12
PC002663;AMORTECEDOR DIANTEIRO LEVE REMANUFATURADO;SUSPENSAO;42,0;155,0
PC002664;FILTRO DE COMBUSTIVEL REFORCADO REMANUFATURADO;FILTROS;12,0;35,05
PC002665;FILTRO DE AR MOTOR STD PARALELA B;FILTROS;20,0;50,91
PC002666;VALVULA TERMOSTATICA PESADO PARALELA B;ARREFECIMENTO;36,0;952,56
PC002667;CAMARA DE AR PESADO ORIGINAL;RODAS_PNEUS;17,0;1309,56
PC002668;FEIXE DE MOLA LEVE PARALELA B;SUSPENSAO;4,0;434,75
PC002669;CORREIA DENTADA LEVE PARALELA B;MOTOR;148,0;904,74
PC002670;ROLAMENTO DE RODA PESADO PARALELA A;RODAS_PNEUS;13,0;1438,89
PC002671;SINCRONIZADOR REFORCADO PARALELA B;TRANSMISSAO;3,0;751,0
PC002672;BOLSA DE AR SUSPENSAO PESADO PARALELA B;SUSPENSAO;9,0;232,47
PC002673;MANGUEIRA DE FREIO AR REFORCADO ORIGINAL;FREIOS;9,0;189,43
PC002674;FILTRO SEPARADOR AGUA LEVE ORIGINAL;FILTROS;20,0;54,5
PC002675;LONA DE FREIO REFORCADO ORIGINAL;FREIOS;4,0;364,11
PC002676;CRUZETA CARDAN STD PARALELA B;TRANSMISSAO;2,0;504,91
PC002677;PARA-CHOQUE DIANTEIRO STD PARALELA B;CARROCERIA;21,0;786,43
PC002678;VALVULA DE FREIO PESADO PARALELA B;FREIOS;47,0;87,77
PC002679;FAROL DIANTEIRO LED PESADO PARALELA A;ELETRICA;2,0;634,53
PC002680;BARRA ESTABILIZADORA STD PARALELA A;SUSPENSAO;59,0;967,85
PC002681;AMORTECEDOR TRASEIRO  PARALELA A;SUSPENSAO;1,0;339,77
PC002682;FILTRO DE CABINE PESADO REMANUFATURADO;FILTROS;259,0;110,67
PC002683;ENGATE DE REBOQUE REFORCADO ORIGINAL;ARTICULACAO_5RODA;10,0;1863,2
PC002684;DISCO DE EMBREAGEM LEVE ORIGINAL;TRANSMISSAO;9,0;6397,95
PC002685;SAPATA DE FREIO LEVE PARALELA B;FREIOS;74,0;71,57
PC002686;BICO INJETOR  ORIGINAL;MOTOR;28,0;4501,26
PC002687;BUCHA DE MOLA LEVE PARALELA B;SUSPENSAO;9,0;574,67
PC002688;VENTOINHA PESADO ORIGINAL;ARREFECIMENTO;3,0;559,45
PC002689;CAMISA DE CILINDRO LEVE PARALELA A;MOTOR;88,0;2188,03
PC002690;BOMBA INJETORA  ORIGINAL;MOTOR;2,0;1686,71
PC002691;TAMBOR DE FREIO  PARALELA B;FREIOS;4,0;89,42
PC002692;ROLAMENTO DE EMBREAGEM PESADO ORIGINAL;TRANSMISSAO;5,0;827,93
PC002693;PINO REI  ORIGINAL;ARTICULACAO_5RODA;36,0;2107,73
PC002695;VALVULA DE ADMISSAO REFORCADO ORIGINAL;MOTOR;42,0;4409,89
PC002696;PNEU RADIAL 295/80 PESADO PARALELA B;RODAS_PNEUS;32,0;1746,31
PC002697;MACANETA DE PORTA PESADO PARALELA A;CARROCERIA;11,0;288,02
PC002698;CUBO DE RODA LEVE REMANUFATURADO;RODAS_PNEUS;8,0;531,0
PC002699;BOMBA D AGUA REFORCADO ORIGINAL;ARREFECIMENTO;43,0;753,98
PC002700;PASTILHA DE FREIO REFORCADO ORIGINAL;FREIOS;6,0;117,44
PC002701;CAIXA DE CAMBIO COMPLETA PESADO ORIGINAL;TRANSMISSAO;8,0;393,45
PC002702;ALTERNADOR STD REMANUFATURADO;ELETRICA;6,0;1095,81
PC002703;LANTERNA TRASEIRA  REMANUFATURADO;ELETRICA;7,0;1156,47
PC002704;MOTOR DE PARTIDA STD REMANUFATURADO;ELETRICA;36,0;1006,96
PC002705;JUNTA DE CABECOTE STD PARALELA A;MOTOR;7,0;5653,7
PC002706;SENSOR ABS REFORCADO PARALELA A;ELETRICA;47,0;326,04
PC002707;RESERVATORIO EXPANSAO LEVE PARALELA A;ARREFECIMENTO;5,0;803,26
PC002709;MANGUEIRA RADIADOR  PARALELA B;ARREFECIMENTO;256,0;888,13
PC002710;PINO MESTRE REFORCADO REMANUFATURADO;SUSPENSAO;5,0;957,86
PC002711;QUINTA RODA COMPLETA  PARALELA A;ARTICULACAO_5RODA;8,0;2185,39
PC002712;EIXO CARDAN REFORCADO ORIGINAL;TRANSMISSAO;5,0;5188,37
PC002713;PLATO DE EMBREAGEM PESADO REMANUFATURADO;TRANSMISSAO;3,0;6849,09
PC002714;FILTRO DE OLEO MOTOR LEVE PARALELA B;MOTOR;6,0;3657,05
PC002715;BATERIA 150AH PESADO ORIGINAL;ELETRICA;2,0;308,95
PC002716;DISCO DE FREIO PESADO PARALELA A;FREIOS;20,0;163,85
PC002717;CILINDRO MESTRE  ORIGINAL;FREIOS;43,0;94,61
PC002718;CHICOTE ELETRICO REFORCADO PARALELA A;ELETRICA;15,0;189,95
PC002719;PARAFUSO DE RODA LEVE PARALELA B;RODAS_PNEUS;92,0;914,33
PC002720;RADIADOR COMPLETO LEVE ORIGINAL;ARREFECIMENTO;23,0;343,87
PC002721;FILTRO DE OLEO CAMBIO PESADO PARALELA B;FILTROS;29,0;62,91
PC002722;ESPELHO RETROVISOR PESADO PARALELA B;CARROCERIA;77,0;847,22
PC002723;RODA DE ACO ARO 22 LEVE PARALELA B;RODAS_PNEUS;2,0;1046,77
PC002724;VIDRO LATERAL  PARALELA A;CARROCERIA;29,0;639,8
PC002725;MANGOTE PNEUMATICO PESADO REMANUFATURADO;ARTICULACAO_5RODA;4,0;743,22
PC002726;PARA-BRISA LEVE REMANUFATURADO;CARROCERIA;5,0;359,56
PC002727;AMORTECEDOR DIANTEIRO PESADO PARALELA B;SUSPENSAO;5,0;1167,25
PC002728;FILTRO DE COMBUSTIVEL STD ORIGINAL;FILTROS;30,0;25,63
PC002729;FILTRO DE AR MOTOR LEVE PARALELA B;FILTROS;2,0;46,35
PC002730;VALVULA TERMOSTATICA LEVE ORIGINAL;ARREFECIMENTO;37,0;366,17
PC002731;CAMARA DE AR  PARALELA A;RODAS_PNEUS;11,0;86,82
PC002732;FEIXE DE MOLA PESADO REMANUFATURADO;SUSPENSAO;129,0;742,1
PC002733;CORREIA DENTADA PESADO PARALELA B;MOTOR;13,0;5443,22
PC002734;ROLAMENTO DE RODA PESADO ORIGINAL;RODAS_PNEUS;27,0;1748,54
PC002735;SINCRONIZADOR STD PARALELA A;TRANSMISSAO;145,0;927,23
PC002736;BOLSA DE AR SUSPENSAO LEVE ORIGINAL;SUSPENSAO;143,0;579,86
PC002737;MANGUEIRA DE FREIO AR LEVE ORIGINAL;FREIOS;3,0;262,25
PC002738;FILTRO SEPARADOR AGUA  ORIGINAL;FILTROS;21,0;78,02
PC002739;LONA DE FREIO STD ORIGINAL;FREIOS;33,0;174,0
PC002740;CRUZETA CARDAN  PARALELA A;TRANSMISSAO;47,0;7501,97
PC002741;PARA-CHOQUE DIANTEIRO  REMANUFATURADO;CARROCERIA;2,0;336,16
PC002742;VALVULA DE FREIO STD ORIGINAL;FREIOS;3,0;140,49
PC002743;FAROL DIANTEIRO LED STD PARALELA A;ELETRICA;13,0;650,56
PC002744;BARRA ESTABILIZADORA REFORCADO ORIGINAL;SUSPENSAO;13,0;1044,77
PC002745;AMORTECEDOR TRASEIRO  REMANUFATURADO;SUSPENSAO;35,0;471,79
PC002746;FILTRO DE CABINE REFORCADO PARALELA A;FILTROS;11,0;68,6
PC002747;ENGATE DE REBOQUE LEVE PARALELA A;ARTICULACAO_5RODA;2,0;1534,97
PC002748;DISCO DE EMBREAGEM LEVE PARALELA A;TRANSMISSAO;3,0;7097,17
PC002749;SAPATA DE FREIO  ORIGINAL;FREIOS;21,0;273,61
PC002750;BICO INJETOR STD REMANUFATURADO;MOTOR;57,0;4318,13
PC002751;BUCHA DE MOLA REFORCADO ORIGINAL;SUSPENSAO;3,0;900,21
PC002752;VENTOINHA LEVE PARALELA B;ARREFECIMENTO;25,0;535,38
PC002753;CAMISA DE CILINDRO PESADO PARALELA A;MOTOR;6,0;5097,87
PC002754;BOMBA INJETORA  REMANUFATURADO;MOTOR;21,0;2323,31
PC002755;TAMBOR DE FREIO PESADO ORIGINAL;FREIOS;18,0;133,57
PC002756;ROLAMENTO DE EMBREAGEM STD PARALELA B;TRANSMISSAO;3,0;6908,62
PC002757;PINO REI  ORIGINAL;ARTICULACAO_5RODA;35,0;1116,96
PC002758;PARA-LAMA LEVE ORIGINAL;CARROCERIA;32,0;563,81
PC002759;VALVULA DE ADMISSAO REFORCADO ORIGINAL;MOTOR;1,0;382,12
PC002760;PNEU RADIAL 295/80 PESADO PARALELA B;RODAS_PNEUS;7,0;848,59
PC002761;MACANETA DE PORTA PESADO PARALELA A;CARROCERIA;136,0;419,88
PC002762;CUBO DE RODA LEVE REMANUFATURADO;RODAS_PNEUS;7,0;1339,96
PC002763;BOMBA D AGUA LEVE PARALELA A;ARREFECIMENTO;10,0;886,9
PC002764;PASTILHA DE FREIO  ORIGINAL;FREIOS;11,0;108,31
PC002765;CAIXA DE CAMBIO COMPLETA PESADO ORIGINAL;TRANSMISSAO;1,0;4983,51
PC002766;ALTERNADOR  REMANUFATURADO;ELETRICA;1,0;71,68
PC002767;LANTERNA TRASEIRA PESADO PARALELA A;ELETRICA;11,0;51,44
PC002768;MOTOR DE PARTIDA PESADO PARALELA A;ELETRICA;15,0;128,54
PC002769;JUNTA DE CABECOTE  REMANUFATURADO;MOTOR;20,0;1247,13
PC002771;RESERVATORIO EXPANSAO REFORCADO REMANUFATURADO;ARREFECIMENTO;12,0;784,8
PC002772;TURBO COMPRESSOR  PARALELA A;MOTOR;108,0;493,29
PC002773;MANGUEIRA RADIADOR LEVE REMANUFATURADO;ARREFECIMENTO;53,0;463,28
PC002774;PINO MESTRE REFORCADO PARALELA A;SUSPENSAO;40,0;941,31
PC002775;QUINTA RODA COMPLETA STD ORIGINAL;ARTICULACAO_5RODA;3,0;1161,21
PC002776;EIXO CARDAN REFORCADO PARALELA A;TRANSMISSAO;18,0;343,93
PC002777;PLATO DE EMBREAGEM  PARALELA B;TRANSMISSAO;2,0;5758,51
PC002778;FILTRO DE OLEO MOTOR STD PARALELA B;MOTOR;52,0;1153,34
PC002779;BATERIA 150AH REFORCADO PARALELA A;ELETRICA;33,0;261,93
PC002780;DISCO DE FREIO REFORCADO ORIGINAL;FREIOS;4,0;231,43
PC002781;CILINDRO MESTRE STD ORIGINAL;FREIOS;3,0;161,48
PC002782;CHICOTE ELETRICO  ORIGINAL;ELETRICA;1,0;591,33
PC002783;PARAFUSO DE RODA STD REMANUFATURADO;RODAS_PNEUS;10,0;657,6
PC002784;RADIADOR COMPLETO  REMANUFATURADO;ARREFECIMENTO;3,0;198,61
PC002785;FILTRO DE OLEO CAMBIO LEVE ORIGINAL;FILTROS;13,0;27,54
PC002786;ESPELHO RETROVISOR REFORCADO ORIGINAL;CARROCERIA;2,0;48,64
PC002787;RODA DE ACO ARO 22 PESADO ORIGINAL;RODAS_PNEUS;8,0;1557,51
PC002788;VIDRO LATERAL  REMANUFATURADO;CARROCERIA;185,0;89,8
PC002789;MANGOTE PNEUMATICO  ORIGINAL;ARTICULACAO_5RODA;4,0;1334,29
PC002790;PARA-BRISA LEVE ORIGINAL;CARROCERIA;11,0;961,16
PC002791;AMORTECEDOR DIANTEIRO REFORCADO ORIGINAL;SUSPENSAO;131,0;747,91
PC002792;FILTRO DE COMBUSTIVEL PESADO PARALELA B;FILTROS;68,0;45,78
PC002793;FILTRO DE AR MOTOR STD PARALELA B;FILTROS;12,0;42,05
PC002794;VALVULA TERMOSTATICA  REMANUFATURADO;ARREFECIMENTO;5,0;314,8
PC002795;CAMARA DE AR PESADO REMANUFATURADO;RODAS_PNEUS;4,0;953,11
PC002796;FEIXE DE MOLA STD ORIGINAL;SUSPENSAO;27,0;129,42
PC002797;CORREIA DENTADA  PARALELA A;MOTOR;23,0;1676,01
PC002798;ROLAMENTO DE RODA PESADO PARALELA A;RODAS_PNEUS;18,0;909,63
PC002799;SINCRONIZADOR PESADO PARALELA A;TRANSMISSAO;23,0;3216,38
PC002800;BOLSA DE AR SUSPENSAO  REMANUFATURADO;SUSPENSAO;6,0;990,48
PC002801;MANGUEIRA DE FREIO AR LEVE ORIGINAL;FREIOS;4,0;111,66
PC002802;FILTRO SEPARADOR AGUA LEVE PARALELA B;FILTROS;5,0;111,36
PC002803;LONA DE FREIO LEVE PARALELA A;FREIOS;13,0;153,96
PC002804;CRUZETA CARDAN  PARALELA A;TRANSMISSAO;11,0;3174,22
PC002805;PARA-CHOQUE DIANTEIRO LEVE PARALELA B;CARROCERIA;30,0;793,48
PC002806;VALVULA DE FREIO LEVE PARALELA B;FREIOS;1,0;235,41
PC002807;FAROL DIANTEIRO LED LEVE ORIGINAL;ELETRICA;9,0;261,24
PC002808;BARRA ESTABILIZADORA REFORCADO ORIGINAL;SUSPENSAO;21,0;566,25
PC002809;AMORTECEDOR TRASEIRO LEVE REMANUFATURADO;SUSPENSAO;15,0;143,84
PC002810;FILTRO DE CABINE PESADO PARALELA B;FILTROS;20,0;58,49
PC002811;ENGATE DE REBOQUE PESADO PARALELA B;ARTICULACAO_5RODA;26,0;1270,14
PC002812;DISCO DE EMBREAGEM STD PARALELA A;TRANSMISSAO;9,0;3470,94
PC002814;BICO INJETOR LEVE PARALELA B;MOTOR;1,0;5362,31
PC002815;BUCHA DE MOLA REFORCADO ORIGINAL;SUSPENSAO;18,0;247,9
PC002816;VENTOINHA PESADO PARALELA A;ARREFECIMENTO;2,0;133,6
PC002817;CAMISA DE CILINDRO STD PARALELA A;MOTOR;419,0;2994,94
PC002818;BOMBA INJETORA REFORCADO PARALELA A;MOTOR;93,0;2198,9
PC002819;TAMBOR DE FREIO LEVE PARALELA B;FREIOS;21,0;84,9
PC002820;ROLAMENTO DE EMBREAGEM  PARALELA A;TRANSMISSAO;1,0;5332,41
PC002821;PINO REI STD ORIGINAL;ARTICULACAO_5RODA;42,0;2044,1
PC002823;VALVULA DE ADMISSAO LEVE ORIGINAL;MOTOR;70,0;4197,79
PC002824;PNEU RADIAL 295/80 STD PARALELA A;RODAS_PNEUS;38,0;1116,41
PC002825;MACANETA DE PORTA REFORCADO PARALELA B;CARROCERIA;41,0;105,94
PC002826;CUBO DE RODA PESADO PARALELA B;RODAS_PNEUS;7,0;398,37
PC002827;BOMBA D AGUA REFORCADO REMANUFATURADO;ARREFECIMENTO;15,0;913,06
PC002828;PASTILHA DE FREIO REFORCADO ORIGINAL;FREIOS;3,0;57,03
PC002829;CAIXA DE CAMBIO COMPLETA LEVE ORIGINAL;TRANSMISSAO;9,0;6241,94
PC002830;ALTERNADOR  ORIGINAL;ELETRICA;208,0;471,36
PC002831;LANTERNA TRASEIRA STD PARALELA A;ELETRICA;129,0;1395,98
PC002832;MOTOR DE PARTIDA STD REMANUFATURADO;ELETRICA;3,0;128,09
PC002833;JUNTA DE CABECOTE  PARALELA B;MOTOR;73,0;3216,33
PC002834;SENSOR ABS LEVE PARALELA A;ELETRICA;16,0;494,82
PC002835;RESERVATORIO EXPANSAO LEVE ORIGINAL;ARREFECIMENTO;115,0;609,96
PC002836;TURBO COMPRESSOR STD PARALELA B;MOTOR;154,0;4052,95
PC002837;MANGUEIRA RADIADOR STD PARALELA A;ARREFECIMENTO;24,0;121,16
PC002838;PINO MESTRE REFORCADO PARALELA A;SUSPENSAO;26,0;780,46
PC002839;QUINTA RODA COMPLETA PESADO ORIGINAL;ARTICULACAO_5RODA;33,0;442,25
PC002840;EIXO CARDAN PESADO ORIGINAL;TRANSMISSAO;6,0;4372,2
PC002842;FILTRO DE OLEO MOTOR PESADO PARALELA B;MOTOR;45,0;4646,02
PC002843;BATERIA 150AH STD PARALELA A;ELETRICA;35,0;327,61
PC002844;DISCO DE FREIO STD ORIGINAL;FREIOS;5,0;136,58
PC002845;CILINDRO MESTRE REFORCADO ORIGINAL;FREIOS;2,0;366,02
PC002847;PARAFUSO DE RODA REFORCADO ORIGINAL;RODAS_PNEUS;7,0;963,36
PC002848;RADIADOR COMPLETO STD REMANUFATURADO;ARREFECIMENTO;53,0;634,13
PC002849;FILTRO DE OLEO CAMBIO STD REMANUFATURADO;FILTROS;3,0;63,4
PC002850;ESPELHO RETROVISOR  PARALELA A;CARROCERIA;15,0;549,11
PC002851;RODA DE ACO ARO 22 STD PARALELA B;RODAS_PNEUS;11,0;457,18
PC002852;VIDRO LATERAL  PARALELA A;CARROCERIA;18,0;446,57
PC002853;MANGOTE PNEUMATICO  ORIGINAL;ARTICULACAO_5RODA;1,0;2623,01
PC002854;PARA-BRISA REFORCADO PARALELA B;CARROCERIA;1,0;627,61
PC002855;AMORTECEDOR DIANTEIRO PESADO REMANUFATURADO;SUSPENSAO;42,0;372,67
PC002856;FILTRO DE COMBUSTIVEL PESADO ORIGINAL;FILTROS;8,0;44,84
PC002857;FILTRO DE AR MOTOR REFORCADO PARALELA A;FILTROS;1,0;86,5
PC002858;VALVULA TERMOSTATICA PESADO ORIGINAL;ARREFECIMENTO;19,0;369,17
PC002859;CAMARA DE AR REFORCADO PARALELA B;RODAS_PNEUS;108,0;639,78
PC002861;CORREIA DENTADA PESADO PARALELA A;MOTOR;17,0;812,47
PC002862;ROLAMENTO DE RODA REFORCADO ORIGINAL;RODAS_PNEUS;41,0;105,09
PC002863;SINCRONIZADOR  ORIGINAL;TRANSMISSAO;3,0;2863,25
PC002864;BOLSA DE AR SUSPENSAO REFORCADO ORIGINAL;SUSPENSAO;3,0;1213,49
PC002865;MANGUEIRA DE FREIO AR  ORIGINAL;FREIOS;9,0;129,38
PC002866;FILTRO SEPARADOR AGUA STD PARALELA A;FILTROS;2,0;117,87
PC002868;CRUZETA CARDAN LEVE ORIGINAL;TRANSMISSAO;18,0;7562,3
PC002869;PARA-CHOQUE DIANTEIRO STD PARALELA A;CARROCERIA;10,0;716,49
PC002871;FAROL DIANTEIRO LED PESADO ORIGINAL;ELETRICA;8,0;1019,55
PC002872;BARRA ESTABILIZADORA PESADO PARALELA A;SUSPENSAO;9,0;756,03
PC002873;AMORTECEDOR TRASEIRO PESADO REMANUFATURADO;SUSPENSAO;6,0;306,28
PC002875;ENGATE DE REBOQUE  ORIGINAL;ARTICULACAO_5RODA;64,0;2164,06
PC002876;DISCO DE EMBREAGEM REFORCADO REMANUFATURADO;TRANSMISSAO;8,0;1250,86
PC002877;SAPATA DE FREIO STD PARALELA A;FREIOS;3,0;107,91
PC002878;BICO INJETOR LEVE PARALELA A;MOTOR;15,0;2209,03
PC002879;BUCHA DE MOLA LEVE PARALELA A;SUSPENSAO;5,0;407,05
PC002880;VENTOINHA STD ORIGINAL;ARREFECIMENTO;55,0;131,24
PC002881;CAMISA DE CILINDRO PESADO ORIGINAL;MOTOR;7,0;4669,23
PC002882;BOMBA INJETORA PESADO ORIGINAL;MOTOR;1,0;1995,5
PC002883;TAMBOR DE FREIO  REMANUFATURADO;FREIOS;31,0;270,97
PC002884;ROLAMENTO DE EMBREAGEM STD REMANUFATURADO;TRANSMISSAO;1,0;5429,74
PC002885;PINO REI REFORCADO ORIGINAL;ARTICULACAO_5RODA;15,0;1781,08
PC002887;VALVULA DE ADMISSAO LEVE ORIGINAL;MOTOR;1,0;316,24
PC002888;PNEU RADIAL 295/80  PARALELA B;RODAS_PNEUS;26,0;1796,91
PC002889;MACANETA DE PORTA PESADO PARALELA B;CARROCERIA;23,0;273,64
PC002890;CUBO DE RODA REFORCADO PARALELA A;RODAS_PNEUS;46,0;1796,11
PC002891;BOMBA D AGUA PESADO PARALELA A;ARREFECIMENTO;115,0;156,66
PC002892;PASTILHA DE FREIO REFORCADO ORIGINAL;FREIOS;2,0;165,69
PC002893;CAIXA DE CAMBIO COMPLETA PESADO ORIGINAL;TRANSMISSAO;100,0;3365,64
PC002894;ALTERNADOR STD PARALELA B;ELETRICA;7,0;103,62
PC002895;LANTERNA TRASEIRA STD PARALELA A;ELETRICA;3,0;597,69
PC002896;MOTOR DE PARTIDA LEVE PARALELA A;ELETRICA;94,0;1445,56
PC002897;JUNTA DE CABECOTE LEVE ORIGINAL;MOTOR;5,0;288,46
PC002898;SENSOR ABS STD PARALELA A;ELETRICA;118,0;1118,69
PC002899;RESERVATORIO EXPANSAO LEVE ORIGINAL;ARREFECIMENTO;23,0;495,46
PC002900;TURBO COMPRESSOR  PARALELA B;MOTOR;14,0;5565,02
PC002901;MANGUEIRA RADIADOR  ORIGINAL;ARREFECIMENTO;55,0;364,87
PC002902;PINO MESTRE PESADO ORIGINAL;SUSPENSAO;128,0;545,27
PC002903;QUINTA RODA COMPLETA STD PARALELA A;ARTICULACAO_5RODA;64,0;1034,2
PC002904;EIXO CARDAN LEVE ORIGINAL;TRANSMISSAO;27,0;4265,63
PC002905;PLATO DE EMBREAGEM LEVE PARALELA B;TRANSMISSAO;49,0;2581,4
PC002906;FILTRO DE OLEO MOTOR  PARALELA A;MOTOR;67,0;4004,34
PC002907;BATERIA 150AH PESADO REMANUFATURADO;ELETRICA;56,0;402,64
PC002908;DISCO DE FREIO REFORCADO ORIGINAL;FREIOS;15,0;360,05
PC002909;CILINDRO MESTRE  PARALELA B;FREIOS;3,0;326,15
PC002910;CHICOTE ELETRICO  PARALELA A;ELETRICA;15,0;866,88
PC002911;PARAFUSO DE RODA LEVE PARALELA B;RODAS_PNEUS;10,0;277,24
PC002912;RADIADOR COMPLETO REFORCADO ORIGINAL;ARREFECIMENTO;10,0;364,78
PC002913;FILTRO DE OLEO CAMBIO STD PARALELA A;FILTROS;30,0;22,02
PC002914;ESPELHO RETROVISOR LEVE PARALELA B;CARROCERIA;6,0;290,21
PC002915;RODA DE ACO ARO 22 STD ORIGINAL;RODAS_PNEUS;109,0;1913,63
PC002916;VIDRO LATERAL STD PARALELA A;CARROCERIA;71,0;409,03
PC002917;MANGOTE PNEUMATICO REFORCADO PARALELA B;ARTICULACAO_5RODA;13,0;1653,67
PC002918;PARA-BRISA  PARALELA B;CARROCERIA;5,0;1021,83
PC002919;AMORTECEDOR DIANTEIRO STD ORIGINAL;SUSPENSAO;37,0;1094,36
PC002920;FILTRO DE COMBUSTIVEL STD PARALELA A;FILTROS;14,0;16,28
PC002921;FILTRO DE AR MOTOR STD PARALELA B;FILTROS;6,0;21,43
PC002922;VALVULA TERMOSTATICA REFORCADO PARALELA B;ARREFECIMENTO;109,0;826,87
PC002923;CAMARA DE AR REFORCADO ORIGINAL;RODAS_PNEUS;199,0;1234,53
PC002924;FEIXE DE MOLA LEVE PARALELA A;SUSPENSAO;71,0;669,46
PC002925;CORREIA DENTADA REFORCADO PARALELA A;MOTOR;6,0;3075,95
PC002926;ROLAMENTO DE RODA PESADO ORIGINAL;RODAS_PNEUS;1,0;680,71
PC002927;SINCRONIZADOR  ORIGINAL;TRANSMISSAO;25,0;2271,28
PC002928;BOLSA DE AR SUSPENSAO REFORCADO REMANUFATURADO;SUSPENSAO;0,0;1139,86
PC002929;MANGUEIRA DE FREIO AR STD PARALELA B;FREIOS;3,0;321,83
PC002930;FILTRO SEPARADOR AGUA LEVE ORIGINAL;FILTROS;8,0;44,62
PC002931;LONA DE FREIO PESADO PARALELA A;FREIOS;4,0;134,84
PC002932;CRUZETA CARDAN REFORCADO REMANUFATURADO;TRANSMISSAO;27,0;3747,97
PC002933;PARA-CHOQUE DIANTEIRO LEVE REMANUFATURADO;CARROCERIA;28,0;241,77
PC002934;VALVULA DE FREIO STD ORIGINAL;FREIOS;55,0;292,36
PC002935;FAROL DIANTEIRO LED PESADO REMANUFATURADO;ELETRICA;20,0;1066,69
PC002936;BARRA ESTABILIZADORA  ORIGINAL;SUSPENSAO;6,0;861,89
PC002937;AMORTECEDOR TRASEIRO REFORCADO REMANUFATURADO;SUSPENSAO;13,0;948,65
PC002938;FILTRO DE CABINE LEVE PARALELA B;FILTROS;9,0;83,55
PC002939;ENGATE DE REBOQUE LEVE PARALELA B;ARTICULACAO_5RODA;8,0;806,93
PC002940;DISCO DE EMBREAGEM REFORCADO ORIGINAL;TRANSMISSAO;4,0;3418,86
PC002941;SAPATA DE FREIO STD ORIGINAL;FREIOS;10,0;271,62
PC002942;BICO INJETOR PESADO PARALELA A;MOTOR;3,0;4584,1
PC002944;VENTOINHA  ORIGINAL;ARREFECIMENTO;7,0;796,47
PC002945;CAMISA DE CILINDRO PESADO ORIGINAL;MOTOR;0,0;4154,69
PC002946;BOMBA INJETORA  PARALELA B;MOTOR;3,0;1151,06
PC002947;TAMBOR DE FREIO REFORCADO REMANUFATURADO;FREIOS;28,0;268,97
PC002948;ROLAMENTO DE EMBREAGEM REFORCADO ORIGINAL;TRANSMISSAO;133,0;1800,9
PC002949;PINO REI REFORCADO PARALELA A;ARTICULACAO_5RODA;2,0;2999,73
PC002950;PARA-LAMA  PARALELA A;CARROCERIA;6,0;465,26
PC002951;VALVULA DE ADMISSAO REFORCADO PARALELA B;MOTOR;15,0;3928,08
PC002952;PNEU RADIAL 295/80 STD ORIGINAL;RODAS_PNEUS;6,0;686,8
PC002953;MACANETA DE PORTA LEVE REMANUFATURADO;CARROCERIA;62,0;419,54
PC002954;CUBO DE RODA STD REMANUFATURADO;RODAS_PNEUS;11,0;1244,22
PC002955;BOMBA D AGUA  PARALELA A;ARREFECIMENTO;1,0;484,69
PC002956;PASTILHA DE FREIO  ORIGINAL;FREIOS;9,0;151,75
PC002957;CAIXA DE CAMBIO COMPLETA REFORCADO REMANUFATURADO;TRANSMISSAO;35,0;5486,52
PC002958;ALTERNADOR LEVE PARALELA B;ELETRICA;117,0;54,01
PC002959;LANTERNA TRASEIRA LEVE PARALELA A;ELETRICA;0,0;1430,92
PC002960;MOTOR DE PARTIDA REFORCADO ORIGINAL;ELETRICA;10,0;390,52
PC002961;JUNTA DE CABECOTE LEVE ORIGINAL;MOTOR;48,0;1270,52
PC002962;SENSOR ABS LEVE PARALELA B;ELETRICA;7,0;852,48
PC002963;RESERVATORIO EXPANSAO  PARALELA B;ARREFECIMENTO;32,0;533,01
PC002964;TURBO COMPRESSOR  PARALELA A;MOTOR;20,0;4871,27
PC002965;MANGUEIRA RADIADOR  PARALELA A;ARREFECIMENTO;7,0;598,98
PC002966;PINO MESTRE LEVE PARALELA A;SUSPENSAO;6,0;470,43
PC002967;QUINTA RODA COMPLETA REFORCADO ORIGINAL;ARTICULACAO_5RODA;5,0;3193,79
PC002968;EIXO CARDAN  PARALELA A;TRANSMISSAO;5,0;6464,03
PC002969;PLATO DE EMBREAGEM LEVE PARALELA A;TRANSMISSAO;1,0;2833,79
PC002970;FILTRO DE OLEO MOTOR REFORCADO ORIGINAL;MOTOR;16,0;912,07
PC002971;BATERIA 150AH LEVE PARALELA A;ELETRICA;9,0;991,68
PC002972;DISCO DE FREIO  PARALELA A;FREIOS;117,0;325,68
PC002973;CILINDRO MESTRE STD ORIGINAL;FREIOS;13,0;291,33
PC002974;CHICOTE ELETRICO  PARALELA A;ELETRICA;27,0;80,34
PC002975;PARAFUSO DE RODA LEVE REMANUFATURADO;RODAS_PNEUS;61,0;1457,57
PC002976;RADIADOR COMPLETO STD REMANUFATURADO;ARREFECIMENTO;4,0;290,99
PC002977;FILTRO DE OLEO CAMBIO REFORCADO ORIGINAL;FILTROS;22,0;94,46
PC002978;ESPELHO RETROVISOR STD ORIGINAL;CARROCERIA;6,0;874,52
PC002979;RODA DE ACO ARO 22 LEVE PARALELA A;RODAS_PNEUS;66,0;1406,28
PC002980;VIDRO LATERAL PESADO PARALELA B;CARROCERIA;32,0;247,57
PC002981;MANGOTE PNEUMATICO PESADO ORIGINAL;ARTICULACAO_5RODA;96,0;1393,56
PC002982;PARA-BRISA REFORCADO PARALELA A;CARROCERIA;16,0;816,54
PC002983;AMORTECEDOR DIANTEIRO REFORCADO REMANUFATURADO;SUSPENSAO;3,0;1069,47
PC002984;FILTRO DE COMBUSTIVEL STD PARALELA B;FILTROS;25,0;26,09
PC002985;FILTRO DE AR MOTOR REFORCADO REMANUFATURADO;FILTROS;1,0;79,8
PC002986;VALVULA TERMOSTATICA REFORCADO PARALELA A;ARREFECIMENTO;47,0;496,35
PC002987;CAMARA DE AR REFORCADO ORIGINAL;RODAS_PNEUS;1,0;431,45
PC002988;FEIXE DE MOLA LEVE PARALELA B;SUSPENSAO;10,0;176,11
PC002989;CORREIA DENTADA REFORCADO PARALELA A;MOTOR;26,0;2610,97
PC002990;ROLAMENTO DE RODA STD ORIGINAL;RODAS_PNEUS;8,0;110,87
PC002991;SINCRONIZADOR PESADO REMANUFATURADO;TRANSMISSAO;6,0;2062,7
PC002992;BOLSA DE AR SUSPENSAO PESADO PARALELA A;SUSPENSAO;5,0;349,6
PC002994;FILTRO SEPARADOR AGUA STD ORIGINAL;FILTROS;1,0;36,26
PC002995;LONA DE FREIO REFORCADO ORIGINAL;FREIOS;45,0;418,58
PC002996;CRUZETA CARDAN STD ORIGINAL;TRANSMISSAO;140,0;1695,59
PC002997;PARA-CHOQUE DIANTEIRO REFORCADO PARALELA A;CARROCERIA;42,0;136,64
PC002998;VALVULA DE FREIO PESADO PARALELA A;FREIOS;9,0;241,76
PC002999;FAROL DIANTEIRO LED STD PARALELA B;ELETRICA;28,0;1255,93
PC003000;BARRA ESTABILIZADORA REFORCADO ORIGINAL;SUSPENSAO;334,0;1181,79
PC003001;AMORTECEDOR TRASEIRO STD PARALELA B;SUSPENSAO;2,0;916,63
PC003002;FILTRO DE CABINE REFORCADO ORIGINAL;FILTROS;24,0;61,86
PC003003;ENGATE DE REBOQUE  PARALELA A;ARTICULACAO_5RODA;47,0;2379,26
PC003004;DISCO DE EMBREAGEM  PARALELA A;TRANSMISSAO;145,0;5112,11
PC003005;SAPATA DE FREIO STD PARALELA A;FREIOS;5,0;226,75
PC003006;BICO INJETOR REFORCADO ORIGINAL;MOTOR;83,0;1434,95
PC003007;BUCHA DE MOLA STD PARALELA A;SUSPENSAO;47,0;551,61
PC003008;VENTOINHA PESADO ORIGINAL;ARREFECIMENTO;5,0;365,87
PC003009;CAMISA DE CILINDRO  REMANUFATURADO;MOTOR;4,0;464,07
PC003011;TAMBOR DE FREIO LEVE PARALELA B;FREIOS;58,0;322,87
PC003012;ROLAMENTO DE EMBREAGEM PESADO ORIGINAL;TRANSMISSAO;16,0;8474,19
PC003013;PINO REI LEVE PARALELA A;ARTICULACAO_5RODA;66,0;550,58
PC003014;PARA-LAMA  PARALELA A;CARROCERIA;51,0;624,94
PC003015;VALVULA DE ADMISSAO  REMANUFATURADO;MOTOR;1,0;4583,55
PC003016;PNEU RADIAL 295/80 PESADO ORIGINAL;RODAS_PNEUS;93,0;382,9
PC003017;MACANETA DE PORTA STD ORIGINAL;CARROCERIA;1,0;602,89
PC003018;CUBO DE RODA STD PARALELA A;RODAS_PNEUS;12,0;78,28
PC003019;BOMBA D AGUA PESADO PARALELA B;ARREFECIMENTO;240,0;540,14
PC003020;PASTILHA DE FREIO  PARALELA A;FREIOS;15,0;86,75
PC003021;CAIXA DE CAMBIO COMPLETA LEVE PARALELA A;TRANSMISSAO;7,0;1955,93
PC003022;ALTERNADOR LEVE PARALELA A;ELETRICA;7,0;385,22
PC003023;LANTERNA TRASEIRA LEVE PARALELA B;ELETRICA;56,0;954,52
PC003024;MOTOR DE PARTIDA REFORCADO ORIGINAL;ELETRICA;3,0;505,6
PC003025;JUNTA DE CABECOTE STD PARALELA B;MOTOR;15,0;204,75
PC003026;SENSOR ABS LEVE PARALELA B;ELETRICA;175,0;466,01
PC003027;RESERVATORIO EXPANSAO REFORCADO PARALELA B;ARREFECIMENTO;6,0;654,85
PC003028;TURBO COMPRESSOR PESADO PARALELA A;MOTOR;7,0;2387,5
PC003029;MANGUEIRA RADIADOR  PARALELA B;ARREFECIMENTO;13,0;183,0
PC003030;PINO MESTRE LEVE PARALELA A;SUSPENSAO;42,0;533,09
PC003031;QUINTA RODA COMPLETA LEVE PARALELA A;ARTICULACAO_5RODA;10,0;578,28
PC003032;EIXO CARDAN REFORCADO REMANUFATURADO;TRANSMISSAO;43,0;4149,12
PC003033;PLATO DE EMBREAGEM PESADO ORIGINAL;TRANSMISSAO;6,0;4706,3
PC003034;FILTRO DE OLEO MOTOR REFORCADO PARALELA A;MOTOR;31,0;3984,41
PC003035;BATERIA 150AH PESADO ORIGINAL;ELETRICA;6,0;1067,1
PC003036;DISCO DE FREIO  PARALELA B;FREIOS;154,0;280,42
PC003037;CILINDRO MESTRE PESADO PARALELA A;FREIOS;24,0;378,17
PC003038;CHICOTE ELETRICO LEVE ORIGINAL;ELETRICA;27,0;455,74
PC003039;PARAFUSO DE RODA  PARALELA B;RODAS_PNEUS;63,0;1328,91
PC003041;FILTRO DE OLEO CAMBIO LEVE REMANUFATURADO;FILTROS;11,0;108,86
PC003042;ESPELHO RETROVISOR  PARALELA A;CARROCERIA;15,0;524,05
PC003043;RODA DE ACO ARO 22 STD ORIGINAL;RODAS_PNEUS;2,0;1248,76
PC003044;VIDRO LATERAL REFORCADO PARALELA B;CARROCERIA;77,0;221,85
PC003045;MANGOTE PNEUMATICO STD PARALELA B;ARTICULACAO_5RODA;34,0;729,02
PC003046;PARA-BRISA LEVE REMANUFATURADO;CARROCERIA;3,0;123,37
PC003047;AMORTECEDOR DIANTEIRO PESADO PARALELA B;SUSPENSAO;37,0;416,03
PC003048;FILTRO DE COMBUSTIVEL REFORCADO PARALELA A;FILTROS;91,0;43,91
PC003049;FILTRO DE AR MOTOR  PARALELA A;FILTROS;23,0;36,45
PC003050;VALVULA TERMOSTATICA PESADO PARALELA A;ARREFECIMENTO;10,0;741,34
PC003051;CAMARA DE AR LEVE PARALELA A;RODAS_PNEUS;10,0;138,33
PC003052;FEIXE DE MOLA REFORCADO PARALELA B;SUSPENSAO;26,0;445,75
PC003053;CORREIA DENTADA LEVE ORIGINAL;MOTOR;26,0;3724,77
PC003054;ROLAMENTO DE RODA REFORCADO ORIGINAL;RODAS_PNEUS;80,0;743,69
PC003055;SINCRONIZADOR STD ORIGINAL;TRANSMISSAO;116,0;7204,26
PC003056;BOLSA DE AR SUSPENSAO REFORCADO PARALELA B;SUSPENSAO;0,0;184,29
PC003057;MANGUEIRA DE FREIO AR STD ORIGINAL;FREIOS;26,0;105,23
PC003058;FILTRO SEPARADOR AGUA  ORIGINAL;FILTROS;10,0;69,34
PC003059;LONA DE FREIO  PARALELA A;FREIOS;68,0;391,7
PC003060;CRUZETA CARDAN REFORCADO ORIGINAL;TRANSMISSAO;19,0;421,71
PC003061;PARA-CHOQUE DIANTEIRO LEVE ORIGINAL;CARROCERIA;12,0;305,37
PC003062;VALVULA DE FREIO  PARALELA A;FREIOS;1,0;329,31
PC003063;FAROL DIANTEIRO LED LEVE PARALELA A;ELETRICA;187,0;1134,91
PC003064;BARRA ESTABILIZADORA REFORCADO PARALELA B;SUSPENSAO;17,0;388,12
PC003065;AMORTECEDOR TRASEIRO LEVE ORIGINAL;SUSPENSAO;22,0;239,49
PC003066;FILTRO DE CABINE REFORCADO PARALELA B;FILTROS;8,0;75,56
PC003067;ENGATE DE REBOQUE  PARALELA B;ARTICULACAO_5RODA;17,0;3093,14
PC003068;DISCO DE EMBREAGEM REFORCADO ORIGINAL;TRANSMISSAO;72,0;3124,14
PC003069;SAPATA DE FREIO PESADO ORIGINAL;FREIOS;10,0;73,46
PC003070;BICO INJETOR STD PARALELA B;MOTOR;6,0;563,31
PC003072;VENTOINHA LEVE ORIGINAL;ARREFECIMENTO;11,0;670,04
PC003073;CAMISA DE CILINDRO STD PARALELA B;MOTOR;103,0;775,36
PC003074;BOMBA INJETORA LEVE ORIGINAL;MOTOR;2,0;280,72
PC003075;TAMBOR DE FREIO STD ORIGINAL;FREIOS;16,0;190,26
PC003076;ROLAMENTO DE EMBREAGEM PESADO PARALELA B;TRANSMISSAO;5,0;4504,54
PC003077;PINO REI REFORCADO PARALELA A;ARTICULACAO_5RODA;7,0;1408,94
PC003078;PARA-LAMA PESADO ORIGINAL;CARROCERIA;5,0;62,76
PC003079;VALVULA DE ADMISSAO STD PARALELA A;MOTOR;14,0;4786,08
PC003080;PNEU RADIAL 295/80 LEVE PARALELA B;RODAS_PNEUS;21,0;1951,45
PC003082;CUBO DE RODA PESADO PARALELA A;RODAS_PNEUS;18,0;1404,63
PC003083;BOMBA D AGUA STD ORIGINAL;ARREFECIMENTO;334,0;833,6
PC003084;PASTILHA DE FREIO REFORCADO PARALELA A;FREIOS;1,0;182,14
PC003085;CAIXA DE CAMBIO COMPLETA STD REMANUFATURADO;TRANSMISSAO;5,0;1421,09
PC003086;ALTERNADOR PESADO ORIGINAL;ELETRICA;28,0;738,33
PC003087;LANTERNA TRASEIRA  PARALELA A;ELETRICA;6,0;661,26
PC003088;MOTOR DE PARTIDA REFORCADO PARALELA A;ELETRICA;3,0;1402,69
PC003089;JUNTA DE CABECOTE PESADO ORIGINAL;MOTOR;17,0;4761,6
PC003090;SENSOR ABS PESADO PARALELA B;ELETRICA;10,0;1078,9
PC003091;RESERVATORIO EXPANSAO PESADO REMANUFATURADO;ARREFECIMENTO;204,0;370,12
PC003092;TURBO COMPRESSOR REFORCADO ORIGINAL;MOTOR;8,0;2965,4
PC003093;MANGUEIRA RADIADOR REFORCADO PARALELA B;ARREFECIMENTO;7,0;175,53
PC003094;PINO MESTRE STD ORIGINAL;SUSPENSAO;3,0;579,45
PC003095;QUINTA RODA COMPLETA PESADO PARALELA B;ARTICULACAO_5RODA;10,0;1259,47
PC003096;EIXO CARDAN STD ORIGINAL;TRANSMISSAO;4,0;5837,25
PC003097;PLATO DE EMBREAGEM  ORIGINAL;TRANSMISSAO;1,0;2632,32
PC003098;FILTRO DE OLEO MOTOR PESADO ORIGINAL;MOTOR;41,0;2446,04
PC003099;BATERIA 150AH  ORIGINAL;ELETRICA;1,0;413,46
PC003101;CILINDRO MESTRE  ORIGINAL;FREIOS;120,0;320,4
PC003102;CHICOTE ELETRICO LEVE ORIGINAL;ELETRICA;171,0;756,45
PC003103;PARAFUSO DE RODA LEVE PARALELA B;RODAS_PNEUS;6,0;204,78
PC003104;RADIADOR COMPLETO REFORCADO ORIGINAL;ARREFECIMENTO;2,0;350,37
PC003105;FILTRO DE OLEO CAMBIO PESADO ORIGINAL;FILTROS;73,0;62,68
PC003106;ESPELHO RETROVISOR REFORCADO PARALELA A;CARROCERIA;1,0;798,09
PC003107;RODA DE ACO ARO 22 STD REMANUFATURADO;RODAS_PNEUS;6,0;821,57
PC003108;VIDRO LATERAL  REMANUFATURADO;CARROCERIA;3,0;344,81
PC003109;MANGOTE PNEUMATICO  PARALELA B;ARTICULACAO_5RODA;49,0;1092,18
PC003110;PARA-BRISA  PARALELA B;CARROCERIA;11,0;911,9
PC003111;AMORTECEDOR DIANTEIRO STD REMANUFATURADO;SUSPENSAO;30,0;808,07
PC003112;FILTRO DE COMBUSTIVEL STD PARALELA A;FILTROS;31,0;44,44
PC003113;FILTRO DE AR MOTOR LEVE PARALELA A;FILTROS;3,0;40,63
PC003114;VALVULA TERMOSTATICA STD ORIGINAL;ARREFECIMENTO;5,0;542,89
PC003115;CAMARA DE AR PESADO PARALELA A;RODAS_PNEUS;35,0;292,03
PC003116;FEIXE DE MOLA LEVE ORIGINAL;SUSPENSAO;33,0;423,12
PC003117;CORREIA DENTADA  REMANUFATURADO;MOTOR;344,0;6092,31
PC003118;ROLAMENTO DE RODA  ORIGINAL;RODAS_PNEUS;57,0;592,05
PC003119;SINCRONIZADOR STD ORIGINAL;TRANSMISSAO;292,0;1695,84
PC003120;BOLSA DE AR SUSPENSAO LEVE ORIGINAL;SUSPENSAO;37,0;337,94
PC003121;MANGUEIRA DE FREIO AR  ORIGINAL;FREIOS;2,0;345,39
PC003123;LONA DE FREIO LEVE ORIGINAL;FREIOS;5,0;237,39
PC003124;CRUZETA CARDAN PESADO PARALELA B;TRANSMISSAO;1,0;4916,17
PC003125;PARA-CHOQUE DIANTEIRO PESADO ORIGINAL;CARROCERIA;2,0;793,62
PC003126;VALVULA DE FREIO STD PARALELA A;FREIOS;12,0;167,14
PC003127;FAROL DIANTEIRO LED LEVE ORIGINAL;ELETRICA;1,0;716,83
PC003128;BARRA ESTABILIZADORA STD PARALELA A;SUSPENSAO;3,0;941,55
PC003129;AMORTECEDOR TRASEIRO REFORCADO ORIGINAL;SUSPENSAO;26,0;157,79
PC003130;FILTRO DE CABINE STD PARALELA B;FILTROS;4,0;100,13
PC003131;ENGATE DE REBOQUE  ORIGINAL;ARTICULACAO_5RODA;24,0;2215,95
PC003132;DISCO DE EMBREAGEM  REMANUFATURADO;TRANSMISSAO;31,0;7841,07
PC003133;SAPATA DE FREIO LEVE ORIGINAL;FREIOS;1,0;127,33
PC003134;BICO INJETOR REFORCADO PARALELA A;MOTOR;103,0;2653,09
PC003135;BUCHA DE MOLA REFORCADO PARALELA B;SUSPENSAO;15,0;623,75
PC003136;VENTOINHA LEVE PARALELA B;ARREFECIMENTO;4,0;258,4
PC003137;CAMISA DE CILINDRO PESADO PARALELA A;MOTOR;43,0;3503,13
PC003138;BOMBA INJETORA PESADO REMANUFATURADO;MOTOR;79,0;721,38
PC003139;TAMBOR DE FREIO  REMANUFATURADO;FREIOS;31,0;327,09
PC003140;ROLAMENTO DE EMBREAGEM STD PARALELA B;TRANSMISSAO;3,0;4314,51
PC003141;PINO REI LEVE PARALELA B;ARTICULACAO_5RODA;19,0;2392,95
PC003142;PARA-LAMA  PARALELA A;CARROCERIA;661,0;928,96
PC003145;MACANETA DE PORTA LEVE ORIGINAL;CARROCERIA;15,0;694,42
PC003146;CUBO DE RODA LEVE ORIGINAL;RODAS_PNEUS;2,0;357,79
PC003147;BOMBA D AGUA LEVE PARALELA B;ARREFECIMENTO;1,0;541,32
PC003148;PASTILHA DE FREIO PESADO PARALELA B;FREIOS;5,0;173,88
PC003150;ALTERNADOR PESADO ORIGINAL;ELETRICA;22,0;842,69
PC003151;LANTERNA TRASEIRA REFORCADO ORIGINAL;ELETRICA;51,0;695,72
PC003152;MOTOR DE PARTIDA PESADO PARALELA B;ELETRICA;1,0;659,85
PC003153;JUNTA DE CABECOTE PESADO ORIGINAL;MOTOR;39,0;1717,59
PC003154;SENSOR ABS PESADO ORIGINAL;ELETRICA;15,0;768,79
PC003155;RESERVATORIO EXPANSAO STD REMANUFATURADO;ARREFECIMENTO;51,0;613,7
PC003156;TURBO COMPRESSOR  PARALELA A;MOTOR;8,0;2549,49
PC003157;MANGUEIRA RADIADOR PESADO PARALELA A;ARREFECIMENTO;42,0;541,32
PC003158;PINO MESTRE PESADO ORIGINAL;SUSPENSAO;21,0;1025,7
PC003159;QUINTA RODA COMPLETA LEVE REMANUFATURADO;ARTICULACAO_5RODA;108,0;1613,52
PC003160;EIXO CARDAN  ORIGINAL;TRANSMISSAO;3,0;6707,65
PC003161;PLATO DE EMBREAGEM PESADO ORIGINAL;TRANSMISSAO;2,0;2984,91
PC003162;FILTRO DE OLEO MOTOR PESADO REMANUFATURADO;MOTOR;27,0;1550,89
PC003163;BATERIA 150AH STD ORIGINAL;ELETRICA;17,0;98,14
PC003164;DISCO DE FREIO  ORIGINAL;FREIOS;10,0;166,98
PC003165;CILINDRO MESTRE PESADO ORIGINAL;FREIOS;10,0;212,79
PC003166;CHICOTE ELETRICO PESADO REMANUFATURADO;ELETRICA;62,0;86,54
PC003167;PARAFUSO DE RODA  ORIGINAL;RODAS_PNEUS;1,0;177,87
PC003168;RADIADOR COMPLETO REFORCADO ORIGINAL;ARREFECIMENTO;5,0;682,12
PC003169;FILTRO DE OLEO CAMBIO LEVE ORIGINAL;FILTROS;41,0;29,74
PC003170;ESPELHO RETROVISOR REFORCADO PARALELA B;CARROCERIA;10,0;538,43
PC003171;RODA DE ACO ARO 22 PESADO PARALELA A;RODAS_PNEUS;2,0;376,91
PC003172;VIDRO LATERAL  PARALELA A;CARROCERIA;12,0;239,26
PC003173;MANGOTE PNEUMATICO STD PARALELA B;ARTICULACAO_5RODA;946,0;509,2
PC003174;PARA-BRISA PESADO PARALELA A;CARROCERIA;2,0;48,81
PC003175;AMORTECEDOR DIANTEIRO STD PARALELA A;SUSPENSAO;14,0;203,7
PC003176;FILTRO DE COMBUSTIVEL REFORCADO PARALELA A;FILTROS;1,0;38,38
PC003177;FILTRO DE AR MOTOR PESADO ORIGINAL;FILTROS;22,0;59,38
PC003178;VALVULA TERMOSTATICA LEVE ORIGINAL;ARREFECIMENTO;3,0;572,29
PC003179;CAMARA DE AR REFORCADO PARALELA A;RODAS_PNEUS;43,0;1129,95
PC003180;FEIXE DE MOLA STD REMANUFATURADO;SUSPENSAO;46,0;488,35
PC003181;CORREIA DENTADA PESADO PARALELA A;MOTOR;9,0;2384,59
PC003182;ROLAMENTO DE RODA STD ORIGINAL;RODAS_PNEUS;3,0;966,3
PC003183;SINCRONIZADOR REFORCADO PARALELA A;TRANSMISSAO;1,0;362,84
PC003184;BOLSA DE AR SUSPENSAO PESADO PARALELA B;SUSPENSAO;1,0;317,75
PC003186;FILTRO SEPARADOR AGUA REFORCADO ORIGINAL;FILTROS;13,0;128,35
PC003187;LONA DE FREIO  PARALELA B;FREIOS;4,0;275,03
PC003189;PARA-CHOQUE DIANTEIRO STD REMANUFATURADO;CARROCERIA;5,0;431,36
PC003190;VALVULA DE FREIO REFORCADO PARALELA A;FREIOS;136,0;184,69
PC003191;FAROL DIANTEIRO LED STD REMANUFATURADO;ELETRICA;7,0;827,99
PC003192;BARRA ESTABILIZADORA STD REMANUFATURADO;SUSPENSAO;4,0;158,97
PC003193;AMORTECEDOR TRASEIRO STD PARALELA A;SUSPENSAO;16,0;946,1
PC003194;FILTRO DE CABINE LEVE PARALELA A;FILTROS;9,0;80,99
PC003195;ENGATE DE REBOQUE PESADO ORIGINAL;ARTICULACAO_5RODA;6,0;2406,91
PC003196;DISCO DE EMBREAGEM  PARALELA A;TRANSMISSAO;35,0;4241,18
PC003197;SAPATA DE FREIO STD PARALELA B;FREIOS;17,0;94,66
PC003198;BICO INJETOR REFORCADO REMANUFATURADO;MOTOR;6,0;966,21
PC003199;BUCHA DE MOLA PESADO ORIGINAL;SUSPENSAO;12,0;190,65
PC003200;VENTOINHA REFORCADO REMANUFATURADO;ARREFECIMENTO;8,0;897,15
PC003201;CAMISA DE CILINDRO LEVE PARALELA B;MOTOR;68,0;2320,11
PC003202;BOMBA INJETORA  PARALELA B;MOTOR;62,0;2085,57
PC003204;ROLAMENTO DE EMBREAGEM  ORIGINAL;TRANSMISSAO;5,0;7983,33
PC003205;PINO REI STD PARALELA B;ARTICULACAO_5RODA;71,0;569,06
PC003206;PARA-LAMA PESADO REMANUFATURADO;CARROCERIA;7,0;973,75
PC003207;VALVULA DE ADMISSAO PESADO PARALELA A;MOTOR;7,0;4201,52
PC003208;PNEU RADIAL 295/80 STD PARALELA B;RODAS_PNEUS;1,0;1493,49
PC003209;MACANETA DE PORTA  PARALELA A;CARROCERIA;23,0;763,11
PC003210;CUBO DE RODA  PARALELA B;RODAS_PNEUS;10,0;1128,39
PC003211;BOMBA D AGUA LEVE PARALELA A;ARREFECIMENTO;3,0;312,2
PC003212;PASTILHA DE FREIO STD REMANUFATURADO;FREIOS;68,0;280,3
PC003213;CAIXA DE CAMBIO COMPLETA  PARALELA A;TRANSMISSAO;12,0;3860,7
PC003214;ALTERNADOR  PARALELA B;ELETRICA;3,0;1435,33
PC003215;LANTERNA TRASEIRA LEVE PARALELA B;ELETRICA;100,0;1391,76
PC003216;MOTOR DE PARTIDA REFORCADO REMANUFATURADO;ELETRICA;1,0;1159,9
PC003217;JUNTA DE CABECOTE REFORCADO PARALELA B;MOTOR;13,0;3775,14
PC003218;SENSOR ABS REFORCADO PARALELA B;ELETRICA;4,0;976,55
PC003219;RESERVATORIO EXPANSAO  PARALELA B;ARREFECIMENTO;1,0;217,0
PC003220;TURBO COMPRESSOR LEVE ORIGINAL;MOTOR;14,0;2646,55
PC003221;MANGUEIRA RADIADOR PESADO ORIGINAL;ARREFECIMENTO;6,0;315,71
PC003222;PINO MESTRE STD ORIGINAL;SUSPENSAO;469,0;255,25
PC003223;QUINTA RODA COMPLETA STD ORIGINAL;ARTICULACAO_5RODA;30,0;1757,6
PC003224;EIXO CARDAN REFORCADO ORIGINAL;TRANSMISSAO;14,0;2924,8
PC003225;PLATO DE EMBREAGEM  PARALELA A;TRANSMISSAO;53,0;4306,14
PC003226;FILTRO DE OLEO MOTOR  REMANUFATURADO;MOTOR;27,0;1115,87
PC003227;BATERIA 150AH PESADO PARALELA A;ELETRICA;18,0;583,8
PC003228;DISCO DE FREIO REFORCADO ORIGINAL;FREIOS;1,0;432,37
PC003229;CILINDRO MESTRE REFORCADO REMANUFATURADO;FREIOS;19,0;227,93
PC003230;CHICOTE ELETRICO LEVE ORIGINAL;ELETRICA;119,0;1087,8
PC003231;PARAFUSO DE RODA LEVE ORIGINAL;RODAS_PNEUS;33,0;526,1
PC003233;FILTRO DE OLEO CAMBIO PESADO REMANUFATURADO;FILTROS;1,0;77,64
PC003234;ESPELHO RETROVISOR STD REMANUFATURADO;CARROCERIA;10,0;669,95
PC003235;RODA DE ACO ARO 22 PESADO PARALELA B;RODAS_PNEUS;8,0;1353,36
PC003236;VIDRO LATERAL LEVE PARALELA B;CARROCERIA;4,0;992,09
PC003237;MANGOTE PNEUMATICO STD PARALELA B;ARTICULACAO_5RODA;36,0;847,36
PC003239;AMORTECEDOR DIANTEIRO STD PARALELA A;SUSPENSAO;100,0;1027,68
PC003240;FILTRO DE COMBUSTIVEL  ORIGINAL;FILTROS;78,0;68,69
PC003241;FILTRO DE AR MOTOR LEVE ORIGINAL;FILTROS;9,0;78,4
PC003242;VALVULA TERMOSTATICA PESADO PARALELA A;ARREFECIMENTO;1,0;518,46
PC003243;CAMARA DE AR LEVE ORIGINAL;RODAS_PNEUS;5,0;1399,89
PC003244;FEIXE DE MOLA  REMANUFATURADO;SUSPENSAO;82,0;824,23
PC003245;CORREIA DENTADA PESADO PARALELA B;MOTOR;1,0;3682,56
PC003246;ROLAMENTO DE RODA PESADO ORIGINAL;RODAS_PNEUS;12,0;1540,31
PC003247;SINCRONIZADOR LEVE PARALELA A;TRANSMISSAO;11,0;4176,03
PC003248;BOLSA DE AR SUSPENSAO LEVE PARALELA B;SUSPENSAO;125,0;762,09
PC003249;MANGUEIRA DE FREIO AR STD PARALELA B;FREIOS;12,0;158,51
PC003252;CRUZETA CARDAN STD ORIGINAL;TRANSMISSAO;3,0;2239,6
PC003253;PARA-CHOQUE DIANTEIRO REFORCADO PARALELA A;CARROCERIA;3,0;94,87
PC003256;BARRA ESTABILIZADORA REFORCADO PARALELA A;SUSPENSAO;78,0;761,47
PC003257;AMORTECEDOR TRASEIRO LEVE ORIGINAL;SUSPENSAO;3,0;728,0
PC003258;FILTRO DE CABINE LEVE PARALELA A;FILTROS;98,0;61,58
PC003259;ENGATE DE REBOQUE PESADO ORIGINAL;ARTICULACAO_5RODA;25,0;1885,73
PC003260;DISCO DE EMBREAGEM STD PARALELA B;TRANSMISSAO;2,0;1122,79
PC003261;SAPATA DE FREIO PESADO PARALELA A;FREIOS;27,0;181,0
PC003262;BICO INJETOR STD ORIGINAL;MOTOR;69,0;4700,63
PC003263;BUCHA DE MOLA  ORIGINAL;SUSPENSAO;3,0;801,04
PC003264;VENTOINHA STD PARALELA B;ARREFECIMENTO;5,0;185,79
PC003265;CAMISA DE CILINDRO REFORCADO PARALELA A;MOTOR;6,0;950,83
PC003266;BOMBA INJETORA REFORCADO ORIGINAL;MOTOR;26,0;2614,2
PC003267;TAMBOR DE FREIO REFORCADO PARALELA B;FREIOS;37,0;121,94
PC003268;ROLAMENTO DE EMBREAGEM STD PARALELA B;TRANSMISSAO;3,0;3565,86
PC003269;PINO REI REFORCADO ORIGINAL;ARTICULACAO_5RODA;43,0;1203,36
PC003270;PARA-LAMA REFORCADO PARALELA A;CARROCERIA;265,0;312,97
PC003271;VALVULA DE ADMISSAO PESADO ORIGINAL;MOTOR;10,0;3507,55
PC003272;PNEU RADIAL 295/80 LEVE REMANUFATURADO;RODAS_PNEUS;4,0;134,55
PC003273;MACANETA DE PORTA  ORIGINAL;CARROCERIA;28,0;644,14
PC003274;CUBO DE RODA  PARALELA B;RODAS_PNEUS;70,0;322,69
PC003275;BOMBA D AGUA REFORCADO REMANUFATURADO;ARREFECIMENTO;5,0;98,27
PC003276;PASTILHA DE FREIO STD ORIGINAL;FREIOS;24,0;187,27
PC003277;CAIXA DE CAMBIO COMPLETA  PARALELA B;TRANSMISSAO;39,0;1500,62
PC003278;ALTERNADOR LEVE PARALELA A;ELETRICA;83,0;821,13
PC003279;LANTERNA TRASEIRA LEVE ORIGINAL;ELETRICA;94,0;108,47
PC003280;MOTOR DE PARTIDA STD ORIGINAL;ELETRICA;17,0;202,95
PC003281;JUNTA DE CABECOTE PESADO PARALELA B;MOTOR;1,0;1295,62
PC003282;SENSOR ABS REFORCADO ORIGINAL;ELETRICA;12,0;636,06
PC003283;RESERVATORIO EXPANSAO LEVE ORIGINAL;ARREFECIMENTO;6,0;675,85
PC003284;TURBO COMPRESSOR REFORCADO ORIGINAL;MOTOR;11,0;5489,28
PC003286;PINO MESTRE LEVE PARALELA B;SUSPENSAO;52,0;982,33
PC003287;QUINTA RODA COMPLETA PESADO PARALELA A;ARTICULACAO_5RODA;28,0;2217,55
PC003288;EIXO CARDAN STD ORIGINAL;TRANSMISSAO;41,0;1414,46
PC003289;PLATO DE EMBREAGEM STD PARALELA A;TRANSMISSAO;6,0;2515,17
PC003290;FILTRO DE OLEO MOTOR  PARALELA A;MOTOR;19,0;4325,68
PC003291;BATERIA 150AH REFORCADO ORIGINAL;ELETRICA;34,0;927,8
PC003292;DISCO DE FREIO  PARALELA A;FREIOS;23,0;93,98
PC003293;CILINDRO MESTRE LEVE PARALELA A;FREIOS;8,0;377,78
PC003294;CHICOTE ELETRICO PESADO ORIGINAL;ELETRICA;4,0;434,85
PC003295;PARAFUSO DE RODA STD ORIGINAL;RODAS_PNEUS;1,0;85,04
PC003296;RADIADOR COMPLETO LEVE PARALELA B;ARREFECIMENTO;8,0;426,71
PC003297;FILTRO DE OLEO CAMBIO PESADO PARALELA A;FILTROS;94,0;84,11
PC003298;ESPELHO RETROVISOR  PARALELA A;CARROCERIA;2,0;354,67
PC003299;RODA DE ACO ARO 22 PESADO ORIGINAL;RODAS_PNEUS;28,0;905,42
PC003300;VIDRO LATERAL LEVE ORIGINAL;CARROCERIA;61,0;497,41
PC003301;MANGOTE PNEUMATICO PESADO PARALELA A;ARTICULACAO_5RODA;7,0;2942,17
PC003302;PARA-BRISA LEVE ORIGINAL;CARROCERIA;7,0;291,7
PC003305;FILTRO DE AR MOTOR REFORCADO PARALELA A;FILTROS;5,0;80,87
PC003306;VALVULA TERMOSTATICA  ORIGINAL;ARREFECIMENTO;6,0;800,41
PC003307;CAMARA DE AR PESADO ORIGINAL;RODAS_PNEUS;324,0;884,23
PC003308;FEIXE DE MOLA  ORIGINAL;SUSPENSAO;62,0;1005,19
PC003309;CORREIA DENTADA REFORCADO PARALELA B;MOTOR;19,0;2094,81
PC003310;ROLAMENTO DE RODA  PARALELA B;RODAS_PNEUS;7,0;98,19
PC003311;SINCRONIZADOR STD ORIGINAL;TRANSMISSAO;30,0;3346,46
PC003312;BOLSA DE AR SUSPENSAO STD PARALELA A;SUSPENSAO;3,0;597,53
PC003313;MANGUEIRA DE FREIO AR PESADO PARALELA A;FREIOS;5,0;79,03
PC003314;FILTRO SEPARADOR AGUA LEVE REMANUFATURADO;FILTROS;73,0;109,24
PC003315;LONA DE FREIO STD PARALELA A;FREIOS;4,0;208,55
PC003316;CRUZETA CARDAN PESADO REMANUFATURADO;TRANSMISSAO;9,0;7595,06
PC003317;PARA-CHOQUE DIANTEIRO STD PARALELA B;CARROCERIA;6,0;806,17
PC003318;VALVULA DE FREIO LEVE PARALELA B;FREIOS;26,0;241,11
PC003320;BARRA ESTABILIZADORA REFORCADO ORIGINAL;SUSPENSAO;87,0;570,21
PC003321;AMORTECEDOR TRASEIRO PESADO ORIGINAL;SUSPENSAO;6,0;1224,72
PC003322;FILTRO DE CABINE LEVE REMANUFATURADO;FILTROS;228,0;18,24
PC003323;ENGATE DE REBOQUE  ORIGINAL;ARTICULACAO_5RODA;63,0;2559,11
PC003324;DISCO DE EMBREAGEM PESADO ORIGINAL;TRANSMISSAO;6,0;1312,14
PC003325;SAPATA DE FREIO PESADO ORIGINAL;FREIOS;2,0;130,83
PC003326;BICO INJETOR STD ORIGINAL;MOTOR;21,0;5282,79
PC003327;BUCHA DE MOLA  REMANUFATURADO;SUSPENSAO;6,0;1097,44
PC003328;VENTOINHA  REMANUFATURADO;ARREFECIMENTO;5,0;396,75
PC003329;CAMISA DE CILINDRO LEVE PARALELA A;MOTOR;1,0;6308,25
PC003330;BOMBA INJETORA LEVE ORIGINAL;MOTOR;32,0;4867,18
PC003331;TAMBOR DE FREIO REFORCADO PARALELA B;FREIOS;38,0;243,01
PC003332;ROLAMENTO DE EMBREAGEM REFORCADO ORIGINAL;TRANSMISSAO;12,0;6596,04
PC003334;PARA-LAMA PESADO ORIGINAL;CARROCERIA;90,0;82,89
PC003335;VALVULA DE ADMISSAO PESADO ORIGINAL;MOTOR;23,0;2161,09
PC003336;PNEU RADIAL 295/80 LEVE PARALELA B;RODAS_PNEUS;37,0;1531,71
PC003337;MACANETA DE PORTA REFORCADO PARALELA B;CARROCERIA;95,0;779,96
PC003338;CUBO DE RODA PESADO PARALELA B;RODAS_PNEUS;15,0;935,56
PC003339;BOMBA D AGUA LEVE ORIGINAL;ARREFECIMENTO;33,0;696,68
PC003340;PASTILHA DE FREIO REFORCADO ORIGINAL;FREIOS;5,0;94,26
PC003341;CAIXA DE CAMBIO COMPLETA REFORCADO PARALELA B;TRANSMISSAO;5,0;6765,54
PC003343;LANTERNA TRASEIRA LEVE PARALELA B;ELETRICA;14,0;1216,56
PC003344;MOTOR DE PARTIDA STD ORIGINAL;ELETRICA;64,0;131,86
PC003345;JUNTA DE CABECOTE  REMANUFATURADO;MOTOR;1,0;1577,46
PC003346;SENSOR ABS LEVE ORIGINAL;ELETRICA;40,0;988,2
PC003347;RESERVATORIO EXPANSAO  PARALELA A;ARREFECIMENTO;3,0;523,33
PC003348;TURBO COMPRESSOR REFORCADO ORIGINAL;MOTOR;33,0;4237,42
PC003349;MANGUEIRA RADIADOR  REMANUFATURADO;ARREFECIMENTO;14,0;683,39
PC003350;PINO MESTRE LEVE PARALELA B;SUSPENSAO;5,0;514,94
PC003352;EIXO CARDAN STD PARALELA B;TRANSMISSAO;5,0;2662,39
PC003353;PLATO DE EMBREAGEM REFORCADO REMANUFATURADO;TRANSMISSAO;158,0;1068,43
PC003354;FILTRO DE OLEO MOTOR PESADO PARALELA B;MOTOR;12,0;1182,92
PC003355;BATERIA 150AH LEVE PARALELA A;ELETRICA;26,0;884,38
PC003356;DISCO DE FREIO STD PARALELA A;FREIOS;1,0;134,35
PC003357;CILINDRO MESTRE  PARALELA B;FREIOS;2,0;248,76
PC003358;CHICOTE ELETRICO REFORCADO PARALELA B;ELETRICA;4,0;533,57
PC003359;PARAFUSO DE RODA LEVE PARALELA A;RODAS_PNEUS;6,0;754,34
PC003360;RADIADOR COMPLETO LEVE PARALELA B;ARREFECIMENTO;25,0;395,84
PC003361;FILTRO DE OLEO CAMBIO STD REMANUFATURADO;FILTROS;22,0;73,74
PC003362;ESPELHO RETROVISOR REFORCADO REMANUFATURADO;CARROCERIA;4,0;498,82
PC003363;RODA DE ACO ARO 22  ORIGINAL;RODAS_PNEUS;6,0;1320,97
PC003364;VIDRO LATERAL PESADO PARALELA A;CARROCERIA;40,0;104,14
PC003365;MANGOTE PNEUMATICO  PARALELA A;ARTICULACAO_5RODA;68,0;2954,23
PC003366;PARA-BRISA  ORIGINAL;CARROCERIA;18,0;123,96
PC003367;AMORTECEDOR DIANTEIRO LEVE PARALELA A;SUSPENSAO;3,0;670,12
PC003368;FILTRO DE COMBUSTIVEL STD PARALELA A;FILTROS;6,0;45,36
PC003369;FILTRO DE AR MOTOR PESADO ORIGINAL;FILTROS;9,0;19,82
PC003370;VALVULA TERMOSTATICA REFORCADO PARALELA A;ARREFECIMENTO;3,0;333,03
PC003371;CAMARA DE AR  ORIGINAL;RODAS_PNEUS;29,0;148,82
PC003372;FEIXE DE MOLA LEVE ORIGINAL;SUSPENSAO;18,0;485,44
PC003373;CORREIA DENTADA REFORCADO REMANUFATURADO;MOTOR;6,0;2482,78
PC003374;ROLAMENTO DE RODA REFORCADO PARALELA B;RODAS_PNEUS;27,0;1654,3
PC003375;SINCRONIZADOR PESADO REMANUFATURADO;TRANSMISSAO;2,0;1610,23
PC003376;BOLSA DE AR SUSPENSAO STD ORIGINAL;SUSPENSAO;8,0;317,35
PC003377;MANGUEIRA DE FREIO AR LEVE ORIGINAL;FREIOS;34,0;429,96
PC003378;FILTRO SEPARADOR AGUA PESADO ORIGINAL;FILTROS;10,0;63,2
PC003379;LONA DE FREIO STD REMANUFATURADO;FREIOS;24,0;364,47
PC003380;CRUZETA CARDAN  PARALELA A;TRANSMISSAO;14,0;6315,1
PC003381;PARA-CHOQUE DIANTEIRO STD PARALELA B;CARROCERIA;44,0;103,03
PC003382;VALVULA DE FREIO PESADO PARALELA B;FREIOS;50,0;171,73
PC003383;FAROL DIANTEIRO LED STD PARALELA A;ELETRICA;1,0;430,96
PC003384;BARRA ESTABILIZADORA PESADO PARALELA B;SUSPENSAO;2,0;1217,97
PC003385;AMORTECEDOR TRASEIRO  PARALELA B;SUSPENSAO;1,0;147,36
PC003387;ENGATE DE REBOQUE PESADO PARALELA B;ARTICULACAO_5RODA;40,0;338,84
PC003388;DISCO DE EMBREAGEM  ORIGINAL;TRANSMISSAO;3,0;7584,24
PC003389;SAPATA DE FREIO LEVE PARALELA B;FREIOS;55,0;366,93
PC003390;BICO INJETOR PESADO ORIGINAL;MOTOR;9,0;1622,35
PC003391;BUCHA DE MOLA PESADO REMANUFATURADO;SUSPENSAO;17,0;415,98
PC003392;VENTOINHA STD ORIGINAL;ARREFECIMENTO;13,0;1091,36
PC003393;CAMISA DE CILINDRO LEVE ORIGINAL;MOTOR;26,0;3120,87
PC003394;BOMBA INJETORA STD REMANUFATURADO;MOTOR;33,0;816,51
PC003395;TAMBOR DE FREIO LEVE PARALELA A;FREIOS;1,0;203,07
PC003396;ROLAMENTO DE EMBREAGEM  REMANUFATURADO;TRANSMISSAO;40,0;6930,54
PC003397;PINO REI REFORCADO PARALELA A;ARTICULACAO_5RODA;25,0;2088,77
PC003398;PARA-LAMA LEVE PARALELA B;CARROCERIA;7,0;588,41
PC003399;VALVULA DE ADMISSAO REFORCADO ORIGINAL;MOTOR;29,0;1470,15
PC003400;PNEU RADIAL 295/80  PARALELA A;RODAS_PNEUS;6,0;919,98
PC003401;MACANETA DE PORTA PESADO ORIGINAL;CARROCERIA;4,0;181,08
PC003402;CUBO DE RODA PESADO PARALELA A;RODAS_PNEUS;6,0;69,44
PC003403;BOMBA D AGUA PESADO PARALELA B;ARREFECIMENTO;4,0;485,14
PC003404;PASTILHA DE FREIO STD PARALELA B;FREIOS;31,0;335,13
PC003405;CAIXA DE CAMBIO COMPLETA PESADO ORIGINAL;TRANSMISSAO;57,0;2023,16
PC003406;ALTERNADOR REFORCADO REMANUFATURADO;ELETRICA;2,0;764,27
PC003407;LANTERNA TRASEIRA  PARALELA A;ELETRICA;77,0;388,22
PC003408;MOTOR DE PARTIDA  PARALELA B;ELETRICA;6,0;596,34
PC003409;JUNTA DE CABECOTE LEVE PARALELA A;MOTOR;11,0;4089,95
PC003410;SENSOR ABS  PARALELA A;ELETRICA;14,0;839,69
PC003411;RESERVATORIO EXPANSAO STD PARALELA A;ARREFECIMENTO;4,0;574,74
PC003412;TURBO COMPRESSOR REFORCADO PARALELA A;MOTOR;13,0;1584,99
PC003413;MANGUEIRA RADIADOR  PARALELA B;ARREFECIMENTO;6,0;515,55
PC003414;PINO MESTRE REFORCADO PARALELA A;SUSPENSAO;11,0;130,34
PC003415;QUINTA RODA COMPLETA STD ORIGINAL;ARTICULACAO_5RODA;9,0;1945,34
PC003416;EIXO CARDAN STD PARALELA B;TRANSMISSAO;8,0;1266,6
PC003417;PLATO DE EMBREAGEM PESADO ORIGINAL;TRANSMISSAO;35,0;5620,57
PC003418;FILTRO DE OLEO MOTOR STD PARALELA B;MOTOR;267,0;3729,15
PC003419;BATERIA 150AH REFORCADO PARALELA B;ELETRICA;13,0;854,01
PC003420;DISCO DE FREIO PESADO PARALELA A;FREIOS;30,0;216,33
PC003421;CILINDRO MESTRE REFORCADO PARALELA B;FREIOS;6,0;317,81
PC003422;CHICOTE ELETRICO PESADO ORIGINAL;ELETRICA;43,0;1336,0
PC003423;PARAFUSO DE RODA PESADO PARALELA B;RODAS_PNEUS;16,0;1797,6
PC003424;RADIADOR COMPLETO REFORCADO ORIGINAL;ARREFECIMENTO;4,0;586,62
PC003425;FILTRO DE OLEO CAMBIO REFORCADO PARALELA A;FILTROS;9,0;74,03
PC003426;ESPELHO RETROVISOR LEVE PARALELA B;CARROCERIA;21,0;276,32
PC003427;RODA DE ACO ARO 22 LEVE PARALELA A;RODAS_PNEUS;67,0;368,54
PC003428;VIDRO LATERAL STD PARALELA A;CARROCERIA;2,0;481,87
PC003429;MANGOTE PNEUMATICO REFORCADO ORIGINAL;ARTICULACAO_5RODA;61,0;1814,36
PC003430;PARA-BRISA PESADO PARALELA B;CARROCERIA;3,0;214,79
PC003431;AMORTECEDOR DIANTEIRO PESADO PARALELA A;SUSPENSAO;5,0;269,95
PC003433;FILTRO DE AR MOTOR REFORCADO PARALELA B;FILTROS;7,0;48,57
PC003434;VALVULA TERMOSTATICA PESADO PARALELA B;ARREFECIMENTO;13,0;847,07
PC003435;CAMARA DE AR STD ORIGINAL;RODAS_PNEUS;30,0;631,09
PC003436;FEIXE DE MOLA REFORCADO ORIGINAL;SUSPENSAO;9,0;1087,43
PC003437;CORREIA DENTADA  PARALELA A;MOTOR;1,0;4750,6
PC003438;ROLAMENTO DE RODA LEVE PARALELA A;RODAS_PNEUS;60,0;71,05
PC003439;SINCRONIZADOR STD PARALELA A;TRANSMISSAO;0,0;3037,24
PC003441;MANGUEIRA DE FREIO AR  PARALELA B;FREIOS;19,0;181,39
PC003443;LONA DE FREIO STD ORIGINAL;FREIOS;3,0;227,15
PC003444;CRUZETA CARDAN REFORCADO ORIGINAL;TRANSMISSAO;35,0;4265,71
PC003445;PARA-CHOQUE DIANTEIRO PESADO PARALELA A;CARROCERIA;44,0;525,91
PC003446;VALVULA DE FREIO REFORCADO ORIGINAL;FREIOS;3,0;313,38
PC003447;FAROL DIANTEIRO LED LEVE ORIGINAL;ELETRICA;18,0;639,09
PC003448;BARRA ESTABILIZADORA LEVE ORIGINAL;SUSPENSAO;548,0;213,34
PC003450;FILTRO DE CABINE REFORCADO PARALELA B;FILTROS;3,0;59,23
PC003451;ENGATE DE REBOQUE REFORCADO ORIGINAL;ARTICULACAO_5RODA;13,0;1719,73
PC003452;DISCO DE EMBREAGEM PESADO PARALELA B;TRANSMISSAO;45,0;2274,13
PC003453;SAPATA DE FREIO LEVE PARALELA A;FREIOS;1,0;68,37
PC003454;BICO INJETOR  PARALELA A;MOTOR;45,0;3260,07
PC003455;BUCHA DE MOLA PESADO ORIGINAL;SUSPENSAO;204,0;808,56
PC003456;VENTOINHA REFORCADO ORIGINAL;ARREFECIMENTO;2,0;265,06
PC003457;CAMISA DE CILINDRO  ORIGINAL;MOTOR;369,0;4362,59
PC003458;BOMBA INJETORA REFORCADO PARALELA B;MOTOR;82,0;1619,02
PC003459;TAMBOR DE FREIO PESADO REMANUFATURADO;FREIOS;6,0;92,55
PC003460;ROLAMENTO DE EMBREAGEM STD PARALELA B;TRANSMISSAO;2,0;5023,79
PC003461;PINO REI LEVE PARALELA A;ARTICULACAO_5RODA;11,0;1379,12
PC003462;PARA-LAMA STD PARALELA A;CARROCERIA;1,0;951,85
PC003463;VALVULA DE ADMISSAO  PARALELA A;MOTOR;9,0;4564,1
PC003464;PNEU RADIAL 295/80 STD ORIGINAL;RODAS_PNEUS;112,0;1735,72
PC003465;MACANETA DE PORTA PESADO REMANUFATURADO;CARROCERIA;70,0;748,12
PC003466;CUBO DE RODA  REMANUFATURADO;RODAS_PNEUS;3,0;1101,08
PC003467;BOMBA D AGUA  REMANUFATURADO;ARREFECIMENTO;60,0;524,32
PC003468;PASTILHA DE FREIO PESADO REMANUFATURADO;FREIOS;2,0;221,06
PC003470;ALTERNADOR LEVE ORIGINAL;ELETRICA;6,0;171,4
PC003471;LANTERNA TRASEIRA LEVE ORIGINAL;ELETRICA;9,0;1264,8
PC003473;JUNTA DE CABECOTE LEVE REMANUFATURADO;MOTOR;5,0;2711,91
PC003474;SENSOR ABS REFORCADO REMANUFATURADO;ELETRICA;1,0;617,57
PC003475;RESERVATORIO EXPANSAO LEVE PARALELA B;ARREFECIMENTO;26,0;958,92
PC003476;TURBO COMPRESSOR PESADO PARALELA A;MOTOR;13,0;2077,8
PC003477;MANGUEIRA RADIADOR PESADO REMANUFATURADO;ARREFECIMENTO;9,0;675,75
PC003478;PINO MESTRE  PARALELA B;SUSPENSAO;39,0;227,61
PC003480;EIXO CARDAN PESADO ORIGINAL;TRANSMISSAO;7,0;4041,31
PC003481;PLATO DE EMBREAGEM PESADO PARALELA B;TRANSMISSAO;2,0;1312,67
PC003482;FILTRO DE OLEO MOTOR REFORCADO ORIGINAL;MOTOR;1,0;6429,29
PC003483;BATERIA 150AH STD PARALELA B;ELETRICA;9,0;1439,71
PC003484;DISCO DE FREIO STD ORIGINAL;FREIOS;5,0;79,85
PC003485;CILINDRO MESTRE LEVE PARALELA A;FREIOS;4,0;386,78
PC003486;CHICOTE ELETRICO  PARALELA A;ELETRICA;19,0;79,0
PC003487;PARAFUSO DE RODA  PARALELA A;RODAS_PNEUS;66,0;792,79
PC003488;RADIADOR COMPLETO LEVE PARALELA B;ARREFECIMENTO;5,0;366,11
PC003489;FILTRO DE OLEO CAMBIO STD PARALELA A;FILTROS;1,0;72,58
PC003490;ESPELHO RETROVISOR PESADO PARALELA A;CARROCERIA;9,0;313,77
PC003491;RODA DE ACO ARO 22 PESADO ORIGINAL;RODAS_PNEUS;7,0;1774,32
PC003492;VIDRO LATERAL  PARALELA B;CARROCERIA;1,0;894,53
PC003494;PARA-BRISA STD ORIGINAL;CARROCERIA;5,0;741,43
PC003495;AMORTECEDOR DIANTEIRO  REMANUFATURADO;SUSPENSAO;51,0;625,52
PC003496;FILTRO DE COMBUSTIVEL STD ORIGINAL;FILTROS;54,0;27,37
PC003497;FILTRO DE AR MOTOR LEVE PARALELA A;FILTROS;15,0;117,85
PC003498;VALVULA TERMOSTATICA LEVE ORIGINAL;ARREFECIMENTO;1,0;596,27
PC003499;CAMARA DE AR REFORCADO ORIGINAL;RODAS_PNEUS;140,0;199,87
PC003500;FEIXE DE MOLA PESADO REMANUFATURADO;SUSPENSAO;2,0;122,34
PC003501;CORREIA DENTADA REFORCADO PARALELA B;MOTOR;324,0;2590,42
PC003502;ROLAMENTO DE RODA LEVE ORIGINAL;RODAS_PNEUS;29,0;728,72
PC003504;BOLSA DE AR SUSPENSAO  ORIGINAL;SUSPENSAO;91,0;104,94
PC003505;MANGUEIRA DE FREIO AR REFORCADO ORIGINAL;FREIOS;116,0;68,56
PC003506;FILTRO SEPARADOR AGUA LEVE PARALELA B;FILTROS;5,0;59,47
PC003507;LONA DE FREIO REFORCADO REMANUFATURADO;FREIOS;8,0;366,96
PC003508;CRUZETA CARDAN PESADO ORIGINAL;TRANSMISSAO;843,0;6034,88
PC003509;PARA-CHOQUE DIANTEIRO  ORIGINAL;CARROCERIA;6,0;47,72
PC003510;VALVULA DE FREIO STD PARALELA B;FREIOS;15,0;150,27
PC003511;FAROL DIANTEIRO LED PESADO PARALELA B;ELETRICA;3,0;1228,21
PC003512;BARRA ESTABILIZADORA  ORIGINAL;SUSPENSAO;26,0;592,69
PC003513;AMORTECEDOR TRASEIRO STD PARALELA A;SUSPENSAO;5,0;575,72
PC003514;FILTRO DE CABINE REFORCADO REMANUFATURADO;FILTROS;0,0;109,3
PC003515;ENGATE DE REBOQUE PESADO PARALELA A;ARTICULACAO_5RODA;4,0;2848,03
PC003516;DISCO DE EMBREAGEM LEVE REMANUFATURADO;TRANSMISSAO;3,0;424,48
PC003517;SAPATA DE FREIO  ORIGINAL;FREIOS;2,0;80,65
PC003518;BICO INJETOR  PARALELA B;MOTOR;11,0;2920,86
PC003519;BUCHA DE MOLA REFORCADO PARALELA A;SUSPENSAO;56,0;667,25
PC003520;VENTOINHA  REMANUFATURADO;ARREFECIMENTO;8,0;817,73
PC003521;CAMISA DE CILINDRO  PARALELA A;MOTOR;5,0;4564,55
PC003522;BOMBA INJETORA LEVE PARALELA B;MOTOR;30,0;3498,0
PC003523;TAMBOR DE FREIO REFORCADO REMANUFATURADO;FREIOS;8,0;85,37
PC003524;ROLAMENTO DE EMBREAGEM STD PARALELA A;TRANSMISSAO;14,0;1016,14
PC003525;PINO REI PESADO PARALELA B;ARTICULACAO_5RODA;9,0;643,93
PC003526;PARA-LAMA  REMANUFATURADO;CARROCERIA;1,0;803,03
PC003527;VALVULA DE ADMISSAO  PARALELA A;MOTOR;1,0;282,26
PC003528;PNEU RADIAL 295/80 REFORCADO ORIGINAL;RODAS_PNEUS;1,0;1182,8
PC003529;MACANETA DE PORTA PESADO PARALELA A;CARROCERIA;115,0;145,46
PC003530;CUBO DE RODA LEVE ORIGINAL;RODAS_PNEUS;6,0;380,07
PC003531;BOMBA D AGUA STD PARALELA A;ARREFECIMENTO;324,0;101,01
PC003532;PASTILHA DE FREIO LEVE REMANUFATURADO;FREIOS;7,0;71,37
PC003533;CAIXA DE CAMBIO COMPLETA PESADO ORIGINAL;TRANSMISSAO;10,0;4943,94
PC003534;ALTERNADOR LEVE ORIGINAL;ELETRICA;4,0;711,11
PC003535;LANTERNA TRASEIRA LEVE ORIGINAL;ELETRICA;4,0;424,65
PC003536;MOTOR DE PARTIDA  PARALELA B;ELETRICA;6,0;1503,13
PC003537;JUNTA DE CABECOTE STD ORIGINAL;MOTOR;40,0;2214,56
PC003538;SENSOR ABS REFORCADO PARALELA A;ELETRICA;3,0;179,96
PC003539;RESERVATORIO EXPANSAO LEVE ORIGINAL;ARREFECIMENTO;22,0;937,48
PC003540;TURBO COMPRESSOR PESADO ORIGINAL;MOTOR;18,0;3664,35
PC003541;MANGUEIRA RADIADOR PESADO PARALELA A;ARREFECIMENTO;112,0;478,41
PC003542;PINO MESTRE REFORCADO PARALELA B;SUSPENSAO;2,0;998,24
PC003543;QUINTA RODA COMPLETA PESADO ORIGINAL;ARTICULACAO_5RODA;11,0;730,63
PC003544;EIXO CARDAN STD PARALELA A;TRANSMISSAO;34,0;7279,94
PC003545;PLATO DE EMBREAGEM PESADO PARALELA A;TRANSMISSAO;1,0;1652,99
PC003546;FILTRO DE OLEO MOTOR LEVE ORIGINAL;MOTOR;22,0;3893,64
PC003547;BATERIA 150AH REFORCADO PARALELA A;ELETRICA;5,0;247,88
PC003548;DISCO DE FREIO STD REMANUFATURADO;FREIOS;5,0;79,16
PC003549;CILINDRO MESTRE STD PARALELA A;FREIOS;16,0;108,93
PC003550;CHICOTE ELETRICO REFORCADO ORIGINAL;ELETRICA;9,0;1481,45
PC003551;PARAFUSO DE RODA STD PARALELA A;RODAS_PNEUS;254,0;1208,9
PC003552;RADIADOR COMPLETO LEVE PARALELA A;ARREFECIMENTO;12,0;360,72
PC003553;FILTRO DE OLEO CAMBIO LEVE PARALELA B;FILTROS;0,0;49,68
PC003554;ESPELHO RETROVISOR LEVE PARALELA A;CARROCERIA;3,0;750,85
PC003555;RODA DE ACO ARO 22 STD ORIGINAL;RODAS_PNEUS;36,0;1579,36
PC003556;VIDRO LATERAL  PARALELA B;CARROCERIA;2,0;92,84
PC003557;MANGOTE PNEUMATICO REFORCADO ORIGINAL;ARTICULACAO_5RODA;6,0;2340,03
PC003559;AMORTECEDOR DIANTEIRO LEVE PARALELA B;SUSPENSAO;0,0;486,76
PC003560;FILTRO DE COMBUSTIVEL STD PARALELA A;FILTROS;4,0;41,25
PC003561;FILTRO DE AR MOTOR PESADO PARALELA A;FILTROS;104,0;35,89
PC003562;VALVULA TERMOSTATICA STD ORIGINAL;ARREFECIMENTO;93,0;462,35
PC003563;CAMARA DE AR LEVE ORIGINAL;RODAS_PNEUS;28,0;1630,97
PC003564;FEIXE DE MOLA REFORCADO ORIGINAL;SUSPENSAO;10,0;355,37
PC003565;CORREIA DENTADA PESADO PARALELA A;MOTOR;7,0;1498,32
PC003566;ROLAMENTO DE RODA PESADO PARALELA B;RODAS_PNEUS;11,0;966,37
PC003567;SINCRONIZADOR LEVE PARALELA B;TRANSMISSAO;18,0;5199,27
PC003568;BOLSA DE AR SUSPENSAO PESADO PARALELA A;SUSPENSAO;15,0;261,27
PC003569;MANGUEIRA DE FREIO AR LEVE PARALELA B;FREIOS;37,0;174,65
PC003570;FILTRO SEPARADOR AGUA LEVE PARALELA A;FILTROS;4,0;125,81
PC003571;LONA DE FREIO  PARALELA B;FREIOS;10,0;202,2
PC003572;CRUZETA CARDAN STD ORIGINAL;TRANSMISSAO;30,0;2783,69
PC003573;PARA-CHOQUE DIANTEIRO  ORIGINAL;CARROCERIA;1,0;295,75
PC003575;FAROL DIANTEIRO LED LEVE PARALELA A;ELETRICA;4,0;1405,1
PC003576;BARRA ESTABILIZADORA STD REMANUFATURADO;SUSPENSAO;4,0;121,84
PC003577;AMORTECEDOR TRASEIRO REFORCADO REMANUFATURADO;SUSPENSAO;437,0;642,59
PC003578;FILTRO DE CABINE  PARALELA B;FILTROS;59,0;79,12
PC003579;ENGATE DE REBOQUE  PARALELA A;ARTICULACAO_5RODA;11,0;2050,93
PC003580;DISCO DE EMBREAGEM REFORCADO PARALELA A;TRANSMISSAO;20,0;4168,65
PC003581;SAPATA DE FREIO REFORCADO PARALELA A;FREIOS;9,0;351,84
PC003582;BICO INJETOR STD PARALELA A;MOTOR;2,0;3965,66
PC003583;BUCHA DE MOLA REFORCADO REMANUFATURADO;SUSPENSAO;7,0;775,72
PC003584;VENTOINHA REFORCADO ORIGINAL;ARREFECIMENTO;12,0;270,86
PC003585;CAMISA DE CILINDRO STD PARALELA B;MOTOR;10,0;1864,82
PC003586;BOMBA INJETORA PESADO ORIGINAL;MOTOR;1,0;3753,69
PC003587;TAMBOR DE FREIO  PARALELA B;FREIOS;63,0;292,53
PC003588;ROLAMENTO DE EMBREAGEM LEVE REMANUFATURADO;TRANSMISSAO;0,0;6115,7
PC003589;PINO REI  REMANUFATURADO;ARTICULACAO_5RODA;8,0;1650,34
PC003590;PARA-LAMA PESADO PARALELA B;CARROCERIA;66,0;436,88
PC003591;VALVULA DE ADMISSAO STD PARALELA A;MOTOR;5,0;4969,58
PC003592;PNEU RADIAL 295/80  PARALELA A;RODAS_PNEUS;4,0;175,28
PC003593;MACANETA DE PORTA REFORCADO PARALELA A;CARROCERIA;9,0;240,8
PC003594;CUBO DE RODA  PARALELA A;RODAS_PNEUS;163,0;788,41
PC003595;BOMBA D AGUA LEVE PARALELA A;ARREFECIMENTO;2,0;240,61
PC003596;PASTILHA DE FREIO LEVE REMANUFATURADO;FREIOS;28,0;104,13
PC003597;CAIXA DE CAMBIO COMPLETA PESADO ORIGINAL;TRANSMISSAO;7,0;2342,76
PC003598;ALTERNADOR LEVE ORIGINAL;ELETRICA;5,0;376,58
PC003600;MOTOR DE PARTIDA LEVE ORIGINAL;ELETRICA;11,0;1097,92
PC003601;JUNTA DE CABECOTE REFORCADO ORIGINAL;MOTOR;5,0;3925,24
PC003602;SENSOR ABS STD PARALELA A;ELETRICA;2,0;166,85
PC003603;RESERVATORIO EXPANSAO LEVE PARALELA B;ARREFECIMENTO;6,0;307,3
PC003604;TURBO COMPRESSOR REFORCADO REMANUFATURADO;MOTOR;27,0;6195,49
PC003605;MANGUEIRA RADIADOR STD PARALELA A;ARREFECIMENTO;77,0;801,58
PC003606;PINO MESTRE STD PARALELA B;SUSPENSAO;8,0;519,82
PC003607;QUINTA RODA COMPLETA PESADO ORIGINAL;ARTICULACAO_5RODA;56,0;2438,99
PC003608;EIXO CARDAN PESADO PARALELA B;TRANSMISSAO;4,0;4286,26
PC003609;PLATO DE EMBREAGEM STD REMANUFATURADO;TRANSMISSAO;64,0;1331,14
PC003610;FILTRO DE OLEO MOTOR PESADO PARALELA A;MOTOR;76,0;4318,71
PC003611;BATERIA 150AH REFORCADO ORIGINAL;ELETRICA;13,0;693,09
PC003612;DISCO DE FREIO STD ORIGINAL;FREIOS;10,0;240,45
PC003613;CILINDRO MESTRE LEVE PARALELA A;FREIOS;9,0;228,88
PC003614;CHICOTE ELETRICO REFORCADO ORIGINAL;ELETRICA;401,0;963,0
PC003615;PARAFUSO DE RODA LEVE ORIGINAL;RODAS_PNEUS;39,0;403,76
PC003616;RADIADOR COMPLETO STD ORIGINAL;ARREFECIMENTO;5,0;80,49
PC003617;FILTRO DE OLEO CAMBIO  REMANUFATURADO;FILTROS;1,0;76,84
PC003618;ESPELHO RETROVISOR LEVE ORIGINAL;CARROCERIA;11,0;865,88
PC003619;RODA DE ACO ARO 22 REFORCADO ORIGINAL;RODAS_PNEUS;33,0;837,79
PC003620;VIDRO LATERAL STD PARALELA A;CARROCERIA;5,0;599,92
PC003621;MANGOTE PNEUMATICO PESADO ORIGINAL;ARTICULACAO_5RODA;67,0;1185,2
PC003622;PARA-BRISA PESADO PARALELA B;CARROCERIA;1,0;678,39
PC003623;AMORTECEDOR DIANTEIRO  PARALELA A;SUSPENSAO;42,0;1018,49
PC003624;FILTRO DE COMBUSTIVEL REFORCADO ORIGINAL;FILTROS;91,0;111,7
PC003625;FILTRO DE AR MOTOR PESADO ORIGINAL;FILTROS;6,0;14,78
PC003626;VALVULA TERMOSTATICA PESADO ORIGINAL;ARREFECIMENTO;5,0;823,36
PC003627;CAMARA DE AR  ORIGINAL;RODAS_PNEUS;14,0;373,73
PC003628;FEIXE DE MOLA PESADO PARALELA B;SUSPENSAO;7,0;864,25
PC003629;CORREIA DENTADA STD PARALELA A;MOTOR;33,0;1058,04
PC003630;ROLAMENTO DE RODA  PARALELA A;RODAS_PNEUS;2,0;342,99
PC003631;SINCRONIZADOR REFORCADO PARALELA A;TRANSMISSAO;3,0;6691,78
PC003632;BOLSA DE AR SUSPENSAO STD PARALELA A;SUSPENSAO;2,0;1045,49
PC003633;MANGUEIRA DE FREIO AR REFORCADO ORIGINAL;FREIOS;23,0;356,86
PC003634;FILTRO SEPARADOR AGUA PESADO ORIGINAL;FILTROS;1,0;17,19
PC003635;LONA DE FREIO STD ORIGINAL;FREIOS;5,0;289,33
PC003636;CRUZETA CARDAN  PARALELA B;TRANSMISSAO;7,0;4178,14
PC003637;PARA-CHOQUE DIANTEIRO PESADO PARALELA B;CARROCERIA;3,0;75,05
PC003638;VALVULA DE FREIO LEVE REMANUFATURADO;FREIOS;205,0;130,38
PC003639;FAROL DIANTEIRO LED  ORIGINAL;ELETRICA;58,0;1016,91
PC003640;BARRA ESTABILIZADORA  ORIGINAL;SUSPENSAO;32,0;1198,32
PC003641;AMORTECEDOR TRASEIRO REFORCADO ORIGINAL;SUSPENSAO;44,0;226,38
PC003642;FILTRO DE CABINE LEVE PARALELA A;FILTROS;4,0;94,42
PC003643;ENGATE DE REBOQUE PESADO ORIGINAL;ARTICULACAO_5RODA;42,0;342,46
PC003644;DISCO DE EMBREAGEM  REMANUFATURADO;TRANSMISSAO;12,0;387,24
PC003645;SAPATA DE FREIO REFORCADO ORIGINAL;FREIOS;22,0;266,05
PC003646;BICO INJETOR PESADO REMANUFATURADO;MOTOR;43,0;3683,7
PC003647;BUCHA DE MOLA PESADO ORIGINAL;SUSPENSAO;4,0;209,17
PC003648;VENTOINHA STD PARALELA A;ARREFECIMENTO;171,0;728,53
PC003649;CAMISA DE CILINDRO REFORCADO REMANUFATURADO;MOTOR;41,0;4531,53
PC003650;BOMBA INJETORA PESADO ORIGINAL;MOTOR;3,0;5464,63
PC003651;TAMBOR DE FREIO  PARALELA A;FREIOS;33,0;69,13
PC003652;ROLAMENTO DE EMBREAGEM  PARALELA B;TRANSMISSAO;544,0;1564,9
PC003653;PINO REI STD REMANUFATURADO;ARTICULACAO_5RODA;27,0;752,66
PC003654;PARA-LAMA  PARALELA A;CARROCERIA;147,0;212,71
PC003655;VALVULA DE ADMISSAO PESADO REMANUFATURADO;MOTOR;19,0;2715,6
PC003656;PNEU RADIAL 295/80 REFORCADO PARALELA A;RODAS_PNEUS;2,0;649,61
PC003657;MACANETA DE PORTA LEVE PARALELA B;CARROCERIA;6,0;553,95
PC003658;CUBO DE RODA LEVE PARALELA A;RODAS_PNEUS;12,0;687,3
PC003659;BOMBA D AGUA STD REMANUFATURADO;ARREFECIMENTO;26,0;464,59
PC003660;PASTILHA DE FREIO  ORIGINAL;FREIOS;95,0;66,75
PC003662;ALTERNADOR STD PARALELA A;ELETRICA;14,0;1040,04
PC003663;LANTERNA TRASEIRA LEVE ORIGINAL;ELETRICA;153,0;642,73
PC003664;MOTOR DE PARTIDA LEVE PARALELA B;ELETRICA;12,0;1128,36
PC003665;JUNTA DE CABECOTE PESADO ORIGINAL;MOTOR;86,0;3562,26
PC003666;SENSOR ABS  PARALELA A;ELETRICA;1,0;582,05
PC003667;RESERVATORIO EXPANSAO  REMANUFATURADO;ARREFECIMENTO;19,0;943,71
PC003668;TURBO COMPRESSOR STD ORIGINAL;MOTOR;3,0;4257,71
PC003669;MANGUEIRA RADIADOR  REMANUFATURADO;ARREFECIMENTO;11,0;294,24
PC003670;PINO MESTRE  ORIGINAL;SUSPENSAO;70,0;1118,07
PC003671;QUINTA RODA COMPLETA  PARALELA A;ARTICULACAO_5RODA;6,0;2167,16
PC003672;EIXO CARDAN STD ORIGINAL;TRANSMISSAO;32,0;7102,85
PC003673;PLATO DE EMBREAGEM REFORCADO PARALELA A;TRANSMISSAO;11,0;5567,48
PC003674;FILTRO DE OLEO MOTOR REFORCADO PARALELA A;MOTOR;27,0;3466,03
PC003675;BATERIA 150AH PESADO ORIGINAL;ELETRICA;3,0;323,21
PC003676;DISCO DE FREIO PESADO PARALELA B;FREIOS;8,0;295,99
PC003677;CILINDRO MESTRE  PARALELA A;FREIOS;52,0;62,45
PC003678;CHICOTE ELETRICO PESADO PARALELA A;ELETRICA;1,0;644,08
PC003679;PARAFUSO DE RODA LEVE ORIGINAL;RODAS_PNEUS;8,0;958,04
PC003680;RADIADOR COMPLETO REFORCADO PARALELA B;ARREFECIMENTO;2,0;532,98
PC003681;FILTRO DE OLEO CAMBIO REFORCADO ORIGINAL;FILTROS;40,0;35,66
PC003682;ESPELHO RETROVISOR LEVE PARALELA A;CARROCERIA;67,0;817,5
PC003683;RODA DE ACO ARO 22  REMANUFATURADO;RODAS_PNEUS;7,0;285,93
PC003684;VIDRO LATERAL PESADO PARALELA B;CARROCERIA;1,0;557,34
PC003686;PARA-BRISA STD PARALELA B;CARROCERIA;7,0;543,28
PC003687;AMORTECEDOR DIANTEIRO STD REMANUFATURADO;SUSPENSAO;251,0;394,77
PC003688;FILTRO DE COMBUSTIVEL LEVE REMANUFATURADO;FILTROS;2,0;44,66
PC003689;FILTRO DE AR MOTOR REFORCADO PARALELA A;FILTROS;11,0;58,06
PC003690;VALVULA TERMOSTATICA STD ORIGINAL;ARREFECIMENTO;307,0;556,72
PC003691;CAMARA DE AR STD PARALELA A;RODAS_PNEUS;9,0;1011,84
PC003692;FEIXE DE MOLA REFORCADO ORIGINAL;SUSPENSAO;10,0;1144,57
PC003693;CORREIA DENTADA LEVE PARALELA A;MOTOR;13,0;1847,65
PC003694;ROLAMENTO DE RODA  PARALELA B;RODAS_PNEUS;6,0;1563,34
PC003695;SINCRONIZADOR LEVE PARALELA A;TRANSMISSAO;16,0;2416,89
PC003696;BOLSA DE AR SUSPENSAO REFORCADO ORIGINAL;SUSPENSAO;15,0;427,76
PC003697;MANGUEIRA DE FREIO AR PESADO REMANUFATURADO;FREIOS;64,0;162,39
PC003698;FILTRO SEPARADOR AGUA PESADO ORIGINAL;FILTROS;2,0;26,44
PC003699;LONA DE FREIO  REMANUFATURADO;FREIOS;24,0;296,92
PC003701;PARA-CHOQUE DIANTEIRO STD ORIGINAL;CARROCERIA;15,0;423,21
PC003702;VALVULA DE FREIO PESADO PARALELA A;FREIOS;13,0;290,32
PC003703;FAROL DIANTEIRO LED  ORIGINAL;ELETRICA;10,0;171,19
PC003704;BARRA ESTABILIZADORA  REMANUFATURADO;SUSPENSAO;2,0;177,67
PC003705;AMORTECEDOR TRASEIRO STD PARALELA A;SUSPENSAO;227,0;866,19
PC003706;FILTRO DE CABINE  REMANUFATURADO;FILTROS;1,0;51,03
PC003707;ENGATE DE REBOQUE LEVE ORIGINAL;ARTICULACAO_5RODA;144,0;1559,68
PC003708;DISCO DE EMBREAGEM PESADO PARALELA A;TRANSMISSAO;3,0;1690,98
PC003709;SAPATA DE FREIO REFORCADO ORIGINAL;FREIOS;4,0;218,37
PC003710;BICO INJETOR PESADO ORIGINAL;MOTOR;11,0;1783,79
PC003711;BUCHA DE MOLA PESADO ORIGINAL;SUSPENSAO;22,0;962,36
PC003712;VENTOINHA PESADO ORIGINAL;ARREFECIMENTO;2,0;472,85
PC003713;CAMISA DE CILINDRO  ORIGINAL;MOTOR;65,0;1916,91
PC003714;BOMBA INJETORA REFORCADO REMANUFATURADO;MOTOR;14,0;1073,68
PC003715;TAMBOR DE FREIO STD PARALELA A;FREIOS;136,0;129,5
PC003716;ROLAMENTO DE EMBREAGEM  PARALELA A;TRANSMISSAO;2,0;2222,42
PC003717;PINO REI STD REMANUFATURADO;ARTICULACAO_5RODA;38,0;2579,93
PC003718;PARA-LAMA PESADO PARALELA B;CARROCERIA;45,0;1052,54
PC003719;VALVULA DE ADMISSAO STD ORIGINAL;MOTOR;46,0;1165,9
PC003720;PNEU RADIAL 295/80 LEVE ORIGINAL;RODAS_PNEUS;22,0;1263,9
PC003721;MACANETA DE PORTA  ORIGINAL;CARROCERIA;23,0;810,66
PC003722;CUBO DE RODA LEVE ORIGINAL;RODAS_PNEUS;133,0;752,19
PC003723;BOMBA D AGUA  PARALELA B;ARREFECIMENTO;7,0;64,73
PC003724;PASTILHA DE FREIO STD PARALELA B;FREIOS;3,0;221,77
PC003725;CAIXA DE CAMBIO COMPLETA REFORCADO PARALELA A;TRANSMISSAO;8,0;3177,74
PC003726;ALTERNADOR LEVE PARALELA A;ELETRICA;7,0;1223,1
PC003727;LANTERNA TRASEIRA REFORCADO ORIGINAL;ELETRICA;86,0;447,63
PC003728;MOTOR DE PARTIDA  PARALELA B;ELETRICA;105,0;1153,68
PC003729;JUNTA DE CABECOTE REFORCADO PARALELA A;MOTOR;66,0;726,21
PC003730;SENSOR ABS LEVE ORIGINAL;ELETRICA;4,0;1066,3
PC003731;RESERVATORIO EXPANSAO  ORIGINAL;ARREFECIMENTO;35,0;240,35
PC003732;TURBO COMPRESSOR STD PARALELA B;MOTOR;5,0;317,87
PC003733;MANGUEIRA RADIADOR STD PARALELA A;ARREFECIMENTO;14,0;526,95
PC003734;PINO MESTRE PESADO REMANUFATURADO;SUSPENSAO;6,0;944,4
PC003735;QUINTA RODA COMPLETA REFORCADO REMANUFATURADO;ARTICULACAO_5RODA;2,0;1246,94
PC003736;EIXO CARDAN STD ORIGINAL;TRANSMISSAO;22,0;254,4
PC003737;PLATO DE EMBREAGEM LEVE ORIGINAL;TRANSMISSAO;381,0;2791,87
PC003739;BATERIA 150AH  PARALELA A;ELETRICA;11,0;1133,54
PC003740;DISCO DE FREIO PESADO PARALELA A;FREIOS;1,0;279,92
PC003741;CILINDRO MESTRE PESADO ORIGINAL;FREIOS;97,0;105,22
PC003742;CHICOTE ELETRICO STD ORIGINAL;ELETRICA;1,0;1348,96
PC003743;PARAFUSO DE RODA STD PARALELA A;RODAS_PNEUS;2,0;222,31
PC003744;RADIADOR COMPLETO LEVE ORIGINAL;ARREFECIMENTO;2,0;697,09
PC003745;FILTRO DE OLEO CAMBIO PESADO ORIGINAL;FILTROS;2,0;99,41
PC003746;ESPELHO RETROVISOR LEVE ORIGINAL;CARROCERIA;72,0;547,34
PC003747;RODA DE ACO ARO 22 REFORCADO PARALELA A;RODAS_PNEUS;0,0;483,32
PC003748;VIDRO LATERAL REFORCADO REMANUFATURADO;CARROCERIA;21,0;74,82
PC003749;MANGOTE PNEUMATICO PESADO ORIGINAL;ARTICULACAO_5RODA;23,0;654,19
PC003750;PARA-BRISA STD PARALELA A;CARROCERIA;67,0;334,17
PC003751;AMORTECEDOR DIANTEIRO LEVE REMANUFATURADO;SUSPENSAO;2,0;863,16
PC003752;FILTRO DE COMBUSTIVEL  PARALELA B;FILTROS;28,0;81,87
PC003753;FILTRO DE AR MOTOR STD PARALELA A;FILTROS;2,0;101,46
PC003754;VALVULA TERMOSTATICA PESADO PARALELA A;ARREFECIMENTO;6,0;826,89
PC003755;CAMARA DE AR  PARALELA A;RODAS_PNEUS;1,0;1060,18
PC003756;FEIXE DE MOLA REFORCADO PARALELA B;SUSPENSAO;6,0;307,24
PC003758;ROLAMENTO DE RODA REFORCADO PARALELA A;RODAS_PNEUS;26,0;631,21
PC003759;SINCRONIZADOR PESADO PARALELA B;TRANSMISSAO;10,0;3190,01
PC003760;BOLSA DE AR SUSPENSAO LEVE PARALELA A;SUSPENSAO;27,0;1036,42
PC003761;MANGUEIRA DE FREIO AR PESADO PARALELA A;FREIOS;9,0;166,85
PC003762;FILTRO SEPARADOR AGUA REFORCADO PARALELA A;FILTROS;19,0;43,27
PC003763;LONA DE FREIO REFORCADO PARALELA A;FREIOS;8,0;292,13
PC003764;CRUZETA CARDAN STD PARALELA A;TRANSMISSAO;5,0;874,67
PC003765;PARA-CHOQUE DIANTEIRO  PARALELA A;CARROCERIA;144,0;110,16
PC003766;VALVULA DE FREIO LEVE ORIGINAL;FREIOS;5,0;347,02
PC003767;FAROL DIANTEIRO LED PESADO PARALELA B;ELETRICA;16,0;1092,6
PC003768;BARRA ESTABILIZADORA LEVE REMANUFATURADO;SUSPENSAO;8,0;465,3
PC003769;AMORTECEDOR TRASEIRO PESADO REMANUFATURADO;SUSPENSAO;8,0;619,89
PC003770;FILTRO DE CABINE  PARALELA B;FILTROS;117,0;63,78
PC003771;ENGATE DE REBOQUE REFORCADO ORIGINAL;ARTICULACAO_5RODA;310,0;2376,87
PC003773;SAPATA DE FREIO PESADO PARALELA A;FREIOS;5,0;61,2
PC003774;BICO INJETOR LEVE ORIGINAL;MOTOR;36,0;2887,57
PC003775;BUCHA DE MOLA  ORIGINAL;SUSPENSAO;1,0;452,1
PC003776;VENTOINHA REFORCADO ORIGINAL;ARREFECIMENTO;28,0;166,55
PC003777;CAMISA DE CILINDRO STD REMANUFATURADO;MOTOR;13,0;3218,76
PC003778;BOMBA INJETORA LEVE ORIGINAL;MOTOR;5,0;3995,36
PC003779;TAMBOR DE FREIO  ORIGINAL;FREIOS;1,0;58,99
PC003780;ROLAMENTO DE EMBREAGEM LEVE PARALELA B;TRANSMISSAO;3,0;5101,72
PC003781;PINO REI REFORCADO PARALELA A;ARTICULACAO_5RODA;66,0;596,48
PC003782;PARA-LAMA  ORIGINAL;CARROCERIA;321,0;919,78
PC003783;VALVULA DE ADMISSAO LEVE PARALELA B;MOTOR;23,0;4923,71
PC003784;PNEU RADIAL 295/80 LEVE PARALELA A;RODAS_PNEUS;1,0;666,26
PC003785;MACANETA DE PORTA  PARALELA B;CARROCERIA;3,0;568,07
PC003786;CUBO DE RODA REFORCADO PARALELA A;RODAS_PNEUS;3,0;163,77
PC003787;BOMBA D AGUA REFORCADO PARALELA B;ARREFECIMENTO;13,0;533,1
PC003788;PASTILHA DE FREIO STD REMANUFATURADO;FREIOS;54,0;303,75
PC003790;ALTERNADOR REFORCADO REMANUFATURADO;ELETRICA;413,0;857,25
PC003791;LANTERNA TRASEIRA PESADO ORIGINAL;ELETRICA;14,0;179,87
PC003792;MOTOR DE PARTIDA STD PARALELA B;ELETRICA;78,0;242,27
PC003793;JUNTA DE CABECOTE PESADO PARALELA A;MOTOR;1,0;1570,23
PC003794;SENSOR ABS LEVE ORIGINAL;ELETRICA;4,0;650,13
PC003795;RESERVATORIO EXPANSAO REFORCADO REMANUFATURADO;ARREFECIMENTO;417,0;571,2
PC003796;TURBO COMPRESSOR PESADO ORIGINAL;MOTOR;2,0;3271,43
PC003797;MANGUEIRA RADIADOR PESADO ORIGINAL;ARREFECIMENTO;2,0;736,0
PC003798;PINO MESTRE STD ORIGINAL;SUSPENSAO;21,0;255,59
PC003799;QUINTA RODA COMPLETA REFORCADO PARALELA A;ARTICULACAO_5RODA;34,0;2322,01
PC003800;EIXO CARDAN STD ORIGINAL;TRANSMISSAO;4,0;1610,91
PC003801;PLATO DE EMBREAGEM  PARALELA A;TRANSMISSAO;22,0;1091,52
PC003802;FILTRO DE OLEO MOTOR LEVE ORIGINAL;MOTOR;25,0;3691,36
PC003803;BATERIA 150AH PESADO ORIGINAL;ELETRICA;10,0;280,33
PC003804;DISCO DE FREIO PESADO PARALELA B;FREIOS;16,0;63,36
PC003805;CILINDRO MESTRE  REMANUFATURADO;FREIOS;17,0;175,53
PC003806;CHICOTE ELETRICO  PARALELA A;ELETRICA;8,0;335,42
PC003807;PARAFUSO DE RODA  PARALELA A;RODAS_PNEUS;8,0;1584,56
PC003808;RADIADOR COMPLETO LEVE ORIGINAL;ARREFECIMENTO;1,0;510,97
PC003809;FILTRO DE OLEO CAMBIO STD ORIGINAL;FILTROS;10,0;21,86
PC003810;ESPELHO RETROVISOR PESADO PARALELA B;CARROCERIA;3,0;824,66
PC003811;RODA DE ACO ARO 22 REFORCADO PARALELA A;RODAS_PNEUS;40,0;1595,14
PC003812;VIDRO LATERAL PESADO PARALELA A;CARROCERIA;22,0;106,9
PC003813;MANGOTE PNEUMATICO  REMANUFATURADO;ARTICULACAO_5RODA;29,0;1224,14
PC003814;PARA-BRISA REFORCADO PARALELA B;CARROCERIA;2,0;789,31
PC003816;FILTRO DE COMBUSTIVEL PESADO ORIGINAL;FILTROS;12,0;17,51
PC003817;FILTRO DE AR MOTOR REFORCADO PARALELA A;FILTROS;2,0;49,33
PC003818;VALVULA TERMOSTATICA REFORCADO REMANUFATURADO;ARREFECIMENTO;0,0;706,31
PC003819;CAMARA DE AR PESADO REMANUFATURADO;RODAS_PNEUS;8,0;872,9
PC003820;FEIXE DE MOLA LEVE ORIGINAL;SUSPENSAO;25,0;344,49
PC003821;CORREIA DENTADA PESADO ORIGINAL;MOTOR;11,0;2777,2
PC003822;ROLAMENTO DE RODA REFORCADO PARALELA B;RODAS_PNEUS;4,0;605,39
PC003823;SINCRONIZADOR  PARALELA B;TRANSMISSAO;1,0;4525,04
PC003824;BOLSA DE AR SUSPENSAO LEVE REMANUFATURADO;SUSPENSAO;57,0;510,44
PC003825;MANGUEIRA DE FREIO AR STD PARALELA B;FREIOS;15,0;188,71
PC003827;LONA DE FREIO STD ORIGINAL;FREIOS;3,0;362,15
PC003828;CRUZETA CARDAN  ORIGINAL;TRANSMISSAO;26,0;4125,34
PC003829;PARA-CHOQUE DIANTEIRO STD REMANUFATURADO;CARROCERIA;33,0;671,03
PC003830;VALVULA DE FREIO LEVE REMANUFATURADO;FREIOS;80,0;245,07
PC003831;FAROL DIANTEIRO LED REFORCADO PARALELA A;ELETRICA;4,0;182,24
PC003832;BARRA ESTABILIZADORA  PARALELA A;SUSPENSAO;8,0;945,15
PC003833;AMORTECEDOR TRASEIRO LEVE PARALELA B;SUSPENSAO;2,0;502,86
PC003834;FILTRO DE CABINE  PARALELA B;FILTROS;17,0;67,36
PC003835;ENGATE DE REBOQUE PESADO ORIGINAL;ARTICULACAO_5RODA;23,0;2128,94
PC003836;DISCO DE EMBREAGEM PESADO PARALELA A;TRANSMISSAO;8,0;3684,78
PC003837;SAPATA DE FREIO PESADO ORIGINAL;FREIOS;17,0;151,03
PC003838;BICO INJETOR STD PARALELA A;MOTOR;559,0;1242,83
PC003839;BUCHA DE MOLA  ORIGINAL;SUSPENSAO;52,0;1033,1
PC003840;VENTOINHA STD PARALELA A;ARREFECIMENTO;14,0;771,64
PC003841;CAMISA DE CILINDRO REFORCADO PARALELA A;MOTOR;2,0;1773,55
PC003842;BOMBA INJETORA STD PARALELA A;MOTOR;77,0;3472,5
PC003843;TAMBOR DE FREIO LEVE PARALELA B;FREIOS;8,0;105,14
PC003844;ROLAMENTO DE EMBREAGEM REFORCADO PARALELA A;TRANSMISSAO;1,0;1054,95
PC003845;PINO REI  REMANUFATURADO;ARTICULACAO_5RODA;1,0;1413,41
PC003846;PARA-LAMA REFORCADO PARALELA B;CARROCERIA;81,0;199,86
PC003848;PNEU RADIAL 295/80  ORIGINAL;RODAS_PNEUS;3,0;75,83
PC003849;MACANETA DE PORTA  ORIGINAL;CARROCERIA;5,0;654,34
PC003850;CUBO DE RODA PESADO REMANUFATURADO;RODAS_PNEUS;10,0;543,62
PC003851;BOMBA D AGUA  REMANUFATURADO;ARREFECIMENTO;29,0;332,63
PC003852;PASTILHA DE FREIO STD ORIGINAL;FREIOS;8,0;396,16
PC003853;CAIXA DE CAMBIO COMPLETA REFORCADO REMANUFATURADO;TRANSMISSAO;18,0;5301,18
PC003854;ALTERNADOR PESADO PARALELA A;ELETRICA;15,0;406,7
PC003855;LANTERNA TRASEIRA PESADO PARALELA B;ELETRICA;67,0;793,81
PC003856;MOTOR DE PARTIDA LEVE ORIGINAL;ELETRICA;11,0;796,08
PC003857;JUNTA DE CABECOTE PESADO ORIGINAL;MOTOR;4,0;5573,1
PC003858;SENSOR ABS STD ORIGINAL;ELETRICA;7,0;863,57
PC003859;RESERVATORIO EXPANSAO STD PARALELA A;ARREFECIMENTO;9,0;66,99
PC003860;TURBO COMPRESSOR STD PARALELA A;MOTOR;25,0;6081,35
PC003861;MANGUEIRA RADIADOR STD PARALELA A;ARREFECIMENTO;16,0;558,11
PC003862;PINO MESTRE PESADO ORIGINAL;SUSPENSAO;3,0;159,61
PC003863;QUINTA RODA COMPLETA PESADO PARALELA B;ARTICULACAO_5RODA;88,0;1365,78
PC003864;EIXO CARDAN  PARALELA B;TRANSMISSAO;24,0;2253,05
PC003865;PLATO DE EMBREAGEM STD PARALELA A;TRANSMISSAO;12,0;5931,95
PC003866;FILTRO DE OLEO MOTOR PESADO ORIGINAL;MOTOR;10,0;761,78
PC003867;BATERIA 150AH STD REMANUFATURADO;ELETRICA;4,0;106,83
PC003868;DISCO DE FREIO PESADO ORIGINAL;FREIOS;25,0;304,16
PC003869;CILINDRO MESTRE LEVE REMANUFATURADO;FREIOS;3,0;429,98
PC003870;CHICOTE ELETRICO  ORIGINAL;ELETRICA;6,0;1001,36
PC003871;PARAFUSO DE RODA  PARALELA A;RODAS_PNEUS;131,0;965,72
PC003872;RADIADOR COMPLETO REFORCADO PARALELA A;ARREFECIMENTO;34,0;158,8
PC003873;FILTRO DE OLEO CAMBIO LEVE ORIGINAL;FILTROS;8,0;102,76
PC003874;ESPELHO RETROVISOR PESADO REMANUFATURADO;CARROCERIA;120,0;399,33
PC003875;RODA DE ACO ARO 22 LEVE PARALELA A;RODAS_PNEUS;4,0;1591,49
PC003876;VIDRO LATERAL PESADO ORIGINAL;CARROCERIA;38,0;261,11
PC003877;MANGOTE PNEUMATICO  PARALELA A;ARTICULACAO_5RODA;4,0;433,71
PC003878;PARA-BRISA REFORCADO REMANUFATURADO;CARROCERIA;55,0;734,92
PC003879;AMORTECEDOR DIANTEIRO STD PARALELA B;SUSPENSAO;17,0;358,54
PC003881;FILTRO DE AR MOTOR REFORCADO PARALELA B;FILTROS;50,0;81,31
PC003882;VALVULA TERMOSTATICA  PARALELA A;ARREFECIMENTO;48,0;197,68
PC003883;CAMARA DE AR PESADO REMANUFATURADO;RODAS_PNEUS;35,0;1044,04
PC003884;FEIXE DE MOLA STD PARALELA A;SUSPENSAO;3,0;514,98
PC003885;CORREIA DENTADA REFORCADO ORIGINAL;MOTOR;13,0;5945,46
PC003886;ROLAMENTO DE RODA  ORIGINAL;RODAS_PNEUS;2,0;616,6
PC003887;SINCRONIZADOR PESADO PARALELA A;TRANSMISSAO;27,0;2817,78
PC003888;BOLSA DE AR SUSPENSAO STD ORIGINAL;SUSPENSAO;50,0;161,01
PC003889;MANGUEIRA DE FREIO AR  PARALELA A;FREIOS;251,0;245,63
PC003890;FILTRO SEPARADOR AGUA LEVE PARALELA A;FILTROS;5,0;23,98
PC003891;LONA DE FREIO LEVE REMANUFATURADO;FREIOS;68,0;149,05
PC003893;PARA-CHOQUE DIANTEIRO STD ORIGINAL;CARROCERIA;20,0;576,82
PC003894;VALVULA DE FREIO REFORCADO REMANUFATURADO;FREIOS;1,0;60,22
PC003895;FAROL DIANTEIRO LED  REMANUFATURADO;ELETRICA;7,0;988,71
PC003896;BARRA ESTABILIZADORA STD REMANUFATURADO;SUSPENSAO;3,0;841,23
PC003897;AMORTECEDOR TRASEIRO REFORCADO PARALELA A;SUSPENSAO;5,0;374,02
PC003898;FILTRO DE CABINE LEVE REMANUFATURADO;FILTROS;2,0;65,04
PC003899;ENGATE DE REBOQUE REFORCADO ORIGINAL;ARTICULACAO_5RODA;1,0;718,16
PC003900;DISCO DE EMBREAGEM LEVE ORIGINAL;TRANSMISSAO;31,0;4863,06
PC003901;SAPATA DE FREIO STD PARALELA A;FREIOS;16,0;55,52
PC003902;BICO INJETOR PESADO REMANUFATURADO;MOTOR;2,0;3089,19
PC003903;BUCHA DE MOLA PESADO ORIGINAL;SUSPENSAO;9,0;282,86
PC003904;VENTOINHA LEVE PARALELA B;ARREFECIMENTO;26,0;197,82
PC003906;BOMBA INJETORA  PARALELA A;MOTOR;1,0;1485,01
PC003907;TAMBOR DE FREIO  PARALELA A;FREIOS;111,0;111,43
PC003908;ROLAMENTO DE EMBREAGEM  ORIGINAL;TRANSMISSAO;11,0;4587,93
PC003909;PINO REI LEVE PARALELA A;ARTICULACAO_5RODA;12,0;734,7
PC003910;PARA-LAMA LEVE ORIGINAL;CARROCERIA;50,0;71,39
PC003911;VALVULA DE ADMISSAO LEVE PARALELA B;MOTOR;1,0;5011,61
PC003912;PNEU RADIAL 295/80 PESADO PARALELA B;RODAS_PNEUS;26,0;1311,98
PC003913;MACANETA DE PORTA REFORCADO ORIGINAL;CARROCERIA;16,0;463,86
PC003914;CUBO DE RODA STD ORIGINAL;RODAS_PNEUS;112,0;670,92
PC003915;BOMBA D AGUA STD ORIGINAL;ARREFECIMENTO;12,0;122,3
PC003916;PASTILHA DE FREIO REFORCADO PARALELA A;FREIOS;2,0;214,87
PC003917;CAIXA DE CAMBIO COMPLETA LEVE ORIGINAL;TRANSMISSAO;0,0;561,32
PC003918;ALTERNADOR STD PARALELA B;ELETRICA;19,0;418,77
PC003919;LANTERNA TRASEIRA  PARALELA A;ELETRICA;12,0;588,11
PC003921;JUNTA DE CABECOTE PESADO PARALELA B;MOTOR;17,0;3587,56
PC003922;SENSOR ABS STD REMANUFATURADO;ELETRICA;24,0;231,73
PC003923;RESERVATORIO EXPANSAO STD PARALELA A;ARREFECIMENTO;3,0;372,68
PC003924;TURBO COMPRESSOR STD REMANUFATURADO;MOTOR;4,0;2486,04
PC003925;MANGUEIRA RADIADOR  PARALELA A;ARREFECIMENTO;566,0;373,91
PC003926;PINO MESTRE  PARALELA A;SUSPENSAO;17,0;954,16
PC003927;QUINTA RODA COMPLETA REFORCADO ORIGINAL;ARTICULACAO_5RODA;2,0;1962,38
PC003928;EIXO CARDAN PESADO PARALELA A;TRANSMISSAO;5,0;463,16
PC003929;PLATO DE EMBREAGEM LEVE ORIGINAL;TRANSMISSAO;13,0;4752,4
PC003930;FILTRO DE OLEO MOTOR REFORCADO ORIGINAL;MOTOR;33,0;4437,21
PC003931;BATERIA 150AH LEVE PARALELA B;ELETRICA;2,0;759,46
PC003932;DISCO DE FREIO REFORCADO ORIGINAL;FREIOS;18,0;129,9
PC003933;CILINDRO MESTRE REFORCADO ORIGINAL;FREIOS;8,0;78,96
PC003934;CHICOTE ELETRICO STD PARALELA B;ELETRICA;3,0;330,52
PC003935;PARAFUSO DE RODA PESADO ORIGINAL;RODAS_PNEUS;107,0;1184,99
PC003936;RADIADOR COMPLETO LEVE ORIGINAL;ARREFECIMENTO;235,0;1084,59
PC003937;FILTRO DE OLEO CAMBIO STD ORIGINAL;FILTROS;15,0;111,78
PC003938;ESPELHO RETROVISOR LEVE ORIGINAL;CARROCERIA;36,0;668,81
PC003939;RODA DE ACO ARO 22 PESADO PARALELA B;RODAS_PNEUS;35,0;952,51
PC003940;VIDRO LATERAL REFORCADO PARALELA A;CARROCERIA;24,0;89,93
PC003941;MANGOTE PNEUMATICO STD ORIGINAL;ARTICULACAO_5RODA;23,0;434,0
PC003942;PARA-BRISA STD PARALELA B;CARROCERIA;25,0;660,37
PC003944;FILTRO DE COMBUSTIVEL STD ORIGINAL;FILTROS;17,0;64,18
PC003945;FILTRO DE AR MOTOR LEVE PARALELA B;FILTROS;1,0;33,23
PC003946;VALVULA TERMOSTATICA LEVE PARALELA A;ARREFECIMENTO;3,0;748,3
PC003947;CAMARA DE AR  PARALELA B;RODAS_PNEUS;25,0;1175,05
PC003948;FEIXE DE MOLA REFORCADO PARALELA A;SUSPENSAO;41,0;849,07
PC003949;CORREIA DENTADA STD PARALELA B;MOTOR;3,0;5289,87
PC003950;ROLAMENTO DE RODA PESADO PARALELA A;RODAS_PNEUS;2,0;509,29
PC003951;SINCRONIZADOR STD ORIGINAL;TRANSMISSAO;65,0;7774,41
PC003952;BOLSA DE AR SUSPENSAO PESADO PARALELA B;SUSPENSAO;14,0;874,79
PC003953;MANGUEIRA DE FREIO AR PESADO REMANUFATURADO;FREIOS;30,0;321,38
PC003954;FILTRO SEPARADOR AGUA PESADO ORIGINAL;FILTROS;62,0;103,05
PC003955;LONA DE FREIO REFORCADO ORIGINAL;FREIOS;8,0;84,2
PC003956;CRUZETA CARDAN PESADO REMANUFATURADO;TRANSMISSAO;1,0;5400,72
PC003957;PARA-CHOQUE DIANTEIRO STD PARALELA B;CARROCERIA;15,0;464,05
PC003958;VALVULA DE FREIO  ORIGINAL;FREIOS;1,0;170,03
PC003959;FAROL DIANTEIRO LED LEVE PARALELA A;ELETRICA;5,0;112,84
PC003960;BARRA ESTABILIZADORA  ORIGINAL;SUSPENSAO;8,0;642,31
PC003961;AMORTECEDOR TRASEIRO PESADO PARALELA B;SUSPENSAO;8,0;939,1
PC003962;FILTRO DE CABINE  PARALELA A;FILTROS;4,0;104,7
PC003963;ENGATE DE REBOQUE  REMANUFATURADO;ARTICULACAO_5RODA;3,0;1562,05
PC003964;DISCO DE EMBREAGEM STD PARALELA A;TRANSMISSAO;33,0;869,16
PC003965;SAPATA DE FREIO  ORIGINAL;FREIOS;92,0;386,71
PC003966;BICO INJETOR LEVE ORIGINAL;MOTOR;19,0;1993,14
PC003967;BUCHA DE MOLA  ORIGINAL;SUSPENSAO;6,0;639,83
PC003968;VENTOINHA  PARALELA A;ARREFECIMENTO;214,0;409,87
PC003969;CAMISA DE CILINDRO LEVE PARALELA A;MOTOR;2,0;6072,95
PC003970;BOMBA INJETORA PESADO PARALELA A;MOTOR;40,0;1443,65
PC003971;TAMBOR DE FREIO LEVE PARALELA A;FREIOS;17,0;206,47
PC003972;ROLAMENTO DE EMBREAGEM LEVE PARALELA B;TRANSMISSAO;52,0;2064,1
PC003973;PINO REI LEVE ORIGINAL;ARTICULACAO_5RODA;86,0;3200,26
PC003974;PARA-LAMA STD PARALELA B;CARROCERIA;10,0;174,82
PC003975;VALVULA DE ADMISSAO PESADO ORIGINAL;MOTOR;9,0;2148,81
PC003976;PNEU RADIAL 295/80 REFORCADO REMANUFATURADO;RODAS_PNEUS;25,0;1002,51
PC003977;MACANETA DE PORTA LEVE PARALELA A;CARROCERIA;75,0;608,79
PC003978;CUBO DE RODA STD REMANUFATURADO;RODAS_PNEUS;149,0;329,27
PC003979;BOMBA D AGUA LEVE PARALELA A;ARREFECIMENTO;26,0;84,29
PC003980;PASTILHA DE FREIO PESADO PARALELA A;FREIOS;13,0;281,21
PC003981;CAIXA DE CAMBIO COMPLETA STD REMANUFATURADO;TRANSMISSAO;13,0;817,25
PC003982;ALTERNADOR REFORCADO PARALELA A;ELETRICA;2,0;1143,9
PC003983;LANTERNA TRASEIRA  PARALELA B;ELETRICA;8,0;1141,69
PC003984;MOTOR DE PARTIDA STD ORIGINAL;ELETRICA;55,0;114,19
PC003985;JUNTA DE CABECOTE LEVE PARALELA A;MOTOR;2,0;2753,92
PC003986;SENSOR ABS STD ORIGINAL;ELETRICA;12,0;492,95
PC003987;RESERVATORIO EXPANSAO  ORIGINAL;ARREFECIMENTO;53,0;187,33
PC003988;TURBO COMPRESSOR  REMANUFATURADO;MOTOR;14,0;1973,13
PC003989;MANGUEIRA RADIADOR STD ORIGINAL;ARREFECIMENTO;198,0;229,3
PC003990;PINO MESTRE  PARALELA A;SUSPENSAO;59,0;333,54
PC003991;QUINTA RODA COMPLETA STD PARALELA A;ARTICULACAO_5RODA;2,0;1672,05
PC003992;EIXO CARDAN LEVE ORIGINAL;TRANSMISSAO;2,0;3372,51
PC003993;PLATO DE EMBREAGEM STD ORIGINAL;TRANSMISSAO;112,0;3108,61
PC003994;FILTRO DE OLEO MOTOR  ORIGINAL;MOTOR;3,0;1889,43
PC003995;BATERIA 150AH LEVE ORIGINAL;ELETRICA;11,0;1023,06
PC003996;DISCO DE FREIO REFORCADO ORIGINAL;FREIOS;17,0;83,98
PC003997;CILINDRO MESTRE LEVE ORIGINAL;FREIOS;46,0;257,66
PC003998;CHICOTE ELETRICO PESADO PARALELA A;ELETRICA;10,0;1218,51
PC003999;PARAFUSO DE RODA PESADO PARALELA A;RODAS_PNEUS;11,0;658,28
PC004000;RADIADOR COMPLETO LEVE PARALELA A;ARREFECIMENTO;129,0;502,71
PC004001;FILTRO DE OLEO CAMBIO STD PARALELA B;FILTROS;20,0;62,05
PC004002;ESPELHO RETROVISOR REFORCADO REMANUFATURADO;CARROCERIA;29,0;834,94
PC004003;RODA DE ACO ARO 22 PESADO PARALELA B;RODAS_PNEUS;6,0;256,41
PC004004;VIDRO LATERAL LEVE ORIGINAL;CARROCERIA;4,0;627,26
PC004005;MANGOTE PNEUMATICO LEVE PARALELA A;ARTICULACAO_5RODA;28,0;1418,4
PC004006;PARA-BRISA REFORCADO REMANUFATURADO;CARROCERIA;16,0;1015,53
PC004007;AMORTECEDOR DIANTEIRO LEVE ORIGINAL;SUSPENSAO;7,0;149,51
PC004008;FILTRO DE COMBUSTIVEL  PARALELA A;FILTROS;178,0;49,02
PC004009;FILTRO DE AR MOTOR LEVE ORIGINAL;FILTROS;57,0;129,0
PC004010;VALVULA TERMOSTATICA PESADO ORIGINAL;ARREFECIMENTO;10,0;709,14
PC004011;CAMARA DE AR PESADO REMANUFATURADO;RODAS_PNEUS;11,0;1456,14
PC004012;FEIXE DE MOLA LEVE REMANUFATURADO;SUSPENSAO;12,0;743,9
PC004014;ROLAMENTO DE RODA STD PARALELA A;RODAS_PNEUS;48,0;1504,86
PC004015;SINCRONIZADOR REFORCADO ORIGINAL;TRANSMISSAO;12,0;4675,49
PC004016;BOLSA DE AR SUSPENSAO PESADO PARALELA A;SUSPENSAO;3,0;752,07
PC004018;FILTRO SEPARADOR AGUA PESADO PARALELA A;FILTROS;6,0;36,88
PC004019;LONA DE FREIO  ORIGINAL;FREIOS;11,0;254,93
PC004020;CRUZETA CARDAN LEVE PARALELA A;TRANSMISSAO;26,0;4332,57
PC004021;PARA-CHOQUE DIANTEIRO PESADO ORIGINAL;CARROCERIA;34,0;628,16
PC004022;VALVULA DE FREIO  ORIGINAL;FREIOS;10,0;160,94
PC004023;FAROL DIANTEIRO LED STD ORIGINAL;ELETRICA;15,0;1113,18
PC004024;BARRA ESTABILIZADORA REFORCADO REMANUFATURADO;SUSPENSAO;55,0;1002,58
PC004025;AMORTECEDOR TRASEIRO STD ORIGINAL;SUSPENSAO;2,0;350,53
PC004026;FILTRO DE CABINE REFORCADO REMANUFATURADO;FILTROS;68,0;31,16
PC004027;ENGATE DE REBOQUE LEVE ORIGINAL;ARTICULACAO_5RODA;26,0;2261,99
PC004028;DISCO DE EMBREAGEM REFORCADO ORIGINAL;TRANSMISSAO;5,0;6609,77
PC004029;SAPATA DE FREIO LEVE ORIGINAL;FREIOS;9,0;254,38
PC004030;BICO INJETOR LEVE PARALELA B;MOTOR;3,0;1677,67
PC004031;BUCHA DE MOLA  ORIGINAL;SUSPENSAO;15,0;258,61
PC004032;VENTOINHA PESADO ORIGINAL;ARREFECIMENTO;6,0;448,79
PC004033;CAMISA DE CILINDRO REFORCADO REMANUFATURADO;MOTOR;1,0;1926,98
PC004034;BOMBA INJETORA STD PARALELA A;MOTOR;10,0;1460,39
PC004035;TAMBOR DE FREIO PESADO ORIGINAL;FREIOS;3,0;250,65
PC004036;ROLAMENTO DE EMBREAGEM PESADO ORIGINAL;TRANSMISSAO;3,0;6671,55
PC004037;PINO REI LEVE ORIGINAL;ARTICULACAO_5RODA;88,0;914,15
PC004038;PARA-LAMA STD REMANUFATURADO;CARROCERIA;4,0;203,6
PC004039;VALVULA DE ADMISSAO PESADO PARALELA B;MOTOR;7,0;4267,86
PC004040;PNEU RADIAL 295/80 STD PARALELA A;RODAS_PNEUS;45,0;836,23
PC004041;MACANETA DE PORTA REFORCADO PARALELA B;CARROCERIA;18,0;460,65
PC004042;CUBO DE RODA REFORCADO ORIGINAL;RODAS_PNEUS;5,0;1579,29
PC004043;BOMBA D AGUA STD REMANUFATURADO;ARREFECIMENTO;1,0;309,9
PC004044;PASTILHA DE FREIO REFORCADO REMANUFATURADO;FREIOS;60,0;367,54
PC004045;CAIXA DE CAMBIO COMPLETA LEVE PARALELA B;TRANSMISSAO;2,0;2823,52
PC004046;ALTERNADOR REFORCADO PARALELA A;ELETRICA;43,0;291,36
PC004047;LANTERNA TRASEIRA  PARALELA A;ELETRICA;4,0;98,83
PC004048;MOTOR DE PARTIDA LEVE PARALELA A;ELETRICA;4,0;365,36
PC004049;JUNTA DE CABECOTE LEVE ORIGINAL;MOTOR;9,0;2909,16
PC004051;RESERVATORIO EXPANSAO PESADO PARALELA A;ARREFECIMENTO;317,0;726,83
PC004052;TURBO COMPRESSOR LEVE ORIGINAL;MOTOR;33,0;3411,61
PC004053;MANGUEIRA RADIADOR PESADO PARALELA B;ARREFECIMENTO;28,0;626,09
PC004054;PINO MESTRE REFORCADO ORIGINAL;SUSPENSAO;2,0;846,34
PC004055;QUINTA RODA COMPLETA LEVE PARALELA A;ARTICULACAO_5RODA;1,0;979,0
PC004056;EIXO CARDAN  REMANUFATURADO;TRANSMISSAO;4,0;1016,81
PC004057;PLATO DE EMBREAGEM STD ORIGINAL;TRANSMISSAO;12,0;5085,61
PC004058;FILTRO DE OLEO MOTOR LEVE PARALELA A;MOTOR;5,0;1606,31
PC004059;BATERIA 150AH  PARALELA A;ELETRICA;7,0;1538,29
PC004060;DISCO DE FREIO PESADO PARALELA A;FREIOS;11,0;148,5
PC004061;CILINDRO MESTRE  PARALELA A;FREIOS;12,0;221,16
PC004062;CHICOTE ELETRICO  REMANUFATURADO;ELETRICA;6,0;354,41
PC004063;PARAFUSO DE RODA LEVE REMANUFATURADO;RODAS_PNEUS;499,0;1651,69
PC004064;RADIADOR COMPLETO STD ORIGINAL;ARREFECIMENTO;149,0;176,28
PC004065;FILTRO DE OLEO CAMBIO  REMANUFATURADO;FILTROS;22,0;28,79
PC004066;ESPELHO RETROVISOR  REMANUFATURADO;CARROCERIA;13,0;785,25
PC004067;RODA DE ACO ARO 22 PESADO ORIGINAL;RODAS_PNEUS;68,0;1379,31
PC004068;VIDRO LATERAL REFORCADO ORIGINAL;CARROCERIA;1,0;183,14
PC004069;MANGOTE PNEUMATICO STD ORIGINAL;ARTICULACAO_5RODA;3,0;2961,63
PC004070;PARA-BRISA LEVE ORIGINAL;CARROCERIA;11,0;164,08
PC004071;AMORTECEDOR DIANTEIRO REFORCADO PARALELA A;SUSPENSAO;4,0;386,37
PC004073;FILTRO DE AR MOTOR REFORCADO ORIGINAL;FILTROS;5,0;91,19
PC004074;VALVULA TERMOSTATICA REFORCADO ORIGINAL;ARREFECIMENTO;2,0;697,26
PC004076;FEIXE DE MOLA PESADO REMANUFATURADO;SUSPENSAO;34,0;600,78
PC004077;CORREIA DENTADA LEVE PARALELA B;MOTOR;5,0;5390,02
PC004078;ROLAMENTO DE RODA LEVE ORIGINAL;RODAS_PNEUS;4,0;471,14
PC004079;SINCRONIZADOR  PARALELA B;TRANSMISSAO;4,0;866,2
PC004080;BOLSA DE AR SUSPENSAO PESADO ORIGINAL;SUSPENSAO;67,0;482,79
PC004081;MANGUEIRA DE FREIO AR PESADO REMANUFATURADO;FREIOS;3,0;282,21
PC004082;FILTRO SEPARADOR AGUA STD REMANUFATURADO;FILTROS;3,0;32,06
PC004083;LONA DE FREIO LEVE REMANUFATURADO;FREIOS;15,0;172,54
PC004084;CRUZETA CARDAN STD REMANUFATURADO;TRANSMISSAO;20,0;1471,58
PC004085;PARA-CHOQUE DIANTEIRO LEVE PARALELA A;CARROCERIA;10,0;54,1
PC004086;VALVULA DE FREIO  ORIGINAL;FREIOS;72,0;292,79
PC004087;FAROL DIANTEIRO LED STD ORIGINAL;ELETRICA;3,0;348,45
PC004088;BARRA ESTABILIZADORA  PARALELA A;SUSPENSAO;18,0;950,52
PC004089;AMORTECEDOR TRASEIRO STD ORIGINAL;SUSPENSAO;20,0;1156,05
PC004090;FILTRO DE CABINE PESADO PARALELA A;FILTROS;39,0;34,26
PC004091;ENGATE DE REBOQUE STD PARALELA A;ARTICULACAO_5RODA;10,0;926,78
PC004092;DISCO DE EMBREAGEM STD ORIGINAL;TRANSMISSAO;4,0;4776,44
PC004093;SAPATA DE FREIO PESADO PARALELA A;FREIOS;87,0;266,57
PC004094;BICO INJETOR LEVE PARALELA A;MOTOR;2,0;5781,13
PC004095;BUCHA DE MOLA LEVE ORIGINAL;SUSPENSAO;91,0;413,4
PC004096;VENTOINHA REFORCADO PARALELA B;ARREFECIMENTO;4,0;539,79
PC004097;CAMISA DE CILINDRO STD ORIGINAL;MOTOR;3,0;1433,46
PC004098;BOMBA INJETORA LEVE PARALELA A;MOTOR;3,0;1439,41
PC004099;TAMBOR DE FREIO  REMANUFATURADO;FREIOS;6,0;176,89
PC004100;ROLAMENTO DE EMBREAGEM PESADO REMANUFATURADO;TRANSMISSAO;10,0;7079,78
PC004101;PINO REI  ORIGINAL;ARTICULACAO_5RODA;56,0;743,61
PC004102;PARA-LAMA PESADO ORIGINAL;CARROCERIA;44,0;224,75
PC004103;VALVULA DE ADMISSAO  ORIGINAL;MOTOR;4,0;3109,07
PC004104;PNEU RADIAL 295/80 REFORCADO ORIGINAL;RODAS_PNEUS;2,0;490,49
PC004105;MACANETA DE PORTA PESADO PARALELA A;CARROCERIA;7,0;597,79
PC004106;CUBO DE RODA LEVE ORIGINAL;RODAS_PNEUS;3,0;248,58
PC004107;BOMBA D AGUA PESADO REMANUFATURADO;ARREFECIMENTO;33,0;438,83
PC004108;PASTILHA DE FREIO  ORIGINAL;FREIOS;12,0;382,09
PC004109;CAIXA DE CAMBIO COMPLETA REFORCADO PARALELA A;TRANSMISSAO;194,0;7443,26
PC004110;ALTERNADOR LEVE PARALELA B;ELETRICA;6,0;1221,76
PC004111;LANTERNA TRASEIRA PESADO ORIGINAL;ELETRICA;27,0;1514,76
PC004112;MOTOR DE PARTIDA  PARALELA A;ELETRICA;65,0;974,37
PC004113;JUNTA DE CABECOTE LEVE PARALELA A;MOTOR;38,0;2195,33
PC004114;SENSOR ABS PESADO PARALELA B;ELETRICA;6,0;249,26
PC004115;RESERVATORIO EXPANSAO  PARALELA A;ARREFECIMENTO;11,0;879,41
PC004116;TURBO COMPRESSOR  PARALELA A;MOTOR;2,0;3818,21
PC004117;MANGUEIRA RADIADOR REFORCADO PARALELA B;ARREFECIMENTO;5,0;706,48
PC004118;PINO MESTRE PESADO ORIGINAL;SUSPENSAO;15,0;545,09
PC004120;EIXO CARDAN REFORCADO ORIGINAL;TRANSMISSAO;23,0;2396,01
PC004121;PLATO DE EMBREAGEM  PARALELA B;TRANSMISSAO;1,0;2677,23
PC004122;FILTRO DE OLEO MOTOR STD PARALELA A;MOTOR;1,0;3899,13
PC004123;BATERIA 150AH STD REMANUFATURADO;ELETRICA;6,0;1131,2
PC004124;DISCO DE FREIO STD PARALELA B;FREIOS;3,0;54,39
PC004126;CHICOTE ELETRICO STD PARALELA B;ELETRICA;88,0;862,31
PC004127;PARAFUSO DE RODA  ORIGINAL;RODAS_PNEUS;3,0;371,37
PC004128;RADIADOR COMPLETO REFORCADO PARALELA B;ARREFECIMENTO;2,0;802,98
PC004129;FILTRO DE OLEO CAMBIO STD REMANUFATURADO;FILTROS;36,0;40,24
PC004130;ESPELHO RETROVISOR LEVE PARALELA A;CARROCERIA;10,0;1006,07
PC004131;RODA DE ACO ARO 22 REFORCADO REMANUFATURADO;RODAS_PNEUS;9,0;1280,25
PC004132;VIDRO LATERAL LEVE PARALELA A;CARROCERIA;67,0;171,03
PC004133;MANGOTE PNEUMATICO REFORCADO ORIGINAL;ARTICULACAO_5RODA;2,0;329,79
PC004134;PARA-BRISA LEVE PARALELA A;CARROCERIA;95,0;130,2
PC004135;AMORTECEDOR DIANTEIRO STD PARALELA B;SUSPENSAO;1,0;1011,17
PC004136;FILTRO DE COMBUSTIVEL LEVE PARALELA B;FILTROS;1,0;59,33
PC004137;FILTRO DE AR MOTOR  PARALELA A;FILTROS;26,0;76,59
PC004138;VALVULA TERMOSTATICA PESADO PARALELA A;ARREFECIMENTO;2,0;407,57
PC004139;CAMARA DE AR STD PARALELA A;RODAS_PNEUS;7,0;962,58
PC004140;FEIXE DE MOLA LEVE ORIGINAL;SUSPENSAO;83,0;772,79
PC004141;CORREIA DENTADA STD PARALELA A;MOTOR;3,0;1919,34
PC004143;SINCRONIZADOR REFORCADO PARALELA A;TRANSMISSAO;53,0;5576,27
PC004144;BOLSA DE AR SUSPENSAO PESADO ORIGINAL;SUSPENSAO;6,0;694,32
PC004145;MANGUEIRA DE FREIO AR STD PARALELA A;FREIOS;429,0;291,41
PC004146;FILTRO SEPARADOR AGUA REFORCADO REMANUFATURADO;FILTROS;3,0;71,75
PC004147;LONA DE FREIO REFORCADO ORIGINAL;FREIOS;0,0;174,59
PC004148;CRUZETA CARDAN STD REMANUFATURADO;TRANSMISSAO;4,0;3372,86
PC004149;PARA-CHOQUE DIANTEIRO  ORIGINAL;CARROCERIA;65,0;778,87
PC004150;VALVULA DE FREIO REFORCADO ORIGINAL;FREIOS;80,0;285,09
PC004151;FAROL DIANTEIRO LED REFORCADO ORIGINAL;ELETRICA;1,0;1427,13
PC004152;BARRA ESTABILIZADORA STD PARALELA B;SUSPENSAO;16,0;384,42
PC004153;AMORTECEDOR TRASEIRO STD PARALELA A;SUSPENSAO;1,0;207,56
PC004154;FILTRO DE CABINE PESADO ORIGINAL;FILTROS;1,0;55,95
PC004155;ENGATE DE REBOQUE STD ORIGINAL;ARTICULACAO_5RODA;51,0;2703,92
PC004156;DISCO DE EMBREAGEM STD REMANUFATURADO;TRANSMISSAO;3,0;5664,96
PC004157;SAPATA DE FREIO LEVE REMANUFATURADO;FREIOS;17,0;334,28
PC004158;BICO INJETOR PESADO REMANUFATURADO;MOTOR;5,0;1005,34
PC004159;BUCHA DE MOLA PESADO REMANUFATURADO;SUSPENSAO;103,0;253,6
PC004160;VENTOINHA REFORCADO REMANUFATURADO;ARREFECIMENTO;0,0;172,24
PC004162;BOMBA INJETORA PESADO ORIGINAL;MOTOR;44,0;4263,2
PC004163;TAMBOR DE FREIO LEVE PARALELA A;FREIOS;11,0;111,37
PC004164;ROLAMENTO DE EMBREAGEM PESADO ORIGINAL;TRANSMISSAO;8,0;5072,25
PC004165;PINO REI PESADO PARALELA B;ARTICULACAO_5RODA;4,0;1061,54
PC004166;PARA-LAMA  PARALELA B;CARROCERIA;28,0;411,59
PC004167;VALVULA DE ADMISSAO LEVE PARALELA A;MOTOR;15,0;4676,98
PC004168;PNEU RADIAL 295/80 PESADO ORIGINAL;RODAS_PNEUS;38,0;1311,23
PC004169;MACANETA DE PORTA PESADO ORIGINAL;CARROCERIA;4,0;146,76
PC004170;CUBO DE RODA PESADO ORIGINAL;RODAS_PNEUS;7,0;83,65
PC004171;BOMBA D AGUA LEVE PARALELA B;ARREFECIMENTO;217,0;737,69
PC004172;PASTILHA DE FREIO  PARALELA A;FREIOS;14,0;111,85
PC004173;CAIXA DE CAMBIO COMPLETA PESADO PARALELA A;TRANSMISSAO;33,0;4433,95
PC004174;ALTERNADOR PESADO PARALELA A;ELETRICA;4,0;635,67
PC004175;LANTERNA TRASEIRA  PARALELA B;ELETRICA;13,0;396,14
PC004176;MOTOR DE PARTIDA  PARALELA A;ELETRICA;33,0;1015,28
PC004178;SENSOR ABS REFORCADO REMANUFATURADO;ELETRICA;45,0;423,18
PC004179;RESERVATORIO EXPANSAO STD PARALELA B;ARREFECIMENTO;104,0;425,56
PC004180;TURBO COMPRESSOR LEVE REMANUFATURADO;MOTOR;5,0;4621,33
PC004181;MANGUEIRA RADIADOR REFORCADO ORIGINAL;ARREFECIMENTO;4,0;127,76
PC004182;PINO MESTRE  PARALELA A;SUSPENSAO;2,0;1145,88
PC004184;EIXO CARDAN REFORCADO ORIGINAL;TRANSMISSAO;9,0;5329,28
PC004185;PLATO DE EMBREAGEM REFORCADO PARALELA B;TRANSMISSAO;20,0;2041,51
PC004186;FILTRO DE OLEO MOTOR PESADO ORIGINAL;MOTOR;6,0;708,75
PC004187;BATERIA 150AH  ORIGINAL;ELETRICA;13,0;1263,34
PC004188;DISCO DE FREIO  PARALELA A;FREIOS;5,0;84,14
PC004189;CILINDRO MESTRE PESADO REMANUFATURADO;FREIOS;6,0;173,4
PC004190;CHICOTE ELETRICO STD PARALELA A;ELETRICA;283,0;475,2
PC004191;PARAFUSO DE RODA STD PARALELA B;RODAS_PNEUS;9,0;1680,59
PC004192;RADIADOR COMPLETO  PARALELA A;ARREFECIMENTO;12,0;679,03
PC004193;FILTRO DE OLEO CAMBIO LEVE PARALELA B;FILTROS;2,0;112,02
PC004194;ESPELHO RETROVISOR STD ORIGINAL;CARROCERIA;7,0;379,8
PC004195;RODA DE ACO ARO 22  REMANUFATURADO;RODAS_PNEUS;21,0;149,52
PC004196;VIDRO LATERAL LEVE PARALELA A;CARROCERIA;9,0;994,77
PC004197;MANGOTE PNEUMATICO LEVE PARALELA A;ARTICULACAO_5RODA;86,0;1766,37
PC004198;PARA-BRISA REFORCADO ORIGINAL;CARROCERIA;47,0;1082,0
PC004199;AMORTECEDOR DIANTEIRO STD PARALELA B;SUSPENSAO;20,0;253,02
PC004200;FILTRO DE COMBUSTIVEL LEVE REMANUFATURADO;FILTROS;6,0;95,86
PC004202;VALVULA TERMOSTATICA STD PARALELA A;ARREFECIMENTO;69,0;246,04
PC004203;CAMARA DE AR PESADO PARALELA A;RODAS_PNEUS;22,0;1658,86
PC004204;FEIXE DE MOLA REFORCADO ORIGINAL;SUSPENSAO;23,0;518,1
PC004205;CORREIA DENTADA REFORCADO PARALELA A;MOTOR;1,0;4613,98
PC004208;BOLSA DE AR SUSPENSAO REFORCADO PARALELA B;SUSPENSAO;1,0;534,7
PC004209;MANGUEIRA DE FREIO AR PESADO ORIGINAL;FREIOS;11,0;365,89
PC004210;FILTRO SEPARADOR AGUA REFORCADO PARALELA A;FILTROS;3,0;132,43
PC004211;LONA DE FREIO REFORCADO ORIGINAL;FREIOS;52,0;303,37
PC004212;CRUZETA CARDAN PESADO PARALELA A;TRANSMISSAO;399,0;5885,74
PC004213;PARA-CHOQUE DIANTEIRO STD PARALELA B;CARROCERIA;14,0;78,53
PC004214;VALVULA DE FREIO PESADO PARALELA A;FREIOS;2,0;68,55
PC004215;FAROL DIANTEIRO LED REFORCADO ORIGINAL;ELETRICA;122,0;393,2
PC004216;BARRA ESTABILIZADORA PESADO ORIGINAL;SUSPENSAO;173,0;732,66
PC004217;AMORTECEDOR TRASEIRO LEVE PARALELA A;SUSPENSAO;3,0;422,84
PC004218;FILTRO DE CABINE PESADO REMANUFATURADO;FILTROS;11,0;108,75
PC004219;ENGATE DE REBOQUE PESADO ORIGINAL;ARTICULACAO_5RODA;13,0;300,08
PC004220;DISCO DE EMBREAGEM LEVE REMANUFATURADO;TRANSMISSAO;2,0;5794,48
PC004221;SAPATA DE FREIO  ORIGINAL;FREIOS;2,0;107,32
PC004222;BICO INJETOR REFORCADO PARALELA A;MOTOR;6,0;2058,0
PC004223;BUCHA DE MOLA LEVE PARALELA B;SUSPENSAO;184,0;331,44
PC004224;VENTOINHA LEVE PARALELA A;ARREFECIMENTO;5,0;782,76
PC004225;CAMISA DE CILINDRO STD ORIGINAL;MOTOR;7,0;986,67
PC004226;BOMBA INJETORA PESADO ORIGINAL;MOTOR;30,0;1457,37
PC004227;TAMBOR DE FREIO  PARALELA A;FREIOS;15,0;192,13
PC004228;ROLAMENTO DE EMBREAGEM STD ORIGINAL;TRANSMISSAO;11,0;3240,38
PC004229;PINO REI  ORIGINAL;ARTICULACAO_5RODA;38,0;724,24
PC004230;PARA-LAMA PESADO ORIGINAL;CARROCERIA;3,0;259,76
PC004231;VALVULA DE ADMISSAO LEVE PARALELA A;MOTOR;9,0;1648,61
PC004232;PNEU RADIAL 295/80  ORIGINAL;RODAS_PNEUS;3,0;366,57
PC004233;MACANETA DE PORTA LEVE REMANUFATURADO;CARROCERIA;1,0;462,37
PC004234;CUBO DE RODA PESADO REMANUFATURADO;RODAS_PNEUS;24,0;656,07
PC004235;BOMBA D AGUA REFORCADO PARALELA A;ARREFECIMENTO;14,0;425,45
PC004236;PASTILHA DE FREIO  PARALELA A;FREIOS;4,0;201,35
PC004237;CAIXA DE CAMBIO COMPLETA PESADO ORIGINAL;TRANSMISSAO;7,0;6479,57
PC004238;ALTERNADOR STD PARALELA B;ELETRICA;5,0;290,66
PC004239;LANTERNA TRASEIRA PESADO PARALELA B;ELETRICA;24,0;1105,84
PC004240;MOTOR DE PARTIDA  PARALELA A;ELETRICA;43,0;736,81
PC004241;JUNTA DE CABECOTE REFORCADO REMANUFATURADO;MOTOR;7,0;3102,05
PC004242;SENSOR ABS LEVE PARALELA A;ELETRICA;2,0;149,62
PC004243;RESERVATORIO EXPANSAO REFORCADO PARALELA A;ARREFECIMENTO;85,0;337,93
PC004244;TURBO COMPRESSOR  PARALELA A;MOTOR;28,0;3160,25
PC004245;MANGUEIRA RADIADOR PESADO REMANUFATURADO;ARREFECIMENTO;0,0;180,82
PC004246;PINO MESTRE LEVE PARALELA B;SUSPENSAO;3,0;129,72
PC004247;QUINTA RODA COMPLETA STD PARALELA A;ARTICULACAO_5RODA;40,0;979,97
PC004249;PLATO DE EMBREAGEM REFORCADO REMANUFATURADO;TRANSMISSAO;4,0;5420,78
PC004250;FILTRO DE OLEO MOTOR REFORCADO ORIGINAL;MOTOR;16,0;3086,05
PC004251;BATERIA 150AH STD ORIGINAL;ELETRICA;7,0;599,38
PC004252;DISCO DE FREIO  ORIGINAL;FREIOS;43,0;134,31
PC004253;CILINDRO MESTRE  PARALELA A;FREIOS;53,0;89,96
PC004254;CHICOTE ELETRICO REFORCADO REMANUFATURADO;ELETRICA;18,0;1197,52
PC004255;PARAFUSO DE RODA  ORIGINAL;RODAS_PNEUS;17,0;438,2
PC004256;RADIADOR COMPLETO REFORCADO PARALELA B;ARREFECIMENTO;7,0;407,46
PC004257;FILTRO DE OLEO CAMBIO  PARALELA A;FILTROS;18,0;36,7
PC004258;ESPELHO RETROVISOR REFORCADO REMANUFATURADO;CARROCERIA;342,0;697,13
PC004259;RODA DE ACO ARO 22 STD ORIGINAL;RODAS_PNEUS;4,0;562,38
PC004260;VIDRO LATERAL  PARALELA A;CARROCERIA;24,0;896,8
PC004261;MANGOTE PNEUMATICO LEVE ORIGINAL;ARTICULACAO_5RODA;6,0;2037,02
PC004262;PARA-BRISA PESADO REMANUFATURADO;CARROCERIA;0,0;584,44
PC004263;AMORTECEDOR DIANTEIRO PESADO ORIGINAL;SUSPENSAO;1,0;143,65
PC004264;FILTRO DE COMBUSTIVEL STD REMANUFATURADO;FILTROS;7,0;62,52
PC004265;FILTRO DE AR MOTOR  PARALELA A;FILTROS;106,0;87,21
PC004266;VALVULA TERMOSTATICA STD REMANUFATURADO;ARREFECIMENTO;3,0;148,72
PC004267;CAMARA DE AR LEVE PARALELA A;RODAS_PNEUS;19,0;936,59
PC004268;FEIXE DE MOLA LEVE REMANUFATURADO;SUSPENSAO;10,0;703,08
PC004269;CORREIA DENTADA PESADO PARALELA A;MOTOR;2,0;4960,54
PC004270;ROLAMENTO DE RODA STD PARALELA A;RODAS_PNEUS;90,0;1317,54
PC004271;SINCRONIZADOR PESADO PARALELA A;TRANSMISSAO;1,0;4202,43
PC004272;BOLSA DE AR SUSPENSAO PESADO ORIGINAL;SUSPENSAO;50,0;396,91
PC004273;MANGUEIRA DE FREIO AR REFORCADO ORIGINAL;FREIOS;1,0;215,21
PC004274;FILTRO SEPARADOR AGUA REFORCADO ORIGINAL;FILTROS;11,0;101,52
PC004275;LONA DE FREIO REFORCADO REMANUFATURADO;FREIOS;10,0;309,25
PC004276;CRUZETA CARDAN  ORIGINAL;TRANSMISSAO;9,0;3958,08
PC004277;PARA-CHOQUE DIANTEIRO REFORCADO ORIGINAL;CARROCERIA;5,0;536,84
PC004278;VALVULA DE FREIO  ORIGINAL;FREIOS;38,0;292,09
PC004279;FAROL DIANTEIRO LED LEVE ORIGINAL;ELETRICA;129,0;985,22
PC004280;BARRA ESTABILIZADORA  ORIGINAL;SUSPENSAO;14,0;803,39
PC004281;AMORTECEDOR TRASEIRO STD ORIGINAL;SUSPENSAO;0,0;356,82
PC004282;FILTRO DE CABINE REFORCADO ORIGINAL;FILTROS;14,0;44,77
PC004283;ENGATE DE REBOQUE  REMANUFATURADO;ARTICULACAO_5RODA;61,0;2589,01
PC004284;DISCO DE EMBREAGEM PESADO ORIGINAL;TRANSMISSAO;9,0;415,52
PC004286;BICO INJETOR  PARALELA A;MOTOR;25,0;751,48
PC004287;BUCHA DE MOLA LEVE PARALELA B;SUSPENSAO;2,0;710,87
PC004288;VENTOINHA  PARALELA B;ARREFECIMENTO;12,0;919,38
PC004289;CAMISA DE CILINDRO STD PARALELA A;MOTOR;35,0;3720,41
PC004290;BOMBA INJETORA REFORCADO PARALELA B;MOTOR;2,0;1534,51
PC004291;TAMBOR DE FREIO PESADO REMANUFATURADO;FREIOS;35,0;260,11
PC004292;ROLAMENTO DE EMBREAGEM PESADO ORIGINAL;TRANSMISSAO;22,0;3492,69
PC004293;PINO REI REFORCADO ORIGINAL;ARTICULACAO_5RODA;12,0;1563,64
PC004294;PARA-LAMA LEVE ORIGINAL;CARROCERIA;18,0;336,54
PC004295;VALVULA DE ADMISSAO  PARALELA A;MOTOR;18,0;2535,12
PC004296;PNEU RADIAL 295/80 REFORCADO ORIGINAL;RODAS_PNEUS;6,0;900,58
PC004297;MACANETA DE PORTA LEVE PARALELA A;CARROCERIA;81,0;632,62
PC004298;CUBO DE RODA PESADO REMANUFATURADO;RODAS_PNEUS;127,0;911,45
PC004299;BOMBA D AGUA REFORCADO ORIGINAL;ARREFECIMENTO;2,0;988,95
PC004300;PASTILHA DE FREIO LEVE PARALELA A;FREIOS;17,0;141,91
PC004301;CAIXA DE CAMBIO COMPLETA PESADO ORIGINAL;TRANSMISSAO;30,0;6760,16
PC004302;ALTERNADOR PESADO PARALELA B;ELETRICA;6,0;929,66
PC004303;LANTERNA TRASEIRA PESADO PARALELA A;ELETRICA;22,0;1530,38
PC004304;MOTOR DE PARTIDA  ORIGINAL;ELETRICA;69,0;811,24
PC004305;JUNTA DE CABECOTE  REMANUFATURADO;MOTOR;47,0;3718,87
PC004306;SENSOR ABS LEVE ORIGINAL;ELETRICA;19,0;1150,01
PC004307;RESERVATORIO EXPANSAO LEVE PARALELA A;ARREFECIMENTO;6,0;143,51
PC004308;TURBO COMPRESSOR REFORCADO REMANUFATURADO;MOTOR;33,0;327,57
PC004309;MANGUEIRA RADIADOR REFORCADO PARALELA A;ARREFECIMENTO;41,0;637,27
PC004310;PINO MESTRE PESADO REMANUFATURADO;SUSPENSAO;11,0;122,36
PC004311;QUINTA RODA COMPLETA LEVE REMANUFATURADO;ARTICULACAO_5RODA;20,0;405,71
PC004312;EIXO CARDAN PESADO PARALELA A;TRANSMISSAO;2,0;6974,48
PC004313;PLATO DE EMBREAGEM STD PARALELA A;TRANSMISSAO;6,0;4840,94
PC004314;FILTRO DE OLEO MOTOR STD PARALELA A;MOTOR;40,0;248,03
PC004315;BATERIA 150AH PESADO ORIGINAL;ELETRICA;3,0;126,25
PC004316;DISCO DE FREIO STD ORIGINAL;FREIOS;20,0;89,96
PC004317;CILINDRO MESTRE LEVE ORIGINAL;FREIOS;25,0;74,81
PC004318;CHICOTE ELETRICO LEVE ORIGINAL;ELETRICA;2,0;876,97
PC004319;PARAFUSO DE RODA REFORCADO ORIGINAL;RODAS_PNEUS;22,0;732,76
PC004320;RADIADOR COMPLETO STD PARALELA A;ARREFECIMENTO;20,0;521,9
PC004321;FILTRO DE OLEO CAMBIO  PARALELA A;FILTROS;18,0;95,2
PC004322;ESPELHO RETROVISOR STD PARALELA A;CARROCERIA;47,0;397,41
PC004323;RODA DE ACO ARO 22 LEVE ORIGINAL;RODAS_PNEUS;2,0;585,26
PC004324;VIDRO LATERAL REFORCADO ORIGINAL;CARROCERIA;68,0;395,65
PC004325;MANGOTE PNEUMATICO REFORCADO REMANUFATURADO;ARTICULACAO_5RODA;5,0;1571,22
PC004326;PARA-BRISA PESADO ORIGINAL;CARROCERIA;28,0;98,26
PC004327;AMORTECEDOR DIANTEIRO REFORCADO REMANUFATURADO;SUSPENSAO;7,0;1164,28
PC004328;FILTRO DE COMBUSTIVEL PESADO REMANUFATURADO;FILTROS;6,0;99,78
PC004329;FILTRO DE AR MOTOR PESADO PARALELA A;FILTROS;0,0;40,88
PC004330;VALVULA TERMOSTATICA STD PARALELA B;ARREFECIMENTO;3,0;539,53
PC004331;CAMARA DE AR PESADO PARALELA A;RODAS_PNEUS;24,0;164,93
PC004332;FEIXE DE MOLA LEVE PARALELA A;SUSPENSAO;4,0;298,5
PC004333;CORREIA DENTADA PESADO REMANUFATURADO;MOTOR;1,0;4733,66
PC004334;ROLAMENTO DE RODA REFORCADO ORIGINAL;RODAS_PNEUS;10,0;2054,1
PC004335;SINCRONIZADOR STD ORIGINAL;TRANSMISSAO;3,0;6771,49
PC004336;BOLSA DE AR SUSPENSAO LEVE ORIGINAL;SUSPENSAO;68,0;721,82
PC004337;MANGUEIRA DE FREIO AR STD ORIGINAL;FREIOS;17,0;135,31
PC004338;FILTRO SEPARADOR AGUA REFORCADO ORIGINAL;FILTROS;2,0;78,79
PC004340;CRUZETA CARDAN LEVE PARALELA A;TRANSMISSAO;4,0;3341,81
PC004341;PARA-CHOQUE DIANTEIRO LEVE PARALELA B;CARROCERIA;3,0;393,71
PC004342;VALVULA DE FREIO STD ORIGINAL;FREIOS;37,0;167,25
PC004343;FAROL DIANTEIRO LED  REMANUFATURADO;ELETRICA;129,0;945,84
PC004344;BARRA ESTABILIZADORA PESADO PARALELA B;SUSPENSAO;54,0;761,27
PC004345;AMORTECEDOR TRASEIRO REFORCADO PARALELA A;SUSPENSAO;11,0;887,51
PC004346;FILTRO DE CABINE  REMANUFATURADO;FILTROS;3,0;21,84
PC004347;ENGATE DE REBOQUE STD ORIGINAL;ARTICULACAO_5RODA;19,0;692,08
PC004348;DISCO DE EMBREAGEM  ORIGINAL;TRANSMISSAO;36,0;3246,31
PC004349;SAPATA DE FREIO  PARALELA A;FREIOS;5,0;179,04
PC004350;BICO INJETOR LEVE PARALELA A;MOTOR;14,0;2921,37
PC004351;BUCHA DE MOLA  REMANUFATURADO;SUSPENSAO;18,0;324,84
PC004352;VENTOINHA STD REMANUFATURADO;ARREFECIMENTO;4,0;195,45
PC004353;CAMISA DE CILINDRO LEVE PARALELA B;MOTOR;39,0;4840,61
PC004354;BOMBA INJETORA  PARALELA B;MOTOR;14,0;3820,43
PC004355;TAMBOR DE FREIO PESADO REMANUFATURADO;FREIOS;19,0;135,47
PC004356;ROLAMENTO DE EMBREAGEM LEVE PARALELA A;TRANSMISSAO;19,0;446,44
PC004357;PINO REI REFORCADO REMANUFATURADO;ARTICULACAO_5RODA;17,0;1484,1
PC004358;PARA-LAMA STD REMANUFATURADO;CARROCERIA;73,0;321,74
PC004360;PNEU RADIAL 295/80 STD PARALELA B;RODAS_PNEUS;13,0;761,16
PC004361;MACANETA DE PORTA REFORCADO PARALELA A;CARROCERIA;45,0;682,29
PC004362;CUBO DE RODA STD ORIGINAL;RODAS_PNEUS;313,0;561,94
PC004363;BOMBA D AGUA PESADO REMANUFATURADO;ARREFECIMENTO;11,0;928,8
PC004364;PASTILHA DE FREIO LEVE ORIGINAL;FREIOS;3,0;177,85
PC004365;CAIXA DE CAMBIO COMPLETA LEVE ORIGINAL;TRANSMISSAO;4,0;6211,6
PC004366;ALTERNADOR REFORCADO ORIGINAL;ELETRICA;8,0;714,29
PC004367;LANTERNA TRASEIRA REFORCADO PARALELA B;ELETRICA;4,0;275,29
PC004368;MOTOR DE PARTIDA PESADO PARALELA A;ELETRICA;55,0;648,26
PC004369;JUNTA DE CABECOTE LEVE ORIGINAL;MOTOR;42,0;2311,87
PC004370;SENSOR ABS LEVE PARALELA A;ELETRICA;70,0;917,56
PC004371;RESERVATORIO EXPANSAO PESADO ORIGINAL;ARREFECIMENTO;6,0;745,01
PC004372;TURBO COMPRESSOR REFORCADO PARALELA A;MOTOR;24,0;2115,65
PC004373;MANGUEIRA RADIADOR PESADO PARALELA A;ARREFECIMENTO;53,0;570,22
PC004374;PINO MESTRE STD REMANUFATURADO;SUSPENSAO;15,0;986,14
PC004375;QUINTA RODA COMPLETA PESADO ORIGINAL;ARTICULACAO_5RODA;8,0;2343,09
PC004376;EIXO CARDAN LEVE PARALELA B;TRANSMISSAO;5,0;7994,19
PC004377;PLATO DE EMBREAGEM LEVE PARALELA A;TRANSMISSAO;7,0;2343,69
PC004378;FILTRO DE OLEO MOTOR LEVE PARALELA A;MOTOR;4,0;4570,91
PC004379;BATERIA 150AH  PARALELA B;ELETRICA;135,0;968,84
PC004380;DISCO DE FREIO LEVE ORIGINAL;FREIOS;48,0;153,0
PC004381;CILINDRO MESTRE  REMANUFATURADO;FREIOS;6,0;129,23
PC004382;CHICOTE ELETRICO STD ORIGINAL;ELETRICA;5,0;596,19
PC004383;PARAFUSO DE RODA  ORIGINAL;RODAS_PNEUS;16,0;573,62
PC004384;RADIADOR COMPLETO  REMANUFATURADO;ARREFECIMENTO;28,0;560,42
PC004385;FILTRO DE OLEO CAMBIO LEVE ORIGINAL;FILTROS;9,0;76,02
PC004386;ESPELHO RETROVISOR  PARALELA A;CARROCERIA;11,0;88,75
PC004387;RODA DE ACO ARO 22 LEVE ORIGINAL;RODAS_PNEUS;80,0;1356,86
PC004388;VIDRO LATERAL  REMANUFATURADO;CARROCERIA;5,0;928,88
PC004389;MANGOTE PNEUMATICO STD ORIGINAL;ARTICULACAO_5RODA;5,0;1800,89
PC004390;PARA-BRISA PESADO ORIGINAL;CARROCERIA;8,0;594,64
PC004391;AMORTECEDOR DIANTEIRO STD PARALELA A;SUSPENSAO;22,0;955,07
PC004392;FILTRO DE COMBUSTIVEL STD ORIGINAL;FILTROS;12,0;49,31
PC004393;FILTRO DE AR MOTOR STD REMANUFATURADO;FILTROS;23,0;111,38
PC004394;VALVULA TERMOSTATICA LEVE ORIGINAL;ARREFECIMENTO;4,0;831,49
PC004395;CAMARA DE AR REFORCADO PARALELA A;RODAS_PNEUS;9,0;1074,65
PC004396;FEIXE DE MOLA STD PARALELA A;SUSPENSAO;18,0;907,76
PC004397;CORREIA DENTADA REFORCADO ORIGINAL;MOTOR;2,0;857,82
PC004398;ROLAMENTO DE RODA PESADO REMANUFATURADO;RODAS_PNEUS;37,0;382,75
PC004399;SINCRONIZADOR PESADO PARALELA A;TRANSMISSAO;1,0;377,38
PC004400;BOLSA DE AR SUSPENSAO LEVE PARALELA B;SUSPENSAO;3,0;840,3
PC004401;MANGUEIRA DE FREIO AR LEVE REMANUFATURADO;FREIOS;9,0;244,54
PC004402;FILTRO SEPARADOR AGUA PESADO ORIGINAL;FILTROS;25,0;82,16
PC004403;LONA DE FREIO LEVE REMANUFATURADO;FREIOS;26,0;178,0
PC004404;CRUZETA CARDAN REFORCADO PARALELA A;TRANSMISSAO;2,0;7445,63
PC004405;PARA-CHOQUE DIANTEIRO PESADO PARALELA A;CARROCERIA;99,0;888,61
PC004406;VALVULA DE FREIO LEVE ORIGINAL;FREIOS;25,0;142,53
PC004407;FAROL DIANTEIRO LED LEVE REMANUFATURADO;ELETRICA;2,0;464,06
PC004408;BARRA ESTABILIZADORA STD ORIGINAL;SUSPENSAO;37,0;527,28
PC004409;AMORTECEDOR TRASEIRO REFORCADO REMANUFATURADO;SUSPENSAO;5,0;850,76
PC004411;ENGATE DE REBOQUE PESADO ORIGINAL;ARTICULACAO_5RODA;130,0;1806,51
PC004412;DISCO DE EMBREAGEM REFORCADO ORIGINAL;TRANSMISSAO;6,0;4604,16
PC004413;SAPATA DE FREIO PESADO ORIGINAL;FREIOS;21,0;134,76
PC004414;BICO INJETOR REFORCADO ORIGINAL;MOTOR;8,0;534,54
PC004415;BUCHA DE MOLA LEVE ORIGINAL;SUSPENSAO;20,0;830,67
PC004416;VENTOINHA STD PARALELA A;ARREFECIMENTO;1,0;623,31
PC004417;CAMISA DE CILINDRO REFORCADO PARALELA B;MOTOR;13,0;5385,6
PC004418;BOMBA INJETORA  ORIGINAL;MOTOR;35,0;2928,23
PC004419;TAMBOR DE FREIO PESADO PARALELA A;FREIOS;6,0;161,24
PC004420;ROLAMENTO DE EMBREAGEM  PARALELA B;TRANSMISSAO;6,0;5846,68
PC004421;PINO REI PESADO ORIGINAL;ARTICULACAO_5RODA;16,0;859,03
PC004422;PARA-LAMA  PARALELA B;CARROCERIA;2,0;259,29
PC004423;VALVULA DE ADMISSAO REFORCADO PARALELA A;MOTOR;172,0;683,51
PC004424;PNEU RADIAL 295/80 STD ORIGINAL;RODAS_PNEUS;22,0;1269,1
PC004425;MACANETA DE PORTA PESADO PARALELA A;CARROCERIA;12,0;986,53
PC004426;CUBO DE RODA STD PARALELA A;RODAS_PNEUS;83,0;764,53
PC004427;BOMBA D AGUA  PARALELA B;ARREFECIMENTO;11,0;511,9
PC004428;PASTILHA DE FREIO  REMANUFATURADO;FREIOS;2,0;138,82
PC004429;CAIXA DE CAMBIO COMPLETA STD PARALELA A;TRANSMISSAO;6,0;649,14
PC004430;ALTERNADOR PESADO PARALELA B;ELETRICA;41,0;637,1
PC004431;LANTERNA TRASEIRA STD PARALELA A;ELETRICA;0,0;323,02
PC004432;MOTOR DE PARTIDA PESADO ORIGINAL;ELETRICA;16,0;1185,96
PC004433;JUNTA DE CABECOTE REFORCADO REMANUFATURADO;MOTOR;6,0;4392,06
PC004434;SENSOR ABS STD PARALELA B;ELETRICA;18,0;397,45
PC004435;RESERVATORIO EXPANSAO STD ORIGINAL;ARREFECIMENTO;15,0;832,64
PC004436;TURBO COMPRESSOR  PARALELA B;MOTOR;7,0;3816,34
PC004437;MANGUEIRA RADIADOR PESADO PARALELA A;ARREFECIMENTO;40,0;544,56
PC004438;PINO MESTRE PESADO PARALELA B;SUSPENSAO;9,0;133,31
PC004439;QUINTA RODA COMPLETA PESADO ORIGINAL;ARTICULACAO_5RODA;453,0;2449,06
PC004440;EIXO CARDAN LEVE PARALELA A;TRANSMISSAO;30,0;5857,91
PC004441;PLATO DE EMBREAGEM  REMANUFATURADO;TRANSMISSAO;3,0;1346,2
PC004442;FILTRO DE OLEO MOTOR REFORCADO PARALELA A;MOTOR;53,0;4913,19
PC004443;BATERIA 150AH  ORIGINAL;ELETRICA;69,0;1393,87
PC004444;DISCO DE FREIO REFORCADO PARALELA B;FREIOS;3,0;126,28
PC004445;CILINDRO MESTRE STD ORIGINAL;FREIOS;16,0;348,31
PC004446;CHICOTE ELETRICO  ORIGINAL;ELETRICA;9,0;1326,58
PC004447;PARAFUSO DE RODA  ORIGINAL;RODAS_PNEUS;16,0;915,64
PC004448;RADIADOR COMPLETO PESADO PARALELA A;ARREFECIMENTO;16,0;882,8
PC004449;FILTRO DE OLEO CAMBIO REFORCADO PARALELA A;FILTROS;41,0;54,86
PC004450;ESPELHO RETROVISOR STD REMANUFATURADO;CARROCERIA;31,0;294,63
PC004451;RODA DE ACO ARO 22  ORIGINAL;RODAS_PNEUS;9,0;1526,14
PC004452;VIDRO LATERAL STD ORIGINAL;CARROCERIA;0,0;831,19
PC004453;MANGOTE PNEUMATICO STD PARALELA A;ARTICULACAO_5RODA;7,0;818,05
PC004454;PARA-BRISA PESADO ORIGINAL;CARROCERIA;144,0;508,47
PC004455;AMORTECEDOR DIANTEIRO REFORCADO REMANUFATURADO;SUSPENSAO;2,0;540,91
PC004457;FILTRO DE AR MOTOR STD ORIGINAL;FILTROS;10,0;40,34
PC004458;VALVULA TERMOSTATICA STD PARALELA A;ARREFECIMENTO;3,0;137,55
PC004459;CAMARA DE AR PESADO PARALELA A;RODAS_PNEUS;121,0;671,05
PC004460;FEIXE DE MOLA PESADO ORIGINAL;SUSPENSAO;21,0;683,62
PC004461;CORREIA DENTADA  PARALELA B;MOTOR;21,0;4716,5
PC004462;ROLAMENTO DE RODA LEVE PARALELA A;RODAS_PNEUS;4,0;937,29
PC004464;BOLSA DE AR SUSPENSAO REFORCADO ORIGINAL;SUSPENSAO;18,0;485,61
PC004465;MANGUEIRA DE FREIO AR PESADO ORIGINAL;FREIOS;11,0;104,72
PC004466;FILTRO SEPARADOR AGUA STD PARALELA A;FILTROS;1,0;93,87
PC004467;LONA DE FREIO PESADO ORIGINAL;FREIOS;80,0;137,9
PC004468;CRUZETA CARDAN STD REMANUFATURADO;TRANSMISSAO;25,0;324,99
PC004469;PARA-CHOQUE DIANTEIRO  PARALELA B;CARROCERIA;62,0;166,51
PC004470;VALVULA DE FREIO REFORCADO ORIGINAL;FREIOS;13,0;232,8
PC004471;FAROL DIANTEIRO LED LEVE PARALELA B;ELETRICA;21,0;246,7
PC004472;BARRA ESTABILIZADORA LEVE PARALELA A;SUSPENSAO;26,0;1121,33
PC004473;AMORTECEDOR TRASEIRO  ORIGINAL;SUSPENSAO;5,0;695,2
PC004474;FILTRO DE CABINE REFORCADO PARALELA A;FILTROS;3,0;106,29
PC004475;ENGATE DE REBOQUE PESADO PARALELA A;ARTICULACAO_5RODA;10,0;651,67
PC004476;DISCO DE EMBREAGEM LEVE PARALELA A;TRANSMISSAO;78,0;5427,62
PC004477;SAPATA DE FREIO REFORCADO ORIGINAL;FREIOS;61,0;170,39
PC004478;BICO INJETOR STD PARALELA A;MOTOR;1,0;1644,14
PC004479;BUCHA DE MOLA REFORCADO ORIGINAL;SUSPENSAO;0,0;626,19
PC004480;VENTOINHA LEVE REMANUFATURADO;ARREFECIMENTO;0,0;904,12
PC004481;CAMISA DE CILINDRO PESADO PARALELA B;MOTOR;2,0;2333,38
PC004482;BOMBA INJETORA REFORCADO ORIGINAL;MOTOR;178,0;1032,19
PC004483;TAMBOR DE FREIO STD PARALELA B;FREIOS;31,0;325,24
PC004484;ROLAMENTO DE EMBREAGEM  ORIGINAL;TRANSMISSAO;90,0;3125,82
PC004485;PINO REI LEVE PARALELA A;ARTICULACAO_5RODA;26,0;2006,43
PC004486;PARA-LAMA REFORCADO REMANUFATURADO;CARROCERIA;56,0;218,46
PC004487;VALVULA DE ADMISSAO STD REMANUFATURADO;MOTOR;93,0;1765,17
PC004488;PNEU RADIAL 295/80 REFORCADO PARALELA A;RODAS_PNEUS;7,0;281,98
PC004489;MACANETA DE PORTA REFORCADO ORIGINAL;CARROCERIA;15,0;337,84
PC004490;CUBO DE RODA LEVE PARALELA A;RODAS_PNEUS;55,0;1080,93
PC004491;BOMBA D AGUA  REMANUFATURADO;ARREFECIMENTO;167,0;662,38
PC004492;PASTILHA DE FREIO  PARALELA B;FREIOS;24,0;130,86
PC004493;CAIXA DE CAMBIO COMPLETA REFORCADO PARALELA B;TRANSMISSAO;3,0;2172,08
PC004494;ALTERNADOR LEVE ORIGINAL;ELETRICA;598,0;161,36
PC004495;LANTERNA TRASEIRA REFORCADO PARALELA B;ELETRICA;7,0;1199,32
PC004496;MOTOR DE PARTIDA REFORCADO ORIGINAL;ELETRICA;164,0;1236,37
PC004498;SENSOR ABS PESADO PARALELA A;ELETRICA;112,0;938,07
PC004499;RESERVATORIO EXPANSAO PESADO PARALELA B;ARREFECIMENTO;6,0;442,35
PC004500;TURBO COMPRESSOR STD REMANUFATURADO;MOTOR;40,0;5111,64
PC004501;MANGUEIRA RADIADOR STD PARALELA A;ARREFECIMENTO;2,0;412,05
PC004502;PINO MESTRE REFORCADO ORIGINAL;SUSPENSAO;53,0;177,16
PC004503;QUINTA RODA COMPLETA STD PARALELA B;ARTICULACAO_5RODA;23,0;2116,77
PC004504;EIXO CARDAN  PARALELA A;TRANSMISSAO;58,0;4823,52
PC004505;PLATO DE EMBREAGEM STD PARALELA B;TRANSMISSAO;13,0;6622,01
PC004507;BATERIA 150AH REFORCADO ORIGINAL;ELETRICA;35,0;1121,8
PC004508;DISCO DE FREIO REFORCADO PARALELA A;FREIOS;40,0;279,39
PC004509;CILINDRO MESTRE STD ORIGINAL;FREIOS;16,0;143,68
PC004510;CHICOTE ELETRICO STD REMANUFATURADO;ELETRICA;50,0;1338,11
PC004511;PARAFUSO DE RODA REFORCADO ORIGINAL;RODAS_PNEUS;10,0;1000,79
PC004512;RADIADOR COMPLETO STD ORIGINAL;ARREFECIMENTO;172,0;937,3
PC004514;ESPELHO RETROVISOR STD REMANUFATURADO;CARROCERIA;7,0;427,14
PC004515;RODA DE ACO ARO 22 STD ORIGINAL;RODAS_PNEUS;104,0;292,03
PC004516;VIDRO LATERAL LEVE REMANUFATURADO;CARROCERIA;87,0;442,86
PC004517;MANGOTE PNEUMATICO  PARALELA B;ARTICULACAO_5RODA;3,0;772,4
PC004518;PARA-BRISA REFORCADO ORIGINAL;CARROCERIA;16,0;749,86
PC004519;AMORTECEDOR DIANTEIRO REFORCADO PARALELA B;SUSPENSAO;2,0;492,99
PC004520;FILTRO DE COMBUSTIVEL STD PARALELA A;FILTROS;32,0;47,56
PC004521;FILTRO DE AR MOTOR LEVE PARALELA A;FILTROS;25,0;108,66
PC004522;VALVULA TERMOSTATICA REFORCADO PARALELA B;ARREFECIMENTO;6,0;806,54
PC004523;CAMARA DE AR STD ORIGINAL;RODAS_PNEUS;18,0;1246,27
PC004524;FEIXE DE MOLA PESADO REMANUFATURADO;SUSPENSAO;8,0;1154,6
PC004525;CORREIA DENTADA STD PARALELA B;MOTOR;23,0;4741,25
PC004526;ROLAMENTO DE RODA STD PARALELA B;RODAS_PNEUS;42,0;1173,72
PC004527;SINCRONIZADOR LEVE PARALELA B;TRANSMISSAO;6,0;1274,53
PC004528;BOLSA DE AR SUSPENSAO  ORIGINAL;SUSPENSAO;67,0;757,85
PC004529;MANGUEIRA DE FREIO AR LEVE PARALELA B;FREIOS;13,0;72,08
PC004530;FILTRO SEPARADOR AGUA REFORCADO ORIGINAL;FILTROS;16,0;39,78
PC004531;LONA DE FREIO STD PARALELA A;FREIOS;73,0;95,94
PC004532;CRUZETA CARDAN STD PARALELA B;TRANSMISSAO;35,0;6870,1
PC004533;PARA-CHOQUE DIANTEIRO  ORIGINAL;CARROCERIA;94,0;1107,66
PC004534;VALVULA DE FREIO PESADO REMANUFATURADO;FREIOS;11,0;338,37
PC004535;FAROL DIANTEIRO LED STD PARALELA B;ELETRICA;7,0;64,33
PC004536;BARRA ESTABILIZADORA  PARALELA A;SUSPENSAO;52,0;161,23
PC004537;AMORTECEDOR TRASEIRO LEVE ORIGINAL;SUSPENSAO;6,0;752,18
PC004538;FILTRO DE CABINE PESADO PARALELA A;FILTROS;36,0;100,71
PC004539;ENGATE DE REBOQUE LEVE ORIGINAL;ARTICULACAO_5RODA;1,0;1717,34
PC004540;DISCO DE EMBREAGEM PESADO REMANUFATURADO;TRANSMISSAO;48,0;1685,89
PC004541;SAPATA DE FREIO PESADO ORIGINAL;FREIOS;9,0;283,0
PC004542;BICO INJETOR PESADO PARALELA A;MOTOR;1,0;4284,51
PC004543;BUCHA DE MOLA LEVE REMANUFATURADO;SUSPENSAO;5,0;886,83
PC004544;VENTOINHA  PARALELA A;ARREFECIMENTO;51,0;383,45
PC004545;CAMISA DE CILINDRO  PARALELA B;MOTOR;19,0;6023,84
PC004546;BOMBA INJETORA PESADO ORIGINAL;MOTOR;1,0;575,7
PC004547;TAMBOR DE FREIO  REMANUFATURADO;FREIOS;6,0;41,74
PC004548;ROLAMENTO DE EMBREAGEM  ORIGINAL;TRANSMISSAO;121,0;2388,14
PC004549;PINO REI LEVE ORIGINAL;ARTICULACAO_5RODA;31,0;1471,55
PC004550;PARA-LAMA PESADO PARALELA A;CARROCERIA;22,0;1090,79
PC004551;VALVULA DE ADMISSAO REFORCADO ORIGINAL;MOTOR;7,0;5575,83
PC004552;PNEU RADIAL 295/80 PESADO PARALELA B;RODAS_PNEUS;8,0;159,83
PC004554;CUBO DE RODA PESADO ORIGINAL;RODAS_PNEUS;6,0;1090,67
PC004555;BOMBA D AGUA PESADO PARALELA B;ARREFECIMENTO;7,0;871,53
PC004556;PASTILHA DE FREIO PESADO PARALELA B;FREIOS;15,0;330,8
PC004557;CAIXA DE CAMBIO COMPLETA REFORCADO PARALELA A;TRANSMISSAO;4,0;4695,81
PC004558;ALTERNADOR STD ORIGINAL;ELETRICA;24,0;289,77
PC004559;LANTERNA TRASEIRA LEVE ORIGINAL;ELETRICA;57,0;331,59
PC004560;MOTOR DE PARTIDA PESADO ORIGINAL;ELETRICA;4,0;798,66
PC004561;JUNTA DE CABECOTE REFORCADO PARALELA A;MOTOR;31,0;1090,39
PC004562;SENSOR ABS REFORCADO PARALELA B;ELETRICA;58,0;750,41
PC004563;RESERVATORIO EXPANSAO STD PARALELA B;ARREFECIMENTO;349,0;631,29
PC004564;TURBO COMPRESSOR REFORCADO ORIGINAL;MOTOR;657,0;5306,54
PC004565;MANGUEIRA RADIADOR STD PARALELA A;ARREFECIMENTO;2,0;835,53
PC004566;PINO MESTRE STD PARALELA B;SUSPENSAO;23,0;792,64
PC004567;QUINTA RODA COMPLETA REFORCADO PARALELA A;ARTICULACAO_5RODA;20,0;1485,92
PC004569;PLATO DE EMBREAGEM REFORCADO ORIGINAL;TRANSMISSAO;1,0;3167,39
PC004570;FILTRO DE OLEO MOTOR  ORIGINAL;MOTOR;38,0;4284,19
PC004571;BATERIA 150AH  ORIGINAL;ELETRICA;3,0;252,05
PC004572;DISCO DE FREIO REFORCADO PARALELA A;FREIOS;347,0;289,98
PC004573;CILINDRO MESTRE PESADO REMANUFATURADO;FREIOS;69,0;324,17
PC004574;CHICOTE ELETRICO LEVE REMANUFATURADO;ELETRICA;36,0;1168,81
PC004575;PARAFUSO DE RODA  ORIGINAL;RODAS_PNEUS;8,0;404,92
PC004576;RADIADOR COMPLETO STD ORIGINAL;ARREFECIMENTO;4,0;346,32
PC004577;FILTRO DE OLEO CAMBIO  PARALELA A;FILTROS;1,0;35,67
PC004578;ESPELHO RETROVISOR LEVE REMANUFATURADO;CARROCERIA;2,0;173,8
PC004579;RODA DE ACO ARO 22 PESADO PARALELA A;RODAS_PNEUS;17,0;564,98
PC004580;VIDRO LATERAL LEVE REMANUFATURADO;CARROCERIA;147,0;801,3
PC004581;MANGOTE PNEUMATICO REFORCADO PARALELA B;ARTICULACAO_5RODA;29,0;1396,42
PC004582;PARA-BRISA PESADO REMANUFATURADO;CARROCERIA;10,0;253,44
PC004583;AMORTECEDOR DIANTEIRO  PARALELA B;SUSPENSAO;6,0;817,44
PC004584;FILTRO DE COMBUSTIVEL REFORCADO REMANUFATURADO;FILTROS;3,0;74,15
PC004585;FILTRO DE AR MOTOR STD REMANUFATURADO;FILTROS;0,0;88,08
PC004586;VALVULA TERMOSTATICA STD ORIGINAL;ARREFECIMENTO;73,0;173,75
PC004587;CAMARA DE AR PESADO ORIGINAL;RODAS_PNEUS;4,0;267,94
PC004588;FEIXE DE MOLA STD ORIGINAL;SUSPENSAO;47,0;507,08
PC004589;CORREIA DENTADA STD ORIGINAL;MOTOR;17,0;5445,41
PC004590;ROLAMENTO DE RODA  REMANUFATURADO;RODAS_PNEUS;38,0;644,46
PC004591;SINCRONIZADOR REFORCADO ORIGINAL;TRANSMISSAO;3,0;685,69
PC004592;BOLSA DE AR SUSPENSAO LEVE REMANUFATURADO;SUSPENSAO;13,0;204,45
PC004593;MANGUEIRA DE FREIO AR  REMANUFATURADO;FREIOS;50,0;137,22
PC004594;FILTRO SEPARADOR AGUA  ORIGINAL;FILTROS;44,0;65,88
PC004595;LONA DE FREIO  REMANUFATURADO;FREIOS;2,0;296,42
PC004596;CRUZETA CARDAN LEVE PARALELA A;TRANSMISSAO;16,0;1638,25
PC004597;PARA-CHOQUE DIANTEIRO  REMANUFATURADO;CARROCERIA;27,0;1034,5
PC004598;VALVULA DE FREIO REFORCADO PARALELA B;FREIOS;1,0;170,97
PC004599;FAROL DIANTEIRO LED LEVE PARALELA A;ELETRICA;2,0;739,32
PC004600;BARRA ESTABILIZADORA REFORCADO PARALELA B;SUSPENSAO;48,0;553,59
PC004601;AMORTECEDOR TRASEIRO  ORIGINAL;SUSPENSAO;74,0;708,47
PC004602;FILTRO DE CABINE PESADO ORIGINAL;FILTROS;331,0;50,67
PC004603;ENGATE DE REBOQUE  ORIGINAL;ARTICULACAO_5RODA;1,0;1688,33
PC004605;SAPATA DE FREIO PESADO PARALELA B;FREIOS;2,0;90,81
PC004606;BICO INJETOR REFORCADO PARALELA B;MOTOR;12,0;1308,96
PC004607;BUCHA DE MOLA STD ORIGINAL;SUSPENSAO;3,0;891,59
PC004608;VENTOINHA PESADO REMANUFATURADO;ARREFECIMENTO;1,0;198,13
PC004609;CAMISA DE CILINDRO PESADO ORIGINAL;MOTOR;5,0;4268,6
PC004610;BOMBA INJETORA LEVE PARALELA A;MOTOR;25,0;2283,12
PC004611;TAMBOR DE FREIO REFORCADO PARALELA A;FREIOS;5,0;160,39
PC004612;ROLAMENTO DE EMBREAGEM PESADO ORIGINAL;TRANSMISSAO;27,0;7523,51
PC004614;PARA-LAMA REFORCADO PARALELA A;CARROCERIA;2,0;457,79
PC004615;VALVULA DE ADMISSAO PESADO PARALELA B;MOTOR;23,0;715,1
PC004616;PNEU RADIAL 295/80 REFORCADO PARALELA A;RODAS_PNEUS;1,0;641,79
PC004617;MACANETA DE PORTA PESADO ORIGINAL;CARROCERIA;15,0;1052,97
PC004618;CUBO DE RODA REFORCADO REMANUFATURADO;RODAS_PNEUS;11,0;1225,7
PC004619;BOMBA D AGUA LEVE ORIGINAL;ARREFECIMENTO;48,0;285,77
PC004620;PASTILHA DE FREIO PESADO PARALELA A;FREIOS;22,0;228,5
PC004621;CAIXA DE CAMBIO COMPLETA LEVE PARALELA B;TRANSMISSAO;9,0;3005,13
PC004622;ALTERNADOR LEVE REMANUFATURADO;ELETRICA;7,0;552,63
PC004623;LANTERNA TRASEIRA PESADO PARALELA A;ELETRICA;9,0;250,72
PC004624;MOTOR DE PARTIDA  ORIGINAL;ELETRICA;1,0;362,75
PC004625;JUNTA DE CABECOTE STD ORIGINAL;MOTOR;5,0;4596,86
PC004626;SENSOR ABS PESADO ORIGINAL;ELETRICA;6,0;748,16
PC004627;RESERVATORIO EXPANSAO  REMANUFATURADO;ARREFECIMENTO;11,0;804,48
PC004628;TURBO COMPRESSOR LEVE ORIGINAL;MOTOR;3,0;2723,03
PC004629;MANGUEIRA RADIADOR REFORCADO PARALELA B;ARREFECIMENTO;93,0;951,66
PC004630;PINO MESTRE PESADO ORIGINAL;SUSPENSAO;19,0;464,17
PC004631;QUINTA RODA COMPLETA PESADO PARALELA B;ARTICULACAO_5RODA;1,0;2316,97
PC004632;EIXO CARDAN PESADO REMANUFATURADO;TRANSMISSAO;40,0;785,33
PC004633;PLATO DE EMBREAGEM  ORIGINAL;TRANSMISSAO;2,0;5448,57
PC004634;FILTRO DE OLEO MOTOR PESADO PARALELA B;MOTOR;12,0;1721,43
PC004635;BATERIA 150AH LEVE PARALELA A;ELETRICA;10,0;474,79
PC004636;DISCO DE FREIO PESADO ORIGINAL;FREIOS;3,0;83,5
PC004637;CILINDRO MESTRE REFORCADO PARALELA A;FREIOS;30,0;153,26
PC004638;CHICOTE ELETRICO PESADO PARALELA A;ELETRICA;34,0;1013,09
PC004639;PARAFUSO DE RODA REFORCADO PARALELA A;RODAS_PNEUS;13,0;903,05
PC004640;RADIADOR COMPLETO LEVE ORIGINAL;ARREFECIMENTO;3,0;115,35
PC004642;ESPELHO RETROVISOR LEVE ORIGINAL;CARROCERIA;32,0;792,28
PC004643;RODA DE ACO ARO 22 REFORCADO ORIGINAL;RODAS_PNEUS;3,0;1110,37
PC004644;VIDRO LATERAL REFORCADO ORIGINAL;CARROCERIA;19,0;71,49
PC004645;MANGOTE PNEUMATICO  REMANUFATURADO;ARTICULACAO_5RODA;97,0;1666,45
PC004646;PARA-BRISA  PARALELA A;CARROCERIA;15,0;702,35
PC004647;AMORTECEDOR DIANTEIRO STD PARALELA B;SUSPENSAO;7,0;723,59
PC004648;FILTRO DE COMBUSTIVEL STD ORIGINAL;FILTROS;35,0;18,55
PC004649;FILTRO DE AR MOTOR LEVE REMANUFATURADO;FILTROS;29,0;68,29
PC004650;VALVULA TERMOSTATICA PESADO REMANUFATURADO;ARREFECIMENTO;6,0;159,68
PC004651;CAMARA DE AR REFORCADO ORIGINAL;RODAS_PNEUS;140,0;633,36
PC004652;FEIXE DE MOLA STD ORIGINAL;SUSPENSAO;10,0;460,79
PC004653;CORREIA DENTADA  PARALELA A;MOTOR;82,0;1296,17
PC004654;ROLAMENTO DE RODA REFORCADO ORIGINAL;RODAS_PNEUS;6,0;1167,25
PC004655;SINCRONIZADOR LEVE PARALELA A;TRANSMISSAO;15,0;2661,75
PC004656;BOLSA DE AR SUSPENSAO  PARALELA B;SUSPENSAO;77,0;650,78
PC004657;MANGUEIRA DE FREIO AR LEVE PARALELA B;FREIOS;4,0;61,86
PC004658;FILTRO SEPARADOR AGUA STD PARALELA A;FILTROS;7,0;35,02
PC004659;LONA DE FREIO PESADO ORIGINAL;FREIOS;41,0;247,41
PC004661;PARA-CHOQUE DIANTEIRO  ORIGINAL;CARROCERIA;8,0;396,99
PC004663;FAROL DIANTEIRO LED STD ORIGINAL;ELETRICA;108,0;233,8
PC004664;BARRA ESTABILIZADORA REFORCADO PARALELA B;SUSPENSAO;109,0;351,31
PC004665;AMORTECEDOR TRASEIRO  PARALELA A;SUSPENSAO;3,0;959,37
PC004667;ENGATE DE REBOQUE STD PARALELA A;ARTICULACAO_5RODA;13,0;2726,73
PC004668;DISCO DE EMBREAGEM REFORCADO ORIGINAL;TRANSMISSAO;100,0;2209,56
PC004669;SAPATA DE FREIO STD ORIGINAL;FREIOS;2,0;228,32
PC004670;BICO INJETOR PESADO ORIGINAL;MOTOR;4,0;5692,49
PC004671;BUCHA DE MOLA PESADO ORIGINAL;SUSPENSAO;14,0;272,64
PC004672;VENTOINHA  PARALELA A;ARREFECIMENTO;7,0;222,12
PC004673;CAMISA DE CILINDRO  PARALELA B;MOTOR;303,0;3313,91
PC004674;BOMBA INJETORA REFORCADO ORIGINAL;MOTOR;20,0;4061,64
PC004675;TAMBOR DE FREIO LEVE REMANUFATURADO;FREIOS;1,0;394,4
PC004676;ROLAMENTO DE EMBREAGEM  ORIGINAL;TRANSMISSAO;93,0;5546,46
PC004677;PINO REI  PARALELA A;ARTICULACAO_5RODA;15,0;1388,97
PC004678;PARA-LAMA  ORIGINAL;CARROCERIA;13,0;1001,88
PC004679;VALVULA DE ADMISSAO LEVE ORIGINAL;MOTOR;3,0;979,61
PC004680;PNEU RADIAL 295/80 REFORCADO ORIGINAL;RODAS_PNEUS;2,0;365,37
PC004681;MACANETA DE PORTA LEVE ORIGINAL;CARROCERIA;10,0;656,85
PC004683;BOMBA D AGUA STD PARALELA A;ARREFECIMENTO;23,0;453,13
PC004684;PASTILHA DE FREIO STD PARALELA A;FREIOS;17,0;58,44
PC004685;CAIXA DE CAMBIO COMPLETA  ORIGINAL;TRANSMISSAO;2,0;1471,11
PC004686;ALTERNADOR STD ORIGINAL;ELETRICA;50,0;961,56
PC004687;LANTERNA TRASEIRA STD PARALELA B;ELETRICA;33,0;1084,2
PC004688;MOTOR DE PARTIDA PESADO PARALELA B;ELETRICA;104,0;796,35
PC004689;JUNTA DE CABECOTE STD ORIGINAL;MOTOR;449,0;4385,11
PC004690;SENSOR ABS REFORCADO PARALELA A;ELETRICA;87,0;788,55
PC004691;RESERVATORIO EXPANSAO PESADO ORIGINAL;ARREFECIMENTO;20,0;282,38
PC004692;TURBO COMPRESSOR REFORCADO ORIGINAL;MOTOR;18,0;2920,48
PC004693;MANGUEIRA RADIADOR  ORIGINAL;ARREFECIMENTO;13,0;340,31
PC004694;PINO MESTRE REFORCADO PARALELA A;SUSPENSAO;22,0;157,52
PC004695;QUINTA RODA COMPLETA PESADO ORIGINAL;ARTICULACAO_5RODA;4,0;313,95
PC004696;EIXO CARDAN LEVE PARALELA B;TRANSMISSAO;26,0;2884,34
PC004697;PLATO DE EMBREAGEM PESADO ORIGINAL;TRANSMISSAO;55,0;3680,59
PC004699;BATERIA 150AH STD PARALELA A;ELETRICA;10,0;826,83
PC004700;DISCO DE FREIO  REMANUFATURADO;FREIOS;6,0;192,77
PC004701;CILINDRO MESTRE PESADO PARALELA B;FREIOS;18,0;45,67
PC004702;CHICOTE ELETRICO PESADO ORIGINAL;ELETRICA;29,0;587,39
PC004703;PARAFUSO DE RODA PESADO PARALELA A;RODAS_PNEUS;43,0;432,58
PC004704;RADIADOR COMPLETO STD ORIGINAL;ARREFECIMENTO;33,0;732,71
PC004705;FILTRO DE OLEO CAMBIO REFORCADO PARALELA B;FILTROS;67,0;20,49
PC004706;ESPELHO RETROVISOR STD ORIGINAL;CARROCERIA;2,0;169,02
PC004707;RODA DE ACO ARO 22 LEVE PARALELA A;RODAS_PNEUS;14,0;1427,8
PC004708;VIDRO LATERAL REFORCADO PARALELA B;CARROCERIA;19,0;484,16
PC004709;MANGOTE PNEUMATICO  REMANUFATURADO;ARTICULACAO_5RODA;28,0;1675,63
PC004710;PARA-BRISA STD PARALELA A;CARROCERIA;28,0;866,14
PC004712;FILTRO DE COMBUSTIVEL LEVE ORIGINAL;FILTROS;52,0;42,89
PC004713;FILTRO DE AR MOTOR  ORIGINAL;FILTROS;12,0;127,14
PC004714;VALVULA TERMOSTATICA LEVE PARALELA A;ARREFECIMENTO;39,0;978,63
PC004715;CAMARA DE AR STD PARALELA A;RODAS_PNEUS;36,0;749,55
PC004716;FEIXE DE MOLA LEVE PARALELA A;SUSPENSAO;5,0;180,38
PC004717;CORREIA DENTADA LEVE REMANUFATURADO;MOTOR;315,0;2122,57
PC004719;SINCRONIZADOR REFORCADO ORIGINAL;TRANSMISSAO;147,0;1706,65
PC004720;BOLSA DE AR SUSPENSAO LEVE PARALELA A;SUSPENSAO;30,0;275,83
PC004721;MANGUEIRA DE FREIO AR PESADO PARALELA B;FREIOS;32,0;320,58
PC004722;FILTRO SEPARADOR AGUA  PARALELA A;FILTROS;34,0;82,75
PC004723;LONA DE FREIO LEVE PARALELA A;FREIOS;24,0;68,16
PC004724;CRUZETA CARDAN PESADO PARALELA B;TRANSMISSAO;14,0;2824,59
PC004725;PARA-CHOQUE DIANTEIRO  ORIGINAL;CARROCERIA;9,0;886,23
PC004726;VALVULA DE FREIO REFORCADO ORIGINAL;FREIOS;8,0;325,34
PC004727;FAROL DIANTEIRO LED LEVE PARALELA A;ELETRICA;4,0;217,81
PC004728;BARRA ESTABILIZADORA STD ORIGINAL;SUSPENSAO;5,0;901,35
PC004729;AMORTECEDOR TRASEIRO LEVE ORIGINAL;SUSPENSAO;3,0;527,4
PC004731;ENGATE DE REBOQUE REFORCADO ORIGINAL;ARTICULACAO_5RODA;78,0;2494,14
PC004732;DISCO DE EMBREAGEM PESADO ORIGINAL;TRANSMISSAO;5,0;5607,43
PC004733;SAPATA DE FREIO STD PARALELA B;FREIOS;94,0;319,97
PC004734;BICO INJETOR  ORIGINAL;MOTOR;15,0;702,21
PC004735;BUCHA DE MOLA PESADO ORIGINAL;SUSPENSAO;12,0;669,11
PC004736;VENTOINHA REFORCADO ORIGINAL;ARREFECIMENTO;7,0;855,6
PC004737;CAMISA DE CILINDRO LEVE PARALELA A;MOTOR;8,0;1217,36
PC004738;BOMBA INJETORA  PARALELA B;MOTOR;2,0;2500,17
PC004739;TAMBOR DE FREIO LEVE PARALELA A;FREIOS;7,0;51,07
PC004740;ROLAMENTO DE EMBREAGEM  ORIGINAL;TRANSMISSAO;46,0;2000,28
PC004741;PINO REI  PARALELA B;ARTICULACAO_5RODA;1,0;2098,83
PC004742;PARA-LAMA PESADO PARALELA B;CARROCERIA;7,0;542,21
PC004744;PNEU RADIAL 295/80 LEVE ORIGINAL;RODAS_PNEUS;62,0;1216,19
PC004746;CUBO DE RODA  PARALELA B;RODAS_PNEUS;24,0;1221,36
PC004747;BOMBA D AGUA STD REMANUFATURADO;ARREFECIMENTO;33,0;967,46
PC004748;PASTILHA DE FREIO LEVE ORIGINAL;FREIOS;2,0;113,38
PC004749;CAIXA DE CAMBIO COMPLETA  PARALELA A;TRANSMISSAO;121,0;359,62
PC004750;ALTERNADOR  ORIGINAL;ELETRICA;13,0;1415,03
PC004752;MOTOR DE PARTIDA REFORCADO ORIGINAL;ELETRICA;44,0;539,69
PC004753;JUNTA DE CABECOTE PESADO PARALELA A;MOTOR;6,0;3646,08
PC004754;SENSOR ABS PESADO PARALELA A;ELETRICA;8,0;1136,13
PC004755;RESERVATORIO EXPANSAO STD PARALELA A;ARREFECIMENTO;28,0;365,41
PC004756;TURBO COMPRESSOR LEVE ORIGINAL;MOTOR;3,0;4237,31
PC004757;MANGUEIRA RADIADOR REFORCADO PARALELA B;ARREFECIMENTO;28,0;224,0
PC004758;PINO MESTRE LEVE ORIGINAL;SUSPENSAO;26,0;254,17
PC004759;QUINTA RODA COMPLETA LEVE ORIGINAL;ARTICULACAO_5RODA;60,0;1552,75
PC004760;EIXO CARDAN  REMANUFATURADO;TRANSMISSAO;9,0;3284,3
PC004761;PLATO DE EMBREAGEM PESADO ORIGINAL;TRANSMISSAO;17,0;2310,14
PC004762;FILTRO DE OLEO MOTOR  PARALELA A;MOTOR;12,0;4556,35
PC004763;BATERIA 150AH PESADO PARALELA A;ELETRICA;20,0;452,61
PC004764;DISCO DE FREIO  ORIGINAL;FREIOS;4,0;144,69
PC004765;CILINDRO MESTRE PESADO ORIGINAL;FREIOS;1,0;169,38
PC004766;CHICOTE ELETRICO REFORCADO ORIGINAL;ELETRICA;2,0;464,63
PC004767;PARAFUSO DE RODA REFORCADO PARALELA B;RODAS_PNEUS;14,0;1519,63
PC004768;RADIADOR COMPLETO STD PARALELA A;ARREFECIMENTO;56,0;511,42
PC004769;FILTRO DE OLEO CAMBIO STD PARALELA A;FILTROS;51,0;16,81
PC004770;ESPELHO RETROVISOR PESADO ORIGINAL;CARROCERIA;24,0;184,21
PC004771;RODA DE ACO ARO 22 REFORCADO PARALELA A;RODAS_PNEUS;23,0;1612,89
PC004772;VIDRO LATERAL STD REMANUFATURADO;CARROCERIA;24,0;574,98
PC004773;MANGOTE PNEUMATICO  PARALELA A;ARTICULACAO_5RODA;169,0;2328,48
PC004774;PARA-BRISA STD PARALELA B;CARROCERIA;4,0;258,33
PC004775;AMORTECEDOR DIANTEIRO  REMANUFATURADO;SUSPENSAO;160,0;1188,93
PC004776;FILTRO DE COMBUSTIVEL  ORIGINAL;FILTROS;26,0;91,61
PC004777;FILTRO DE AR MOTOR REFORCADO PARALELA B;FILTROS;2,0;110,69
PC004778;VALVULA TERMOSTATICA LEVE REMANUFATURADO;ARREFECIMENTO;5,0;350,93
PC004779;CAMARA DE AR REFORCADO REMANUFATURADO;RODAS_PNEUS;3,0;252,83
PC004780;FEIXE DE MOLA REFORCADO PARALELA A;SUSPENSAO;14,0;251,97
PC004781;CORREIA DENTADA  ORIGINAL;MOTOR;35,0;2669,98
PC004782;ROLAMENTO DE RODA REFORCADO REMANUFATURADO;RODAS_PNEUS;33,0;238,44
PC004783;SINCRONIZADOR LEVE ORIGINAL;TRANSMISSAO;37,0;6199,35
PC004784;BOLSA DE AR SUSPENSAO STD PARALELA B;SUSPENSAO;21,0;216,81
PC004785;MANGUEIRA DE FREIO AR PESADO ORIGINAL;FREIOS;9,0;226,2
PC004786;FILTRO SEPARADOR AGUA LEVE ORIGINAL;FILTROS;6,0;119,33
PC004787;LONA DE FREIO  ORIGINAL;FREIOS;10,0;260,9
PC004788;CRUZETA CARDAN PESADO ORIGINAL;TRANSMISSAO;34,0;943,94
PC004789;PARA-CHOQUE DIANTEIRO STD PARALELA A;CARROCERIA;8,0;941,21
PC004790;VALVULA DE FREIO  ORIGINAL;FREIOS;4,0;190,2
PC004791;FAROL DIANTEIRO LED STD PARALELA B;ELETRICA;33,0;1068,56
PC004792;BARRA ESTABILIZADORA STD PARALELA A;SUSPENSAO;55,0;1098,33
PC004793;AMORTECEDOR TRASEIRO REFORCADO ORIGINAL;SUSPENSAO;6,0;782,55
PC004794;FILTRO DE CABINE PESADO PARALELA A;FILTROS;2,0;80,65
PC004795;ENGATE DE REBOQUE REFORCADO PARALELA A;ARTICULACAO_5RODA;119,0;410,66
PC004796;DISCO DE EMBREAGEM  ORIGINAL;TRANSMISSAO;13,0;5642,16
PC004797;SAPATA DE FREIO REFORCADO PARALELA A;FREIOS;27,0;394,34
PC004798;BICO INJETOR PESADO ORIGINAL;MOTOR;21,0;5567,36
PC004799;BUCHA DE MOLA LEVE PARALELA A;SUSPENSAO;32,0;883,07
PC004800;VENTOINHA STD ORIGINAL;ARREFECIMENTO;14,0;665,66
PC004801;CAMISA DE CILINDRO  ORIGINAL;MOTOR;6,0;4746,82
PC004802;BOMBA INJETORA  PARALELA A;MOTOR;38,0;4099,16
PC004803;TAMBOR DE FREIO PESADO PARALELA B;FREIOS;4,0;209,63
PC004804;ROLAMENTO DE EMBREAGEM LEVE ORIGINAL;TRANSMISSAO;3,0;8260,94
PC004805;PINO REI REFORCADO PARALELA B;ARTICULACAO_5RODA;2,0;732,06
PC004806;PARA-LAMA LEVE PARALELA A;CARROCERIA;3,0;618,26
PC004807;VALVULA DE ADMISSAO REFORCADO PARALELA B;MOTOR;21,0;3652,09
PC004808;PNEU RADIAL 295/80 LEVE ORIGINAL;RODAS_PNEUS;312,0;862,63
PC004809;MACANETA DE PORTA LEVE ORIGINAL;CARROCERIA;8,0;234,7
PC004810;CUBO DE RODA LEVE REMANUFATURADO;RODAS_PNEUS;4,0;1056,47
PC004811;BOMBA D AGUA PESADO REMANUFATURADO;ARREFECIMENTO;310,0;493,51
PC004812;PASTILHA DE FREIO STD PARALELA A;FREIOS;20,0;217,32
PC004813;CAIXA DE CAMBIO COMPLETA  ORIGINAL;TRANSMISSAO;1,0;4775,96
PC004814;ALTERNADOR REFORCADO PARALELA B;ELETRICA;52,0;815,73
PC004815;LANTERNA TRASEIRA REFORCADO PARALELA A;ELETRICA;1,0;48,18
PC004816;MOTOR DE PARTIDA REFORCADO REMANUFATURADO;ELETRICA;5,0;614,44
PC004817;JUNTA DE CABECOTE  PARALELA A;MOTOR;47,0;533,85
PC004818;SENSOR ABS PESADO ORIGINAL;ELETRICA;327,0;936,94
PC004819;RESERVATORIO EXPANSAO REFORCADO REMANUFATURADO;ARREFECIMENTO;4,0;595,24
PC004820;TURBO COMPRESSOR STD PARALELA A;MOTOR;12,0;1622,34
PC004821;MANGUEIRA RADIADOR REFORCADO PARALELA A;ARREFECIMENTO;32,0;498,49
PC004822;PINO MESTRE PESADO REMANUFATURADO;SUSPENSAO;5,0;600,38
PC004824;EIXO CARDAN STD PARALELA B;TRANSMISSAO;13,0;2590,93
PC004825;PLATO DE EMBREAGEM REFORCADO ORIGINAL;TRANSMISSAO;2,0;1862,52
PC004826;FILTRO DE OLEO MOTOR STD ORIGINAL;MOTOR;3,0;6282,44
PC004827;BATERIA 150AH LEVE ORIGINAL;ELETRICA;7,0;1228,38
PC004828;DISCO DE FREIO REFORCADO PARALELA A;FREIOS;156,0;189,55
PC004829;CILINDRO MESTRE  PARALELA A;FREIOS;2,0;380,79
PC004830;CHICOTE ELETRICO LEVE ORIGINAL;ELETRICA;21,0;920,91
PC004831;PARAFUSO DE RODA LEVE PARALELA B;RODAS_PNEUS;5,0;246,79
PC004832;RADIADOR COMPLETO REFORCADO PARALELA B;ARREFECIMENTO;21,0;134,24
PC004833;FILTRO DE OLEO CAMBIO PESADO REMANUFATURADO;FILTROS;4,0;20,82
PC004834;ESPELHO RETROVISOR STD PARALELA B;CARROCERIA;31,0;709,28
PC004836;VIDRO LATERAL PESADO PARALELA A;CARROCERIA;3,0;340,27
PC004837;MANGOTE PNEUMATICO STD PARALELA B;ARTICULACAO_5RODA;22,0;2839,5
PC004838;PARA-BRISA  REMANUFATURADO;CARROCERIA;5,0;475,1
PC004839;AMORTECEDOR DIANTEIRO  ORIGINAL;SUSPENSAO;9,0;737,44
PC004840;FILTRO DE COMBUSTIVEL LEVE REMANUFATURADO;FILTROS;26,0;92,72
PC004841;FILTRO DE AR MOTOR  REMANUFATURADO;FILTROS;318,0;26,65
PC004842;VALVULA TERMOSTATICA STD PARALELA B;ARREFECIMENTO;1,0;663,26
PC004843;CAMARA DE AR STD PARALELA A;RODAS_PNEUS;30,0;1574,6
PC004844;FEIXE DE MOLA PESADO ORIGINAL;SUSPENSAO;23,0;206,31
PC004845;CORREIA DENTADA PESADO REMANUFATURADO;MOTOR;3,0;3353,73
PC004846;ROLAMENTO DE RODA LEVE PARALELA B;RODAS_PNEUS;3,0;1503,39
PC004847;SINCRONIZADOR LEVE ORIGINAL;TRANSMISSAO;9,0;2703,56
PC004848;BOLSA DE AR SUSPENSAO STD REMANUFATURADO;SUSPENSAO;24,0;641,46
PC004849;MANGUEIRA DE FREIO AR LEVE ORIGINAL;FREIOS;14,0;171,84
PC004850;FILTRO SEPARADOR AGUA STD PARALELA A;FILTROS;7,0;29,33
PC004851;LONA DE FREIO  ORIGINAL;FREIOS;33,0;103,8
PC004852;CRUZETA CARDAN LEVE REMANUFATURADO;TRANSMISSAO;113,0;6905,41
PC004853;PARA-CHOQUE DIANTEIRO  ORIGINAL;CARROCERIA;16,0;285,27
PC004854;VALVULA DE FREIO STD REMANUFATURADO;FREIOS;3,0;271,32
PC004855;FAROL DIANTEIRO LED REFORCADO ORIGINAL;ELETRICA;28,0;744,27
PC004856;BARRA ESTABILIZADORA  REMANUFATURADO;SUSPENSAO;1,0;513,27
PC004857;AMORTECEDOR TRASEIRO  ORIGINAL;SUSPENSAO;23,0;527,56
PC004858;FILTRO DE CABINE STD REMANUFATURADO;FILTROS;2,0;58,39
PC004859;ENGATE DE REBOQUE REFORCADO PARALELA B;ARTICULACAO_5RODA;3,0;2084,45
PC004860;DISCO DE EMBREAGEM  ORIGINAL;TRANSMISSAO;14,0;1366,99
PC004861;SAPATA DE FREIO LEVE ORIGINAL;FREIOS;12,0;313,57
PC004862;BICO INJETOR LEVE ORIGINAL;MOTOR;8,0;3492,42
PC004863;BUCHA DE MOLA REFORCADO ORIGINAL;SUSPENSAO;20,0;322,89
PC004864;VENTOINHA PESADO ORIGINAL;ARREFECIMENTO;6,0;767,15
PC004865;CAMISA DE CILINDRO LEVE ORIGINAL;MOTOR;2,0;3548,68
PC004866;BOMBA INJETORA LEVE PARALELA A;MOTOR;20,0;5454,26
PC004867;TAMBOR DE FREIO LEVE PARALELA B;FREIOS;19,0;301,05
PC004868;ROLAMENTO DE EMBREAGEM LEVE ORIGINAL;TRANSMISSAO;3,0;5365,34
PC004869;PINO REI LEVE PARALELA B;ARTICULACAO_5RODA;128,0;2039,63
PC004870;PARA-LAMA PESADO ORIGINAL;CARROCERIA;14,0;150,47
PC004871;VALVULA DE ADMISSAO PESADO PARALELA A;MOTOR;594,0;771,62
PC004872;PNEU RADIAL 295/80 STD PARALELA B;RODAS_PNEUS;2,0;362,67
PC004873;MACANETA DE PORTA LEVE PARALELA A;CARROCERIA;13,0;221,05
PC004874;CUBO DE RODA REFORCADO REMANUFATURADO;RODAS_PNEUS;8,0;200,3
PC004875;BOMBA D AGUA  PARALELA A;ARREFECIMENTO;26,0;852,98
PC004876;PASTILHA DE FREIO LEVE ORIGINAL;FREIOS;5,0;262,34
PC004877;CAIXA DE CAMBIO COMPLETA LEVE PARALELA B;TRANSMISSAO;1,0;2387,5
PC004878;ALTERNADOR REFORCADO ORIGINAL;ELETRICA;5,0;1223,33
PC004879;LANTERNA TRASEIRA REFORCADO PARALELA A;ELETRICA;1,0;290,58
PC004880;MOTOR DE PARTIDA  PARALELA A;ELETRICA;58,0;117,23
PC004881;JUNTA DE CABECOTE  PARALELA B;MOTOR;44,0;4306,61
PC004882;SENSOR ABS  ORIGINAL;ELETRICA;7,0;1058,73
PC004883;RESERVATORIO EXPANSAO PESADO ORIGINAL;ARREFECIMENTO;27,0;693,25
PC004884;TURBO COMPRESSOR PESADO PARALELA B;MOTOR;18,0;509,96
PC004885;MANGUEIRA RADIADOR PESADO ORIGINAL;ARREFECIMENTO;1,0;591,18
PC004886;PINO MESTRE LEVE PARALELA A;SUSPENSAO;3,0;718,03
PC004887;QUINTA RODA COMPLETA  PARALELA B;ARTICULACAO_5RODA;2,0;1684,51
PC004888;EIXO CARDAN  PARALELA A;TRANSMISSAO;3,0;6583,82
PC004889;PLATO DE EMBREAGEM STD PARALELA A;TRANSMISSAO;3,0;4138,96
PC004890;FILTRO DE OLEO MOTOR  PARALELA A;MOTOR;10,0;1472,38
PC004891;BATERIA 150AH REFORCADO PARALELA A;ELETRICA;2,0;1286,56
PC004892;DISCO DE FREIO  PARALELA A;FREIOS;32,0;104,92
PC004893;CILINDRO MESTRE  PARALELA B;FREIOS;602,0;211,23
PC004894;CHICOTE ELETRICO STD ORIGINAL;ELETRICA;2,0;1240,34
PC004895;PARAFUSO DE RODA PESADO ORIGINAL;RODAS_PNEUS;1,0;686,11
PC004896;RADIADOR COMPLETO  ORIGINAL;ARREFECIMENTO;41,0;476,2
PC004898;ESPELHO RETROVISOR REFORCADO PARALELA A;CARROCERIA;23,0;717,38
PC004899;RODA DE ACO ARO 22 PESADO ORIGINAL;RODAS_PNEUS;2,0;1266,91
PC004900;VIDRO LATERAL REFORCADO ORIGINAL;CARROCERIA;19,0;813,66
PC004901;MANGOTE PNEUMATICO STD PARALELA B;ARTICULACAO_5RODA;20,0;783,67
PC004903;AMORTECEDOR DIANTEIRO REFORCADO PARALELA A;SUSPENSAO;7,0;476,02
PC004904;FILTRO DE COMBUSTIVEL  PARALELA B;FILTROS;0,0;27,31
PC004905;FILTRO DE AR MOTOR PESADO PARALELA B;FILTROS;65,0;43,11
PC004906;VALVULA TERMOSTATICA PESADO ORIGINAL;ARREFECIMENTO;4,0;711,45
PC004907;CAMARA DE AR REFORCADO ORIGINAL;RODAS_PNEUS;11,0;1947,75
PC004908;FEIXE DE MOLA PESADO REMANUFATURADO;SUSPENSAO;6,0;1183,2
PC004909;CORREIA DENTADA  PARALELA B;MOTOR;6,0;1171,68
PC004911;SINCRONIZADOR LEVE ORIGINAL;TRANSMISSAO;6,0;6774,85
PC004912;BOLSA DE AR SUSPENSAO LEVE REMANUFATURADO;SUSPENSAO;10,0;843,81
PC004913;MANGUEIRA DE FREIO AR REFORCADO PARALELA B;FREIOS;211,0;227,76
PC004914;FILTRO SEPARADOR AGUA STD PARALELA A;FILTROS;2,0;104,01
PC004915;LONA DE FREIO PESADO ORIGINAL;FREIOS;3,0;141,56
PC004916;CRUZETA CARDAN  PARALELA A;TRANSMISSAO;50,0;6106,35
PC004917;PARA-CHOQUE DIANTEIRO LEVE REMANUFATURADO;CARROCERIA;10,0;317,74
PC004918;VALVULA DE FREIO PESADO PARALELA A;FREIOS;11,0;131,06
PC004919;FAROL DIANTEIRO LED REFORCADO ORIGINAL;ELETRICA;20,0;1575,93
PC004920;BARRA ESTABILIZADORA LEVE ORIGINAL;SUSPENSAO;438,0;1069,28
PC004921;AMORTECEDOR TRASEIRO PESADO REMANUFATURADO;SUSPENSAO;1,0;647,15
PC004922;FILTRO DE CABINE  PARALELA A;FILTROS;23,0;108,62
PC004923;ENGATE DE REBOQUE REFORCADO ORIGINAL;ARTICULACAO_5RODA;34,0;1583,26
PC004924;DISCO DE EMBREAGEM  ORIGINAL;TRANSMISSAO;116,0;5864,64
PC004925;SAPATA DE FREIO STD ORIGINAL;FREIOS;44,0;254,88
PC004927;BUCHA DE MOLA  PARALELA A;SUSPENSAO;16,0;845,16
PC004928;VENTOINHA PESADO REMANUFATURADO;ARREFECIMENTO;39,0;610,84
PC004930;BOMBA INJETORA  REMANUFATURADO;MOTOR;11,0;4027,63
PC004931;TAMBOR DE FREIO STD PARALELA A;FREIOS;1,0;138,55
PC004932;ROLAMENTO DE EMBREAGEM REFORCADO PARALELA B;TRANSMISSAO;12,0;775,2
PC004933;PINO REI LEVE ORIGINAL;ARTICULACAO_5RODA;22,0;2954,56
PC004934;PARA-LAMA PESADO ORIGINAL;CARROCERIA;4,0;508,95
PC004935;VALVULA DE ADMISSAO LEVE PARALELA B;MOTOR;627,0;2151,93
PC004936;PNEU RADIAL 295/80 LEVE ORIGINAL;RODAS_PNEUS;27,0;211,24
PC004937;MACANETA DE PORTA LEVE ORIGINAL;CARROCERIA;181,0;1019,11
PC004938;CUBO DE RODA STD ORIGINAL;RODAS_PNEUS;6,0;701,57
PC004939;BOMBA D AGUA STD PARALELA A;ARREFECIMENTO;3,0;440,98
PC004940;PASTILHA DE FREIO STD PARALELA A;FREIOS;6,0;323,48
PC004941;CAIXA DE CAMBIO COMPLETA PESADO PARALELA A;TRANSMISSAO;27,0;6191,2
PC004943;LANTERNA TRASEIRA LEVE REMANUFATURADO;ELETRICA;21,0;1281,2
PC004944;MOTOR DE PARTIDA PESADO ORIGINAL;ELETRICA;17,0;319,31
PC004945;JUNTA DE CABECOTE PESADO REMANUFATURADO;MOTOR;12,0;1283,63
PC004946;SENSOR ABS  REMANUFATURADO;ELETRICA;18,0;436,07
PC004947;RESERVATORIO EXPANSAO  ORIGINAL;ARREFECIMENTO;3,0;410,48
PC004948;TURBO COMPRESSOR STD REMANUFATURADO;MOTOR;30,0;3266,67
PC004949;MANGUEIRA RADIADOR LEVE REMANUFATURADO;ARREFECIMENTO;7,0;469,67
PC004950;PINO MESTRE  PARALELA B;SUSPENSAO;23,0;641,08
PC004951;QUINTA RODA COMPLETA PESADO ORIGINAL;ARTICULACAO_5RODA;12,0;1262,29
PC004952;EIXO CARDAN  ORIGINAL;TRANSMISSAO;4,0;3411,48
PC004953;PLATO DE EMBREAGEM PESADO REMANUFATURADO;TRANSMISSAO;61,0;749,32
PC004954;FILTRO DE OLEO MOTOR REFORCADO ORIGINAL;MOTOR;6,0;4910,33
PC004955;BATERIA 150AH STD REMANUFATURADO;ELETRICA;32,0;669,57
PC004956;DISCO DE FREIO PESADO PARALELA B;FREIOS;10,0;299,67
PC004957;CILINDRO MESTRE STD PARALELA A;FREIOS;0,0;192,31
PC004958;CHICOTE ELETRICO PESADO PARALELA A;ELETRICA;24,0;767,69
PC004959;PARAFUSO DE RODA LEVE PARALELA A;RODAS_PNEUS;22,0;1321,85
PC004960;RADIADOR COMPLETO STD PARALELA A;ARREFECIMENTO;3,0;373,47
PC004961;FILTRO DE OLEO CAMBIO PESADO PARALELA A;FILTROS;17,0;42,76
PC004963;RODA DE ACO ARO 22 PESADO ORIGINAL;RODAS_PNEUS;76,0;931,93
PC004964;VIDRO LATERAL LEVE PARALELA A;CARROCERIA;10,0;534,51
PC004965;MANGOTE PNEUMATICO  ORIGINAL;ARTICULACAO_5RODA;3,0;1486,86
PC004966;PARA-BRISA LEVE PARALELA B;CARROCERIA;5,0;583,65
PC004967;AMORTECEDOR DIANTEIRO LEVE REMANUFATURADO;SUSPENSAO;1,0;465,32
PC004968;FILTRO DE COMBUSTIVEL PESADO ORIGINAL;FILTROS;3,0;88,2
PC004969;FILTRO DE AR MOTOR PESADO PARALELA A;FILTROS;53,0;122,51
PC004970;VALVULA TERMOSTATICA PESADO PARALELA A;ARREFECIMENTO;13,0;252,92
PC004971;CAMARA DE AR PESADO PARALELA A;RODAS_PNEUS;20,0;1430,15
PC004972;FEIXE DE MOLA  REMANUFATURADO;SUSPENSAO;54,0;810,19
PC004973;CORREIA DENTADA LEVE ORIGINAL;MOTOR;5,0;2577,52
PC004974;ROLAMENTO DE RODA REFORCADO ORIGINAL;RODAS_PNEUS;30,0;405,36
PC004975;SINCRONIZADOR LEVE PARALELA A;TRANSMISSAO;12,0;3129,91
PC004976;BOLSA DE AR SUSPENSAO LEVE PARALELA A;SUSPENSAO;82,0;176,21
PC004977;MANGUEIRA DE FREIO AR LEVE ORIGINAL;FREIOS;12,0;316,02
PC004978;FILTRO SEPARADOR AGUA PESADO ORIGINAL;FILTROS;32,0;31,37
PC004979;LONA DE FREIO REFORCADO ORIGINAL;FREIOS;96,0;228,66
PC004981;PARA-CHOQUE DIANTEIRO LEVE PARALELA B;CARROCERIA;0,0;751,62
PC004982;VALVULA DE FREIO REFORCADO ORIGINAL;FREIOS;10,0;61,64
PC004983;FAROL DIANTEIRO LED REFORCADO ORIGINAL;ELETRICA;62,0;87,76
PC004984;BARRA ESTABILIZADORA STD ORIGINAL;SUSPENSAO;2,0;669,89
PC004985;AMORTECEDOR TRASEIRO LEVE ORIGINAL;SUSPENSAO;10,0;360,93
PC004986;FILTRO DE CABINE  REMANUFATURADO;FILTROS;4,0;29,71
PC004987;ENGATE DE REBOQUE STD REMANUFATURADO;ARTICULACAO_5RODA;98,0;1241,75
PC004988;DISCO DE EMBREAGEM STD ORIGINAL;TRANSMISSAO;4,0;6046,27
PC004989;SAPATA DE FREIO  PARALELA A;FREIOS;23,0;334,93
PC004990;BICO INJETOR PESADO PARALELA A;MOTOR;1,0;4184,54
PC004991;BUCHA DE MOLA REFORCADO PARALELA B;SUSPENSAO;2,0;332,92
PC004992;VENTOINHA STD ORIGINAL;ARREFECIMENTO;38,0;362,77
PC004993;CAMISA DE CILINDRO PESADO ORIGINAL;MOTOR;31,0;3385,63
PC004994;BOMBA INJETORA PESADO ORIGINAL;MOTOR;6,0;743,85
PC004995;TAMBOR DE FREIO REFORCADO ORIGINAL;FREIOS;4,0;174,31
PC004996;ROLAMENTO DE EMBREAGEM LEVE PARALELA A;TRANSMISSAO;39,0;4227,28
PC004997;PINO REI PESADO ORIGINAL;ARTICULACAO_5RODA;36,0;568,63
PC004998;PARA-LAMA PESADO PARALELA A;CARROCERIA;116,0;596,89
PC004999;VALVULA DE ADMISSAO PESADO PARALELA B;MOTOR;217,0;3112,43
PC005000;PNEU RADIAL 295/80  ORIGINAL;RODAS_PNEUS;390,0;1128,36
PC005001;MACANETA DE PORTA PESADO PARALELA B;CARROCERIA;1,0;447,47
PC005002;CUBO DE RODA STD PARALELA B;RODAS_PNEUS;2,0;524,55
PC005003;BOMBA D AGUA STD PARALELA A;ARREFECIMENTO;528,0;50,72
PC005004;PASTILHA DE FREIO STD PARALELA A;FREIOS;0,0;250,03
PC005005;CAIXA DE CAMBIO COMPLETA PESADO PARALELA A;TRANSMISSAO;13,0;4564,69
PC005006;ALTERNADOR  REMANUFATURADO;ELETRICA;41,0;865,08
PC005007;LANTERNA TRASEIRA  PARALELA B;ELETRICA;14,0;529,52
PC005008;MOTOR DE PARTIDA  PARALELA A;ELETRICA;1,0;501,57
PC005009;JUNTA DE CABECOTE  ORIGINAL;MOTOR;50,0;2699,35
PC005010;SENSOR ABS STD PARALELA B;ELETRICA;36,0;1334,56
PC005011;RESERVATORIO EXPANSAO LEVE ORIGINAL;ARREFECIMENTO;72,0;853,23
PC005012;TURBO COMPRESSOR PESADO ORIGINAL;MOTOR;3,0;3037,98
PC005013;MANGUEIRA RADIADOR PESADO PARALELA A;ARREFECIMENTO;5,0;1065,68
PC005014;PINO MESTRE REFORCADO ORIGINAL;SUSPENSAO;9,0;289,85
PC005015;QUINTA RODA COMPLETA REFORCADO PARALELA B;ARTICULACAO_5RODA;1,0;1634,97
PC005016;EIXO CARDAN REFORCADO PARALELA A;TRANSMISSAO;13,0;5960,81
PC005017;PLATO DE EMBREAGEM  ORIGINAL;TRANSMISSAO;8,0;4125,17
PC005018;FILTRO DE OLEO MOTOR PESADO PARALELA A;MOTOR;8,0;1398,39
PC005019;BATERIA 150AH REFORCADO PARALELA A;ELETRICA;6,0;252,05
PC005020;DISCO DE FREIO PESADO ORIGINAL;FREIOS;4,0;354,95
PC005021;CILINDRO MESTRE LEVE PARALELA B;FREIOS;24,0;347,8
PC005022;CHICOTE ELETRICO  PARALELA A;ELETRICA;3,0;479,93
PC005023;PARAFUSO DE RODA PESADO PARALELA A;RODAS_PNEUS;3,0;206,32
PC005024;RADIADOR COMPLETO STD ORIGINAL;ARREFECIMENTO;32,0;140,6
PC005025;FILTRO DE OLEO CAMBIO LEVE ORIGINAL;FILTROS;33,0;41,06
PC005026;ESPELHO RETROVISOR LEVE REMANUFATURADO;CARROCERIA;169,0;188,58
PC005027;RODA DE ACO ARO 22  PARALELA B;RODAS_PNEUS;33,0;256,19
PC005028;VIDRO LATERAL STD ORIGINAL;CARROCERIA;6,0;258,41
PC005029;MANGOTE PNEUMATICO  REMANUFATURADO;ARTICULACAO_5RODA;3,0;756,17
PC005030;PARA-BRISA STD PARALELA B;CARROCERIA;117,0;664,94
PC005032;FILTRO DE COMBUSTIVEL REFORCADO ORIGINAL;FILTROS;8,0;86,51
PC005033;FILTRO DE AR MOTOR STD ORIGINAL;FILTROS;24,0;94,11
PC005034;VALVULA TERMOSTATICA PESADO ORIGINAL;ARREFECIMENTO;30,0;875,65
PC005035;CAMARA DE AR PESADO PARALELA B;RODAS_PNEUS;2,0;1298,19
PC005036;FEIXE DE MOLA REFORCADO ORIGINAL;SUSPENSAO;3,0;540,8
PC005037;CORREIA DENTADA LEVE PARALELA A;MOTOR;298,0;3104,09
PC005038;ROLAMENTO DE RODA REFORCADO ORIGINAL;RODAS_PNEUS;24,0;1325,38
PC005039;SINCRONIZADOR  ORIGINAL;TRANSMISSAO;24,0;7655,24
PC005040;BOLSA DE AR SUSPENSAO  PARALELA B;SUSPENSAO;117,0;923,24
PC005041;MANGUEIRA DE FREIO AR REFORCADO REMANUFATURADO;FREIOS;1,0;293,23
PC005042;FILTRO SEPARADOR AGUA PESADO PARALELA B;FILTROS;595,0;110,14
PC005043;LONA DE FREIO  PARALELA B;FREIOS;1,0;361,84
PC005044;CRUZETA CARDAN REFORCADO ORIGINAL;TRANSMISSAO;27,0;5561,15
PC005045;PARA-CHOQUE DIANTEIRO STD PARALELA B;CARROCERIA;12,0;366,55
PC005047;FAROL DIANTEIRO LED REFORCADO PARALELA B;ELETRICA;3,0;123,61
PC005048;BARRA ESTABILIZADORA  REMANUFATURADO;SUSPENSAO;143,0;858,61
PC005049;AMORTECEDOR TRASEIRO LEVE PARALELA A;SUSPENSAO;5,0;976,24
PC005050;FILTRO DE CABINE PESADO ORIGINAL;FILTROS;86,0;68,86
PC005051;ENGATE DE REBOQUE  PARALELA A;ARTICULACAO_5RODA;5,0;370,02
PC005052;DISCO DE EMBREAGEM  PARALELA A;TRANSMISSAO;1,0;750,36
PC005053;SAPATA DE FREIO LEVE PARALELA B;FREIOS;4,0;335,92
PC005054;BICO INJETOR STD PARALELA B;MOTOR;32,0;5287,42
PC005055;BUCHA DE MOLA REFORCADO PARALELA B;SUSPENSAO;51,0;878,54
PC005056;VENTOINHA PESADO ORIGINAL;ARREFECIMENTO;3,0;405,88
PC005057;CAMISA DE CILINDRO  PARALELA B;MOTOR;2,0;1352,7
PC005058;BOMBA INJETORA STD ORIGINAL;MOTOR;7,0;4778,16
PC005059;TAMBOR DE FREIO REFORCADO REMANUFATURADO;FREIOS;3,0;352,54
PC005061;PINO REI LEVE PARALELA A;ARTICULACAO_5RODA;13,0;1290,1
PC005062;PARA-LAMA REFORCADO PARALELA B;CARROCERIA;158,0;385,48
PC005063;VALVULA DE ADMISSAO PESADO PARALELA A;MOTOR;5,0;607,74
PC005064;PNEU RADIAL 295/80 PESADO PARALELA A;RODAS_PNEUS;5,0;920,11
PC005065;MACANETA DE PORTA  PARALELA B;CARROCERIA;45,0;503,85
PC005066;CUBO DE RODA PESADO ORIGINAL;RODAS_PNEUS;43,0;486,73
PC005067;BOMBA D AGUA REFORCADO ORIGINAL;ARREFECIMENTO;33,0;399,59
PC005068;PASTILHA DE FREIO STD PARALELA A;FREIOS;111,0;289,6
PC005069;CAIXA DE CAMBIO COMPLETA  PARALELA A;TRANSMISSAO;2,0;5069,32
PC005070;ALTERNADOR LEVE ORIGINAL;ELETRICA;19,0;195,49
PC005071;LANTERNA TRASEIRA STD PARALELA B;ELETRICA;41,0;857,04
PC005072;MOTOR DE PARTIDA LEVE PARALELA A;ELETRICA;133,0;843,86
PC005073;JUNTA DE CABECOTE PESADO PARALELA A;MOTOR;84,0;3479,34
PC005074;SENSOR ABS PESADO ORIGINAL;ELETRICA;9,0;568,61
PC005075;RESERVATORIO EXPANSAO STD ORIGINAL;ARREFECIMENTO;7,0;197,81
PC005076;TURBO COMPRESSOR STD REMANUFATURADO;MOTOR;3,0;1208,4
PC005077;MANGUEIRA RADIADOR LEVE PARALELA B;ARREFECIMENTO;4,0;301,57
PC005078;PINO MESTRE REFORCADO PARALELA A;SUSPENSAO;13,0;349,33
PC005079;QUINTA RODA COMPLETA  PARALELA B;ARTICULACAO_5RODA;34,0;2406,61
PC005080;EIXO CARDAN LEVE PARALELA A;TRANSMISSAO;46,0;2005,26
PC005081;PLATO DE EMBREAGEM STD PARALELA A;TRANSMISSAO;22,0;4331,83
PC005082;FILTRO DE OLEO MOTOR LEVE REMANUFATURADO;MOTOR;1,0;5264,54
PC005083;BATERIA 150AH REFORCADO PARALELA A;ELETRICA;7,0;815,49
PC005084;DISCO DE FREIO STD ORIGINAL;FREIOS;3,0;181,05
PC005085;CILINDRO MESTRE  ORIGINAL;FREIOS;41,0;209,14
PC005086;CHICOTE ELETRICO  PARALELA B;ELETRICA;34,0;584,17
PC005087;PARAFUSO DE RODA PESADO PARALELA A;RODAS_PNEUS;2,0;1109,18
PC005088;RADIADOR COMPLETO STD PARALELA B;ARREFECIMENTO;2,0;103,11
PC005089;FILTRO DE OLEO CAMBIO  ORIGINAL;FILTROS;15,0;98,72
PC005090;ESPELHO RETROVISOR PESADO ORIGINAL;CARROCERIA;5,0;441,67
PC005091;RODA DE ACO ARO 22 LEVE REMANUFATURADO;RODAS_PNEUS;61,0;794,27
PC005093;MANGOTE PNEUMATICO REFORCADO PARALELA A;ARTICULACAO_5RODA;12,0;623,47
PC005094;PARA-BRISA LEVE REMANUFATURADO;CARROCERIA;19,0;213,67
PC005095;AMORTECEDOR DIANTEIRO STD ORIGINAL;SUSPENSAO;17,0;967,84
PC005096;FILTRO DE COMBUSTIVEL PESADO ORIGINAL;FILTROS;4,0;112,02
PC005097;FILTRO DE AR MOTOR STD PARALELA B;FILTROS;39,0;114,9
PC005098;VALVULA TERMOSTATICA REFORCADO ORIGINAL;ARREFECIMENTO;30,0;297,55
PC005099;CAMARA DE AR PESADO ORIGINAL;RODAS_PNEUS;0,0;773,65
PC005100;FEIXE DE MOLA STD ORIGINAL;SUSPENSAO;5,0;806,74
PC005101;CORREIA DENTADA PESADO ORIGINAL;MOTOR;12,0;3562,64
PC005102;ROLAMENTO DE RODA  REMANUFATURADO;RODAS_PNEUS;10,0;1561,85
PC005103;SINCRONIZADOR LEVE PARALELA B;TRANSMISSAO;156,0;7291,12
PC005104;BOLSA DE AR SUSPENSAO PESADO ORIGINAL;SUSPENSAO;5,0;170,16
PC005105;MANGUEIRA DE FREIO AR REFORCADO PARALELA B;FREIOS;123,0;90,61
PC005106;FILTRO SEPARADOR AGUA LEVE ORIGINAL;FILTROS;10,0;42,02
PC005107;LONA DE FREIO  ORIGINAL;FREIOS;16,0;282,96
PC005108;CRUZETA CARDAN  PARALELA B;TRANSMISSAO;7,0;4205,43
PC005109;PARA-CHOQUE DIANTEIRO REFORCADO PARALELA A;CARROCERIA;164,0;299,0
PC005110;VALVULA DE FREIO REFORCADO PARALELA A;FREIOS;3,0;266,78
PC005111;FAROL DIANTEIRO LED PESADO ORIGINAL;ELETRICA;2,0;1400,55
PC005112;BARRA ESTABILIZADORA  ORIGINAL;SUSPENSAO;15,0;909,73
PC005113;AMORTECEDOR TRASEIRO REFORCADO PARALELA A;SUSPENSAO;4,0;1022,8
PC005114;FILTRO DE CABINE LEVE ORIGINAL;FILTROS;1,0;25,02
PC005115;ENGATE DE REBOQUE REFORCADO PARALELA A;ARTICULACAO_5RODA;273,0;1986,82
PC005116;DISCO DE EMBREAGEM LEVE PARALELA B;TRANSMISSAO;3,0;4182,68
PC005117;SAPATA DE FREIO STD PARALELA A;FREIOS;3,0;411,87
PC005118;BICO INJETOR PESADO PARALELA A;MOTOR;4,0;4862,34
PC005119;BUCHA DE MOLA STD PARALELA A;SUSPENSAO;98,0;297,26
PC005120;VENTOINHA STD PARALELA A;ARREFECIMENTO;22,0;831,23
PC005121;CAMISA DE CILINDRO PESADO PARALELA B;MOTOR;2,0;263,99
PC005122;BOMBA INJETORA STD PARALELA B;MOTOR;16,0;5436,7
PC005123;TAMBOR DE FREIO  REMANUFATURADO;FREIOS;3,0;278,05
PC005124;ROLAMENTO DE EMBREAGEM REFORCADO ORIGINAL;TRANSMISSAO;19,0;3148,25
PC005125;PINO REI  PARALELA A;ARTICULACAO_5RODA;30,0;1829,25
PC005126;PARA-LAMA REFORCADO PARALELA B;CARROCERIA;8,0;295,18
PC005127;VALVULA DE ADMISSAO REFORCADO REMANUFATURADO;MOTOR;2,0;1607,55
PC005128;PNEU RADIAL 295/80 STD ORIGINAL;RODAS_PNEUS;69,0;94,96
PC005129;MACANETA DE PORTA LEVE PARALELA A;CARROCERIA;1,0;112,91
PC005130;CUBO DE RODA LEVE PARALELA A;RODAS_PNEUS;4,0;187,94
PC005131;BOMBA D AGUA STD PARALELA B;ARREFECIMENTO;50,0;388,27
PC005132;PASTILHA DE FREIO REFORCADO REMANUFATURADO;FREIOS;120,0;264,19
PC005133;CAIXA DE CAMBIO COMPLETA LEVE PARALELA B;TRANSMISSAO;1,0;4297,3
PC005134;ALTERNADOR STD PARALELA A;ELETRICA;22,0;937,15
PC005135;LANTERNA TRASEIRA STD PARALELA A;ELETRICA;16,0;289,45
PC005136;MOTOR DE PARTIDA LEVE ORIGINAL;ELETRICA;48,0;588,16
PC005137;JUNTA DE CABECOTE  REMANUFATURADO;MOTOR;3,0;4777,68
PC005138;SENSOR ABS STD ORIGINAL;ELETRICA;69,0;1233,78
PC005139;RESERVATORIO EXPANSAO STD PARALELA B;ARREFECIMENTO;12,0;908,55
PC005140;TURBO COMPRESSOR LEVE PARALELA B;MOTOR;34,0;2408,98
PC005141;MANGUEIRA RADIADOR  PARALELA B;ARREFECIMENTO;1,0;628,32
PC005142;PINO MESTRE LEVE PARALELA A;SUSPENSAO;18,0;168,36
PC005143;QUINTA RODA COMPLETA LEVE PARALELA A;ARTICULACAO_5RODA;1,0;1037,33
PC005144;EIXO CARDAN REFORCADO ORIGINAL;TRANSMISSAO;67,0;480,82
PC005145;PLATO DE EMBREAGEM STD PARALELA A;TRANSMISSAO;112,0;770,25
PC005146;FILTRO DE OLEO MOTOR PESADO PARALELA A;MOTOR;43,0;677,04
PC005147;BATERIA 150AH PESADO PARALELA B;ELETRICA;4,0;1325,46
PC005148;DISCO DE FREIO REFORCADO ORIGINAL;FREIOS;28,0;82,19
PC005149;CILINDRO MESTRE  PARALELA A;FREIOS;12,0;98,02
PC005150;CHICOTE ELETRICO PESADO REMANUFATURADO;ELETRICA;33,0;290,05
PC005151;PARAFUSO DE RODA REFORCADO ORIGINAL;RODAS_PNEUS;6,0;1669,69
PC005152;RADIADOR COMPLETO  PARALELA B;ARREFECIMENTO;6,0;610,43
PC005153;FILTRO DE OLEO CAMBIO  ORIGINAL;FILTROS;2,0;108,48
PC005154;ESPELHO RETROVISOR PESADO PARALELA B;CARROCERIA;36,0;273,3
PC005155;RODA DE ACO ARO 22 LEVE PARALELA B;RODAS_PNEUS;63,0;1533,48
PC005156;VIDRO LATERAL REFORCADO ORIGINAL;CARROCERIA;2,0;454,12
PC005157;MANGOTE PNEUMATICO  ORIGINAL;ARTICULACAO_5RODA;25,0;1844,93
PC005158;PARA-BRISA REFORCADO PARALELA A;CARROCERIA;14,0;433,36
PC005159;AMORTECEDOR DIANTEIRO PESADO ORIGINAL;SUSPENSAO;7,0;904,8
PC005160;FILTRO DE COMBUSTIVEL  ORIGINAL;FILTROS;14,0;97,7
PC005161;FILTRO DE AR MOTOR  ORIGINAL;FILTROS;194,0;79,84
PC005163;CAMARA DE AR STD ORIGINAL;RODAS_PNEUS;25,0;295,57
PC005164;FEIXE DE MOLA STD REMANUFATURADO;SUSPENSAO;33,0;997,0
PC005165;CORREIA DENTADA PESADO ORIGINAL;MOTOR;93,0;5170,67
PC005166;ROLAMENTO DE RODA  ORIGINAL;RODAS_PNEUS;11,0;1417,7
PC005167;SINCRONIZADOR PESADO ORIGINAL;TRANSMISSAO;3,0;1113,9
PC005168;BOLSA DE AR SUSPENSAO PESADO ORIGINAL;SUSPENSAO;4,0;883,55
PC005169;MANGUEIRA DE FREIO AR STD REMANUFATURADO;FREIOS;14,0;138,49
PC005170;FILTRO SEPARADOR AGUA REFORCADO REMANUFATURADO;FILTROS;29,0;63,53
PC005171;LONA DE FREIO REFORCADO PARALELA A;FREIOS;15,0;72,62
PC005173;PARA-CHOQUE DIANTEIRO PESADO PARALELA B;CARROCERIA;45,0;609,78
PC005174;VALVULA DE FREIO REFORCADO PARALELA A;FREIOS;4,0;379,33
PC005175;FAROL DIANTEIRO LED LEVE PARALELA A;ELETRICA;18,0;1318,13
PC005176;BARRA ESTABILIZADORA STD ORIGINAL;SUSPENSAO;4,0;81,46
PC005177;AMORTECEDOR TRASEIRO  ORIGINAL;SUSPENSAO;61,0;200,96
PC005178;FILTRO DE CABINE STD ORIGINAL;FILTROS;26,0;77,29
PC005179;ENGATE DE REBOQUE REFORCADO ORIGINAL;ARTICULACAO_5RODA;1,0;1541,15
PC005180;DISCO DE EMBREAGEM LEVE ORIGINAL;TRANSMISSAO;3,0;8010,63
PC005181;SAPATA DE FREIO  ORIGINAL;FREIOS;3,0;147,24
PC005182;BICO INJETOR STD REMANUFATURADO;MOTOR;89,0;3184,56
PC005183;BUCHA DE MOLA  REMANUFATURADO;SUSPENSAO;3,0;1072,29
PC005184;VENTOINHA PESADO PARALELA A;ARREFECIMENTO;92,0;393,88
PC005185;CAMISA DE CILINDRO LEVE PARALELA A;MOTOR;32,0;3702,71
PC005186;BOMBA INJETORA STD ORIGINAL;MOTOR;35,0;4309,37
PC005187;TAMBOR DE FREIO STD ORIGINAL;FREIOS;11,0;218,05
PC005188;ROLAMENTO DE EMBREAGEM LEVE PARALELA A;TRANSMISSAO;9,0;1770,72
PC005189;PINO REI PESADO PARALELA B;ARTICULACAO_5RODA;6,0;478,22
PC005190;PARA-LAMA STD ORIGINAL;CARROCERIA;0,0;182,25
PC005191;VALVULA DE ADMISSAO PESADO PARALELA A;MOTOR;167,0;5094,22
PC005192;PNEU RADIAL 295/80 LEVE ORIGINAL;RODAS_PNEUS;0,0;130,87
PC005193;MACANETA DE PORTA REFORCADO PARALELA B;CARROCERIA;7,0;533,33
PC005194;CUBO DE RODA  ORIGINAL;RODAS_PNEUS;19,0;493,49
PC005195;BOMBA D AGUA LEVE ORIGINAL;ARREFECIMENTO;15,0;133,83
PC005196;PASTILHA DE FREIO  PARALELA A;FREIOS;0,0;153,29
PC005197;CAIXA DE CAMBIO COMPLETA REFORCADO PARALELA B;TRANSMISSAO;4,0;4297,56
PC005198;ALTERNADOR  REMANUFATURADO;ELETRICA;35,0;438,88
PC005199;LANTERNA TRASEIRA LEVE ORIGINAL;ELETRICA;1,0;268,29
PC005200;MOTOR DE PARTIDA PESADO ORIGINAL;ELETRICA;51,0;1209,58
PC005201;JUNTA DE CABECOTE  ORIGINAL;MOTOR;98,0;1426,0
PC005202;SENSOR ABS PESADO ORIGINAL;ELETRICA;4,0;65,31
PC005203;RESERVATORIO EXPANSAO STD REMANUFATURADO;ARREFECIMENTO;40,0;742,82
PC005204;TURBO COMPRESSOR LEVE REMANUFATURADO;MOTOR;3,0;5438,77
PC005205;MANGUEIRA RADIADOR STD PARALELA A;ARREFECIMENTO;42,0;357,07
PC005206;PINO MESTRE PESADO ORIGINAL;SUSPENSAO;3,0;398,2
PC005207;QUINTA RODA COMPLETA PESADO ORIGINAL;ARTICULACAO_5RODA;314,0;887,0
PC005208;EIXO CARDAN STD ORIGINAL;TRANSMISSAO;13,0;5683,79
PC005209;PLATO DE EMBREAGEM  PARALELA B;TRANSMISSAO;6,0;7388,83
PC005210;FILTRO DE OLEO MOTOR PESADO ORIGINAL;MOTOR;14,0;3148,35
PC005211;BATERIA 150AH REFORCADO ORIGINAL;ELETRICA;118,0;755,79
PC005212;DISCO DE FREIO LEVE ORIGINAL;FREIOS;36,0;63,43
PC005213;CILINDRO MESTRE  ORIGINAL;FREIOS;6,0;222,65
PC005214;CHICOTE ELETRICO PESADO PARALELA B;ELETRICA;5,0;644,17
PC005215;PARAFUSO DE RODA REFORCADO REMANUFATURADO;RODAS_PNEUS;3,0;1601,99
PC005216;RADIADOR COMPLETO PESADO REMANUFATURADO;ARREFECIMENTO;70,0;449,95
PC005217;FILTRO DE OLEO CAMBIO PESADO ORIGINAL;FILTROS;170,0;66,65
PC005218;ESPELHO RETROVISOR STD ORIGINAL;CARROCERIA;13,0;404,61
PC005219;RODA DE ACO ARO 22  ORIGINAL;RODAS_PNEUS;33,0;1171,75
PC005220;VIDRO LATERAL LEVE PARALELA B;CARROCERIA;6,0;795,9
PC005221;MANGOTE PNEUMATICO LEVE PARALELA A;ARTICULACAO_5RODA;0,0;1696,09
PC005222;PARA-BRISA REFORCADO PARALELA B;CARROCERIA;15,0;224,51
PC005223;AMORTECEDOR DIANTEIRO PESADO PARALELA B;SUSPENSAO;86,0;439,97
PC005224;FILTRO DE COMBUSTIVEL STD PARALELA A;FILTROS;19,0;130,82
PC005225;FILTRO DE AR MOTOR  PARALELA B;FILTROS;1,0;50,66
PC005226;VALVULA TERMOSTATICA  PARALELA A;ARREFECIMENTO;12,0;988,54
PC005227;CAMARA DE AR STD ORIGINAL;RODAS_PNEUS;52,0;1614,31
PC005228;FEIXE DE MOLA LEVE REMANUFATURADO;SUSPENSAO;5,0;802,39
PC005229;CORREIA DENTADA LEVE ORIGINAL;MOTOR;10,0;1319,5
PC005230;ROLAMENTO DE RODA  PARALELA A;RODAS_PNEUS;32,0;1431,17
PC005231;SINCRONIZADOR STD ORIGINAL;TRANSMISSAO;98,0;3201,39
PC005232;BOLSA DE AR SUSPENSAO REFORCADO PARALELA B;SUSPENSAO;10,0;936,97
PC005233;MANGUEIRA DE FREIO AR STD PARALELA A;FREIOS;10,0;112,41
PC005234;FILTRO SEPARADOR AGUA STD ORIGINAL;FILTROS;3,0;84,81
PC005235;LONA DE FREIO LEVE ORIGINAL;FREIOS;4,0;83,6
PC005236;CRUZETA CARDAN REFORCADO ORIGINAL;TRANSMISSAO;23,0;2160,74
PC005238;VALVULA DE FREIO STD ORIGINAL;FREIOS;45,0;357,06
PC005239;FAROL DIANTEIRO LED REFORCADO ORIGINAL;ELETRICA;61,0;1218,56
PC005240;BARRA ESTABILIZADORA  REMANUFATURADO;SUSPENSAO;18,0;864,8
PC005242;FILTRO DE CABINE LEVE ORIGINAL;FILTROS;19,0;104,55
PC005243;ENGATE DE REBOQUE  PARALELA A;ARTICULACAO_5RODA;18,0;592,29
PC005244;DISCO DE EMBREAGEM LEVE PARALELA A;TRANSMISSAO;37,0;3886,48
PC005245;SAPATA DE FREIO STD ORIGINAL;FREIOS;2,0;167,34
PC005246;BICO INJETOR PESADO PARALELA A;MOTOR;27,0;4671,94
PC005248;VENTOINHA LEVE PARALELA B;ARREFECIMENTO;2,0;1026,38
PC005249;CAMISA DE CILINDRO REFORCADO ORIGINAL;MOTOR;63,0;3150,72
PC005251;TAMBOR DE FREIO STD PARALELA A;FREIOS;9,0;301,42
PC005252;ROLAMENTO DE EMBREAGEM  ORIGINAL;TRANSMISSAO;17,0;1233,96
PC005254;PARA-LAMA REFORCADO PARALELA A;CARROCERIA;12,0;230,78
PC005255;VALVULA DE ADMISSAO STD ORIGINAL;MOTOR;9,0;2259,45
PC005256;PNEU RADIAL 295/80 LEVE PARALELA A;RODAS_PNEUS;255,0;893,03
PC005257;MACANETA DE PORTA REFORCADO ORIGINAL;CARROCERIA;14,0;387,32
PC005258;CUBO DE RODA  REMANUFATURADO;RODAS_PNEUS;8,0;1148,62
PC005259;BOMBA D AGUA PESADO PARALELA A;ARREFECIMENTO;13,0;857,65
PC005260;PASTILHA DE FREIO PESADO PARALELA B;FREIOS;122,0;127,56
PC005261;CAIXA DE CAMBIO COMPLETA PESADO REMANUFATURADO;TRANSMISSAO;108,0;695,58
PC005262;ALTERNADOR STD ORIGINAL;ELETRICA;8,0;453,48
PC005263;LANTERNA TRASEIRA LEVE ORIGINAL;ELETRICA;9,0;354,21
PC005264;MOTOR DE PARTIDA PESADO PARALELA A;ELETRICA;61,0;554,04
PC005265;JUNTA DE CABECOTE PESADO PARALELA B;MOTOR;2,0;1573,33
PC005266;SENSOR ABS  ORIGINAL;ELETRICA;4,0;250,82
PC005267;RESERVATORIO EXPANSAO STD PARALELA A;ARREFECIMENTO;5,0;407,9
PC005268;TURBO COMPRESSOR  ORIGINAL;MOTOR;16,0;1659,03
PC005269;MANGUEIRA RADIADOR  ORIGINAL;ARREFECIMENTO;11,0;481,52
PC005271;QUINTA RODA COMPLETA LEVE ORIGINAL;ARTICULACAO_5RODA;65,0;1949,41
PC005273;PLATO DE EMBREAGEM STD REMANUFATURADO;TRANSMISSAO;52,0;1515,26
PC005274;FILTRO DE OLEO MOTOR LEVE ORIGINAL;MOTOR;20,0;2000,27
PC005275;BATERIA 150AH STD PARALELA A;ELETRICA;5,0;553,58
PC005276;DISCO DE FREIO REFORCADO ORIGINAL;FREIOS;33,0;405,76
PC005277;CILINDRO MESTRE REFORCADO ORIGINAL;FREIOS;1,0;167,09
PC005278;CHICOTE ELETRICO  PARALELA B;ELETRICA;1,0;351,22
PC005279;PARAFUSO DE RODA REFORCADO REMANUFATURADO;RODAS_PNEUS;8,0;637,1
PC005280;RADIADOR COMPLETO STD PARALELA A;ARREFECIMENTO;14,0;737,06
PC005281;FILTRO DE OLEO CAMBIO REFORCADO PARALELA A;FILTROS;2,0;115,96
PC005282;ESPELHO RETROVISOR LEVE ORIGINAL;CARROCERIA;4,0;148,8
PC005283;RODA DE ACO ARO 22 REFORCADO ORIGINAL;RODAS_PNEUS;13,0;1035,42
PC005284;VIDRO LATERAL  PARALELA A;CARROCERIA;2,0;1005,64
PC005285;MANGOTE PNEUMATICO LEVE ORIGINAL;ARTICULACAO_5RODA;212,0;2575,77
PC005286;PARA-BRISA  PARALELA A;CARROCERIA;59,0;362,42
PC005287;AMORTECEDOR DIANTEIRO PESADO PARALELA A;SUSPENSAO;7,0;600,38
PC005288;FILTRO DE COMBUSTIVEL REFORCADO PARALELA B;FILTROS;10,0;70,92
PC005289;FILTRO DE AR MOTOR LEVE REMANUFATURADO;FILTROS;80,0;38,69
PC005290;VALVULA TERMOSTATICA  ORIGINAL;ARREFECIMENTO;2,0;799,06
PC005291;CAMARA DE AR PESADO REMANUFATURADO;RODAS_PNEUS;28,0;803,52
PC005292;FEIXE DE MOLA LEVE PARALELA A;SUSPENSAO;121,0;448,26
PC005293;CORREIA DENTADA STD PARALELA B;MOTOR;217,0;2624,16
PC005294;ROLAMENTO DE RODA REFORCADO ORIGINAL;RODAS_PNEUS;102,0;931,86
PC005295;SINCRONIZADOR STD REMANUFATURADO;TRANSMISSAO;35,0;1393,14
PC005296;BOLSA DE AR SUSPENSAO STD ORIGINAL;SUSPENSAO;23,0;814,43
PC005297;MANGUEIRA DE FREIO AR LEVE ORIGINAL;FREIOS;20,0;335,06
PC005298;FILTRO SEPARADOR AGUA REFORCADO PARALELA A;FILTROS;27,0;42,18
PC005299;LONA DE FREIO PESADO ORIGINAL;FREIOS;17,0;213,19
PC005300;CRUZETA CARDAN  REMANUFATURADO;TRANSMISSAO;16,0;5445,44
PC005301;PARA-CHOQUE DIANTEIRO REFORCADO ORIGINAL;CARROCERIA;5,0;525,05
PC005302;VALVULA DE FREIO  PARALELA B;FREIOS;15,0;396,2
PC005303;FAROL DIANTEIRO LED LEVE PARALELA A;ELETRICA;7,0;312,41
PC005304;BARRA ESTABILIZADORA STD ORIGINAL;SUSPENSAO;40,0;278,85
PC005305;AMORTECEDOR TRASEIRO PESADO PARALELA A;SUSPENSAO;6,0;796,77
PC005306;FILTRO DE CABINE LEVE ORIGINAL;FILTROS;3,0;67,25
PC005307;ENGATE DE REBOQUE STD PARALELA A;ARTICULACAO_5RODA;55,0;770,85
PC005308;DISCO DE EMBREAGEM PESADO PARALELA A;TRANSMISSAO;3,0;1900,14
PC005309;SAPATA DE FREIO LEVE REMANUFATURADO;FREIOS;12,0;214,8
PC005311;BUCHA DE MOLA REFORCADO PARALELA A;SUSPENSAO;2,0;605,6
PC005312;VENTOINHA STD REMANUFATURADO;ARREFECIMENTO;22,0;350,23
PC005313;CAMISA DE CILINDRO STD ORIGINAL;MOTOR;3,0;2913,21
PC005314;BOMBA INJETORA LEVE PARALELA B;MOTOR;23,0;3761,75
PC005316;ROLAMENTO DE EMBREAGEM STD REMANUFATURADO;TRANSMISSAO;26,0;1834,79
PC005317;PINO REI  PARALELA A;ARTICULACAO_5RODA;5,0;473,37
PC005318;PARA-LAMA  PARALELA A;CARROCERIA;35,0;202,21
PC005319;VALVULA DE ADMISSAO STD ORIGINAL;MOTOR;8,0;1368,62
PC005320;PNEU RADIAL 295/80 REFORCADO PARALELA A;RODAS_PNEUS;12,0;1631,04
PC005321;MACANETA DE PORTA LEVE ORIGINAL;CARROCERIA;2,0;210,07
PC005322;CUBO DE RODA REFORCADO REMANUFATURADO;RODAS_PNEUS;2,0;911,54
PC005323;BOMBA D AGUA STD PARALELA B;ARREFECIMENTO;6,0;589,59
PC005324;PASTILHA DE FREIO STD ORIGINAL;FREIOS;3,0;213,96
PC005325;CAIXA DE CAMBIO COMPLETA REFORCADO REMANUFATURADO;TRANSMISSAO;4,0;7790,43
PC005326;ALTERNADOR  PARALELA A;ELETRICA;1,0;415,21
PC005327;LANTERNA TRASEIRA STD ORIGINAL;ELETRICA;16,0;67,94
PC005328;MOTOR DE PARTIDA  ORIGINAL;ELETRICA;15,0;99,42
PC005329;JUNTA DE CABECOTE LEVE PARALELA A;MOTOR;34,0;3057,13
PC005330;SENSOR ABS STD REMANUFATURADO;ELETRICA;41,0;709,33
PC005332;TURBO COMPRESSOR PESADO PARALELA B;MOTOR;139,0;2414,35
PC005333;MANGUEIRA RADIADOR STD PARALELA A;ARREFECIMENTO;28,0;263,1
PC005334;PINO MESTRE PESADO PARALELA A;SUSPENSAO;6,0;403,08
PC005335;QUINTA RODA COMPLETA LEVE ORIGINAL;ARTICULACAO_5RODA;14,0;917,05
PC005336;EIXO CARDAN  REMANUFATURADO;TRANSMISSAO;7,0;1904,29
PC005337;PLATO DE EMBREAGEM STD PARALELA B;TRANSMISSAO;3,0;1318,82
PC005338;FILTRO DE OLEO MOTOR REFORCADO ORIGINAL;MOTOR;49,0;2727,98
PC005339;BATERIA 150AH PESADO PARALELA A;ELETRICA;42,0;1064,93
PC005340;DISCO DE FREIO REFORCADO REMANUFATURADO;FREIOS;11,0;315,59
PC005341;CILINDRO MESTRE PESADO ORIGINAL;FREIOS;147,0;162,8
PC005342;CHICOTE ELETRICO PESADO ORIGINAL;ELETRICA;30,0;43,88
PC005343;PARAFUSO DE RODA LEVE PARALELA B;RODAS_PNEUS;46,0;1077,9
PC005345;FILTRO DE OLEO CAMBIO  PARALELA A;FILTROS;6,0;115,64
PC005346;ESPELHO RETROVISOR STD ORIGINAL;CARROCERIA;4,0;909,87
PC005347;RODA DE ACO ARO 22 LEVE ORIGINAL;RODAS_PNEUS;3,0;1544,89
PC005348;VIDRO LATERAL PESADO PARALELA A;CARROCERIA;5,0;434,73
PC005349;MANGOTE PNEUMATICO STD REMANUFATURADO;ARTICULACAO_5RODA;62,0;2149,24
PC005350;PARA-BRISA  PARALELA A;CARROCERIA;44,0;166,04
PC005351;AMORTECEDOR DIANTEIRO  PARALELA B;SUSPENSAO;0,0;892,41
PC005352;FILTRO DE COMBUSTIVEL STD PARALELA B;FILTROS;25,0;124,62
PC005353;FILTRO DE AR MOTOR STD REMANUFATURADO;FILTROS;9,0;55,61
PC005354;VALVULA TERMOSTATICA REFORCADO PARALELA B;ARREFECIMENTO;21,0;555,41
PC005355;CAMARA DE AR PESADO PARALELA A;RODAS_PNEUS;123,0;1174,02
PC005356;FEIXE DE MOLA REFORCADO ORIGINAL;SUSPENSAO;7,0;1220,99
PC005357;CORREIA DENTADA STD PARALELA A;MOTOR;37,0;2354,57
PC005359;SINCRONIZADOR  PARALELA B;TRANSMISSAO;108,0;3425,88
PC005360;BOLSA DE AR SUSPENSAO  PARALELA A;SUSPENSAO;4,0;541,05
PC005361;MANGUEIRA DE FREIO AR  PARALELA B;FREIOS;1,0;335,75
PC005362;FILTRO SEPARADOR AGUA STD ORIGINAL;FILTROS;5,0;90,21
PC005363;LONA DE FREIO REFORCADO ORIGINAL;FREIOS;32,0;269,37
PC005364;CRUZETA CARDAN  ORIGINAL;TRANSMISSAO;10,0;3473,52
PC005365;PARA-CHOQUE DIANTEIRO  ORIGINAL;CARROCERIA;10,0;68,8
PC005367;FAROL DIANTEIRO LED  PARALELA B;ELETRICA;51,0;1018,59
PC005368;BARRA ESTABILIZADORA STD PARALELA A;SUSPENSAO;5,0;244,6
PC005369;AMORTECEDOR TRASEIRO REFORCADO REMANUFATURADO;SUSPENSAO;100,0;814,23
PC005370;FILTRO DE CABINE LEVE ORIGINAL;FILTROS;105,0;78,15
PC005371;ENGATE DE REBOQUE PESADO PARALELA A;ARTICULACAO_5RODA;9,0;431,74
PC005372;DISCO DE EMBREAGEM LEVE PARALELA A;TRANSMISSAO;8,0;4097,34
PC005373;SAPATA DE FREIO STD ORIGINAL;FREIOS;19,0;296,47
PC005374;BICO INJETOR LEVE ORIGINAL;MOTOR;327,0;1511,14
PC005375;BUCHA DE MOLA PESADO PARALELA B;SUSPENSAO;13,0;201,54
PC005376;VENTOINHA LEVE PARALELA B;ARREFECIMENTO;9,0;249,32
PC005377;CAMISA DE CILINDRO STD ORIGINAL;MOTOR;161,0;1709,61
PC005378;BOMBA INJETORA  PARALELA A;MOTOR;4,0;5511,28
PC005379;TAMBOR DE FREIO REFORCADO ORIGINAL;FREIOS;53,0;85,08
PC005380;ROLAMENTO DE EMBREAGEM STD REMANUFATURADO;TRANSMISSAO;3,0;2736,58
PC005381;PINO REI LEVE PARALELA A;ARTICULACAO_5RODA;6,0;1958,56
PC005382;PARA-LAMA REFORCADO ORIGINAL;CARROCERIA;18,0;43,05
PC005383;VALVULA DE ADMISSAO  ORIGINAL;MOTOR;26,0;3424,4
PC005384;PNEU RADIAL 295/80  PARALELA A;RODAS_PNEUS;30,0;1100,11
PC005385;MACANETA DE PORTA REFORCADO PARALELA B;CARROCERIA;44,0;70,58
PC005386;CUBO DE RODA PESADO ORIGINAL;RODAS_PNEUS;18,0;1362,26
PC005387;BOMBA D AGUA LEVE ORIGINAL;ARREFECIMENTO;29,0;721,7
PC005388;PASTILHA DE FREIO REFORCADO ORIGINAL;FREIOS;522,0;183,98
PC005389;CAIXA DE CAMBIO COMPLETA PESADO PARALELA A;TRANSMISSAO;4,0;1085,75
PC005390;ALTERNADOR PESADO ORIGINAL;ELETRICA;38,0;308,52
PC005391;LANTERNA TRASEIRA REFORCADO REMANUFATURADO;ELETRICA;18,0;275,53
PC005392;MOTOR DE PARTIDA STD PARALELA A;ELETRICA;4,0;164,33
PC005393;JUNTA DE CABECOTE  PARALELA A;MOTOR;3,0;411,45
PC005394;SENSOR ABS REFORCADO PARALELA B;ELETRICA;71,0;300,49
PC005395;RESERVATORIO EXPANSAO PESADO ORIGINAL;ARREFECIMENTO;173,0;777,99
PC005396;TURBO COMPRESSOR STD REMANUFATURADO;MOTOR;46,0;3364,35
PC005397;MANGUEIRA RADIADOR STD PARALELA A;ARREFECIMENTO;7,0;160,87
PC005398;PINO MESTRE STD PARALELA B;SUSPENSAO;21,0;417,59
PC005399;QUINTA RODA COMPLETA STD PARALELA A;ARTICULACAO_5RODA;6,0;3083,57
PC005400;EIXO CARDAN REFORCADO REMANUFATURADO;TRANSMISSAO;80,0;4719,49
PC005401;PLATO DE EMBREAGEM STD PARALELA A;TRANSMISSAO;24,0;5960,1
PC005402;FILTRO DE OLEO MOTOR LEVE ORIGINAL;MOTOR;18,0;5927,99
PC005403;BATERIA 150AH STD ORIGINAL;ELETRICA;1,0;1351,94
PC005405;CILINDRO MESTRE STD PARALELA A;FREIOS;0,0;128,96
PC005406;CHICOTE ELETRICO  PARALELA B;ELETRICA;22,0;1475,94
PC005407;PARAFUSO DE RODA  PARALELA A;RODAS_PNEUS;3,0;94,54
PC005408;RADIADOR COMPLETO PESADO PARALELA A;ARREFECIMENTO;102,0;506,39
PC005409;FILTRO DE OLEO CAMBIO REFORCADO PARALELA B;FILTROS;12,0;35,43
PC005410;ESPELHO RETROVISOR STD PARALELA B;CARROCERIA;89,0;856,93
PC005411;RODA DE ACO ARO 22 LEVE PARALELA B;RODAS_PNEUS;229,0;1280,77
PC005413;MANGOTE PNEUMATICO LEVE ORIGINAL;ARTICULACAO_5RODA;3,0;2401,49
PC005414;PARA-BRISA PESADO REMANUFATURADO;CARROCERIA;838,0;129,11
PC005415;AMORTECEDOR DIANTEIRO LEVE REMANUFATURADO;SUSPENSAO;8,0;549,22
PC005416;FILTRO DE COMBUSTIVEL STD ORIGINAL;FILTROS;84,0;24,02
PC005417;FILTRO DE AR MOTOR STD PARALELA B;FILTROS;27,0;96,0
PC005419;CAMARA DE AR STD PARALELA B;RODAS_PNEUS;17,0;880,32
PC005420;FEIXE DE MOLA  PARALELA A;SUSPENSAO;10,0;190,54
PC005421;CORREIA DENTADA PESADO PARALELA A;MOTOR;10,0;1784,11
PC005422;ROLAMENTO DE RODA STD ORIGINAL;RODAS_PNEUS;3,0;1894,64
PC005423;SINCRONIZADOR STD ORIGINAL;TRANSMISSAO;14,0;6255,41
PC005424;BOLSA DE AR SUSPENSAO  ORIGINAL;SUSPENSAO;11,0;562,95
PC005425;MANGUEIRA DE FREIO AR  ORIGINAL;FREIOS;23,0;248,16
PC005426;FILTRO SEPARADOR AGUA  PARALELA A;FILTROS;18,0;54,29
PC005427;LONA DE FREIO PESADO ORIGINAL;FREIOS;37,0;354,28
PC005428;CRUZETA CARDAN REFORCADO ORIGINAL;TRANSMISSAO;8,0;2341,75
PC005429;PARA-CHOQUE DIANTEIRO REFORCADO ORIGINAL;CARROCERIA;53,0;761,78
PC005430;VALVULA DE FREIO PESADO ORIGINAL;FREIOS;8,0;293,42
PC005431;FAROL DIANTEIRO LED PESADO REMANUFATURADO;ELETRICA;2,0;877,35
PC005432;BARRA ESTABILIZADORA PESADO PARALELA A;SUSPENSAO;24,0;376,46
PC005433;AMORTECEDOR TRASEIRO LEVE ORIGINAL;SUSPENSAO;14,0;584,39
PC005434;FILTRO DE CABINE REFORCADO PARALELA A;FILTROS;1,0;40,2
PC005435;ENGATE DE REBOQUE PESADO PARALELA B;ARTICULACAO_5RODA;82,0;299,16
PC005436;DISCO DE EMBREAGEM PESADO ORIGINAL;TRANSMISSAO;91,0;1700,86
PC005437;SAPATA DE FREIO  PARALELA A;FREIOS;5,0;229,95
PC005438;BICO INJETOR PESADO ORIGINAL;MOTOR;39,0;5603,5
PC005439;BUCHA DE MOLA  ORIGINAL;SUSPENSAO;95,0;864,82
PC005440;VENTOINHA STD ORIGINAL;ARREFECIMENTO;2,0;662,34
PC005441;CAMISA DE CILINDRO STD ORIGINAL;MOTOR;19,0;4019,54
PC005442;BOMBA INJETORA STD PARALELA B;MOTOR;9,0;1965,42
PC005443;TAMBOR DE FREIO  ORIGINAL;FREIOS;21,0;208,81
PC005444;ROLAMENTO DE EMBREAGEM LEVE PARALELA B;TRANSMISSAO;8,0;4305,87
PC005445;PINO REI REFORCADO PARALELA A;ARTICULACAO_5RODA;3,0;2590,27
PC005446;PARA-LAMA LEVE PARALELA A;CARROCERIA;4,0;165,39
PC005447;VALVULA DE ADMISSAO  PARALELA A;MOTOR;285,0;3826,64
PC005448;PNEU RADIAL 295/80  REMANUFATURADO;RODAS_PNEUS;1,0;1647,62
PC005449;MACANETA DE PORTA LEVE ORIGINAL;CARROCERIA;24,0;549,68
PC005450;CUBO DE RODA REFORCADO PARALELA B;RODAS_PNEUS;5,0;1314,26
PC005451;BOMBA D AGUA REFORCADO PARALELA B;ARREFECIMENTO;30,0;439,97
PC005452;PASTILHA DE FREIO LEVE PARALELA A;FREIOS;2,0;214,93
PC005453;CAIXA DE CAMBIO COMPLETA  REMANUFATURADO;TRANSMISSAO;6,0;2877,44
PC005454;ALTERNADOR  REMANUFATURADO;ELETRICA;70,0;182,23
PC005455;LANTERNA TRASEIRA STD ORIGINAL;ELETRICA;64,0;484,8
PC005456;MOTOR DE PARTIDA REFORCADO PARALELA A;ELETRICA;34,0;435,68
PC005457;JUNTA DE CABECOTE REFORCADO PARALELA A;MOTOR;4,0;3148,01
PC005458;SENSOR ABS PESADO ORIGINAL;ELETRICA;43,0;825,35
PC005459;RESERVATORIO EXPANSAO STD ORIGINAL;ARREFECIMENTO;4,0;1094,66
PC005460;TURBO COMPRESSOR  ORIGINAL;MOTOR;12,0;382,07
PC005461;MANGUEIRA RADIADOR REFORCADO PARALELA B;ARREFECIMENTO;253,0;268,91
PC005462;PINO MESTRE LEVE PARALELA A;SUSPENSAO;59,0;321,5
PC005463;QUINTA RODA COMPLETA STD PARALELA B;ARTICULACAO_5RODA;2,0;631,38
PC005464;EIXO CARDAN PESADO ORIGINAL;TRANSMISSAO;15,0;1208,64
PC005465;PLATO DE EMBREAGEM REFORCADO PARALELA A;TRANSMISSAO;17,0;6638,79
PC005466;FILTRO DE OLEO MOTOR  PARALELA B;MOTOR;13,0;1043,06
PC005467;BATERIA 150AH LEVE ORIGINAL;ELETRICA;16,0;302,5
PC005468;DISCO DE FREIO STD PARALELA A;FREIOS;10,0;367,78
PC005469;CILINDRO MESTRE PESADO ORIGINAL;FREIOS;11,0;67,13
PC005470;CHICOTE ELETRICO STD PARALELA B;ELETRICA;77,0;152,08
PC005471;PARAFUSO DE RODA  PARALELA A;RODAS_PNEUS;121,0;426,17
PC005472;RADIADOR COMPLETO  REMANUFATURADO;ARREFECIMENTO;2,0;890,78
PC005473;FILTRO DE OLEO CAMBIO LEVE PARALELA A;FILTROS;45,0;64,86
PC005474;ESPELHO RETROVISOR REFORCADO ORIGINAL;CARROCERIA;26,0;486,87
PC005475;RODA DE ACO ARO 22 PESADO ORIGINAL;RODAS_PNEUS;48,0;82,07
PC005476;VIDRO LATERAL REFORCADO REMANUFATURADO;CARROCERIA;2,0;469,17
PC005477;MANGOTE PNEUMATICO REFORCADO PARALELA B;ARTICULACAO_5RODA;6,0;1281,86
PC005478;PARA-BRISA  PARALELA A;CARROCERIA;13,0;592,82
PC005479;AMORTECEDOR DIANTEIRO PESADO PARALELA A;SUSPENSAO;11,0;528,87
PC005480;FILTRO DE COMBUSTIVEL PESADO REMANUFATURADO;FILTROS;22,0;24,82
PC005481;FILTRO DE AR MOTOR STD REMANUFATURADO;FILTROS;6,0;39,3
PC005482;VALVULA TERMOSTATICA REFORCADO ORIGINAL;ARREFECIMENTO;9,0;337,5
PC005483;CAMARA DE AR LEVE ORIGINAL;RODAS_PNEUS;1,0;839,31
PC005484;FEIXE DE MOLA REFORCADO PARALELA A;SUSPENSAO;35,0;448,08
PC005486;ROLAMENTO DE RODA LEVE PARALELA A;RODAS_PNEUS;16,0;1111,11
PC005487;SINCRONIZADOR REFORCADO PARALELA A;TRANSMISSAO;40,0;3697,01
PC005488;BOLSA DE AR SUSPENSAO  PARALELA A;SUSPENSAO;36,0;772,92
PC005489;MANGUEIRA DE FREIO AR  ORIGINAL;FREIOS;81,0;100,07
PC005490;FILTRO SEPARADOR AGUA STD PARALELA B;FILTROS;115,0;54,16
PC005491;LONA DE FREIO STD ORIGINAL;FREIOS;1,0;80,93
PC005492;CRUZETA CARDAN REFORCADO REMANUFATURADO;TRANSMISSAO;6,0;3538,03
PC005493;PARA-CHOQUE DIANTEIRO PESADO PARALELA A;CARROCERIA;1,0;997,04
PC005494;VALVULA DE FREIO  REMANUFATURADO;FREIOS;46,0;107,16
PC005495;FAROL DIANTEIRO LED REFORCADO PARALELA A;ELETRICA;6,0;1165,33
PC005496;BARRA ESTABILIZADORA LEVE ORIGINAL;SUSPENSAO;23,0;164,77
PC005497;AMORTECEDOR TRASEIRO  ORIGINAL;SUSPENSAO;10,0;186,71
PC005498;FILTRO DE CABINE STD ORIGINAL;FILTROS;64,0;53,9
PC005499;ENGATE DE REBOQUE LEVE PARALELA A;ARTICULACAO_5RODA;14,0;2300,88
PC005500;DISCO DE EMBREAGEM LEVE ORIGINAL;TRANSMISSAO;88,0;5629,46
PC005501;SAPATA DE FREIO STD ORIGINAL;FREIOS;7,0;99,55
PC005502;BICO INJETOR PESADO REMANUFATURADO;MOTOR;12,0;2126,96
PC005503;BUCHA DE MOLA LEVE ORIGINAL;SUSPENSAO;3,0;121,38
PC005504;VENTOINHA STD PARALELA A;ARREFECIMENTO;5,0;773,83
PC005505;CAMISA DE CILINDRO LEVE PARALELA A;MOTOR;66,0;1393,67
PC005506;BOMBA INJETORA STD PARALELA B;MOTOR;2,0;2102,64
PC005507;TAMBOR DE FREIO PESADO ORIGINAL;FREIOS;2,0;85,2
PC005508;ROLAMENTO DE EMBREAGEM  ORIGINAL;TRANSMISSAO;22,0;3858,47
PC005511;VALVULA DE ADMISSAO STD ORIGINAL;MOTOR;3,0;4325,58
PC005512;PNEU RADIAL 295/80  PARALELA B;RODAS_PNEUS;10,0;1314,59
PC005513;MACANETA DE PORTA LEVE PARALELA B;CARROCERIA;30,0;638,63
PC005514;CUBO DE RODA STD ORIGINAL;RODAS_PNEUS;1,0;998,35
PC005515;BOMBA D AGUA  PARALELA A;ARREFECIMENTO;3,0;108,07
PC005516;PASTILHA DE FREIO PESADO PARALELA B;FREIOS;12,0;136,6
PC005517;CAIXA DE CAMBIO COMPLETA  PARALELA B;TRANSMISSAO;13,0;3565,41
PC005518;ALTERNADOR PESADO PARALELA A;ELETRICA;6,0;994,1
PC005519;LANTERNA TRASEIRA  REMANUFATURADO;ELETRICA;6,0;1276,0
PC005520;MOTOR DE PARTIDA  REMANUFATURADO;ELETRICA;24,0;200,46
PC005521;JUNTA DE CABECOTE PESADO PARALELA A;MOTOR;49,0;1093,56
PC005522;SENSOR ABS PESADO PARALELA B;ELETRICA;49,0;982,03
PC005524;TURBO COMPRESSOR PESADO PARALELA A;MOTOR;19,0;4393,17
PC005525;MANGUEIRA RADIADOR PESADO PARALELA A;ARREFECIMENTO;3,0;559,34
PC005526;PINO MESTRE  PARALELA B;SUSPENSAO;9,0;496,08
PC005527;QUINTA RODA COMPLETA LEVE PARALELA A;ARTICULACAO_5RODA;15,0;2860,71
PC005528;EIXO CARDAN LEVE ORIGINAL;TRANSMISSAO;29,0;5889,61
PC005529;PLATO DE EMBREAGEM LEVE REMANUFATURADO;TRANSMISSAO;3,0;4561,06
PC005530;FILTRO DE OLEO MOTOR  PARALELA A;MOTOR;1,0;3500,09
PC005531;BATERIA 150AH STD PARALELA B;ELETRICA;12,0;1220,28
PC005532;DISCO DE FREIO PESADO REMANUFATURADO;FREIOS;43,0;349,55
PC005533;CILINDRO MESTRE PESADO PARALELA A;FREIOS;0,0;354,95
PC005534;CHICOTE ELETRICO  PARALELA A;ELETRICA;43,0;823,57
PC005535;PARAFUSO DE RODA REFORCADO PARALELA B;RODAS_PNEUS;75,0;1541,29
PC005536;RADIADOR COMPLETO PESADO ORIGINAL;ARREFECIMENTO;28,0;202,81
PC005537;FILTRO DE OLEO CAMBIO LEVE ORIGINAL;FILTROS;4,0;53,25
PC005539;RODA DE ACO ARO 22 REFORCADO ORIGINAL;RODAS_PNEUS;1,0;457,04
PC005540;VIDRO LATERAL STD PARALELA B;CARROCERIA;5,0;898,67
PC005541;MANGOTE PNEUMATICO LEVE ORIGINAL;ARTICULACAO_5RODA;141,0;1103,82
PC005542;PARA-BRISA LEVE REMANUFATURADO;CARROCERIA;7,0;74,61
PC005543;AMORTECEDOR DIANTEIRO LEVE PARALELA A;SUSPENSAO;42,0;990,13
PC005544;FILTRO DE COMBUSTIVEL REFORCADO PARALELA A;FILTROS;171,0;71,17
PC005545;FILTRO DE AR MOTOR LEVE ORIGINAL;FILTROS;19,0;64,51
PC005546;VALVULA TERMOSTATICA  ORIGINAL;ARREFECIMENTO;5,0;176,47
PC005547;CAMARA DE AR PESADO PARALELA B;RODAS_PNEUS;6,0;1282,08
PC005548;FEIXE DE MOLA PESADO REMANUFATURADO;SUSPENSAO;38,0;547,53
PC005549;CORREIA DENTADA  ORIGINAL;MOTOR;6,0;3984,93
PC005550;ROLAMENTO DE RODA REFORCADO ORIGINAL;RODAS_PNEUS;13,0;729,37
PC005551;SINCRONIZADOR LEVE PARALELA A;TRANSMISSAO;9,0;2818,08
PC005552;BOLSA DE AR SUSPENSAO PESADO PARALELA B;SUSPENSAO;1,0;911,44
PC005553;MANGUEIRA DE FREIO AR  ORIGINAL;FREIOS;35,0;327,44
PC005554;FILTRO SEPARADOR AGUA  ORIGINAL;FILTROS;20,0;116,03
PC005555;LONA DE FREIO  PARALELA A;FREIOS;59,0;87,48
PC005556;CRUZETA CARDAN STD ORIGINAL;TRANSMISSAO;243,0;6395,12
PC005557;PARA-CHOQUE DIANTEIRO REFORCADO ORIGINAL;CARROCERIA;3,0;1018,97
PC005558;VALVULA DE FREIO REFORCADO PARALELA A;FREIOS;4,0;118,93
PC005559;FAROL DIANTEIRO LED STD PARALELA A;ELETRICA;3,0;168,17
PC005560;BARRA ESTABILIZADORA PESADO PARALELA A;SUSPENSAO;9,0;1218,06
PC005561;AMORTECEDOR TRASEIRO REFORCADO PARALELA A;SUSPENSAO;219,0;1026,61
PC005562;FILTRO DE CABINE PESADO ORIGINAL;FILTROS;31,0;46,96
PC005563;ENGATE DE REBOQUE STD ORIGINAL;ARTICULACAO_5RODA;16,0;1612,47
PC005564;DISCO DE EMBREAGEM REFORCADO ORIGINAL;TRANSMISSAO;67,0;4890,76
PC005565;SAPATA DE FREIO STD ORIGINAL;FREIOS;9,0;277,17
PC005566;BICO INJETOR  PARALELA B;MOTOR;4,0;5678,72
PC005567;BUCHA DE MOLA STD PARALELA B;SUSPENSAO;358,0;314,82
PC005568;VENTOINHA REFORCADO PARALELA B;ARREFECIMENTO;54,0;545,77
PC005569;CAMISA DE CILINDRO PESADO PARALELA B;MOTOR;28,0;3302,75
PC005571;TAMBOR DE FREIO STD PARALELA B;FREIOS;10,0;342,15
PC005572;ROLAMENTO DE EMBREAGEM STD PARALELA B;TRANSMISSAO;0,0;4755,29
PC005573;PINO REI  ORIGINAL;ARTICULACAO_5RODA;17,0;1966,97
PC005574;PARA-LAMA REFORCADO REMANUFATURADO;CARROCERIA;3,0;802,92
PC005575;VALVULA DE ADMISSAO  PARALELA A;MOTOR;4,0;541,54
PC005576;PNEU RADIAL 295/80  ORIGINAL;RODAS_PNEUS;3,0;1288,8
PC005577;MACANETA DE PORTA STD REMANUFATURADO;CARROCERIA;15,0;783,83
PC005578;CUBO DE RODA PESADO PARALELA A;RODAS_PNEUS;137,0;1633,39
PC005579;BOMBA D AGUA STD ORIGINAL;ARREFECIMENTO;23,0;302,6
PC005580;PASTILHA DE FREIO PESADO PARALELA A;FREIOS;70,0;318,7
PC005581;CAIXA DE CAMBIO COMPLETA PESADO REMANUFATURADO;TRANSMISSAO;142,0;4350,58
PC005582;ALTERNADOR LEVE PARALELA A;ELETRICA;24,0;411,61
PC005583;LANTERNA TRASEIRA LEVE ORIGINAL;ELETRICA;39,0;586,61
PC005584;MOTOR DE PARTIDA LEVE PARALELA A;ELETRICA;4,0;969,09
PC005585;JUNTA DE CABECOTE  ORIGINAL;MOTOR;5,0;1246,02
PC005586;SENSOR ABS REFORCADO REMANUFATURADO;ELETRICA;9,0;342,26
PC005587;RESERVATORIO EXPANSAO LEVE PARALELA B;ARREFECIMENTO;2,0;436,03
PC005589;MANGUEIRA RADIADOR STD ORIGINAL;ARREFECIMENTO;26,0;897,89
PC005590;PINO MESTRE  PARALELA A;SUSPENSAO;55,0;409,38
PC005591;QUINTA RODA COMPLETA STD REMANUFATURADO;ARTICULACAO_5RODA;121,0;1379,46
PC005592;EIXO CARDAN REFORCADO ORIGINAL;TRANSMISSAO;23,0;3498,67
PC005593;PLATO DE EMBREAGEM  ORIGINAL;TRANSMISSAO;30,0;1545,87
PC005594;FILTRO DE OLEO MOTOR LEVE ORIGINAL;MOTOR;0,0;2902,04
PC005595;BATERIA 150AH LEVE PARALELA A;ELETRICA;6,0;526,5
PC005596;DISCO DE FREIO REFORCADO PARALELA A;FREIOS;9,0;161,01
PC005597;CILINDRO MESTRE PESADO PARALELA A;FREIOS;10,0;353,88
PC005598;CHICOTE ELETRICO PESADO PARALELA A;ELETRICA;3,0;219,48
PC005599;PARAFUSO DE RODA STD PARALELA B;RODAS_PNEUS;11,0;489,54
PC005600;RADIADOR COMPLETO REFORCADO PARALELA A;ARREFECIMENTO;68,0;719,57
PC005602;ESPELHO RETROVISOR PESADO REMANUFATURADO;CARROCERIA;84,0;528,25
PC005603;RODA DE ACO ARO 22 LEVE PARALELA A;RODAS_PNEUS;8,0;350,06
PC005604;VIDRO LATERAL REFORCADO PARALELA B;CARROCERIA;15,0;281,61
PC005605;MANGOTE PNEUMATICO REFORCADO ORIGINAL;ARTICULACAO_5RODA;7,0;548,3
PC005606;PARA-BRISA LEVE REMANUFATURADO;CARROCERIA;37,0;438,53
PC005608;FILTRO DE COMBUSTIVEL LEVE REMANUFATURADO;FILTROS;10,0;128,55
PC005609;FILTRO DE AR MOTOR PESADO PARALELA B;FILTROS;9,0;76,22
PC005610;VALVULA TERMOSTATICA LEVE PARALELA B;ARREFECIMENTO;16,0;709,49
PC005611;CAMARA DE AR  ORIGINAL;RODAS_PNEUS;30,0;433,29
PC005612;FEIXE DE MOLA REFORCADO PARALELA A;SUSPENSAO;93,0;576,41
PC005613;CORREIA DENTADA STD PARALELA A;MOTOR;8,0;1145,94
PC005614;ROLAMENTO DE RODA LEVE REMANUFATURADO;RODAS_PNEUS;13,0;1069,72
PC005615;SINCRONIZADOR REFORCADO PARALELA B;TRANSMISSAO;56,0;1658,12
PC005616;BOLSA DE AR SUSPENSAO  ORIGINAL;SUSPENSAO;43,0;138,29
PC005617;MANGUEIRA DE FREIO AR REFORCADO ORIGINAL;FREIOS;20,0;139,14
PC005618;FILTRO SEPARADOR AGUA STD ORIGINAL;FILTROS;33,0;82,73
PC005619;LONA DE FREIO PESADO ORIGINAL;FREIOS;22,0;399,59
PC005620;CRUZETA CARDAN REFORCADO PARALELA A;TRANSMISSAO;30,0;282,38
PC005621;PARA-CHOQUE DIANTEIRO REFORCADO ORIGINAL;CARROCERIA;3,0;989,85
PC005622;VALVULA DE FREIO REFORCADO PARALELA A;FREIOS;1,0;91,63
PC005623;FAROL DIANTEIRO LED PESADO ORIGINAL;ELETRICA;19,0;717,22
PC005624;BARRA ESTABILIZADORA LEVE REMANUFATURADO;SUSPENSAO;23,0;699,85
PC005625;AMORTECEDOR TRASEIRO  PARALELA B;SUSPENSAO;1,0;897,91
PC005626;FILTRO DE CABINE LEVE ORIGINAL;FILTROS;28,0;105,62
PC005628;DISCO DE EMBREAGEM  ORIGINAL;TRANSMISSAO;22,0;1698,93
PC005629;SAPATA DE FREIO REFORCADO PARALELA A;FREIOS;7,0;100,42
PC005630;BICO INJETOR  REMANUFATURADO;MOTOR;5,0;1780,49
PC005631;BUCHA DE MOLA STD PARALELA B;SUSPENSAO;8,0;773,5
PC005632;VENTOINHA REFORCADO PARALELA A;ARREFECIMENTO;3,0;918,65
PC005633;CAMISA DE CILINDRO  ORIGINAL;MOTOR;277,0;4882,18
PC005634;BOMBA INJETORA LEVE ORIGINAL;MOTOR;3,0;2461,74
PC005635;TAMBOR DE FREIO LEVE PARALELA A;FREIOS;2,0;261,46
PC005636;ROLAMENTO DE EMBREAGEM REFORCADO REMANUFATURADO;TRANSMISSAO;6,0;8146,99
PC005637;PINO REI REFORCADO ORIGINAL;ARTICULACAO_5RODA;108,0;1195,45
PC005638;PARA-LAMA STD PARALELA A;CARROCERIA;197,0;375,78
PC005639;VALVULA DE ADMISSAO  PARALELA A;MOTOR;43,0;469,02
PC005640;PNEU RADIAL 295/80 LEVE ORIGINAL;RODAS_PNEUS;6,0;387,63
PC005641;MACANETA DE PORTA PESADO PARALELA A;CARROCERIA;27,0;385,61
PC005645;CAIXA DE CAMBIO COMPLETA STD REMANUFATURADO;TRANSMISSAO;10,0;7334,36
PC005646;ALTERNADOR STD ORIGINAL;ELETRICA;9,0;1170,88
PC005647;LANTERNA TRASEIRA PESADO ORIGINAL;ELETRICA;19,0;892,33
PC005648;MOTOR DE PARTIDA PESADO PARALELA A;ELETRICA;22,0;251,96
PC005649;JUNTA DE CABECOTE PESADO PARALELA B;MOTOR;33,0;2613,06
PC005650;SENSOR ABS REFORCADO REMANUFATURADO;ELETRICA;204,0;1432,88
PC005651;RESERVATORIO EXPANSAO REFORCADO PARALELA A;ARREFECIMENTO;12,0;1002,59
PC005652;TURBO COMPRESSOR PESADO ORIGINAL;MOTOR;4,0;1456,5
PC005653;MANGUEIRA RADIADOR REFORCADO ORIGINAL;ARREFECIMENTO;117,0;578,13
PC005654;PINO MESTRE PESADO ORIGINAL;SUSPENSAO;45,0;323,02
PC005655;QUINTA RODA COMPLETA REFORCADO ORIGINAL;ARTICULACAO_5RODA;17,0;1386,52
PC005656;EIXO CARDAN  ORIGINAL;TRANSMISSAO;16,0;5173,06
PC005657;PLATO DE EMBREAGEM LEVE PARALELA B;TRANSMISSAO;4,0;5118,46
PC005658;FILTRO DE OLEO MOTOR STD PARALELA A;MOTOR;29,0;3625,77
PC005659;BATERIA 150AH  ORIGINAL;ELETRICA;8,0;1042,72
PC005660;DISCO DE FREIO STD REMANUFATURADO;FREIOS;5,0;244,4
PC005661;CILINDRO MESTRE  PARALELA A;FREIOS;4,0;172,97
PC005662;CHICOTE ELETRICO LEVE ORIGINAL;ELETRICA;5,0;923,57
PC005663;PARAFUSO DE RODA  PARALELA A;RODAS_PNEUS;9,0;557,01
PC005664;RADIADOR COMPLETO PESADO PARALELA B;ARREFECIMENTO;20,0;730,46
PC005666;ESPELHO RETROVISOR  PARALELA A;CARROCERIA;11,0;743,78
PC005667;RODA DE ACO ARO 22 PESADO REMANUFATURADO;RODAS_PNEUS;18,0;895,8
PC005668;VIDRO LATERAL STD ORIGINAL;CARROCERIA;5,0;354,64
PC005669;MANGOTE PNEUMATICO STD ORIGINAL;ARTICULACAO_5RODA;15,0;719,62
PC005670;PARA-BRISA PESADO ORIGINAL;CARROCERIA;448,0;257,25
PC005671;AMORTECEDOR DIANTEIRO LEVE ORIGINAL;SUSPENSAO;2,0;311,39
PC005672;FILTRO DE COMBUSTIVEL PESADO ORIGINAL;FILTROS;14,0;23,24
PC005674;VALVULA TERMOSTATICA  PARALELA A;ARREFECIMENTO;4,0;593,77
PC005675;CAMARA DE AR STD REMANUFATURADO;RODAS_PNEUS;62,0;1352,53
PC005676;FEIXE DE MOLA STD ORIGINAL;SUSPENSAO;4,0;1229,91
PC005677;CORREIA DENTADA  PARALELA A;MOTOR;33,0;5444,25
PC005678;ROLAMENTO DE RODA LEVE ORIGINAL;RODAS_PNEUS;5,0;900,34
PC005679;SINCRONIZADOR LEVE ORIGINAL;TRANSMISSAO;77,0;4036,51
PC005680;BOLSA DE AR SUSPENSAO REFORCADO ORIGINAL;SUSPENSAO;7,0;168,8
PC005681;MANGUEIRA DE FREIO AR STD ORIGINAL;FREIOS;57,0;237,5
PC005682;FILTRO SEPARADOR AGUA LEVE PARALELA B;FILTROS;0,0;73,47
PC005683;LONA DE FREIO PESADO PARALELA B;FREIOS;3,0;302,16
PC005684;CRUZETA CARDAN STD ORIGINAL;TRANSMISSAO;21,0;3277,65
PC005685;PARA-CHOQUE DIANTEIRO STD PARALELA A;CARROCERIA;17,0;1090,37
PC005686;VALVULA DE FREIO LEVE PARALELA B;FREIOS;26,0;210,49
PC005687;FAROL DIANTEIRO LED LEVE ORIGINAL;ELETRICA;4,0;57,34
PC005688;BARRA ESTABILIZADORA  PARALELA B;SUSPENSAO;50,0;587,64
PC005689;AMORTECEDOR TRASEIRO LEVE PARALELA A;SUSPENSAO;1,0;859,64
PC005690;FILTRO DE CABINE PESADO PARALELA A;FILTROS;38,0;70,63
PC005691;ENGATE DE REBOQUE REFORCADO REMANUFATURADO;ARTICULACAO_5RODA;3,0;1810,77
PC005692;DISCO DE EMBREAGEM LEVE PARALELA A;TRANSMISSAO;39,0;2312,55
PC005693;SAPATA DE FREIO  ORIGINAL;FREIOS;0,0;244,52
PC005694;BICO INJETOR LEVE ORIGINAL;MOTOR;8,0;2525,24
PC005695;BUCHA DE MOLA LEVE ORIGINAL;SUSPENSAO;6,0;800,13
PC005696;VENTOINHA STD PARALELA A;ARREFECIMENTO;12,0;419,98
PC005697;CAMISA DE CILINDRO PESADO PARALELA A;MOTOR;14,0;4492,33
PC005698;BOMBA INJETORA LEVE PARALELA A;MOTOR;7,0;644,35
PC005699;TAMBOR DE FREIO LEVE PARALELA B;FREIOS;10,0;362,54
PC005700;ROLAMENTO DE EMBREAGEM REFORCADO ORIGINAL;TRANSMISSAO;1,0;1481,14
PC005701;PINO REI LEVE PARALELA A;ARTICULACAO_5RODA;5,0;2332,86
PC005702;PARA-LAMA  PARALELA A;CARROCERIA;195,0;569,55
PC005703;VALVULA DE ADMISSAO STD ORIGINAL;MOTOR;16,0;2432,72
PC005704;PNEU RADIAL 295/80  ORIGINAL;RODAS_PNEUS;7,0;667,43
PC005705;MACANETA DE PORTA LEVE ORIGINAL;CARROCERIA;238,0;945,47
PC005706;CUBO DE RODA REFORCADO PARALELA A;RODAS_PNEUS;8,0;1046,03
PC005707;BOMBA D AGUA LEVE ORIGINAL;ARREFECIMENTO;20,0;434,99
PC005708;PASTILHA DE FREIO PESADO ORIGINAL;FREIOS;35,0;233,57
PC005709;CAIXA DE CAMBIO COMPLETA PESADO ORIGINAL;TRANSMISSAO;119,0;6358,85
PC005710;ALTERNADOR LEVE PARALELA A;ELETRICA;8,0;831,97
PC005711;LANTERNA TRASEIRA LEVE PARALELA A;ELETRICA;5,0;999,97
PC005712;MOTOR DE PARTIDA STD ORIGINAL;ELETRICA;6,0;373,97
PC005713;JUNTA DE CABECOTE  ORIGINAL;MOTOR;23,0;5315,97
PC005714;SENSOR ABS PESADO REMANUFATURADO;ELETRICA;41,0;643,44
PC005715;RESERVATORIO EXPANSAO LEVE PARALELA A;ARREFECIMENTO;169,0;786,55
PC005716;TURBO COMPRESSOR REFORCADO REMANUFATURADO;MOTOR;106,0;3339,31
PC005717;MANGUEIRA RADIADOR STD ORIGINAL;ARREFECIMENTO;28,0;118,36
PC005718;PINO MESTRE PESADO ORIGINAL;SUSPENSAO;2,0;265,43
PC005719;QUINTA RODA COMPLETA LEVE PARALELA A;ARTICULACAO_5RODA;336,0;752,58
PC005720;EIXO CARDAN REFORCADO PARALELA B;TRANSMISSAO;9,0;6886,82
PC005721;PLATO DE EMBREAGEM LEVE ORIGINAL;TRANSMISSAO;9,0;5335,87
PC005722;FILTRO DE OLEO MOTOR REFORCADO PARALELA B;MOTOR;27,0;1555,72
PC005723;BATERIA 150AH  PARALELA B;ELETRICA;1,0;574,87
PC005724;DISCO DE FREIO STD ORIGINAL;FREIOS;30,0;239,14
PC005725;CILINDRO MESTRE  PARALELA B;FREIOS;1,0;145,37
PC005726;CHICOTE ELETRICO LEVE PARALELA B;ELETRICA;113,0;615,58
PC005727;PARAFUSO DE RODA STD ORIGINAL;RODAS_PNEUS;8,0;860,81
PC005729;FILTRO DE OLEO CAMBIO LEVE ORIGINAL;FILTROS;12,0;30,15
PC005730;ESPELHO RETROVISOR PESADO PARALELA A;CARROCERIA;134,0;211,6
PC005731;RODA DE ACO ARO 22 LEVE PARALELA A;RODAS_PNEUS;53,0;396,03
PC005732;VIDRO LATERAL  ORIGINAL;CARROCERIA;44,0;71,98
PC005733;MANGOTE PNEUMATICO STD REMANUFATURADO;ARTICULACAO_5RODA;10,0;1492,18
PC005735;AMORTECEDOR DIANTEIRO REFORCADO PARALELA A;SUSPENSAO;15,0;289,57
PC005736;FILTRO DE COMBUSTIVEL STD ORIGINAL;FILTROS;45,0;113,98
PC005738;VALVULA TERMOSTATICA STD PARALELA B;ARREFECIMENTO;2,0;290,5
PC005739;CAMARA DE AR PESADO PARALELA B;RODAS_PNEUS;7,0;552,85
PC005740;FEIXE DE MOLA STD ORIGINAL;SUSPENSAO;6,0;1012,8
PC005741;CORREIA DENTADA LEVE REMANUFATURADO;MOTOR;22,0;1544,84
PC005742;ROLAMENTO DE RODA REFORCADO PARALELA A;RODAS_PNEUS;6,0;543,32
PC005743;SINCRONIZADOR STD PARALELA A;TRANSMISSAO;33,0;1265,22
PC005744;BOLSA DE AR SUSPENSAO  ORIGINAL;SUSPENSAO;15,0;645,85
PC005745;MANGUEIRA DE FREIO AR STD REMANUFATURADO;FREIOS;5,0;288,9
PC005746;FILTRO SEPARADOR AGUA LEVE ORIGINAL;FILTROS;6,0;99,85
PC005747;LONA DE FREIO REFORCADO REMANUFATURADO;FREIOS;0,0;155,52
PC005748;CRUZETA CARDAN LEVE ORIGINAL;TRANSMISSAO;119,0;3704,09
PC005749;PARA-CHOQUE DIANTEIRO STD PARALELA A;CARROCERIA;9,0;900,58
PC005750;VALVULA DE FREIO PESADO REMANUFATURADO;FREIOS;93,0;234,82
PC005751;FAROL DIANTEIRO LED LEVE PARALELA A;ELETRICA;16,0;1010,09
PC005752;BARRA ESTABILIZADORA STD PARALELA B;SUSPENSAO;99,0;560,15
PC005753;AMORTECEDOR TRASEIRO LEVE PARALELA A;SUSPENSAO;13,0;397,36
PC005754;FILTRO DE CABINE  REMANUFATURADO;FILTROS;1,0;20,32
PC005755;ENGATE DE REBOQUE  PARALELA B;ARTICULACAO_5RODA;31,0;2199,62
PC005756;DISCO DE EMBREAGEM REFORCADO PARALELA B;TRANSMISSAO;84,0;6733,05
PC005757;SAPATA DE FREIO STD ORIGINAL;FREIOS;16,0;239,64
PC005758;BICO INJETOR  ORIGINAL;MOTOR;45,0;2976,22
PC005759;BUCHA DE MOLA  ORIGINAL;SUSPENSAO;9,0;517,28
PC005760;VENTOINHA PESADO ORIGINAL;ARREFECIMENTO;20,0;181,65
PC005761;CAMISA DE CILINDRO LEVE PARALELA B;MOTOR;36,0;5754,76
PC005762;BOMBA INJETORA LEVE ORIGINAL;MOTOR;17,0;2902,72
PC005763;TAMBOR DE FREIO STD PARALELA B;FREIOS;35,0;303,23
PC005764;ROLAMENTO DE EMBREAGEM REFORCADO PARALELA A;TRANSMISSAO;133,0;1185,78
PC005765;PINO REI REFORCADO REMANUFATURADO;ARTICULACAO_5RODA;13,0;2230,35
PC005766;PARA-LAMA  ORIGINAL;CARROCERIA;2,0;593,75
PC005767;VALVULA DE ADMISSAO PESADO ORIGINAL;MOTOR;43,0;2681,5
PC005768;PNEU RADIAL 295/80 LEVE REMANUFATURADO;RODAS_PNEUS;28,0;1654,65
PC005769;MACANETA DE PORTA  ORIGINAL;CARROCERIA;51,0;910,55
PC005770;CUBO DE RODA REFORCADO PARALELA B;RODAS_PNEUS;21,0;330,24
PC005771;BOMBA D AGUA LEVE ORIGINAL;ARREFECIMENTO;12,0;409,35
PC005772;PASTILHA DE FREIO STD REMANUFATURADO;FREIOS;26,0;79,13
PC005774;ALTERNADOR LEVE REMANUFATURADO;ELETRICA;4,0;985,39
PC005775;LANTERNA TRASEIRA  PARALELA A;ELETRICA;22,0;442,67
PC005776;MOTOR DE PARTIDA  PARALELA B;ELETRICA;83,0;440,94
PC005777;JUNTA DE CABECOTE REFORCADO REMANUFATURADO;MOTOR;6,0;3175,53
PC005778;SENSOR ABS STD PARALELA A;ELETRICA;1,0;1048,72
PC005779;RESERVATORIO EXPANSAO  PARALELA A;ARREFECIMENTO;5,0;176,41
PC005780;TURBO COMPRESSOR REFORCADO REMANUFATURADO;MOTOR;8,0;4172,34
PC005781;MANGUEIRA RADIADOR REFORCADO PARALELA A;ARREFECIMENTO;36,0;103,04
PC005782;PINO MESTRE REFORCADO REMANUFATURADO;SUSPENSAO;14,0;366,06
PC005783;QUINTA RODA COMPLETA STD PARALELA A;ARTICULACAO_5RODA;16,0;2882,21
PC005784;EIXO CARDAN PESADO PARALELA A;TRANSMISSAO;63,0;6888,82
PC005785;PLATO DE EMBREAGEM REFORCADO PARALELA B;TRANSMISSAO;0,0;2670,74
PC005786;FILTRO DE OLEO MOTOR PESADO ORIGINAL;MOTOR;6,0;3901,21
PC005787;BATERIA 150AH REFORCADO ORIGINAL;ELETRICA;13,0;726,62
PC005788;DISCO DE FREIO REFORCADO ORIGINAL;FREIOS;13,0;294,92
PC005789;CILINDRO MESTRE STD PARALELA B;FREIOS;6,0;255,0
PC005790;CHICOTE ELETRICO PESADO ORIGINAL;ELETRICA;20,0;811,82
PC005791;PARAFUSO DE RODA REFORCADO PARALELA A;RODAS_PNEUS;2,0;1346,02
PC005792;RADIADOR COMPLETO LEVE REMANUFATURADO;ARREFECIMENTO;30,0;669,72
PC005794;ESPELHO RETROVISOR LEVE PARALELA B;CARROCERIA;1,0;44,18
PC005795;RODA DE ACO ARO 22 PESADO REMANUFATURADO;RODAS_PNEUS;80,0;190,99
PC005796;VIDRO LATERAL LEVE PARALELA A;CARROCERIA;64,0;1002,85
PC005797;MANGOTE PNEUMATICO REFORCADO REMANUFATURADO;ARTICULACAO_5RODA;28,0;2016,44
PC005799;AMORTECEDOR DIANTEIRO STD REMANUFATURADO;SUSPENSAO;57,0;599,14
PC005800;FILTRO DE COMBUSTIVEL STD PARALELA B;FILTROS;5,0;24,85
PC005802;VALVULA TERMOSTATICA STD ORIGINAL;ARREFECIMENTO;11,0;948,51
PC005803;CAMARA DE AR LEVE REMANUFATURADO;RODAS_PNEUS;5,0;759,25
PC005804;FEIXE DE MOLA LEVE ORIGINAL;SUSPENSAO;8,0;813,22
PC005805;CORREIA DENTADA STD ORIGINAL;MOTOR;3,0;547,57
PC005806;ROLAMENTO DE RODA REFORCADO PARALELA B;RODAS_PNEUS;5,0;1207,03
PC005808;BOLSA DE AR SUSPENSAO LEVE ORIGINAL;SUSPENSAO;9,0;322,52
PC005809;MANGUEIRA DE FREIO AR LEVE ORIGINAL;FREIOS;16,0;239,72
PC005810;FILTRO SEPARADOR AGUA REFORCADO ORIGINAL;FILTROS;10,0;95,74
PC005811;LONA DE FREIO PESADO PARALELA A;FREIOS;6,0;168,75
PC005812;CRUZETA CARDAN REFORCADO ORIGINAL;TRANSMISSAO;36,0;1766,41
PC005813;PARA-CHOQUE DIANTEIRO STD REMANUFATURADO;CARROCERIA;8,0;192,27
PC005814;VALVULA DE FREIO PESADO PARALELA A;FREIOS;20,0;91,61
PC005815;FAROL DIANTEIRO LED STD PARALELA A;ELETRICA;46,0;1097,63
PC005816;BARRA ESTABILIZADORA STD PARALELA B;SUSPENSAO;16,0;696,45
PC005817;AMORTECEDOR TRASEIRO  PARALELA A;SUSPENSAO;90,0;224,73
PC005818;FILTRO DE CABINE  REMANUFATURADO;FILTROS;1,0;36,52
PC005819;ENGATE DE REBOQUE PESADO PARALELA A;ARTICULACAO_5RODA;2,0;1279,97
PC005820;DISCO DE EMBREAGEM PESADO ORIGINAL;TRANSMISSAO;18,0;2199,41
PC005821;SAPATA DE FREIO REFORCADO PARALELA B;FREIOS;131,0;301,34
PC005822;BICO INJETOR  PARALELA B;MOTOR;12,0;3010,44
PC005823;BUCHA DE MOLA STD PARALELA B;SUSPENSAO;113,0;378,46
PC005824;VENTOINHA  ORIGINAL;ARREFECIMENTO;4,0;685,31
PC005825;CAMISA DE CILINDRO  PARALELA A;MOTOR;132,0;2000,74
PC005826;BOMBA INJETORA STD PARALELA B;MOTOR;3,0;2660,73
PC005827;TAMBOR DE FREIO LEVE PARALELA B;FREIOS;43,0;182,2
PC005828;ROLAMENTO DE EMBREAGEM LEVE ORIGINAL;TRANSMISSAO;4,0;2991,48
PC005829;PINO REI STD ORIGINAL;ARTICULACAO_5RODA;192,0;1571,79
PC005830;PARA-LAMA LEVE REMANUFATURADO;CARROCERIA;5,0;1044,31
PC005831;VALVULA DE ADMISSAO STD PARALELA A;MOTOR;5,0;2875,96
PC005833;MACANETA DE PORTA LEVE PARALELA A;CARROCERIA;5,0;671,56
PC005834;CUBO DE RODA STD ORIGINAL;RODAS_PNEUS;47,0;119,69
PC005835;BOMBA D AGUA PESADO ORIGINAL;ARREFECIMENTO;30,0;578,85
PC005836;PASTILHA DE FREIO STD REMANUFATURADO;FREIOS;41,0;136,28
PC005838;ALTERNADOR REFORCADO ORIGINAL;ELETRICA;1,0;1311,38
PC005839;LANTERNA TRASEIRA STD PARALELA A;ELETRICA;1,0;959,64
PC005840;MOTOR DE PARTIDA STD PARALELA A;ELETRICA;50,0;761,4
PC005841;JUNTA DE CABECOTE  REMANUFATURADO;MOTOR;11,0;904,68
PC005842;SENSOR ABS LEVE PARALELA B;ELETRICA;3,0;1037,64
PC005843;RESERVATORIO EXPANSAO REFORCADO ORIGINAL;ARREFECIMENTO;68,0;102,22
PC005845;MANGUEIRA RADIADOR STD PARALELA B;ARREFECIMENTO;13,0;703,19
PC005846;PINO MESTRE PESADO ORIGINAL;SUSPENSAO;10,0;674,43
PC005847;QUINTA RODA COMPLETA PESADO ORIGINAL;ARTICULACAO_5RODA;39,0;2612,36
PC005848;EIXO CARDAN  ORIGINAL;TRANSMISSAO;120,0;8228,15
PC005849;PLATO DE EMBREAGEM PESADO REMANUFATURADO;TRANSMISSAO;16,0;2706,24
PC005850;FILTRO DE OLEO MOTOR  REMANUFATURADO;MOTOR;5,0;2163,1
PC005851;BATERIA 150AH REFORCADO REMANUFATURADO;ELETRICA;364,0;1006,41
PC005852;DISCO DE FREIO STD REMANUFATURADO;FREIOS;9,0;294,46
PC005853;CILINDRO MESTRE STD ORIGINAL;FREIOS;41,0;208,85
PC005854;CHICOTE ELETRICO  PARALELA B;ELETRICA;5,0;1089,94
PC005855;PARAFUSO DE RODA LEVE ORIGINAL;RODAS_PNEUS;143,0;151,49
PC005856;RADIADOR COMPLETO REFORCADO PARALELA A;ARREFECIMENTO;3,0;469,45
PC005857;FILTRO DE OLEO CAMBIO  ORIGINAL;FILTROS;15,0;36,86
PC005859;RODA DE ACO ARO 22 STD REMANUFATURADO;RODAS_PNEUS;7,0;856,63
PC005860;VIDRO LATERAL STD PARALELA B;CARROCERIA;70,0;100,59
PC005861;MANGOTE PNEUMATICO PESADO ORIGINAL;ARTICULACAO_5RODA;12,0;2324,21
PC005863;AMORTECEDOR DIANTEIRO REFORCADO ORIGINAL;SUSPENSAO;10,0;743,41
PC005864;FILTRO DE COMBUSTIVEL PESADO PARALELA A;FILTROS;31,0;101,57
PC005865;FILTRO DE AR MOTOR REFORCADO PARALELA B;FILTROS;23,0;56,22
PC005866;VALVULA TERMOSTATICA  PARALELA A;ARREFECIMENTO;3,0;139,31
PC005867;CAMARA DE AR PESADO REMANUFATURADO;RODAS_PNEUS;2,0;1212,36
PC005868;FEIXE DE MOLA STD ORIGINAL;SUSPENSAO;5,0;1132,34
PC005869;CORREIA DENTADA PESADO PARALELA A;MOTOR;25,0;3889,5
PC005870;ROLAMENTO DE RODA LEVE ORIGINAL;RODAS_PNEUS;4,0;171,02
PC005871;SINCRONIZADOR STD PARALELA A;TRANSMISSAO;88,0;4141,63
PC005872;BOLSA DE AR SUSPENSAO REFORCADO REMANUFATURADO;SUSPENSAO;5,0;788,13
PC005873;MANGUEIRA DE FREIO AR LEVE REMANUFATURADO;FREIOS;14,0;316,38
PC005874;FILTRO SEPARADOR AGUA STD PARALELA A;FILTROS;118,0;105,0
PC005875;LONA DE FREIO LEVE PARALELA A;FREIOS;4,0;108,96
PC005876;CRUZETA CARDAN STD PARALELA B;TRANSMISSAO;5,0;6085,73
PC005878;VALVULA DE FREIO STD ORIGINAL;FREIOS;11,0;126,51
PC005879;FAROL DIANTEIRO LED PESADO PARALELA A;ELETRICA;6,0;1270,0
PC005880;BARRA ESTABILIZADORA STD REMANUFATURADO;SUSPENSAO;6,0;1052,65
PC005881;AMORTECEDOR TRASEIRO PESADO PARALELA A;SUSPENSAO;4,0;918,73
PC005882;FILTRO DE CABINE REFORCADO PARALELA B;FILTROS;1,0;32,22
PC005883;ENGATE DE REBOQUE REFORCADO ORIGINAL;ARTICULACAO_5RODA;3,0;2989,68
PC005884;DISCO DE EMBREAGEM PESADO PARALELA B;TRANSMISSAO;51,0;3736,29
PC005885;SAPATA DE FREIO LEVE PARALELA B;FREIOS;11,0;183,93
PC005886;BICO INJETOR LEVE PARALELA A;MOTOR;63,0;4868,54
PC005887;BUCHA DE MOLA LEVE PARALELA B;SUSPENSAO;5,0;747,62
PC005888;VENTOINHA PESADO PARALELA A;ARREFECIMENTO;21,0;579,83
PC005889;CAMISA DE CILINDRO  PARALELA A;MOTOR;7,0;4564,45
PC005890;BOMBA INJETORA LEVE PARALELA B;MOTOR;8,0;3470,65
PC005891;TAMBOR DE FREIO  PARALELA B;FREIOS;79,0;167,76
PC005892;ROLAMENTO DE EMBREAGEM PESADO PARALELA A;TRANSMISSAO;0,0;8259,86
PC005893;PINO REI PESADO PARALELA A;ARTICULACAO_5RODA;126,0;2750,7
PC005894;PARA-LAMA STD PARALELA B;CARROCERIA;9,0;709,02
PC005895;VALVULA DE ADMISSAO REFORCADO PARALELA A;MOTOR;6,0;1169,17
PC005896;PNEU RADIAL 295/80 LEVE ORIGINAL;RODAS_PNEUS;5,0;622,01
PC005897;MACANETA DE PORTA STD PARALELA A;CARROCERIA;19,0;718,55
PC005898;CUBO DE RODA LEVE PARALELA B;RODAS_PNEUS;5,0;175,02
PC005899;BOMBA D AGUA LEVE ORIGINAL;ARREFECIMENTO;16,0;262,95
PC005900;PASTILHA DE FREIO PESADO ORIGINAL;FREIOS;15,0;198,62
PC005901;CAIXA DE CAMBIO COMPLETA LEVE PARALELA A;TRANSMISSAO;35,0;392,78
PC005902;ALTERNADOR REFORCADO PARALELA B;ELETRICA;7,0;651,94
PC005903;LANTERNA TRASEIRA REFORCADO REMANUFATURADO;ELETRICA;12,0;834,96
PC005904;MOTOR DE PARTIDA LEVE PARALELA B;ELETRICA;0,0;174,91
PC005905;JUNTA DE CABECOTE  ORIGINAL;MOTOR;3,0;1522,64
PC005906;SENSOR ABS LEVE ORIGINAL;ELETRICA;3,0;395,71
PC005907;RESERVATORIO EXPANSAO LEVE PARALELA B;ARREFECIMENTO;48,0;579,92
PC005908;TURBO COMPRESSOR LEVE REMANUFATURADO;MOTOR;70,0;3259,36
PC005909;MANGUEIRA RADIADOR STD PARALELA A;ARREFECIMENTO;2,0;82,84
PC005910;PINO MESTRE  PARALELA A;SUSPENSAO;25,0;633,7
PC005911;QUINTA RODA COMPLETA PESADO PARALELA A;ARTICULACAO_5RODA;14,0;2447,21
PC005912;EIXO CARDAN LEVE PARALELA A;TRANSMISSAO;68,0;6235,17
PC005913;PLATO DE EMBREAGEM STD REMANUFATURADO;TRANSMISSAO;33,0;3670,07
PC005914;FILTRO DE OLEO MOTOR  PARALELA B;MOTOR;47,0;2316,44
PC005915;BATERIA 150AH PESADO REMANUFATURADO;ELETRICA;2,0;757,46
PC005916;DISCO DE FREIO  PARALELA A;FREIOS;0,0;375,75
PC005917;CILINDRO MESTRE LEVE PARALELA A;FREIOS;6,0;214,76
PC005918;CHICOTE ELETRICO PESADO PARALELA B;ELETRICA;3,0;264,73
PC005919;PARAFUSO DE RODA REFORCADO PARALELA B;RODAS_PNEUS;5,0;1675,33
PC005920;RADIADOR COMPLETO STD ORIGINAL;ARREFECIMENTO;3,0;361,78
PC005921;FILTRO DE OLEO CAMBIO REFORCADO PARALELA A;FILTROS;3,0;37,65
PC005922;ESPELHO RETROVISOR  PARALELA A;CARROCERIA;7,0;864,58
PC005924;VIDRO LATERAL PESADO PARALELA A;CARROCERIA;26,0;183,74
PC005925;MANGOTE PNEUMATICO REFORCADO PARALELA A;ARTICULACAO_5RODA;6,0;723,63
PC005926;PARA-BRISA LEVE REMANUFATURADO;CARROCERIA;3,0;463,11
PC005927;AMORTECEDOR DIANTEIRO LEVE ORIGINAL;SUSPENSAO;9,0;109,42
PC005928;FILTRO DE COMBUSTIVEL LEVE PARALELA A;FILTROS;92,0;103,21
PC005929;FILTRO DE AR MOTOR REFORCADO PARALELA B;FILTROS;29,0;77,92
PC005930;VALVULA TERMOSTATICA LEVE PARALELA B;ARREFECIMENTO;180,0;302,81
PC005931;CAMARA DE AR PESADO PARALELA A;RODAS_PNEUS;26,0;272,18
PC005932;FEIXE DE MOLA  ORIGINAL;SUSPENSAO;1,0;940,43
PC005933;CORREIA DENTADA LEVE ORIGINAL;MOTOR;98,0;5655,92
PC005934;ROLAMENTO DE RODA REFORCADO REMANUFATURADO;RODAS_PNEUS;56,0;250,58
PC005935;SINCRONIZADOR PESADO PARALELA A;TRANSMISSAO;9,0;4560,83
PC005937;MANGUEIRA DE FREIO AR  PARALELA B;FREIOS;21,0;169,99
PC005938;FILTRO SEPARADOR AGUA STD ORIGINAL;FILTROS;1,0;82,33
PC005939;LONA DE FREIO LEVE PARALELA A;FREIOS;43,0;51,23
PC005940;CRUZETA CARDAN REFORCADO PARALELA A;TRANSMISSAO;33,0;1162,48
PC005941;PARA-CHOQUE DIANTEIRO  ORIGINAL;CARROCERIA;3,0;1118,16
PC005942;VALVULA DE FREIO LEVE ORIGINAL;FREIOS;1,0;262,32
PC005943;FAROL DIANTEIRO LED REFORCADO PARALELA A;ELETRICA;60,0;1097,09
PC005944;BARRA ESTABILIZADORA  PARALELA A;SUSPENSAO;2,0;422,47
PC005945;AMORTECEDOR TRASEIRO  REMANUFATURADO;SUSPENSAO;13,0;249,68
PC005946;FILTRO DE CABINE LEVE ORIGINAL;FILTROS;6,0;53,08
PC005947;ENGATE DE REBOQUE LEVE ORIGINAL;ARTICULACAO_5RODA;9,0;2712,88
PC005948;DISCO DE EMBREAGEM STD ORIGINAL;TRANSMISSAO;24,0;4711,37
PC005949;SAPATA DE FREIO LEVE PARALELA A;FREIOS;2,0;260,72
PC005950;BICO INJETOR PESADO ORIGINAL;MOTOR;23,0;4113,21
PC005951;BUCHA DE MOLA  ORIGINAL;SUSPENSAO;14,0;1193,48
PC005952;VENTOINHA PESADO ORIGINAL;ARREFECIMENTO;4,0;234,1
PC005953;CAMISA DE CILINDRO  REMANUFATURADO;MOTOR;3,0;4452,38
PC005954;BOMBA INJETORA STD ORIGINAL;MOTOR;107,0;3126,45
PC005955;TAMBOR DE FREIO PESADO PARALELA B;FREIOS;4,0;130,43
PC005956;ROLAMENTO DE EMBREAGEM LEVE PARALELA A;TRANSMISSAO;25,0;6039,45
PC005957;PINO REI  REMANUFATURADO;ARTICULACAO_5RODA;3,0;622,66
PC005958;PARA-LAMA STD PARALELA A;CARROCERIA;16,0;162,9
PC005959;VALVULA DE ADMISSAO STD PARALELA A;MOTOR;7,0;2752,5
PC005960;PNEU RADIAL 295/80 REFORCADO ORIGINAL;RODAS_PNEUS;2,0;629,64
PC005961;MACANETA DE PORTA LEVE PARALELA A;CARROCERIA;2,0;101,0
PC005962;CUBO DE RODA PESADO PARALELA B;RODAS_PNEUS;27,0;685,39
PC005963;BOMBA D AGUA  ORIGINAL;ARREFECIMENTO;7,0;875,57
PC005964;PASTILHA DE FREIO  REMANUFATURADO;FREIOS;12,0;341,8
PC005965;CAIXA DE CAMBIO COMPLETA  PARALELA A;TRANSMISSAO;3,0;2731,83
PC005966;ALTERNADOR  PARALELA A;ELETRICA;71,0;797,52
PC005967;LANTERNA TRASEIRA  ORIGINAL;ELETRICA;104,0;531,72
PC005968;MOTOR DE PARTIDA REFORCADO ORIGINAL;ELETRICA;6,0;1519,31
PC005969;JUNTA DE CABECOTE  PARALELA B;MOTOR;106,0;2425,93
PC005970;SENSOR ABS LEVE ORIGINAL;ELETRICA;5,0;75,57
PC005971;RESERVATORIO EXPANSAO REFORCADO PARALELA A;ARREFECIMENTO;10,0;705,38
PC005972;TURBO COMPRESSOR  REMANUFATURADO;MOTOR;0,0;3650,76
PC005973;MANGUEIRA RADIADOR STD ORIGINAL;ARREFECIMENTO;6,0;492,5
PC005974;PINO MESTRE PESADO PARALELA A;SUSPENSAO;33,0;658,17
PC005975;QUINTA RODA COMPLETA REFORCADO ORIGINAL;ARTICULACAO_5RODA;1,0;2315,68
PC005976;EIXO CARDAN PESADO ORIGINAL;TRANSMISSAO;22,0;3831,61
PC005977;PLATO DE EMBREAGEM PESADO PARALELA A;TRANSMISSAO;2,0;2742,65
PC005978;FILTRO DE OLEO MOTOR STD PARALELA A;MOTOR;7,0;4566,36
PC005979;BATERIA 150AH REFORCADO PARALELA A;ELETRICA;99,0;729,4
PC005980;DISCO DE FREIO PESADO PARALELA A;FREIOS;3,0;380,63
PC005981;CILINDRO MESTRE PESADO PARALELA A;FREIOS;10,0;47,05
PC005982;CHICOTE ELETRICO PESADO PARALELA A;ELETRICA;1,0;330,84
PC005983;PARAFUSO DE RODA LEVE PARALELA A;RODAS_PNEUS;25,0;125,35
PC005984;RADIADOR COMPLETO PESADO ORIGINAL;ARREFECIMENTO;14,0;356,98
PC005985;FILTRO DE OLEO CAMBIO PESADO ORIGINAL;FILTROS;44,0;47,26
PC005986;ESPELHO RETROVISOR  ORIGINAL;CARROCERIA;3,0;494,38
PC005987;RODA DE ACO ARO 22  PARALELA B;RODAS_PNEUS;4,0;624,5
PC005988;VIDRO LATERAL LEVE PARALELA A;CARROCERIA;16,0;357,4
PC005989;MANGOTE PNEUMATICO STD PARALELA B;ARTICULACAO_5RODA;0,0;1650,19
PC005990;PARA-BRISA LEVE ORIGINAL;CARROCERIA;49,0;858,44
PC005991;AMORTECEDOR DIANTEIRO REFORCADO PARALELA B;SUSPENSAO;93,0;955,8
PC005992;FILTRO DE COMBUSTIVEL LEVE ORIGINAL;FILTROS;2,0;41,33
PC005993;FILTRO DE AR MOTOR STD ORIGINAL;FILTROS;3,0;22,27
PC005994;VALVULA TERMOSTATICA PESADO ORIGINAL;ARREFECIMENTO;2,0;713,37
PC005995;CAMARA DE AR PESADO ORIGINAL;RODAS_PNEUS;2,0;124,45
PC005996;FEIXE DE MOLA PESADO ORIGINAL;SUSPENSAO;3,0;333,27
PC005997;CORREIA DENTADA  PARALELA A;MOTOR;2,0;4968,95
PC005998;ROLAMENTO DE RODA STD PARALELA B;RODAS_PNEUS;8,0;1572,14
PC005999;SINCRONIZADOR  PARALELA A;TRANSMISSAO;14,0;8120,5
PC006000;BOLSA DE AR SUSPENSAO LEVE PARALELA A;SUSPENSAO;152,0;439,15
PC006001;MANGUEIRA DE FREIO AR  PARALELA B;FREIOS;7,0;198,16
PC006002;FILTRO SEPARADOR AGUA  REMANUFATURADO;FILTROS;9,0;62,83
PC006003;LONA DE FREIO PESADO ORIGINAL;FREIOS;5,0;389,19
PC006004;CRUZETA CARDAN  REMANUFATURADO;TRANSMISSAO;18,0;1265,13
PC006005;PARA-CHOQUE DIANTEIRO STD ORIGINAL;CARROCERIA;12,0;797,02
PC006006;VALVULA DE FREIO  PARALELA B;FREIOS;76,0;244,91
PC006007;FAROL DIANTEIRO LED  PARALELA A;ELETRICA;844,0;52,61
PC006008;BARRA ESTABILIZADORA PESADO ORIGINAL;SUSPENSAO;14,0;537,82
PC006009;AMORTECEDOR TRASEIRO LEVE ORIGINAL;SUSPENSAO;5,0;327,8
PC006010;FILTRO DE CABINE  PARALELA A;FILTROS;39,0;17,51
PC006011;ENGATE DE REBOQUE STD REMANUFATURADO;ARTICULACAO_5RODA;1,0;1831,81
PC006012;DISCO DE EMBREAGEM REFORCADO ORIGINAL;TRANSMISSAO;6,0;1430,2
PC006013;SAPATA DE FREIO PESADO PARALELA B;FREIOS;3,0;117,62
PC006014;BICO INJETOR PESADO PARALELA B;MOTOR;14,0;1093,54
PC006015;BUCHA DE MOLA PESADO REMANUFATURADO;SUSPENSAO;5,0;914,57
PC006016;VENTOINHA PESADO ORIGINAL;ARREFECIMENTO;46,0;230,34
PC006017;CAMISA DE CILINDRO PESADO ORIGINAL;MOTOR;2,0;486,19
PC006018;BOMBA INJETORA STD PARALELA A;MOTOR;30,0;4359,82
PC006019;TAMBOR DE FREIO REFORCADO ORIGINAL;FREIOS;741,0;383,56
PC006020;ROLAMENTO DE EMBREAGEM REFORCADO REMANUFATURADO;TRANSMISSAO;55,0;3630,97
PC006022;PARA-LAMA LEVE PARALELA A;CARROCERIA;12,0;541,13
PC006023;VALVULA DE ADMISSAO  ORIGINAL;MOTOR;1,0;4501,7
PC006024;PNEU RADIAL 295/80 PESADO ORIGINAL;RODAS_PNEUS;7,0;879,89
PC006025;MACANETA DE PORTA LEVE ORIGINAL;CARROCERIA;10,0;669,93
PC006026;CUBO DE RODA STD ORIGINAL;RODAS_PNEUS;5,0;889,05
PC006027;BOMBA D AGUA  PARALELA A;ARREFECIMENTO;117,0;139,52
PC006028;PASTILHA DE FREIO REFORCADO PARALELA A;FREIOS;13,0;49,41
PC006029;CAIXA DE CAMBIO COMPLETA REFORCADO REMANUFATURADO;TRANSMISSAO;1,0;6934,22
PC006030;ALTERNADOR REFORCADO ORIGINAL;ELETRICA;141,0;197,18
PC006031;LANTERNA TRASEIRA PESADO PARALELA B;ELETRICA;8,0;443,82
PC006032;MOTOR DE PARTIDA  PARALELA A;ELETRICA;1,0;1143,7
PC006033;JUNTA DE CABECOTE PESADO ORIGINAL;MOTOR;4,0;1244,51
PC006034;SENSOR ABS PESADO PARALELA B;ELETRICA;3,0;135,86
PC006035;RESERVATORIO EXPANSAO STD PARALELA A;ARREFECIMENTO;100,0;452,46
PC006036;TURBO COMPRESSOR LEVE PARALELA B;MOTOR;103,0;557,26
PC006037;MANGUEIRA RADIADOR REFORCADO REMANUFATURADO;ARREFECIMENTO;8,0;485,33
PC006038;PINO MESTRE PESADO PARALELA B;SUSPENSAO;1,0;398,22
PC006039;QUINTA RODA COMPLETA STD PARALELA B;ARTICULACAO_5RODA;47,0;1885,93
PC006040;EIXO CARDAN REFORCADO ORIGINAL;TRANSMISSAO;3,0;5558,85
PC006041;PLATO DE EMBREAGEM STD PARALELA A;TRANSMISSAO;66,0;1737,95
PC006042;FILTRO DE OLEO MOTOR PESADO PARALELA B;MOTOR;44,0;2938,62
PC006044;DISCO DE FREIO REFORCADO ORIGINAL;FREIOS;41,0;163,67
PC006045;CILINDRO MESTRE STD REMANUFATURADO;FREIOS;11,0;203,2
PC006046;CHICOTE ELETRICO  PARALELA B;ELETRICA;1,0;1083,28
PC006047;PARAFUSO DE RODA LEVE ORIGINAL;RODAS_PNEUS;14,0;1744,03
PC006048;RADIADOR COMPLETO REFORCADO PARALELA B;ARREFECIMENTO;15,0;793,06
PC006049;FILTRO DE OLEO CAMBIO PESADO ORIGINAL;FILTROS;24,0;98,64
PC006050;ESPELHO RETROVISOR STD REMANUFATURADO;CARROCERIA;2,0;823,98
PC006051;RODA DE ACO ARO 22 LEVE REMANUFATURADO;RODAS_PNEUS;16,0;984,85
PC006052;VIDRO LATERAL  REMANUFATURADO;CARROCERIA;32,0;577,53
PC006054;PARA-BRISA STD ORIGINAL;CARROCERIA;2,0;572,9
PC006055;AMORTECEDOR DIANTEIRO LEVE REMANUFATURADO;SUSPENSAO;16,0;114,98
PC006056;FILTRO DE COMBUSTIVEL REFORCADO PARALELA A;FILTROS;61,0;25,82
PC006057;FILTRO DE AR MOTOR STD PARALELA A;FILTROS;35,0;86,04
PC006059;CAMARA DE AR STD ORIGINAL;RODAS_PNEUS;23,0;1008,53
PC006060;FEIXE DE MOLA PESADO PARALELA B;SUSPENSAO;1,0;227,66
PC006061;CORREIA DENTADA  REMANUFATURADO;MOTOR;56,0;1046,91
PC006062;ROLAMENTO DE RODA  PARALELA B;RODAS_PNEUS;55,0;1181,8
PC006063;SINCRONIZADOR PESADO ORIGINAL;TRANSMISSAO;4,0;1666,51
PC006064;BOLSA DE AR SUSPENSAO LEVE PARALELA A;SUSPENSAO;44,0;529,92
PC006065;MANGUEIRA DE FREIO AR PESADO ORIGINAL;FREIOS;15,0;189,02
PC006066;FILTRO SEPARADOR AGUA  ORIGINAL;FILTROS;18,0;66,37
PC006067;LONA DE FREIO LEVE PARALELA A;FREIOS;3,0;431,1
PC006068;CRUZETA CARDAN REFORCADO PARALELA B;TRANSMISSAO;37,0;5625,66
PC006069;PARA-CHOQUE DIANTEIRO  PARALELA A;CARROCERIA;35,0;1015,72
PC006070;VALVULA DE FREIO LEVE REMANUFATURADO;FREIOS;0,0;172,53
PC006071;FAROL DIANTEIRO LED STD PARALELA B;ELETRICA;64,0;194,52
PC006072;BARRA ESTABILIZADORA PESADO PARALELA B;SUSPENSAO;12,0;1018,49
PC006073;AMORTECEDOR TRASEIRO  PARALELA B;SUSPENSAO;8,0;678,31
PC006074;FILTRO DE CABINE PESADO PARALELA B;FILTROS;39,0;39,89
PC006075;ENGATE DE REBOQUE PESADO PARALELA B;ARTICULACAO_5RODA;4,0;2072,11
PC006076;DISCO DE EMBREAGEM  PARALELA B;TRANSMISSAO;137,0;2423,48
PC006077;SAPATA DE FREIO PESADO PARALELA B;FREIOS;122,0;222,98
PC006078;BICO INJETOR STD PARALELA A;MOTOR;19,0;561,95
PC006079;BUCHA DE MOLA REFORCADO ORIGINAL;SUSPENSAO;34,0;668,96
PC006080;VENTOINHA REFORCADO PARALELA B;ARREFECIMENTO;5,0;290,75
PC006081;CAMISA DE CILINDRO  PARALELA B;MOTOR;60,0;4710,07
PC006082;BOMBA INJETORA REFORCADO REMANUFATURADO;MOTOR;5,0;2527,7
PC006083;TAMBOR DE FREIO LEVE PARALELA A;FREIOS;5,0;399,67
PC006084;ROLAMENTO DE EMBREAGEM REFORCADO ORIGINAL;TRANSMISSAO;4,0;2217,0
PC006085;PINO REI PESADO PARALELA A;ARTICULACAO_5RODA;49,0;2370,75
PC006086;PARA-LAMA PESADO REMANUFATURADO;CARROCERIA;26,0;770,5
PC006087;VALVULA DE ADMISSAO  PARALELA A;MOTOR;32,0;609,37
PC006089;MACANETA DE PORTA  ORIGINAL;CARROCERIA;45,0;194,85
PC006090;CUBO DE RODA  ORIGINAL;RODAS_PNEUS;15,0;334,81
PC006092;PASTILHA DE FREIO STD PARALELA A;FREIOS;29,0;337,03
PC006093;CAIXA DE CAMBIO COMPLETA  ORIGINAL;TRANSMISSAO;45,0;3929,45
PC006094;ALTERNADOR REFORCADO PARALELA A;ELETRICA;13,0;404,02
PC006095;LANTERNA TRASEIRA REFORCADO ORIGINAL;ELETRICA;24,0;1044,89
PC006096;MOTOR DE PARTIDA STD REMANUFATURADO;ELETRICA;13,0;459,47
PC006097;JUNTA DE CABECOTE STD PARALELA A;MOTOR;2,0;5990,42
PC006098;SENSOR ABS PESADO ORIGINAL;ELETRICA;204,0;1115,74
PC006099;RESERVATORIO EXPANSAO REFORCADO ORIGINAL;ARREFECIMENTO;8,0;375,96
PC006100;TURBO COMPRESSOR LEVE PARALELA B;MOTOR;6,0;4691,73
PC006101;MANGUEIRA RADIADOR STD ORIGINAL;ARREFECIMENTO;10,0;540,45
PC006102;PINO MESTRE PESADO ORIGINAL;SUSPENSAO;7,0;697,92
PC006103;QUINTA RODA COMPLETA REFORCADO PARALELA A;ARTICULACAO_5RODA;28,0;2329,45
PC006104;EIXO CARDAN LEVE PARALELA B;TRANSMISSAO;64,0;4633,65
PC006105;PLATO DE EMBREAGEM REFORCADO PARALELA B;TRANSMISSAO;39,0;6539,26
PC006106;FILTRO DE OLEO MOTOR REFORCADO PARALELA A;MOTOR;30,0;1610,37
PC006107;BATERIA 150AH LEVE ORIGINAL;ELETRICA;35,0;438,98
PC006108;DISCO DE FREIO STD PARALELA A;FREIOS;2,0;295,43
PC006109;CILINDRO MESTRE LEVE PARALELA A;FREIOS;64,0;390,22
PC006110;CHICOTE ELETRICO LEVE ORIGINAL;ELETRICA;2,0;950,46
PC006111;PARAFUSO DE RODA STD ORIGINAL;RODAS_PNEUS;4,0;1621,6
PC006112;RADIADOR COMPLETO LEVE REMANUFATURADO;ARREFECIMENTO;12,0;303,12
PC006113;FILTRO DE OLEO CAMBIO STD ORIGINAL;FILTROS;5,0;75,36
PC006114;ESPELHO RETROVISOR LEVE PARALELA A;CARROCERIA;11,0;823,66
PC006115;RODA DE ACO ARO 22 LEVE ORIGINAL;RODAS_PNEUS;253,0;1285,67
PC006116;VIDRO LATERAL LEVE PARALELA A;CARROCERIA;85,0;798,36
PC006117;MANGOTE PNEUMATICO  PARALELA A;ARTICULACAO_5RODA;2,0;1303,28
PC006119;AMORTECEDOR DIANTEIRO REFORCADO PARALELA A;SUSPENSAO;26,0;102,7
PC006120;FILTRO DE COMBUSTIVEL  REMANUFATURADO;FILTROS;3,0;92,0
PC006121;FILTRO DE AR MOTOR  PARALELA B;FILTROS;186,0;16,88
PC006122;VALVULA TERMOSTATICA  ORIGINAL;ARREFECIMENTO;8,0;659,6
PC006123;CAMARA DE AR STD PARALELA B;RODAS_PNEUS;56,0;89,71
PC006124;FEIXE DE MOLA PESADO PARALELA A;SUSPENSAO;6,0;453,75
PC006125;CORREIA DENTADA REFORCADO ORIGINAL;MOTOR;292,0;4471,57
PC006126;ROLAMENTO DE RODA LEVE PARALELA B;RODAS_PNEUS;2,0;1529,36
PC006127;SINCRONIZADOR LEVE REMANUFATURADO;TRANSMISSAO;72,0;2611,03
PC006128;BOLSA DE AR SUSPENSAO LEVE ORIGINAL;SUSPENSAO;95,0;274,85
PC006129;MANGUEIRA DE FREIO AR STD PARALELA B;FREIOS;10,0;167,02
PC006130;FILTRO SEPARADOR AGUA REFORCADO PARALELA A;FILTROS;41,0;97,55
PC006131;LONA DE FREIO STD ORIGINAL;FREIOS;14,0;156,53
PC006132;CRUZETA CARDAN STD ORIGINAL;TRANSMISSAO;62,0;2733,92
PC006133;PARA-CHOQUE DIANTEIRO PESADO REMANUFATURADO;CARROCERIA;16,0;1026,33
PC006134;VALVULA DE FREIO REFORCADO PARALELA B;FREIOS;11,0;226,28
PC006135;FAROL DIANTEIRO LED PESADO PARALELA B;ELETRICA;11,0;340,43
PC006136;BARRA ESTABILIZADORA LEVE PARALELA A;SUSPENSAO;32,0;353,83
PC006137;AMORTECEDOR TRASEIRO  PARALELA A;SUSPENSAO;2,0;914,11
PC006138;FILTRO DE CABINE REFORCADO PARALELA A;FILTROS;19,0;49,91
PC006139;ENGATE DE REBOQUE STD PARALELA A;ARTICULACAO_5RODA;3,0;2444,96
PC006140;DISCO DE EMBREAGEM PESADO ORIGINAL;TRANSMISSAO;19,0;260,17
PC006141;SAPATA DE FREIO REFORCADO PARALELA B;FREIOS;62,0;91,98
PC006142;BICO INJETOR STD PARALELA A;MOTOR;5,0;5017,3
PC006143;BUCHA DE MOLA  ORIGINAL;SUSPENSAO;25,0;203,4
PC006144;VENTOINHA LEVE ORIGINAL;ARREFECIMENTO;11,0;796,87
PC006145;CAMISA DE CILINDRO REFORCADO ORIGINAL;MOTOR;37,0;3318,5
PC006146;BOMBA INJETORA  REMANUFATURADO;MOTOR;2,0;1841,65
PC006147;TAMBOR DE FREIO STD PARALELA B;FREIOS;9,0;306,37
PC006148;ROLAMENTO DE EMBREAGEM  ORIGINAL;TRANSMISSAO;45,0;5975,97
PC006149;PINO REI LEVE REMANUFATURADO;ARTICULACAO_5RODA;32,0;375,53
PC006150;PARA-LAMA LEVE ORIGINAL;CARROCERIA;23,0;759,9
PC006151;VALVULA DE ADMISSAO LEVE ORIGINAL;MOTOR;56,0;1079,99
PC006153;MACANETA DE PORTA REFORCADO REMANUFATURADO;CARROCERIA;2,0;459,57
PC006154;CUBO DE RODA LEVE ORIGINAL;RODAS_PNEUS;2,0;490,15
PC006156;PASTILHA DE FREIO PESADO ORIGINAL;FREIOS;2,0;95,86
PC006157;CAIXA DE CAMBIO COMPLETA REFORCADO ORIGINAL;TRANSMISSAO;11,0;6484,47
PC006159;LANTERNA TRASEIRA LEVE PARALELA B;ELETRICA;34,0;546,73
PC006160;MOTOR DE PARTIDA STD REMANUFATURADO;ELETRICA;47,0;887,12
PC006161;JUNTA DE CABECOTE STD ORIGINAL;MOTOR;30,0;6358,94
PC006162;SENSOR ABS STD PARALELA B;ELETRICA;3,0;839,75
PC006163;RESERVATORIO EXPANSAO PESADO REMANUFATURADO;ARREFECIMENTO;44,0;933,91
PC006164;TURBO COMPRESSOR  PARALELA A;MOTOR;3,0;4769,47
PC006165;MANGUEIRA RADIADOR  ORIGINAL;ARREFECIMENTO;10,0;184,48
PC006167;QUINTA RODA COMPLETA LEVE PARALELA B;ARTICULACAO_5RODA;3,0;867,65
PC006168;EIXO CARDAN STD PARALELA B;TRANSMISSAO;5,0;4635,84
PC006170;FILTRO DE OLEO MOTOR LEVE ORIGINAL;MOTOR;2,0;4432,69
PC006171;BATERIA 150AH LEVE PARALELA A;ELETRICA;55,0;530,61
PC006172;DISCO DE FREIO STD PARALELA B;FREIOS;6,0;366,73
PC006173;CILINDRO MESTRE REFORCADO ORIGINAL;FREIOS;6,0;288,26
PC006174;CHICOTE ELETRICO LEVE PARALELA A;ELETRICA;43,0;1352,63
PC006175;PARAFUSO DE RODA STD ORIGINAL;RODAS_PNEUS;107,0;355,07
PC006176;RADIADOR COMPLETO STD ORIGINAL;ARREFECIMENTO;60,0;306,63
PC006177;FILTRO DE OLEO CAMBIO PESADO PARALELA B;FILTROS;6,0;95,94
PC006178;ESPELHO RETROVISOR STD ORIGINAL;CARROCERIA;17,0;185,24
PC006179;RODA DE ACO ARO 22 STD ORIGINAL;RODAS_PNEUS;6,0;1683,2
PC006180;VIDRO LATERAL PESADO PARALELA A;CARROCERIA;2,0;463,38
PC006181;MANGOTE PNEUMATICO  PARALELA A;ARTICULACAO_5RODA;2,0;2207,9
PC006182;PARA-BRISA LEVE PARALELA A;CARROCERIA;103,0;1030,56
PC006183;AMORTECEDOR DIANTEIRO LEVE ORIGINAL;SUSPENSAO;7,0;175,17
PC006184;FILTRO DE COMBUSTIVEL REFORCADO PARALELA A;FILTROS;293,0;84,0
PC006185;FILTRO DE AR MOTOR STD ORIGINAL;FILTROS;13,0;37,62
PC006186;VALVULA TERMOSTATICA LEVE PARALELA A;ARREFECIMENTO;23,0;816,27
PC006187;CAMARA DE AR  PARALELA A;RODAS_PNEUS;11,0;677,28
PC006189;CORREIA DENTADA  PARALELA A;MOTOR;6,0;238,95
PC006190;ROLAMENTO DE RODA STD REMANUFATURADO;RODAS_PNEUS;219,0;588,3
PC006191;SINCRONIZADOR REFORCADO PARALELA A;TRANSMISSAO;50,0;4876,97
PC006192;BOLSA DE AR SUSPENSAO STD ORIGINAL;SUSPENSAO;4,0;247,43
PC006193;MANGUEIRA DE FREIO AR PESADO ORIGINAL;FREIOS;17,0;259,56
PC006194;FILTRO SEPARADOR AGUA REFORCADO PARALELA A;FILTROS;22,0;58,25
PC006195;LONA DE FREIO REFORCADO ORIGINAL;FREIOS;8,0;141,31
PC006196;CRUZETA CARDAN  ORIGINAL;TRANSMISSAO;15,0;5405,4
PC006197;PARA-CHOQUE DIANTEIRO REFORCADO REMANUFATURADO;CARROCERIA;29,0;923,59
PC006198;VALVULA DE FREIO REFORCADO PARALELA A;FREIOS;0,0;72,38
PC006199;FAROL DIANTEIRO LED LEVE PARALELA A;ELETRICA;2,0;843,52
PC006200;BARRA ESTABILIZADORA  ORIGINAL;SUSPENSAO;62,0;620,9
PC006201;AMORTECEDOR TRASEIRO REFORCADO PARALELA A;SUSPENSAO;26,0;174,39
PC006202;FILTRO DE CABINE REFORCADO ORIGINAL;FILTROS;5,0;73,13
PC006203;ENGATE DE REBOQUE STD PARALELA A;ARTICULACAO_5RODA;1,0;467,08
PC006204;DISCO DE EMBREAGEM LEVE ORIGINAL;TRANSMISSAO;7,0;6774,44
PC006205;SAPATA DE FREIO LEVE ORIGINAL;FREIOS;6,0;206,54
PC006206;BICO INJETOR REFORCADO PARALELA B;MOTOR;14,0;1749,78
PC006207;BUCHA DE MOLA STD REMANUFATURADO;SUSPENSAO;60,0;295,7
PC006208;VENTOINHA STD ORIGINAL;ARREFECIMENTO;0,0;469,33
PC006209;CAMISA DE CILINDRO LEVE PARALELA A;MOTOR;12,0;2193,97
PC006210;BOMBA INJETORA REFORCADO ORIGINAL;MOTOR;11,0;4112,87
PC006212;ROLAMENTO DE EMBREAGEM  PARALELA A;TRANSMISSAO;3,0;2583,75
PC006213;PINO REI PESADO PARALELA A;ARTICULACAO_5RODA;23,0;409,82
PC006214;PARA-LAMA STD REMANUFATURADO;CARROCERIA;123,0;728,35
PC006215;VALVULA DE ADMISSAO PESADO PARALELA B;MOTOR;54,0;5228,36
PC006216;PNEU RADIAL 295/80 STD REMANUFATURADO;RODAS_PNEUS;130,0;696,64
PC006218;CUBO DE RODA PESADO PARALELA A;RODAS_PNEUS;85,0;1082,15
PC006219;BOMBA D AGUA STD PARALELA B;ARREFECIMENTO;17,0;93,75
PC006220;PASTILHA DE FREIO PESADO REMANUFATURADO;FREIOS;7,0;252,26
PC006221;CAIXA DE CAMBIO COMPLETA LEVE PARALELA B;TRANSMISSAO;12,0;6329,92
PC006222;ALTERNADOR LEVE ORIGINAL;ELETRICA;6,0;588,29
PC006223;LANTERNA TRASEIRA REFORCADO PARALELA A;ELETRICA;9,0;541,88
PC006224;MOTOR DE PARTIDA REFORCADO REMANUFATURADO;ELETRICA;46,0;1287,48
PC006225;JUNTA DE CABECOTE STD REMANUFATURADO;MOTOR;11,0;3540,35
PC006226;SENSOR ABS REFORCADO ORIGINAL;ELETRICA;25,0;196,26
PC006227;RESERVATORIO EXPANSAO REFORCADO ORIGINAL;ARREFECIMENTO;5,0;475,73
PC006228;TURBO COMPRESSOR PESADO PARALELA A;MOTOR;35,0;4410,8
PC006229;MANGUEIRA RADIADOR  PARALELA A;ARREFECIMENTO;17,0;1093,54
PC006230;PINO MESTRE  PARALELA A;SUSPENSAO;11,0;89,04
PC006231;QUINTA RODA COMPLETA  PARALELA A;ARTICULACAO_5RODA;5,0;2189,89
PC006232;EIXO CARDAN  ORIGINAL;TRANSMISSAO;24,0;7658,21
PC006233;PLATO DE EMBREAGEM PESADO PARALELA B;TRANSMISSAO;15,0;7134,19
PC006234;FILTRO DE OLEO MOTOR STD PARALELA A;MOTOR;1,0;915,52
PC006235;BATERIA 150AH STD PARALELA B;ELETRICA;52,0;929,78
PC006236;DISCO DE FREIO REFORCADO PARALELA A;FREIOS;1,0;336,96
PC006237;CILINDRO MESTRE  PARALELA A;FREIOS;1,0;257,25
PC006238;CHICOTE ELETRICO REFORCADO PARALELA A;ELETRICA;27,0;518,02
PC006239;PARAFUSO DE RODA LEVE REMANUFATURADO;RODAS_PNEUS;24,0;1885,59
PC006240;RADIADOR COMPLETO PESADO PARALELA A;ARREFECIMENTO;13,0;354,08
PC006241;FILTRO DE OLEO CAMBIO LEVE ORIGINAL;FILTROS;268,0;109,96
PC006242;ESPELHO RETROVISOR  ORIGINAL;CARROCERIA;27,0;435,3
PC006243;RODA DE ACO ARO 22 STD ORIGINAL;RODAS_PNEUS;91,0;1329,79
PC006244;VIDRO LATERAL STD PARALELA A;CARROCERIA;6,0;186,2
PC006245;MANGOTE PNEUMATICO REFORCADO ORIGINAL;ARTICULACAO_5RODA;29,0;902,76
PC006246;PARA-BRISA PESADO REMANUFATURADO;CARROCERIA;15,0;804,61
PC006247;AMORTECEDOR DIANTEIRO REFORCADO PARALELA A;SUSPENSAO;1,0;765,25
PC006248;FILTRO DE COMBUSTIVEL LEVE PARALELA B;FILTROS;98,0;114,09
PC006249;FILTRO DE AR MOTOR  ORIGINAL;FILTROS;23,0;100,6
PC006250;VALVULA TERMOSTATICA STD ORIGINAL;ARREFECIMENTO;8,0;171,42
PC006251;CAMARA DE AR PESADO ORIGINAL;RODAS_PNEUS;2,0;1407,43
PC006252;FEIXE DE MOLA  ORIGINAL;SUSPENSAO;5,0;432,52
PC006253;CORREIA DENTADA STD PARALELA B;MOTOR;6,0;5486,02
PC006254;ROLAMENTO DE RODA REFORCADO ORIGINAL;RODAS_PNEUS;142,0;1492,38
PC006255;SINCRONIZADOR  PARALELA B;TRANSMISSAO;51,0;2802,89
PC006256;BOLSA DE AR SUSPENSAO STD ORIGINAL;SUSPENSAO;1,0;370,96
PC006257;MANGUEIRA DE FREIO AR REFORCADO REMANUFATURADO;FREIOS;6,0;163,27
PC006258;FILTRO SEPARADOR AGUA REFORCADO ORIGINAL;FILTROS;56,0;86,75
PC006259;LONA DE FREIO REFORCADO PARALELA A;FREIOS;17,0;161,49
PC006260;CRUZETA CARDAN LEVE ORIGINAL;TRANSMISSAO;7,0;4049,25
PC006261;PARA-CHOQUE DIANTEIRO  PARALELA A;CARROCERIA;4,0;185,5
PC006262;VALVULA DE FREIO  PARALELA A;FREIOS;29,0;200,86
PC006263;FAROL DIANTEIRO LED  PARALELA A;ELETRICA;3,0;828,2
PC006264;BARRA ESTABILIZADORA  ORIGINAL;SUSPENSAO;5,0;311,18
PC006265;AMORTECEDOR TRASEIRO  ORIGINAL;SUSPENSAO;1,0;174,79
PC006266;FILTRO DE CABINE REFORCADO PARALELA A;FILTROS;75,0;22,04
PC006267;ENGATE DE REBOQUE STD PARALELA A;ARTICULACAO_5RODA;30,0;2285,57
PC006268;DISCO DE EMBREAGEM  ORIGINAL;TRANSMISSAO;27,0;6144,87
PC006269;SAPATA DE FREIO REFORCADO ORIGINAL;FREIOS;1,0;62,58
PC006270;BICO INJETOR PESADO REMANUFATURADO;MOTOR;1,0;4821,44
PC006271;BUCHA DE MOLA STD ORIGINAL;SUSPENSAO;78,0;495,15
PC006272;VENTOINHA STD PARALELA B;ARREFECIMENTO;102,0;235,43
PC006273;CAMISA DE CILINDRO PESADO ORIGINAL;MOTOR;34,0;3450,19
PC006274;BOMBA INJETORA STD PARALELA A;MOTOR;6,0;1945,29
PC006275;TAMBOR DE FREIO PESADO ORIGINAL;FREIOS;1,0;313,35
PC006276;ROLAMENTO DE EMBREAGEM LEVE ORIGINAL;TRANSMISSAO;28,0;4379,36
PC006277;PINO REI REFORCADO PARALELA A;ARTICULACAO_5RODA;10,0;2229,22
PC006278;PARA-LAMA STD PARALELA A;CARROCERIA;34,0;678,1
PC006279;VALVULA DE ADMISSAO STD PARALELA A;MOTOR;13,0;2959,16
PC006280;PNEU RADIAL 295/80 REFORCADO PARALELA B;RODAS_PNEUS;17,0;1591,84
PC006281;MACANETA DE PORTA REFORCADO REMANUFATURADO;CARROCERIA;8,0;873,96
PC006282;CUBO DE RODA REFORCADO PARALELA B;RODAS_PNEUS;31,0;1056,14
PC006283;BOMBA D AGUA STD ORIGINAL;ARREFECIMENTO;21,0;290,74
PC006284;PASTILHA DE FREIO STD PARALELA A;FREIOS;4,0;130,24
PC006285;CAIXA DE CAMBIO COMPLETA REFORCADO PARALELA B;TRANSMISSAO;26,0;2890,59
PC006286;ALTERNADOR STD REMANUFATURADO;ELETRICA;78,0;118,44
PC006288;MOTOR DE PARTIDA STD REMANUFATURADO;ELETRICA;1,0;851,91
PC006289;JUNTA DE CABECOTE PESADO PARALELA B;MOTOR;22,0;1711,55
PC006290;SENSOR ABS STD ORIGINAL;ELETRICA;26,0;181,68
PC006291;RESERVATORIO EXPANSAO STD ORIGINAL;ARREFECIMENTO;106,0;789,68
PC006292;TURBO COMPRESSOR PESADO ORIGINAL;MOTOR;1,0;4409,09
PC006293;MANGUEIRA RADIADOR  ORIGINAL;ARREFECIMENTO;44,0;404,68
PC006294;PINO MESTRE LEVE ORIGINAL;SUSPENSAO;6,0;247,41
PC006295;QUINTA RODA COMPLETA LEVE ORIGINAL;ARTICULACAO_5RODA;5,0;2066,13
PC006296;EIXO CARDAN STD ORIGINAL;TRANSMISSAO;18,0;2239,78
PC006297;PLATO DE EMBREAGEM STD REMANUFATURADO;TRANSMISSAO;1,0;2515,61
PC006298;FILTRO DE OLEO MOTOR REFORCADO PARALELA A;MOTOR;50,0;4423,07
PC006299;BATERIA 150AH PESADO ORIGINAL;ELETRICA;6,0;423,81
PC006300;DISCO DE FREIO  PARALELA A;FREIOS;1,0;113,91
PC006301;CILINDRO MESTRE LEVE ORIGINAL;FREIOS;49,0;101,64
PC006302;CHICOTE ELETRICO REFORCADO PARALELA B;ELETRICA;11,0;309,68
PC006303;PARAFUSO DE RODA STD ORIGINAL;RODAS_PNEUS;129,0;555,14
PC006304;RADIADOR COMPLETO REFORCADO PARALELA B;ARREFECIMENTO;1,0;595,35
PC006305;FILTRO DE OLEO CAMBIO  PARALELA A;FILTROS;6,0;93,68
PC006306;ESPELHO RETROVISOR PESADO PARALELA A;CARROCERIA;3,0;512,36
PC006307;RODA DE ACO ARO 22 PESADO PARALELA B;RODAS_PNEUS;1,0;1417,17
PC006308;VIDRO LATERAL PESADO PARALELA B;CARROCERIA;11,0;705,06
PC006309;MANGOTE PNEUMATICO STD PARALELA A;ARTICULACAO_5RODA;3,0;655,59
PC006310;PARA-BRISA  ORIGINAL;CARROCERIA;3,0;75,81
PC006311;AMORTECEDOR DIANTEIRO REFORCADO PARALELA A;SUSPENSAO;5,0;986,33
PC006312;FILTRO DE COMBUSTIVEL LEVE ORIGINAL;FILTROS;3,0;44,97
PC006313;FILTRO DE AR MOTOR PESADO REMANUFATURADO;FILTROS;6,0;51,18
PC006314;VALVULA TERMOSTATICA STD PARALELA B;ARREFECIMENTO;8,0;515,21
PC006315;CAMARA DE AR STD ORIGINAL;RODAS_PNEUS;14,0;902,38
PC006316;FEIXE DE MOLA LEVE PARALELA A;SUSPENSAO;13,0;1150,69
PC006317;CORREIA DENTADA LEVE PARALELA A;MOTOR;72,0;3013,36
PC006318;ROLAMENTO DE RODA STD PARALELA B;RODAS_PNEUS;8,0;1888,48
PC006319;SINCRONIZADOR LEVE ORIGINAL;TRANSMISSAO;3,0;1456,11
PC006320;BOLSA DE AR SUSPENSAO  PARALELA A;SUSPENSAO;12,0;191,84
PC006321;MANGUEIRA DE FREIO AR LEVE REMANUFATURADO;FREIOS;7,0;392,34
PC006322;FILTRO SEPARADOR AGUA REFORCADO PARALELA B;FILTROS;6,0;87,13
PC006323;LONA DE FREIO REFORCADO PARALELA A;FREIOS;46,0;62,51
PC006324;CRUZETA CARDAN REFORCADO REMANUFATURADO;TRANSMISSAO;2,0;1138,31
PC006325;PARA-CHOQUE DIANTEIRO LEVE PARALELA A;CARROCERIA;33,0;1005,12
PC006326;VALVULA DE FREIO LEVE PARALELA A;FREIOS;16,0;109,8
PC006327;FAROL DIANTEIRO LED LEVE PARALELA A;ELETRICA;20,0;339,37
PC006328;BARRA ESTABILIZADORA  ORIGINAL;SUSPENSAO;22,0;359,54
PC006329;AMORTECEDOR TRASEIRO LEVE ORIGINAL;SUSPENSAO;26,0;1112,83
PC006330;FILTRO DE CABINE LEVE ORIGINAL;FILTROS;61,0;110,16
PC006331;ENGATE DE REBOQUE LEVE PARALELA B;ARTICULACAO_5RODA;40,0;553,74
PC006332;DISCO DE EMBREAGEM STD ORIGINAL;TRANSMISSAO;3,0;241,38
PC006333;SAPATA DE FREIO  ORIGINAL;FREIOS;53,0;347,78
PC006334;BICO INJETOR REFORCADO PARALELA B;MOTOR;19,0;1296,65
PC006335;BUCHA DE MOLA  REMANUFATURADO;SUSPENSAO;17,0;281,26
PC006336;VENTOINHA  PARALELA A;ARREFECIMENTO;9,0;775,76
PC006337;CAMISA DE CILINDRO  PARALELA A;MOTOR;8,0;1366,62
PC006338;BOMBA INJETORA STD PARALELA A;MOTOR;13,0;1647,85
PC006339;TAMBOR DE FREIO  PARALELA B;FREIOS;89,0;125,81
PC006340;ROLAMENTO DE EMBREAGEM LEVE PARALELA B;TRANSMISSAO;55,0;3963,78
PC006341;PINO REI PESADO PARALELA B;ARTICULACAO_5RODA;15,0;2337,3
PC006342;PARA-LAMA STD ORIGINAL;CARROCERIA;4,0;507,27
PC006343;VALVULA DE ADMISSAO PESADO PARALELA A;MOTOR;2,0;3598,93
PC006344;PNEU RADIAL 295/80 PESADO ORIGINAL;RODAS_PNEUS;1,0;1571,91
PC006345;MACANETA DE PORTA REFORCADO REMANUFATURADO;CARROCERIA;15,0;324,3
PC006346;CUBO DE RODA PESADO PARALELA A;RODAS_PNEUS;90,0;368,12
PC006347;BOMBA D AGUA  REMANUFATURADO;ARREFECIMENTO;4,0;586,87
PC006348;PASTILHA DE FREIO LEVE PARALELA A;FREIOS;6,0;54,41
PC006349;CAIXA DE CAMBIO COMPLETA REFORCADO ORIGINAL;TRANSMISSAO;30,0;1656,7
PC006350;ALTERNADOR STD PARALELA A;ELETRICA;2,0;545,87
PC006351;LANTERNA TRASEIRA  ORIGINAL;ELETRICA;33,0;745,58
PC006352;MOTOR DE PARTIDA REFORCADO ORIGINAL;ELETRICA;1,0;64,53
PC006353;JUNTA DE CABECOTE LEVE ORIGINAL;MOTOR;28,0;2352,25
PC006354;SENSOR ABS  ORIGINAL;ELETRICA;0,0;779,7
PC006355;RESERVATORIO EXPANSAO  ORIGINAL;ARREFECIMENTO;3,0;168,87
PC006356;TURBO COMPRESSOR REFORCADO ORIGINAL;MOTOR;1,0;5154,54
PC006357;MANGUEIRA RADIADOR REFORCADO PARALELA B;ARREFECIMENTO;32,0;152,34
PC006358;PINO MESTRE  ORIGINAL;SUSPENSAO;16,0;957,01
PC006359;QUINTA RODA COMPLETA  ORIGINAL;ARTICULACAO_5RODA;27,0;2182,78
PC006360;EIXO CARDAN REFORCADO PARALELA B;TRANSMISSAO;20,0;1092,55
PC006361;PLATO DE EMBREAGEM  PARALELA A;TRANSMISSAO;79,0;2417,35
PC006362;FILTRO DE OLEO MOTOR LEVE PARALELA B;MOTOR;110,0;1970,57
PC006363;BATERIA 150AH LEVE REMANUFATURADO;ELETRICA;71,0;514,1
PC006364;DISCO DE FREIO PESADO PARALELA B;FREIOS;26,0;63,0
PC006365;CILINDRO MESTRE  PARALELA B;FREIOS;154,0;350,23
PC006366;CHICOTE ELETRICO  PARALELA A;ELETRICA;18,0;63,7
PC006367;PARAFUSO DE RODA REFORCADO PARALELA A;RODAS_PNEUS;8,0;1464,52
PC006368;RADIADOR COMPLETO PESADO PARALELA A;ARREFECIMENTO;2,0;360,62
PC006369;FILTRO DE OLEO CAMBIO  REMANUFATURADO;FILTROS;17,0;95,56
PC006370;ESPELHO RETROVISOR STD ORIGINAL;CARROCERIA;56,0;841,23
PC006371;RODA DE ACO ARO 22 PESADO PARALELA A;RODAS_PNEUS;7,0;1001,6
PC006372;VIDRO LATERAL STD ORIGINAL;CARROCERIA;16,0;299,81
PC006373;MANGOTE PNEUMATICO REFORCADO ORIGINAL;ARTICULACAO_5RODA;20,0;430,66
PC006374;PARA-BRISA STD PARALELA B;CARROCERIA;2,0;936,8
PC006375;AMORTECEDOR DIANTEIRO REFORCADO REMANUFATURADO;SUSPENSAO;1,0;1168,92
PC006376;FILTRO DE COMBUSTIVEL PESADO PARALELA B;FILTROS;59,0;51,44
PC006378;VALVULA TERMOSTATICA LEVE ORIGINAL;ARREFECIMENTO;47,0;864,81
PC006379;CAMARA DE AR STD PARALELA A;RODAS_PNEUS;75,0;950,84
PC006380;FEIXE DE MOLA  ORIGINAL;SUSPENSAO;8,0;1012,07
PC006381;CORREIA DENTADA LEVE ORIGINAL;MOTOR;59,0;804,26
PC006382;ROLAMENTO DE RODA STD PARALELA B;RODAS_PNEUS;70,0;747,71
PC006383;SINCRONIZADOR PESADO ORIGINAL;TRANSMISSAO;8,0;2336,35
PC006384;BOLSA DE AR SUSPENSAO LEVE PARALELA B;SUSPENSAO;3,0;915,34
PC006385;MANGUEIRA DE FREIO AR PESADO PARALELA B;FREIOS;9,0;198,74
PC006386;FILTRO SEPARADOR AGUA LEVE ORIGINAL;FILTROS;2,0;26,18
PC006387;LONA DE FREIO PESADO PARALELA B;FREIOS;3,0;289,46
PC006389;PARA-CHOQUE DIANTEIRO LEVE PARALELA B;CARROCERIA;19,0;408,27
PC006390;VALVULA DE FREIO STD PARALELA B;FREIOS;1,0;69,54
PC006391;FAROL DIANTEIRO LED REFORCADO PARALELA A;ELETRICA;40,0;988,63
PC006392;BARRA ESTABILIZADORA REFORCADO PARALELA B;SUSPENSAO;10,0;371,37
PC006393;AMORTECEDOR TRASEIRO  PARALELA A;SUSPENSAO;33,0;809,43
PC006394;FILTRO DE CABINE LEVE ORIGINAL;FILTROS;2,0;71,19
PC006395;ENGATE DE REBOQUE LEVE PARALELA A;ARTICULACAO_5RODA;109,0;1675,89
PC006396;DISCO DE EMBREAGEM STD PARALELA A;TRANSMISSAO;13,0;2950,84
PC006397;SAPATA DE FREIO STD REMANUFATURADO;FREIOS;7,0;183,16
PC006398;BICO INJETOR STD ORIGINAL;MOTOR;317,0;3145,84
PC006399;BUCHA DE MOLA PESADO PARALELA B;SUSPENSAO;85,0;619,21
PC006400;VENTOINHA LEVE REMANUFATURADO;ARREFECIMENTO;26,0;773,27
PC006401;CAMISA DE CILINDRO PESADO PARALELA A;MOTOR;2,0;1725,98
PC006403;TAMBOR DE FREIO PESADO PARALELA A;FREIOS;47,0;293,01
PC006404;ROLAMENTO DE EMBREAGEM PESADO PARALELA A;TRANSMISSAO;4,0;4469,25
PC006405;PINO REI LEVE ORIGINAL;ARTICULACAO_5RODA;20,0;1923,94
PC006406;PARA-LAMA REFORCADO PARALELA A;CARROCERIA;5,0;335,3
PC006407;VALVULA DE ADMISSAO STD PARALELA A;MOTOR;7,0;3469,18
PC006408;PNEU RADIAL 295/80 PESADO ORIGINAL;RODAS_PNEUS;40,0;655,09
PC006410;CUBO DE RODA REFORCADO PARALELA A;RODAS_PNEUS;87,0;982,23
PC006411;BOMBA D AGUA LEVE PARALELA A;ARREFECIMENTO;84,0;466,82
PC006412;PASTILHA DE FREIO REFORCADO PARALELA A;FREIOS;3,0;52,77
PC006413;CAIXA DE CAMBIO COMPLETA PESADO PARALELA A;TRANSMISSAO;5,0;6223,52
PC006414;ALTERNADOR PESADO ORIGINAL;ELETRICA;5,0;1072,23
PC006415;LANTERNA TRASEIRA LEVE ORIGINAL;ELETRICA;60,0;644,11
PC006416;MOTOR DE PARTIDA PESADO ORIGINAL;ELETRICA;5,0;1054,92
PC006417;JUNTA DE CABECOTE  REMANUFATURADO;MOTOR;21,0;3371,4
PC006418;SENSOR ABS STD ORIGINAL;ELETRICA;4,0;436,78
PC006419;RESERVATORIO EXPANSAO  PARALELA A;ARREFECIMENTO;49,0;741,2
PC006420;TURBO COMPRESSOR REFORCADO PARALELA B;MOTOR;1,0;5254,12
PC006421;MANGUEIRA RADIADOR LEVE PARALELA B;ARREFECIMENTO;2,0;552,69
PC006422;PINO MESTRE LEVE REMANUFATURADO;SUSPENSAO;82,0;1068,11
PC006423;QUINTA RODA COMPLETA REFORCADO PARALELA A;ARTICULACAO_5RODA;3,0;2640,12
PC006424;EIXO CARDAN PESADO REMANUFATURADO;TRANSMISSAO;109,0;3968,92
PC006425;PLATO DE EMBREAGEM PESADO PARALELA B;TRANSMISSAO;2,0;3825,88
PC006426;FILTRO DE OLEO MOTOR PESADO ORIGINAL;MOTOR;5,0;2473,7
PC006427;BATERIA 150AH LEVE ORIGINAL;ELETRICA;1,0;1171,75
PC006428;DISCO DE FREIO  ORIGINAL;FREIOS;6,0;107,84
PC006429;CILINDRO MESTRE  ORIGINAL;FREIOS;5,0;48,92
PC006430;CHICOTE ELETRICO REFORCADO PARALELA B;ELETRICA;9,0;687,77
PC006431;PARAFUSO DE RODA REFORCADO ORIGINAL;RODAS_PNEUS;20,0;252,27
PC006432;RADIADOR COMPLETO LEVE ORIGINAL;ARREFECIMENTO;11,0;95,5
PC006433;FILTRO DE OLEO CAMBIO REFORCADO REMANUFATURADO;FILTROS;76,0;76,55
PC006434;ESPELHO RETROVISOR  ORIGINAL;CARROCERIA;344,0;668,81
PC006435;RODA DE ACO ARO 22 STD REMANUFATURADO;RODAS_PNEUS;23,0;1068,92
PC006436;VIDRO LATERAL REFORCADO PARALELA A;CARROCERIA;69,0;53,33
PC006437;MANGOTE PNEUMATICO LEVE PARALELA B;ARTICULACAO_5RODA;8,0;2692,24
PC006438;PARA-BRISA STD ORIGINAL;CARROCERIA;66,0;900,65
PC006439;AMORTECEDOR DIANTEIRO  PARALELA A;SUSPENSAO;12,0;178,55
PC006440;FILTRO DE COMBUSTIVEL PESADO ORIGINAL;FILTROS;9,0;112,39
PC006441;FILTRO DE AR MOTOR STD ORIGINAL;FILTROS;75,0;54,64
PC006442;VALVULA TERMOSTATICA STD REMANUFATURADO;ARREFECIMENTO;28,0;774,91
PC006443;CAMARA DE AR PESADO PARALELA A;RODAS_PNEUS;19,0;1263,32
PC006444;FEIXE DE MOLA REFORCADO PARALELA B;SUSPENSAO;6,0;725,89
PC006445;CORREIA DENTADA STD PARALELA A;MOTOR;11,0;3241,91
PC006446;ROLAMENTO DE RODA LEVE ORIGINAL;RODAS_PNEUS;12,0;1130,86
PC006447;SINCRONIZADOR  PARALELA A;TRANSMISSAO;2,0;7411,13
PC006448;BOLSA DE AR SUSPENSAO REFORCADO ORIGINAL;SUSPENSAO;5,0;511,53
PC006449;MANGUEIRA DE FREIO AR  PARALELA A;FREIOS;0,0;102,94
PC006450;FILTRO SEPARADOR AGUA  ORIGINAL;FILTROS;29,0;41,79
PC006451;LONA DE FREIO  ORIGINAL;FREIOS;5,0;106,83
PC006452;CRUZETA CARDAN PESADO ORIGINAL;TRANSMISSAO;72,0;322,22
PC006453;PARA-CHOQUE DIANTEIRO LEVE PARALELA A;CARROCERIA;22,0;40,06
PC006456;BARRA ESTABILIZADORA PESADO ORIGINAL;SUSPENSAO;26,0;647,41
PC006457;AMORTECEDOR TRASEIRO REFORCADO ORIGINAL;SUSPENSAO;8,0;693,63
PC006458;FILTRO DE CABINE LEVE PARALELA B;FILTROS;12,0;38,93
PC006459;ENGATE DE REBOQUE STD PARALELA A;ARTICULACAO_5RODA;29,0;1114,24
PC006460;DISCO DE EMBREAGEM  ORIGINAL;TRANSMISSAO;101,0;8542,4
PC006461;SAPATA DE FREIO PESADO PARALELA B;FREIOS;79,0;59,39
PC006462;BICO INJETOR STD PARALELA A;MOTOR;29,0;3495,03
PC006463;BUCHA DE MOLA REFORCADO REMANUFATURADO;SUSPENSAO;105,0;231,6
PC006464;VENTOINHA LEVE PARALELA B;ARREFECIMENTO;14,0;368,58
PC006465;CAMISA DE CILINDRO REFORCADO PARALELA A;MOTOR;2,0;4445,51
PC006466;BOMBA INJETORA PESADO PARALELA B;MOTOR;32,0;1000,96
PC006467;TAMBOR DE FREIO REFORCADO PARALELA A;FREIOS;62,0;81,6
PC006468;ROLAMENTO DE EMBREAGEM LEVE ORIGINAL;TRANSMISSAO;2,0;2269,29
PC006469;PINO REI  ORIGINAL;ARTICULACAO_5RODA;3,0;450,48
PC006470;PARA-LAMA LEVE PARALELA A;CARROCERIA;22,0;517,38
PC006471;VALVULA DE ADMISSAO LEVE PARALELA A;MOTOR;2,0;314,17
PC006472;PNEU RADIAL 295/80 STD ORIGINAL;RODAS_PNEUS;16,0;1296,53
PC006473;MACANETA DE PORTA  PARALELA A;CARROCERIA;1,0;269,7
PC006474;CUBO DE RODA  ORIGINAL;RODAS_PNEUS;7,0;1535,93
PC006475;BOMBA D AGUA STD REMANUFATURADO;ARREFECIMENTO;4,0;890,23
PC006476;PASTILHA DE FREIO PESADO ORIGINAL;FREIOS;10,0;292,76
PC006477;CAIXA DE CAMBIO COMPLETA STD REMANUFATURADO;TRANSMISSAO;42,0;2496,36
PC006478;ALTERNADOR LEVE ORIGINAL;ELETRICA;12,0;346,93
PC006479;LANTERNA TRASEIRA STD REMANUFATURADO;ELETRICA;23,0;232,55
PC006480;MOTOR DE PARTIDA REFORCADO ORIGINAL;ELETRICA;6,0;1518,33
PC006481;JUNTA DE CABECOTE PESADO PARALELA A;MOTOR;17,0;2242,2
PC006483;RESERVATORIO EXPANSAO LEVE REMANUFATURADO;ARREFECIMENTO;17,0;740,93
PC006484;TURBO COMPRESSOR REFORCADO PARALELA A;MOTOR;8,0;3973,65
PC006485;MANGUEIRA RADIADOR STD PARALELA B;ARREFECIMENTO;77,0;145,46
PC006486;PINO MESTRE  REMANUFATURADO;SUSPENSAO;16,0;346,8
PC006487;QUINTA RODA COMPLETA  PARALELA A;ARTICULACAO_5RODA;16,0;452,05
PC006488;EIXO CARDAN  PARALELA A;TRANSMISSAO;6,0;4394,93
PC006489;PLATO DE EMBREAGEM LEVE PARALELA A;TRANSMISSAO;27,0;6646,93
PC006490;FILTRO DE OLEO MOTOR PESADO ORIGINAL;MOTOR;2,0;3554,12
PC006491;BATERIA 150AH PESADO ORIGINAL;ELETRICA;29,0;755,11
PC006492;DISCO DE FREIO PESADO ORIGINAL;FREIOS;1,0;233,9
PC006493;CILINDRO MESTRE REFORCADO PARALELA B;FREIOS;110,0;389,79
PC006494;CHICOTE ELETRICO  ORIGINAL;ELETRICA;62,0;739,0
PC006495;PARAFUSO DE RODA REFORCADO ORIGINAL;RODAS_PNEUS;34,0;415,37
PC006496;RADIADOR COMPLETO  PARALELA A;ARREFECIMENTO;8,0;236,69
PC006497;FILTRO DE OLEO CAMBIO  PARALELA B;FILTROS;7,0;18,19
PC006498;ESPELHO RETROVISOR LEVE PARALELA B;CARROCERIA;1,0;498,24
PC006499;RODA DE ACO ARO 22 REFORCADO PARALELA B;RODAS_PNEUS;3,0;564,27
PC006501;MANGOTE PNEUMATICO STD ORIGINAL;ARTICULACAO_5RODA;3,0;2714,36
PC006502;PARA-BRISA PESADO PARALELA A;CARROCERIA;103,0;181,97
PC006503;AMORTECEDOR DIANTEIRO REFORCADO PARALELA B;SUSPENSAO;32,0;812,79
PC006504;FILTRO DE COMBUSTIVEL LEVE REMANUFATURADO;FILTROS;6,0;16,3
PC006505;FILTRO DE AR MOTOR STD PARALELA B;FILTROS;20,0;57,27
PC006506;VALVULA TERMOSTATICA  REMANUFATURADO;ARREFECIMENTO;3,0;645,48
PC006507;CAMARA DE AR REFORCADO ORIGINAL;RODAS_PNEUS;24,0;1527,0
PC006508;FEIXE DE MOLA STD PARALELA B;SUSPENSAO;3,0;1025,7
PC006509;CORREIA DENTADA  ORIGINAL;MOTOR;4,0;383,35
PC006510;ROLAMENTO DE RODA PESADO PARALELA A;RODAS_PNEUS;18,0;1106,38
PC006511;SINCRONIZADOR PESADO PARALELA A;TRANSMISSAO;0,0;5143,23
PC006512;BOLSA DE AR SUSPENSAO REFORCADO PARALELA B;SUSPENSAO;37,0;289,08
PC006513;MANGUEIRA DE FREIO AR LEVE REMANUFATURADO;FREIOS;13,0;86,25
PC006514;FILTRO SEPARADOR AGUA REFORCADO PARALELA B;FILTROS;36,0;52,1
PC006515;LONA DE FREIO PESADO PARALELA B;FREIOS;4,0;63,6
PC006516;CRUZETA CARDAN STD PARALELA B;TRANSMISSAO;10,0;6540,24
PC006517;PARA-CHOQUE DIANTEIRO  PARALELA B;CARROCERIA;46,0;992,63
PC006518;VALVULA DE FREIO LEVE ORIGINAL;FREIOS;4,0;281,48
PC006519;FAROL DIANTEIRO LED PESADO REMANUFATURADO;ELETRICA;15,0;822,85
PC006520;BARRA ESTABILIZADORA STD REMANUFATURADO;SUSPENSAO;24,0;132,43
PC006521;AMORTECEDOR TRASEIRO PESADO PARALELA A;SUSPENSAO;4,0;961,2
PC006522;FILTRO DE CABINE LEVE REMANUFATURADO;FILTROS;28,0;24,14
PC006523;ENGATE DE REBOQUE PESADO ORIGINAL;ARTICULACAO_5RODA;79,0;1776,4
PC006524;DISCO DE EMBREAGEM STD ORIGINAL;TRANSMISSAO;12,0;3196,5
PC006525;SAPATA DE FREIO STD ORIGINAL;FREIOS;19,0;267,41
PC006526;BICO INJETOR LEVE PARALELA B;MOTOR;2,0;2761,97
PC006527;BUCHA DE MOLA  ORIGINAL;SUSPENSAO;26,0;688,43
PC006528;VENTOINHA  PARALELA A;ARREFECIMENTO;102,0;134,12
PC006529;CAMISA DE CILINDRO LEVE PARALELA A;MOTOR;19,0;2962,41
PC006530;BOMBA INJETORA PESADO PARALELA A;MOTOR;79,0;4141,0
PC006531;TAMBOR DE FREIO REFORCADO ORIGINAL;FREIOS;236,0;308,4
PC006533;PINO REI LEVE ORIGINAL;ARTICULACAO_5RODA;5,0;2445,21
PC006534;PARA-LAMA STD ORIGINAL;CARROCERIA;28,0;791,86
PC006535;VALVULA DE ADMISSAO PESADO ORIGINAL;MOTOR;64,0;5426,56
PC006536;PNEU RADIAL 295/80 LEVE PARALELA A;RODAS_PNEUS;5,0;1153,54
PC006537;MACANETA DE PORTA PESADO PARALELA B;CARROCERIA;144,0;762,47
PC006538;CUBO DE RODA LEVE PARALELA A;RODAS_PNEUS;279,0;1649,66
PC006539;BOMBA D AGUA LEVE PARALELA A;ARREFECIMENTO;44,0;876,79
PC006540;PASTILHA DE FREIO LEVE PARALELA A;FREIOS;1,0;118,59
PC006541;CAIXA DE CAMBIO COMPLETA LEVE PARALELA A;TRANSMISSAO;29,0;4886,36
PC006542;ALTERNADOR REFORCADO REMANUFATURADO;ELETRICA;75,0;492,34
PC006543;LANTERNA TRASEIRA PESADO PARALELA B;ELETRICA;12,0;312,52
PC006545;JUNTA DE CABECOTE PESADO PARALELA B;MOTOR;5,0;730,95
PC006546;SENSOR ABS REFORCADO ORIGINAL;ELETRICA;1,0;245,85
PC006547;RESERVATORIO EXPANSAO LEVE ORIGINAL;ARREFECIMENTO;7,0;692,25
PC006548;TURBO COMPRESSOR REFORCADO PARALELA A;MOTOR;53,0;4396,35
PC006549;MANGUEIRA RADIADOR REFORCADO ORIGINAL;ARREFECIMENTO;12,0;288,55
PC006550;PINO MESTRE STD REMANUFATURADO;SUSPENSAO;58,0;769,88
PC006551;QUINTA RODA COMPLETA REFORCADO ORIGINAL;ARTICULACAO_5RODA;26,0;2635,56
PC006552;EIXO CARDAN PESADO ORIGINAL;TRANSMISSAO;184,0;4459,46
PC006553;PLATO DE EMBREAGEM STD REMANUFATURADO;TRANSMISSAO;2,0;4510,25
PC006554;FILTRO DE OLEO MOTOR PESADO ORIGINAL;MOTOR;17,0;5487,24
PC006555;BATERIA 150AH REFORCADO ORIGINAL;ELETRICA;697,0;1385,7
PC006556;DISCO DE FREIO STD ORIGINAL;FREIOS;68,0;394,01
PC006557;CILINDRO MESTRE PESADO PARALELA A;FREIOS;9,0;277,23
PC006558;CHICOTE ELETRICO  REMANUFATURADO;ELETRICA;2,0;376,49
PC006559;PARAFUSO DE RODA STD ORIGINAL;RODAS_PNEUS;61,0;654,09
PC006560;RADIADOR COMPLETO STD ORIGINAL;ARREFECIMENTO;16,0;913,89
PC006561;FILTRO DE OLEO CAMBIO REFORCADO ORIGINAL;FILTROS;51,0;120,4
PC006562;ESPELHO RETROVISOR STD PARALELA B;CARROCERIA;89,0;386,74
PC006563;RODA DE ACO ARO 22 PESADO ORIGINAL;RODAS_PNEUS;43,0;833,65
PC006564;VIDRO LATERAL STD PARALELA A;CARROCERIA;5,0;801,91
PC006565;MANGOTE PNEUMATICO PESADO REMANUFATURADO;ARTICULACAO_5RODA;8,0;2124,58
PC006566;PARA-BRISA STD ORIGINAL;CARROCERIA;15,0;759,08
PC006567;AMORTECEDOR DIANTEIRO LEVE ORIGINAL;SUSPENSAO;1,0;733,55
PC006568;FILTRO DE COMBUSTIVEL PESADO PARALELA A;FILTROS;39,0;25,37
PC006569;FILTRO DE AR MOTOR REFORCADO PARALELA A;FILTROS;294,0;21,77
PC006570;VALVULA TERMOSTATICA LEVE PARALELA B;ARREFECIMENTO;1,0;571,95
PC006571;CAMARA DE AR LEVE ORIGINAL;RODAS_PNEUS;187,0;145,64
PC006572;FEIXE DE MOLA  REMANUFATURADO;SUSPENSAO;8,0;101,92
PC006573;CORREIA DENTADA PESADO PARALELA A;MOTOR;18,0;1562,33
PC006574;ROLAMENTO DE RODA LEVE ORIGINAL;RODAS_PNEUS;510,0;1447,68
PC006575;SINCRONIZADOR PESADO PARALELA B;TRANSMISSAO;16,0;5661,92
PC006576;BOLSA DE AR SUSPENSAO PESADO PARALELA A;SUSPENSAO;2,0;250,69
PC006577;MANGUEIRA DE FREIO AR  PARALELA B;FREIOS;75,0;338,89
PC006578;FILTRO SEPARADOR AGUA LEVE ORIGINAL;FILTROS;46,0;51,51
PC006579;LONA DE FREIO LEVE ORIGINAL;FREIOS;49,0;143,53
PC006580;CRUZETA CARDAN REFORCADO ORIGINAL;TRANSMISSAO;7,0;1347,63
PC006581;PARA-CHOQUE DIANTEIRO STD PARALELA B;CARROCERIA;9,0;157,93
PC006582;VALVULA DE FREIO REFORCADO PARALELA A;FREIOS;22,0;290,94
PC006583;FAROL DIANTEIRO LED REFORCADO PARALELA A;ELETRICA;3,0;658,41
PC006584;BARRA ESTABILIZADORA REFORCADO ORIGINAL;SUSPENSAO;3,0;484,05
PC006585;AMORTECEDOR TRASEIRO LEVE ORIGINAL;SUSPENSAO;3,0;224,28
PC006586;FILTRO DE CABINE PESADO ORIGINAL;FILTROS;1,0;81,3
PC006587;ENGATE DE REBOQUE STD REMANUFATURADO;ARTICULACAO_5RODA;14,0;1708,18
PC006588;DISCO DE EMBREAGEM REFORCADO ORIGINAL;TRANSMISSAO;6,0;5911,69
PC006589;SAPATA DE FREIO LEVE PARALELA B;FREIOS;49,0;174,25
PC006590;BICO INJETOR PESADO PARALELA A;MOTOR;4,0;1526,34
PC006591;BUCHA DE MOLA PESADO PARALELA B;SUSPENSAO;5,0;873,25
PC006592;VENTOINHA REFORCADO PARALELA A;ARREFECIMENTO;5,0;399,89
PC006593;CAMISA DE CILINDRO LEVE PARALELA B;MOTOR;10,0;2194,54
PC006594;BOMBA INJETORA REFORCADO PARALELA B;MOTOR;10,0;1579,39
PC006595;TAMBOR DE FREIO STD PARALELA B;FREIOS;34,0;419,01
PC006596;ROLAMENTO DE EMBREAGEM  PARALELA A;TRANSMISSAO;65,0;6825,43
PC006597;PINO REI REFORCADO ORIGINAL;ARTICULACAO_5RODA;91,0;972,59
PC006598;PARA-LAMA REFORCADO PARALELA B;CARROCERIA;33,0;976,55
PC006599;VALVULA DE ADMISSAO LEVE PARALELA B;MOTOR;1,0;5081,74
PC006600;PNEU RADIAL 295/80 LEVE PARALELA B;RODAS_PNEUS;3,0;1101,19
PC006601;MACANETA DE PORTA LEVE ORIGINAL;CARROCERIA;10,0;856,66
PC006602;CUBO DE RODA  REMANUFATURADO;RODAS_PNEUS;16,0;855,74
PC006603;BOMBA D AGUA LEVE ORIGINAL;ARREFECIMENTO;17,0;554,87
PC006604;PASTILHA DE FREIO LEVE ORIGINAL;FREIOS;8,0;208,48
PC006605;CAIXA DE CAMBIO COMPLETA STD ORIGINAL;TRANSMISSAO;14,0;1810,77
PC006606;ALTERNADOR PESADO ORIGINAL;ELETRICA;37,0;1079,21
PC006607;LANTERNA TRASEIRA  PARALELA A;ELETRICA;440,0;1310,85
PC006608;MOTOR DE PARTIDA LEVE ORIGINAL;ELETRICA;65,0;1177,6
PC006609;JUNTA DE CABECOTE REFORCADO PARALELA A;MOTOR;226,0;1644,54
PC006610;SENSOR ABS PESADO ORIGINAL;ELETRICA;40,0;205,28
PC006611;RESERVATORIO EXPANSAO LEVE REMANUFATURADO;ARREFECIMENTO;197,0;466,46
PC006612;TURBO COMPRESSOR LEVE REMANUFATURADO;MOTOR;575,0;3809,26
PC006613;MANGUEIRA RADIADOR PESADO ORIGINAL;ARREFECIMENTO;6,0;778,51
PC006614;PINO MESTRE REFORCADO ORIGINAL;SUSPENSAO;12,0;1051,37
PC006615;QUINTA RODA COMPLETA LEVE PARALELA A;ARTICULACAO_5RODA;1,0;1308,01
PC006616;EIXO CARDAN PESADO ORIGINAL;TRANSMISSAO;8,0;2086,73
PC006617;PLATO DE EMBREAGEM LEVE PARALELA B;TRANSMISSAO;25,0;1426,21
PC006618;FILTRO DE OLEO MOTOR  REMANUFATURADO;MOTOR;39,0;263,55
PC006619;BATERIA 150AH  ORIGINAL;ELETRICA;51,0;1597,3
PC006620;DISCO DE FREIO REFORCADO ORIGINAL;FREIOS;9,0;176,94
PC006621;CILINDRO MESTRE LEVE ORIGINAL;FREIOS;8,0;229,91
PC006622;CHICOTE ELETRICO REFORCADO ORIGINAL;ELETRICA;51,0;137,4
PC006623;PARAFUSO DE RODA  ORIGINAL;RODAS_PNEUS;18,0;951,61
PC006624;RADIADOR COMPLETO STD ORIGINAL;ARREFECIMENTO;13,0;959,54
PC006625;FILTRO DE OLEO CAMBIO  PARALELA B;FILTROS;76,0;52,9
PC006626;ESPELHO RETROVISOR PESADO ORIGINAL;CARROCERIA;109,0;564,49
PC006627;RODA DE ACO ARO 22 LEVE ORIGINAL;RODAS_PNEUS;16,0;1396,53
PC006628;VIDRO LATERAL  PARALELA B;CARROCERIA;14,0;866,0
PC006629;MANGOTE PNEUMATICO PESADO PARALELA A;ARTICULACAO_5RODA;15,0;2566,19
PC006630;PARA-BRISA REFORCADO PARALELA A;CARROCERIA;396,0;252,72
PC006631;AMORTECEDOR DIANTEIRO REFORCADO ORIGINAL;SUSPENSAO;1,0;545,17
PC006632;FILTRO DE COMBUSTIVEL  ORIGINAL;FILTROS;7,0;89,31
PC006633;FILTRO DE AR MOTOR REFORCADO PARALELA A;FILTROS;7,0;38,22
PC006634;VALVULA TERMOSTATICA LEVE PARALELA B;ARREFECIMENTO;37,0;806,31
PC006635;CAMARA DE AR LEVE PARALELA A;RODAS_PNEUS;4,0;804,27
PC006636;FEIXE DE MOLA REFORCADO PARALELA A;SUSPENSAO;2,0;126,9
PC006637;CORREIA DENTADA REFORCADO PARALELA B;MOTOR;200,0;2371,72
PC006638;ROLAMENTO DE RODA REFORCADO PARALELA A;RODAS_PNEUS;51,0;1745,93
PC006639;SINCRONIZADOR LEVE REMANUFATURADO;TRANSMISSAO;25,0;7475,32
PC006640;BOLSA DE AR SUSPENSAO PESADO PARALELA A;SUSPENSAO;12,0;933,96
PC006641;MANGUEIRA DE FREIO AR PESADO PARALELA A;FREIOS;3,0;306,68
PC006642;FILTRO SEPARADOR AGUA REFORCADO ORIGINAL;FILTROS;17,0;23,78
PC006643;LONA DE FREIO REFORCADO PARALELA A;FREIOS;53,0;169,12
PC006644;CRUZETA CARDAN  ORIGINAL;TRANSMISSAO;11,0;2240,85
PC006645;PARA-CHOQUE DIANTEIRO PESADO PARALELA A;CARROCERIA;16,0;787,02
PC006646;VALVULA DE FREIO STD PARALELA B;FREIOS;13,0;291,38
PC006647;FAROL DIANTEIRO LED LEVE PARALELA A;ELETRICA;6,0;106,66
PC006648;BARRA ESTABILIZADORA LEVE ORIGINAL;SUSPENSAO;4,0;951,64
PC006649;AMORTECEDOR TRASEIRO PESADO PARALELA B;SUSPENSAO;16,0;326,97
PC006650;FILTRO DE CABINE STD ORIGINAL;FILTROS;7,0;36,34
PC006651;ENGATE DE REBOQUE PESADO PARALELA A;ARTICULACAO_5RODA;0,0;2179,32
PC006652;DISCO DE EMBREAGEM  PARALELA A;TRANSMISSAO;122,0;4353,95
PC006653;SAPATA DE FREIO  PARALELA A;FREIOS;1,0;350,05
PC006654;BICO INJETOR STD PARALELA A;MOTOR;26,0;2879,54
PC006655;BUCHA DE MOLA LEVE ORIGINAL;SUSPENSAO;5,0;900,69
PC006656;VENTOINHA STD PARALELA A;ARREFECIMENTO;29,0;673,65
PC006657;CAMISA DE CILINDRO PESADO ORIGINAL;MOTOR;105,0;2465,09
PC006658;BOMBA INJETORA LEVE PARALELA A;MOTOR;12,0;5068,64
PC006659;TAMBOR DE FREIO LEVE ORIGINAL;FREIOS;26,0;161,52
PC006660;ROLAMENTO DE EMBREAGEM PESADO PARALELA A;TRANSMISSAO;132,0;1076,4
PC006661;PINO REI PESADO ORIGINAL;ARTICULACAO_5RODA;69,0;1727,81
PC006662;PARA-LAMA LEVE PARALELA A;CARROCERIA;1,0;986,02
PC006663;VALVULA DE ADMISSAO LEVE ORIGINAL;MOTOR;84,0;4111,99
PC006664;PNEU RADIAL 295/80 STD ORIGINAL;RODAS_PNEUS;74,0;622,93
PC006666;CUBO DE RODA REFORCADO PARALELA B;RODAS_PNEUS;65,0;1474,31
PC006667;BOMBA D AGUA  PARALELA A;ARREFECIMENTO;1,0;873,93
PC006668;PASTILHA DE FREIO PESADO REMANUFATURADO;FREIOS;228,0;369,78
PC006669;CAIXA DE CAMBIO COMPLETA  ORIGINAL;TRANSMISSAO;3,0;4958,81
PC006670;ALTERNADOR PESADO PARALELA A;ELETRICA;10,0;453,94
PC006671;LANTERNA TRASEIRA PESADO ORIGINAL;ELETRICA;34,0;707,73
PC006672;MOTOR DE PARTIDA STD REMANUFATURADO;ELETRICA;43,0;506,01
PC006673;JUNTA DE CABECOTE LEVE REMANUFATURADO;MOTOR;6,0;5385,26
PC006674;SENSOR ABS STD PARALELA A;ELETRICA;15,0;1157,42
PC006675;RESERVATORIO EXPANSAO REFORCADO PARALELA A;ARREFECIMENTO;11,0;659,21
PC006676;TURBO COMPRESSOR REFORCADO PARALELA B;MOTOR;10,0;2381,74
PC006677;MANGUEIRA RADIADOR LEVE PARALELA B;ARREFECIMENTO;16,0;555,57
PC006678;PINO MESTRE PESADO REMANUFATURADO;SUSPENSAO;15,0;430,64
PC006679;QUINTA RODA COMPLETA REFORCADO ORIGINAL;ARTICULACAO_5RODA;3,0;320,67
PC006680;EIXO CARDAN  ORIGINAL;TRANSMISSAO;1,0;2069,35
PC006681;PLATO DE EMBREAGEM LEVE PARALELA A;TRANSMISSAO;16,0;5810,16
PC006682;FILTRO DE OLEO MOTOR STD ORIGINAL;MOTOR;35,0;4433,99
PC006683;BATERIA 150AH  PARALELA B;ELETRICA;35,0;914,94
PC006684;DISCO DE FREIO LEVE PARALELA A;FREIOS;112,0;273,07
PC006685;CILINDRO MESTRE LEVE PARALELA A;FREIOS;5,0;323,78
PC006687;PARAFUSO DE RODA STD PARALELA B;RODAS_PNEUS;39,0;1473,3
PC006688;RADIADOR COMPLETO REFORCADO PARALELA A;ARREFECIMENTO;5,0;995,56
PC006689;FILTRO DE OLEO CAMBIO LEVE PARALELA A;FILTROS;8,0;53,35
PC006690;ESPELHO RETROVISOR LEVE ORIGINAL;CARROCERIA;37,0;529,95
PC006691;RODA DE ACO ARO 22  PARALELA A;RODAS_PNEUS;9,0;1387,04
PC006692;VIDRO LATERAL PESADO REMANUFATURADO;CARROCERIA;50,0;520,98
PC006693;MANGOTE PNEUMATICO STD PARALELA B;ARTICULACAO_5RODA;40,0;2088,19
PC006694;PARA-BRISA  PARALELA A;CARROCERIA;6,0;194,98
PC006695;AMORTECEDOR DIANTEIRO PESADO ORIGINAL;SUSPENSAO;35,0;1092,12
PC006696;FILTRO DE COMBUSTIVEL STD PARALELA A;FILTROS;1,0;71,29
PC006697;FILTRO DE AR MOTOR STD ORIGINAL;FILTROS;9,0;102,39
PC006698;VALVULA TERMOSTATICA REFORCADO ORIGINAL;ARREFECIMENTO;55,0;708,71
PC006699;CAMARA DE AR  ORIGINAL;RODAS_PNEUS;6,0;684,17
PC006700;FEIXE DE MOLA  PARALELA A;SUSPENSAO;25,0;543,04
PC006702;ROLAMENTO DE RODA REFORCADO ORIGINAL;RODAS_PNEUS;21,0;1327,8
PC006703;SINCRONIZADOR REFORCADO PARALELA A;TRANSMISSAO;78,0;3264,32
PC006704;BOLSA DE AR SUSPENSAO STD REMANUFATURADO;SUSPENSAO;7,0;848,87
PC006705;MANGUEIRA DE FREIO AR REFORCADO REMANUFATURADO;FREIOS;7,0;377,31
PC006706;FILTRO SEPARADOR AGUA STD ORIGINAL;FILTROS;222,0;17,71
PC006707;LONA DE FREIO PESADO PARALELA A;FREIOS;99,0;147,32
PC006708;CRUZETA CARDAN PESADO PARALELA A;TRANSMISSAO;6,0;5306,47
PC006709;PARA-CHOQUE DIANTEIRO  PARALELA A;CARROCERIA;9,0;283,19
PC006710;VALVULA DE FREIO REFORCADO PARALELA B;FREIOS;1,0;166,24
PC006711;FAROL DIANTEIRO LED REFORCADO PARALELA A;ELETRICA;16,0;979,24
PC006712;BARRA ESTABILIZADORA  PARALELA A;SUSPENSAO;8,0;795,6
PC006713;AMORTECEDOR TRASEIRO PESADO PARALELA A;SUSPENSAO;29,0;558,53
PC006715;ENGATE DE REBOQUE LEVE PARALELA A;ARTICULACAO_5RODA;20,0;1105,06
PC006716;DISCO DE EMBREAGEM REFORCADO REMANUFATURADO;TRANSMISSAO;59,0;5380,64
PC006717;SAPATA DE FREIO REFORCADO ORIGINAL;FREIOS;1,0;210,71
PC006718;BICO INJETOR LEVE PARALELA A;MOTOR;1,0;3206,61
PC006719;BUCHA DE MOLA LEVE PARALELA A;SUSPENSAO;2,0;1010,59
PC006720;VENTOINHA PESADO REMANUFATURADO;ARREFECIMENTO;23,0;775,96
PC006721;CAMISA DE CILINDRO  REMANUFATURADO;MOTOR;73,0;424,49
PC006722;BOMBA INJETORA  PARALELA A;MOTOR;150,0;1868,05
PC006723;TAMBOR DE FREIO  ORIGINAL;FREIOS;7,0;237,97
PC006724;ROLAMENTO DE EMBREAGEM PESADO ORIGINAL;TRANSMISSAO;44,0;1305,53
PC006725;PINO REI  REMANUFATURADO;ARTICULACAO_5RODA;21,0;2313,27
PC006726;PARA-LAMA LEVE PARALELA A;CARROCERIA;34,0;612,48
PC006727;VALVULA DE ADMISSAO  REMANUFATURADO;MOTOR;111,0;2741,47
PC006728;PNEU RADIAL 295/80  PARALELA B;RODAS_PNEUS;16,0;142,44
PC006729;MACANETA DE PORTA STD PARALELA A;CARROCERIA;23,0;757,53
PC006730;CUBO DE RODA LEVE REMANUFATURADO;RODAS_PNEUS;8,0;727,74
PC006731;BOMBA D AGUA LEVE ORIGINAL;ARREFECIMENTO;4,0;472,62
PC006732;PASTILHA DE FREIO STD REMANUFATURADO;FREIOS;1,0;250,43
PC006733;CAIXA DE CAMBIO COMPLETA LEVE PARALELA A;TRANSMISSAO;10,0;2124,52
PC006734;ALTERNADOR PESADO PARALELA A;ELETRICA;64,0;538,82
PC006736;MOTOR DE PARTIDA  ORIGINAL;ELETRICA;181,0;1520,37
PC006737;JUNTA DE CABECOTE LEVE ORIGINAL;MOTOR;28,0;2858,42
PC006738;SENSOR ABS LEVE PARALELA A;ELETRICA;3,0;1027,29
PC006739;RESERVATORIO EXPANSAO STD PARALELA A;ARREFECIMENTO;19,0;138,32
PC006740;TURBO COMPRESSOR PESADO PARALELA A;MOTOR;8,0;4503,76
PC006741;MANGUEIRA RADIADOR  ORIGINAL;ARREFECIMENTO;19,0;518,47
PC006742;PINO MESTRE STD PARALELA B;SUSPENSAO;10,0;315,62
PC006743;QUINTA RODA COMPLETA  ORIGINAL;ARTICULACAO_5RODA;8,0;382,02
PC006744;EIXO CARDAN  PARALELA A;TRANSMISSAO;14,0;3806,84
PC006745;PLATO DE EMBREAGEM PESADO PARALELA B;TRANSMISSAO;48,0;4584,81
PC006747;BATERIA 150AH PESADO PARALELA B;ELETRICA;49,0;41,95
PC006748;DISCO DE FREIO STD PARALELA B;FREIOS;202,0;335,51
PC006749;CILINDRO MESTRE PESADO PARALELA A;FREIOS;23,0;161,69
PC006750;CHICOTE ELETRICO  PARALELA A;ELETRICA;3,0;750,31
PC006751;PARAFUSO DE RODA PESADO ORIGINAL;RODAS_PNEUS;53,0;800,52
PC006752;RADIADOR COMPLETO LEVE REMANUFATURADO;ARREFECIMENTO;9,0;796,82
PC006753;FILTRO DE OLEO CAMBIO LEVE ORIGINAL;FILTROS;7,0;22,56
PC006754;ESPELHO RETROVISOR STD ORIGINAL;CARROCERIA;3,0;202,38
PC006755;RODA DE ACO ARO 22 LEVE PARALELA A;RODAS_PNEUS;9,0;173,23
PC006756;VIDRO LATERAL PESADO PARALELA A;CARROCERIA;1,0;310,19
PC006757;MANGOTE PNEUMATICO PESADO PARALELA A;ARTICULACAO_5RODA;27,0;702,24
PC006758;PARA-BRISA LEVE ORIGINAL;CARROCERIA;16,0;423,82
PC006759;AMORTECEDOR DIANTEIRO STD PARALELA B;SUSPENSAO;222,0;366,53
PC006760;FILTRO DE COMBUSTIVEL REFORCADO PARALELA A;FILTROS;16,0;66,71
PC006761;FILTRO DE AR MOTOR  ORIGINAL;FILTROS;25,0;45,71
PC006762;VALVULA TERMOSTATICA STD ORIGINAL;ARREFECIMENTO;1,0;186,95
PC006763;CAMARA DE AR  PARALELA B;RODAS_PNEUS;27,0;1339,03
PC006764;FEIXE DE MOLA  ORIGINAL;SUSPENSAO;4,0;319,55
PC006765;CORREIA DENTADA LEVE REMANUFATURADO;MOTOR;9,0;4345,8
PC006766;ROLAMENTO DE RODA PESADO PARALELA A;RODAS_PNEUS;1,0;1646,84
PC006767;SINCRONIZADOR PESADO PARALELA A;TRANSMISSAO;18,0;5925,74
PC006768;BOLSA DE AR SUSPENSAO LEVE PARALELA A;SUSPENSAO;845,0;316,76
PC006769;MANGUEIRA DE FREIO AR STD ORIGINAL;FREIOS;22,0;269,83
PC006770;FILTRO SEPARADOR AGUA  ORIGINAL;FILTROS;24,0;89,59
PC006771;LONA DE FREIO  REMANUFATURADO;FREIOS;4,0;200,74
PC006772;CRUZETA CARDAN  PARALELA A;TRANSMISSAO;7,0;3734,26
PC006773;PARA-CHOQUE DIANTEIRO PESADO PARALELA B;CARROCERIA;1,0;211,65
PC006774;VALVULA DE FREIO REFORCADO ORIGINAL;FREIOS;4,0;71,0
PC006775;FAROL DIANTEIRO LED  ORIGINAL;ELETRICA;45,0;1237,38
PC006776;BARRA ESTABILIZADORA REFORCADO ORIGINAL;SUSPENSAO;0,0;261,2
PC006777;AMORTECEDOR TRASEIRO REFORCADO PARALELA B;SUSPENSAO;4,0;677,61
PC006778;FILTRO DE CABINE PESADO PARALELA B;FILTROS;52,0;26,59
PC006779;ENGATE DE REBOQUE LEVE ORIGINAL;ARTICULACAO_5RODA;47,0;1405,83
PC006780;DISCO DE EMBREAGEM LEVE ORIGINAL;TRANSMISSAO;1,0;5846,44
PC006781;SAPATA DE FREIO LEVE PARALELA A;FREIOS;1,0;292,36
PC006783;BUCHA DE MOLA PESADO ORIGINAL;SUSPENSAO;49,0;618,53
PC006784;VENTOINHA PESADO PARALELA A;ARREFECIMENTO;105,0;413,16
PC006785;CAMISA DE CILINDRO LEVE ORIGINAL;MOTOR;29,0;4763,8
PC006786;BOMBA INJETORA PESADO ORIGINAL;MOTOR;10,0;3539,65
PC006787;TAMBOR DE FREIO LEVE PARALELA A;FREIOS;10,0;342,94
PC006788;ROLAMENTO DE EMBREAGEM  PARALELA A;TRANSMISSAO;12,0;4080,9
PC006789;PINO REI LEVE PARALELA A;ARTICULACAO_5RODA;86,0;2299,04
PC006790;PARA-LAMA LEVE ORIGINAL;CARROCERIA;16,0;869,27
PC006791;VALVULA DE ADMISSAO LEVE PARALELA A;MOTOR;2,0;3700,16
PC006792;PNEU RADIAL 295/80 REFORCADO PARALELA A;RODAS_PNEUS;3,0;1679,97
PC006793;MACANETA DE PORTA LEVE ORIGINAL;CARROCERIA;1,0;635,46
PC006794;CUBO DE RODA  ORIGINAL;RODAS_PNEUS;14,0;1279,47
PC006795;BOMBA D AGUA  PARALELA A;ARREFECIMENTO;1,0;250,7
PC006796;PASTILHA DE FREIO  PARALELA B;FREIOS;3,0;330,45
PC006797;CAIXA DE CAMBIO COMPLETA PESADO REMANUFATURADO;TRANSMISSAO;21,0;5339,92
PC006798;ALTERNADOR PESADO REMANUFATURADO;ELETRICA;6,0;480,85
PC006799;LANTERNA TRASEIRA LEVE PARALELA B;ELETRICA;22,0;527,22
PC006800;MOTOR DE PARTIDA PESADO ORIGINAL;ELETRICA;2,0;1288,72
PC006801;JUNTA DE CABECOTE  PARALELA A;MOTOR;29,0;3491,59
PC006802;SENSOR ABS LEVE ORIGINAL;ELETRICA;2,0;544,72
PC006803;RESERVATORIO EXPANSAO LEVE PARALELA A;ARREFECIMENTO;8,0;415,48
PC006804;TURBO COMPRESSOR PESADO PARALELA B;MOTOR;5,0;4672,48
PC006805;MANGUEIRA RADIADOR  ORIGINAL;ARREFECIMENTO;1,0;267,66
PC006806;PINO MESTRE STD ORIGINAL;SUSPENSAO;6,0;1068,17
PC006807;QUINTA RODA COMPLETA  PARALELA A;ARTICULACAO_5RODA;55,0;2250,43
PC006808;EIXO CARDAN  PARALELA A;TRANSMISSAO;5,0;2412,28
PC006809;PLATO DE EMBREAGEM LEVE ORIGINAL;TRANSMISSAO;80,0;5783,98
PC006810;FILTRO DE OLEO MOTOR REFORCADO REMANUFATURADO;MOTOR;12,0;3482,28
PC006811;BATERIA 150AH  REMANUFATURADO;ELETRICA;9,0;276,66
PC006812;DISCO DE FREIO  ORIGINAL;FREIOS;26,0;327,14
PC006813;CILINDRO MESTRE STD REMANUFATURADO;FREIOS;24,0;270,3
PC006814;CHICOTE ELETRICO  REMANUFATURADO;ELETRICA;169,0;223,3
PC006815;PARAFUSO DE RODA REFORCADO ORIGINAL;RODAS_PNEUS;20,0;1722,7
PC006816;RADIADOR COMPLETO  ORIGINAL;ARREFECIMENTO;16,0;305,56
PC006817;FILTRO DE OLEO CAMBIO PESADO PARALELA A;FILTROS;2,0;117,98
PC006818;ESPELHO RETROVISOR  ORIGINAL;CARROCERIA;2,0;552,3
PC006819;RODA DE ACO ARO 22  ORIGINAL;RODAS_PNEUS;22,0;111,07
PC006820;VIDRO LATERAL PESADO ORIGINAL;CARROCERIA;5,0;968,82
PC006821;MANGOTE PNEUMATICO STD ORIGINAL;ARTICULACAO_5RODA;1,0;680,6
PC006822;PARA-BRISA PESADO REMANUFATURADO;CARROCERIA;3,0;589,18
PC006823;AMORTECEDOR DIANTEIRO STD ORIGINAL;SUSPENSAO;17,0;1169,25
PC006824;FILTRO DE COMBUSTIVEL LEVE ORIGINAL;FILTROS;5,0;43,55
PC006825;FILTRO DE AR MOTOR  PARALELA B;FILTROS;15,0;33,64
PC006826;VALVULA TERMOSTATICA PESADO ORIGINAL;ARREFECIMENTO;43,0;600,24
PC006827;CAMARA DE AR  PARALELA A;RODAS_PNEUS;81,0;1558,25
PC006828;FEIXE DE MOLA PESADO ORIGINAL;SUSPENSAO;6,0;346,07
PC006829;CORREIA DENTADA PESADO REMANUFATURADO;MOTOR;236,0;5704,49
PC006830;ROLAMENTO DE RODA REFORCADO REMANUFATURADO;RODAS_PNEUS;28,0;1401,72
PC006831;SINCRONIZADOR PESADO PARALELA B;TRANSMISSAO;1,0;4518,09
PC006832;BOLSA DE AR SUSPENSAO STD REMANUFATURADO;SUSPENSAO;55,0;186,14
PC006834;FILTRO SEPARADOR AGUA STD PARALELA A;FILTROS;91,0;16,9
PC006835;LONA DE FREIO  PARALELA A;FREIOS;12,0;345,8
PC006836;CRUZETA CARDAN REFORCADO PARALELA A;TRANSMISSAO;32,0;4728,27
PC006837;PARA-CHOQUE DIANTEIRO  REMANUFATURADO;CARROCERIA;10,0;252,69
PC006838;VALVULA DE FREIO REFORCADO ORIGINAL;FREIOS;43,0;220,07
PC006839;FAROL DIANTEIRO LED REFORCADO PARALELA B;ELETRICA;14,0;962,88
PC006841;AMORTECEDOR TRASEIRO  ORIGINAL;SUSPENSAO;24,0;206,02
PC006842;FILTRO DE CABINE LEVE PARALELA A;FILTROS;7,0;70,17
PC006843;ENGATE DE REBOQUE LEVE PARALELA A;ARTICULACAO_5RODA;21,0;1642,6
PC006844;DISCO DE EMBREAGEM STD PARALELA B;TRANSMISSAO;399,0;2780,23
PC006845;SAPATA DE FREIO LEVE PARALELA A;FREIOS;27,0;100,66
PC006846;BICO INJETOR STD PARALELA B;MOTOR;26,0;2723,15
PC006847;BUCHA DE MOLA STD REMANUFATURADO;SUSPENSAO;1,0;479,59
PC006848;VENTOINHA LEVE PARALELA A;ARREFECIMENTO;2,0;329,44
PC006849;CAMISA DE CILINDRO  PARALELA A;MOTOR;25,0;4891,3
PC006851;TAMBOR DE FREIO STD ORIGINAL;FREIOS;119,0;234,1
PC006852;ROLAMENTO DE EMBREAGEM PESADO PARALELA B;TRANSMISSAO;6,0;3673,25
PC006853;PINO REI STD PARALELA B;ARTICULACAO_5RODA;8,0;1563,45
PC006854;PARA-LAMA LEVE ORIGINAL;CARROCERIA;1,0;202,99
PC006855;VALVULA DE ADMISSAO PESADO PARALELA A;MOTOR;29,0;2420,08
PC006856;PNEU RADIAL 295/80 PESADO PARALELA B;RODAS_PNEUS;50,0;1245,83
PC006857;MACANETA DE PORTA PESADO PARALELA A;CARROCERIA;358,0;421,62
PC006858;CUBO DE RODA LEVE ORIGINAL;RODAS_PNEUS;1,0;403,68
PC006859;BOMBA D AGUA  ORIGINAL;ARREFECIMENTO;15,0;925,37
PC006860;PASTILHA DE FREIO REFORCADO PARALELA B;FREIOS;1,0;178,0
PC006861;CAIXA DE CAMBIO COMPLETA LEVE PARALELA A;TRANSMISSAO;6,0;5919,57
PC006862;ALTERNADOR  PARALELA B;ELETRICA;29,0;1520,36
PC006863;LANTERNA TRASEIRA PESADO PARALELA B;ELETRICA;17,0;608,3
PC006864;MOTOR DE PARTIDA STD PARALELA A;ELETRICA;28,0;409,84
PC006865;JUNTA DE CABECOTE STD PARALELA A;MOTOR;3,0;2292,35
PC006866;SENSOR ABS PESADO PARALELA A;ELETRICA;189,0;128,27
PC006867;RESERVATORIO EXPANSAO LEVE PARALELA A;ARREFECIMENTO;64,0;679,16
PC006868;TURBO COMPRESSOR PESADO ORIGINAL;MOTOR;12,0;482,63
PC006869;MANGUEIRA RADIADOR LEVE PARALELA A;ARREFECIMENTO;70,0;878,69
PC006870;PINO MESTRE PESADO PARALELA B;SUSPENSAO;15,0;347,65
PC006871;QUINTA RODA COMPLETA LEVE PARALELA A;ARTICULACAO_5RODA;4,0;723,35
PC006872;EIXO CARDAN PESADO REMANUFATURADO;TRANSMISSAO;1,0;6058,71
PC006873;PLATO DE EMBREAGEM PESADO PARALELA A;TRANSMISSAO;29,0;3382,0
PC006874;FILTRO DE OLEO MOTOR LEVE PARALELA B;MOTOR;40,0;3071,81
PC006875;BATERIA 150AH PESADO ORIGINAL;ELETRICA;2,0;522,14
PC006876;DISCO DE FREIO LEVE PARALELA A;FREIOS;17,0;57,6
PC006878;CHICOTE ELETRICO STD ORIGINAL;ELETRICA;16,0;372,01
PC006879;PARAFUSO DE RODA LEVE REMANUFATURADO;RODAS_PNEUS;1,0;1154,7
PC006880;RADIADOR COMPLETO LEVE PARALELA A;ARREFECIMENTO;5,0;599,39
PC006882;ESPELHO RETROVISOR PESADO REMANUFATURADO;CARROCERIA;25,0;69,2
PC006884;VIDRO LATERAL  PARALELA B;CARROCERIA;97,0;741,7
PC006885;MANGOTE PNEUMATICO  ORIGINAL;ARTICULACAO_5RODA;46,0;2866,47
PC006886;PARA-BRISA LEVE ORIGINAL;CARROCERIA;19,0;901,0
PC006887;AMORTECEDOR DIANTEIRO REFORCADO REMANUFATURADO;SUSPENSAO;1,0;751,1
PC006888;FILTRO DE COMBUSTIVEL LEVE ORIGINAL;FILTROS;29,0;112,9
PC006889;FILTRO DE AR MOTOR STD PARALELA B;FILTROS;2,0;79,26
PC006890;VALVULA TERMOSTATICA LEVE PARALELA A;ARREFECIMENTO;55,0;286,64
PC006891;CAMARA DE AR PESADO PARALELA B;RODAS_PNEUS;2,0;838,04
PC006892;FEIXE DE MOLA LEVE PARALELA A;SUSPENSAO;0,0;724,53
PC006893;CORREIA DENTADA PESADO PARALELA B;MOTOR;39,0;4951,43
PC006894;ROLAMENTO DE RODA REFORCADO PARALELA A;RODAS_PNEUS;6,0;506,86
PC006895;SINCRONIZADOR REFORCADO REMANUFATURADO;TRANSMISSAO;4,0;3733,21
PC006896;BOLSA DE AR SUSPENSAO STD PARALELA B;SUSPENSAO;8,0;1081,22
PC006897;MANGUEIRA DE FREIO AR LEVE PARALELA B;FREIOS;35,0;118,73
PC006898;FILTRO SEPARADOR AGUA REFORCADO PARALELA A;FILTROS;321,0;98,44
PC006899;LONA DE FREIO LEVE ORIGINAL;FREIOS;24,0;73,6
PC006900;CRUZETA CARDAN PESADO PARALELA A;TRANSMISSAO;1,0;6918,15
PC006901;PARA-CHOQUE DIANTEIRO PESADO PARALELA B;CARROCERIA;25,0;566,68
PC006902;VALVULA DE FREIO STD PARALELA A;FREIOS;54,0;120,77
PC006903;FAROL DIANTEIRO LED STD ORIGINAL;ELETRICA;17,0;683,31
PC006904;BARRA ESTABILIZADORA STD PARALELA B;SUSPENSAO;6,0;704,49
PC006905;AMORTECEDOR TRASEIRO PESADO REMANUFATURADO;SUSPENSAO;22,0;173,93
PC006906;FILTRO DE CABINE PESADO REMANUFATURADO;FILTROS;5,0;81,22
PC006907;ENGATE DE REBOQUE  REMANUFATURADO;ARTICULACAO_5RODA;4,0;745,2
PC006908;DISCO DE EMBREAGEM REFORCADO ORIGINAL;TRANSMISSAO;6,0;1821,95
PC006909;SAPATA DE FREIO  REMANUFATURADO;FREIOS;5,0;396,18
PC006910;BICO INJETOR REFORCADO ORIGINAL;MOTOR;3,0;5481,16
PC006911;BUCHA DE MOLA STD PARALELA A;SUSPENSAO;4,0;476,41
PC006912;VENTOINHA LEVE PARALELA B;ARREFECIMENTO;21,0;421,37
PC006913;CAMISA DE CILINDRO REFORCADO ORIGINAL;MOTOR;60,0;722,73
PC006914;BOMBA INJETORA  PARALELA A;MOTOR;1,0;290,16
PC006915;TAMBOR DE FREIO PESADO PARALELA A;FREIOS;8,0;338,38
PC006916;ROLAMENTO DE EMBREAGEM LEVE REMANUFATURADO;TRANSMISSAO;2,0;4144,47
PC006917;PINO REI LEVE REMANUFATURADO;ARTICULACAO_5RODA;15,0;1060,08
PC006918;PARA-LAMA LEVE PARALELA A;CARROCERIA;1,0;212,41
PC006919;VALVULA DE ADMISSAO PESADO ORIGINAL;MOTOR;6,0;1457,92
PC006920;PNEU RADIAL 295/80 STD ORIGINAL;RODAS_PNEUS;5,0;1893,52
PC006921;MACANETA DE PORTA PESADO ORIGINAL;CARROCERIA;14,0;974,29
PC006922;CUBO DE RODA  PARALELA B;RODAS_PNEUS;41,0;123,7
PC006923;BOMBA D AGUA  PARALELA B;ARREFECIMENTO;27,0;769,75
PC006924;PASTILHA DE FREIO LEVE REMANUFATURADO;FREIOS;4,0;214,91
PC006925;CAIXA DE CAMBIO COMPLETA  PARALELA A;TRANSMISSAO;15,0;3544,19
PC006926;ALTERNADOR PESADO ORIGINAL;ELETRICA;4,0;762,21
PC006927;LANTERNA TRASEIRA STD PARALELA A;ELETRICA;8,0;552,71
PC006928;MOTOR DE PARTIDA LEVE ORIGINAL;ELETRICA;63,0;380,39
PC006929;JUNTA DE CABECOTE LEVE PARALELA B;MOTOR;61,0;493,34
PC006930;SENSOR ABS PESADO PARALELA A;ELETRICA;38,0;897,62
PC006931;RESERVATORIO EXPANSAO  PARALELA B;ARREFECIMENTO;24,0;838,09
PC006932;TURBO COMPRESSOR PESADO REMANUFATURADO;MOTOR;61,0;1264,87
PC006933;MANGUEIRA RADIADOR STD PARALELA A;ARREFECIMENTO;12,0;177,61
PC006934;PINO MESTRE LEVE PARALELA A;SUSPENSAO;62,0;222,25
PC006935;QUINTA RODA COMPLETA PESADO PARALELA A;ARTICULACAO_5RODA;7,0;1600,57
PC006936;EIXO CARDAN REFORCADO PARALELA B;TRANSMISSAO;66,0;1809,46
PC006938;FILTRO DE OLEO MOTOR STD REMANUFATURADO;MOTOR;14,0;1460,4
PC006939;BATERIA 150AH REFORCADO PARALELA B;ELETRICA;1,0;62,16
PC006940;DISCO DE FREIO LEVE ORIGINAL;FREIOS;1,0;129,91
PC006941;CILINDRO MESTRE PESADO ORIGINAL;FREIOS;54,0;246,27
PC006942;CHICOTE ELETRICO STD ORIGINAL;ELETRICA;36,0;257,02
PC006943;PARAFUSO DE RODA REFORCADO PARALELA B;RODAS_PNEUS;15,0;574,31
PC006944;RADIADOR COMPLETO PESADO REMANUFATURADO;ARREFECIMENTO;1,0;714,62
PC006945;FILTRO DE OLEO CAMBIO PESADO ORIGINAL;FILTROS;6,0;103,9
PC006946;ESPELHO RETROVISOR STD REMANUFATURADO;CARROCERIA;198,0;580,48
PC006948;VIDRO LATERAL LEVE PARALELA A;CARROCERIA;113,0;661,88
PC006949;MANGOTE PNEUMATICO REFORCADO PARALELA B;ARTICULACAO_5RODA;87,0;1338,41
PC006950;PARA-BRISA PESADO ORIGINAL;CARROCERIA;23,0;513,04
PC006951;AMORTECEDOR DIANTEIRO LEVE ORIGINAL;SUSPENSAO;28,0;502,44
PC006952;FILTRO DE COMBUSTIVEL LEVE ORIGINAL;FILTROS;6,0;56,73
PC006953;FILTRO DE AR MOTOR REFORCADO REMANUFATURADO;FILTROS;19,0;97,68
PC006954;VALVULA TERMOSTATICA STD REMANUFATURADO;ARREFECIMENTO;48,0;766,24
PC006955;CAMARA DE AR PESADO PARALELA B;RODAS_PNEUS;15,0;1839,8
PC006956;FEIXE DE MOLA REFORCADO PARALELA B;SUSPENSAO;5,0;181,97
PC006957;CORREIA DENTADA LEVE PARALELA A;MOTOR;9,0;2269,9
PC006958;ROLAMENTO DE RODA LEVE ORIGINAL;RODAS_PNEUS;4,0;1620,17
PC006960;BOLSA DE AR SUSPENSAO REFORCADO PARALELA A;SUSPENSAO;3,0;975,63
PC006961;MANGUEIRA DE FREIO AR STD PARALELA B;FREIOS;14,0;285,78
PC006962;FILTRO SEPARADOR AGUA REFORCADO PARALELA B;FILTROS;1,0;24,2
PC006963;LONA DE FREIO REFORCADO ORIGINAL;FREIOS;11,0;274,39
PC006964;CRUZETA CARDAN LEVE REMANUFATURADO;TRANSMISSAO;7,0;1478,2
PC006965;PARA-CHOQUE DIANTEIRO STD ORIGINAL;CARROCERIA;10,0;430,88
PC006966;VALVULA DE FREIO STD PARALELA A;FREIOS;14,0;321,33
PC006967;FAROL DIANTEIRO LED REFORCADO REMANUFATURADO;ELETRICA;10,0;744,14
PC006968;BARRA ESTABILIZADORA LEVE REMANUFATURADO;SUSPENSAO;26,0;491,93
PC006969;AMORTECEDOR TRASEIRO STD REMANUFATURADO;SUSPENSAO;4,0;117,51
PC006970;FILTRO DE CABINE STD PARALELA B;FILTROS;20,0;44,04
PC006971;ENGATE DE REBOQUE  PARALELA B;ARTICULACAO_5RODA;17,0;1610,11
PC006972;DISCO DE EMBREAGEM  PARALELA A;TRANSMISSAO;59,0;6255,44
PC006973;SAPATA DE FREIO PESADO ORIGINAL;FREIOS;3,0;349,86
PC006974;BICO INJETOR REFORCADO PARALELA B;MOTOR;218,0;2230,76
PC006975;BUCHA DE MOLA LEVE PARALELA A;SUSPENSAO;21,0;86,12
PC006976;VENTOINHA LEVE ORIGINAL;ARREFECIMENTO;7,0;491,62
PC006978;BOMBA INJETORA REFORCADO ORIGINAL;MOTOR;2,0;3523,93
PC006979;TAMBOR DE FREIO LEVE ORIGINAL;FREIOS;23,0;232,09
PC006980;ROLAMENTO DE EMBREAGEM LEVE PARALELA A;TRANSMISSAO;5,0;3407,86
PC006981;PINO REI LEVE PARALELA A;ARTICULACAO_5RODA;1,0;1256,73
PC006982;PARA-LAMA  REMANUFATURADO;CARROCERIA;10,0;667,81
PC006983;VALVULA DE ADMISSAO  ORIGINAL;MOTOR;6,0;3578,76
PC006984;PNEU RADIAL 295/80 STD PARALELA B;RODAS_PNEUS;19,0;1305,34
PC006985;MACANETA DE PORTA STD ORIGINAL;CARROCERIA;15,0;631,4
PC006986;CUBO DE RODA LEVE PARALELA A;RODAS_PNEUS;37,0;214,36
PC006987;BOMBA D AGUA REFORCADO ORIGINAL;ARREFECIMENTO;10,0;629,38
PC006989;CAIXA DE CAMBIO COMPLETA REFORCADO PARALELA A;TRANSMISSAO;116,0;4650,27
PC006991;LANTERNA TRASEIRA PESADO PARALELA B;ELETRICA;3,0;447,1
PC006992;MOTOR DE PARTIDA LEVE ORIGINAL;ELETRICA;14,0;434,17
PC006993;JUNTA DE CABECOTE PESADO PARALELA A;MOTOR;8,0;3886,86
PC006994;SENSOR ABS PESADO PARALELA A;ELETRICA;13,0;809,29
PC006995;RESERVATORIO EXPANSAO  PARALELA B;ARREFECIMENTO;1,0;441,65
PC006996;TURBO COMPRESSOR PESADO ORIGINAL;MOTOR;16,0;3566,18
PC006997;MANGUEIRA RADIADOR STD PARALELA A;ARREFECIMENTO;28,0;838,25
PC006998;PINO MESTRE STD ORIGINAL;SUSPENSAO;11,0;583,13
PC006999;QUINTA RODA COMPLETA PESADO PARALELA B;ARTICULACAO_5RODA;2,0;876,1
PC007000;EIXO CARDAN REFORCADO PARALELA A;TRANSMISSAO;43,0;733,36
PC007001;PLATO DE EMBREAGEM PESADO PARALELA B;TRANSMISSAO;16,0;8647,52
PC007002;FILTRO DE OLEO MOTOR  ORIGINAL;MOTOR;20,0;3710,36
PC007003;BATERIA 150AH STD PARALELA A;ELETRICA;20,0;872,78
PC007004;DISCO DE FREIO REFORCADO ORIGINAL;FREIOS;32,0;398,73
PC007005;CILINDRO MESTRE LEVE REMANUFATURADO;FREIOS;22,0;338,5
PC007007;PARAFUSO DE RODA STD PARALELA A;RODAS_PNEUS;7,0;455,57
PC007008;RADIADOR COMPLETO STD PARALELA A;ARREFECIMENTO;173,0;358,36
PC007009;FILTRO DE OLEO CAMBIO PESADO PARALELA A;FILTROS;8,0;21,84
PC007011;RODA DE ACO ARO 22 STD ORIGINAL;RODAS_PNEUS;172,0;1192,38
PC007012;VIDRO LATERAL LEVE PARALELA B;CARROCERIA;13,0;443,58
PC007013;MANGOTE PNEUMATICO PESADO ORIGINAL;ARTICULACAO_5RODA;14,0;362,19
PC007014;PARA-BRISA PESADO PARALELA B;CARROCERIA;2,0;433,64
PC007015;AMORTECEDOR DIANTEIRO REFORCADO ORIGINAL;SUSPENSAO;3,0;862,8
PC007016;FILTRO DE COMBUSTIVEL  PARALELA A;FILTROS;16,0;117,58
PC007018;VALVULA TERMOSTATICA LEVE PARALELA B;ARREFECIMENTO;108,0;262,25
PC007019;CAMARA DE AR  ORIGINAL;RODAS_PNEUS;25,0;1086,26
PC007020;FEIXE DE MOLA REFORCADO PARALELA A;SUSPENSAO;18,0;608,1
PC007021;CORREIA DENTADA STD PARALELA B;MOTOR;28,0;3073,57
PC007022;ROLAMENTO DE RODA STD REMANUFATURADO;RODAS_PNEUS;6,0;1491,42
PC007023;SINCRONIZADOR STD REMANUFATURADO;TRANSMISSAO;2,0;263,55
PC007024;BOLSA DE AR SUSPENSAO STD ORIGINAL;SUSPENSAO;9,0;445,35
PC007025;MANGUEIRA DE FREIO AR LEVE ORIGINAL;FREIOS;21,0;209,2
PC007026;FILTRO SEPARADOR AGUA REFORCADO REMANUFATURADO;FILTROS;6,0;38,84
PC007027;LONA DE FREIO REFORCADO ORIGINAL;FREIOS;15,0;295,86
PC007028;CRUZETA CARDAN LEVE REMANUFATURADO;TRANSMISSAO;24,0;6961,03
PC007029;PARA-CHOQUE DIANTEIRO STD PARALELA B;CARROCERIA;18,0;615,05
PC007030;VALVULA DE FREIO STD PARALELA A;FREIOS;7,0;283,16
PC007031;FAROL DIANTEIRO LED LEVE PARALELA A;ELETRICA;6,0;1259,02
PC007033;AMORTECEDOR TRASEIRO PESADO PARALELA B;SUSPENSAO;42,0;753,08
PC007034;FILTRO DE CABINE PESADO PARALELA A;FILTROS;15,0;88,48
PC007035;ENGATE DE REBOQUE  PARALELA B;ARTICULACAO_5RODA;3,0;2445,83
PC007036;DISCO DE EMBREAGEM REFORCADO PARALELA A;TRANSMISSAO;11,0;4114,19
PC007038;BICO INJETOR PESADO ORIGINAL;MOTOR;4,0;3106,99
PC007039;BUCHA DE MOLA PESADO PARALELA A;SUSPENSAO;28,0;921,01
PC007040;VENTOINHA REFORCADO ORIGINAL;ARREFECIMENTO;9,0;241,92
PC007041;CAMISA DE CILINDRO LEVE ORIGINAL;MOTOR;6,0;4248,84
PC007042;BOMBA INJETORA PESADO ORIGINAL;MOTOR;4,0;4377,25
PC007043;TAMBOR DE FREIO REFORCADO ORIGINAL;FREIOS;97,0;207,95
PC007044;ROLAMENTO DE EMBREAGEM REFORCADO PARALELA A;TRANSMISSAO;9,0;1265,71
PC007045;PINO REI  ORIGINAL;ARTICULACAO_5RODA;4,0;1704,8
PC007047;VALVULA DE ADMISSAO REFORCADO REMANUFATURADO;MOTOR;3,0;1830,83
PC007048;PNEU RADIAL 295/80  PARALELA A;RODAS_PNEUS;77,0;1931,8
PC007049;MACANETA DE PORTA STD ORIGINAL;CARROCERIA;3,0;671,56
PC007050;CUBO DE RODA LEVE PARALELA A;RODAS_PNEUS;16,0;1488,84
PC007051;BOMBA D AGUA LEVE ORIGINAL;ARREFECIMENTO;65,0;181,28
PC007052;PASTILHA DE FREIO LEVE PARALELA A;FREIOS;12,0;126,22
PC007053;CAIXA DE CAMBIO COMPLETA LEVE PARALELA A;TRANSMISSAO;6,0;7622,99
PC007054;ALTERNADOR STD PARALELA A;ELETRICA;84,0;413,37
PC007055;LANTERNA TRASEIRA PESADO ORIGINAL;ELETRICA;9,0;659,72
PC007056;MOTOR DE PARTIDA STD ORIGINAL;ELETRICA;1,0;782,51
PC007057;JUNTA DE CABECOTE  ORIGINAL;MOTOR;60,0;270,49
PC007058;SENSOR ABS  PARALELA A;ELETRICA;17,0;1008,2
PC007059;RESERVATORIO EXPANSAO LEVE REMANUFATURADO;ARREFECIMENTO;3,0;571,33
PC007060;TURBO COMPRESSOR REFORCADO ORIGINAL;MOTOR;66,0;5129,82
PC007061;MANGUEIRA RADIADOR REFORCADO PARALELA B;ARREFECIMENTO;253,0;428,03
PC007062;PINO MESTRE  ORIGINAL;SUSPENSAO;12,0;823,18
PC007063;QUINTA RODA COMPLETA STD REMANUFATURADO;ARTICULACAO_5RODA;3,0;1005,57
PC007064;EIXO CARDAN REFORCADO ORIGINAL;TRANSMISSAO;33,0;823,75
PC007065;PLATO DE EMBREAGEM REFORCADO REMANUFATURADO;TRANSMISSAO;16,0;1889,67
PC007067;BATERIA 150AH REFORCADO ORIGINAL;ELETRICA;40,0;583,68
PC007068;DISCO DE FREIO REFORCADO ORIGINAL;FREIOS;8,0;305,51
PC007070;CHICOTE ELETRICO PESADO PARALELA B;ELETRICA;5,0;473,75
PC007071;PARAFUSO DE RODA  PARALELA B;RODAS_PNEUS;2,0;578,71
PC007072;RADIADOR COMPLETO LEVE ORIGINAL;ARREFECIMENTO;1,0;259,36
PC007073;FILTRO DE OLEO CAMBIO STD ORIGINAL;FILTROS;3,0;77,0
PC007074;ESPELHO RETROVISOR LEVE REMANUFATURADO;CARROCERIA;31,0;882,8
PC007075;RODA DE ACO ARO 22 STD PARALELA A;RODAS_PNEUS;4,0;921,86
PC007076;VIDRO LATERAL STD ORIGINAL;CARROCERIA;344,0;309,12
PC007077;MANGOTE PNEUMATICO STD PARALELA B;ARTICULACAO_5RODA;4,0;632,7
PC007078;PARA-BRISA  REMANUFATURADO;CARROCERIA;17,0;309,1
PC007079;AMORTECEDOR DIANTEIRO PESADO PARALELA A;SUSPENSAO;1,0;973,06
PC007081;FILTRO DE AR MOTOR REFORCADO PARALELA B;FILTROS;4,0;70,44
PC007082;VALVULA TERMOSTATICA  PARALELA B;ARREFECIMENTO;31,0;767,91
PC007083;CAMARA DE AR  PARALELA B;RODAS_PNEUS;24,0;575,02
PC007084;FEIXE DE MOLA LEVE ORIGINAL;SUSPENSAO;70,0;865,43
PC007086;ROLAMENTO DE RODA  ORIGINAL;RODAS_PNEUS;10,0;1080,83
PC007087;SINCRONIZADOR LEVE ORIGINAL;TRANSMISSAO;22,0;5292,51
PC007088;BOLSA DE AR SUSPENSAO LEVE ORIGINAL;SUSPENSAO;162,0;213,09
PC007089;MANGUEIRA DE FREIO AR PESADO PARALELA A;FREIOS;29,0;435,56
PC007090;FILTRO SEPARADOR AGUA PESADO PARALELA B;FILTROS;1,0;44,17
PC007091;LONA DE FREIO LEVE REMANUFATURADO;FREIOS;15,0;283,84
PC007092;CRUZETA CARDAN STD REMANUFATURADO;TRANSMISSAO;19,0;4535,97
PC007093;PARA-CHOQUE DIANTEIRO STD ORIGINAL;CARROCERIA;6,0;255,09
PC007094;VALVULA DE FREIO REFORCADO ORIGINAL;FREIOS;33,0;60,39
PC007095;FAROL DIANTEIRO LED REFORCADO ORIGINAL;ELETRICA;1,0;336,56
PC007096;BARRA ESTABILIZADORA REFORCADO ORIGINAL;SUSPENSAO;14,0;377,97
PC007097;AMORTECEDOR TRASEIRO REFORCADO REMANUFATURADO;SUSPENSAO;2,0;242,93
PC007098;FILTRO DE CABINE STD REMANUFATURADO;FILTROS;10,0;43,04
PC007099;ENGATE DE REBOQUE PESADO ORIGINAL;ARTICULACAO_5RODA;12,0;2849,47
PC007100;DISCO DE EMBREAGEM REFORCADO ORIGINAL;TRANSMISSAO;8,0;4727,54
PC007101;SAPATA DE FREIO PESADO REMANUFATURADO;FREIOS;105,0;275,31
PC007102;BICO INJETOR STD REMANUFATURADO;MOTOR;52,0;4417,06
PC007103;BUCHA DE MOLA LEVE ORIGINAL;SUSPENSAO;6,0;704,62
PC007104;VENTOINHA LEVE PARALELA A;ARREFECIMENTO;151,0;92,28
PC007105;CAMISA DE CILINDRO STD PARALELA A;MOTOR;20,0;5613,08
PC007106;BOMBA INJETORA STD ORIGINAL;MOTOR;307,0;667,4
PC007107;TAMBOR DE FREIO PESADO REMANUFATURADO;FREIOS;67,0;337,43
PC007108;ROLAMENTO DE EMBREAGEM STD REMANUFATURADO;TRANSMISSAO;15,0;2929,55
PC007109;PINO REI  ORIGINAL;ARTICULACAO_5RODA;2,0;1983,25
PC007110;PARA-LAMA LEVE PARALELA B;CARROCERIA;1,0;219,75
PC007112;PNEU RADIAL 295/80  PARALELA A;RODAS_PNEUS;1,0;1781,36
PC007113;MACANETA DE PORTA REFORCADO PARALELA B;CARROCERIA;16,0;227,79
PC007114;CUBO DE RODA REFORCADO ORIGINAL;RODAS_PNEUS;4,0;1360,75
PC007115;BOMBA D AGUA STD PARALELA A;ARREFECIMENTO;4,0;419,31
PC007116;PASTILHA DE FREIO STD ORIGINAL;FREIOS;13,0;95,01
PC007117;CAIXA DE CAMBIO COMPLETA STD ORIGINAL;TRANSMISSAO;67,0;4604,93
PC007118;ALTERNADOR  REMANUFATURADO;ELETRICA;15,0;956,42
PC007119;LANTERNA TRASEIRA STD ORIGINAL;ELETRICA;4,0;160,53
PC007120;MOTOR DE PARTIDA PESADO PARALELA A;ELETRICA;35,0;142,18
PC007121;JUNTA DE CABECOTE  PARALELA A;MOTOR;19,0;1314,42
PC007122;SENSOR ABS REFORCADO ORIGINAL;ELETRICA;1,0;426,78
PC007123;RESERVATORIO EXPANSAO LEVE PARALELA A;ARREFECIMENTO;19,0;730,26
PC007124;TURBO COMPRESSOR  ORIGINAL;MOTOR;21,0;2606,65
PC007125;MANGUEIRA RADIADOR REFORCADO ORIGINAL;ARREFECIMENTO;22,0;112,02
PC007126;PINO MESTRE LEVE ORIGINAL;SUSPENSAO;13,0;145,8
PC007127;QUINTA RODA COMPLETA PESADO PARALELA B;ARTICULACAO_5RODA;3,0;3129,2
PC007128;EIXO CARDAN STD ORIGINAL;TRANSMISSAO;17,0;4913,74
PC007129;PLATO DE EMBREAGEM PESADO PARALELA A;TRANSMISSAO;7,0;3706,59
PC007130;FILTRO DE OLEO MOTOR STD PARALELA A;MOTOR;6,0;4182,37
PC007131;BATERIA 150AH REFORCADO ORIGINAL;ELETRICA;11,0;327,15
PC007132;DISCO DE FREIO REFORCADO REMANUFATURADO;FREIOS;8,0;218,41
PC007133;CILINDRO MESTRE LEVE ORIGINAL;FREIOS;3,0;134,67
PC007134;CHICOTE ELETRICO STD PARALELA B;ELETRICA;36,0;979,12
PC007135;PARAFUSO DE RODA  PARALELA B;RODAS_PNEUS;16,0;605,3
PC007136;RADIADOR COMPLETO PESADO REMANUFATURADO;ARREFECIMENTO;43,0;254,04
PC007137;FILTRO DE OLEO CAMBIO  ORIGINAL;FILTROS;5,0;116,15
PC007139;RODA DE ACO ARO 22 PESADO PARALELA A;RODAS_PNEUS;26,0;723,25
PC007140;VIDRO LATERAL REFORCADO PARALELA A;CARROCERIA;16,0;781,59
PC007141;MANGOTE PNEUMATICO REFORCADO ORIGINAL;ARTICULACAO_5RODA;2,0;1429,28
PC007142;PARA-BRISA PESADO ORIGINAL;CARROCERIA;1,0;551,25
PC007143;AMORTECEDOR DIANTEIRO LEVE PARALELA A;SUSPENSAO;8,0;366,11
PC007144;FILTRO DE COMBUSTIVEL  PARALELA B;FILTROS;11,0;54,56
PC007145;FILTRO DE AR MOTOR PESADO PARALELA B;FILTROS;244,0;17,55
PC007146;VALVULA TERMOSTATICA  PARALELA B;ARREFECIMENTO;2,0;743,31
PC007148;FEIXE DE MOLA STD ORIGINAL;SUSPENSAO;2,0;684,15
PC007149;CORREIA DENTADA LEVE PARALELA A;MOTOR;86,0;3931,21
PC007150;ROLAMENTO DE RODA REFORCADO ORIGINAL;RODAS_PNEUS;29,0;1600,42
PC007151;SINCRONIZADOR PESADO PARALELA A;TRANSMISSAO;55,0;7426,86
PC007152;BOLSA DE AR SUSPENSAO  PARALELA A;SUSPENSAO;3,0;448,31
PC007153;MANGUEIRA DE FREIO AR STD ORIGINAL;FREIOS;221,0;305,01
PC007154;FILTRO SEPARADOR AGUA STD REMANUFATURADO;FILTROS;0,0;47,11
PC007155;LONA DE FREIO STD PARALELA B;FREIOS;2,0;66,59
PC007156;CRUZETA CARDAN REFORCADO PARALELA B;TRANSMISSAO;193,0;6074,24
PC007157;PARA-CHOQUE DIANTEIRO STD PARALELA A;CARROCERIA;35,0;639,23
PC007158;VALVULA DE FREIO STD ORIGINAL;FREIOS;1,0;89,31
PC007159;FAROL DIANTEIRO LED STD ORIGINAL;ELETRICA;2,0;1272,64
PC007161;AMORTECEDOR TRASEIRO PESADO ORIGINAL;SUSPENSAO;11,0;380,8
PC007162;FILTRO DE CABINE  REMANUFATURADO;FILTROS;1,0;104,92
PC007163;ENGATE DE REBOQUE  ORIGINAL;ARTICULACAO_5RODA;29,0;393,22
PC007164;DISCO DE EMBREAGEM PESADO ORIGINAL;TRANSMISSAO;22,0;3139,15
PC007165;SAPATA DE FREIO STD ORIGINAL;FREIOS;3,0;246,21
PC007166;BICO INJETOR LEVE REMANUFATURADO;MOTOR;5,0;850,52
PC007167;BUCHA DE MOLA LEVE PARALELA B;SUSPENSAO;1,0;842,18
PC007168;VENTOINHA  ORIGINAL;ARREFECIMENTO;32,0;1011,1
PC007169;CAMISA DE CILINDRO LEVE REMANUFATURADO;MOTOR;41,0;1638,38
PC007170;BOMBA INJETORA  PARALELA B;MOTOR;49,0;3314,64
PC007171;TAMBOR DE FREIO STD ORIGINAL;FREIOS;36,0;145,52
PC007172;ROLAMENTO DE EMBREAGEM  REMANUFATURADO;TRANSMISSAO;4,0;2186,14
PC007173;PINO REI PESADO PARALELA A;ARTICULACAO_5RODA;48,0;1213,88
PC007174;PARA-LAMA REFORCADO ORIGINAL;CARROCERIA;4,0;1169,76
PC007175;VALVULA DE ADMISSAO STD ORIGINAL;MOTOR;32,0;6032,98
PC007176;PNEU RADIAL 295/80 REFORCADO PARALELA B;RODAS_PNEUS;8,0;1158,81
PC007177;MACANETA DE PORTA LEVE ORIGINAL;CARROCERIA;16,0;1172,68
PC007178;CUBO DE RODA  PARALELA B;RODAS_PNEUS;8,0;213,32
PC007179;BOMBA D AGUA PESADO ORIGINAL;ARREFECIMENTO;3,0;160,31
PC007180;PASTILHA DE FREIO REFORCADO REMANUFATURADO;FREIOS;2,0;222,4
PC007181;CAIXA DE CAMBIO COMPLETA REFORCADO ORIGINAL;TRANSMISSAO;5,0;1043,82
PC007182;ALTERNADOR REFORCADO ORIGINAL;ELETRICA;42,0;826,28
PC007183;LANTERNA TRASEIRA LEVE PARALELA B;ELETRICA;6,0;241,82
PC007184;MOTOR DE PARTIDA REFORCADO PARALELA B;ELETRICA;4,0;543,92
PC007185;JUNTA DE CABECOTE LEVE REMANUFATURADO;MOTOR;12,0;2669,36
PC007186;SENSOR ABS  PARALELA A;ELETRICA;31,0;546,55
PC007187;RESERVATORIO EXPANSAO REFORCADO ORIGINAL;ARREFECIMENTO;10,0;933,22
PC007188;TURBO COMPRESSOR REFORCADO ORIGINAL;MOTOR;148,0;3220,39
PC007189;MANGUEIRA RADIADOR REFORCADO ORIGINAL;ARREFECIMENTO;1,0;368,19
PC007191;QUINTA RODA COMPLETA STD REMANUFATURADO;ARTICULACAO_5RODA;19,0;1275,42
PC007192;EIXO CARDAN  PARALELA A;TRANSMISSAO;8,0;3422,46
PC007193;PLATO DE EMBREAGEM LEVE REMANUFATURADO;TRANSMISSAO;25,0;3304,57
PC007194;FILTRO DE OLEO MOTOR STD PARALELA A;MOTOR;133,0;3873,37
PC007195;BATERIA 150AH LEVE PARALELA B;ELETRICA;32,0;96,04
PC007197;CILINDRO MESTRE STD REMANUFATURADO;FREIOS;8,0;198,12
PC007198;CHICOTE ELETRICO STD PARALELA B;ELETRICA;4,0;1123,6
PC007199;PARAFUSO DE RODA STD REMANUFATURADO;RODAS_PNEUS;58,0;216,6
PC007200;RADIADOR COMPLETO  PARALELA A;ARREFECIMENTO;3,0;533,34
PC007201;FILTRO DE OLEO CAMBIO PESADO ORIGINAL;FILTROS;10,0;93,36
PC007202;ESPELHO RETROVISOR LEVE ORIGINAL;CARROCERIA;153,0;794,11
PC007203;RODA DE ACO ARO 22  PARALELA A;RODAS_PNEUS;161,0;819,8
PC007204;VIDRO LATERAL REFORCADO ORIGINAL;CARROCERIA;1,0;300,68
PC007205;MANGOTE PNEUMATICO STD PARALELA B;ARTICULACAO_5RODA;14,0;890,16
PC007206;PARA-BRISA STD ORIGINAL;CARROCERIA;55,0;761,91
PC007207;AMORTECEDOR DIANTEIRO REFORCADO ORIGINAL;SUSPENSAO;1,0;636,5
PC007208;FILTRO DE COMBUSTIVEL STD ORIGINAL;FILTROS;5,0;50,82
PC007209;FILTRO DE AR MOTOR STD PARALELA B;FILTROS;15,0;70,28
PC007210;VALVULA TERMOSTATICA STD REMANUFATURADO;ARREFECIMENTO;58,0;512,59
PC007211;CAMARA DE AR REFORCADO ORIGINAL;RODAS_PNEUS;24,0;326,35
PC007212;FEIXE DE MOLA STD ORIGINAL;SUSPENSAO;53,0;928,48
PC007213;CORREIA DENTADA PESADO PARALELA A;MOTOR;6,0;2067,88
PC007214;ROLAMENTO DE RODA  ORIGINAL;RODAS_PNEUS;30,0;1356,43
PC007215;SINCRONIZADOR LEVE PARALELA A;TRANSMISSAO;8,0;3227,19
PC007216;BOLSA DE AR SUSPENSAO REFORCADO ORIGINAL;SUSPENSAO;9,0;868,95
PC007217;MANGUEIRA DE FREIO AR REFORCADO PARALELA A;FREIOS;9,0;306,11
PC007218;FILTRO SEPARADOR AGUA REFORCADO ORIGINAL;FILTROS;16,0;50,76
PC007219;LONA DE FREIO LEVE PARALELA B;FREIOS;51,0;94,78
PC007220;CRUZETA CARDAN LEVE PARALELA A;TRANSMISSAO;25,0;4277,59
PC007221;PARA-CHOQUE DIANTEIRO STD PARALELA A;CARROCERIA;71,0;562,3
PC007222;VALVULA DE FREIO STD PARALELA A;FREIOS;252,0;133,7
PC007223;FAROL DIANTEIRO LED LEVE PARALELA B;ELETRICA;0,0;985,03
PC007224;BARRA ESTABILIZADORA REFORCADO REMANUFATURADO;SUSPENSAO;8,0;154,67
PC007225;AMORTECEDOR TRASEIRO LEVE PARALELA B;SUSPENSAO;56,0;1018,06
PC007226;FILTRO DE CABINE  PARALELA B;FILTROS;0,0;29,3
PC007227;ENGATE DE REBOQUE STD ORIGINAL;ARTICULACAO_5RODA;0,0;2814,95
PC007228;DISCO DE EMBREAGEM LEVE PARALELA A;TRANSMISSAO;1,0;6903,97
PC007229;SAPATA DE FREIO LEVE PARALELA A;FREIOS;55,0;395,42
PC007230;BICO INJETOR  ORIGINAL;MOTOR;1,0;4582,03
PC007231;BUCHA DE MOLA LEVE ORIGINAL;SUSPENSAO;3,0;335,78
PC007232;VENTOINHA LEVE REMANUFATURADO;ARREFECIMENTO;15,0;813,84
PC007233;CAMISA DE CILINDRO STD ORIGINAL;MOTOR;5,0;1359,2
PC007234;BOMBA INJETORA LEVE PARALELA A;MOTOR;40,0;457,48
PC007235;TAMBOR DE FREIO  REMANUFATURADO;FREIOS;44,0;214,06
PC007236;ROLAMENTO DE EMBREAGEM PESADO ORIGINAL;TRANSMISSAO;8,0;3468,06
PC007237;PINO REI LEVE ORIGINAL;ARTICULACAO_5RODA;13,0;1359,66
PC007238;PARA-LAMA STD PARALELA B;CARROCERIA;23,0;239,54
PC007239;VALVULA DE ADMISSAO LEVE PARALELA A;MOTOR;9,0;2053,31
PC007240;PNEU RADIAL 295/80 LEVE ORIGINAL;RODAS_PNEUS;5,0;250,92
PC007241;MACANETA DE PORTA STD PARALELA B;CARROCERIA;23,0;851,34
PC007242;CUBO DE RODA REFORCADO PARALELA B;RODAS_PNEUS;8,0;138,94
PC007243;BOMBA D AGUA REFORCADO PARALELA A;ARREFECIMENTO;79,0;262,87
PC007244;PASTILHA DE FREIO STD ORIGINAL;FREIOS;7,0;111,53
PC007245;CAIXA DE CAMBIO COMPLETA PESADO ORIGINAL;TRANSMISSAO;68,0;958,87
PC007246;ALTERNADOR REFORCADO PARALELA A;ELETRICA;182,0;901,75
PC007247;LANTERNA TRASEIRA REFORCADO ORIGINAL;ELETRICA;13,0;394,74
PC007248;MOTOR DE PARTIDA  PARALELA A;ELETRICA;4,0;970,96
PC007249;JUNTA DE CABECOTE LEVE PARALELA A;MOTOR;8,0;5540,4
PC007250;SENSOR ABS LEVE PARALELA B;ELETRICA;10,0;823,14
PC007251;RESERVATORIO EXPANSAO STD PARALELA A;ARREFECIMENTO;5,0;63,64
PC007252;TURBO COMPRESSOR  PARALELA A;MOTOR;248,0;4652,82
PC007253;MANGUEIRA RADIADOR PESADO ORIGINAL;ARREFECIMENTO;2,0;754,12
PC007254;PINO MESTRE STD PARALELA A;SUSPENSAO;5,0;345,23
PC007255;QUINTA RODA COMPLETA LEVE PARALELA A;ARTICULACAO_5RODA;51,0;498,25
PC007256;EIXO CARDAN REFORCADO PARALELA B;TRANSMISSAO;2,0;2004,22
PC007257;PLATO DE EMBREAGEM REFORCADO PARALELA A;TRANSMISSAO;14,0;1278,54
PC007258;FILTRO DE OLEO MOTOR STD ORIGINAL;MOTOR;2,0;431,46
PC007259;BATERIA 150AH STD ORIGINAL;ELETRICA;2,0;890,19
PC007261;CILINDRO MESTRE  PARALELA B;FREIOS;39,0;181,45
PC007262;CHICOTE ELETRICO REFORCADO REMANUFATURADO;ELETRICA;15,0;513,88
PC007263;PARAFUSO DE RODA PESADO PARALELA B;RODAS_PNEUS;3,0;1348,74
PC007264;RADIADOR COMPLETO LEVE PARALELA A;ARREFECIMENTO;164,0;195,0
PC007265;FILTRO DE OLEO CAMBIO  ORIGINAL;FILTROS;18,0;90,18
PC007266;ESPELHO RETROVISOR  ORIGINAL;CARROCERIA;6,0;803,86
PC007267;RODA DE ACO ARO 22 STD PARALELA A;RODAS_PNEUS;16,0;144,88
PC007268;VIDRO LATERAL STD PARALELA B;CARROCERIA;3,0;556,57
PC007269;MANGOTE PNEUMATICO PESADO PARALELA B;ARTICULACAO_5RODA;5,0;1558,76
PC007270;PARA-BRISA STD REMANUFATURADO;CARROCERIA;8,0;547,2
PC007271;AMORTECEDOR DIANTEIRO LEVE PARALELA B;SUSPENSAO;40,0;216,89
PC007272;FILTRO DE COMBUSTIVEL REFORCADO ORIGINAL;FILTROS;7,0;46,43
PC007273;FILTRO DE AR MOTOR STD PARALELA B;FILTROS;6,0;50,33
PC007274;VALVULA TERMOSTATICA REFORCADO PARALELA B;ARREFECIMENTO;3,0;767,67
PC007275;CAMARA DE AR STD ORIGINAL;RODAS_PNEUS;11,0;906,56
PC007276;FEIXE DE MOLA LEVE ORIGINAL;SUSPENSAO;1,0;1237,43
PC007277;CORREIA DENTADA  PARALELA A;MOTOR;10,0;4552,06
PC007278;ROLAMENTO DE RODA  REMANUFATURADO;RODAS_PNEUS;3,0;499,54
PC007279;SINCRONIZADOR PESADO PARALELA A;TRANSMISSAO;81,0;472,26
PC007280;BOLSA DE AR SUSPENSAO PESADO PARALELA A;SUSPENSAO;6,0;150,09
PC007281;MANGUEIRA DE FREIO AR PESADO ORIGINAL;FREIOS;0,0;190,9
PC007282;FILTRO SEPARADOR AGUA PESADO ORIGINAL;FILTROS;1,0;58,91
PC007283;LONA DE FREIO REFORCADO PARALELA A;FREIOS;14,0;287,73
PC007284;CRUZETA CARDAN PESADO ORIGINAL;TRANSMISSAO;39,0;5463,63
PC007285;PARA-CHOQUE DIANTEIRO REFORCADO ORIGINAL;CARROCERIA;30,0;123,19
PC007286;VALVULA DE FREIO LEVE PARALELA B;FREIOS;89,0;188,85
PC007287;FAROL DIANTEIRO LED PESADO ORIGINAL;ELETRICA;4,0;1012,18
PC007288;BARRA ESTABILIZADORA  ORIGINAL;SUSPENSAO;2,0;272,31
PC007289;AMORTECEDOR TRASEIRO STD PARALELA B;SUSPENSAO;64,0;551,2
PC007290;FILTRO DE CABINE STD PARALELA A;FILTROS;27,0;66,93
PC007291;ENGATE DE REBOQUE REFORCADO PARALELA A;ARTICULACAO_5RODA;16,0;2413,7
PC007292;DISCO DE EMBREAGEM  PARALELA A;TRANSMISSAO;6,0;1760,69
PC007293;SAPATA DE FREIO REFORCADO REMANUFATURADO;FREIOS;17,0;147,46
PC007294;BICO INJETOR LEVE ORIGINAL;MOTOR;123,0;5140,49
PC007295;BUCHA DE MOLA REFORCADO REMANUFATURADO;SUSPENSAO;4,0;1015,17
PC007296;VENTOINHA LEVE ORIGINAL;ARREFECIMENTO;7,0;792,66
PC007297;CAMISA DE CILINDRO PESADO PARALELA A;MOTOR;0,0;4503,12
PC007298;BOMBA INJETORA PESADO PARALELA A;MOTOR;2,0;4149,3
PC007299;TAMBOR DE FREIO REFORCADO PARALELA A;FREIOS;13,0;134,61
PC007300;ROLAMENTO DE EMBREAGEM  PARALELA A;TRANSMISSAO;12,0;712,91
PC007301;PINO REI REFORCADO REMANUFATURADO;ARTICULACAO_5RODA;48,0;1432,31
PC007302;PARA-LAMA  ORIGINAL;CARROCERIA;5,0;624,79
PC007303;VALVULA DE ADMISSAO LEVE ORIGINAL;MOTOR;5,0;528,52
PC007304;PNEU RADIAL 295/80  PARALELA B;RODAS_PNEUS;25,0;1703,4
PC007305;MACANETA DE PORTA  PARALELA A;CARROCERIA;40,0;223,34
PC007306;CUBO DE RODA REFORCADO PARALELA A;RODAS_PNEUS;5,0;1003,9
PC007307;BOMBA D AGUA  ORIGINAL;ARREFECIMENTO;6,0;635,79
PC007308;PASTILHA DE FREIO  PARALELA A;FREIOS;31,0;256,16
PC007309;CAIXA DE CAMBIO COMPLETA LEVE PARALELA B;TRANSMISSAO;99,0;1179,4
PC007310;ALTERNADOR LEVE ORIGINAL;ELETRICA;17,0;271,44
PC007311;LANTERNA TRASEIRA STD PARALELA B;ELETRICA;38,0;789,54
PC007312;MOTOR DE PARTIDA PESADO PARALELA B;ELETRICA;15,0;680,83
PC007313;JUNTA DE CABECOTE LEVE PARALELA A;MOTOR;66,0;4071,78
PC007314;SENSOR ABS REFORCADO PARALELA A;ELETRICA;9,0;1005,32
PC007315;RESERVATORIO EXPANSAO STD ORIGINAL;ARREFECIMENTO;33,0;539,28
PC007316;TURBO COMPRESSOR REFORCADO REMANUFATURADO;MOTOR;2,0;5978,25
PC007317;MANGUEIRA RADIADOR STD ORIGINAL;ARREFECIMENTO;4,0;564,02
PC007318;PINO MESTRE STD ORIGINAL;SUSPENSAO;2,0;805,78
PC007319;QUINTA RODA COMPLETA  PARALELA B;ARTICULACAO_5RODA;3,0;1524,44
PC007320;EIXO CARDAN REFORCADO PARALELA A;TRANSMISSAO;26,0;1970,73
PC007321;PLATO DE EMBREAGEM LEVE ORIGINAL;TRANSMISSAO;55,0;2115,88
PC007322;FILTRO DE OLEO MOTOR LEVE PARALELA A;MOTOR;3,0;1303,9
PC007323;BATERIA 150AH REFORCADO PARALELA B;ELETRICA;18,0;130,02
PC007324;DISCO DE FREIO PESADO PARALELA A;FREIOS;22,0;133,26
PC007325;CILINDRO MESTRE PESADO PARALELA A;FREIOS;40,0;193,47
PC007327;PARAFUSO DE RODA LEVE ORIGINAL;RODAS_PNEUS;9,0;1951,78
PC007328;RADIADOR COMPLETO STD PARALELA A;ARREFECIMENTO;2,0;251,97
PC007329;FILTRO DE OLEO CAMBIO LEVE ORIGINAL;FILTROS;6,0;35,65
PC007330;ESPELHO RETROVISOR LEVE PARALELA A;CARROCERIA;35,0;548,14
PC007331;RODA DE ACO ARO 22 LEVE PARALELA A;RODAS_PNEUS;11,0;790,26
PC007332;VIDRO LATERAL PESADO REMANUFATURADO;CARROCERIA;9,0;711,36
PC007333;MANGOTE PNEUMATICO REFORCADO REMANUFATURADO;ARTICULACAO_5RODA;10,0;821,37
PC007334;PARA-BRISA REFORCADO ORIGINAL;CARROCERIA;1,0;71,86
PC007335;AMORTECEDOR DIANTEIRO STD PARALELA A;SUSPENSAO;8,0;547,25
PC007336;FILTRO DE COMBUSTIVEL  ORIGINAL;FILTROS;17,0;22,22
PC007337;FILTRO DE AR MOTOR PESADO ORIGINAL;FILTROS;3,0;30,32
PC007338;VALVULA TERMOSTATICA  PARALELA B;ARREFECIMENTO;5,0;613,03
PC007339;CAMARA DE AR LEVE ORIGINAL;RODAS_PNEUS;23,0;191,84
PC007340;FEIXE DE MOLA  ORIGINAL;SUSPENSAO;5,0;897,9
PC007341;CORREIA DENTADA LEVE REMANUFATURADO;MOTOR;11,0;2737,99
PC007342;ROLAMENTO DE RODA LEVE PARALELA B;RODAS_PNEUS;15,0;760,2
PC007343;SINCRONIZADOR PESADO PARALELA B;TRANSMISSAO;66,0;6539,91
PC007344;BOLSA DE AR SUSPENSAO PESADO ORIGINAL;SUSPENSAO;7,0;1073,67
PC007345;MANGUEIRA DE FREIO AR STD ORIGINAL;FREIOS;3,0;130,04
PC007346;FILTRO SEPARADOR AGUA PESADO PARALELA A;FILTROS;12,0;52,62
PC007347;LONA DE FREIO STD PARALELA A;FREIOS;3,0;125,98
PC007348;CRUZETA CARDAN STD PARALELA A;TRANSMISSAO;34,0;3005,44
PC007349;PARA-CHOQUE DIANTEIRO  PARALELA A;CARROCERIA;28,0;943,9
PC007350;VALVULA DE FREIO  ORIGINAL;FREIOS;43,0;250,97
PC007351;FAROL DIANTEIRO LED PESADO PARALELA A;ELETRICA;8,0;1242,48
PC007352;BARRA ESTABILIZADORA PESADO PARALELA A;SUSPENSAO;85,0;887,72
PC007353;AMORTECEDOR TRASEIRO REFORCADO PARALELA B;SUSPENSAO;6,0;263,26
PC007354;FILTRO DE CABINE REFORCADO PARALELA A;FILTROS;3,0;91,76
PC007355;ENGATE DE REBOQUE PESADO REMANUFATURADO;ARTICULACAO_5RODA;27,0;2682,22
PC007356;DISCO DE EMBREAGEM STD ORIGINAL;TRANSMISSAO;5,0;2540,83
PC007357;SAPATA DE FREIO REFORCADO PARALELA B;FREIOS;4,0;356,23
PC007358;BICO INJETOR PESADO PARALELA A;MOTOR;2,0;1614,04
PC007359;BUCHA DE MOLA REFORCADO ORIGINAL;SUSPENSAO;1,0;373,69
PC007360;VENTOINHA STD ORIGINAL;ARREFECIMENTO;29,0;59,0
PC007361;CAMISA DE CILINDRO STD PARALELA A;MOTOR;76,0;592,02
PC007362;BOMBA INJETORA LEVE PARALELA A;MOTOR;21,0;754,24
PC007363;TAMBOR DE FREIO REFORCADO ORIGINAL;FREIOS;9,0;143,7
PC007364;ROLAMENTO DE EMBREAGEM  PARALELA B;TRANSMISSAO;16,0;1110,08
PC007365;PINO REI LEVE PARALELA A;ARTICULACAO_5RODA;14,0;1393,2
PC007366;PARA-LAMA STD ORIGINAL;CARROCERIA;8,0;937,02
PC007367;VALVULA DE ADMISSAO STD PARALELA A;MOTOR;15,0;1017,96
PC007368;PNEU RADIAL 295/80 LEVE PARALELA B;RODAS_PNEUS;2,0;1638,41
PC007369;MACANETA DE PORTA  ORIGINAL;CARROCERIA;5,0;699,65
PC007370;CUBO DE RODA REFORCADO ORIGINAL;RODAS_PNEUS;1,0;1183,43
PC007371;BOMBA D AGUA  ORIGINAL;ARREFECIMENTO;0,0;480,49
PC007372;PASTILHA DE FREIO  PARALELA B;FREIOS;23,0;279,17
PC007373;CAIXA DE CAMBIO COMPLETA REFORCADO ORIGINAL;TRANSMISSAO;35,0;2511,26
PC007374;ALTERNADOR PESADO PARALELA A;ELETRICA;3,0;918,68
PC007375;LANTERNA TRASEIRA  PARALELA A;ELETRICA;55,0;1414,22
PC007376;MOTOR DE PARTIDA LEVE ORIGINAL;ELETRICA;14,0;380,32
PC007377;JUNTA DE CABECOTE LEVE PARALELA A;MOTOR;66,0;239,66
PC007378;SENSOR ABS LEVE PARALELA B;ELETRICA;261,0;1280,72
PC007379;RESERVATORIO EXPANSAO PESADO PARALELA A;ARREFECIMENTO;72,0;563,73
PC007380;TURBO COMPRESSOR REFORCADO PARALELA A;MOTOR;2,0;5243,3
PC007381;MANGUEIRA RADIADOR  ORIGINAL;ARREFECIMENTO;12,0;265,44
PC007382;PINO MESTRE  PARALELA B;SUSPENSAO;6,0;733,46
PC007383;QUINTA RODA COMPLETA LEVE PARALELA A;ARTICULACAO_5RODA;1,0;1399,5
PC007384;EIXO CARDAN  REMANUFATURADO;TRANSMISSAO;8,0;4940,63
PC007385;PLATO DE EMBREAGEM PESADO PARALELA A;TRANSMISSAO;15,0;1560,25
PC007386;FILTRO DE OLEO MOTOR STD ORIGINAL;MOTOR;3,0;1310,9
PC007387;BATERIA 150AH LEVE PARALELA A;ELETRICA;127,0;275,25
PC007388;DISCO DE FREIO REFORCADO ORIGINAL;FREIOS;214,0;138,47
PC007389;CILINDRO MESTRE REFORCADO ORIGINAL;FREIOS;3,0;231,03
PC007390;CHICOTE ELETRICO REFORCADO PARALELA B;ELETRICA;17,0;865,84
PC007391;PARAFUSO DE RODA  ORIGINAL;RODAS_PNEUS;47,0;802,05
PC007392;RADIADOR COMPLETO LEVE PARALELA A;ARREFECIMENTO;156,0;85,57
PC007393;FILTRO DE OLEO CAMBIO PESADO PARALELA A;FILTROS;1,0;29,4
PC007394;ESPELHO RETROVISOR STD ORIGINAL;CARROCERIA;9,0;381,87
PC007395;RODA DE ACO ARO 22 REFORCADO ORIGINAL;RODAS_PNEUS;112,0;922,63
PC007396;VIDRO LATERAL STD PARALELA B;CARROCERIA;50,0;79,74
PC007397;MANGOTE PNEUMATICO LEVE PARALELA B;ARTICULACAO_5RODA;9,0;1038,36
PC007398;PARA-BRISA STD PARALELA B;CARROCERIA;8,0;1039,52
PC007399;AMORTECEDOR DIANTEIRO  ORIGINAL;SUSPENSAO;12,0;819,75
PC007400;FILTRO DE COMBUSTIVEL REFORCADO PARALELA A;FILTROS;4,0;104,87
PC007401;FILTRO DE AR MOTOR STD PARALELA B;FILTROS;5,0;37,95
PC007402;VALVULA TERMOSTATICA REFORCADO PARALELA A;ARREFECIMENTO;8,0;350,11
PC007403;CAMARA DE AR STD ORIGINAL;RODAS_PNEUS;1,0;205,98
PC007404;FEIXE DE MOLA REFORCADO ORIGINAL;SUSPENSAO;46,0;948,23
PC007405;CORREIA DENTADA REFORCADO ORIGINAL;MOTOR;14,0;4538,67
PC007406;ROLAMENTO DE RODA PESADO PARALELA A;RODAS_PNEUS;8,0;675,16
PC007407;SINCRONIZADOR REFORCADO PARALELA A;TRANSMISSAO;8,0;7849,73
PC007408;BOLSA DE AR SUSPENSAO REFORCADO ORIGINAL;SUSPENSAO;48,0;369,63
PC007409;MANGUEIRA DE FREIO AR  ORIGINAL;FREIOS;3,0;92,12
PC007410;FILTRO SEPARADOR AGUA LEVE REMANUFATURADO;FILTROS;16,0;81,27
PC007411;LONA DE FREIO  REMANUFATURADO;FREIOS;41,0;250,37
PC007412;CRUZETA CARDAN STD PARALELA A;TRANSMISSAO;20,0;297,86
PC007413;PARA-CHOQUE DIANTEIRO PESADO PARALELA A;CARROCERIA;1,0;522,2
PC007414;VALVULA DE FREIO REFORCADO ORIGINAL;FREIOS;0,0;110,76
PC007415;FAROL DIANTEIRO LED PESADO PARALELA A;ELETRICA;6,0;210,47
PC007416;BARRA ESTABILIZADORA REFORCADO ORIGINAL;SUSPENSAO;134,0;640,33
PC007417;AMORTECEDOR TRASEIRO  REMANUFATURADO;SUSPENSAO;8,0;1133,64
PC007418;FILTRO DE CABINE  PARALELA A;FILTROS;1,0;60,31
PC007419;ENGATE DE REBOQUE  ORIGINAL;ARTICULACAO_5RODA;19,0;1352,59
PC007420;DISCO DE EMBREAGEM PESADO ORIGINAL;TRANSMISSAO;12,0;2005,81
PC007421;SAPATA DE FREIO  ORIGINAL;FREIOS;73,0;164,12
PC007422;BICO INJETOR  PARALELA B;MOTOR;422,0;638,42
PC007423;BUCHA DE MOLA STD ORIGINAL;SUSPENSAO;17,0;823,21
PC007424;VENTOINHA REFORCADO PARALELA A;ARREFECIMENTO;40,0;527,96
PC007425;CAMISA DE CILINDRO LEVE PARALELA B;MOTOR;1,0;4049,5
PC007427;TAMBOR DE FREIO STD ORIGINAL;FREIOS;14,0;288,36
PC007428;ROLAMENTO DE EMBREAGEM STD REMANUFATURADO;TRANSMISSAO;34,0;7231,0
PC007429;PINO REI STD ORIGINAL;ARTICULACAO_5RODA;1,0;739,82
PC007430;PARA-LAMA  ORIGINAL;CARROCERIA;38,0;454,83
PC007431;VALVULA DE ADMISSAO REFORCADO ORIGINAL;MOTOR;12,0;1516,67
PC007432;PNEU RADIAL 295/80 REFORCADO PARALELA B;RODAS_PNEUS;67,0;692,56
PC007433;MACANETA DE PORTA REFORCADO REMANUFATURADO;CARROCERIA;7,0;268,67
PC007434;CUBO DE RODA PESADO PARALELA A;RODAS_PNEUS;1,0;733,82
PC007436;PASTILHA DE FREIO PESADO PARALELA B;FREIOS;6,0;273,58
PC007437;CAIXA DE CAMBIO COMPLETA LEVE ORIGINAL;TRANSMISSAO;4,0;6176,62
PC007438;ALTERNADOR REFORCADO ORIGINAL;ELETRICA;102,0;814,38
PC007439;LANTERNA TRASEIRA REFORCADO ORIGINAL;ELETRICA;6,0;989,51
PC007441;JUNTA DE CABECOTE  ORIGINAL;MOTOR;42,0;278,33
PC007442;SENSOR ABS REFORCADO ORIGINAL;ELETRICA;14,0;1034,28
PC007443;RESERVATORIO EXPANSAO LEVE PARALELA B;ARREFECIMENTO;34,0;376,06
PC007444;TURBO COMPRESSOR  PARALELA A;MOTOR;18,0;3874,27
PC007445;MANGUEIRA RADIADOR REFORCADO PARALELA B;ARREFECIMENTO;2,0;206,36
PC007446;PINO MESTRE  PARALELA A;SUSPENSAO;36,0;914,29
PC007447;QUINTA RODA COMPLETA LEVE PARALELA B;ARTICULACAO_5RODA;32,0;925,93
PC007448;EIXO CARDAN REFORCADO REMANUFATURADO;TRANSMISSAO;1,0;2049,22
PC007449;PLATO DE EMBREAGEM LEVE ORIGINAL;TRANSMISSAO;9,0;5616,79
PC007450;FILTRO DE OLEO MOTOR STD PARALELA B;MOTOR;19,0;3926,39
PC007451;BATERIA 150AH  REMANUFATURADO;ELETRICA;12,0;508,67
PC007452;DISCO DE FREIO REFORCADO PARALELA B;FREIOS;3,0;309,28
PC007453;CILINDRO MESTRE STD REMANUFATURADO;FREIOS;8,0;376,33
PC007454;CHICOTE ELETRICO REFORCADO ORIGINAL;ELETRICA;9,0;400,19
PC007455;PARAFUSO DE RODA REFORCADO PARALELA A;RODAS_PNEUS;4,0;390,29
PC007456;RADIADOR COMPLETO STD ORIGINAL;ARREFECIMENTO;31,0;110,94
PC007457;FILTRO DE OLEO CAMBIO PESADO PARALELA B;FILTROS;21,0;25,07
PC007458;ESPELHO RETROVISOR PESADO ORIGINAL;CARROCERIA;49,0;86,38
PC007459;RODA DE ACO ARO 22 STD REMANUFATURADO;RODAS_PNEUS;203,0;1131,1
PC007460;VIDRO LATERAL REFORCADO PARALELA B;CARROCERIA;44,0;222,46
PC007461;MANGOTE PNEUMATICO STD PARALELA A;ARTICULACAO_5RODA;26,0;2615,36
PC007462;PARA-BRISA LEVE PARALELA A;CARROCERIA;49,0;647,69
PC007463;AMORTECEDOR DIANTEIRO REFORCADO ORIGINAL;SUSPENSAO;20,0;1067,04
PC007464;FILTRO DE COMBUSTIVEL PESADO PARALELA A;FILTROS;2,0;74,82
PC007465;FILTRO DE AR MOTOR LEVE PARALELA B;FILTROS;7,0;66,62
PC007467;CAMARA DE AR LEVE PARALELA A;RODAS_PNEUS;8,0;471,9
PC007468;FEIXE DE MOLA LEVE PARALELA B;SUSPENSAO;7,0;137,31
PC007469;CORREIA DENTADA  PARALELA A;MOTOR;64,0;1324,65
PC007470;ROLAMENTO DE RODA PESADO ORIGINAL;RODAS_PNEUS;12,0;1718,21
PC007471;SINCRONIZADOR REFORCADO PARALELA A;TRANSMISSAO;7,0;4693,04
PC007472;BOLSA DE AR SUSPENSAO STD ORIGINAL;SUSPENSAO;10,0;968,1
PC007473;MANGUEIRA DE FREIO AR STD REMANUFATURADO;FREIOS;12,0;95,19
PC007474;FILTRO SEPARADOR AGUA REFORCADO ORIGINAL;FILTROS;30,0;82,58
PC007475;LONA DE FREIO  ORIGINAL;FREIOS;10,0;352,13
PC007477;PARA-CHOQUE DIANTEIRO PESADO ORIGINAL;CARROCERIA;46,0;170,65
PC007478;VALVULA DE FREIO STD PARALELA B;FREIOS;34,0;327,31
PC007479;FAROL DIANTEIRO LED  ORIGINAL;ELETRICA;18,0;107,07
PC007480;BARRA ESTABILIZADORA STD PARALELA A;SUSPENSAO;1,0;886,76
PC007482;FILTRO DE CABINE  PARALELA A;FILTROS;2,0;54,55
PC007483;ENGATE DE REBOQUE STD PARALELA B;ARTICULACAO_5RODA;11,0;662,02
PC007484;DISCO DE EMBREAGEM PESADO PARALELA B;TRANSMISSAO;99,0;3003,48
PC007485;SAPATA DE FREIO LEVE PARALELA A;FREIOS;1,0;152,0
PC007486;BICO INJETOR  PARALELA A;MOTOR;4,0;2701,36
PC007487;BUCHA DE MOLA STD REMANUFATURADO;SUSPENSAO;16,0;904,36
PC007488;VENTOINHA STD ORIGINAL;ARREFECIMENTO;5,0;368,75
PC007489;CAMISA DE CILINDRO  PARALELA A;MOTOR;6,0;3641,52
PC007490;BOMBA INJETORA LEVE REMANUFATURADO;MOTOR;10,0;4398,09
PC007491;TAMBOR DE FREIO STD PARALELA A;FREIOS;26,0;99,82
PC007492;ROLAMENTO DE EMBREAGEM  ORIGINAL;TRANSMISSAO;30,0;5069,26
PC007493;PINO REI  ORIGINAL;ARTICULACAO_5RODA;455,0;956,42
PC007494;PARA-LAMA STD ORIGINAL;CARROCERIA;16,0;253,39
PC007495;VALVULA DE ADMISSAO LEVE ORIGINAL;MOTOR;3,0;5201,49
PC007496;PNEU RADIAL 295/80 PESADO PARALELA B;RODAS_PNEUS;3,0;456,66
PC007497;MACANETA DE PORTA LEVE ORIGINAL;CARROCERIA;5,0;260,78
PC007498;CUBO DE RODA PESADO REMANUFATURADO;RODAS_PNEUS;71,0;1380,32
PC007499;BOMBA D AGUA  ORIGINAL;ARREFECIMENTO;1,0;199,05
PC007500;PASTILHA DE FREIO REFORCADO REMANUFATURADO;FREIOS;111,0;235,38
PC007501;CAIXA DE CAMBIO COMPLETA REFORCADO PARALELA A;TRANSMISSAO;12,0;3292,76
PC007502;ALTERNADOR STD PARALELA A;ELETRICA;8,0;61,96
PC007503;LANTERNA TRASEIRA PESADO PARALELA B;ELETRICA;10,0;210,23
PC007504;MOTOR DE PARTIDA STD PARALELA B;ELETRICA;2,0;461,21
PC007505;JUNTA DE CABECOTE PESADO PARALELA B;MOTOR;104,0;4861,79
PC007506;SENSOR ABS PESADO PARALELA A;ELETRICA;5,0;520,24
PC007507;RESERVATORIO EXPANSAO LEVE ORIGINAL;ARREFECIMENTO;60,0;159,51
PC007508;TURBO COMPRESSOR PESADO ORIGINAL;MOTOR;38,0;4401,47
PC007509;MANGUEIRA RADIADOR  PARALELA A;ARREFECIMENTO;5,0;547,04
PC007510;PINO MESTRE LEVE PARALELA A;SUSPENSAO;7,0;322,13
PC007511;QUINTA RODA COMPLETA PESADO PARALELA B;ARTICULACAO_5RODA;37,0;1013,44
PC007512;EIXO CARDAN  ORIGINAL;TRANSMISSAO;1,0;2035,22
PC007513;PLATO DE EMBREAGEM LEVE ORIGINAL;TRANSMISSAO;120,0;3351,0
PC007514;FILTRO DE OLEO MOTOR LEVE PARALELA A;MOTOR;13,0;3035,91
PC007515;BATERIA 150AH  ORIGINAL;ELETRICA;15,0;109,67
PC007516;DISCO DE FREIO REFORCADO PARALELA A;FREIOS;279,0;156,05
PC007517;CILINDRO MESTRE  PARALELA A;FREIOS;8,0;157,71
PC007518;CHICOTE ELETRICO STD ORIGINAL;ELETRICA;67,0;782,76
PC007519;PARAFUSO DE RODA STD PARALELA A;RODAS_PNEUS;1,0;422,57
PC007520;RADIADOR COMPLETO STD ORIGINAL;ARREFECIMENTO;3,0;176,09
PC007521;FILTRO DE OLEO CAMBIO REFORCADO ORIGINAL;FILTROS;8,0;69,12
PC007522;ESPELHO RETROVISOR STD PARALELA B;CARROCERIA;12,0;256,52
PC007523;RODA DE ACO ARO 22 LEVE ORIGINAL;RODAS_PNEUS;57,0;1193,08
PC007524;VIDRO LATERAL STD REMANUFATURADO;CARROCERIA;38,0;653,16
PC007525;MANGOTE PNEUMATICO LEVE PARALELA A;ARTICULACAO_5RODA;38,0;829,53
PC007526;PARA-BRISA STD ORIGINAL;CARROCERIA;2,0;172,38
PC007527;AMORTECEDOR DIANTEIRO LEVE PARALELA A;SUSPENSAO;4,0;546,21
PC007528;FILTRO DE COMBUSTIVEL PESADO ORIGINAL;FILTROS;55,0;20,71
PC007529;FILTRO DE AR MOTOR STD PARALELA A;FILTROS;48,0;67,67
PC007530;VALVULA TERMOSTATICA STD PARALELA A;ARREFECIMENTO;2,0;66,7
PC007531;CAMARA DE AR LEVE PARALELA A;RODAS_PNEUS;5,0;631,92
PC007532;FEIXE DE MOLA REFORCADO PARALELA B;SUSPENSAO;122,0;1038,6
PC007533;CORREIA DENTADA  ORIGINAL;MOTOR;82,0;2515,25
PC007534;ROLAMENTO DE RODA REFORCADO ORIGINAL;RODAS_PNEUS;11,0;1494,63
PC007535;SINCRONIZADOR STD REMANUFATURADO;TRANSMISSAO;29,0;3436,81
PC007536;BOLSA DE AR SUSPENSAO  ORIGINAL;SUSPENSAO;36,0;191,33
PC007537;MANGUEIRA DE FREIO AR STD REMANUFATURADO;FREIOS;1,0;233,13
PC007538;FILTRO SEPARADOR AGUA PESADO ORIGINAL;FILTROS;38,0;57,22
PC007539;LONA DE FREIO PESADO REMANUFATURADO;FREIOS;8,0;131,61
PC007540;CRUZETA CARDAN REFORCADO REMANUFATURADO;TRANSMISSAO;37,0;3502,93
PC007541;PARA-CHOQUE DIANTEIRO LEVE ORIGINAL;CARROCERIA;2,0;78,3
PC007542;VALVULA DE FREIO  PARALELA B;FREIOS;3,0;210,49
PC007543;FAROL DIANTEIRO LED  PARALELA A;ELETRICA;53,0;729,77
PC007544;BARRA ESTABILIZADORA  ORIGINAL;SUSPENSAO;18,0;1017,13
PC007545;AMORTECEDOR TRASEIRO REFORCADO REMANUFATURADO;SUSPENSAO;19,0;452,27
PC007546;FILTRO DE CABINE STD ORIGINAL;FILTROS;6,0;106,25
PC007547;ENGATE DE REBOQUE LEVE REMANUFATURADO;ARTICULACAO_5RODA;57,0;1487,5
PC007548;DISCO DE EMBREAGEM PESADO PARALELA A;TRANSMISSAO;13,0;1810,8
PC007549;SAPATA DE FREIO REFORCADO REMANUFATURADO;FREIOS;10,0;189,99
PC007550;BICO INJETOR PESADO ORIGINAL;MOTOR;7,0;4379,26
PC007551;BUCHA DE MOLA  ORIGINAL;SUSPENSAO;121,0;921,58
PC007552;VENTOINHA LEVE ORIGINAL;ARREFECIMENTO;6,0;486,26
PC007553;CAMISA DE CILINDRO  REMANUFATURADO;MOTOR;57,0;737,78
PC007554;BOMBA INJETORA LEVE ORIGINAL;MOTOR;38,0;2749,87
PC007555;TAMBOR DE FREIO LEVE ORIGINAL;FREIOS;2,0;104,56
PC007556;ROLAMENTO DE EMBREAGEM LEVE REMANUFATURADO;TRANSMISSAO;3,0;4893,77
PC007557;PINO REI LEVE ORIGINAL;ARTICULACAO_5RODA;2,0;1560,75
PC007558;PARA-LAMA STD ORIGINAL;CARROCERIA;4,0;287,35
PC007559;VALVULA DE ADMISSAO LEVE PARALELA B;MOTOR;2,0;4278,75
PC007560;PNEU RADIAL 295/80  ORIGINAL;RODAS_PNEUS;29,0;664,52
PC007561;MACANETA DE PORTA PESADO ORIGINAL;CARROCERIA;6,0;475,05
PC007562;CUBO DE RODA  PARALELA B;RODAS_PNEUS;99,0;1212,38
PC007563;BOMBA D AGUA STD ORIGINAL;ARREFECIMENTO;27,0;563,62
PC007564;PASTILHA DE FREIO PESADO PARALELA B;FREIOS;14,0;85,59
PC007565;CAIXA DE CAMBIO COMPLETA PESADO PARALELA A;TRANSMISSAO;5,0;4350,77
PC007566;ALTERNADOR PESADO PARALELA A;ELETRICA;27,0;1266,46
PC007567;LANTERNA TRASEIRA LEVE REMANUFATURADO;ELETRICA;19,0;269,07
PC007568;MOTOR DE PARTIDA REFORCADO PARALELA A;ELETRICA;17,0;598,71
PC007569;JUNTA DE CABECOTE  PARALELA A;MOTOR;5,0;3875,67
PC007570;SENSOR ABS LEVE PARALELA B;ELETRICA;17,0;152,72
PC007571;RESERVATORIO EXPANSAO  ORIGINAL;ARREFECIMENTO;4,0;337,17
PC007572;TURBO COMPRESSOR PESADO ORIGINAL;MOTOR;8,0;2979,23
PC007573;MANGUEIRA RADIADOR LEVE REMANUFATURADO;ARREFECIMENTO;3,0;160,38
PC007574;PINO MESTRE LEVE PARALELA B;SUSPENSAO;42,0;929,58
PC007575;QUINTA RODA COMPLETA REFORCADO PARALELA A;ARTICULACAO_5RODA;2,0;1155,17
PC007577;PLATO DE EMBREAGEM LEVE ORIGINAL;TRANSMISSAO;3,0;5302,09
PC007578;FILTRO DE OLEO MOTOR STD ORIGINAL;MOTOR;8,0;4793,61
PC007579;BATERIA 150AH LEVE REMANUFATURADO;ELETRICA;1,0;45,12
PC007580;DISCO DE FREIO REFORCADO PARALELA A;FREIOS;23,0;164,16
PC007581;CILINDRO MESTRE  PARALELA A;FREIOS;17,0;50,66
PC007582;CHICOTE ELETRICO LEVE REMANUFATURADO;ELETRICA;15,0;941,92
PC007583;PARAFUSO DE RODA PESADO REMANUFATURADO;RODAS_PNEUS;7,0;1166,49
PC007584;RADIADOR COMPLETO STD ORIGINAL;ARREFECIMENTO;6,0;570,06
PC007585;FILTRO DE OLEO CAMBIO LEVE REMANUFATURADO;FILTROS;17,0;58,34
PC007586;ESPELHO RETROVISOR PESADO ORIGINAL;CARROCERIA;6,0;987,76
PC007587;RODA DE ACO ARO 22  REMANUFATURADO;RODAS_PNEUS;4,0;410,49
PC007588;VIDRO LATERAL STD PARALELA A;CARROCERIA;12,0;396,24
PC007589;MANGOTE PNEUMATICO  ORIGINAL;ARTICULACAO_5RODA;4,0;2426,03
PC007590;PARA-BRISA REFORCADO PARALELA A;CARROCERIA;2,0;480,73
PC007591;AMORTECEDOR DIANTEIRO LEVE PARALELA B;SUSPENSAO;15,0;1049,15
PC007592;FILTRO DE COMBUSTIVEL REFORCADO PARALELA B;FILTROS;70,0;66,63
PC007593;FILTRO DE AR MOTOR PESADO REMANUFATURADO;FILTROS;154,0;89,24
PC007594;VALVULA TERMOSTATICA REFORCADO PARALELA A;ARREFECIMENTO;1,0;578,68
PC007595;CAMARA DE AR  PARALELA B;RODAS_PNEUS;61,0;943,59
PC007596;FEIXE DE MOLA REFORCADO ORIGINAL;SUSPENSAO;45,0;341,75
PC007597;CORREIA DENTADA  PARALELA A;MOTOR;2,0;2187,2
PC007598;ROLAMENTO DE RODA  PARALELA A;RODAS_PNEUS;0,0;614,68
PC007599;SINCRONIZADOR REFORCADO PARALELA A;TRANSMISSAO;6,0;1715,07
PC007600;BOLSA DE AR SUSPENSAO  ORIGINAL;SUSPENSAO;1,0;822,96
PC007601;MANGUEIRA DE FREIO AR STD PARALELA B;FREIOS;3,0;239,09
PC007602;FILTRO SEPARADOR AGUA LEVE ORIGINAL;FILTROS;15,0;44,51
PC007603;LONA DE FREIO REFORCADO ORIGINAL;FREIOS;25,0;161,28
PC007604;CRUZETA CARDAN PESADO ORIGINAL;TRANSMISSAO;15,0;3184,84
PC007605;PARA-CHOQUE DIANTEIRO REFORCADO PARALELA B;CARROCERIA;4,0;758,29
PC007606;VALVULA DE FREIO REFORCADO ORIGINAL;FREIOS;17,0;182,07
PC007607;FAROL DIANTEIRO LED PESADO ORIGINAL;ELETRICA;364,0;889,18
PC007608;BARRA ESTABILIZADORA STD PARALELA B;SUSPENSAO;4,0;266,19
PC007609;AMORTECEDOR TRASEIRO PESADO PARALELA A;SUSPENSAO;2,0;425,14
PC007610;FILTRO DE CABINE REFORCADO REMANUFATURADO;FILTROS;2,0;90,73
PC007611;ENGATE DE REBOQUE STD ORIGINAL;ARTICULACAO_5RODA;5,0;2713,35
PC007612;DISCO DE EMBREAGEM STD REMANUFATURADO;TRANSMISSAO;1,0;3264,79
PC007613;SAPATA DE FREIO PESADO PARALELA A;FREIOS;5,0;352,3
PC007614;BICO INJETOR PESADO REMANUFATURADO;MOTOR;116,0;4480,53
PC007615;BUCHA DE MOLA REFORCADO ORIGINAL;SUSPENSAO;8,0;1066,12
PC007617;CAMISA DE CILINDRO LEVE ORIGINAL;MOTOR;3,0;1223,35
PC007618;BOMBA INJETORA LEVE PARALELA B;MOTOR;10,0;2674,03
PC007619;TAMBOR DE FREIO LEVE PARALELA A;FREIOS;2,0;165,2
PC007620;ROLAMENTO DE EMBREAGEM STD ORIGINAL;TRANSMISSAO;44,0;466,01
PC007621;PINO REI REFORCADO PARALELA B;ARTICULACAO_5RODA;46,0;2615,79
PC007622;PARA-LAMA PESADO PARALELA A;CARROCERIA;5,0;1009,9
PC007623;VALVULA DE ADMISSAO PESADO ORIGINAL;MOTOR;51,0;6046,77
PC007624;PNEU RADIAL 295/80 LEVE ORIGINAL;RODAS_PNEUS;26,0;317,31
PC007625;MACANETA DE PORTA REFORCADO ORIGINAL;CARROCERIA;8,0;821,92
PC007626;CUBO DE RODA LEVE PARALELA B;RODAS_PNEUS;19,0;1338,79
PC007627;BOMBA D AGUA  REMANUFATURADO;ARREFECIMENTO;19,0;458,85
PC007628;PASTILHA DE FREIO REFORCADO REMANUFATURADO;FREIOS;1,0;282,96
PC007629;CAIXA DE CAMBIO COMPLETA REFORCADO ORIGINAL;TRANSMISSAO;14,0;3627,52
PC007630;ALTERNADOR STD PARALELA B;ELETRICA;12,0;653,04
PC007631;LANTERNA TRASEIRA STD PARALELA A;ELETRICA;15,0;477,17
PC007632;MOTOR DE PARTIDA STD ORIGINAL;ELETRICA;41,0;307,18
PC007633;JUNTA DE CABECOTE REFORCADO ORIGINAL;MOTOR;111,0;5078,92
PC007634;SENSOR ABS LEVE PARALELA A;ELETRICA;77,0;769,02
PC007635;RESERVATORIO EXPANSAO STD ORIGINAL;ARREFECIMENTO;6,0;407,17
PC007636;TURBO COMPRESSOR PESADO ORIGINAL;MOTOR;3,0;4446,7
PC007638;PINO MESTRE LEVE PARALELA B;SUSPENSAO;23,0;823,62
PC007639;QUINTA RODA COMPLETA LEVE PARALELA A;ARTICULACAO_5RODA;29,0;1132,99
PC007640;EIXO CARDAN STD PARALELA A;TRANSMISSAO;39,0;958,02
PC007641;PLATO DE EMBREAGEM STD ORIGINAL;TRANSMISSAO;3,0;3228,07
PC007642;FILTRO DE OLEO MOTOR PESADO PARALELA B;MOTOR;8,0;1527,63
PC007643;BATERIA 150AH LEVE PARALELA B;ELETRICA;252,0;523,96
PC007644;DISCO DE FREIO STD PARALELA A;FREIOS;1,0;94,19
PC007645;CILINDRO MESTRE REFORCADO ORIGINAL;FREIOS;6,0;263,33
PC007646;CHICOTE ELETRICO  ORIGINAL;ELETRICA;1,0;518,64
PC007647;PARAFUSO DE RODA REFORCADO REMANUFATURADO;RODAS_PNEUS;32,0;2069,64
PC007648;RADIADOR COMPLETO LEVE REMANUFATURADO;ARREFECIMENTO;52,0;843,58
PC007649;FILTRO DE OLEO CAMBIO REFORCADO PARALELA A;FILTROS;10,0;42,65
PC007650;ESPELHO RETROVISOR  PARALELA B;CARROCERIA;35,0;246,66
PC007651;RODA DE ACO ARO 22  ORIGINAL;RODAS_PNEUS;1,0;737,38
PC007652;VIDRO LATERAL STD PARALELA B;CARROCERIA;56,0;405,41
PC007653;MANGOTE PNEUMATICO PESADO ORIGINAL;ARTICULACAO_5RODA;1,0;2662,41
PC007654;PARA-BRISA STD ORIGINAL;CARROCERIA;7,0;233,27
PC007655;AMORTECEDOR DIANTEIRO STD PARALELA B;SUSPENSAO;45,0;717,64
PC007656;FILTRO DE COMBUSTIVEL STD PARALELA B;FILTROS;45,0;85,87
PC007658;VALVULA TERMOSTATICA PESADO REMANUFATURADO;ARREFECIMENTO;9,0;265,96
PC007659;CAMARA DE AR  ORIGINAL;RODAS_PNEUS;12,0;725,14
PC007660;FEIXE DE MOLA REFORCADO ORIGINAL;SUSPENSAO;28,0;757,98
PC007661;CORREIA DENTADA PESADO PARALELA A;MOTOR;5,0;1709,37
PC007662;ROLAMENTO DE RODA PESADO PARALELA B;RODAS_PNEUS;1,0;522,85
PC007663;SINCRONIZADOR PESADO ORIGINAL;TRANSMISSAO;25,0;760,02
PC007664;BOLSA DE AR SUSPENSAO PESADO PARALELA B;SUSPENSAO;6,0;429,13
PC007665;MANGUEIRA DE FREIO AR LEVE PARALELA B;FREIOS;23,0;237,06
PC007666;FILTRO SEPARADOR AGUA LEVE ORIGINAL;FILTROS;1,0;107,41
PC007667;LONA DE FREIO  PARALELA B;FREIOS;58,0;328,54
PC007668;CRUZETA CARDAN LEVE PARALELA A;TRANSMISSAO;1,0;6507,58
PC007669;PARA-CHOQUE DIANTEIRO PESADO REMANUFATURADO;CARROCERIA;4,0;613,14
PC007670;VALVULA DE FREIO REFORCADO ORIGINAL;FREIOS;9,0;321,56
PC007671;FAROL DIANTEIRO LED LEVE ORIGINAL;ELETRICA;9,0;451,28
PC007672;BARRA ESTABILIZADORA REFORCADO PARALELA A;SUSPENSAO;49,0;343,33
PC007673;AMORTECEDOR TRASEIRO STD PARALELA A;SUSPENSAO;23,0;1191,41
PC007674;FILTRO DE CABINE PESADO PARALELA A;FILTROS;17,0;94,46
PC007675;ENGATE DE REBOQUE PESADO ORIGINAL;ARTICULACAO_5RODA;20,0;1923,84
PC007676;DISCO DE EMBREAGEM  PARALELA B;TRANSMISSAO;694,0;4242,51
PC007677;SAPATA DE FREIO PESADO PARALELA A;FREIOS;237,0;366,2
PC007678;BICO INJETOR LEVE PARALELA A;MOTOR;71,0;3400,5
PC007679;BUCHA DE MOLA REFORCADO ORIGINAL;SUSPENSAO;8,0;961,55
PC007680;VENTOINHA REFORCADO PARALELA A;ARREFECIMENTO;8,0;519,16
PC007681;CAMISA DE CILINDRO STD ORIGINAL;MOTOR;34,0;2998,34
PC007682;BOMBA INJETORA REFORCADO PARALELA B;MOTOR;15,0;2515,63
PC007683;TAMBOR DE FREIO LEVE PARALELA B;FREIOS;39,0;275,85
PC007684;ROLAMENTO DE EMBREAGEM REFORCADO ORIGINAL;TRANSMISSAO;70,0;4828,47
PC007685;PINO REI  PARALELA A;ARTICULACAO_5RODA;25,0;1947,75
PC007686;PARA-LAMA REFORCADO REMANUFATURADO;CARROCERIA;83,0;708,98
PC007687;VALVULA DE ADMISSAO  ORIGINAL;MOTOR;3,0;2067,05
PC007689;MACANETA DE PORTA  ORIGINAL;CARROCERIA;37,0;777,51
PC007690;CUBO DE RODA LEVE ORIGINAL;RODAS_PNEUS;5,0;1343,95
PC007691;BOMBA D AGUA LEVE ORIGINAL;ARREFECIMENTO;29,0;81,92
PC007692;PASTILHA DE FREIO PESADO PARALELA A;FREIOS;2,0;289,51
PC007693;CAIXA DE CAMBIO COMPLETA PESADO PARALELA B;TRANSMISSAO;132,0;6733,26
PC007694;ALTERNADOR  ORIGINAL;ELETRICA;75,0;1431,16
PC007695;LANTERNA TRASEIRA PESADO REMANUFATURADO;ELETRICA;24,0;292,74
PC007696;MOTOR DE PARTIDA REFORCADO PARALELA A;ELETRICA;15,0;772,07
PC007697;JUNTA DE CABECOTE PESADO ORIGINAL;MOTOR;4,0;1147,42
PC007698;SENSOR ABS  PARALELA A;ELETRICA;4,0;806,25
PC007699;RESERVATORIO EXPANSAO STD PARALELA B;ARREFECIMENTO;2,0;330,89
PC007700;TURBO COMPRESSOR LEVE ORIGINAL;MOTOR;58,0;5427,44
PC007701;MANGUEIRA RADIADOR PESADO PARALELA B;ARREFECIMENTO;4,0;96,09
PC007702;PINO MESTRE STD PARALELA A;SUSPENSAO;157,0;249,82
PC007703;QUINTA RODA COMPLETA STD PARALELA A;ARTICULACAO_5RODA;13,0;609,43
PC007704;EIXO CARDAN REFORCADO ORIGINAL;TRANSMISSAO;9,0;5187,08
PC007705;PLATO DE EMBREAGEM REFORCADO ORIGINAL;TRANSMISSAO;136,0;3886,64
PC007706;FILTRO DE OLEO MOTOR LEVE ORIGINAL;MOTOR;11,0;1914,51
PC007707;BATERIA 150AH  PARALELA B;ELETRICA;21,0;620,11
PC007708;DISCO DE FREIO PESADO PARALELA A;FREIOS;36,0;266,57
PC007709;CILINDRO MESTRE PESADO REMANUFATURADO;FREIOS;17,0;301,39
PC007710;CHICOTE ELETRICO LEVE PARALELA A;ELETRICA;43,0;822,59
PC007711;PARAFUSO DE RODA STD ORIGINAL;RODAS_PNEUS;6,0;1247,71
PC007712;RADIADOR COMPLETO STD ORIGINAL;ARREFECIMENTO;2,0;635,02
PC007713;FILTRO DE OLEO CAMBIO REFORCADO ORIGINAL;FILTROS;1,0;60,97
PC007714;ESPELHO RETROVISOR STD ORIGINAL;CARROCERIA;25,0;227,47
PC007715;RODA DE ACO ARO 22 LEVE REMANUFATURADO;RODAS_PNEUS;2,0;899,84
PC007716;VIDRO LATERAL STD ORIGINAL;CARROCERIA;108,0;281,85
PC007717;MANGOTE PNEUMATICO STD ORIGINAL;ARTICULACAO_5RODA;17,0;487,67
PC007718;PARA-BRISA LEVE REMANUFATURADO;CARROCERIA;7,0;860,62
PC007719;AMORTECEDOR DIANTEIRO PESADO PARALELA A;SUSPENSAO;11,0;852,56
PC007720;FILTRO DE COMBUSTIVEL LEVE PARALELA A;FILTROS;5,0;26,0
PC007721;FILTRO DE AR MOTOR PESADO ORIGINAL;FILTROS;8,0;33,57
PC007722;VALVULA TERMOSTATICA STD PARALELA B;ARREFECIMENTO;67,0;424,59
PC007723;CAMARA DE AR LEVE ORIGINAL;RODAS_PNEUS;93,0;920,53
PC007724;FEIXE DE MOLA STD ORIGINAL;SUSPENSAO;45,0;390,79
PC007725;CORREIA DENTADA  PARALELA B;MOTOR;2,0;2205,46
PC007726;ROLAMENTO DE RODA PESADO PARALELA A;RODAS_PNEUS;52,0;1055,09
PC007727;SINCRONIZADOR STD PARALELA B;TRANSMISSAO;4,0;5671,14
PC007728;BOLSA DE AR SUSPENSAO REFORCADO PARALELA B;SUSPENSAO;24,0;847,06
PC007729;MANGUEIRA DE FREIO AR STD REMANUFATURADO;FREIOS;12,0;242,17
PC007730;FILTRO SEPARADOR AGUA REFORCADO ORIGINAL;FILTROS;1,0;113,32
PC007731;LONA DE FREIO PESADO PARALELA A;FREIOS;29,0;329,55
PC007734;VALVULA DE FREIO  ORIGINAL;FREIOS;33,0;370,83
PC007735;FAROL DIANTEIRO LED LEVE REMANUFATURADO;ELETRICA;8,0;70,87
PC007736;BARRA ESTABILIZADORA LEVE ORIGINAL;SUSPENSAO;1,0;120,51
PC007737;AMORTECEDOR TRASEIRO STD PARALELA A;SUSPENSAO;6,0;690,09
PC007738;FILTRO DE CABINE  PARALELA B;FILTROS;20,0;69,69
PC007739;ENGATE DE REBOQUE  REMANUFATURADO;ARTICULACAO_5RODA;15,0;2308,19
PC007740;DISCO DE EMBREAGEM REFORCADO PARALELA B;TRANSMISSAO;5,0;4904,39
PC007741;SAPATA DE FREIO REFORCADO ORIGINAL;FREIOS;13,0;73,75
PC007742;BICO INJETOR REFORCADO PARALELA A;MOTOR;34,0;887,79
PC007743;BUCHA DE MOLA  REMANUFATURADO;SUSPENSAO;70,0;886,85
PC007744;VENTOINHA REFORCADO PARALELA B;ARREFECIMENTO;2,0;608,29
PC007745;CAMISA DE CILINDRO PESADO PARALELA B;MOTOR;3,0;3098,91
PC007746;BOMBA INJETORA LEVE PARALELA A;MOTOR;24,0;4747,75
PC007747;TAMBOR DE FREIO STD ORIGINAL;FREIOS;14,0;187,63
PC007748;ROLAMENTO DE EMBREAGEM LEVE ORIGINAL;TRANSMISSAO;3,0;365,76
PC007749;PINO REI REFORCADO ORIGINAL;ARTICULACAO_5RODA;6,0;630,31
PC007750;PARA-LAMA  PARALELA A;CARROCERIA;115,0;923,23
PC007751;VALVULA DE ADMISSAO LEVE ORIGINAL;MOTOR;12,0;5224,25
PC007752;PNEU RADIAL 295/80 LEVE ORIGINAL;RODAS_PNEUS;3,0;922,95
PC007753;MACANETA DE PORTA STD PARALELA B;CARROCERIA;46,0;1063,58
PC007754;CUBO DE RODA REFORCADO ORIGINAL;RODAS_PNEUS;116,0;1689,63
PC007755;BOMBA D AGUA  ORIGINAL;ARREFECIMENTO;13,0;700,38
PC007756;PASTILHA DE FREIO  ORIGINAL;FREIOS;2,0;173,66
PC007757;CAIXA DE CAMBIO COMPLETA REFORCADO ORIGINAL;TRANSMISSAO;3,0;6697,59
PC007758;ALTERNADOR  PARALELA B;ELETRICA;2,0;943,58
PC007759;LANTERNA TRASEIRA  ORIGINAL;ELETRICA;5,0;728,9
PC007760;MOTOR DE PARTIDA REFORCADO PARALELA B;ELETRICA;36,0;434,85
PC007761;JUNTA DE CABECOTE PESADO REMANUFATURADO;MOTOR;8,0;4682,09
PC007762;SENSOR ABS PESADO ORIGINAL;ELETRICA;5,0;101,16
PC007763;RESERVATORIO EXPANSAO  PARALELA A;ARREFECIMENTO;37,0;402,26
PC007764;TURBO COMPRESSOR PESADO PARALELA B;MOTOR;8,0;5731,96
PC007765;MANGUEIRA RADIADOR PESADO PARALELA A;ARREFECIMENTO;18,0;400,04
PC007766;PINO MESTRE PESADO PARALELA A;SUSPENSAO;18,0;1149,47
PC007767;QUINTA RODA COMPLETA  REMANUFATURADO;ARTICULACAO_5RODA;0,0;1918,17
PC007768;EIXO CARDAN PESADO PARALELA A;TRANSMISSAO;4,0;3047,8
PC007769;PLATO DE EMBREAGEM PESADO PARALELA A;TRANSMISSAO;12,0;4642,38
PC007770;FILTRO DE OLEO MOTOR  ORIGINAL;MOTOR;64,0;3753,41
PC007771;BATERIA 150AH REFORCADO ORIGINAL;ELETRICA;1,0;615,68
PC007772;DISCO DE FREIO  PARALELA A;FREIOS;7,0;74,8
PC007773;CILINDRO MESTRE REFORCADO ORIGINAL;FREIOS;90,0;230,33
PC007774;CHICOTE ELETRICO PESADO PARALELA A;ELETRICA;6,0;702,45
PC007775;PARAFUSO DE RODA REFORCADO PARALELA A;RODAS_PNEUS;18,0;706,45
PC007776;RADIADOR COMPLETO STD ORIGINAL;ARREFECIMENTO;12,0;107,98
PC007777;FILTRO DE OLEO CAMBIO  PARALELA B;FILTROS;4,0;82,47
PC007779;RODA DE ACO ARO 22  ORIGINAL;RODAS_PNEUS;5,0;1544,48
PC007780;VIDRO LATERAL STD PARALELA A;CARROCERIA;5,0;772,29
PC007781;MANGOTE PNEUMATICO  ORIGINAL;ARTICULACAO_5RODA;2,0;1177,03
PC007782;PARA-BRISA  PARALELA B;CARROCERIA;6,0;553,81
PC007783;AMORTECEDOR DIANTEIRO STD ORIGINAL;SUSPENSAO;6,0;808,38
PC007784;FILTRO DE COMBUSTIVEL REFORCADO ORIGINAL;FILTROS;12,0;25,12
PC007785;FILTRO DE AR MOTOR PESADO ORIGINAL;FILTROS;8,0;62,96
PC007786;VALVULA TERMOSTATICA LEVE PARALELA B;ARREFECIMENTO;105,0;631,02
PC007787;CAMARA DE AR LEVE ORIGINAL;RODAS_PNEUS;5,0;1180,34
PC007788;FEIXE DE MOLA  PARALELA B;SUSPENSAO;3,0;524,55
PC007789;CORREIA DENTADA STD ORIGINAL;MOTOR;14,0;3732,64
PC007790;ROLAMENTO DE RODA LEVE ORIGINAL;RODAS_PNEUS;44,0;265,8
PC007791;SINCRONIZADOR PESADO PARALELA B;TRANSMISSAO;91,0;7718,27
PC007792;BOLSA DE AR SUSPENSAO STD PARALELA B;SUSPENSAO;18,0;216,66
PC007793;MANGUEIRA DE FREIO AR PESADO ORIGINAL;FREIOS;210,0;213,72
PC007794;FILTRO SEPARADOR AGUA  ORIGINAL;FILTROS;1,0;96,66
PC007795;LONA DE FREIO STD REMANUFATURADO;FREIOS;23,0;110,25
PC007796;CRUZETA CARDAN STD REMANUFATURADO;TRANSMISSAO;58,0;5731,56
PC007797;PARA-CHOQUE DIANTEIRO LEVE ORIGINAL;CARROCERIA;394,0;921,2
PC007798;VALVULA DE FREIO STD REMANUFATURADO;FREIOS;82,0;387,72
PC007799;FAROL DIANTEIRO LED  ORIGINAL;ELETRICA;13,0;919,83
PC007800;BARRA ESTABILIZADORA PESADO REMANUFATURADO;SUSPENSAO;5,0;1071,11
PC007802;FILTRO DE CABINE REFORCADO ORIGINAL;FILTROS;5,0;96,56
PC007803;ENGATE DE REBOQUE  ORIGINAL;ARTICULACAO_5RODA;78,0;2447,67
PC007804;DISCO DE EMBREAGEM REFORCADO PARALELA B;TRANSMISSAO;3,0;4913,23
PC007805;SAPATA DE FREIO REFORCADO ORIGINAL;FREIOS;29,0;92,17
PC007806;BICO INJETOR STD REMANUFATURADO;MOTOR;5,0;3180,24
PC007807;BUCHA DE MOLA REFORCADO ORIGINAL;SUSPENSAO;17,0;641,97
PC007808;VENTOINHA PESADO REMANUFATURADO;ARREFECIMENTO;80,0;386,02
PC007809;CAMISA DE CILINDRO  PARALELA B;MOTOR;74,0;857,28
PC007810;BOMBA INJETORA REFORCADO ORIGINAL;MOTOR;100,0;4055,74
PC007811;TAMBOR DE FREIO STD PARALELA B;FREIOS;11,0;58,02
PC007812;ROLAMENTO DE EMBREAGEM  PARALELA A;TRANSMISSAO;11,0;3460,07
PC007813;PINO REI STD PARALELA B;ARTICULACAO_5RODA;108,0;2642,15
PC007814;PARA-LAMA LEVE ORIGINAL;CARROCERIA;48,0;781,34
PC007815;VALVULA DE ADMISSAO LEVE ORIGINAL;MOTOR;88,0;2027,66
PC007817;MACANETA DE PORTA  PARALELA B;CARROCERIA;4,0;835,89
PC007818;CUBO DE RODA PESADO PARALELA A;RODAS_PNEUS;8,0;2000,0
PC007819;BOMBA D AGUA REFORCADO PARALELA B;ARREFECIMENTO;3,0;742,12
PC007820;PASTILHA DE FREIO  PARALELA A;FREIOS;9,0;255,84
PC007821;CAIXA DE CAMBIO COMPLETA STD ORIGINAL;TRANSMISSAO;4,0;1002,54
PC007822;ALTERNADOR  PARALELA A;ELETRICA;19,0;573,27
PC007823;LANTERNA TRASEIRA PESADO PARALELA A;ELETRICA;78,0;1048,44
PC007824;MOTOR DE PARTIDA  PARALELA B;ELETRICA;20,0;149,96
PC007825;JUNTA DE CABECOTE PESADO ORIGINAL;MOTOR;21,0;2828,8
PC007826;SENSOR ABS  ORIGINAL;ELETRICA;21,0;384,23
PC007827;RESERVATORIO EXPANSAO LEVE PARALELA A;ARREFECIMENTO;110,0;943,76
PC007828;TURBO COMPRESSOR LEVE PARALELA B;MOTOR;17,0;301,07
PC007829;MANGUEIRA RADIADOR STD ORIGINAL;ARREFECIMENTO;6,0;413,42
PC007830;PINO MESTRE STD PARALELA A;SUSPENSAO;69,0;788,0
PC007831;QUINTA RODA COMPLETA LEVE ORIGINAL;ARTICULACAO_5RODA;33,0;1604,21
PC007832;EIXO CARDAN  PARALELA A;TRANSMISSAO;48,0;1834,3
PC007833;PLATO DE EMBREAGEM  ORIGINAL;TRANSMISSAO;23,0;3743,5
PC007834;FILTRO DE OLEO MOTOR LEVE REMANUFATURADO;MOTOR;53,0;5776,13
PC007835;BATERIA 150AH  REMANUFATURADO;ELETRICA;8,0;247,86
PC007836;DISCO DE FREIO STD PARALELA A;FREIOS;4,0;78,79
PC007837;CILINDRO MESTRE REFORCADO PARALELA A;FREIOS;418,0;359,23
PC007838;CHICOTE ELETRICO  PARALELA B;ELETRICA;68,0;766,56
PC007839;PARAFUSO DE RODA STD PARALELA A;RODAS_PNEUS;4,0;1133,32
PC007840;RADIADOR COMPLETO  ORIGINAL;ARREFECIMENTO;69,0;539,91
PC007841;FILTRO DE OLEO CAMBIO REFORCADO ORIGINAL;FILTROS;14,0;37,51
PC007842;ESPELHO RETROVISOR  ORIGINAL;CARROCERIA;0,0;259,59
PC007843;RODA DE ACO ARO 22  ORIGINAL;RODAS_PNEUS;40,0;1431,15
PC007844;VIDRO LATERAL REFORCADO REMANUFATURADO;CARROCERIA;7,0;636,77
PC007845;MANGOTE PNEUMATICO LEVE ORIGINAL;ARTICULACAO_5RODA;69,0;2634,79
PC007846;PARA-BRISA PESADO ORIGINAL;CARROCERIA;8,0;1018,54
PC007847;AMORTECEDOR DIANTEIRO  REMANUFATURADO;SUSPENSAO;20,0;871,07
PC007848;FILTRO DE COMBUSTIVEL  REMANUFATURADO;FILTROS;0,0;45,74
PC007849;FILTRO DE AR MOTOR LEVE REMANUFATURADO;FILTROS;27,0;72,96
PC007850;VALVULA TERMOSTATICA PESADO ORIGINAL;ARREFECIMENTO;2,0;340,68
PC007851;CAMARA DE AR PESADO REMANUFATURADO;RODAS_PNEUS;89,0;617,68
PC007852;FEIXE DE MOLA  PARALELA A;SUSPENSAO;1,0;158,91
PC007853;CORREIA DENTADA STD PARALELA A;MOTOR;360,0;1202,11
PC007855;SINCRONIZADOR STD PARALELA A;TRANSMISSAO;45,0;4021,74
PC007856;BOLSA DE AR SUSPENSAO LEVE PARALELA A;SUSPENSAO;953,0;950,29
PC007857;MANGUEIRA DE FREIO AR PESADO PARALELA A;FREIOS;1,0;235,6
PC007858;FILTRO SEPARADOR AGUA REFORCADO PARALELA B;FILTROS;4,0;70,48
PC007859;LONA DE FREIO LEVE ORIGINAL;FREIOS;1,0;185,59
PC007860;CRUZETA CARDAN STD REMANUFATURADO;TRANSMISSAO;17,0;6006,84
PC007861;PARA-CHOQUE DIANTEIRO STD PARALELA A;CARROCERIA;97,0;277,16
PC007862;VALVULA DE FREIO STD PARALELA A;FREIOS;11,0;43,69
PC007863;FAROL DIANTEIRO LED REFORCADO ORIGINAL;ELETRICA;3,0;873,41
PC007864;BARRA ESTABILIZADORA  PARALELA A;SUSPENSAO;19,0;193,06
PC007865;AMORTECEDOR TRASEIRO REFORCADO PARALELA B;SUSPENSAO;6,0;388,57
PC007866;FILTRO DE CABINE REFORCADO PARALELA A;FILTROS;34,0;64,6
PC007867;ENGATE DE REBOQUE STD ORIGINAL;ARTICULACAO_5RODA;7,0;1598,2
PC007868;DISCO DE EMBREAGEM LEVE ORIGINAL;TRANSMISSAO;15,0;6084,06
PC007869;SAPATA DE FREIO LEVE PARALELA A;FREIOS;14,0;288,51
PC007870;BICO INJETOR REFORCADO PARALELA A;MOTOR;27,0;420,81
PC007871;BUCHA DE MOLA  ORIGINAL;SUSPENSAO;135,0;95,47
PC007872;VENTOINHA LEVE PARALELA A;ARREFECIMENTO;58,0;367,28
PC007873;CAMISA DE CILINDRO PESADO ORIGINAL;MOTOR;19,0;5008,3
PC007874;BOMBA INJETORA PESADO PARALELA B;MOTOR;5,0;1424,14
PC007875;TAMBOR DE FREIO REFORCADO PARALELA A;FREIOS;11,0;262,23
PC007876;ROLAMENTO DE EMBREAGEM PESADO PARALELA A;TRANSMISSAO;63,0;5290,46
PC007877;PINO REI PESADO ORIGINAL;ARTICULACAO_5RODA;5,0;599,48
PC007878;PARA-LAMA  PARALELA B;CARROCERIA;29,0;341,15
PC007879;VALVULA DE ADMISSAO REFORCADO PARALELA A;MOTOR;29,0;3301,32
PC007880;PNEU RADIAL 295/80 STD ORIGINAL;RODAS_PNEUS;12,0;446,87
PC007881;MACANETA DE PORTA PESADO ORIGINAL;CARROCERIA;9,0;444,58
PC007882;CUBO DE RODA LEVE ORIGINAL;RODAS_PNEUS;10,0;470,14
PC007883;BOMBA D AGUA REFORCADO PARALELA A;ARREFECIMENTO;25,0;735,1
PC007884;PASTILHA DE FREIO STD PARALELA A;FREIOS;10,0;116,96
PC007885;CAIXA DE CAMBIO COMPLETA PESADO REMANUFATURADO;TRANSMISSAO;8,0;6412,98
PC007886;ALTERNADOR REFORCADO PARALELA A;ELETRICA;1,0;903,89
PC007887;LANTERNA TRASEIRA STD ORIGINAL;ELETRICA;1,0;1105,69
PC007888;MOTOR DE PARTIDA REFORCADO ORIGINAL;ELETRICA;66,0;1383,7
PC007889;JUNTA DE CABECOTE PESADO PARALELA A;MOTOR;16,0;4185,99
PC007890;SENSOR ABS STD PARALELA B;ELETRICA;4,0;471,58
PC007891;RESERVATORIO EXPANSAO PESADO REMANUFATURADO;ARREFECIMENTO;2,0;257,64
PC007892;TURBO COMPRESSOR STD ORIGINAL;MOTOR;5,0;1014,44
PC007893;MANGUEIRA RADIADOR REFORCADO ORIGINAL;ARREFECIMENTO;44,0;692,25
PC007894;PINO MESTRE PESADO PARALELA A;SUSPENSAO;2,0;1197,61
PC007895;QUINTA RODA COMPLETA  ORIGINAL;ARTICULACAO_5RODA;54,0;1778,6
PC007896;EIXO CARDAN LEVE REMANUFATURADO;TRANSMISSAO;4,0;3933,07
PC007897;PLATO DE EMBREAGEM STD PARALELA A;TRANSMISSAO;28,0;7709,42
PC007898;FILTRO DE OLEO MOTOR  PARALELA B;MOTOR;13,0;904,67
PC007899;BATERIA 150AH LEVE PARALELA A;ELETRICA;47,0;921,99
PC007901;CILINDRO MESTRE STD ORIGINAL;FREIOS;26,0;232,96
PC007903;PARAFUSO DE RODA REFORCADO PARALELA A;RODAS_PNEUS;13,0;281,92
PC007904;RADIADOR COMPLETO REFORCADO PARALELA A;ARREFECIMENTO;4,0;661,41
PC007905;FILTRO DE OLEO CAMBIO STD ORIGINAL;FILTROS;21,0;62,78
PC007906;ESPELHO RETROVISOR STD ORIGINAL;CARROCERIA;9,0;137,61
PC007907;RODA DE ACO ARO 22 REFORCADO REMANUFATURADO;RODAS_PNEUS;23,0;774,04
PC007908;VIDRO LATERAL PESADO ORIGINAL;CARROCERIA;17,0;215,62
PC007909;MANGOTE PNEUMATICO PESADO ORIGINAL;ARTICULACAO_5RODA;13,0;1713,84
PC007910;PARA-BRISA STD PARALELA B;CARROCERIA;2,0;502,05
PC007911;AMORTECEDOR DIANTEIRO LEVE PARALELA B;SUSPENSAO;10,0;1036,85
PC007912;FILTRO DE COMBUSTIVEL LEVE ORIGINAL;FILTROS;63,0;25,09
PC007913;FILTRO DE AR MOTOR LEVE PARALELA B;FILTROS;72,0;56,81
PC007914;VALVULA TERMOSTATICA LEVE PARALELA B;ARREFECIMENTO;3,0;855,63
PC007915;CAMARA DE AR STD PARALELA A;RODAS_PNEUS;199,0;802,55
PC007916;FEIXE DE MOLA PESADO PARALELA A;SUSPENSAO;1,0;556,8
PC007917;CORREIA DENTADA STD REMANUFATURADO;MOTOR;17,0;5226,9
PC007918;ROLAMENTO DE RODA STD PARALELA B;RODAS_PNEUS;11,0;1548,95
PC007919;SINCRONIZADOR STD PARALELA B;TRANSMISSAO;2,0;1164,01
PC007920;BOLSA DE AR SUSPENSAO  PARALELA B;SUSPENSAO;3,0;469,95
PC007921;MANGUEIRA DE FREIO AR PESADO REMANUFATURADO;FREIOS;5,0;258,0
PC007922;FILTRO SEPARADOR AGUA LEVE ORIGINAL;FILTROS;1,0;111,38
PC007923;LONA DE FREIO LEVE PARALELA B;FREIOS;2,0;262,42
PC007924;CRUZETA CARDAN LEVE PARALELA A;TRANSMISSAO;30,0;2784,26
PC007925;PARA-CHOQUE DIANTEIRO  REMANUFATURADO;CARROCERIA;33,0;260,77
PC007926;VALVULA DE FREIO PESADO REMANUFATURADO;FREIOS;23,0;126,52
PC007927;FAROL DIANTEIRO LED PESADO ORIGINAL;ELETRICA;6,0;301,16
PC007928;BARRA ESTABILIZADORA  PARALELA A;SUSPENSAO;0,0;402,12
PC007930;FILTRO DE CABINE REFORCADO REMANUFATURADO;FILTROS;53,0;57,0
PC007931;ENGATE DE REBOQUE REFORCADO ORIGINAL;ARTICULACAO_5RODA;1,0;1700,88
PC007932;DISCO DE EMBREAGEM PESADO PARALELA B;TRANSMISSAO;3,0;6098,24
PC007933;SAPATA DE FREIO STD PARALELA A;FREIOS;69,0;190,86
PC007934;BICO INJETOR  PARALELA A;MOTOR;41,0;1192,77
PC007935;BUCHA DE MOLA REFORCADO REMANUFATURADO;SUSPENSAO;10,0;631,97
PC007936;VENTOINHA PESADO PARALELA A;ARREFECIMENTO;8,0;766,97
PC007937;CAMISA DE CILINDRO PESADO ORIGINAL;MOTOR;1,0;2825,08
PC007938;BOMBA INJETORA PESADO PARALELA B;MOTOR;5,0;811,25
PC007939;TAMBOR DE FREIO PESADO PARALELA B;FREIOS;25,0;184,2
PC007940;ROLAMENTO DE EMBREAGEM LEVE ORIGINAL;TRANSMISSAO;5,0;4364,35
PC007941;PINO REI  PARALELA A;ARTICULACAO_5RODA;6,0;2167,02
PC007942;PARA-LAMA LEVE PARALELA A;CARROCERIA;2,0;264,57
PC007943;VALVULA DE ADMISSAO REFORCADO PARALELA A;MOTOR;204,0;5169,93
PC007944;PNEU RADIAL 295/80 PESADO PARALELA A;RODAS_PNEUS;7,0;286,81
PC007945;MACANETA DE PORTA REFORCADO PARALELA B;CARROCERIA;1,0;781,28
PC007946;CUBO DE RODA  REMANUFATURADO;RODAS_PNEUS;200,0;1159,29
PC007947;BOMBA D AGUA REFORCADO REMANUFATURADO;ARREFECIMENTO;4,0;99,32
PC007948;PASTILHA DE FREIO STD ORIGINAL;FREIOS;19,0;243,17
PC007949;CAIXA DE CAMBIO COMPLETA STD PARALELA B;TRANSMISSAO;17,0;5463,77
PC007950;ALTERNADOR  PARALELA B;ELETRICA;7,0;1232,03
PC007951;LANTERNA TRASEIRA STD PARALELA A;ELETRICA;140,0;1141,2
PC007952;MOTOR DE PARTIDA STD PARALELA A;ELETRICA;22,0;947,49
PC007953;JUNTA DE CABECOTE PESADO REMANUFATURADO;MOTOR;5,0;1521,73
PC007954;SENSOR ABS PESADO ORIGINAL;ELETRICA;10,0;1185,65
PC007955;RESERVATORIO EXPANSAO LEVE REMANUFATURADO;ARREFECIMENTO;1,0;655,4
PC007956;TURBO COMPRESSOR LEVE PARALELA A;MOTOR;17,0;2234,93
PC007957;MANGUEIRA RADIADOR  PARALELA A;ARREFECIMENTO;14,0;322,4
PC007958;PINO MESTRE  PARALELA A;SUSPENSAO;33,0;158,44
PC007959;QUINTA RODA COMPLETA PESADO PARALELA A;ARTICULACAO_5RODA;18,0;2840,02
PC007960;EIXO CARDAN STD PARALELA A;TRANSMISSAO;106,0;1650,43
PC007961;PLATO DE EMBREAGEM LEVE PARALELA B;TRANSMISSAO;35,0;5689,41
PC007962;FILTRO DE OLEO MOTOR REFORCADO ORIGINAL;MOTOR;12,0;1066,49
PC007963;BATERIA 150AH  ORIGINAL;ELETRICA;37,0;635,98
PC007964;DISCO DE FREIO PESADO PARALELA B;FREIOS;3,0;281,04
PC007965;CILINDRO MESTRE PESADO ORIGINAL;FREIOS;10,0;274,72
PC007966;CHICOTE ELETRICO PESADO PARALELA A;ELETRICA;24,0;1057,84
PC007967;PARAFUSO DE RODA  PARALELA A;RODAS_PNEUS;2,0;802,34
PC007968;RADIADOR COMPLETO REFORCADO PARALELA A;ARREFECIMENTO;6,0;255,57
PC007969;FILTRO DE OLEO CAMBIO STD PARALELA B;FILTROS;38,0;20,31
PC007971;RODA DE ACO ARO 22 STD PARALELA B;RODAS_PNEUS;1,0;1113,95
PC007972;VIDRO LATERAL PESADO ORIGINAL;CARROCERIA;29,0;427,89
PC007973;MANGOTE PNEUMATICO LEVE PARALELA B;ARTICULACAO_5RODA;6,0;791,76
PC007974;PARA-BRISA LEVE PARALELA A;CARROCERIA;9,0;576,31
PC007975;AMORTECEDOR DIANTEIRO  PARALELA A;SUSPENSAO;151,0;99,28
PC007976;FILTRO DE COMBUSTIVEL STD ORIGINAL;FILTROS;10,0;23,56
PC007977;FILTRO DE AR MOTOR REFORCADO PARALELA A;FILTROS;37,0;59,02
PC007978;VALVULA TERMOSTATICA STD ORIGINAL;ARREFECIMENTO;6,0;676,5
PC007979;CAMARA DE AR REFORCADO PARALELA A;RODAS_PNEUS;39,0;332,35
PC007980;FEIXE DE MOLA REFORCADO PARALELA A;SUSPENSAO;3,0;383,27
PC007981;CORREIA DENTADA REFORCADO PARALELA A;MOTOR;38,0;4007,34
PC007982;ROLAMENTO DE RODA LEVE PARALELA B;RODAS_PNEUS;49,0;124,44
PC007983;SINCRONIZADOR PESADO PARALELA A;TRANSMISSAO;33,0;3612,57
PC007984;BOLSA DE AR SUSPENSAO  ORIGINAL;SUSPENSAO;21,0;769,98
PC007985;MANGUEIRA DE FREIO AR STD REMANUFATURADO;FREIOS;64,0;256,12
PC007986;FILTRO SEPARADOR AGUA STD ORIGINAL;FILTROS;12,0;48,64
PC007987;LONA DE FREIO REFORCADO PARALELA A;FREIOS;1,0;147,0
PC007988;CRUZETA CARDAN PESADO REMANUFATURADO;TRANSMISSAO;3,0;6622,24
PC007989;PARA-CHOQUE DIANTEIRO REFORCADO PARALELA A;CARROCERIA;1,0;183,98
PC007990;VALVULA DE FREIO REFORCADO ORIGINAL;FREIOS;31,0;418,14
PC007991;FAROL DIANTEIRO LED STD ORIGINAL;ELETRICA;25,0;1016,69
PC007992;BARRA ESTABILIZADORA REFORCADO PARALELA B;SUSPENSAO;140,0;741,92
PC007993;AMORTECEDOR TRASEIRO REFORCADO REMANUFATURADO;SUSPENSAO;9,0;446,14
PC007994;FILTRO DE CABINE STD ORIGINAL;FILTROS;12,0;44,49
PC007995;ENGATE DE REBOQUE STD ORIGINAL;ARTICULACAO_5RODA;4,0;2283,16
PC007996;DISCO DE EMBREAGEM PESADO REMANUFATURADO;TRANSMISSAO;21,0;4650,71
PC007997;SAPATA DE FREIO LEVE PARALELA A;FREIOS;17,0;384,87
PC007998;BICO INJETOR STD PARALELA A;MOTOR;4,0;2161,78
PC007999;BUCHA DE MOLA REFORCADO PARALELA A;SUSPENSAO;13,0;668,38
PC008000;VENTOINHA PESADO ORIGINAL;ARREFECIMENTO;14,0;478,19
PC008001;CAMISA DE CILINDRO PESADO ORIGINAL;MOTOR;11,0;3579,56
PC008002;BOMBA INJETORA LEVE PARALELA A;MOTOR;2,0;600,67
PC008003;TAMBOR DE FREIO PESADO PARALELA A;FREIOS;11,0;264,02
PC008004;ROLAMENTO DE EMBREAGEM LEVE PARALELA B;TRANSMISSAO;15,0;3138,36
PC008005;PINO REI  ORIGINAL;ARTICULACAO_5RODA;37,0;1033,12
PC008006;PARA-LAMA LEVE PARALELA A;CARROCERIA;69,0;1070,21
PC008007;VALVULA DE ADMISSAO LEVE PARALELA A;MOTOR;7,0;2432,07
PC008008;PNEU RADIAL 295/80 REFORCADO PARALELA A;RODAS_PNEUS;91,0;404,55
PC008009;MACANETA DE PORTA  PARALELA B;CARROCERIA;38,0;406,76
PC008010;CUBO DE RODA STD PARALELA A;RODAS_PNEUS;43,0;217,95
PC008011;BOMBA D AGUA  PARALELA B;ARREFECIMENTO;14,0;801,83
PC008012;PASTILHA DE FREIO  PARALELA A;FREIOS;15,0;285,0
PC008013;CAIXA DE CAMBIO COMPLETA  REMANUFATURADO;TRANSMISSAO;12,0;3306,17
PC008015;LANTERNA TRASEIRA REFORCADO ORIGINAL;ELETRICA;4,0;956,61
PC008016;MOTOR DE PARTIDA LEVE PARALELA B;ELETRICA;0,0;888,09
PC008017;JUNTA DE CABECOTE STD REMANUFATURADO;MOTOR;325,0;3563,11
PC008018;SENSOR ABS LEVE ORIGINAL;ELETRICA;27,0;1147,49
PC008019;RESERVATORIO EXPANSAO PESADO PARALELA A;ARREFECIMENTO;63,0;137,18
PC008020;TURBO COMPRESSOR STD PARALELA A;MOTOR;49,0;3742,55
PC008021;MANGUEIRA RADIADOR  PARALELA A;ARREFECIMENTO;20,0;774,85
PC008022;PINO MESTRE LEVE PARALELA A;SUSPENSAO;13,0;581,53
PC008023;QUINTA RODA COMPLETA  ORIGINAL;ARTICULACAO_5RODA;50,0;2559,41
PC008024;EIXO CARDAN REFORCADO ORIGINAL;TRANSMISSAO;5,0;4007,17
PC008025;PLATO DE EMBREAGEM STD ORIGINAL;TRANSMISSAO;4,0;2102,91
PC008026;FILTRO DE OLEO MOTOR STD ORIGINAL;MOTOR;13,0;1699,24
PC008027;BATERIA 150AH  PARALELA A;ELETRICA;51,0;738,6
PC008028;DISCO DE FREIO  PARALELA B;FREIOS;4,0;343,89
PC008029;CILINDRO MESTRE LEVE PARALELA A;FREIOS;3,0;71,99
PC008030;CHICOTE ELETRICO STD PARALELA A;ELETRICA;43,0;808,46
PC008031;PARAFUSO DE RODA  REMANUFATURADO;RODAS_PNEUS;18,0;1316,38
PC008032;RADIADOR COMPLETO  ORIGINAL;ARREFECIMENTO;7,0;76,58
PC008033;FILTRO DE OLEO CAMBIO REFORCADO ORIGINAL;FILTROS;24,0;76,31
PC008034;ESPELHO RETROVISOR STD ORIGINAL;CARROCERIA;1,0;512,84
PC008035;RODA DE ACO ARO 22 STD PARALELA B;RODAS_PNEUS;25,0;1939,09
PC008036;VIDRO LATERAL REFORCADO PARALELA B;CARROCERIA;24,0;632,0
PC008037;MANGOTE PNEUMATICO  REMANUFATURADO;ARTICULACAO_5RODA;23,0;2753,27
PC008038;PARA-BRISA STD PARALELA B;CARROCERIA;31,0;474,8
PC008039;AMORTECEDOR DIANTEIRO REFORCADO PARALELA B;SUSPENSAO;9,0;885,94
PC008040;FILTRO DE COMBUSTIVEL REFORCADO PARALELA B;FILTROS;6,0;28,36
PC008041;FILTRO DE AR MOTOR LEVE PARALELA A;FILTROS;256,0;90,69
PC008042;VALVULA TERMOSTATICA LEVE REMANUFATURADO;ARREFECIMENTO;33,0;974,34
PC008043;CAMARA DE AR STD REMANUFATURADO;RODAS_PNEUS;32,0;383,7
PC008044;FEIXE DE MOLA STD ORIGINAL;SUSPENSAO;16,0;919,65
PC008045;CORREIA DENTADA REFORCADO PARALELA B;MOTOR;19,0;361,18
PC008047;SINCRONIZADOR LEVE PARALELA A;TRANSMISSAO;18,0;7321,45
PC008048;BOLSA DE AR SUSPENSAO REFORCADO PARALELA A;SUSPENSAO;53,0;658,56
PC008049;MANGUEIRA DE FREIO AR STD PARALELA A;FREIOS;18,0;184,85
PC008050;FILTRO SEPARADOR AGUA REFORCADO PARALELA B;FILTROS;3,0;45,2
PC008051;LONA DE FREIO LEVE ORIGINAL;FREIOS;6,0;177,98
PC008052;CRUZETA CARDAN STD PARALELA B;TRANSMISSAO;246,0;1136,06
PC008053;PARA-CHOQUE DIANTEIRO PESADO ORIGINAL;CARROCERIA;6,0;143,68
PC008054;VALVULA DE FREIO PESADO REMANUFATURADO;FREIOS;4,0;182,84
PC008055;FAROL DIANTEIRO LED STD ORIGINAL;ELETRICA;7,0;200,69
PC008056;BARRA ESTABILIZADORA PESADO PARALELA B;SUSPENSAO;5,0;132,35
PC008057;AMORTECEDOR TRASEIRO REFORCADO ORIGINAL;SUSPENSAO;4,0;338,28
PC008058;FILTRO DE CABINE LEVE REMANUFATURADO;FILTROS;97,0;71,65
PC008059;ENGATE DE REBOQUE LEVE PARALELA A;ARTICULACAO_5RODA;24,0;1991,54
PC008061;SAPATA DE FREIO  PARALELA A;FREIOS;20,0;245,62
PC008062;BICO INJETOR STD ORIGINAL;MOTOR;4,0;2408,4
PC008063;BUCHA DE MOLA  PARALELA B;SUSPENSAO;16,0;1128,51
PC008064;VENTOINHA  ORIGINAL;ARREFECIMENTO;123,0;400,08
PC008065;CAMISA DE CILINDRO PESADO ORIGINAL;MOTOR;5,0;2579,23
PC008066;BOMBA INJETORA LEVE PARALELA A;MOTOR;2,0;2558,5
PC008067;TAMBOR DE FREIO REFORCADO PARALELA B;FREIOS;5,0;244,53
PC008068;ROLAMENTO DE EMBREAGEM LEVE PARALELA A;TRANSMISSAO;5,0;3111,97
PC008069;PINO REI STD REMANUFATURADO;ARTICULACAO_5RODA;56,0;1896,98
PC008070;PARA-LAMA LEVE ORIGINAL;CARROCERIA;129,0;704,31
PC008071;VALVULA DE ADMISSAO  PARALELA A;MOTOR;17,0;5827,42
PC008072;PNEU RADIAL 295/80 LEVE PARALELA A;RODAS_PNEUS;28,0;571,79
PC008073;MACANETA DE PORTA PESADO ORIGINAL;CARROCERIA;83,0;1083,16
PC008074;CUBO DE RODA STD REMANUFATURADO;RODAS_PNEUS;6,0;1066,85
PC008075;BOMBA D AGUA  REMANUFATURADO;ARREFECIMENTO;40,0;610,51
PC008076;PASTILHA DE FREIO  REMANUFATURADO;FREIOS;3,0;176,13
PC008077;CAIXA DE CAMBIO COMPLETA STD PARALELA B;TRANSMISSAO;13,0;3337,56
PC008078;ALTERNADOR REFORCADO REMANUFATURADO;ELETRICA;3,0;513,81
PC008079;LANTERNA TRASEIRA  PARALELA A;ELETRICA;14,0;374,12
PC008080;MOTOR DE PARTIDA STD REMANUFATURADO;ELETRICA;139,0;818,58
PC008081;JUNTA DE CABECOTE LEVE ORIGINAL;MOTOR;50,0;1300,82
PC008082;SENSOR ABS PESADO PARALELA A;ELETRICA;147,0;1141,4
PC008083;RESERVATORIO EXPANSAO LEVE REMANUFATURADO;ARREFECIMENTO;2,0;754,52
PC008084;TURBO COMPRESSOR PESADO PARALELA B;MOTOR;98,0;5969,66
PC008085;MANGUEIRA RADIADOR  PARALELA A;ARREFECIMENTO;7,0;522,22
PC008086;PINO MESTRE STD PARALELA A;SUSPENSAO;2,0;910,31
PC008087;QUINTA RODA COMPLETA STD PARALELA A;ARTICULACAO_5RODA;3,0;775,4
PC008088;EIXO CARDAN REFORCADO PARALELA B;TRANSMISSAO;7,0;6014,07
PC008089;PLATO DE EMBREAGEM PESADO ORIGINAL;TRANSMISSAO;3,0;1127,93
PC008090;FILTRO DE OLEO MOTOR REFORCADO ORIGINAL;MOTOR;10,0;4172,1
PC008091;BATERIA 150AH PESADO ORIGINAL;ELETRICA;2,0;46,21
PC008092;DISCO DE FREIO PESADO PARALELA B;FREIOS;18,0;177,15
PC008093;CILINDRO MESTRE PESADO ORIGINAL;FREIOS;8,0;144,9
PC008094;CHICOTE ELETRICO REFORCADO REMANUFATURADO;ELETRICA;3,0;378,68
PC008095;PARAFUSO DE RODA PESADO ORIGINAL;RODAS_PNEUS;21,0;267,11
PC008096;RADIADOR COMPLETO PESADO PARALELA A;ARREFECIMENTO;51,0;433,54
PC008097;FILTRO DE OLEO CAMBIO STD ORIGINAL;FILTROS;98,0;21,03
PC008098;ESPELHO RETROVISOR LEVE PARALELA B;CARROCERIA;12,0;259,14
PC008099;RODA DE ACO ARO 22 LEVE ORIGINAL;RODAS_PNEUS;27,0;811,2
PC008100;VIDRO LATERAL PESADO ORIGINAL;CARROCERIA;6,0;1080,61
PC008101;MANGOTE PNEUMATICO REFORCADO PARALELA A;ARTICULACAO_5RODA;21,0;569,77
PC008102;PARA-BRISA REFORCADO ORIGINAL;CARROCERIA;10,0;59,11
PC008103;AMORTECEDOR DIANTEIRO STD ORIGINAL;SUSPENSAO;16,0;508,39
PC008104;FILTRO DE COMBUSTIVEL LEVE PARALELA A;FILTROS;13,0;92,74
PC008105;FILTRO DE AR MOTOR LEVE ORIGINAL;FILTROS;36,0;35,43
PC008106;VALVULA TERMOSTATICA PESADO ORIGINAL;ARREFECIMENTO;11,0;551,53
PC008107;CAMARA DE AR STD ORIGINAL;RODAS_PNEUS;48,0;2060,4
PC008108;FEIXE DE MOLA REFORCADO PARALELA A;SUSPENSAO;16,0;1142,4
PC008109;CORREIA DENTADA REFORCADO PARALELA B;MOTOR;3,0;5233,18
PC008110;ROLAMENTO DE RODA PESADO ORIGINAL;RODAS_PNEUS;12,0;881,5
PC008111;SINCRONIZADOR LEVE ORIGINAL;TRANSMISSAO;10,0;6384,65
PC008112;BOLSA DE AR SUSPENSAO STD PARALELA A;SUSPENSAO;11,0;662,42
PC008113;MANGUEIRA DE FREIO AR  PARALELA A;FREIOS;7,0;234,16
PC008114;FILTRO SEPARADOR AGUA  PARALELA A;FILTROS;50,0;50,74
PC008115;LONA DE FREIO  PARALELA B;FREIOS;3,0;177,18
PC008116;CRUZETA CARDAN PESADO PARALELA B;TRANSMISSAO;4,0;5278,13
PC008117;PARA-CHOQUE DIANTEIRO PESADO ORIGINAL;CARROCERIA;33,0;446,78
PC008118;VALVULA DE FREIO LEVE PARALELA B;FREIOS;12,0;285,26
PC008119;FAROL DIANTEIRO LED STD REMANUFATURADO;ELETRICA;23,0;612,59
PC008120;BARRA ESTABILIZADORA STD ORIGINAL;SUSPENSAO;4,0;98,7
PC008121;AMORTECEDOR TRASEIRO PESADO PARALELA B;SUSPENSAO;5,0;605,75
PC008122;FILTRO DE CABINE  PARALELA B;FILTROS;15,0;42,75
PC008123;ENGATE DE REBOQUE LEVE ORIGINAL;ARTICULACAO_5RODA;16,0;1719,7
PC008124;DISCO DE EMBREAGEM REFORCADO PARALELA A;TRANSMISSAO;7,0;3354,9
PC008125;SAPATA DE FREIO STD PARALELA A;FREIOS;10,0;369,42
PC008126;BICO INJETOR STD PARALELA B;MOTOR;4,0;1073,32
PC008127;BUCHA DE MOLA LEVE ORIGINAL;SUSPENSAO;33,0;1001,8
PC008128;VENTOINHA LEVE PARALELA A;ARREFECIMENTO;6,0;805,74
PC008129;CAMISA DE CILINDRO LEVE ORIGINAL;MOTOR;9,0;4001,25
PC008130;BOMBA INJETORA  PARALELA B;MOTOR;12,0;586,93
PC008131;TAMBOR DE FREIO  PARALELA A;FREIOS;7,0;355,29
PC008132;ROLAMENTO DE EMBREAGEM  ORIGINAL;TRANSMISSAO;82,0;4761,73
PC008133;PINO REI LEVE PARALELA B;ARTICULACAO_5RODA;4,0;1702,71
PC008134;PARA-LAMA STD ORIGINAL;CARROCERIA;3,0;842,84
PC008135;VALVULA DE ADMISSAO  PARALELA A;MOTOR;36,0;702,78
PC008136;PNEU RADIAL 295/80 PESADO PARALELA A;RODAS_PNEUS;109,0;793,05
PC008137;MACANETA DE PORTA REFORCADO PARALELA A;CARROCERIA;6,0;587,84
PC008138;CUBO DE RODA PESADO PARALELA B;RODAS_PNEUS;9,0;1519,11
PC008139;BOMBA D AGUA PESADO REMANUFATURADO;ARREFECIMENTO;22,0;155,29
PC008140;PASTILHA DE FREIO REFORCADO ORIGINAL;FREIOS;10,0;162,0
PC008141;CAIXA DE CAMBIO COMPLETA  ORIGINAL;TRANSMISSAO;2,0;3535,38
PC008142;ALTERNADOR REFORCADO ORIGINAL;ELETRICA;11,0;889,72
PC008143;LANTERNA TRASEIRA LEVE ORIGINAL;ELETRICA;76,0;842,62
PC008144;MOTOR DE PARTIDA STD PARALELA B;ELETRICA;8,0;727,22
PC008145;JUNTA DE CABECOTE  ORIGINAL;MOTOR;4,0;4103,03
PC008146;SENSOR ABS STD ORIGINAL;ELETRICA;5,0;397,35
PC008147;RESERVATORIO EXPANSAO STD PARALELA A;ARREFECIMENTO;0,0;668,93
PC008148;TURBO COMPRESSOR STD PARALELA B;MOTOR;38,0;3607,64
PC008149;MANGUEIRA RADIADOR  PARALELA A;ARREFECIMENTO;4,0;210,14
PC008150;PINO MESTRE REFORCADO ORIGINAL;SUSPENSAO;0,0;309,23
PC008151;QUINTA RODA COMPLETA  REMANUFATURADO;ARTICULACAO_5RODA;6,0;921,21
PC008152;EIXO CARDAN STD ORIGINAL;TRANSMISSAO;2,0;697,46
PC008153;PLATO DE EMBREAGEM REFORCADO ORIGINAL;TRANSMISSAO;7,0;3164,83
PC008154;FILTRO DE OLEO MOTOR REFORCADO ORIGINAL;MOTOR;17,0;2384,72
PC008155;BATERIA 150AH PESADO ORIGINAL;ELETRICA;3,0;439,48
PC008156;DISCO DE FREIO REFORCADO ORIGINAL;FREIOS;8,0;268,65
PC008157;CILINDRO MESTRE LEVE REMANUFATURADO;FREIOS;1,0;405,82
PC008159;PARAFUSO DE RODA REFORCADO PARALELA A;RODAS_PNEUS;34,0;1168,64
PC008160;RADIADOR COMPLETO  PARALELA B;ARREFECIMENTO;86,0;569,67
PC008161;FILTRO DE OLEO CAMBIO REFORCADO PARALELA A;FILTROS;10,0;107,88
PC008162;ESPELHO RETROVISOR PESADO REMANUFATURADO;CARROCERIA;58,0;470,24
PC008163;RODA DE ACO ARO 22 PESADO REMANUFATURADO;RODAS_PNEUS;11,0;922,13
PC008164;VIDRO LATERAL  PARALELA A;CARROCERIA;9,0;456,78
PC008165;MANGOTE PNEUMATICO PESADO REMANUFATURADO;ARTICULACAO_5RODA;22,0;1258,18
PC008166;PARA-BRISA  PARALELA B;CARROCERIA;54,0;700,23
PC008167;AMORTECEDOR DIANTEIRO LEVE PARALELA A;SUSPENSAO;103,0;472,42
PC008168;FILTRO DE COMBUSTIVEL  REMANUFATURADO;FILTROS;87,0;92,69
PC008169;FILTRO DE AR MOTOR PESADO PARALELA B;FILTROS;8,0;72,44
PC008170;VALVULA TERMOSTATICA LEVE PARALELA B;ARREFECIMENTO;19,0;943,52
PC008171;CAMARA DE AR REFORCADO ORIGINAL;RODAS_PNEUS;6,0;1074,76
PC008172;FEIXE DE MOLA REFORCADO PARALELA A;SUSPENSAO;39,0;317,82
PC008173;CORREIA DENTADA LEVE ORIGINAL;MOTOR;27,0;1889,32
PC008174;ROLAMENTO DE RODA PESADO PARALELA A;RODAS_PNEUS;18,0;428,03
PC008175;SINCRONIZADOR  PARALELA A;TRANSMISSAO;48,0;4936,95
PC008176;BOLSA DE AR SUSPENSAO REFORCADO ORIGINAL;SUSPENSAO;20,0;571,24
PC008177;MANGUEIRA DE FREIO AR  REMANUFATURADO;FREIOS;61,0;74,11
PC008178;FILTRO SEPARADOR AGUA LEVE REMANUFATURADO;FILTROS;245,0;82,95
PC008179;LONA DE FREIO PESADO ORIGINAL;FREIOS;136,0;194,72
PC008180;CRUZETA CARDAN  PARALELA A;TRANSMISSAO;22,0;906,84
PC008181;PARA-CHOQUE DIANTEIRO PESADO PARALELA B;CARROCERIA;33,0;775,24
PC008182;VALVULA DE FREIO STD ORIGINAL;FREIOS;18,0;170,53
PC008183;FAROL DIANTEIRO LED REFORCADO PARALELA A;ELETRICA;6,0;624,91
PC008184;BARRA ESTABILIZADORA PESADO ORIGINAL;SUSPENSAO;41,0;885,51
PC008185;AMORTECEDOR TRASEIRO  PARALELA B;SUSPENSAO;7,0;154,6
PC008186;FILTRO DE CABINE REFORCADO PARALELA B;FILTROS;6,0;42,69
PC008187;ENGATE DE REBOQUE LEVE ORIGINAL;ARTICULACAO_5RODA;60,0;1420,26
PC008188;DISCO DE EMBREAGEM PESADO REMANUFATURADO;TRANSMISSAO;29,0;7056,34
PC008189;SAPATA DE FREIO STD REMANUFATURADO;FREIOS;13,0;64,62
PC008190;BICO INJETOR PESADO PARALELA B;MOTOR;1,0;280,27
PC008191;BUCHA DE MOLA PESADO PARALELA A;SUSPENSAO;6,0;92,95
PC008192;VENTOINHA  ORIGINAL;ARREFECIMENTO;169,0;1117,81
PC008193;CAMISA DE CILINDRO REFORCADO PARALELA B;MOTOR;41,0;1976,45
PC008194;BOMBA INJETORA REFORCADO ORIGINAL;MOTOR;19,0;5381,53
PC008195;TAMBOR DE FREIO LEVE PARALELA A;FREIOS;7,0;159,03
PC008196;ROLAMENTO DE EMBREAGEM LEVE ORIGINAL;TRANSMISSAO;32,0;1486,45
PC008197;PINO REI PESADO PARALELA B;ARTICULACAO_5RODA;526,0;2040,24
PC008198;PARA-LAMA PESADO REMANUFATURADO;CARROCERIA;13,0;522,01
PC008199;VALVULA DE ADMISSAO PESADO PARALELA B;MOTOR;10,0;2111,8
PC008200;PNEU RADIAL 295/80 LEVE PARALELA A;RODAS_PNEUS;13,0;1148,44
PC008201;MACANETA DE PORTA REFORCADO ORIGINAL;CARROCERIA;16,0;371,06
PC008202;CUBO DE RODA REFORCADO PARALELA B;RODAS_PNEUS;1,0;325,1
PC008203;BOMBA D AGUA REFORCADO PARALELA A;ARREFECIMENTO;7,0;611,81
PC008204;PASTILHA DE FREIO STD ORIGINAL;FREIOS;60,0;282,91
PC008205;CAIXA DE CAMBIO COMPLETA REFORCADO ORIGINAL;TRANSMISSAO;214,0;680,16
PC008206;ALTERNADOR REFORCADO PARALELA A;ELETRICA;95,0;157,76
PC008207;LANTERNA TRASEIRA REFORCADO PARALELA A;ELETRICA;30,0;423,68
PC008208;MOTOR DE PARTIDA REFORCADO REMANUFATURADO;ELETRICA;33,0;1116,64
PC008209;JUNTA DE CABECOTE  REMANUFATURADO;MOTOR;7,0;6285,72
PC008210;SENSOR ABS  PARALELA B;ELETRICA;11,0;485,43
PC008211;RESERVATORIO EXPANSAO  PARALELA B;ARREFECIMENTO;5,0;370,43
PC008212;TURBO COMPRESSOR REFORCADO PARALELA A;MOTOR;1,0;742,97
PC008213;MANGUEIRA RADIADOR REFORCADO PARALELA B;ARREFECIMENTO;11,0;817,13
PC008214;PINO MESTRE  ORIGINAL;SUSPENSAO;3,0;1129,07
PC008215;QUINTA RODA COMPLETA REFORCADO ORIGINAL;ARTICULACAO_5RODA;16,0;2720,63
PC008217;PLATO DE EMBREAGEM STD ORIGINAL;TRANSMISSAO;62,0;514,2
PC008218;FILTRO DE OLEO MOTOR  REMANUFATURADO;MOTOR;15,0;4657,82
PC008219;BATERIA 150AH  PARALELA B;ELETRICA;13,0;1398,26
PC008220;DISCO DE FREIO LEVE PARALELA A;FREIOS;18,0;163,36
PC008221;CILINDRO MESTRE STD PARALELA B;FREIOS;177,0;231,47
PC008222;CHICOTE ELETRICO  ORIGINAL;ELETRICA;6,0;130,96
PC008223;PARAFUSO DE RODA REFORCADO ORIGINAL;RODAS_PNEUS;6,0;860,5
PC008224;RADIADOR COMPLETO PESADO PARALELA A;ARREFECIMENTO;11,0;699,41
PC008225;FILTRO DE OLEO CAMBIO REFORCADO ORIGINAL;FILTROS;19,0;48,0
PC008226;ESPELHO RETROVISOR PESADO ORIGINAL;CARROCERIA;151,0;819,06
PC008227;RODA DE ACO ARO 22 PESADO PARALELA B;RODAS_PNEUS;16,0;434,08
PC008228;VIDRO LATERAL REFORCADO PARALELA B;CARROCERIA;22,0;527,16
PC008229;MANGOTE PNEUMATICO REFORCADO PARALELA B;ARTICULACAO_5RODA;72,0;3213,5
PC008230;PARA-BRISA PESADO PARALELA A;CARROCERIA;14,0;660,42
PC008231;AMORTECEDOR DIANTEIRO REFORCADO ORIGINAL;SUSPENSAO;8,0;891,07
PC008232;FILTRO DE COMBUSTIVEL STD PARALELA B;FILTROS;5,0;32,26
PC008233;FILTRO DE AR MOTOR PESADO PARALELA A;FILTROS;10,0;71,93
PC008234;VALVULA TERMOSTATICA PESADO REMANUFATURADO;ARREFECIMENTO;3,0;273,58
PC008235;CAMARA DE AR  PARALELA B;RODAS_PNEUS;392,0;509,64
PC008236;FEIXE DE MOLA LEVE REMANUFATURADO;SUSPENSAO;8,0;828,73
PC008237;CORREIA DENTADA  PARALELA A;MOTOR;4,0;1544,97
PC008238;ROLAMENTO DE RODA REFORCADO PARALELA A;RODAS_PNEUS;9,0;1645,33
PC008239;SINCRONIZADOR PESADO REMANUFATURADO;TRANSMISSAO;3,0;613,45
PC008240;BOLSA DE AR SUSPENSAO PESADO PARALELA B;SUSPENSAO;1,0;346,83
PC008242;FILTRO SEPARADOR AGUA PESADO ORIGINAL;FILTROS;46,0;34,23
PC008243;LONA DE FREIO REFORCADO REMANUFATURADO;FREIOS;10,0;157,27
PC008244;CRUZETA CARDAN PESADO ORIGINAL;TRANSMISSAO;28,0;3077,22
PC008245;PARA-CHOQUE DIANTEIRO LEVE ORIGINAL;CARROCERIA;3,0;896,76
PC008246;VALVULA DE FREIO  REMANUFATURADO;FREIOS;56,0;80,45
PC008247;FAROL DIANTEIRO LED LEVE PARALELA A;ELETRICA;28,0;621,34
PC008248;BARRA ESTABILIZADORA LEVE PARALELA A;SUSPENSAO;212,0;441,62
PC008249;AMORTECEDOR TRASEIRO LEVE REMANUFATURADO;SUSPENSAO;15,0;519,01
PC008250;FILTRO DE CABINE REFORCADO ORIGINAL;FILTROS;5,0;89,95
PC008251;ENGATE DE REBOQUE LEVE ORIGINAL;ARTICULACAO_5RODA;77,0;1798,17
PC008252;DISCO DE EMBREAGEM REFORCADO PARALELA B;TRANSMISSAO;180,0;3670,11
PC008253;SAPATA DE FREIO PESADO PARALELA B;FREIOS;9,0;328,67
PC008254;BICO INJETOR STD ORIGINAL;MOTOR;15,0;2497,48
PC008255;BUCHA DE MOLA LEVE PARALELA B;SUSPENSAO;34,0;681,5
PC008256;VENTOINHA LEVE REMANUFATURADO;ARREFECIMENTO;19,0;852,34
PC008257;CAMISA DE CILINDRO  PARALELA A;MOTOR;7,0;5387,53
PC008258;BOMBA INJETORA LEVE ORIGINAL;MOTOR;19,0;4155,76
PC008259;TAMBOR DE FREIO STD PARALELA A;FREIOS;127,0;75,05
PC008260;ROLAMENTO DE EMBREAGEM STD PARALELA B;TRANSMISSAO;15,0;846,82
PC008261;PINO REI STD PARALELA B;ARTICULACAO_5RODA;3,0;1098,97
PC008262;PARA-LAMA LEVE PARALELA A;CARROCERIA;19,0;735,63
PC008263;VALVULA DE ADMISSAO PESADO ORIGINAL;MOTOR;27,0;2680,9
PC008264;PNEU RADIAL 295/80 LEVE REMANUFATURADO;RODAS_PNEUS;66,0;255,9
PC008266;CUBO DE RODA PESADO ORIGINAL;RODAS_PNEUS;12,0;1140,58
PC008267;BOMBA D AGUA PESADO ORIGINAL;ARREFECIMENTO;14,0;310,01
PC008268;PASTILHA DE FREIO PESADO PARALELA A;FREIOS;4,0;107,31
PC008269;CAIXA DE CAMBIO COMPLETA  REMANUFATURADO;TRANSMISSAO;66,0;3449,23
PC008270;ALTERNADOR LEVE PARALELA A;ELETRICA;13,0;1019,65
PC008271;LANTERNA TRASEIRA PESADO PARALELA B;ELETRICA;25,0;158,01
PC008272;MOTOR DE PARTIDA REFORCADO PARALELA B;ELETRICA;22,0;596,66
PC008273;JUNTA DE CABECOTE STD PARALELA B;MOTOR;64,0;5650,82
PC008274;SENSOR ABS REFORCADO ORIGINAL;ELETRICA;9,0;689,95
PC008275;RESERVATORIO EXPANSAO STD ORIGINAL;ARREFECIMENTO;48,0;916,18
PC008276;TURBO COMPRESSOR REFORCADO REMANUFATURADO;MOTOR;35,0;5901,86
PC008277;MANGUEIRA RADIADOR STD PARALELA B;ARREFECIMENTO;11,0;931,99
PC008278;PINO MESTRE PESADO ORIGINAL;SUSPENSAO;10,0;630,73
PC008279;QUINTA RODA COMPLETA  PARALELA A;ARTICULACAO_5RODA;6,0;2063,35
PC008280;EIXO CARDAN LEVE PARALELA B;TRANSMISSAO;46,0;6527,59
PC008281;PLATO DE EMBREAGEM REFORCADO PARALELA B;TRANSMISSAO;12,0;2589,12
PC008282;FILTRO DE OLEO MOTOR  ORIGINAL;MOTOR;24,0;4769,09
PC008283;BATERIA 150AH PESADO PARALELA A;ELETRICA;19,0;240,4
PC008284;DISCO DE FREIO PESADO REMANUFATURADO;FREIOS;3,0;198,68
PC008285;CILINDRO MESTRE  ORIGINAL;FREIOS;1,0;52,85
PC008286;CHICOTE ELETRICO STD PARALELA A;ELETRICA;100,0;661,33
PC008287;PARAFUSO DE RODA STD PARALELA A;RODAS_PNEUS;53,0;461,63
PC008288;RADIADOR COMPLETO REFORCADO ORIGINAL;ARREFECIMENTO;139,0;605,9
PC008289;FILTRO DE OLEO CAMBIO  PARALELA A;FILTROS;61,0;56,92
PC008290;ESPELHO RETROVISOR PESADO PARALELA A;CARROCERIA;5,0;431,53
PC008291;RODA DE ACO ARO 22 LEVE PARALELA B;RODAS_PNEUS;1,0;332,34
PC008292;VIDRO LATERAL LEVE ORIGINAL;CARROCERIA;759,0;1043,32
PC008293;MANGOTE PNEUMATICO PESADO ORIGINAL;ARTICULACAO_5RODA;15,0;1938,95
PC008294;PARA-BRISA PESADO PARALELA B;CARROCERIA;18,0;881,82
PC008295;AMORTECEDOR DIANTEIRO  PARALELA A;SUSPENSAO;51,0;957,87
PC008296;FILTRO DE COMBUSTIVEL  PARALELA B;FILTROS;6,0;85,16
PC008297;FILTRO DE AR MOTOR PESADO REMANUFATURADO;FILTROS;23,0;32,29
PC008298;VALVULA TERMOSTATICA PESADO PARALELA B;ARREFECIMENTO;17,0;660,13
PC008299;CAMARA DE AR PESADO PARALELA A;RODAS_PNEUS;51,0;968,9
PC008300;FEIXE DE MOLA REFORCADO PARALELA A;SUSPENSAO;18,0;779,59
PC008301;CORREIA DENTADA PESADO REMANUFATURADO;MOTOR;1,0;6260,95
PC008302;ROLAMENTO DE RODA  PARALELA A;RODAS_PNEUS;5,0;478,89
PC008303;SINCRONIZADOR REFORCADO REMANUFATURADO;TRANSMISSAO;36,0;3458,47
PC008304;BOLSA DE AR SUSPENSAO REFORCADO PARALELA B;SUSPENSAO;15,0;1238,99
PC008305;MANGUEIRA DE FREIO AR LEVE ORIGINAL;FREIOS;4,0;159,58
PC008306;FILTRO SEPARADOR AGUA STD PARALELA B;FILTROS;3,0;60,94
PC008307;LONA DE FREIO REFORCADO PARALELA A;FREIOS;3,0;238,15
PC008308;CRUZETA CARDAN PESADO REMANUFATURADO;TRANSMISSAO;16,0;600,97
PC008309;PARA-CHOQUE DIANTEIRO STD REMANUFATURADO;CARROCERIA;3,0;716,42
PC008310;VALVULA DE FREIO REFORCADO PARALELA A;FREIOS;5,0;209,92
PC008311;FAROL DIANTEIRO LED PESADO ORIGINAL;ELETRICA;44,0;175,84
PC008312;BARRA ESTABILIZADORA PESADO PARALELA A;SUSPENSAO;21,0;238,77
PC008313;AMORTECEDOR TRASEIRO LEVE PARALELA B;SUSPENSAO;66,0;962,36
PC008314;FILTRO DE CABINE REFORCADO PARALELA A;FILTROS;27,0;94,6
PC008315;ENGATE DE REBOQUE LEVE PARALELA A;ARTICULACAO_5RODA;1,0;2470,42
PC008316;DISCO DE EMBREAGEM REFORCADO ORIGINAL;TRANSMISSAO;12,0;4497,63
PC008317;SAPATA DE FREIO REFORCADO PARALELA B;FREIOS;96,0;133,08
PC008318;BICO INJETOR  ORIGINAL;MOTOR;1,0;3982,61
PC008319;BUCHA DE MOLA PESADO PARALELA A;SUSPENSAO;27,0;1130,68
PC008320;VENTOINHA  PARALELA A;ARREFECIMENTO;51,0;641,57
PC008321;CAMISA DE CILINDRO LEVE PARALELA A;MOTOR;1,0;2141,08
PC008322;BOMBA INJETORA PESADO PARALELA A;MOTOR;6,0;4839,11
PC008323;TAMBOR DE FREIO  REMANUFATURADO;FREIOS;59,0;361,83
PC008324;ROLAMENTO DE EMBREAGEM  ORIGINAL;TRANSMISSAO;25,0;1929,58
PC008325;PINO REI  REMANUFATURADO;ARTICULACAO_5RODA;1,0;2379,31
PC008326;PARA-LAMA  PARALELA A;CARROCERIA;23,0;603,15
PC008327;VALVULA DE ADMISSAO PESADO PARALELA A;MOTOR;5,0;2657,95
PC008328;PNEU RADIAL 295/80 LEVE ORIGINAL;RODAS_PNEUS;2,0;391,69
PC008329;MACANETA DE PORTA LEVE PARALELA B;CARROCERIA;15,0;1066,68
PC008330;CUBO DE RODA LEVE ORIGINAL;RODAS_PNEUS;3,0;440,06
PC008331;BOMBA D AGUA LEVE PARALELA B;ARREFECIMENTO;6,0;409,84
PC008332;PASTILHA DE FREIO STD PARALELA B;FREIOS;8,0;214,55
PC008333;CAIXA DE CAMBIO COMPLETA PESADO PARALELA A;TRANSMISSAO;87,0;3822,39
PC008334;ALTERNADOR  PARALELA B;ELETRICA;68,0;496,83
PC008335;LANTERNA TRASEIRA  ORIGINAL;ELETRICA;119,0;778,91
PC008336;MOTOR DE PARTIDA REFORCADO PARALELA A;ELETRICA;4,0;341,22
PC008337;JUNTA DE CABECOTE STD PARALELA A;MOTOR;20,0;3145,03
PC008338;SENSOR ABS PESADO REMANUFATURADO;ELETRICA;32,0;996,9
PC008339;RESERVATORIO EXPANSAO REFORCADO PARALELA B;ARREFECIMENTO;7,0;669,15
PC008340;TURBO COMPRESSOR STD ORIGINAL;MOTOR;17,0;1795,78
PC008341;MANGUEIRA RADIADOR STD PARALELA A;ARREFECIMENTO;19,0;776,17
PC008342;PINO MESTRE  REMANUFATURADO;SUSPENSAO;44,0;350,28
PC008343;QUINTA RODA COMPLETA PESADO ORIGINAL;ARTICULACAO_5RODA;12,0;1888,2
PC008344;EIXO CARDAN STD PARALELA A;TRANSMISSAO;3,0;5527,01
PC008345;PLATO DE EMBREAGEM LEVE PARALELA B;TRANSMISSAO;72,0;1094,67
PC008346;FILTRO DE OLEO MOTOR  ORIGINAL;MOTOR;15,0;3082,01
PC008347;BATERIA 150AH  ORIGINAL;ELETRICA;8,0;959,36
PC008348;DISCO DE FREIO LEVE PARALELA A;FREIOS;19,0;220,28
PC008349;CILINDRO MESTRE STD ORIGINAL;FREIOS;1,0;163,69
PC008350;CHICOTE ELETRICO  PARALELA A;ELETRICA;2,0;1016,11
PC008351;PARAFUSO DE RODA LEVE ORIGINAL;RODAS_PNEUS;4,0;1085,32
PC008352;RADIADOR COMPLETO PESADO PARALELA A;ARREFECIMENTO;0,0;378,48
PC008353;FILTRO DE OLEO CAMBIO LEVE REMANUFATURADO;FILTROS;9,0;53,71
PC008355;RODA DE ACO ARO 22 LEVE ORIGINAL;RODAS_PNEUS;16,0;475,47
PC008356;VIDRO LATERAL PESADO REMANUFATURADO;CARROCERIA;2,0;675,34
PC008357;MANGOTE PNEUMATICO LEVE PARALELA B;ARTICULACAO_5RODA;10,0;1322,27
PC008358;PARA-BRISA LEVE ORIGINAL;CARROCERIA;1,0;868,22
PC008359;AMORTECEDOR DIANTEIRO  ORIGINAL;SUSPENSAO;17,0;800,23
PC008360;FILTRO DE COMBUSTIVEL PESADO PARALELA B;FILTROS;3,0;121,32
PC008361;FILTRO DE AR MOTOR  ORIGINAL;FILTROS;80,0;18,81
PC008362;VALVULA TERMOSTATICA PESADO ORIGINAL;ARREFECIMENTO;94,0;669,22
PC008363;CAMARA DE AR  PARALELA B;RODAS_PNEUS;35,0;1495,92
PC008364;FEIXE DE MOLA REFORCADO REMANUFATURADO;SUSPENSAO;2,0;222,78
PC008366;ROLAMENTO DE RODA STD ORIGINAL;RODAS_PNEUS;10,0;1003,55
PC008367;SINCRONIZADOR  REMANUFATURADO;TRANSMISSAO;14,0;6874,47
PC008369;MANGUEIRA DE FREIO AR PESADO ORIGINAL;FREIOS;616,0;225,65
PC008370;FILTRO SEPARADOR AGUA PESADO REMANUFATURADO;FILTROS;5,0;75,22
PC008371;LONA DE FREIO  ORIGINAL;FREIOS;2,0;98,36
PC008372;CRUZETA CARDAN  PARALELA A;TRANSMISSAO;15,0;2505,61
PC008373;PARA-CHOQUE DIANTEIRO PESADO ORIGINAL;CARROCERIA;19,0;906,74
PC008374;VALVULA DE FREIO  REMANUFATURADO;FREIOS;0,0;207,73
PC008375;FAROL DIANTEIRO LED STD ORIGINAL;ELETRICA;61,0;149,44
PC008376;BARRA ESTABILIZADORA STD ORIGINAL;SUSPENSAO;2,0;473,69
PC008377;AMORTECEDOR TRASEIRO REFORCADO ORIGINAL;SUSPENSAO;18,0;858,23
PC008378;FILTRO DE CABINE REFORCADO PARALELA A;FILTROS;76,0;89,31
PC008379;ENGATE DE REBOQUE STD PARALELA B;ARTICULACAO_5RODA;3,0;2061,68
PC008380;DISCO DE EMBREAGEM PESADO REMANUFATURADO;TRANSMISSAO;45,0;7414,22
PC008381;SAPATA DE FREIO PESADO PARALELA A;FREIOS;8,0;62,55
PC008382;BICO INJETOR PESADO ORIGINAL;MOTOR;10,0;3387,72
PC008383;BUCHA DE MOLA STD ORIGINAL;SUSPENSAO;55,0;151,81
PC008384;VENTOINHA PESADO REMANUFATURADO;ARREFECIMENTO;23,0;383,59
PC008385;CAMISA DE CILINDRO PESADO PARALELA B;MOTOR;23,0;3986,17
PC008386;BOMBA INJETORA  PARALELA A;MOTOR;1,0;5467,18
PC008387;TAMBOR DE FREIO  ORIGINAL;FREIOS;53,0;296,84
PC008388;ROLAMENTO DE EMBREAGEM REFORCADO PARALELA A;TRANSMISSAO;11,0;1411,94
PC008389;PINO REI  PARALELA A;ARTICULACAO_5RODA;6,0;1742,43
PC008390;PARA-LAMA LEVE REMANUFATURADO;CARROCERIA;6,0;338,07
PC008391;VALVULA DE ADMISSAO REFORCADO PARALELA B;MOTOR;1,0;3755,24
PC008393;MACANETA DE PORTA  PARALELA B;CARROCERIA;23,0;210,39
PC008394;CUBO DE RODA REFORCADO ORIGINAL;RODAS_PNEUS;109,0;651,7
PC008395;BOMBA D AGUA LEVE PARALELA A;ARREFECIMENTO;5,0;171,74
PC008396;PASTILHA DE FREIO REFORCADO REMANUFATURADO;FREIOS;12,0;94,66
PC008397;CAIXA DE CAMBIO COMPLETA PESADO ORIGINAL;TRANSMISSAO;145,0;6823,51
PC008398;ALTERNADOR  ORIGINAL;ELETRICA;68,0;144,83
PC008399;LANTERNA TRASEIRA  REMANUFATURADO;ELETRICA;12,0;741,26
PC008400;MOTOR DE PARTIDA STD REMANUFATURADO;ELETRICA;3,0;721,72
PC008401;JUNTA DE CABECOTE  ORIGINAL;MOTOR;9,0;2953,88
PC008402;SENSOR ABS LEVE PARALELA A;ELETRICA;12,0;956,02
PC008403;RESERVATORIO EXPANSAO  ORIGINAL;ARREFECIMENTO;40,0;740,99
PC008404;TURBO COMPRESSOR  PARALELA B;MOTOR;3,0;4171,88
PC008405;MANGUEIRA RADIADOR LEVE PARALELA B;ARREFECIMENTO;2,0;270,82
PC008406;PINO MESTRE  PARALELA A;SUSPENSAO;53,0;724,68
PC008407;QUINTA RODA COMPLETA REFORCADO PARALELA A;ARTICULACAO_5RODA;2,0;344,48
PC008408;EIXO CARDAN REFORCADO ORIGINAL;TRANSMISSAO;3,0;8434,61
PC008409;PLATO DE EMBREAGEM PESADO ORIGINAL;TRANSMISSAO;20,0;2339,29
PC008410;FILTRO DE OLEO MOTOR  PARALELA A;MOTOR;1,0;1031,38
PC008411;BATERIA 150AH  ORIGINAL;ELETRICA;17,0;918,08
PC008412;DISCO DE FREIO PESADO PARALELA B;FREIOS;35,0;291,76
PC008413;CILINDRO MESTRE LEVE REMANUFATURADO;FREIOS;2,0;154,9
PC008414;CHICOTE ELETRICO REFORCADO PARALELA A;ELETRICA;25,0;498,25
PC008415;PARAFUSO DE RODA  PARALELA A;RODAS_PNEUS;57,0;661,04
PC008416;RADIADOR COMPLETO REFORCADO PARALELA A;ARREFECIMENTO;2,0;760,2
PC008417;FILTRO DE OLEO CAMBIO STD REMANUFATURADO;FILTROS;26,0;69,09
PC008418;ESPELHO RETROVISOR REFORCADO PARALELA B;CARROCERIA;13,0;990,38
PC008419;RODA DE ACO ARO 22  PARALELA B;RODAS_PNEUS;1,0;1499,11
PC008420;VIDRO LATERAL STD PARALELA A;CARROCERIA;37,0;946,66
PC008421;MANGOTE PNEUMATICO PESADO ORIGINAL;ARTICULACAO_5RODA;4,0;595,58
PC008422;PARA-BRISA STD PARALELA A;CARROCERIA;41,0;350,2
PC008423;AMORTECEDOR DIANTEIRO  PARALELA A;SUSPENSAO;3,0;483,73
PC008424;FILTRO DE COMBUSTIVEL PESADO ORIGINAL;FILTROS;195,0;56,41
PC008425;FILTRO DE AR MOTOR REFORCADO PARALELA A;FILTROS;0,0;30,86
PC008426;VALVULA TERMOSTATICA STD PARALELA B;ARREFECIMENTO;6,0;390,41
PC008427;CAMARA DE AR STD REMANUFATURADO;RODAS_PNEUS;5,0;1466,62
PC008428;FEIXE DE MOLA PESADO PARALELA A;SUSPENSAO;46,0;110,51
PC008429;CORREIA DENTADA  REMANUFATURADO;MOTOR;348,0;862,38
PC008430;ROLAMENTO DE RODA PESADO ORIGINAL;RODAS_PNEUS;21,0;1906,31
PC008431;SINCRONIZADOR PESADO ORIGINAL;TRANSMISSAO;23,0;6648,8
PC008432;BOLSA DE AR SUSPENSAO REFORCADO PARALELA A;SUSPENSAO;135,0;321,03
PC008433;MANGUEIRA DE FREIO AR STD REMANUFATURADO;FREIOS;455,0;100,42
PC008434;FILTRO SEPARADOR AGUA  PARALELA A;FILTROS;12,0;31,77
PC008435;LONA DE FREIO PESADO PARALELA A;FREIOS;32,0;302,02
PC008436;CRUZETA CARDAN REFORCADO ORIGINAL;TRANSMISSAO;1,0;3514,69
PC008437;PARA-CHOQUE DIANTEIRO LEVE REMANUFATURADO;CARROCERIA;23,0;132,12
PC008438;VALVULA DE FREIO  ORIGINAL;FREIOS;19,0;277,49
PC008439;FAROL DIANTEIRO LED STD REMANUFATURADO;ELETRICA;7,0;1170,73
PC008440;BARRA ESTABILIZADORA LEVE PARALELA A;SUSPENSAO;59,0;843,99
PC008441;AMORTECEDOR TRASEIRO PESADO ORIGINAL;SUSPENSAO;3,0;802,85
PC008442;FILTRO DE CABINE LEVE ORIGINAL;FILTROS;4,0;32,63
PC008443;ENGATE DE REBOQUE LEVE ORIGINAL;ARTICULACAO_5RODA;1,0;521,35
PC008444;DISCO DE EMBREAGEM REFORCADO PARALELA B;TRANSMISSAO;15,0;4316,42
PC008445;SAPATA DE FREIO REFORCADO PARALELA B;FREIOS;36,0;323,04
PC008446;BICO INJETOR  ORIGINAL;MOTOR;3,0;1164,9
PC008447;BUCHA DE MOLA REFORCADO PARALELA A;SUSPENSAO;7,0;176,12
PC008448;VENTOINHA  PARALELA A;ARREFECIMENTO;5,0;1044,68
PC008449;CAMISA DE CILINDRO STD ORIGINAL;MOTOR;78,0;209,0
PC008450;BOMBA INJETORA REFORCADO REMANUFATURADO;MOTOR;42,0;5696,73
PC008451;TAMBOR DE FREIO LEVE REMANUFATURADO;FREIOS;38,0;261,69
PC008452;ROLAMENTO DE EMBREAGEM STD PARALELA B;TRANSMISSAO;6,0;3945,5
PC008453;PINO REI  ORIGINAL;ARTICULACAO_5RODA;248,0;1390,35
PC008454;PARA-LAMA LEVE PARALELA A;CARROCERIA;29,0;522,47
PC008455;VALVULA DE ADMISSAO PESADO PARALELA A;MOTOR;10,0;3667,41
PC008456;PNEU RADIAL 295/80 PESADO PARALELA B;RODAS_PNEUS;21,0;1677,89
PC008457;MACANETA DE PORTA STD REMANUFATURADO;CARROCERIA;31,0;250,07
PC008458;CUBO DE RODA PESADO PARALELA B;RODAS_PNEUS;3,0;1286,32
PC008459;BOMBA D AGUA LEVE PARALELA A;ARREFECIMENTO;126,0;128,25
PC008460;PASTILHA DE FREIO LEVE ORIGINAL;FREIOS;43,0;65,09
PC008462;ALTERNADOR REFORCADO PARALELA B;ELETRICA;1,0;264,69
PC008463;LANTERNA TRASEIRA  PARALELA A;ELETRICA;28,0;1526,01
PC008464;MOTOR DE PARTIDA  PARALELA A;ELETRICA;7,0;305,94
PC008465;JUNTA DE CABECOTE STD ORIGINAL;MOTOR;36,0;2819,35
PC008466;SENSOR ABS PESADO PARALELA A;ELETRICA;7,0;523,74
PC008467;RESERVATORIO EXPANSAO LEVE PARALELA A;ARREFECIMENTO;15,0;111,5
PC008468;TURBO COMPRESSOR REFORCADO ORIGINAL;MOTOR;20,0;3416,09
PC008469;MANGUEIRA RADIADOR  PARALELA A;ARREFECIMENTO;13,0;522,6
PC008470;PINO MESTRE LEVE PARALELA A;SUSPENSAO;24,0;527,02
PC008471;QUINTA RODA COMPLETA LEVE PARALELA B;ARTICULACAO_5RODA;4,0;1515,21
PC008472;EIXO CARDAN REFORCADO REMANUFATURADO;TRANSMISSAO;7,0;1807,91
PC008473;PLATO DE EMBREAGEM STD ORIGINAL;TRANSMISSAO;36,0;3797,56
PC008474;FILTRO DE OLEO MOTOR  PARALELA A;MOTOR;7,0;1478,67
PC008475;BATERIA 150AH  PARALELA A;ELETRICA;54,0;1054,73
PC008476;DISCO DE FREIO  PARALELA A;FREIOS;47,0;345,38
PC008477;CILINDRO MESTRE PESADO ORIGINAL;FREIOS;28,0;116,09
PC008478;CHICOTE ELETRICO REFORCADO PARALELA B;ELETRICA;2,0;656,06
PC008479;PARAFUSO DE RODA PESADO REMANUFATURADO;RODAS_PNEUS;190,0;1445,41
PC008480;RADIADOR COMPLETO LEVE REMANUFATURADO;ARREFECIMENTO;33,0;70,38
PC008481;FILTRO DE OLEO CAMBIO PESADO ORIGINAL;FILTROS;21,0;31,77
PC008482;ESPELHO RETROVISOR STD ORIGINAL;CARROCERIA;7,0;581,63
PC008483;RODA DE ACO ARO 22 PESADO PARALELA A;RODAS_PNEUS;2,0;257,98
PC008484;VIDRO LATERAL PESADO ORIGINAL;CARROCERIA;131,0;884,93
PC008485;MANGOTE PNEUMATICO STD PARALELA A;ARTICULACAO_5RODA;22,0;1590,94
PC008486;PARA-BRISA LEVE ORIGINAL;CARROCERIA;12,0;413,67
PC008487;AMORTECEDOR DIANTEIRO  PARALELA B;SUSPENSAO;17,0;123,79
PC008488;FILTRO DE COMBUSTIVEL PESADO ORIGINAL;FILTROS;3,0;63,53
PC008489;FILTRO DE AR MOTOR REFORCADO PARALELA B;FILTROS;3,0;72,21
PC008490;VALVULA TERMOSTATICA LEVE ORIGINAL;ARREFECIMENTO;10,0;151,25
PC008491;CAMARA DE AR PESADO REMANUFATURADO;RODAS_PNEUS;11,0;940,96
PC008492;FEIXE DE MOLA PESADO ORIGINAL;SUSPENSAO;0,0;504,22
PC008493;CORREIA DENTADA STD PARALELA A;MOTOR;39,0;1621,58
PC008494;ROLAMENTO DE RODA LEVE PARALELA A;RODAS_PNEUS;101,0;677,79
PC008495;SINCRONIZADOR PESADO PARALELA A;TRANSMISSAO;5,0;3021,9
PC008496;BOLSA DE AR SUSPENSAO  PARALELA A;SUSPENSAO;2,0;449,19
PC008497;MANGUEIRA DE FREIO AR STD ORIGINAL;FREIOS;120,0;168,9
PC008498;FILTRO SEPARADOR AGUA  REMANUFATURADO;FILTROS;13,0;22,05
PC008499;LONA DE FREIO PESADO ORIGINAL;FREIOS;1,0;121,58
PC008500;CRUZETA CARDAN REFORCADO PARALELA B;TRANSMISSAO;395,0;1752,63
PC008501;PARA-CHOQUE DIANTEIRO REFORCADO PARALELA A;CARROCERIA;34,0;739,02
PC008502;VALVULA DE FREIO LEVE ORIGINAL;FREIOS;48,0;152,37
PC008503;FAROL DIANTEIRO LED LEVE ORIGINAL;ELETRICA;23,0;643,78
PC008504;BARRA ESTABILIZADORA PESADO PARALELA A;SUSPENSAO;44,0;187,33
PC008505;AMORTECEDOR TRASEIRO  ORIGINAL;SUSPENSAO;197,0;1095,53
PC008506;FILTRO DE CABINE STD PARALELA A;FILTROS;1,0;48,48
PC008507;ENGATE DE REBOQUE LEVE PARALELA A;ARTICULACAO_5RODA;19,0;528,25
PC008508;DISCO DE EMBREAGEM PESADO ORIGINAL;TRANSMISSAO;182,0;8601,82
PC008509;SAPATA DE FREIO LEVE REMANUFATURADO;FREIOS;9,0;367,96
PC008510;BICO INJETOR LEVE PARALELA A;MOTOR;16,0;5585,48
PC008511;BUCHA DE MOLA  ORIGINAL;SUSPENSAO;25,0;952,97
PC008512;VENTOINHA LEVE PARALELA A;ARREFECIMENTO;536,0;384,63
PC008513;CAMISA DE CILINDRO  ORIGINAL;MOTOR;1,0;5560,77
PC008514;BOMBA INJETORA LEVE ORIGINAL;MOTOR;6,0;2622,6
PC008515;TAMBOR DE FREIO LEVE PARALELA B;FREIOS;14,0;357,0
PC008516;ROLAMENTO DE EMBREAGEM STD ORIGINAL;TRANSMISSAO;6,0;3101,27
PC008517;PINO REI REFORCADO REMANUFATURADO;ARTICULACAO_5RODA;227,0;966,96
PC008518;PARA-LAMA STD PARALELA B;CARROCERIA;16,0;763,66
PC008519;VALVULA DE ADMISSAO STD PARALELA A;MOTOR;49,0;6269,22
PC008520;PNEU RADIAL 295/80  ORIGINAL;RODAS_PNEUS;17,0;660,19
PC008521;MACANETA DE PORTA PESADO REMANUFATURADO;CARROCERIA;20,0;496,63
PC008522;CUBO DE RODA LEVE PARALELA B;RODAS_PNEUS;31,0;1887,02
PC008523;BOMBA D AGUA STD PARALELA A;ARREFECIMENTO;190,0;896,53
PC008524;PASTILHA DE FREIO STD ORIGINAL;FREIOS;12,0;142,5
PC008525;CAIXA DE CAMBIO COMPLETA REFORCADO ORIGINAL;TRANSMISSAO;27,0;999,86
PC008526;ALTERNADOR STD PARALELA B;ELETRICA;12,0;1306,23
PC008527;LANTERNA TRASEIRA  PARALELA A;ELETRICA;32,0;60,7
PC008528;MOTOR DE PARTIDA STD REMANUFATURADO;ELETRICA;3,0;606,23
PC008529;JUNTA DE CABECOTE LEVE PARALELA A;MOTOR;5,0;476,68
PC008530;SENSOR ABS  ORIGINAL;ELETRICA;22,0;154,8
PC008531;RESERVATORIO EXPANSAO REFORCADO ORIGINAL;ARREFECIMENTO;14,0;574,02
PC008532;TURBO COMPRESSOR STD PARALELA A;MOTOR;14,0;3943,28
PC008533;MANGUEIRA RADIADOR STD PARALELA A;ARREFECIMENTO;5,0;1005,48
PC008534;PINO MESTRE LEVE PARALELA A;SUSPENSAO;1,0;900,33
PC008535;QUINTA RODA COMPLETA  ORIGINAL;ARTICULACAO_5RODA;70,0;1839,88
PC008536;EIXO CARDAN REFORCADO ORIGINAL;TRANSMISSAO;8,0;1430,5
PC008537;PLATO DE EMBREAGEM REFORCADO PARALELA A;TRANSMISSAO;14,0;3773,62
PC008538;FILTRO DE OLEO MOTOR LEVE ORIGINAL;MOTOR;13,0;2703,26
PC008539;BATERIA 150AH REFORCADO ORIGINAL;ELETRICA;35,0;777,07
PC008540;DISCO DE FREIO PESADO REMANUFATURADO;FREIOS;88,0;359,58
PC008541;CILINDRO MESTRE STD ORIGINAL;FREIOS;2,0;157,18
PC008542;CHICOTE ELETRICO STD ORIGINAL;ELETRICA;14,0;266,92
PC008543;PARAFUSO DE RODA STD ORIGINAL;RODAS_PNEUS;5,0;1457,86
PC008544;RADIADOR COMPLETO REFORCADO ORIGINAL;ARREFECIMENTO;262,0;717,19
PC008545;FILTRO DE OLEO CAMBIO  REMANUFATURADO;FILTROS;3,0;101,08
PC008546;ESPELHO RETROVISOR  PARALELA A;CARROCERIA;10,0;968,3
PC008547;RODA DE ACO ARO 22 LEVE PARALELA A;RODAS_PNEUS;17,0;578,06
PC008548;VIDRO LATERAL LEVE ORIGINAL;CARROCERIA;119,0;111,57
PC008549;MANGOTE PNEUMATICO STD PARALELA B;ARTICULACAO_5RODA;25,0;2291,29
PC008550;PARA-BRISA  PARALELA B;CARROCERIA;17,0;671,8
PC008551;AMORTECEDOR DIANTEIRO LEVE ORIGINAL;SUSPENSAO;10,0;824,46
PC008552;FILTRO DE COMBUSTIVEL REFORCADO PARALELA A;FILTROS;6,0;84,33
PC008553;FILTRO DE AR MOTOR REFORCADO PARALELA B;FILTROS;82,0;16,57
PC008554;VALVULA TERMOSTATICA PESADO PARALELA B;ARREFECIMENTO;10,0;726,06
PC008555;CAMARA DE AR REFORCADO PARALELA A;RODAS_PNEUS;4,0;867,05
PC008556;FEIXE DE MOLA  PARALELA A;SUSPENSAO;23,0;536,2
PC008557;CORREIA DENTADA PESADO ORIGINAL;MOTOR;14,0;2563,95
PC008558;ROLAMENTO DE RODA  ORIGINAL;RODAS_PNEUS;1,0;1671,66
PC008559;SINCRONIZADOR LEVE REMANUFATURADO;TRANSMISSAO;520,0;6101,87
PC008560;BOLSA DE AR SUSPENSAO  ORIGINAL;SUSPENSAO;2,0;267,89
PC008561;MANGUEIRA DE FREIO AR STD REMANUFATURADO;FREIOS;42,0;73,23
PC008562;FILTRO SEPARADOR AGUA PESADO PARALELA B;FILTROS;124,0;42,95
PC008563;LONA DE FREIO  PARALELA A;FREIOS;56,0;396,78
PC008564;CRUZETA CARDAN REFORCADO PARALELA A;TRANSMISSAO;35,0;5941,37
PC008565;PARA-CHOQUE DIANTEIRO  PARALELA B;CARROCERIA;103,0;237,01
PC008566;VALVULA DE FREIO  ORIGINAL;FREIOS;26,0;59,62
PC008567;FAROL DIANTEIRO LED REFORCADO PARALELA B;ELETRICA;5,0;1153,2
PC008568;BARRA ESTABILIZADORA LEVE PARALELA B;SUSPENSAO;0,0;865,29
PC008569;AMORTECEDOR TRASEIRO STD PARALELA A;SUSPENSAO;8,0;153,95
PC008570;FILTRO DE CABINE LEVE ORIGINAL;FILTROS;286,0;44,07
PC008571;ENGATE DE REBOQUE  ORIGINAL;ARTICULACAO_5RODA;1,0;2284,69
PC008572;DISCO DE EMBREAGEM STD ORIGINAL;TRANSMISSAO;5,0;3605,86
PC008573;SAPATA DE FREIO REFORCADO REMANUFATURADO;FREIOS;1,0;272,57
PC008574;BICO INJETOR  PARALELA B;MOTOR;324,0;3100,85
PC008575;BUCHA DE MOLA REFORCADO REMANUFATURADO;SUSPENSAO;43,0;810,66
PC008576;VENTOINHA LEVE PARALELA B;ARREFECIMENTO;7,0;90,74
PC008577;CAMISA DE CILINDRO  REMANUFATURADO;MOTOR;6,0;545,43
PC008578;BOMBA INJETORA LEVE PARALELA A;MOTOR;3,0;6040,38
PC008579;TAMBOR DE FREIO PESADO PARALELA B;FREIOS;14,0;261,08
PC008580;ROLAMENTO DE EMBREAGEM REFORCADO ORIGINAL;TRANSMISSAO;41,0;2304,56
PC008581;PINO REI REFORCADO REMANUFATURADO;ARTICULACAO_5RODA;9,0;1314,0
PC008582;PARA-LAMA STD ORIGINAL;CARROCERIA;15,0;154,46
PC008583;VALVULA DE ADMISSAO REFORCADO ORIGINAL;MOTOR;19,0;2102,2
PC008584;PNEU RADIAL 295/80 PESADO REMANUFATURADO;RODAS_PNEUS;7,0;385,02
PC008585;MACANETA DE PORTA STD ORIGINAL;CARROCERIA;15,0;948,99
PC008586;CUBO DE RODA LEVE PARALELA A;RODAS_PNEUS;51,0;802,55
PC008587;BOMBA D AGUA REFORCADO REMANUFATURADO;ARREFECIMENTO;10,0;475,07
PC008588;PASTILHA DE FREIO PESADO ORIGINAL;FREIOS;10,0;76,69
PC008589;CAIXA DE CAMBIO COMPLETA PESADO REMANUFATURADO;TRANSMISSAO;141,0;2109,48
PC008591;LANTERNA TRASEIRA REFORCADO REMANUFATURADO;ELETRICA;31,0;311,28
PC008592;MOTOR DE PARTIDA REFORCADO PARALELA B;ELETRICA;4,0;759,71
PC008593;JUNTA DE CABECOTE REFORCADO PARALELA B;MOTOR;1,0;4308,56
PC008594;SENSOR ABS PESADO ORIGINAL;ELETRICA;4,0;820,93
PC008595;RESERVATORIO EXPANSAO  PARALELA B;ARREFECIMENTO;21,0;87,0
PC008596;TURBO COMPRESSOR  PARALELA A;MOTOR;1,0;1469,49
PC008597;MANGUEIRA RADIADOR PESADO REMANUFATURADO;ARREFECIMENTO;89,0;960,38
PC008598;PINO MESTRE  PARALELA A;SUSPENSAO;82,0;419,98
PC008599;QUINTA RODA COMPLETA  PARALELA B;ARTICULACAO_5RODA;9,0;810,4
PC008600;EIXO CARDAN STD REMANUFATURADO;TRANSMISSAO;7,0;2296,5
PC008601;PLATO DE EMBREAGEM REFORCADO PARALELA A;TRANSMISSAO;135,0;7152,32
PC008602;FILTRO DE OLEO MOTOR REFORCADO PARALELA A;MOTOR;10,0;3194,54
PC008603;BATERIA 150AH LEVE ORIGINAL;ELETRICA;20,0;1133,31
PC008604;DISCO DE FREIO  ORIGINAL;FREIOS;4,0;237,13
PC008605;CILINDRO MESTRE LEVE PARALELA B;FREIOS;12,0;158,68
PC008606;CHICOTE ELETRICO STD PARALELA A;ELETRICA;6,0;848,11
PC008607;PARAFUSO DE RODA  PARALELA A;RODAS_PNEUS;6,0;1089,64
PC008609;FILTRO DE OLEO CAMBIO REFORCADO PARALELA B;FILTROS;11,0;61,63
PC008610;ESPELHO RETROVISOR STD REMANUFATURADO;CARROCERIA;50,0;166,21
PC008611;RODA DE ACO ARO 22 STD PARALELA A;RODAS_PNEUS;9,0;1552,44
PC008612;VIDRO LATERAL  ORIGINAL;CARROCERIA;11,0;821,27
PC008613;MANGOTE PNEUMATICO LEVE ORIGINAL;ARTICULACAO_5RODA;54,0;1024,89
PC008614;PARA-BRISA REFORCADO REMANUFATURADO;CARROCERIA;339,0;656,15
PC008615;AMORTECEDOR DIANTEIRO STD PARALELA B;SUSPENSAO;2,0;348,35
PC008616;FILTRO DE COMBUSTIVEL  PARALELA B;FILTROS;18,0;90,05
PC008617;FILTRO DE AR MOTOR PESADO PARALELA A;FILTROS;204,0;22,58
PC008618;VALVULA TERMOSTATICA REFORCADO PARALELA A;ARREFECIMENTO;14,0;130,66
PC008619;CAMARA DE AR PESADO PARALELA A;RODAS_PNEUS;6,0;935,26
PC008620;FEIXE DE MOLA REFORCADO PARALELA A;SUSPENSAO;47,0;1116,01
PC008621;CORREIA DENTADA  REMANUFATURADO;MOTOR;4,0;3605,73
PC008622;ROLAMENTO DE RODA  ORIGINAL;RODAS_PNEUS;72,0;1231,93
PC008623;SINCRONIZADOR REFORCADO ORIGINAL;TRANSMISSAO;39,0;4051,07
PC008624;BOLSA DE AR SUSPENSAO STD ORIGINAL;SUSPENSAO;3,0;697,37
PC008625;MANGUEIRA DE FREIO AR PESADO PARALELA B;FREIOS;344,0;270,43
PC008626;FILTRO SEPARADOR AGUA  REMANUFATURADO;FILTROS;50,0;35,35
PC008627;LONA DE FREIO PESADO PARALELA A;FREIOS;17,0;287,3
PC008628;CRUZETA CARDAN STD REMANUFATURADO;TRANSMISSAO;19,0;6164,69
PC008629;PARA-CHOQUE DIANTEIRO  ORIGINAL;CARROCERIA;14,0;254,57
PC008630;VALVULA DE FREIO  ORIGINAL;FREIOS;6,0;262,11
PC008631;FAROL DIANTEIRO LED REFORCADO PARALELA B;ELETRICA;2,0;1057,19
PC008632;BARRA ESTABILIZADORA PESADO PARALELA A;SUSPENSAO;23,0;922,0
PC008633;AMORTECEDOR TRASEIRO PESADO ORIGINAL;SUSPENSAO;14,0;721,03
PC008634;FILTRO DE CABINE STD PARALELA B;FILTROS;5,0;112,62
PC008635;ENGATE DE REBOQUE STD REMANUFATURADO;ARTICULACAO_5RODA;6,0;2053,35
PC008636;DISCO DE EMBREAGEM STD PARALELA B;TRANSMISSAO;14,0;2839,93
PC008637;SAPATA DE FREIO REFORCADO ORIGINAL;FREIOS;6,0;321,4
PC008638;BICO INJETOR PESADO PARALELA A;MOTOR;32,0;5332,94
PC008639;BUCHA DE MOLA  ORIGINAL;SUSPENSAO;3,0;269,7
PC008640;VENTOINHA LEVE PARALELA A;ARREFECIMENTO;18,0;499,41
PC008641;CAMISA DE CILINDRO PESADO ORIGINAL;MOTOR;15,0;4056,28
PC008642;BOMBA INJETORA  ORIGINAL;MOTOR;2,0;1517,95
PC008643;TAMBOR DE FREIO REFORCADO PARALELA B;FREIOS;13,0;273,38
PC008644;ROLAMENTO DE EMBREAGEM PESADO PARALELA A;TRANSMISSAO;104,0;3943,3
PC008645;PINO REI LEVE PARALELA A;ARTICULACAO_5RODA;285,0;1937,49
PC008646;PARA-LAMA LEVE ORIGINAL;CARROCERIA;27,0;191,62
PC008647;VALVULA DE ADMISSAO STD PARALELA A;MOTOR;216,0;3793,54
PC008648;PNEU RADIAL 295/80 LEVE PARALELA B;RODAS_PNEUS;4,0;971,23
PC008649;MACANETA DE PORTA REFORCADO ORIGINAL;CARROCERIA;5,0;1079,62
PC008650;CUBO DE RODA REFORCADO PARALELA B;RODAS_PNEUS;7,0;371,92
PC008651;BOMBA D AGUA LEVE ORIGINAL;ARREFECIMENTO;8,0;305,13
PC008652;PASTILHA DE FREIO  ORIGINAL;FREIOS;30,0;406,47
PC008653;CAIXA DE CAMBIO COMPLETA REFORCADO PARALELA A;TRANSMISSAO;7,0;5739,93
PC008654;ALTERNADOR LEVE ORIGINAL;ELETRICA;12,0;543,54
PC008655;LANTERNA TRASEIRA PESADO PARALELA A;ELETRICA;4,0;363,88
PC008656;MOTOR DE PARTIDA REFORCADO PARALELA A;ELETRICA;2,0;124,65
PC008657;JUNTA DE CABECOTE  REMANUFATURADO;MOTOR;25,0;3170,23
PC008658;SENSOR ABS STD ORIGINAL;ELETRICA;15,0;731,17
PC008659;RESERVATORIO EXPANSAO PESADO PARALELA A;ARREFECIMENTO;9,0;676,6
PC008660;TURBO COMPRESSOR REFORCADO PARALELA B;MOTOR;17,0;373,86
PC008661;MANGUEIRA RADIADOR  ORIGINAL;ARREFECIMENTO;10,0;469,4
PC008662;PINO MESTRE REFORCADO PARALELA A;SUSPENSAO;137,0;212,0
PC008663;QUINTA RODA COMPLETA PESADO ORIGINAL;ARTICULACAO_5RODA;3,0;2222,51
PC008665;PLATO DE EMBREAGEM REFORCADO REMANUFATURADO;TRANSMISSAO;87,0;2261,53
PC008666;FILTRO DE OLEO MOTOR REFORCADO PARALELA A;MOTOR;17,0;3926,68
PC008667;BATERIA 150AH  ORIGINAL;ELETRICA;5,0;837,94
PC008668;DISCO DE FREIO PESADO PARALELA A;FREIOS;3,0;273,58
PC008669;CILINDRO MESTRE LEVE PARALELA B;FREIOS;3,0;302,13
PC008670;CHICOTE ELETRICO STD REMANUFATURADO;ELETRICA;15,0;943,6
PC008671;PARAFUSO DE RODA REFORCADO PARALELA B;RODAS_PNEUS;52,0;232,54
PC008672;RADIADOR COMPLETO PESADO PARALELA A;ARREFECIMENTO;3,0;244,4
PC008673;FILTRO DE OLEO CAMBIO PESADO PARALELA B;FILTROS;43,0;57,74
PC008674;ESPELHO RETROVISOR STD ORIGINAL;CARROCERIA;10,0;468,7
PC008675;RODA DE ACO ARO 22  PARALELA B;RODAS_PNEUS;10,0;1148,98
PC008676;VIDRO LATERAL PESADO ORIGINAL;CARROCERIA;20,0;51,04
PC008677;MANGOTE PNEUMATICO REFORCADO PARALELA A;ARTICULACAO_5RODA;11,0;3183,36
PC008678;PARA-BRISA  ORIGINAL;CARROCERIA;151,0;431,31
PC008679;AMORTECEDOR DIANTEIRO  ORIGINAL;SUSPENSAO;40,0;361,71
PC008680;FILTRO DE COMBUSTIVEL PESADO ORIGINAL;FILTROS;191,0;40,19
PC008681;FILTRO DE AR MOTOR PESADO PARALELA A;FILTROS;48,0;100,39
PC008682;VALVULA TERMOSTATICA PESADO PARALELA A;ARREFECIMENTO;20,0;877,72
PC008683;CAMARA DE AR REFORCADO ORIGINAL;RODAS_PNEUS;2,0;1166,1
PC008684;FEIXE DE MOLA PESADO PARALELA B;SUSPENSAO;11,0;912,49
PC008685;CORREIA DENTADA  ORIGINAL;MOTOR;6,0;1377,39
PC008686;ROLAMENTO DE RODA  PARALELA B;RODAS_PNEUS;4,0;559,23
PC008687;SINCRONIZADOR REFORCADO PARALELA A;TRANSMISSAO;13,0;688,62
PC008688;BOLSA DE AR SUSPENSAO  PARALELA A;SUSPENSAO;3,0;369,07
PC008689;MANGUEIRA DE FREIO AR PESADO PARALELA B;FREIOS;6,0;86,07
PC008690;FILTRO SEPARADOR AGUA STD PARALELA A;FILTROS;20,0;63,06
PC008691;LONA DE FREIO REFORCADO ORIGINAL;FREIOS;4,0;257,7
PC008692;CRUZETA CARDAN PESADO ORIGINAL;TRANSMISSAO;9,0;2141,38
PC008693;PARA-CHOQUE DIANTEIRO REFORCADO PARALELA B;CARROCERIA;114,0;181,18
PC008694;VALVULA DE FREIO  ORIGINAL;FREIOS;19,0;274,74
PC008695;FAROL DIANTEIRO LED LEVE ORIGINAL;ELETRICA;21,0;1003,42
PC008696;BARRA ESTABILIZADORA LEVE PARALELA A;SUSPENSAO;196,0;449,63
PC008697;AMORTECEDOR TRASEIRO REFORCADO PARALELA A;SUSPENSAO;12,0;536,73
PC008698;FILTRO DE CABINE  REMANUFATURADO;FILTROS;6,0;85,53
PC008699;ENGATE DE REBOQUE LEVE PARALELA B;ARTICULACAO_5RODA;6,0;384,67
PC008700;DISCO DE EMBREAGEM PESADO PARALELA A;TRANSMISSAO;46,0;5907,32
PC008701;SAPATA DE FREIO LEVE PARALELA A;FREIOS;18,0;326,21
PC008702;BICO INJETOR PESADO PARALELA B;MOTOR;7,0;627,06
PC008703;BUCHA DE MOLA REFORCADO REMANUFATURADO;SUSPENSAO;18,0;1055,06
PC008704;VENTOINHA  ORIGINAL;ARREFECIMENTO;60,0;458,94
PC008705;CAMISA DE CILINDRO REFORCADO PARALELA A;MOTOR;80,0;4183,85
PC008706;BOMBA INJETORA  ORIGINAL;MOTOR;14,0;4803,05
PC008707;TAMBOR DE FREIO PESADO PARALELA B;FREIOS;10,0;202,66
PC008708;ROLAMENTO DE EMBREAGEM REFORCADO PARALELA A;TRANSMISSAO;30,0;1639,57
PC008709;PINO REI LEVE PARALELA B;ARTICULACAO_5RODA;14,0;2132,12
PC008710;PARA-LAMA STD ORIGINAL;CARROCERIA;88,0;398,53
PC008711;VALVULA DE ADMISSAO STD PARALELA A;MOTOR;3,0;2038,76
PC008712;PNEU RADIAL 295/80 STD PARALELA B;RODAS_PNEUS;46,0;1823,08
PC008713;MACANETA DE PORTA LEVE PARALELA A;CARROCERIA;5,0;608,45
PC008714;CUBO DE RODA LEVE PARALELA A;RODAS_PNEUS;34,0;635,82
PC008715;BOMBA D AGUA PESADO PARALELA A;ARREFECIMENTO;1,0;613,59
PC008716;PASTILHA DE FREIO REFORCADO ORIGINAL;FREIOS;15,0;178,5
PC008717;CAIXA DE CAMBIO COMPLETA STD ORIGINAL;TRANSMISSAO;10,0;4182,74
PC008718;ALTERNADOR LEVE ORIGINAL;ELETRICA;5,0;513,53
PC008719;LANTERNA TRASEIRA  PARALELA A;ELETRICA;19,0;747,81
PC008720;MOTOR DE PARTIDA REFORCADO PARALELA B;ELETRICA;5,0;785,24
PC008721;JUNTA DE CABECOTE LEVE REMANUFATURADO;MOTOR;135,0;760,42
PC008722;SENSOR ABS LEVE ORIGINAL;ELETRICA;5,0;613,4
PC008723;RESERVATORIO EXPANSAO LEVE PARALELA A;ARREFECIMENTO;1,0;708,14
PC008724;TURBO COMPRESSOR LEVE PARALELA A;MOTOR;29,0;4061,62
PC008725;MANGUEIRA RADIADOR STD PARALELA A;ARREFECIMENTO;2,0;939,72
PC008726;PINO MESTRE  ORIGINAL;SUSPENSAO;4,0;229,34
PC008727;QUINTA RODA COMPLETA REFORCADO PARALELA A;ARTICULACAO_5RODA;47,0;571,24
PC008728;EIXO CARDAN  ORIGINAL;TRANSMISSAO;590,0;6993,05
PC008729;PLATO DE EMBREAGEM PESADO PARALELA A;TRANSMISSAO;130,0;6811,41
PC008730;FILTRO DE OLEO MOTOR REFORCADO ORIGINAL;MOTOR;4,0;3474,77
PC008731;BATERIA 150AH REFORCADO PARALELA B;ELETRICA;9,0;66,2
PC008732;DISCO DE FREIO LEVE REMANUFATURADO;FREIOS;4,0;182,22
PC008733;CILINDRO MESTRE LEVE PARALELA A;FREIOS;19,0;343,38
PC008734;CHICOTE ELETRICO STD ORIGINAL;ELETRICA;6,0;1194,53
PC008735;PARAFUSO DE RODA STD PARALELA A;RODAS_PNEUS;12,0;291,36
PC008736;RADIADOR COMPLETO REFORCADO PARALELA A;ARREFECIMENTO;3,0;587,29
PC008737;FILTRO DE OLEO CAMBIO PESADO PARALELA A;FILTROS;45,0;54,16
PC008738;ESPELHO RETROVISOR PESADO PARALELA A;CARROCERIA;37,0;965,25
PC008739;RODA DE ACO ARO 22 PESADO ORIGINAL;RODAS_PNEUS;14,0;1430,63
PC008740;VIDRO LATERAL STD PARALELA A;CARROCERIA;8,0;560,07
PC008741;MANGOTE PNEUMATICO PESADO ORIGINAL;ARTICULACAO_5RODA;2,0;2194,77
PC008742;PARA-BRISA REFORCADO ORIGINAL;CARROCERIA;21,0;710,21
PC008743;AMORTECEDOR DIANTEIRO LEVE ORIGINAL;SUSPENSAO;7,0;530,0
PC008744;FILTRO DE COMBUSTIVEL LEVE PARALELA B;FILTROS;85,0;51,4
PC008745;FILTRO DE AR MOTOR STD ORIGINAL;FILTROS;6,0;30,2
PC008746;VALVULA TERMOSTATICA PESADO REMANUFATURADO;ARREFECIMENTO;12,0;518,07
PC008747;CAMARA DE AR PESADO PARALELA B;RODAS_PNEUS;20,0;324,06
PC008748;FEIXE DE MOLA STD PARALELA B;SUSPENSAO;7,0;194,18
PC008749;CORREIA DENTADA LEVE PARALELA A;MOTOR;23,0;947,25
PC008750;ROLAMENTO DE RODA STD PARALELA A;RODAS_PNEUS;16,0;140,54
PC008751;SINCRONIZADOR STD ORIGINAL;TRANSMISSAO;4,0;5016,72
PC008752;BOLSA DE AR SUSPENSAO REFORCADO PARALELA A;SUSPENSAO;51,0;645,47
PC008754;FILTRO SEPARADOR AGUA LEVE ORIGINAL;FILTROS;2,0;89,49
PC008755;LONA DE FREIO LEVE ORIGINAL;FREIOS;73,0;191,1
PC008757;PARA-CHOQUE DIANTEIRO LEVE PARALELA A;CARROCERIA;3,0;888,52
PC008758;VALVULA DE FREIO PESADO ORIGINAL;FREIOS;4,0;169,46
PC008759;FAROL DIANTEIRO LED STD PARALELA A;ELETRICA;37,0;900,94
PC008760;BARRA ESTABILIZADORA STD PARALELA B;SUSPENSAO;19,0;854,6
PC008761;AMORTECEDOR TRASEIRO LEVE PARALELA A;SUSPENSAO;22,0;451,27
PC008762;FILTRO DE CABINE REFORCADO PARALELA B;FILTROS;452,0;86,06
PC008763;ENGATE DE REBOQUE LEVE PARALELA A;ARTICULACAO_5RODA;7,0;335,51
PC008764;DISCO DE EMBREAGEM STD ORIGINAL;TRANSMISSAO;17,0;1389,16
PC008765;SAPATA DE FREIO PESADO REMANUFATURADO;FREIOS;20,0;180,81
PC008766;BICO INJETOR  PARALELA A;MOTOR;10,0;6339,79
PC008767;BUCHA DE MOLA REFORCADO ORIGINAL;SUSPENSAO;9,0;700,75
PC008768;VENTOINHA REFORCADO ORIGINAL;ARREFECIMENTO;179,0;504,63
PC008769;CAMISA DE CILINDRO LEVE PARALELA B;MOTOR;11,0;3891,71
PC008770;BOMBA INJETORA STD ORIGINAL;MOTOR;20,0;1121,23
PC008771;TAMBOR DE FREIO STD PARALELA B;FREIOS;19,0;286,68
PC008772;ROLAMENTO DE EMBREAGEM STD ORIGINAL;TRANSMISSAO;1,0;1879,79
PC008773;PINO REI  PARALELA A;ARTICULACAO_5RODA;2,0;902,34
PC008774;PARA-LAMA LEVE PARALELA A;CARROCERIA;70,0;773,56
PC008775;VALVULA DE ADMISSAO STD REMANUFATURADO;MOTOR;5,0;4835,51
PC008776;PNEU RADIAL 295/80 PESADO PARALELA B;RODAS_PNEUS;85,0;1651,27
PC008777;MACANETA DE PORTA  PARALELA B;CARROCERIA;13,0;77,54
PC008778;CUBO DE RODA STD PARALELA B;RODAS_PNEUS;5,0;111,25
PC008779;BOMBA D AGUA LEVE PARALELA A;ARREFECIMENTO;27,0;956,77
PC008780;PASTILHA DE FREIO LEVE PARALELA A;FREIOS;7,0;140,42
PC008781;CAIXA DE CAMBIO COMPLETA REFORCADO ORIGINAL;TRANSMISSAO;3,0;4579,36
PC008782;ALTERNADOR PESADO REMANUFATURADO;ELETRICA;5,0;1329,19
PC008783;LANTERNA TRASEIRA LEVE ORIGINAL;ELETRICA;217,0;483,48
PC008784;MOTOR DE PARTIDA STD REMANUFATURADO;ELETRICA;1,0;650,48
PC008785;JUNTA DE CABECOTE  ORIGINAL;MOTOR;252,0;3164,77
PC008786;SENSOR ABS PESADO PARALELA A;ELETRICA;805,0;116,53
PC008787;RESERVATORIO EXPANSAO STD ORIGINAL;ARREFECIMENTO;2,0;183,33
PC008788;TURBO COMPRESSOR REFORCADO REMANUFATURADO;MOTOR;8,0;4178,04
PC008789;MANGUEIRA RADIADOR PESADO REMANUFATURADO;ARREFECIMENTO;28,0;699,52
PC008790;PINO MESTRE REFORCADO PARALELA A;SUSPENSAO;1,0;438,52
PC008791;QUINTA RODA COMPLETA  ORIGINAL;ARTICULACAO_5RODA;1,0;2455,15
PC008792;EIXO CARDAN  ORIGINAL;TRANSMISSAO;0,0;5735,77
PC008793;PLATO DE EMBREAGEM  ORIGINAL;TRANSMISSAO;10,0;306,74
PC008794;FILTRO DE OLEO MOTOR REFORCADO REMANUFATURADO;MOTOR;131,0;1164,62
PC008795;BATERIA 150AH  PARALELA A;ELETRICA;4,0;1092,12
PC008796;DISCO DE FREIO LEVE REMANUFATURADO;FREIOS;9,0;286,82
PC008797;CILINDRO MESTRE PESADO PARALELA A;FREIOS;45,0;215,45
PC008798;CHICOTE ELETRICO LEVE PARALELA B;ELETRICA;46,0;525,29
PC008799;PARAFUSO DE RODA PESADO REMANUFATURADO;RODAS_PNEUS;90,0;330,29
PC008800;RADIADOR COMPLETO REFORCADO ORIGINAL;ARREFECIMENTO;798,0;429,23
PC008801;FILTRO DE OLEO CAMBIO PESADO ORIGINAL;FILTROS;1,0;100,47
PC008802;ESPELHO RETROVISOR  PARALELA A;CARROCERIA;146,0;797,39
PC008803;RODA DE ACO ARO 22 REFORCADO PARALELA A;RODAS_PNEUS;30,0;1152,27
PC008805;MANGOTE PNEUMATICO REFORCADO ORIGINAL;ARTICULACAO_5RODA;47,0;2141,49
PC008806;PARA-BRISA REFORCADO ORIGINAL;CARROCERIA;15,0;764,89
PC008807;AMORTECEDOR DIANTEIRO REFORCADO PARALELA B;SUSPENSAO;4,0;840,03
PC008808;FILTRO DE COMBUSTIVEL STD PARALELA A;FILTROS;53,0;116,5
PC008809;FILTRO DE AR MOTOR LEVE PARALELA B;FILTROS;71,0;62,55
PC008810;VALVULA TERMOSTATICA LEVE REMANUFATURADO;ARREFECIMENTO;9,0;255,32
PC008811;CAMARA DE AR STD PARALELA A;RODAS_PNEUS;8,0;605,13
PC008812;FEIXE DE MOLA LEVE ORIGINAL;SUSPENSAO;15,0;402,76
PC008813;CORREIA DENTADA REFORCADO ORIGINAL;MOTOR;37,0;2479,49
PC008814;ROLAMENTO DE RODA LEVE REMANUFATURADO;RODAS_PNEUS;17,0;770,17
PC008815;SINCRONIZADOR  PARALELA B;TRANSMISSAO;13,0;2042,25
PC008816;BOLSA DE AR SUSPENSAO STD REMANUFATURADO;SUSPENSAO;40,0;495,07
PC008817;MANGUEIRA DE FREIO AR PESADO ORIGINAL;FREIOS;14,0;174,53
PC008818;FILTRO SEPARADOR AGUA STD REMANUFATURADO;FILTROS;2,0;99,68
PC008819;LONA DE FREIO LEVE ORIGINAL;FREIOS;74,0;260,81
PC008820;CRUZETA CARDAN LEVE ORIGINAL;TRANSMISSAO;87,0;5700,24
PC008821;PARA-CHOQUE DIANTEIRO STD ORIGINAL;CARROCERIA;48,0;313,09
PC008822;VALVULA DE FREIO STD PARALELA B;FREIOS;1,0;251,21
PC008823;FAROL DIANTEIRO LED REFORCADO ORIGINAL;ELETRICA;168,0;70,82
PC008824;BARRA ESTABILIZADORA STD PARALELA B;SUSPENSAO;14,0;433,77
PC008825;AMORTECEDOR TRASEIRO PESADO PARALELA B;SUSPENSAO;61,0;764,46
PC008826;FILTRO DE CABINE PESADO PARALELA B;FILTROS;7,0;36,0
PC008827;ENGATE DE REBOQUE PESADO PARALELA A;ARTICULACAO_5RODA;7,0;1581,94
PC008828;DISCO DE EMBREAGEM LEVE PARALELA B;TRANSMISSAO;45,0;2925,56
PC008829;SAPATA DE FREIO REFORCADO PARALELA B;FREIOS;30,0;168,96
PC008830;BICO INJETOR LEVE REMANUFATURADO;MOTOR;30,0;3537,97
PC008831;BUCHA DE MOLA REFORCADO PARALELA A;SUSPENSAO;16,0;85,42
PC008832;VENTOINHA STD REMANUFATURADO;ARREFECIMENTO;3,0;100,51
PC008834;BOMBA INJETORA REFORCADO ORIGINAL;MOTOR;1,0;4351,08
PC008835;TAMBOR DE FREIO  PARALELA A;FREIOS;242,0;120,78
PC008836;ROLAMENTO DE EMBREAGEM  ORIGINAL;TRANSMISSAO;3,0;7452,57
PC008837;PINO REI LEVE ORIGINAL;ARTICULACAO_5RODA;12,0;1812,27
PC008838;PARA-LAMA STD PARALELA A;CARROCERIA;22,0;536,54
PC008839;VALVULA DE ADMISSAO LEVE PARALELA A;MOTOR;4,0;362,83
PC008840;PNEU RADIAL 295/80 LEVE PARALELA A;RODAS_PNEUS;14,0;1516,32
PC008841;MACANETA DE PORTA PESADO PARALELA A;CARROCERIA;160,0;69,33
PC008842;CUBO DE RODA REFORCADO PARALELA A;RODAS_PNEUS;9,0;828,92
PC008843;BOMBA D AGUA REFORCADO ORIGINAL;ARREFECIMENTO;113,0;900,86
PC008844;PASTILHA DE FREIO LEVE PARALELA A;FREIOS;29,0;261,06
PC008845;CAIXA DE CAMBIO COMPLETA PESADO PARALELA B;TRANSMISSAO;8,0;2631,66
PC008846;ALTERNADOR PESADO PARALELA B;ELETRICA;250,0;1489,34
PC008847;LANTERNA TRASEIRA REFORCADO REMANUFATURADO;ELETRICA;88,0;1408,6
PC008848;MOTOR DE PARTIDA REFORCADO REMANUFATURADO;ELETRICA;5,0;922,12
PC008849;JUNTA DE CABECOTE STD REMANUFATURADO;MOTOR;34,0;1681,32
PC008850;SENSOR ABS  ORIGINAL;ELETRICA;36,0;74,29
PC008851;RESERVATORIO EXPANSAO PESADO REMANUFATURADO;ARREFECIMENTO;64,0;340,12
PC008853;MANGUEIRA RADIADOR PESADO REMANUFATURADO;ARREFECIMENTO;61,0;791,37
PC008854;PINO MESTRE LEVE ORIGINAL;SUSPENSAO;18,0;842,39
PC008855;QUINTA RODA COMPLETA REFORCADO PARALELA B;ARTICULACAO_5RODA;11,0;2252,49
PC008856;EIXO CARDAN  ORIGINAL;TRANSMISSAO;51,0;4745,48
PC008857;PLATO DE EMBREAGEM LEVE PARALELA A;TRANSMISSAO;3,0;6546,13
PC008858;FILTRO DE OLEO MOTOR LEVE REMANUFATURADO;MOTOR;8,0;536,37
PC008859;BATERIA 150AH STD ORIGINAL;ELETRICA;11,0;1215,86
PC008860;DISCO DE FREIO STD ORIGINAL;FREIOS;5,0;283,28
PC008861;CILINDRO MESTRE REFORCADO ORIGINAL;FREIOS;6,0;355,07
PC008862;CHICOTE ELETRICO REFORCADO REMANUFATURADO;ELETRICA;18,0;1175,29
PC008863;PARAFUSO DE RODA LEVE PARALELA B;RODAS_PNEUS;4,0;1548,53
PC008864;RADIADOR COMPLETO PESADO PARALELA A;ARREFECIMENTO;1,0;508,75
PC008865;FILTRO DE OLEO CAMBIO  ORIGINAL;FILTROS;48,0;26,99
PC008866;ESPELHO RETROVISOR LEVE PARALELA A;CARROCERIA;8,0;641,58
PC008867;RODA DE ACO ARO 22  PARALELA A;RODAS_PNEUS;8,0;1177,04
PC008868;VIDRO LATERAL  PARALELA A;CARROCERIA;34,0;770,58
PC008869;MANGOTE PNEUMATICO REFORCADO PARALELA A;ARTICULACAO_5RODA;9,0;1527,55
PC008870;PARA-BRISA PESADO PARALELA B;CARROCERIA;5,0;499,17
PC008871;AMORTECEDOR DIANTEIRO  ORIGINAL;SUSPENSAO;1,0;1187,3
PC008872;FILTRO DE COMBUSTIVEL REFORCADO PARALELA A;FILTROS;13,0;78,19
PC008873;FILTRO DE AR MOTOR LEVE ORIGINAL;FILTROS;20,0;56,64
PC008874;VALVULA TERMOSTATICA LEVE PARALELA B;ARREFECIMENTO;5,0;523,38
PC008875;CAMARA DE AR PESADO REMANUFATURADO;RODAS_PNEUS;1,0;909,04
PC008876;FEIXE DE MOLA REFORCADO REMANUFATURADO;SUSPENSAO;4,0;272,24
PC008877;CORREIA DENTADA REFORCADO ORIGINAL;MOTOR;69,0;2211,79
PC008878;ROLAMENTO DE RODA PESADO PARALELA A;RODAS_PNEUS;6,0;1176,68
PC008879;SINCRONIZADOR STD PARALELA B;TRANSMISSAO;20,0;2016,52
PC008880;BOLSA DE AR SUSPENSAO STD PARALELA A;SUSPENSAO;214,0;493,21
PC008881;MANGUEIRA DE FREIO AR LEVE PARALELA B;FREIOS;5,0;267,65
PC008882;FILTRO SEPARADOR AGUA LEVE PARALELA B;FILTROS;5,0;91,06
PC008883;LONA DE FREIO LEVE REMANUFATURADO;FREIOS;1,0;265,46
PC008884;CRUZETA CARDAN PESADO REMANUFATURADO;TRANSMISSAO;27,0;1453,56
PC008885;PARA-CHOQUE DIANTEIRO PESADO ORIGINAL;CARROCERIA;56,0;281,64
PC008886;VALVULA DE FREIO  ORIGINAL;FREIOS;172,0;179,19
PC008887;FAROL DIANTEIRO LED REFORCADO ORIGINAL;ELETRICA;2,0;1315,45
PC008888;BARRA ESTABILIZADORA STD PARALELA A;SUSPENSAO;127,0;103,65
PC008889;AMORTECEDOR TRASEIRO STD PARALELA A;SUSPENSAO;4,0;560,54
PC008890;FILTRO DE CABINE REFORCADO ORIGINAL;FILTROS;16,0;29,45
PC008891;ENGATE DE REBOQUE  PARALELA B;ARTICULACAO_5RODA;2,0;1634,59
PC008892;DISCO DE EMBREAGEM  ORIGINAL;TRANSMISSAO;15,0;482,04
PC008893;SAPATA DE FREIO PESADO PARALELA B;FREIOS;19,0;175,83
PC008894;BICO INJETOR REFORCADO ORIGINAL;MOTOR;1,0;1223,48
PC008895;BUCHA DE MOLA LEVE PARALELA B;SUSPENSAO;14,0;269,93
PC008896;VENTOINHA PESADO PARALELA B;ARREFECIMENTO;52,0;704,22
PC008897;CAMISA DE CILINDRO REFORCADO ORIGINAL;MOTOR;7,0;1926,01
PC008898;BOMBA INJETORA LEVE REMANUFATURADO;MOTOR;24,0;813,87
PC008899;TAMBOR DE FREIO  ORIGINAL;FREIOS;4,0;203,78
PC008900;ROLAMENTO DE EMBREAGEM LEVE PARALELA A;TRANSMISSAO;15,0;820,33
PC008901;PINO REI PESADO ORIGINAL;ARTICULACAO_5RODA;11,0;2643,02
PC008902;PARA-LAMA PESADO REMANUFATURADO;CARROCERIA;4,0;416,66
PC008903;VALVULA DE ADMISSAO PESADO PARALELA B;MOTOR;408,0;972,42
PC008904;PNEU RADIAL 295/80 STD ORIGINAL;RODAS_PNEUS;5,0;426,79
PC008905;MACANETA DE PORTA LEVE ORIGINAL;CARROCERIA;26,0;478,61
PC008906;CUBO DE RODA STD PARALELA A;RODAS_PNEUS;4,0;1493,81
PC008907;BOMBA D AGUA STD PARALELA B;ARREFECIMENTO;8,0;475,54
PC008908;PASTILHA DE FREIO LEVE PARALELA A;FREIOS;15,0;327,98
PC008909;CAIXA DE CAMBIO COMPLETA  PARALELA A;TRANSMISSAO;28,0;443,74
PC008910;ALTERNADOR PESADO PARALELA A;ELETRICA;10,0;707,48
PC008911;LANTERNA TRASEIRA LEVE ORIGINAL;ELETRICA;16,0;768,23
PC008912;MOTOR DE PARTIDA LEVE PARALELA A;ELETRICA;120,0;1379,67
PC008913;JUNTA DE CABECOTE REFORCADO ORIGINAL;MOTOR;14,0;3465,19
PC008914;SENSOR ABS REFORCADO REMANUFATURADO;ELETRICA;15,0;806,72
PC008915;RESERVATORIO EXPANSAO  REMANUFATURADO;ARREFECIMENTO;16,0;440,05
PC008916;TURBO COMPRESSOR LEVE ORIGINAL;MOTOR;52,0;2748,53
PC008917;MANGUEIRA RADIADOR PESADO PARALELA A;ARREFECIMENTO;28,0;67,25
PC008918;PINO MESTRE  PARALELA A;SUSPENSAO;7,0;743,43
PC008919;QUINTA RODA COMPLETA STD ORIGINAL;ARTICULACAO_5RODA;921,0;395,34
PC008920;EIXO CARDAN REFORCADO PARALELA A;TRANSMISSAO;4,0;6286,07
PC008921;PLATO DE EMBREAGEM REFORCADO PARALELA B;TRANSMISSAO;25,0;1170,24
PC008922;FILTRO DE OLEO MOTOR LEVE PARALELA A;MOTOR;9,0;863,28
PC008923;BATERIA 150AH LEVE ORIGINAL;ELETRICA;163,0;92,84
PC008924;DISCO DE FREIO REFORCADO ORIGINAL;FREIOS;2,0;291,49
PC008925;CILINDRO MESTRE REFORCADO ORIGINAL;FREIOS;24,0;236,25
PC008926;CHICOTE ELETRICO PESADO PARALELA A;ELETRICA;529,0;74,67
PC008927;PARAFUSO DE RODA LEVE PARALELA A;RODAS_PNEUS;11,0;89,38
PC008928;RADIADOR COMPLETO STD REMANUFATURADO;ARREFECIMENTO;21,0;223,8
PC008929;FILTRO DE OLEO CAMBIO STD PARALELA A;FILTROS;20,0;82,74
PC008930;ESPELHO RETROVISOR LEVE REMANUFATURADO;CARROCERIA;45,0;837,22
PC008931;RODA DE ACO ARO 22 PESADO ORIGINAL;RODAS_PNEUS;3,0;1509,9
PC008932;VIDRO LATERAL PESADO ORIGINAL;CARROCERIA;119,0;1017,84
PC008933;MANGOTE PNEUMATICO REFORCADO PARALELA B;ARTICULACAO_5RODA;33,0;1366,63
PC008934;PARA-BRISA PESADO ORIGINAL;CARROCERIA;64,0;650,64
PC008935;AMORTECEDOR DIANTEIRO REFORCADO ORIGINAL;SUSPENSAO;45,0;118,93
PC008936;FILTRO DE COMBUSTIVEL LEVE PARALELA B;FILTROS;6,0;52,49
PC008937;FILTRO DE AR MOTOR PESADO PARALELA A;FILTROS;37,0;49,08
PC008938;VALVULA TERMOSTATICA  ORIGINAL;ARREFECIMENTO;5,0;691,94
PC008940;FEIXE DE MOLA REFORCADO PARALELA B;SUSPENSAO;2,0;878,77
PC008941;CORREIA DENTADA LEVE ORIGINAL;MOTOR;6,0;3605,59
PC008942;ROLAMENTO DE RODA STD PARALELA A;RODAS_PNEUS;3,0;253,62
PC008943;SINCRONIZADOR  REMANUFATURADO;TRANSMISSAO;50,0;5405,23
PC008944;BOLSA DE AR SUSPENSAO STD PARALELA A;SUSPENSAO;8,0;229,77
PC008945;MANGUEIRA DE FREIO AR  REMANUFATURADO;FREIOS;49,0;122,16
PC008946;FILTRO SEPARADOR AGUA PESADO PARALELA A;FILTROS;69,0;75,52
PC008947;LONA DE FREIO  REMANUFATURADO;FREIOS;14,0;108,17
PC008948;CRUZETA CARDAN  PARALELA A;TRANSMISSAO;23,0;5670,83
PC008949;PARA-CHOQUE DIANTEIRO LEVE ORIGINAL;CARROCERIA;2,0;817,06
PC008950;VALVULA DE FREIO  PARALELA B;FREIOS;73,0;178,77
PC008951;FAROL DIANTEIRO LED STD PARALELA B;ELETRICA;34,0;753,4
PC008952;BARRA ESTABILIZADORA STD PARALELA A;SUSPENSAO;6,0;756,9
PC008953;AMORTECEDOR TRASEIRO REFORCADO PARALELA A;SUSPENSAO;4,0;277,44
PC008954;FILTRO DE CABINE PESADO PARALELA B;FILTROS;74,0;119,99
PC008955;ENGATE DE REBOQUE STD REMANUFATURADO;ARTICULACAO_5RODA;183,0;1268,78
PC008956;DISCO DE EMBREAGEM PESADO REMANUFATURADO;TRANSMISSAO;12,0;2749,03
PC008957;SAPATA DE FREIO PESADO PARALELA A;FREIOS;97,0;58,74
PC008958;BICO INJETOR  PARALELA A;MOTOR;4,0;1226,26
PC008959;BUCHA DE MOLA PESADO REMANUFATURADO;SUSPENSAO;5,0;899,45
PC008960;VENTOINHA PESADO ORIGINAL;ARREFECIMENTO;3,0;412,76
PC008961;CAMISA DE CILINDRO REFORCADO REMANUFATURADO;MOTOR;1,0;704,47
PC008962;BOMBA INJETORA PESADO ORIGINAL;MOTOR;459,0;3557,61
PC008963;TAMBOR DE FREIO  PARALELA B;FREIOS;12,0;107,0
PC008965;PINO REI  PARALELA B;ARTICULACAO_5RODA;3,0;714,5
PC008966;PARA-LAMA STD PARALELA A;CARROCERIA;4,0;614,09
PC008967;VALVULA DE ADMISSAO LEVE ORIGINAL;MOTOR;10,0;5335,78
PC008968;PNEU RADIAL 295/80 LEVE REMANUFATURADO;RODAS_PNEUS;18,0;123,76
PC008969;MACANETA DE PORTA  ORIGINAL;CARROCERIA;117,0;520,15
PC008970;CUBO DE RODA  ORIGINAL;RODAS_PNEUS;57,0;1758,81
PC008971;BOMBA D AGUA  ORIGINAL;ARREFECIMENTO;3,0;386,02
PC008972;PASTILHA DE FREIO  ORIGINAL;FREIOS;6,0;232,67
PC008973;CAIXA DE CAMBIO COMPLETA PESADO PARALELA A;TRANSMISSAO;6,0;2760,73
PC008974;ALTERNADOR REFORCADO PARALELA A;ELETRICA;24,0;1085,35
PC008975;LANTERNA TRASEIRA PESADO PARALELA A;ELETRICA;13,0;105,36
PC008976;MOTOR DE PARTIDA STD PARALELA B;ELETRICA;15,0;1203,54
PC008977;JUNTA DE CABECOTE REFORCADO PARALELA A;MOTOR;2,0;4235,77
PC008978;SENSOR ABS PESADO ORIGINAL;ELETRICA;9,0;421,1
PC008979;RESERVATORIO EXPANSAO PESADO PARALELA A;ARREFECIMENTO;14,0;835,82
PC008980;TURBO COMPRESSOR REFORCADO ORIGINAL;MOTOR;60,0;4627,19
PC008981;MANGUEIRA RADIADOR LEVE PARALELA A;ARREFECIMENTO;32,0;543,04
PC008982;PINO MESTRE  ORIGINAL;SUSPENSAO;37,0;204,52
PC008983;QUINTA RODA COMPLETA LEVE PARALELA A;ARTICULACAO_5RODA;5,0;1683,51
PC008984;EIXO CARDAN LEVE ORIGINAL;TRANSMISSAO;2,0;4785,38
PC008985;PLATO DE EMBREAGEM REFORCADO REMANUFATURADO;TRANSMISSAO;42,0;4819,37
PC008986;FILTRO DE OLEO MOTOR PESADO PARALELA B;MOTOR;1,0;5249,59
PC008987;BATERIA 150AH  ORIGINAL;ELETRICA;64,0;1062,19
PC008989;CILINDRO MESTRE STD PARALELA B;FREIOS;32,0;178,96
PC008990;CHICOTE ELETRICO  ORIGINAL;ELETRICA;2,0;1352,19
PC008991;PARAFUSO DE RODA PESADO PARALELA B;RODAS_PNEUS;18,0;1740,29
PC008992;RADIADOR COMPLETO STD ORIGINAL;ARREFECIMENTO;121,0;1076,5
PC008993;FILTRO DE OLEO CAMBIO LEVE ORIGINAL;FILTROS;18,0;113,86
PC008994;ESPELHO RETROVISOR REFORCADO REMANUFATURADO;CARROCERIA;32,0;1045,5
PC008995;RODA DE ACO ARO 22 PESADO PARALELA B;RODAS_PNEUS;9,0;262,36
PC008996;VIDRO LATERAL PESADO ORIGINAL;CARROCERIA;1,0;725,99
PC008997;MANGOTE PNEUMATICO  PARALELA A;ARTICULACAO_5RODA;9,0;1496,59
PC008998;PARA-BRISA  ORIGINAL;CARROCERIA;49,0;500,65
PC008999;AMORTECEDOR DIANTEIRO PESADO REMANUFATURADO;SUSPENSAO;6,0;898,07
PC009000;FILTRO DE COMBUSTIVEL  REMANUFATURADO;FILTROS;7,0;71,57
PC009001;FILTRO DE AR MOTOR  ORIGINAL;FILTROS;10,0;21,34
PC009002;VALVULA TERMOSTATICA LEVE PARALELA A;ARREFECIMENTO;3,0;237,51
PC009003;CAMARA DE AR REFORCADO PARALELA A;RODAS_PNEUS;1,0;1469,89
PC009004;FEIXE DE MOLA LEVE PARALELA A;SUSPENSAO;0,0;1042,24
PC009005;CORREIA DENTADA PESADO PARALELA A;MOTOR;4,0;4895,67
PC009006;ROLAMENTO DE RODA  PARALELA B;RODAS_PNEUS;8,0;1583,23
PC009007;SINCRONIZADOR REFORCADO PARALELA B;TRANSMISSAO;11,0;6326,66
PC009008;BOLSA DE AR SUSPENSAO STD PARALELA B;SUSPENSAO;25,0;245,6
PC009009;MANGUEIRA DE FREIO AR LEVE ORIGINAL;FREIOS;22,0;305,83
PC009010;FILTRO SEPARADOR AGUA STD PARALELA A;FILTROS;15,0;27,63
PC009011;LONA DE FREIO LEVE ORIGINAL;FREIOS;32,0;271,35
PC009012;CRUZETA CARDAN PESADO PARALELA A;TRANSMISSAO;1,0;3793,54
PC009013;PARA-CHOQUE DIANTEIRO  PARALELA A;CARROCERIA;117,0;704,61
PC009014;VALVULA DE FREIO LEVE ORIGINAL;FREIOS;6,0;235,35
PC009015;FAROL DIANTEIRO LED PESADO PARALELA A;ELETRICA;2,0;1166,25
PC009016;BARRA ESTABILIZADORA LEVE ORIGINAL;SUSPENSAO;43,0;457,97
PC009017;AMORTECEDOR TRASEIRO PESADO PARALELA B;SUSPENSAO;5,0;1148,48
PC009018;FILTRO DE CABINE  PARALELA A;FILTROS;44,0;56,74
PC009019;ENGATE DE REBOQUE LEVE PARALELA A;ARTICULACAO_5RODA;15,0;1938,95
PC009020;DISCO DE EMBREAGEM PESADO PARALELA B;TRANSMISSAO;15,0;5599,51
PC009022;BICO INJETOR  ORIGINAL;MOTOR;3,0;4305,43
PC009023;BUCHA DE MOLA REFORCADO PARALELA A;SUSPENSAO;1,0;238,33
PC009024;VENTOINHA PESADO PARALELA A;ARREFECIMENTO;5,0;369,36
PC009025;CAMISA DE CILINDRO STD ORIGINAL;MOTOR;11,0;786,63
PC009026;BOMBA INJETORA LEVE PARALELA B;MOTOR;168,0;4662,77
PC009027;TAMBOR DE FREIO PESADO PARALELA A;FREIOS;15,0;224,49
PC009028;ROLAMENTO DE EMBREAGEM  REMANUFATURADO;TRANSMISSAO;2,0;360,36
PC009029;PINO REI STD PARALELA A;ARTICULACAO_5RODA;26,0;1798,03
PC009030;PARA-LAMA LEVE ORIGINAL;CARROCERIA;3,0;560,64
PC009031;VALVULA DE ADMISSAO REFORCADO ORIGINAL;MOTOR;7,0;3992,38
PC009033;MACANETA DE PORTA STD PARALELA A;CARROCERIA;31,0;877,37
PC009034;CUBO DE RODA LEVE ORIGINAL;RODAS_PNEUS;2,0;1262,17
PC009035;BOMBA D AGUA LEVE PARALELA A;ARREFECIMENTO;4,0;418,55
PC009036;PASTILHA DE FREIO LEVE PARALELA A;FREIOS;6,0;220,39
PC009037;CAIXA DE CAMBIO COMPLETA PESADO PARALELA B;TRANSMISSAO;4,0;1020,17
PC009038;ALTERNADOR LEVE PARALELA B;ELETRICA;64,0;1075,54
PC009039;LANTERNA TRASEIRA LEVE PARALELA A;ELETRICA;34,0;407,63
PC009040;MOTOR DE PARTIDA LEVE PARALELA A;ELETRICA;38,0;63,85
PC009041;JUNTA DE CABECOTE  ORIGINAL;MOTOR;3,0;5501,91
PC009042;SENSOR ABS PESADO REMANUFATURADO;ELETRICA;14,0;239,63
PC009043;RESERVATORIO EXPANSAO  PARALELA B;ARREFECIMENTO;82,0;525,98
PC009044;TURBO COMPRESSOR LEVE PARALELA A;MOTOR;9,0;1252,2
PC009045;MANGUEIRA RADIADOR PESADO ORIGINAL;ARREFECIMENTO;14,0;816,44
PC009046;PINO MESTRE PESADO ORIGINAL;SUSPENSAO;1,0;609,95
PC009047;QUINTA RODA COMPLETA REFORCADO PARALELA B;ARTICULACAO_5RODA;2,0;1657,83
PC009048;EIXO CARDAN REFORCADO ORIGINAL;TRANSMISSAO;2,0;5635,18
PC009049;PLATO DE EMBREAGEM STD PARALELA B;TRANSMISSAO;0,0;6406,87
PC009050;FILTRO DE OLEO MOTOR REFORCADO ORIGINAL;MOTOR;1,0;4252,65
PC009051;BATERIA 150AH LEVE PARALELA A;ELETRICA;18,0;824,87
PC009052;DISCO DE FREIO PESADO PARALELA A;FREIOS;2,0;169,93
PC009053;CILINDRO MESTRE  ORIGINAL;FREIOS;9,0;262,3
PC009054;CHICOTE ELETRICO LEVE REMANUFATURADO;ELETRICA;9,0;98,85
PC009055;PARAFUSO DE RODA  ORIGINAL;RODAS_PNEUS;20,0;1586,42
PC009056;RADIADOR COMPLETO PESADO PARALELA A;ARREFECIMENTO;8,0;746,02
PC009057;FILTRO DE OLEO CAMBIO  REMANUFATURADO;FILTROS;87,0;90,53
PC009058;ESPELHO RETROVISOR STD ORIGINAL;CARROCERIA;116,0;848,94
PC009059;RODA DE ACO ARO 22 REFORCADO ORIGINAL;RODAS_PNEUS;10,0;1395,73
PC009060;VIDRO LATERAL REFORCADO PARALELA A;CARROCERIA;54,0;545,21
PC009061;MANGOTE PNEUMATICO LEVE PARALELA B;ARTICULACAO_5RODA;3,0;2049,59
PC009062;PARA-BRISA STD ORIGINAL;CARROCERIA;38,0;633,22
PC009063;AMORTECEDOR DIANTEIRO LEVE REMANUFATURADO;SUSPENSAO;1,0;616,52
PC009064;FILTRO DE COMBUSTIVEL STD PARALELA B;FILTROS;2,0;87,59
PC009065;FILTRO DE AR MOTOR REFORCADO PARALELA B;FILTROS;40,0;109,16
PC009066;VALVULA TERMOSTATICA LEVE REMANUFATURADO;ARREFECIMENTO;101,0;132,23
PC009067;CAMARA DE AR  PARALELA A;RODAS_PNEUS;2,0;1667,48
PC009068;FEIXE DE MOLA REFORCADO PARALELA B;SUSPENSAO;1,0;373,61
PC009069;CORREIA DENTADA STD ORIGINAL;MOTOR;109,0;3519,62
PC009070;ROLAMENTO DE RODA  REMANUFATURADO;RODAS_PNEUS;70,0;419,76
PC009071;SINCRONIZADOR LEVE PARALELA A;TRANSMISSAO;20,0;4905,13
PC009072;BOLSA DE AR SUSPENSAO STD PARALELA B;SUSPENSAO;13,0;349,96
PC009073;MANGUEIRA DE FREIO AR REFORCADO REMANUFATURADO;FREIOS;14,0;253,95
PC009074;FILTRO SEPARADOR AGUA  PARALELA B;FILTROS;23,0;58,88
PC009076;CRUZETA CARDAN  ORIGINAL;TRANSMISSAO;6,0;3230,3
PC009077;PARA-CHOQUE DIANTEIRO PESADO REMANUFATURADO;CARROCERIA;15,0;464,0
PC009078;VALVULA DE FREIO REFORCADO PARALELA B;FREIOS;11,0;380,97
PC009079;FAROL DIANTEIRO LED  ORIGINAL;ELETRICA;125,0;794,23
PC009080;BARRA ESTABILIZADORA  PARALELA B;SUSPENSAO;10,0;1177,2
PC009081;AMORTECEDOR TRASEIRO STD PARALELA A;SUSPENSAO;3,0;352,03
PC009082;FILTRO DE CABINE STD PARALELA A;FILTROS;21,0;72,69
PC009083;ENGATE DE REBOQUE REFORCADO PARALELA A;ARTICULACAO_5RODA;11,0;2567,21
PC009084;DISCO DE EMBREAGEM REFORCADO ORIGINAL;TRANSMISSAO;10,0;5890,32
PC009085;SAPATA DE FREIO STD PARALELA B;FREIOS;6,0;244,51
PC009086;BICO INJETOR REFORCADO PARALELA A;MOTOR;6,0;1904,73
PC009087;BUCHA DE MOLA REFORCADO PARALELA A;SUSPENSAO;19,0;968,86
PC009088;VENTOINHA REFORCADO PARALELA B;ARREFECIMENTO;4,0;521,34
PC009089;CAMISA DE CILINDRO STD PARALELA A;MOTOR;60,0;4456,55
PC009090;BOMBA INJETORA REFORCADO ORIGINAL;MOTOR;41,0;5142,25
PC009091;TAMBOR DE FREIO PESADO ORIGINAL;FREIOS;114,0;109,68
PC009092;ROLAMENTO DE EMBREAGEM LEVE ORIGINAL;TRANSMISSAO;2,0;5589,36
PC009093;PINO REI  PARALELA A;ARTICULACAO_5RODA;323,0;2135,83
PC009094;PARA-LAMA  REMANUFATURADO;CARROCERIA;4,0;666,77
PC009095;VALVULA DE ADMISSAO LEVE PARALELA A;MOTOR;1,0;612,05
PC009096;PNEU RADIAL 295/80 LEVE ORIGINAL;RODAS_PNEUS;59,0;172,85
PC009097;MACANETA DE PORTA REFORCADO REMANUFATURADO;CARROCERIA;7,0;326,52
PC009098;CUBO DE RODA REFORCADO PARALELA B;RODAS_PNEUS;8,0;1042,67
PC009099;BOMBA D AGUA REFORCADO ORIGINAL;ARREFECIMENTO;6,0;417,77
PC009100;PASTILHA DE FREIO REFORCADO REMANUFATURADO;FREIOS;7,0;140,95
PC009101;CAIXA DE CAMBIO COMPLETA LEVE PARALELA A;TRANSMISSAO;3,0;7236,79
PC009102;ALTERNADOR REFORCADO PARALELA A;ELETRICA;16,0;208,65
PC009103;LANTERNA TRASEIRA STD PARALELA A;ELETRICA;1,0;125,85
PC009104;MOTOR DE PARTIDA PESADO PARALELA B;ELETRICA;4,0;917,34
PC009105;JUNTA DE CABECOTE STD PARALELA B;MOTOR;7,0;2547,18
PC009106;SENSOR ABS PESADO PARALELA B;ELETRICA;31,0;1039,86
PC009107;RESERVATORIO EXPANSAO LEVE REMANUFATURADO;ARREFECIMENTO;8,0;861,01
PC009108;TURBO COMPRESSOR REFORCADO REMANUFATURADO;MOTOR;5,0;4596,92
PC009109;MANGUEIRA RADIADOR  REMANUFATURADO;ARREFECIMENTO;17,0;586,97
PC009110;PINO MESTRE PESADO PARALELA A;SUSPENSAO;206,0;198,05
PC009111;QUINTA RODA COMPLETA PESADO ORIGINAL;ARTICULACAO_5RODA;2,0;895,64
PC009112;EIXO CARDAN REFORCADO PARALELA A;TRANSMISSAO;14,0;6680,29
PC009113;PLATO DE EMBREAGEM REFORCADO PARALELA B;TRANSMISSAO;3,0;331,82
PC009115;BATERIA 150AH PESADO ORIGINAL;ELETRICA;10,0;919,3
PC009116;DISCO DE FREIO  PARALELA A;FREIOS;22,0;283,64
PC009117;CILINDRO MESTRE  PARALELA A;FREIOS;3,0;335,78
PC009118;CHICOTE ELETRICO REFORCADO PARALELA A;ELETRICA;12,0;363,63
PC009119;PARAFUSO DE RODA PESADO ORIGINAL;RODAS_PNEUS;1,0;592,41
PC009120;RADIADOR COMPLETO STD PARALELA A;ARREFECIMENTO;23,0;149,97
PC009121;FILTRO DE OLEO CAMBIO PESADO ORIGINAL;FILTROS;3,0;42,81
PC009122;ESPELHO RETROVISOR LEVE PARALELA A;CARROCERIA;1,0;202,16
PC009123;RODA DE ACO ARO 22 STD PARALELA B;RODAS_PNEUS;2,0;346,98
PC009124;VIDRO LATERAL REFORCADO ORIGINAL;CARROCERIA;11,0;855,86
PC009125;MANGOTE PNEUMATICO LEVE PARALELA A;ARTICULACAO_5RODA;9,0;758,63
PC009126;PARA-BRISA PESADO PARALELA A;CARROCERIA;3,0;827,52
PC009127;AMORTECEDOR DIANTEIRO LEVE PARALELA B;SUSPENSAO;14,0;369,83
PC009128;FILTRO DE COMBUSTIVEL LEVE PARALELA A;FILTROS;9,0;22,24
PC009129;FILTRO DE AR MOTOR PESADO PARALELA B;FILTROS;2,0;58,22
PC009130;VALVULA TERMOSTATICA  PARALELA A;ARREFECIMENTO;16,0;981,68
PC009131;CAMARA DE AR PESADO REMANUFATURADO;RODAS_PNEUS;22,0;1409,08
PC009132;FEIXE DE MOLA  PARALELA B;SUSPENSAO;4,0;583,05
PC009133;CORREIA DENTADA STD PARALELA B;MOTOR;61,0;5490,1
PC009134;ROLAMENTO DE RODA  PARALELA A;RODAS_PNEUS;16,0;1772,89
PC009135;SINCRONIZADOR  REMANUFATURADO;TRANSMISSAO;5,0;1656,93
PC009136;BOLSA DE AR SUSPENSAO STD PARALELA A;SUSPENSAO;5,0;553,93
PC009137;MANGUEIRA DE FREIO AR LEVE PARALELA A;FREIOS;16,0;172,07
PC009138;FILTRO SEPARADOR AGUA STD PARALELA B;FILTROS;54,0;90,95
PC009139;LONA DE FREIO PESADO PARALELA B;FREIOS;12,0;136,86
PC009140;CRUZETA CARDAN LEVE REMANUFATURADO;TRANSMISSAO;5,0;5918,31
PC009141;PARA-CHOQUE DIANTEIRO  ORIGINAL;CARROCERIA;19,0;491,8
PC009142;VALVULA DE FREIO PESADO ORIGINAL;FREIOS;579,0;130,29
PC009143;FAROL DIANTEIRO LED REFORCADO PARALELA B;ELETRICA;1,0;822,63
PC009144;BARRA ESTABILIZADORA PESADO PARALELA B;SUSPENSAO;22,0;670,12
PC009145;AMORTECEDOR TRASEIRO STD ORIGINAL;SUSPENSAO;2,0;1034,49
PC009146;FILTRO DE CABINE PESADO PARALELA B;FILTROS;293,0;18,48
PC009147;ENGATE DE REBOQUE PESADO PARALELA B;ARTICULACAO_5RODA;1,0;1545,08
PC009148;DISCO DE EMBREAGEM REFORCADO ORIGINAL;TRANSMISSAO;49,0;857,64
PC009149;SAPATA DE FREIO  PARALELA B;FREIOS;11,0;267,26
PC009150;BICO INJETOR PESADO ORIGINAL;MOTOR;112,0;1982,68
PC009151;BUCHA DE MOLA REFORCADO PARALELA A;SUSPENSAO;25,0;880,59
PC009152;VENTOINHA REFORCADO PARALELA B;ARREFECIMENTO;84,0;796,12
PC009153;CAMISA DE CILINDRO PESADO PARALELA B;MOTOR;25,0;2469,7
PC009154;BOMBA INJETORA STD ORIGINAL;MOTOR;12,0;2971,35
PC009155;TAMBOR DE FREIO LEVE ORIGINAL;FREIOS;7,0;313,53
PC009156;ROLAMENTO DE EMBREAGEM  PARALELA A;TRANSMISSAO;1,0;3530,5
PC009157;PINO REI LEVE PARALELA A;ARTICULACAO_5RODA;40,0;572,39
PC009158;PARA-LAMA  PARALELA B;CARROCERIA;17,0;199,3
PC009159;VALVULA DE ADMISSAO  PARALELA B;MOTOR;82,0;273,67
PC009160;PNEU RADIAL 295/80 REFORCADO REMANUFATURADO;RODAS_PNEUS;2,0;1589,47
PC009161;MACANETA DE PORTA  ORIGINAL;CARROCERIA;9,0;112,77
PC009162;CUBO DE RODA  PARALELA B;RODAS_PNEUS;2,0;772,71
PC009164;PASTILHA DE FREIO LEVE PARALELA A;FREIOS;1,0;341,12
PC009165;CAIXA DE CAMBIO COMPLETA STD ORIGINAL;TRANSMISSAO;4,0;2716,95
PC009166;ALTERNADOR LEVE REMANUFATURADO;ELETRICA;10,0;929,55
PC009167;LANTERNA TRASEIRA LEVE ORIGINAL;ELETRICA;411,0;1559,43
PC009168;MOTOR DE PARTIDA STD ORIGINAL;ELETRICA;3,0;925,72
PC009169;JUNTA DE CABECOTE LEVE PARALELA A;MOTOR;2,0;366,93
PC009170;SENSOR ABS LEVE ORIGINAL;ELETRICA;87,0;122,82
PC009171;RESERVATORIO EXPANSAO LEVE ORIGINAL;ARREFECIMENTO;7,0;826,06
PC009172;TURBO COMPRESSOR PESADO PARALELA A;MOTOR;23,0;684,64
PC009173;MANGUEIRA RADIADOR LEVE PARALELA A;ARREFECIMENTO;12,0;597,18
PC009174;PINO MESTRE REFORCADO REMANUFATURADO;SUSPENSAO;65,0;246,97
PC009175;QUINTA RODA COMPLETA LEVE REMANUFATURADO;ARTICULACAO_5RODA;1,0;2078,27
PC009176;EIXO CARDAN LEVE PARALELA B;TRANSMISSAO;103,0;458,2
PC009177;PLATO DE EMBREAGEM PESADO ORIGINAL;TRANSMISSAO;26,0;4290,52
PC009178;FILTRO DE OLEO MOTOR  ORIGINAL;MOTOR;2,0;3671,79
PC009179;BATERIA 150AH  PARALELA A;ELETRICA;77,0;123,8
PC009180;DISCO DE FREIO STD PARALELA A;FREIOS;14,0;57,87
PC009181;CILINDRO MESTRE PESADO PARALELA A;FREIOS;59,0;117,57
PC009182;CHICOTE ELETRICO LEVE PARALELA A;ELETRICA;95,0;923,16
PC009183;PARAFUSO DE RODA PESADO PARALELA B;RODAS_PNEUS;66,0;351,44
PC009184;RADIADOR COMPLETO LEVE PARALELA B;ARREFECIMENTO;62,0;316,81
PC009185;FILTRO DE OLEO CAMBIO PESADO REMANUFATURADO;FILTROS;1,0;24,29
PC009186;ESPELHO RETROVISOR STD ORIGINAL;CARROCERIA;2,0;987,13
PC009187;RODA DE ACO ARO 22 PESADO PARALELA B;RODAS_PNEUS;5,0;178,58
PC009188;VIDRO LATERAL STD PARALELA A;CARROCERIA;6,0;932,61
PC009189;MANGOTE PNEUMATICO PESADO PARALELA B;ARTICULACAO_5RODA;14,0;2001,51
PC009190;PARA-BRISA LEVE PARALELA A;CARROCERIA;3,0;181,37
PC009191;AMORTECEDOR DIANTEIRO PESADO PARALELA A;SUSPENSAO;298,0;504,85
PC009192;FILTRO DE COMBUSTIVEL  PARALELA B;FILTROS;8,0;100,07
PC009193;FILTRO DE AR MOTOR STD ORIGINAL;FILTROS;72,0;62,76
PC009194;VALVULA TERMOSTATICA  PARALELA A;ARREFECIMENTO;1,0;557,08
PC009195;CAMARA DE AR  REMANUFATURADO;RODAS_PNEUS;32,0;956,19
PC009196;FEIXE DE MOLA STD PARALELA A;SUSPENSAO;31,0;1157,22
PC009197;CORREIA DENTADA LEVE ORIGINAL;MOTOR;1,0;5282,78
PC009198;ROLAMENTO DE RODA REFORCADO ORIGINAL;RODAS_PNEUS;3,0;838,91
PC009199;SINCRONIZADOR PESADO ORIGINAL;TRANSMISSAO;0,0;460,15
PC009200;BOLSA DE AR SUSPENSAO  ORIGINAL;SUSPENSAO;73,0;495,2
PC009201;MANGUEIRA DE FREIO AR PESADO PARALELA A;FREIOS;15,0;342,47
PC009202;FILTRO SEPARADOR AGUA LEVE REMANUFATURADO;FILTROS;1,0;52,01
PC009203;LONA DE FREIO PESADO PARALELA A;FREIOS;17,0;371,62
PC009205;PARA-CHOQUE DIANTEIRO LEVE ORIGINAL;CARROCERIA;8,0;125,53
PC009206;VALVULA DE FREIO REFORCADO REMANUFATURADO;FREIOS;22,0;196,1
PC009207;FAROL DIANTEIRO LED STD ORIGINAL;ELETRICA;26,0;314,13
PC009208;BARRA ESTABILIZADORA LEVE PARALELA B;SUSPENSAO;7,0;1206,75
PC009209;AMORTECEDOR TRASEIRO  PARALELA A;SUSPENSAO;33,0;116,65
PC009210;FILTRO DE CABINE REFORCADO ORIGINAL;FILTROS;6,0;50,95
PC009211;ENGATE DE REBOQUE PESADO ORIGINAL;ARTICULACAO_5RODA;19,0;1539,87
PC009212;DISCO DE EMBREAGEM REFORCADO ORIGINAL;TRANSMISSAO;270,0;4693,11
PC009213;SAPATA DE FREIO STD ORIGINAL;FREIOS;1,0;254,48
PC009214;BICO INJETOR STD REMANUFATURADO;MOTOR;15,0;4886,13
PC009215;BUCHA DE MOLA REFORCADO PARALELA B;SUSPENSAO;95,0;662,4
PC009217;CAMISA DE CILINDRO LEVE PARALELA A;MOTOR;403,0;952,86
PC009218;BOMBA INJETORA REFORCADO ORIGINAL;MOTOR;2,0;4008,72
PC009219;TAMBOR DE FREIO STD ORIGINAL;FREIOS;15,0;227,93
PC009220;ROLAMENTO DE EMBREAGEM STD PARALELA A;TRANSMISSAO;47,0;2139,72
PC009221;PINO REI LEVE PARALELA B;ARTICULACAO_5RODA;10,0;473,93
PC009222;PARA-LAMA LEVE REMANUFATURADO;CARROCERIA;9,0;679,06
PC009223;VALVULA DE ADMISSAO REFORCADO ORIGINAL;MOTOR;7,0;738,99
PC009224;PNEU RADIAL 295/80 PESADO PARALELA A;RODAS_PNEUS;11,0;124,18
PC009225;MACANETA DE PORTA  ORIGINAL;CARROCERIA;108,0;569,82
PC009226;CUBO DE RODA REFORCADO REMANUFATURADO;RODAS_PNEUS;16,0;1404,51
PC009227;BOMBA D AGUA STD PARALELA B;ARREFECIMENTO;7,0;117,28
PC009228;PASTILHA DE FREIO REFORCADO ORIGINAL;FREIOS;4,0;135,86
PC009229;CAIXA DE CAMBIO COMPLETA STD PARALELA A;TRANSMISSAO;9,0;4219,45
PC009230;ALTERNADOR LEVE ORIGINAL;ELETRICA;16,0;355,66
PC009231;LANTERNA TRASEIRA REFORCADO PARALELA A;ELETRICA;2,0;584,02
PC009232;MOTOR DE PARTIDA PESADO PARALELA A;ELETRICA;26,0;338,34
PC009233;JUNTA DE CABECOTE REFORCADO REMANUFATURADO;MOTOR;17,0;3592,68
PC009234;SENSOR ABS STD PARALELA A;ELETRICA;4,0;386,28
PC009235;RESERVATORIO EXPANSAO REFORCADO PARALELA A;ARREFECIMENTO;12,0;851,19
PC009236;TURBO COMPRESSOR LEVE PARALELA A;MOTOR;0,0;5096,95
PC009237;MANGUEIRA RADIADOR  REMANUFATURADO;ARREFECIMENTO;14,0;917,57
PC009238;PINO MESTRE STD PARALELA A;SUSPENSAO;20,0;476,27
PC009239;QUINTA RODA COMPLETA PESADO ORIGINAL;ARTICULACAO_5RODA;9,0;2414,16
PC009240;EIXO CARDAN STD ORIGINAL;TRANSMISSAO;3,0;4697,6
PC009241;PLATO DE EMBREAGEM  ORIGINAL;TRANSMISSAO;46,0;1595,17
PC009242;FILTRO DE OLEO MOTOR PESADO ORIGINAL;MOTOR;9,0;4470,18
PC009243;BATERIA 150AH LEVE PARALELA B;ELETRICA;1,0;300,4
PC009244;DISCO DE FREIO PESADO ORIGINAL;FREIOS;80,0;338,38
PC009245;CILINDRO MESTRE PESADO ORIGINAL;FREIOS;9,0;225,89
PC009246;CHICOTE ELETRICO REFORCADO ORIGINAL;ELETRICA;3,0;233,48
PC009247;PARAFUSO DE RODA STD PARALELA B;RODAS_PNEUS;522,0;1053,33
PC009248;RADIADOR COMPLETO LEVE PARALELA B;ARREFECIMENTO;2,0;745,31
PC009249;FILTRO DE OLEO CAMBIO LEVE PARALELA A;FILTROS;58,0;84,14
PC009250;ESPELHO RETROVISOR LEVE PARALELA A;CARROCERIA;3,0;191,75
PC009251;RODA DE ACO ARO 22  REMANUFATURADO;RODAS_PNEUS;5,0;1836,15
PC009252;VIDRO LATERAL PESADO PARALELA A;CARROCERIA;3,0;211,91
PC009253;MANGOTE PNEUMATICO STD PARALELA B;ARTICULACAO_5RODA;10,0;951,44
PC009254;PARA-BRISA LEVE ORIGINAL;CARROCERIA;9,0;711,42
PC009255;AMORTECEDOR DIANTEIRO PESADO ORIGINAL;SUSPENSAO;38,0;1149,63
PC009256;FILTRO DE COMBUSTIVEL REFORCADO ORIGINAL;FILTROS;15,0;36,29
PC009257;FILTRO DE AR MOTOR  PARALELA B;FILTROS;29,0;119,79
PC009258;VALVULA TERMOSTATICA LEVE ORIGINAL;ARREFECIMENTO;4,0;442,14
PC009259;CAMARA DE AR  PARALELA A;RODAS_PNEUS;38,0;312,46
PC009260;FEIXE DE MOLA  PARALELA A;SUSPENSAO;34,0;515,1
PC009262;ROLAMENTO DE RODA  PARALELA B;RODAS_PNEUS;12,0;782,0
PC009263;SINCRONIZADOR STD ORIGINAL;TRANSMISSAO;22,0;824,13
PC009264;BOLSA DE AR SUSPENSAO REFORCADO ORIGINAL;SUSPENSAO;7,0;531,73
PC009265;MANGUEIRA DE FREIO AR STD REMANUFATURADO;FREIOS;22,0;294,4
PC009266;FILTRO SEPARADOR AGUA LEVE PARALELA B;FILTROS;5,0;53,77
PC009267;LONA DE FREIO LEVE REMANUFATURADO;FREIOS;24,0;96,01
PC009269;PARA-CHOQUE DIANTEIRO PESADO PARALELA A;CARROCERIA;23,0;226,62
PC009270;VALVULA DE FREIO LEVE REMANUFATURADO;FREIOS;2,0;308,68
PC009271;FAROL DIANTEIRO LED LEVE PARALELA B;ELETRICA;4,0;298,2
PC009272;BARRA ESTABILIZADORA REFORCADO PARALELA A;SUSPENSAO;4,0;489,16
PC009273;AMORTECEDOR TRASEIRO STD PARALELA A;SUSPENSAO;61,0;629,26
PC009274;FILTRO DE CABINE REFORCADO REMANUFATURADO;FILTROS;5,0;77,1
PC009275;ENGATE DE REBOQUE  PARALELA A;ARTICULACAO_5RODA;21,0;383,83
PC009276;DISCO DE EMBREAGEM STD PARALELA A;TRANSMISSAO;11,0;948,09
PC009277;SAPATA DE FREIO LEVE REMANUFATURADO;FREIOS;34,0;292,95
PC009278;BICO INJETOR  PARALELA A;MOTOR;20,0;1226,62
PC009279;BUCHA DE MOLA  PARALELA A;SUSPENSAO;9,0;455,11
PC009280;VENTOINHA LEVE PARALELA A;ARREFECIMENTO;108,0;880,35
PC009281;CAMISA DE CILINDRO STD PARALELA B;MOTOR;33,0;2898,07
PC009282;BOMBA INJETORA LEVE REMANUFATURADO;MOTOR;154,0;569,33
PC009283;TAMBOR DE FREIO PESADO ORIGINAL;FREIOS;13,0;162,93
PC009285;PINO REI LEVE REMANUFATURADO;ARTICULACAO_5RODA;180,0;2649,29
PC009286;PARA-LAMA LEVE PARALELA B;CARROCERIA;43,0;987,28
PC009287;VALVULA DE ADMISSAO  PARALELA B;MOTOR;14,0;4708,2
PC009288;PNEU RADIAL 295/80 STD PARALELA B;RODAS_PNEUS;2,0;1341,42
PC009289;MACANETA DE PORTA REFORCADO PARALELA A;CARROCERIA;12,0;864,69
PC009290;CUBO DE RODA REFORCADO PARALELA B;RODAS_PNEUS;173,0;1144,09
PC009291;BOMBA D AGUA REFORCADO ORIGINAL;ARREFECIMENTO;2,0;380,14
PC009292;PASTILHA DE FREIO STD ORIGINAL;FREIOS;13,0;348,05
PC009293;CAIXA DE CAMBIO COMPLETA REFORCADO ORIGINAL;TRANSMISSAO;29,0;2734,98
PC009294;ALTERNADOR  ORIGINAL;ELETRICA;6,0;905,0
PC009295;LANTERNA TRASEIRA REFORCADO ORIGINAL;ELETRICA;6,0;194,23
PC009296;MOTOR DE PARTIDA REFORCADO PARALELA B;ELETRICA;1,0;1033,68
PC009297;JUNTA DE CABECOTE LEVE ORIGINAL;MOTOR;16,0;3341,17
PC009298;SENSOR ABS PESADO REMANUFATURADO;ELETRICA;8,0;288,64
PC009299;RESERVATORIO EXPANSAO STD PARALELA B;ARREFECIMENTO;14,0;336,99
PC009301;MANGUEIRA RADIADOR LEVE ORIGINAL;ARREFECIMENTO;10,0;602,54
PC009302;PINO MESTRE LEVE ORIGINAL;SUSPENSAO;43,0;409,74
PC009303;QUINTA RODA COMPLETA PESADO ORIGINAL;ARTICULACAO_5RODA;39,0;2903,58
PC009304;EIXO CARDAN STD PARALELA A;TRANSMISSAO;10,0;5555,45
PC009305;PLATO DE EMBREAGEM  PARALELA B;TRANSMISSAO;28,0;2894,18
PC009306;FILTRO DE OLEO MOTOR STD REMANUFATURADO;MOTOR;2,0;5962,65
PC009307;BATERIA 150AH LEVE PARALELA A;ELETRICA;18,0;1035,28
PC009308;DISCO DE FREIO  PARALELA B;FREIOS;7,0;45,3
PC009309;CILINDRO MESTRE PESADO ORIGINAL;FREIOS;23,0;85,9
PC009310;CHICOTE ELETRICO STD ORIGINAL;ELETRICA;3,0;893,65
PC009311;PARAFUSO DE RODA LEVE PARALELA A;RODAS_PNEUS;38,0;1038,77
PC009312;RADIADOR COMPLETO  PARALELA B;ARREFECIMENTO;3,0;629,88
PC009313;FILTRO DE OLEO CAMBIO PESADO PARALELA A;FILTROS;11,0;113,37
PC009314;ESPELHO RETROVISOR REFORCADO PARALELA A;CARROCERIA;2,0;477,01
PC009315;RODA DE ACO ARO 22 LEVE PARALELA B;RODAS_PNEUS;10,0;1138,88
PC009316;VIDRO LATERAL PESADO PARALELA B;CARROCERIA;37,0;347,81
PC009317;MANGOTE PNEUMATICO PESADO ORIGINAL;ARTICULACAO_5RODA;15,0;1971,14
PC009318;PARA-BRISA  ORIGINAL;CARROCERIA;5,0;374,33
PC009319;AMORTECEDOR DIANTEIRO STD PARALELA A;SUSPENSAO;15,0;318,45
PC009320;FILTRO DE COMBUSTIVEL LEVE ORIGINAL;FILTROS;219,0;86,4
PC009321;FILTRO DE AR MOTOR LEVE PARALELA B;FILTROS;35,0;94,41
PC009322;VALVULA TERMOSTATICA  REMANUFATURADO;ARREFECIMENTO;10,0;299,5
PC009323;CAMARA DE AR LEVE PARALELA A;RODAS_PNEUS;196,0;298,2
PC009324;FEIXE DE MOLA LEVE ORIGINAL;SUSPENSAO;21,0;242,71
PC009325;CORREIA DENTADA  PARALELA B;MOTOR;6,0;1965,32
PC009326;ROLAMENTO DE RODA  PARALELA B;RODAS_PNEUS;33,0;528,5
PC009327;SINCRONIZADOR STD ORIGINAL;TRANSMISSAO;9,0;7680,22
PC009328;BOLSA DE AR SUSPENSAO LEVE PARALELA B;SUSPENSAO;1,0;144,11
PC009329;MANGUEIRA DE FREIO AR  PARALELA A;FREIOS;104,0;130,51
PC009330;FILTRO SEPARADOR AGUA STD PARALELA A;FILTROS;8,0;21,27
PC009331;LONA DE FREIO STD PARALELA A;FREIOS;9,0;176,46
PC009332;CRUZETA CARDAN LEVE ORIGINAL;TRANSMISSAO;54,0;4774,45
PC009333;PARA-CHOQUE DIANTEIRO PESADO PARALELA B;CARROCERIA;23,0;662,42
PC009334;VALVULA DE FREIO STD PARALELA B;FREIOS;69,0;284,27
PC009335;FAROL DIANTEIRO LED PESADO PARALELA A;ELETRICA;2,0;430,45
PC009336;BARRA ESTABILIZADORA REFORCADO REMANUFATURADO;SUSPENSAO;4,0;392,75
PC009337;AMORTECEDOR TRASEIRO  REMANUFATURADO;SUSPENSAO;1,0;349,75
PC009338;FILTRO DE CABINE PESADO ORIGINAL;FILTROS;21,0;39,79
PC009339;ENGATE DE REBOQUE STD PARALELA A;ARTICULACAO_5RODA;2,0;1789,35
PC009340;DISCO DE EMBREAGEM PESADO REMANUFATURADO;TRANSMISSAO;40,0;4786,32
PC009341;SAPATA DE FREIO  ORIGINAL;FREIOS;2,0;383,66
PC009342;BICO INJETOR STD REMANUFATURADO;MOTOR;49,0;1494,65
PC009343;BUCHA DE MOLA  REMANUFATURADO;SUSPENSAO;4,0;532,84
PC009344;VENTOINHA LEVE ORIGINAL;ARREFECIMENTO;0,0;809,95
PC009345;CAMISA DE CILINDRO  ORIGINAL;MOTOR;14,0;4423,14
PC009346;BOMBA INJETORA  PARALELA B;MOTOR;10,0;5580,32
PC009347;TAMBOR DE FREIO PESADO ORIGINAL;FREIOS;3,0;266,82
PC009348;ROLAMENTO DE EMBREAGEM LEVE PARALELA A;TRANSMISSAO;7,0;925,79
PC009349;PINO REI PESADO PARALELA A;ARTICULACAO_5RODA;4,0;1378,97
PC009350;PARA-LAMA PESADO ORIGINAL;CARROCERIA;12,0;398,02
PC009351;VALVULA DE ADMISSAO LEVE ORIGINAL;MOTOR;17,0;1115,79
PC009352;PNEU RADIAL 295/80 LEVE PARALELA B;RODAS_PNEUS;5,0;894,99
PC009353;MACANETA DE PORTA PESADO PARALELA B;CARROCERIA;1,0;132,72
PC009354;CUBO DE RODA REFORCADO PARALELA B;RODAS_PNEUS;1,0;1624,19
PC009355;BOMBA D AGUA  PARALELA A;ARREFECIMENTO;12,0;371,2
PC009356;PASTILHA DE FREIO REFORCADO PARALELA B;FREIOS;2,0;196,64
PC009357;CAIXA DE CAMBIO COMPLETA REFORCADO PARALELA A;TRANSMISSAO;1,0;1620,06
PC009358;ALTERNADOR PESADO REMANUFATURADO;ELETRICA;41,0;158,99
PC009359;LANTERNA TRASEIRA  PARALELA B;ELETRICA;2,0;773,91
PC009360;MOTOR DE PARTIDA  ORIGINAL;ELETRICA;139,0;1411,05
PC009361;JUNTA DE CABECOTE PESADO ORIGINAL;MOTOR;23,0;5919,27
PC009362;SENSOR ABS REFORCADO PARALELA A;ELETRICA;69,0;1334,11
PC009363;RESERVATORIO EXPANSAO STD PARALELA A;ARREFECIMENTO;28,0;367,28
PC009364;TURBO COMPRESSOR  PARALELA B;MOTOR;69,0;1929,52
PC009365;MANGUEIRA RADIADOR STD PARALELA A;ARREFECIMENTO;14,0;225,12
PC009366;PINO MESTRE PESADO PARALELA A;SUSPENSAO;20,0;590,38
PC009367;QUINTA RODA COMPLETA PESADO PARALELA B;ARTICULACAO_5RODA;8,0;1405,8
PC009368;EIXO CARDAN STD ORIGINAL;TRANSMISSAO;10,0;1289,65
PC009369;PLATO DE EMBREAGEM STD PARALELA A;TRANSMISSAO;13,0;1080,49
PC009370;FILTRO DE OLEO MOTOR  ORIGINAL;MOTOR;15,0;4450,09
PC009371;BATERIA 150AH STD ORIGINAL;ELETRICA;15,0;571,94
PC009372;DISCO DE FREIO STD ORIGINAL;FREIOS;19,0;256,38
PC009373;CILINDRO MESTRE STD PARALELA A;FREIOS;49,0;242,51
PC009374;CHICOTE ELETRICO REFORCADO PARALELA B;ELETRICA;6,0;890,64
PC009375;PARAFUSO DE RODA  ORIGINAL;RODAS_PNEUS;1,0;150,3
PC009376;RADIADOR COMPLETO REFORCADO ORIGINAL;ARREFECIMENTO;27,0;354,28
PC009377;FILTRO DE OLEO CAMBIO STD PARALELA A;FILTROS;74,0;106,65
PC009378;ESPELHO RETROVISOR LEVE PARALELA A;CARROCERIA;6,0;457,85
PC009379;RODA DE ACO ARO 22 STD PARALELA B;RODAS_PNEUS;0,0;679,96
PC009380;VIDRO LATERAL PESADO PARALELA B;CARROCERIA;12,0;1144,23
PC009381;MANGOTE PNEUMATICO STD PARALELA A;ARTICULACAO_5RODA;26,0;1199,16
PC009382;PARA-BRISA LEVE PARALELA A;CARROCERIA;231,0;218,6
PC009383;AMORTECEDOR DIANTEIRO  PARALELA A;SUSPENSAO;718,0;470,48
PC009384;FILTRO DE COMBUSTIVEL  PARALELA B;FILTROS;4,0;108,64
PC009385;FILTRO DE AR MOTOR REFORCADO PARALELA A;FILTROS;33,0;21,95
PC009386;VALVULA TERMOSTATICA REFORCADO ORIGINAL;ARREFECIMENTO;3,0;399,49
PC009387;CAMARA DE AR REFORCADO ORIGINAL;RODAS_PNEUS;39,0;1192,44
PC009388;FEIXE DE MOLA STD PARALELA B;SUSPENSAO;95,0;566,02
PC009389;CORREIA DENTADA PESADO PARALELA A;MOTOR;7,0;2734,41
PC009390;ROLAMENTO DE RODA REFORCADO ORIGINAL;RODAS_PNEUS;19,0;1818,69
PC009391;SINCRONIZADOR LEVE PARALELA A;TRANSMISSAO;13,0;1229,47
PC009392;BOLSA DE AR SUSPENSAO PESADO ORIGINAL;SUSPENSAO;21,0;1019,76
PC009393;MANGUEIRA DE FREIO AR REFORCADO ORIGINAL;FREIOS;4,0;105,17
PC009394;FILTRO SEPARADOR AGUA  ORIGINAL;FILTROS;5,0;35,27
PC009395;LONA DE FREIO REFORCADO ORIGINAL;FREIOS;1,0;343,09
PC009396;CRUZETA CARDAN LEVE ORIGINAL;TRANSMISSAO;11,0;2783,59
PC009397;PARA-CHOQUE DIANTEIRO STD PARALELA A;CARROCERIA;10,0;577,97
PC009398;VALVULA DE FREIO STD ORIGINAL;FREIOS;27,0;335,04
PC009399;FAROL DIANTEIRO LED  REMANUFATURADO;ELETRICA;20,0;854,72
PC009400;BARRA ESTABILIZADORA LEVE ORIGINAL;SUSPENSAO;9,0;1162,07
PC009401;AMORTECEDOR TRASEIRO LEVE PARALELA B;SUSPENSAO;9,0;779,23
PC009402;FILTRO DE CABINE STD ORIGINAL;FILTROS;32,0;77,68
PC009403;ENGATE DE REBOQUE LEVE ORIGINAL;ARTICULACAO_5RODA;12,0;344,58
PC009405;SAPATA DE FREIO PESADO PARALELA A;FREIOS;12,0;177,83
PC009406;BICO INJETOR STD ORIGINAL;MOTOR;10,0;5088,35
PC009407;BUCHA DE MOLA  PARALELA B;SUSPENSAO;1,0;127,36
PC009408;VENTOINHA LEVE REMANUFATURADO;ARREFECIMENTO;6,0;343,28
PC009409;CAMISA DE CILINDRO PESADO REMANUFATURADO;MOTOR;2,0;5541,39
PC009410;BOMBA INJETORA REFORCADO REMANUFATURADO;MOTOR;86,0;4151,6
PC009411;TAMBOR DE FREIO  PARALELA A;FREIOS;1,0;174,08
PC009412;ROLAMENTO DE EMBREAGEM REFORCADO PARALELA B;TRANSMISSAO;14,0;1401,4
PC009413;PINO REI LEVE PARALELA A;ARTICULACAO_5RODA;29,0;2642,01
PC009414;PARA-LAMA  PARALELA B;CARROCERIA;17,0;957,94
PC009415;VALVULA DE ADMISSAO PESADO REMANUFATURADO;MOTOR;26,0;254,02
PC009416;PNEU RADIAL 295/80 LEVE ORIGINAL;RODAS_PNEUS;57,0;692,69
PC009417;MACANETA DE PORTA REFORCADO ORIGINAL;CARROCERIA;102,0;395,86
PC009418;CUBO DE RODA  PARALELA A;RODAS_PNEUS;2,0;1436,36
PC009419;BOMBA D AGUA REFORCADO ORIGINAL;ARREFECIMENTO;26,0;278,25
PC009420;PASTILHA DE FREIO REFORCADO PARALELA B;FREIOS;19,0;274,27
PC009421;CAIXA DE CAMBIO COMPLETA STD ORIGINAL;TRANSMISSAO;1,0;2311,65
PC009422;ALTERNADOR PESADO PARALELA A;ELETRICA;16,0;842,85
PC009423;LANTERNA TRASEIRA STD PARALELA A;ELETRICA;9,0;856,89
PC009424;MOTOR DE PARTIDA STD PARALELA A;ELETRICA;8,0;1104,24
PC009425;JUNTA DE CABECOTE LEVE ORIGINAL;MOTOR;3,0;4803,19
PC009426;SENSOR ABS PESADO ORIGINAL;ELETRICA;20,0;454,19
PC009428;TURBO COMPRESSOR STD PARALELA A;MOTOR;7,0;4624,25
PC009429;MANGUEIRA RADIADOR LEVE PARALELA B;ARREFECIMENTO;7,0;655,17
PC009430;PINO MESTRE PESADO PARALELA A;SUSPENSAO;6,0;290,99
PC009431;QUINTA RODA COMPLETA LEVE ORIGINAL;ARTICULACAO_5RODA;6,0;1527,92
PC009432;EIXO CARDAN REFORCADO PARALELA B;TRANSMISSAO;31,0;3593,35
PC009433;PLATO DE EMBREAGEM PESADO ORIGINAL;TRANSMISSAO;10,0;6195,89
PC009434;FILTRO DE OLEO MOTOR REFORCADO ORIGINAL;MOTOR;8,0;4553,4
PC009435;BATERIA 150AH  ORIGINAL;ELETRICA;51,0;88,1
PC009436;DISCO DE FREIO LEVE ORIGINAL;FREIOS;37,0;418,52
PC009437;CILINDRO MESTRE LEVE REMANUFATURADO;FREIOS;2,0;235,91
PC009438;CHICOTE ELETRICO  ORIGINAL;ELETRICA;1,0;1380,19
PC009439;PARAFUSO DE RODA PESADO PARALELA A;RODAS_PNEUS;2,0;1352,81
PC009440;RADIADOR COMPLETO PESADO ORIGINAL;ARREFECIMENTO;3,0;434,05
PC009441;FILTRO DE OLEO CAMBIO LEVE REMANUFATURADO;FILTROS;211,0;17,57
PC009442;ESPELHO RETROVISOR PESADO ORIGINAL;CARROCERIA;24,0;898,9
PC009443;RODA DE ACO ARO 22 LEVE REMANUFATURADO;RODAS_PNEUS;11,0;1726,13
PC009444;VIDRO LATERAL STD ORIGINAL;CARROCERIA;3,0;341,52
PC009445;MANGOTE PNEUMATICO STD ORIGINAL;ARTICULACAO_5RODA;43,0;703,01
PC009446;PARA-BRISA REFORCADO ORIGINAL;CARROCERIA;9,0;754,99
PC009447;AMORTECEDOR DIANTEIRO STD ORIGINAL;SUSPENSAO;5,0;300,78
PC009448;FILTRO DE COMBUSTIVEL PESADO ORIGINAL;FILTROS;35,0;20,29
PC009449;FILTRO DE AR MOTOR STD REMANUFATURADO;FILTROS;50,0;24,26
PC009450;VALVULA TERMOSTATICA  PARALELA A;ARREFECIMENTO;58,0;124,76
PC009451;CAMARA DE AR STD PARALELA A;RODAS_PNEUS;9,0;455,65
PC009452;FEIXE DE MOLA PESADO PARALELA A;SUSPENSAO;1,0;316,73
PC009453;CORREIA DENTADA PESADO PARALELA B;MOTOR;5,0;5304,96
PC009454;ROLAMENTO DE RODA LEVE REMANUFATURADO;RODAS_PNEUS;36,0;563,35
PC009455;SINCRONIZADOR LEVE REMANUFATURADO;TRANSMISSAO;71,0;5468,96
PC009456;BOLSA DE AR SUSPENSAO  PARALELA B;SUSPENSAO;67,0;693,19
PC009457;MANGUEIRA DE FREIO AR  ORIGINAL;FREIOS;3,0;130,38
PC009458;FILTRO SEPARADOR AGUA STD ORIGINAL;FILTROS;2,0;68,33
PC009459;LONA DE FREIO  PARALELA A;FREIOS;12,0;170,79
PC009460;CRUZETA CARDAN PESADO PARALELA A;TRANSMISSAO;26,0;2200,75
PC009461;PARA-CHOQUE DIANTEIRO REFORCADO ORIGINAL;CARROCERIA;196,0;287,02
PC009462;VALVULA DE FREIO PESADO ORIGINAL;FREIOS;8,0;322,01
PC009463;FAROL DIANTEIRO LED PESADO PARALELA A;ELETRICA;11,0;542,68
PC009464;BARRA ESTABILIZADORA  ORIGINAL;SUSPENSAO;10,0;123,23
PC009465;AMORTECEDOR TRASEIRO  ORIGINAL;SUSPENSAO;332,0;540,14
PC009466;FILTRO DE CABINE STD PARALELA A;FILTROS;12,0;82,16
PC009467;ENGATE DE REBOQUE LEVE REMANUFATURADO;ARTICULACAO_5RODA;12,0;1846,51
PC009468;DISCO DE EMBREAGEM  PARALELA B;TRANSMISSAO;8,0;3725,38
PC009469;SAPATA DE FREIO REFORCADO REMANUFATURADO;FREIOS;1,0;175,07
PC009470;BICO INJETOR  REMANUFATURADO;MOTOR;11,0;3862,39
PC009471;BUCHA DE MOLA PESADO ORIGINAL;SUSPENSAO;3,0;1027,35
PC009472;VENTOINHA STD ORIGINAL;ARREFECIMENTO;128,0;701,02
PC009473;CAMISA DE CILINDRO  PARALELA A;MOTOR;79,0;2750,53
PC009474;BOMBA INJETORA  PARALELA A;MOTOR;121,0;3471,89
PC009475;TAMBOR DE FREIO STD ORIGINAL;FREIOS;10,0;79,86
PC009476;ROLAMENTO DE EMBREAGEM  ORIGINAL;TRANSMISSAO;2,0;5019,52
PC009477;PINO REI  REMANUFATURADO;ARTICULACAO_5RODA;9,0;1739,51
PC009478;PARA-LAMA  ORIGINAL;CARROCERIA;3,0;1140,48
PC009479;VALVULA DE ADMISSAO  PARALELA A;MOTOR;19,0;1379,09
PC009481;MACANETA DE PORTA PESADO PARALELA B;CARROCERIA;30,0;44,09
PC009482;CUBO DE RODA  ORIGINAL;RODAS_PNEUS;72,0;1136,31
PC009483;BOMBA D AGUA PESADO ORIGINAL;ARREFECIMENTO;1,0;241,07
PC009484;PASTILHA DE FREIO LEVE ORIGINAL;FREIOS;224,0;306,65
PC009485;CAIXA DE CAMBIO COMPLETA LEVE PARALELA A;TRANSMISSAO;2,0;5990,38
PC009486;ALTERNADOR LEVE PARALELA A;ELETRICA;21,0;418,35
PC009487;LANTERNA TRASEIRA REFORCADO PARALELA A;ELETRICA;16,0;949,68
PC009488;MOTOR DE PARTIDA REFORCADO ORIGINAL;ELETRICA;46,0;516,63
PC009489;JUNTA DE CABECOTE STD PARALELA A;MOTOR;29,0;3221,58
PC009490;SENSOR ABS REFORCADO ORIGINAL;ELETRICA;3,0;672,73
PC009491;RESERVATORIO EXPANSAO PESADO PARALELA A;ARREFECIMENTO;9,0;253,7
PC009492;TURBO COMPRESSOR PESADO PARALELA B;MOTOR;4,0;2252,96
PC009493;MANGUEIRA RADIADOR PESADO REMANUFATURADO;ARREFECIMENTO;3,0;292,39
PC009494;PINO MESTRE STD PARALELA A;SUSPENSAO;4,0;868,14
PC009495;QUINTA RODA COMPLETA  PARALELA B;ARTICULACAO_5RODA;36,0;2899,14
PC009496;EIXO CARDAN PESADO ORIGINAL;TRANSMISSAO;9,0;6819,76
PC009498;FILTRO DE OLEO MOTOR PESADO REMANUFATURADO;MOTOR;10,0;5334,97
PC009499;BATERIA 150AH LEVE PARALELA A;ELETRICA;12,0;812,22
PC009500;DISCO DE FREIO STD PARALELA A;FREIOS;43,0;98,89
PC009501;CILINDRO MESTRE LEVE PARALELA A;FREIOS;61,0;149,6
PC009502;CHICOTE ELETRICO LEVE ORIGINAL;ELETRICA;3,0;744,65
PC009503;PARAFUSO DE RODA PESADO PARALELA B;RODAS_PNEUS;29,0;1356,34
PC009504;RADIADOR COMPLETO PESADO PARALELA B;ARREFECIMENTO;3,0;683,78
PC009505;FILTRO DE OLEO CAMBIO PESADO ORIGINAL;FILTROS;13,0;108,29
PC009506;ESPELHO RETROVISOR LEVE PARALELA A;CARROCERIA;50,0;381,13
PC009507;RODA DE ACO ARO 22 PESADO PARALELA A;RODAS_PNEUS;23,0;1310,24
PC009508;VIDRO LATERAL LEVE ORIGINAL;CARROCERIA;22,0;617,31
PC009510;PARA-BRISA LEVE PARALELA A;CARROCERIA;19,0;103,9
PC009511;AMORTECEDOR DIANTEIRO LEVE ORIGINAL;SUSPENSAO;77,0;280,23
PC009512;FILTRO DE COMBUSTIVEL REFORCADO REMANUFATURADO;FILTROS;55,0;75,94
PC009513;FILTRO DE AR MOTOR LEVE PARALELA A;FILTROS;40,0;65,68
PC009514;VALVULA TERMOSTATICA STD PARALELA B;ARREFECIMENTO;17,0;155,53
PC009515;CAMARA DE AR LEVE ORIGINAL;RODAS_PNEUS;11,0;1100,5
PC009516;FEIXE DE MOLA STD PARALELA A;SUSPENSAO;5,0;917,07
PC009517;CORREIA DENTADA LEVE PARALELA A;MOTOR;25,0;5077,17
PC009518;ROLAMENTO DE RODA LEVE ORIGINAL;RODAS_PNEUS;8,0;592,67
PC009519;SINCRONIZADOR  ORIGINAL;TRANSMISSAO;1,0;540,16
PC009520;BOLSA DE AR SUSPENSAO PESADO ORIGINAL;SUSPENSAO;2,0;490,07
PC009521;MANGUEIRA DE FREIO AR REFORCADO ORIGINAL;FREIOS;84,0;218,04
PC009522;FILTRO SEPARADOR AGUA LEVE REMANUFATURADO;FILTROS;23,0;115,86
PC009523;LONA DE FREIO  REMANUFATURADO;FREIOS;44,0;55,36
PC009524;CRUZETA CARDAN  PARALELA B;TRANSMISSAO;25,0;5682,91
PC009525;PARA-CHOQUE DIANTEIRO REFORCADO ORIGINAL;CARROCERIA;14,0;254,46
PC009526;VALVULA DE FREIO PESADO PARALELA A;FREIOS;48,0;130,98
PC009527;FAROL DIANTEIRO LED LEVE ORIGINAL;ELETRICA;17,0;1084,27
PC009528;BARRA ESTABILIZADORA REFORCADO PARALELA B;SUSPENSAO;48,0;923,05
PC009529;AMORTECEDOR TRASEIRO PESADO PARALELA B;SUSPENSAO;6,0;578,95
PC009530;FILTRO DE CABINE PESADO PARALELA A;FILTROS;71,0;95,65
PC009531;ENGATE DE REBOQUE STD ORIGINAL;ARTICULACAO_5RODA;3,0;436,8
PC009532;DISCO DE EMBREAGEM LEVE PARALELA B;TRANSMISSAO;40,0;6787,66
PC009533;SAPATA DE FREIO PESADO PARALELA B;FREIOS;1,0;173,59
PC009534;BICO INJETOR LEVE PARALELA A;MOTOR;31,0;2369,02
PC009536;VENTOINHA REFORCADO ORIGINAL;ARREFECIMENTO;10,0;799,07
PC009537;CAMISA DE CILINDRO REFORCADO ORIGINAL;MOTOR;24,0;1355,28
PC009538;BOMBA INJETORA PESADO PARALELA A;MOTOR;2,0;1288,95
PC009539;TAMBOR DE FREIO PESADO ORIGINAL;FREIOS;2,0;361,25
PC009540;ROLAMENTO DE EMBREAGEM LEVE ORIGINAL;TRANSMISSAO;353,0;3417,77
PC009541;PINO REI  PARALELA A;ARTICULACAO_5RODA;2,0;3049,24
PC009542;PARA-LAMA PESADO PARALELA B;CARROCERIA;37,0;967,61
PC009543;VALVULA DE ADMISSAO STD ORIGINAL;MOTOR;50,0;4570,48
PC009544;PNEU RADIAL 295/80 LEVE ORIGINAL;RODAS_PNEUS;21,0;1665,46
PC009545;MACANETA DE PORTA PESADO ORIGINAL;CARROCERIA;3,0;685,59
PC009546;CUBO DE RODA LEVE PARALELA A;RODAS_PNEUS;1,0;422,6
PC009547;BOMBA D AGUA REFORCADO PARALELA B;ARREFECIMENTO;29,0;681,2
PC009548;PASTILHA DE FREIO  ORIGINAL;FREIOS;1,0;222,4
PC009549;CAIXA DE CAMBIO COMPLETA LEVE PARALELA A;TRANSMISSAO;123,0;4266,86
PC009550;ALTERNADOR REFORCADO ORIGINAL;ELETRICA;54,0;398,15
PC009551;LANTERNA TRASEIRA STD REMANUFATURADO;ELETRICA;50,0;1098,75
PC009552;MOTOR DE PARTIDA LEVE ORIGINAL;ELETRICA;11,0;203,46
PC009553;JUNTA DE CABECOTE REFORCADO PARALELA A;MOTOR;10,0;4025,87
PC009554;SENSOR ABS PESADO ORIGINAL;ELETRICA;118,0;140,64
PC009555;RESERVATORIO EXPANSAO LEVE PARALELA B;ARREFECIMENTO;6,0;268,54
PC009556;TURBO COMPRESSOR STD ORIGINAL;MOTOR;6,0;2922,43
PC009557;MANGUEIRA RADIADOR REFORCADO PARALELA B;ARREFECIMENTO;11,0;828,24
PC009558;PINO MESTRE STD ORIGINAL;SUSPENSAO;4,0;332,29
PC009559;QUINTA RODA COMPLETA REFORCADO PARALELA A;ARTICULACAO_5RODA;35,0;1745,58
PC009560;EIXO CARDAN LEVE PARALELA B;TRANSMISSAO;9,0;1117,91
PC009562;FILTRO DE OLEO MOTOR  PARALELA B;MOTOR;7,0;2370,47
PC009563;BATERIA 150AH  REMANUFATURADO;ELETRICA;5,0;924,39
PC009564;DISCO DE FREIO STD PARALELA A;FREIOS;12,0;206,91
PC009565;CILINDRO MESTRE REFORCADO ORIGINAL;FREIOS;2,0;47,53
PC009566;CHICOTE ELETRICO  REMANUFATURADO;ELETRICA;2,0;788,58
PC009567;PARAFUSO DE RODA  PARALELA B;RODAS_PNEUS;50,0;979,42
PC009568;RADIADOR COMPLETO STD ORIGINAL;ARREFECIMENTO;16,0;860,33
PC009569;FILTRO DE OLEO CAMBIO LEVE PARALELA A;FILTROS;5,0;99,48
PC009570;ESPELHO RETROVISOR PESADO PARALELA A;CARROCERIA;11,0;714,67
PC009571;RODA DE ACO ARO 22 STD PARALELA A;RODAS_PNEUS;155,0;889,76
PC009572;VIDRO LATERAL STD PARALELA B;CARROCERIA;2,0;430,21
PC009573;MANGOTE PNEUMATICO  ORIGINAL;ARTICULACAO_5RODA;164,0;1587,21
PC009574;PARA-BRISA LEVE PARALELA B;CARROCERIA;5,0;552,26
PC009575;AMORTECEDOR DIANTEIRO  PARALELA B;SUSPENSAO;2,0;339,74
PC009576;FILTRO DE COMBUSTIVEL STD PARALELA B;FILTROS;1,0;53,17
PC009577;FILTRO DE AR MOTOR  ORIGINAL;FILTROS;2,0;47,54
PC009578;VALVULA TERMOSTATICA PESADO PARALELA B;ARREFECIMENTO;6,0;331,33
PC009579;CAMARA DE AR REFORCADO REMANUFATURADO;RODAS_PNEUS;813,0;440,86
PC009580;FEIXE DE MOLA REFORCADO PARALELA B;SUSPENSAO;73,0;1182,25
PC009581;CORREIA DENTADA LEVE ORIGINAL;MOTOR;4,0;4064,12
PC009582;ROLAMENTO DE RODA REFORCADO PARALELA B;RODAS_PNEUS;171,0;1022,14
PC009583;SINCRONIZADOR PESADO PARALELA B;TRANSMISSAO;63,0;1495,71
PC009584;BOLSA DE AR SUSPENSAO REFORCADO PARALELA A;SUSPENSAO;100,0;298,59
PC009585;MANGUEIRA DE FREIO AR LEVE ORIGINAL;FREIOS;11,0;150,28
PC009586;FILTRO SEPARADOR AGUA REFORCADO PARALELA B;FILTROS;4,0;87,11
PC009587;LONA DE FREIO PESADO REMANUFATURADO;FREIOS;3,0;54,51
PC009588;CRUZETA CARDAN  ORIGINAL;TRANSMISSAO;2,0;1600,6
PC009589;PARA-CHOQUE DIANTEIRO STD ORIGINAL;CARROCERIA;93,0;443,62
PC009590;VALVULA DE FREIO LEVE ORIGINAL;FREIOS;178,0;310,87
PC009591;FAROL DIANTEIRO LED  ORIGINAL;ELETRICA;20,0;478,73
PC009592;BARRA ESTABILIZADORA  ORIGINAL;SUSPENSAO;30,0;360,68
PC009593;AMORTECEDOR TRASEIRO STD REMANUFATURADO;SUSPENSAO;224,0;119,54
PC009594;FILTRO DE CABINE LEVE ORIGINAL;FILTROS;10,0;43,08
PC009595;ENGATE DE REBOQUE REFORCADO REMANUFATURADO;ARTICULACAO_5RODA;5,0;1496,14
PC009596;DISCO DE EMBREAGEM STD PARALELA A;TRANSMISSAO;32,0;1505,19
PC009597;SAPATA DE FREIO REFORCADO ORIGINAL;FREIOS;3,0;341,66
PC009598;BICO INJETOR LEVE REMANUFATURADO;MOTOR;13,0;387,48
PC009599;BUCHA DE MOLA LEVE PARALELA A;SUSPENSAO;21,0;785,36
PC009600;VENTOINHA STD ORIGINAL;ARREFECIMENTO;62,0;660,32
PC009601;CAMISA DE CILINDRO  PARALELA B;MOTOR;32,0;2288,81
PC009602;BOMBA INJETORA  PARALELA A;MOTOR;17,0;4022,56
PC009603;TAMBOR DE FREIO PESADO REMANUFATURADO;FREIOS;4,0;186,43
PC009604;ROLAMENTO DE EMBREAGEM LEVE PARALELA A;TRANSMISSAO;13,0;1255,02
PC009605;PINO REI LEVE PARALELA A;ARTICULACAO_5RODA;36,0;946,1
PC009606;PARA-LAMA STD PARALELA A;CARROCERIA;8,0;52,61
PC009607;VALVULA DE ADMISSAO LEVE PARALELA B;MOTOR;24,0;2665,17
PC009608;PNEU RADIAL 295/80 REFORCADO PARALELA A;RODAS_PNEUS;33,0;556,49
PC009609;MACANETA DE PORTA STD ORIGINAL;CARROCERIA;12,0;504,97
PC009610;CUBO DE RODA STD PARALELA A;RODAS_PNEUS;6,0;206,8
PC009611;BOMBA D AGUA STD PARALELA A;ARREFECIMENTO;51,0;630,6
PC009612;PASTILHA DE FREIO STD ORIGINAL;FREIOS;19,0;326,35
PC009613;CAIXA DE CAMBIO COMPLETA REFORCADO ORIGINAL;TRANSMISSAO;9,0;5702,66
PC009614;ALTERNADOR PESADO ORIGINAL;ELETRICA;61,0;258,61
PC009615;LANTERNA TRASEIRA REFORCADO PARALELA B;ELETRICA;3,0;1454,74
PC009616;MOTOR DE PARTIDA LEVE PARALELA A;ELETRICA;66,0;360,64
PC009617;JUNTA DE CABECOTE STD ORIGINAL;MOTOR;9,0;4398,6
PC009618;SENSOR ABS LEVE ORIGINAL;ELETRICA;14,0;882,22
PC009619;RESERVATORIO EXPANSAO  PARALELA A;ARREFECIMENTO;1,0;464,26
PC009620;TURBO COMPRESSOR  REMANUFATURADO;MOTOR;9,0;2573,99
PC009621;MANGUEIRA RADIADOR REFORCADO PARALELA B;ARREFECIMENTO;12,0;485,35
PC009622;PINO MESTRE STD ORIGINAL;SUSPENSAO;5,0;654,21
PC009623;QUINTA RODA COMPLETA REFORCADO ORIGINAL;ARTICULACAO_5RODA;4,0;2961,55
PC009624;EIXO CARDAN STD PARALELA A;TRANSMISSAO;13,0;1055,09
PC009625;PLATO DE EMBREAGEM REFORCADO PARALELA A;TRANSMISSAO;18,0;5778,95
PC009626;FILTRO DE OLEO MOTOR REFORCADO PARALELA A;MOTOR;2,0;243,04
PC009627;BATERIA 150AH REFORCADO ORIGINAL;ELETRICA;6,0;1415,23
PC009628;DISCO DE FREIO PESADO ORIGINAL;FREIOS;30,0;176,16
PC009629;CILINDRO MESTRE REFORCADO ORIGINAL;FREIOS;33,0;45,84
PC009630;CHICOTE ELETRICO PESADO PARALELA B;ELETRICA;1,0;308,24
PC009631;PARAFUSO DE RODA  REMANUFATURADO;RODAS_PNEUS;2,0;1058,25
PC009632;RADIADOR COMPLETO PESADO ORIGINAL;ARREFECIMENTO;7,0;733,33
PC009633;FILTRO DE OLEO CAMBIO REFORCADO PARALELA A;FILTROS;69,0;99,29
PC009634;ESPELHO RETROVISOR REFORCADO PARALELA A;CARROCERIA;6,0;281,33
PC009635;RODA DE ACO ARO 22 PESADO ORIGINAL;RODAS_PNEUS;69,0;1548,24
PC009636;VIDRO LATERAL REFORCADO REMANUFATURADO;CARROCERIA;42,0;669,4
PC009637;MANGOTE PNEUMATICO STD PARALELA A;ARTICULACAO_5RODA;64,0;2556,47
PC009638;PARA-BRISA STD PARALELA B;CARROCERIA;7,0;741,48
PC009639;AMORTECEDOR DIANTEIRO  ORIGINAL;SUSPENSAO;6,0;711,13
PC009640;FILTRO DE COMBUSTIVEL LEVE ORIGINAL;FILTROS;8,0;73,63
PC009641;FILTRO DE AR MOTOR LEVE PARALELA B;FILTROS;11,0;67,97
PC009642;VALVULA TERMOSTATICA PESADO REMANUFATURADO;ARREFECIMENTO;8,0;259,48
PC009643;CAMARA DE AR STD ORIGINAL;RODAS_PNEUS;54,0;558,96
PC009644;FEIXE DE MOLA REFORCADO PARALELA A;SUSPENSAO;707,0;749,45
PC009645;CORREIA DENTADA LEVE REMANUFATURADO;MOTOR;42,0;3624,04
PC009646;ROLAMENTO DE RODA LEVE PARALELA B;RODAS_PNEUS;5,0;274,27
PC009647;SINCRONIZADOR  ORIGINAL;TRANSMISSAO;66,0;5073,13
PC009648;BOLSA DE AR SUSPENSAO PESADO ORIGINAL;SUSPENSAO;6,0;682,4
PC009649;MANGUEIRA DE FREIO AR  PARALELA A;FREIOS;17,0;130,99
PC009650;FILTRO SEPARADOR AGUA LEVE PARALELA A;FILTROS;5,0;99,48
PC009651;LONA DE FREIO PESADO ORIGINAL;FREIOS;2,0;296,27
PC009652;CRUZETA CARDAN  ORIGINAL;TRANSMISSAO;12,0;5761,01
PC009653;PARA-CHOQUE DIANTEIRO LEVE ORIGINAL;CARROCERIA;9,0;490,66
PC009654;VALVULA DE FREIO  PARALELA B;FREIOS;16,0;337,94
PC009655;FAROL DIANTEIRO LED PESADO REMANUFATURADO;ELETRICA;2,0;275,08
PC009656;BARRA ESTABILIZADORA STD PARALELA A;SUSPENSAO;15,0;784,96
PC009658;FILTRO DE CABINE PESADO PARALELA B;FILTROS;2,0;110,14
PC009659;ENGATE DE REBOQUE PESADO ORIGINAL;ARTICULACAO_5RODA;4,0;1601,32
PC009660;DISCO DE EMBREAGEM  REMANUFATURADO;TRANSMISSAO;4,0;2977,97
PC009661;SAPATA DE FREIO  PARALELA B;FREIOS;11,0;63,06
PC009662;BICO INJETOR LEVE PARALELA A;MOTOR;2,0;2670,42
PC009663;BUCHA DE MOLA LEVE PARALELA B;SUSPENSAO;67,0;429,13
PC009664;VENTOINHA PESADO ORIGINAL;ARREFECIMENTO;37,0;802,54
PC009665;CAMISA DE CILINDRO LEVE PARALELA A;MOTOR;7,0;4680,04
PC009666;BOMBA INJETORA PESADO ORIGINAL;MOTOR;1,0;1030,96
PC009667;TAMBOR DE FREIO PESADO ORIGINAL;FREIOS;1,0;304,19
PC009668;ROLAMENTO DE EMBREAGEM STD PARALELA B;TRANSMISSAO;23,0;1952,71
PC009669;PINO REI  PARALELA A;ARTICULACAO_5RODA;3,0;2843,93
PC009670;PARA-LAMA  ORIGINAL;CARROCERIA;13,0;606,33
PC009671;VALVULA DE ADMISSAO STD PARALELA B;MOTOR;31,0;1805,65
PC009672;PNEU RADIAL 295/80 LEVE ORIGINAL;RODAS_PNEUS;3,0;306,21
PC009673;MACANETA DE PORTA STD REMANUFATURADO;CARROCERIA;217,0;344,18
PC009674;CUBO DE RODA REFORCADO PARALELA A;RODAS_PNEUS;20,0;145,2
PC009675;BOMBA D AGUA REFORCADO ORIGINAL;ARREFECIMENTO;237,0;395,21
PC009676;PASTILHA DE FREIO PESADO REMANUFATURADO;FREIOS;5,0;309,35
PC009677;CAIXA DE CAMBIO COMPLETA  ORIGINAL;TRANSMISSAO;6,0;789,61
PC009678;ALTERNADOR LEVE ORIGINAL;ELETRICA;3,0;1156,24
PC009679;LANTERNA TRASEIRA PESADO REMANUFATURADO;ELETRICA;10,0;369,66
PC009680;MOTOR DE PARTIDA STD PARALELA B;ELETRICA;4,0;714,34
PC009681;JUNTA DE CABECOTE  PARALELA B;MOTOR;22,0;1668,27
PC009682;SENSOR ABS  ORIGINAL;ELETRICA;3,0;871,25
PC009683;RESERVATORIO EXPANSAO LEVE ORIGINAL;ARREFECIMENTO;23,0;943,4
PC009684;TURBO COMPRESSOR  PARALELA B;MOTOR;9,0;3405,23
PC009685;MANGUEIRA RADIADOR STD PARALELA B;ARREFECIMENTO;193,0;278,1
PC009686;PINO MESTRE REFORCADO ORIGINAL;SUSPENSAO;9,0;125,26
PC009687;QUINTA RODA COMPLETA REFORCADO PARALELA A;ARTICULACAO_5RODA;0,0;616,89
PC009688;EIXO CARDAN STD PARALELA A;TRANSMISSAO;35,0;4060,49
PC009689;PLATO DE EMBREAGEM  ORIGINAL;TRANSMISSAO;13,0;3612,19
PC009690;FILTRO DE OLEO MOTOR REFORCADO PARALELA B;MOTOR;3,0;1115,4
PC009691;BATERIA 150AH PESADO PARALELA B;ELETRICA;1,0;964,61
PC009692;DISCO DE FREIO PESADO PARALELA B;FREIOS;56,0;98,31
PC009693;CILINDRO MESTRE LEVE REMANUFATURADO;FREIOS;26,0;348,59
PC009694;CHICOTE ELETRICO REFORCADO PARALELA A;ELETRICA;58,0;521,46
PC009695;PARAFUSO DE RODA REFORCADO ORIGINAL;RODAS_PNEUS;43,0;1441,74
PC009696;RADIADOR COMPLETO STD PARALELA A;ARREFECIMENTO;18,0;289,15
PC009697;FILTRO DE OLEO CAMBIO PESADO PARALELA A;FILTROS;5,0;44,81
PC009698;ESPELHO RETROVISOR STD PARALELA A;CARROCERIA;88,0;47,1
PC009699;RODA DE ACO ARO 22 LEVE PARALELA A;RODAS_PNEUS;7,0;770,19
PC009700;VIDRO LATERAL LEVE ORIGINAL;CARROCERIA;1,0;224,0
PC009701;MANGOTE PNEUMATICO LEVE PARALELA A;ARTICULACAO_5RODA;13,0;885,54
PC009702;PARA-BRISA PESADO PARALELA B;CARROCERIA;139,0;1045,76
PC009703;AMORTECEDOR DIANTEIRO  ORIGINAL;SUSPENSAO;15,0;476,74
PC009704;FILTRO DE COMBUSTIVEL LEVE PARALELA A;FILTROS;2,0;59,75
PC009705;FILTRO DE AR MOTOR PESADO PARALELA A;FILTROS;38,0;96,14
PC009706;VALVULA TERMOSTATICA  ORIGINAL;ARREFECIMENTO;1,0;291,67
PC009707;CAMARA DE AR STD ORIGINAL;RODAS_PNEUS;70,0;1100,58
PC009708;FEIXE DE MOLA LEVE ORIGINAL;SUSPENSAO;77,0;1052,08
PC009709;CORREIA DENTADA LEVE REMANUFATURADO;MOTOR;49,0;3007,75
PC009710;ROLAMENTO DE RODA REFORCADO ORIGINAL;RODAS_PNEUS;11,0;1023,31
PC009711;SINCRONIZADOR  PARALELA A;TRANSMISSAO;64,0;3062,39
PC009712;BOLSA DE AR SUSPENSAO REFORCADO PARALELA B;SUSPENSAO;31,0;762,04
PC009713;MANGUEIRA DE FREIO AR STD PARALELA A;FREIOS;13,0;90,96
PC009714;FILTRO SEPARADOR AGUA PESADO ORIGINAL;FILTROS;36,0;27,3
PC009715;LONA DE FREIO REFORCADO ORIGINAL;FREIOS;32,0;220,85
PC009716;CRUZETA CARDAN LEVE ORIGINAL;TRANSMISSAO;3,0;4772,58
PC009717;PARA-CHOQUE DIANTEIRO PESADO ORIGINAL;CARROCERIA;31,0;216,53
PC009718;VALVULA DE FREIO LEVE PARALELA A;FREIOS;2,0;230,47
PC009719;FAROL DIANTEIRO LED STD ORIGINAL;ELETRICA;21,0;238,51
PC009720;BARRA ESTABILIZADORA PESADO REMANUFATURADO;SUSPENSAO;0,0;944,13
PC009721;AMORTECEDOR TRASEIRO LEVE PARALELA A;SUSPENSAO;2,0;1147,65
PC009722;FILTRO DE CABINE LEVE ORIGINAL;FILTROS;2,0;92,95
PC009723;ENGATE DE REBOQUE LEVE PARALELA A;ARTICULACAO_5RODA;11,0;1696,12
PC009724;DISCO DE EMBREAGEM  PARALELA B;TRANSMISSAO;5,0;1518,39
PC009725;SAPATA DE FREIO LEVE ORIGINAL;FREIOS;20,0;76,61
PC009726;BICO INJETOR LEVE ORIGINAL;MOTOR;25,0;851,14
PC009727;BUCHA DE MOLA STD PARALELA B;SUSPENSAO;14,0;413,3
PC009728;VENTOINHA  PARALELA B;ARREFECIMENTO;17,0;924,4
PC009729;CAMISA DE CILINDRO STD ORIGINAL;MOTOR;3,0;5486,46
PC009730;BOMBA INJETORA REFORCADO ORIGINAL;MOTOR;7,0;1125,92
PC009731;TAMBOR DE FREIO PESADO REMANUFATURADO;FREIOS;15,0;55,88
PC009733;PINO REI STD PARALELA A;ARTICULACAO_5RODA;1,0;2736,55
PC009734;PARA-LAMA LEVE PARALELA A;CARROCERIA;13,0;171,21
PC009735;VALVULA DE ADMISSAO PESADO PARALELA B;MOTOR;25,0;2312,3
PC009736;PNEU RADIAL 295/80 REFORCADO PARALELA A;RODAS_PNEUS;8,0;1391,26
PC009737;MACANETA DE PORTA LEVE ORIGINAL;CARROCERIA;8,0;487,42
PC009738;CUBO DE RODA PESADO PARALELA A;RODAS_PNEUS;160,0;1298,97
PC009739;BOMBA D AGUA REFORCADO PARALELA B;ARREFECIMENTO;1,0;503,23
PC009740;PASTILHA DE FREIO  ORIGINAL;FREIOS;21,0;127,26
PC009741;CAIXA DE CAMBIO COMPLETA  ORIGINAL;TRANSMISSAO;8,0;5360,38
PC009742;ALTERNADOR LEVE ORIGINAL;ELETRICA;2,0;208,34
PC009743;LANTERNA TRASEIRA  PARALELA A;ELETRICA;19,0;1117,14
PC009744;MOTOR DE PARTIDA REFORCADO PARALELA B;ELETRICA;72,0;518,49
PC009745;JUNTA DE CABECOTE REFORCADO PARALELA B;MOTOR;33,0;1202,88
PC009746;SENSOR ABS STD PARALELA A;ELETRICA;5,0;1087,78
PC009747;RESERVATORIO EXPANSAO REFORCADO PARALELA A;ARREFECIMENTO;22,0;176,51
PC009748;TURBO COMPRESSOR STD PARALELA B;MOTOR;48,0;1846,11
PC009749;MANGUEIRA RADIADOR LEVE REMANUFATURADO;ARREFECIMENTO;2,0;335,77
PC009750;PINO MESTRE REFORCADO ORIGINAL;SUSPENSAO;6,0;854,95
PC009751;QUINTA RODA COMPLETA REFORCADO PARALELA A;ARTICULACAO_5RODA;2,0;1440,17
PC009752;EIXO CARDAN LEVE PARALELA A;TRANSMISSAO;10,0;4932,92
PC009753;PLATO DE EMBREAGEM STD ORIGINAL;TRANSMISSAO;36,0;3997,96
PC009754;FILTRO DE OLEO MOTOR PESADO PARALELA A;MOTOR;124,0;3222,66
PC009755;BATERIA 150AH  PARALELA A;ELETRICA;19,0;165,82
PC009756;DISCO DE FREIO LEVE REMANUFATURADO;FREIOS;16,0;189,95
PC009757;CILINDRO MESTRE PESADO ORIGINAL;FREIOS;22,0;179,6
PC009758;CHICOTE ELETRICO PESADO PARALELA A;ELETRICA;8,0;1022,99
PC009759;PARAFUSO DE RODA REFORCADO PARALELA B;RODAS_PNEUS;4,0;761,37
PC009760;RADIADOR COMPLETO REFORCADO PARALELA B;ARREFECIMENTO;20,0;152,82
PC009761;FILTRO DE OLEO CAMBIO REFORCADO PARALELA A;FILTROS;7,0;40,62
PC009762;ESPELHO RETROVISOR PESADO ORIGINAL;CARROCERIA;26,0;402,79
PC009763;RODA DE ACO ARO 22 LEVE ORIGINAL;RODAS_PNEUS;5,0;404,58
PC009764;VIDRO LATERAL REFORCADO ORIGINAL;CARROCERIA;11,0;867,51
PC009765;MANGOTE PNEUMATICO STD PARALELA B;ARTICULACAO_5RODA;110,0;1980,84
PC009766;PARA-BRISA LEVE PARALELA A;CARROCERIA;16,0;518,99
PC009767;AMORTECEDOR DIANTEIRO REFORCADO ORIGINAL;SUSPENSAO;6,0;1088,29
PC009768;FILTRO DE COMBUSTIVEL LEVE PARALELA B;FILTROS;42,0;107,08
PC009769;FILTRO DE AR MOTOR REFORCADO PARALELA B;FILTROS;18,0;85,03
PC009770;VALVULA TERMOSTATICA REFORCADO PARALELA B;ARREFECIMENTO;14,0;592,06
PC009771;CAMARA DE AR PESADO PARALELA B;RODAS_PNEUS;13,0;558,78
PC009772;FEIXE DE MOLA REFORCADO ORIGINAL;SUSPENSAO;1,0;858,79
PC009773;CORREIA DENTADA PESADO ORIGINAL;MOTOR;8,0;2947,11
PC009774;ROLAMENTO DE RODA PESADO PARALELA A;RODAS_PNEUS;13,0;752,72
PC009775;SINCRONIZADOR  ORIGINAL;TRANSMISSAO;0,0;1309,54
PC009776;BOLSA DE AR SUSPENSAO PESADO ORIGINAL;SUSPENSAO;59,0;257,31
PC009777;MANGUEIRA DE FREIO AR LEVE ORIGINAL;FREIOS;34,0;135,51
PC009778;FILTRO SEPARADOR AGUA  REMANUFATURADO;FILTROS;3,0;125,17
PC009779;LONA DE FREIO  ORIGINAL;FREIOS;8,0;79,11
PC009780;CRUZETA CARDAN REFORCADO PARALELA A;TRANSMISSAO;10,0;2426,98
PC009781;PARA-CHOQUE DIANTEIRO LEVE PARALELA B;CARROCERIA;6,0;601,32
PC009782;VALVULA DE FREIO  REMANUFATURADO;FREIOS;1,0;56,42
PC009783;FAROL DIANTEIRO LED  PARALELA B;ELETRICA;8,0;803,73
PC009784;BARRA ESTABILIZADORA REFORCADO ORIGINAL;SUSPENSAO;25,0;801,87
PC009785;AMORTECEDOR TRASEIRO PESADO REMANUFATURADO;SUSPENSAO;13,0;785,77
PC009786;FILTRO DE CABINE  ORIGINAL;FILTROS;27,0;76,39
PC009787;ENGATE DE REBOQUE LEVE PARALELA B;ARTICULACAO_5RODA;4,0;2319,66
PC009788;DISCO DE EMBREAGEM LEVE ORIGINAL;TRANSMISSAO;29,0;2313,04
PC009789;SAPATA DE FREIO REFORCADO PARALELA B;FREIOS;25,0;205,09
PC009791;BUCHA DE MOLA PESADO PARALELA B;SUSPENSAO;1,0;755,26
PC009792;VENTOINHA STD ORIGINAL;ARREFECIMENTO;1,0;515,67
PC009793;CAMISA DE CILINDRO LEVE ORIGINAL;MOTOR;8,0;3711,63
PC009794;BOMBA INJETORA STD ORIGINAL;MOTOR;9,0;2750,11
PC009795;TAMBOR DE FREIO PESADO ORIGINAL;FREIOS;1,0;262,41
PC009796;ROLAMENTO DE EMBREAGEM  PARALELA A;TRANSMISSAO;19,0;7131,31
PC009798;PARA-LAMA PESADO PARALELA A;CARROCERIA;4,0;536,45
PC009799;VALVULA DE ADMISSAO LEVE ORIGINAL;MOTOR;10,0;4609,59
PC009800;PNEU RADIAL 295/80  PARALELA A;RODAS_PNEUS;21,0;1529,47
PC009801;MACANETA DE PORTA REFORCADO REMANUFATURADO;CARROCERIA;19,0;220,0
PC009802;CUBO DE RODA PESADO REMANUFATURADO;RODAS_PNEUS;35,0;1217,92
PC009803;BOMBA D AGUA STD REMANUFATURADO;ARREFECIMENTO;6,0;123,56
PC009804;PASTILHA DE FREIO REFORCADO PARALELA B;FREIOS;1,0;97,78
PC009805;CAIXA DE CAMBIO COMPLETA STD REMANUFATURADO;TRANSMISSAO;2,0;3565,16
PC009806;ALTERNADOR LEVE REMANUFATURADO;ELETRICA;85,0;351,98
PC009807;LANTERNA TRASEIRA REFORCADO ORIGINAL;ELETRICA;17,0;560,29
PC009808;MOTOR DE PARTIDA LEVE REMANUFATURADO;ELETRICA;49,0;1519,01
PC009809;JUNTA DE CABECOTE LEVE PARALELA A;MOTOR;11,0;5313,13
PC009810;SENSOR ABS PESADO PARALELA B;ELETRICA;34,0;298,44
PC009811;RESERVATORIO EXPANSAO STD PARALELA A;ARREFECIMENTO;2,0;473,16
PC009812;TURBO COMPRESSOR STD REMANUFATURADO;MOTOR;150,0;2483,14
PC009813;MANGUEIRA RADIADOR REFORCADO PARALELA B;ARREFECIMENTO;192,0;792,37
PC009814;PINO MESTRE PESADO REMANUFATURADO;SUSPENSAO;31,0;857,69
PC009815;QUINTA RODA COMPLETA REFORCADO PARALELA B;ARTICULACAO_5RODA;78,0;1537,64
PC009816;EIXO CARDAN LEVE PARALELA A;TRANSMISSAO;0,0;997,37
PC009817;PLATO DE EMBREAGEM PESADO ORIGINAL;TRANSMISSAO;13,0;2384,81
PC009818;FILTRO DE OLEO MOTOR PESADO ORIGINAL;MOTOR;13,0;1197,31
PC009819;BATERIA 150AH  PARALELA B;ELETRICA;93,0;327,58
PC009820;DISCO DE FREIO LEVE PARALELA B;FREIOS;5,0;136,15
PC009821;CILINDRO MESTRE LEVE ORIGINAL;FREIOS;1,0;84,04
PC009822;CHICOTE ELETRICO STD PARALELA A;ELETRICA;7,0;781,98
PC009823;PARAFUSO DE RODA REFORCADO PARALELA B;RODAS_PNEUS;7,0;853,89
PC009824;RADIADOR COMPLETO STD PARALELA A;ARREFECIMENTO;136,0;473,47
PC009825;FILTRO DE OLEO CAMBIO LEVE ORIGINAL;FILTROS;62,0;99,73
PC009826;ESPELHO RETROVISOR PESADO PARALELA B;CARROCERIA;75,0;235,03
PC009827;RODA DE ACO ARO 22 STD ORIGINAL;RODAS_PNEUS;4,0;1467,12
PC009828;VIDRO LATERAL REFORCADO PARALELA A;CARROCERIA;18,0;756,01
PC009829;MANGOTE PNEUMATICO  PARALELA A;ARTICULACAO_5RODA;18,0;1454,58
PC009830;PARA-BRISA PESADO ORIGINAL;CARROCERIA;26,0;479,33
PC009832;FILTRO DE COMBUSTIVEL REFORCADO ORIGINAL;FILTROS;20,0;60,78
PC009833;FILTRO DE AR MOTOR  PARALELA A;FILTROS;3,0;43,9
PC009834;VALVULA TERMOSTATICA  PARALELA A;ARREFECIMENTO;38,0;648,82
PC009835;CAMARA DE AR  PARALELA A;RODAS_PNEUS;17,0;522,75
PC009836;FEIXE DE MOLA  REMANUFATURADO;SUSPENSAO;7,0;203,98
PC009837;CORREIA DENTADA LEVE ORIGINAL;MOTOR;7,0;1952,39
PC009838;ROLAMENTO DE RODA  PARALELA A;RODAS_PNEUS;30,0;1526,42
PC009839;SINCRONIZADOR LEVE PARALELA A;TRANSMISSAO;3,0;3530,0
PC009840;BOLSA DE AR SUSPENSAO REFORCADO PARALELA B;SUSPENSAO;3,0;267,52
PC009841;MANGUEIRA DE FREIO AR  PARALELA A;FREIOS;4,0;64,48
PC009842;FILTRO SEPARADOR AGUA STD PARALELA A;FILTROS;11,0;28,47
PC009843;LONA DE FREIO STD PARALELA B;FREIOS;139,0;245,02
PC009844;CRUZETA CARDAN PESADO REMANUFATURADO;TRANSMISSAO;3,0;2574,06
PC009845;PARA-CHOQUE DIANTEIRO LEVE PARALELA B;CARROCERIA;11,0;763,26
PC009846;VALVULA DE FREIO REFORCADO PARALELA B;FREIOS;9,0;174,44
PC009847;FAROL DIANTEIRO LED LEVE PARALELA A;ELETRICA;19,0;1010,55
PC009848;BARRA ESTABILIZADORA PESADO PARALELA B;SUSPENSAO;3,0;1138,1
PC009849;AMORTECEDOR TRASEIRO LEVE REMANUFATURADO;SUSPENSAO;40,0;129,09
PC009851;ENGATE DE REBOQUE REFORCADO ORIGINAL;ARTICULACAO_5RODA;0,0;1993,7
PC009852;DISCO DE EMBREAGEM REFORCADO PARALELA A;TRANSMISSAO;84,0;860,42
PC009853;SAPATA DE FREIO REFORCADO ORIGINAL;FREIOS;6,0;237,03
PC009854;BICO INJETOR LEVE REMANUFATURADO;MOTOR;35,0;5468,28
PC009855;BUCHA DE MOLA PESADO PARALELA A;SUSPENSAO;2,0;125,39
PC009856;VENTOINHA STD PARALELA B;ARREFECIMENTO;2,0;718,41
PC009857;CAMISA DE CILINDRO STD PARALELA A;MOTOR;4,0;575,04
PC009858;BOMBA INJETORA  ORIGINAL;MOTOR;68,0;5494,2
PC009859;TAMBOR DE FREIO STD PARALELA A;FREIOS;1,0;108,35
PC009860;ROLAMENTO DE EMBREAGEM REFORCADO ORIGINAL;TRANSMISSAO;6,0;3246,79
PC009861;PINO REI LEVE ORIGINAL;ARTICULACAO_5RODA;6,0;1822,11
PC009862;PARA-LAMA STD PARALELA B;CARROCERIA;28,0;990,88
PC009863;VALVULA DE ADMISSAO  PARALELA A;MOTOR;3,0;1497,52
PC009864;PNEU RADIAL 295/80 LEVE PARALELA B;RODAS_PNEUS;24,0;231,57
PC009865;MACANETA DE PORTA PESADO PARALELA A;CARROCERIA;6,0;509,71
PC009866;CUBO DE RODA STD PARALELA B;RODAS_PNEUS;3,0;927,58
PC009867;BOMBA D AGUA  PARALELA A;ARREFECIMENTO;2,0;88,65
PC009868;PASTILHA DE FREIO REFORCADO PARALELA A;FREIOS;48,0;115,1
PC009869;CAIXA DE CAMBIO COMPLETA  PARALELA B;TRANSMISSAO;12,0;282,81
PC009870;ALTERNADOR PESADO PARALELA A;ELETRICA;6,0;68,84
PC009871;LANTERNA TRASEIRA STD ORIGINAL;ELETRICA;11,0;691,04
PC009872;MOTOR DE PARTIDA PESADO PARALELA A;ELETRICA;137,0;108,11
PC009874;SENSOR ABS LEVE PARALELA A;ELETRICA;550,0;413,67
PC009877;MANGUEIRA RADIADOR PESADO ORIGINAL;ARREFECIMENTO;141,0;670,74
PC009878;PINO MESTRE PESADO ORIGINAL;SUSPENSAO;61,0;140,36
PC009879;QUINTA RODA COMPLETA STD PARALELA A;ARTICULACAO_5RODA;1,0;661,87
PC009880;EIXO CARDAN  PARALELA B;TRANSMISSAO;1,0;392,89
PC009881;PLATO DE EMBREAGEM REFORCADO ORIGINAL;TRANSMISSAO;1,0;1930,1
PC009882;FILTRO DE OLEO MOTOR REFORCADO REMANUFATURADO;MOTOR;108,0;4878,06
PC009883;BATERIA 150AH  REMANUFATURADO;ELETRICA;54,0;530,92
PC009885;CILINDRO MESTRE REFORCADO PARALELA B;FREIOS;42,0;124,05
PC009886;CHICOTE ELETRICO PESADO PARALELA B;ELETRICA;11,0;601,05
PC009887;PARAFUSO DE RODA  PARALELA A;RODAS_PNEUS;6,0;722,11
PC009888;RADIADOR COMPLETO REFORCADO REMANUFATURADO;ARREFECIMENTO;40,0;211,62
PC009889;FILTRO DE OLEO CAMBIO PESADO REMANUFATURADO;FILTROS;9,0;74,2
PC009890;ESPELHO RETROVISOR STD PARALELA A;CARROCERIA;6,0;721,12
PC009891;RODA DE ACO ARO 22 REFORCADO PARALELA B;RODAS_PNEUS;1,0;1331,63
PC009892;VIDRO LATERAL  PARALELA A;CARROCERIA;26,0;208,49
PC009893;MANGOTE PNEUMATICO PESADO PARALELA A;ARTICULACAO_5RODA;4,0;405,05
PC009894;PARA-BRISA PESADO ORIGINAL;CARROCERIA;21,0;677,69
PC009895;AMORTECEDOR DIANTEIRO PESADO PARALELA A;SUSPENSAO;6,0;337,76
PC009896;FILTRO DE COMBUSTIVEL LEVE PARALELA A;FILTROS;6,0;32,18
PC009897;FILTRO DE AR MOTOR LEVE ORIGINAL;FILTROS;3,0;36,32
PC009898;VALVULA TERMOSTATICA LEVE PARALELA B;ARREFECIMENTO;5,0;157,74
PC009899;CAMARA DE AR  PARALELA A;RODAS_PNEUS;3,0;1877,7
PC009900;FEIXE DE MOLA STD PARALELA A;SUSPENSAO;2,0;105,89
PC009901;CORREIA DENTADA STD ORIGINAL;MOTOR;23,0;738,23
PC009902;ROLAMENTO DE RODA STD PARALELA B;RODAS_PNEUS;31,0;223,15
PC009903;SINCRONIZADOR LEVE ORIGINAL;TRANSMISSAO;13,0;3994,63
PC009904;BOLSA DE AR SUSPENSAO REFORCADO ORIGINAL;SUSPENSAO;13,0;918,84
PC009905;MANGUEIRA DE FREIO AR STD ORIGINAL;FREIOS;101,0;80,79
PC009906;FILTRO SEPARADOR AGUA REFORCADO PARALELA A;FILTROS;12,0;95,2
PC009907;LONA DE FREIO  ORIGINAL;FREIOS;33,0;129,14
PC009908;CRUZETA CARDAN LEVE ORIGINAL;TRANSMISSAO;97,0;4476,96
PC009909;PARA-CHOQUE DIANTEIRO STD PARALELA B;CARROCERIA;5,0;915,75
PC009910;VALVULA DE FREIO  PARALELA B;FREIOS;0,0;184,9
PC009911;FAROL DIANTEIRO LED  ORIGINAL;ELETRICA;13,0;565,08
PC009912;BARRA ESTABILIZADORA LEVE ORIGINAL;SUSPENSAO;14,0;914,59
PC009913;AMORTECEDOR TRASEIRO PESADO ORIGINAL;SUSPENSAO;22,0;102,01
PC009914;FILTRO DE CABINE  REMANUFATURADO;FILTROS;26,0;105,75
PC009915;ENGATE DE REBOQUE REFORCADO ORIGINAL;ARTICULACAO_5RODA;2,0;1001,66
PC009916;DISCO DE EMBREAGEM PESADO ORIGINAL;TRANSMISSAO;2,0;5408,92
PC009918;BICO INJETOR REFORCADO ORIGINAL;MOTOR;91,0;2391,87
PC009919;BUCHA DE MOLA STD PARALELA A;SUSPENSAO;10,0;1036,2
PC009920;VENTOINHA LEVE PARALELA A;ARREFECIMENTO;28,0;150,32
PC009921;CAMISA DE CILINDRO REFORCADO PARALELA B;MOTOR;27,0;4759,38
PC009922;BOMBA INJETORA STD ORIGINAL;MOTOR;15,0;635,81
PC009923;TAMBOR DE FREIO  PARALELA B;FREIOS;6,0;317,09
PC009924;ROLAMENTO DE EMBREAGEM LEVE PARALELA A;TRANSMISSAO;550,0;2543,91
PC009925;PINO REI PESADO ORIGINAL;ARTICULACAO_5RODA;6,0;315,1
PC009926;PARA-LAMA STD PARALELA A;CARROCERIA;13,0;363,09
PC009927;VALVULA DE ADMISSAO REFORCADO PARALELA A;MOTOR;8,0;1010,96
PC009928;PNEU RADIAL 295/80  REMANUFATURADO;RODAS_PNEUS;18,0;1182,15
PC009929;MACANETA DE PORTA PESADO ORIGINAL;CARROCERIA;22,0;874,58
PC009930;CUBO DE RODA LEVE PARALELA B;RODAS_PNEUS;35,0;1515,71
PC009931;BOMBA D AGUA STD ORIGINAL;ARREFECIMENTO;6,0;211,92
PC009932;PASTILHA DE FREIO  REMANUFATURADO;FREIOS;40,0;303,15
PC009933;CAIXA DE CAMBIO COMPLETA REFORCADO PARALELA A;TRANSMISSAO;3,0;6406,96
PC009934;ALTERNADOR LEVE ORIGINAL;ELETRICA;30,0;747,05
PC009935;LANTERNA TRASEIRA LEVE PARALELA A;ELETRICA;1,0;173,89
PC009936;MOTOR DE PARTIDA STD ORIGINAL;ELETRICA;4,0;390,72
PC009937;JUNTA DE CABECOTE STD PARALELA A;MOTOR;2,0;958,65
PC009938;SENSOR ABS LEVE REMANUFATURADO;ELETRICA;9,0;1285,29
PC009939;RESERVATORIO EXPANSAO  ORIGINAL;ARREFECIMENTO;13,0;322,23
PC009940;TURBO COMPRESSOR PESADO PARALELA A;MOTOR;2,0;212,86
PC009941;MANGUEIRA RADIADOR STD PARALELA A;ARREFECIMENTO;33,0;670,66
PC009942;PINO MESTRE STD ORIGINAL;SUSPENSAO;8,0;117,27
PC009943;QUINTA RODA COMPLETA STD PARALELA A;ARTICULACAO_5RODA;0,0;884,01
PC009944;EIXO CARDAN REFORCADO PARALELA A;TRANSMISSAO;1,0;5027,49
PC009945;PLATO DE EMBREAGEM LEVE PARALELA B;TRANSMISSAO;17,0;3986,34
PC009946;FILTRO DE OLEO MOTOR REFORCADO PARALELA B;MOTOR;8,0;1916,19
PC009947;BATERIA 150AH LEVE PARALELA A;ELETRICA;1,0;713,08
PC009948;DISCO DE FREIO LEVE PARALELA B;FREIOS;2,0;246,97
PC009949;CILINDRO MESTRE PESADO ORIGINAL;FREIOS;8,0;181,48
PC009950;CHICOTE ELETRICO PESADO REMANUFATURADO;ELETRICA;141,0;488,41
PC009951;PARAFUSO DE RODA STD PARALELA B;RODAS_PNEUS;4,0;1659,61
PC009952;RADIADOR COMPLETO REFORCADO ORIGINAL;ARREFECIMENTO;36,0;727,51
PC009953;FILTRO DE OLEO CAMBIO REFORCADO REMANUFATURADO;FILTROS;72,0;16,23
PC009954;ESPELHO RETROVISOR LEVE PARALELA A;CARROCERIA;70,0;592,37
PC009955;RODA DE ACO ARO 22  REMANUFATURADO;RODAS_PNEUS;4,0;312,67
PC009956;VIDRO LATERAL REFORCADO PARALELA A;CARROCERIA;11,0;921,45
PC009958;PARA-BRISA PESADO PARALELA A;CARROCERIA;6,0;507,53
PC009959;AMORTECEDOR DIANTEIRO  PARALELA B;SUSPENSAO;13,0;763,62
PC009960;FILTRO DE COMBUSTIVEL LEVE REMANUFATURADO;FILTROS;22,0;32,44
PC009962;VALVULA TERMOSTATICA STD PARALELA A;ARREFECIMENTO;2,0;467,28
PC009963;CAMARA DE AR REFORCADO ORIGINAL;RODAS_PNEUS;95,0;1559,66
PC009964;FEIXE DE MOLA STD PARALELA A;SUSPENSAO;9,0;981,81
PC009965;CORREIA DENTADA STD PARALELA A;MOTOR;31,0;3518,22
PC009966;ROLAMENTO DE RODA PESADO ORIGINAL;RODAS_PNEUS;21,0;1825,1
PC009967;SINCRONIZADOR LEVE REMANUFATURADO;TRANSMISSAO;6,0;7977,4
PC009968;BOLSA DE AR SUSPENSAO  ORIGINAL;SUSPENSAO;6,0;146,65
PC009969;MANGUEIRA DE FREIO AR LEVE PARALELA A;FREIOS;44,0;233,6
PC009970;FILTRO SEPARADOR AGUA LEVE PARALELA A;FILTROS;501,0;71,47
PC009971;LONA DE FREIO  REMANUFATURADO;FREIOS;6,0;379,97
PC009972;CRUZETA CARDAN LEVE PARALELA A;TRANSMISSAO;6,0;5466,66
PC009973;PARA-CHOQUE DIANTEIRO STD PARALELA B;CARROCERIA;18,0;734,19
PC009974;VALVULA DE FREIO REFORCADO PARALELA A;FREIOS;10,0;322,13
PC009975;FAROL DIANTEIRO LED  PARALELA A;ELETRICA;1,0;760,06
PC009976;BARRA ESTABILIZADORA PESADO PARALELA B;SUSPENSAO;1,0;443,28
PC009977;AMORTECEDOR TRASEIRO  PARALELA A;SUSPENSAO;85,0;755,7
PC009978;FILTRO DE CABINE REFORCADO PARALELA A;FILTROS;9,0;19,63
PC009979;ENGATE DE REBOQUE PESADO PARALELA B;ARTICULACAO_5RODA;25,0;1660,9
PC009980;DISCO DE EMBREAGEM PESADO PARALELA A;TRANSMISSAO;32,0;4416,49
PC009981;SAPATA DE FREIO STD PARALELA B;FREIOS;1,0;167,43
PC009982;BICO INJETOR LEVE ORIGINAL;MOTOR;11,0;4233,37
PC009983;BUCHA DE MOLA  PARALELA B;SUSPENSAO;50,0;648,26
PC009984;VENTOINHA LEVE ORIGINAL;ARREFECIMENTO;27,0;400,31
PC009985;CAMISA DE CILINDRO STD ORIGINAL;MOTOR;0,0;4336,11
PC009986;BOMBA INJETORA  REMANUFATURADO;MOTOR;3,0;1637,26
PC009987;TAMBOR DE FREIO  PARALELA A;FREIOS;23,0;173,99
PC009988;ROLAMENTO DE EMBREAGEM LEVE PARALELA A;TRANSMISSAO;142,0;5875,32
PC009989;PINO REI REFORCADO REMANUFATURADO;ARTICULACAO_5RODA;2,0;2166,57
PC009990;PARA-LAMA LEVE ORIGINAL;CARROCERIA;107,0;736,55
PC009991;VALVULA DE ADMISSAO REFORCADO REMANUFATURADO;MOTOR;1,0;1918,4
PC009992;PNEU RADIAL 295/80 PESADO PARALELA B;RODAS_PNEUS;7,0;1339,95
PC009993;MACANETA DE PORTA LEVE PARALELA B;CARROCERIA;12,0;203,24
PC009994;CUBO DE RODA STD PARALELA B;RODAS_PNEUS;26,0;1572,46
PC009995;BOMBA D AGUA PESADO PARALELA A;ARREFECIMENTO;2,0;723,53
PC009996;PASTILHA DE FREIO PESADO REMANUFATURADO;FREIOS;12,0;270,13
PC009997;CAIXA DE CAMBIO COMPLETA LEVE PARALELA B;TRANSMISSAO;2,0;808,03
PC009998;ALTERNADOR REFORCADO ORIGINAL;ELETRICA;65,0;641,56
PC009999;LANTERNA TRASEIRA STD REMANUFATURADO;ELETRICA;3,0;986,98
PC010000;MOTOR DE PARTIDA STD ORIGINAL;ELETRICA;41,0;1152,86
