Produto;Filial;DataEvento;MesHorizonte;QtdComprar;ValorCompra;Urgencia;Classe;Fornecedor;CicloDias;FrequenciaAno
PC000931;Loja Centro;28/08/2026;1;32,0;8446,32;🔴 Prioritário (até 30 dias);A;Fornecedor Alfa;7,0;50,3
PC000931;Loja Centro;13/09/2026;2;38,0;10036,73;🟡 Planejado;A;Fornecedor Alfa;7,0;54,1
PC000931;Loja Centro;29/09/2026;2;36,0;9407,63;🟡 Planejado;A;Fornecedor Alfa;7,0;54,1
PC000931;Loja Centro;13/10/2026;3;59,0;15476,8;🟡 Planejado;A;Fornecedor Alfa;5,0;75,6
PC000931;Loja Centro;28/10/2026;3;47,0;12325,36;🟡 Planejado;A;Fornecedor Alfa;5,0;75,6
PC000931;Loja Centro;12/11/2026;4;63,0;16565,8;🟡 Planejado;A;Fornecedor Alfa;4,0;88,2
PC000931;Loja Centro;28/11/2026;4;58,0;15335,66;🟡 Planejado;A;Fornecedor Alfa;4,0;88,2
PC000931;Loja Centro;22/12/2026;5;39,0;10417,12;🟡 Planejado;A;Fornecedor Alfa;6,0;60,0
PC000931;Loja Centro;06/01/2027;5;37,0;9772,41;🟡 Planejado;A;Fornecedor Alfa;6,0;60,0
PC000931;Loja Centro;21/01/2027;6;39,0;10243,96;🟡 Planejado;A;Fornecedor Alfa;6,0;61,0
PC000931;Loja Centro;05/02/2027;6;38,0;9944,93;🟡 Planejado;A;Fornecedor Alfa;6,0;61,0
PC000588;Loja Centro;14/08/2026;1;43,0;7991,4;🚨 Urgente (até 7 dias);A;Fornecedor Alfa;6,0;61,1
PC000588;Loja Centro;30/08/2026;1;40,0;7497,42;🔴 Prioritário (até 30 dias);A;Fornecedor Alfa;6,0;61,1
PC000588;Loja Centro;17/09/2026;2;33,0;6126,16;🟡 Planejado;A;Fornecedor Alfa;7,0;52,5
PC000588;Loja Centro;02/10/2026;2;32,0;6039,5;🟡 Planejado;A;Fornecedor Alfa;7,0;52,5
PC000588;Loja Centro;13/10/2026;3;53,0;9817,5;🟡 Planejado;A;Fornecedor Alfa;5,0;75,1
PC000588;Loja Centro;29/10/2026;3;49,0;9223,31;🟡 Planejado;A;Fornecedor Alfa;5,0;75,1
PC000588;Loja Centro;12/11/2026;4;71,0;13247,17;🟡 Planejado;A;Fornecedor Alfa;4,0;96,9
PC000588;Loja Centro;28/11/2026;4;64,0;11895,19;🟡 Planejado;A;Fornecedor Alfa;4,0;96,9
PC000588;Loja Centro;21/12/2026;5;42,0;7884,32;🟡 Planejado;A;Fornecedor Alfa;5,0;66,9
PC000588;Loja Centro;05/01/2027;5;41,0;7696,11;🟡 Planejado;A;Fornecedor Alfa;5,0;66,9
PC000588;Loja Centro;21/01/2027;6;44,0;8133,98;🟡 Planejado;A;Fornecedor Alfa;5,0;66,6
PC000588;Loja Centro;06/02/2027;6;44,0;8179,84;🟡 Planejado;A;Fornecedor Alfa;5,0;66,6
PC000210;Loja Centro;14/08/2026;1;30,0;13520,45;🚨 Urgente (até 7 dias);A;Fornecedor Beta;11,0;33,1
PC000210;Loja Centro;29/08/2026;1;20,0;9147,68;🔴 Prioritário (até 30 dias);A;Fornecedor Beta;11,0;33,1
PC000210;Loja Centro;14/09/2026;2;21,0;9430,07;🟡 Planejado;A;Fornecedor Beta;11,0;32,5
PC000210;Loja Centro;29/09/2026;2;20,0;8994,19;🟡 Planejado;A;Fornecedor Beta;11,0;32,5
PC000210;Loja Centro;15/10/2026;3;21,0;9405,76;🟡 Planejado;A;Fornecedor Beta;11,0;32,2
PC000210;Loja Centro;30/10/2026;3;20,0;8908,71;🟡 Planejado;A;Fornecedor Beta;11,0;32,2
PC000210;Loja Centro;15/11/2026;4;21,0;9394,75;🟡 Planejado;A;Fornecedor Beta;11,0;32,0
PC000210;Loja Centro;30/11/2026;4;20,0;8861,12;🟡 Planejado;A;Fornecedor Beta;11,0;32,0
PC000210;Loja Centro;16/12/2026;5;21,0;9390,02;🟡 Planejado;A;Fornecedor Beta;11,0;31,9
PC000210;Loja Centro;01/01/2027;5;21,0;9423,59;🟡 Planejado;A;Fornecedor Beta;11,0;31,9
PC000210;Loja Centro;17/01/2027;6;21,0;9387,18;🟡 Planejado;A;Fornecedor Beta;11,0;31,9
PC000210;Loja Centro;02/02/2027;6;21,0;9407,85;🟡 Planejado;A;Fornecedor Beta;11,0;31,9
PC000819;Loja Centro;27/08/2026;1;21,0;5951,98;🔴 Prioritário (até 30 dias);A;Fornecedor Alfa;11,0;32,6
PC000819;Loja Centro;11/09/2026;1;20,0;5709,47;🔴 Prioritário (até 30 dias);A;Fornecedor Alfa;11,0;32,6
PC000819;Loja Centro;25/09/2026;2;22,0;6151,92;🟡 Planejado;A;Fornecedor Alfa;11,0;34,2
PC000819;Loja Centro;10/10/2026;2;21,0;5996,59;🟡 Planejado;A;Fornecedor Alfa;11,0;34,2
PC000819;Loja Centro;18/10/2026;3;30,0;8639,53;🟡 Planejado;A;Fornecedor Alfa;8,0;47,2
PC000819;Loja Centro;02/11/2026;3;29,0;8263,82;🟡 Planejado;A;Fornecedor Alfa;8,0;47,2
PC000819;Loja Centro;14/11/2026;4;36,0;10344,07;🟡 Planejado;A;Fornecedor Alfa;6,0;56,9
PC000819;Loja Centro;29/11/2026;4;35,0;9960,65;🟡 Planejado;A;Fornecedor Alfa;6,0;56,9
PC000819;Loja Centro;26/12/2026;5;22,0;6183,11;🟡 Planejado;A;Fornecedor Alfa;11,0;34,5
PC000819;Loja Centro;10/01/2027;5;21,0;6045,29;🟡 Planejado;A;Fornecedor Alfa;11,0;34,5
PC000819;Loja Centro;24/01/2027;6;24,0;6908,66;🟡 Planejado;A;Fornecedor Alfa;10,0;37,0
PC000819;Loja Centro;09/02/2027;6;24,0;6908,82;🟡 Planejado;A;Fornecedor Alfa;10,0;37,0
PC000016;Loja Centro;19/09/2026;2;17,0;7280,67;🟡 Planejado;A;Fornecedor Beta;14,0;26,8
PC000016;Loja Centro;04/10/2026;2;17,0;6884,5;🟡 Planejado;A;Fornecedor Beta;14,0;26,8
PC000016;Loja Centro;15/10/2026;3;22,0;9060,64;🟡 Planejado;A;Fornecedor Beta;11,0;33,9
PC000016;Loja Centro;31/10/2026;3;22,0;9288,68;🟡 Planejado;A;Fornecedor Beta;11,0;33,9
PC000016;Loja Centro;13/11/2026;4;25,0;10255,15;🟡 Planejado;A;Fornecedor Beta;9,0;38,8
PC000016;Loja Centro;28/11/2026;4;24,0;9977,56;🟡 Planejado;A;Fornecedor Beta;9,0;38,8
PC000016;Loja Centro;19/12/2026;5;18,0;7632,14;🟡 Planejado;A;Fornecedor Beta;13,0;29,1
PC000016;Loja Centro;03/01/2027;5;18,0;7476,33;🟡 Planejado;A;Fornecedor Beta;13,0;29,1
PC000016;Loja Centro;19/01/2027;6;18,0;7685,86;🟡 Planejado;A;Fornecedor Beta;13,0;28,7
PC000016;Loja Centro;04/02/2027;6;19,0;7856,23;🟡 Planejado;A;Fornecedor Beta;13,0;28,7
PC000690;Loja Centro;25/10/2026;3;18,0;6108,14;🟡 Planejado;A;Fornecedor Beta;13,0;28,6
PC000690;Loja Centro;10/11/2026;3;19,0;6509,8;🟡 Planejado;A;Fornecedor Beta;13,0;28,6
PC000690;Loja Centro;25/11/2026;4;18,0;6116,24;🟡 Planejado;A;Fornecedor Beta;13,0;28,6
PC000690;Loja Centro;10/12/2026;4;18,0;6107,47;🟡 Planejado;A;Fornecedor Beta;13,0;28,6
PC000690;Loja Centro;25/12/2026;5;18,0;6111,56;🟡 Planejado;A;Fornecedor Beta;13,0;28,6
PC000690;Loja Centro;10/01/2027;5;19,0;6516,12;🟡 Planejado;A;Fornecedor Beta;13,0;28,6
PC000690;Loja Centro;25/01/2027;6;18,0;6110,15;🟡 Planejado;A;Fornecedor Beta;13,0;28,6
PC000690;Loja Centro;09/02/2027;6;18,0;6109,29;🟡 Planejado;A;Fornecedor Beta;13,0;28,6
PC000295;Loja Centro;14/10/2026;3;16,0;5814,36;🟡 Planejado;A;Fornecedor Alfa;15,0;24,8
PC000295;Loja Centro;29/10/2026;3;15,0;5530,48;🟡 Planejado;A;Fornecedor Alfa;15,0;24,8
PC000295;Loja Centro;14/11/2026;4;16,0;5872,81;🟡 Planejado;A;Fornecedor Alfa;15,0;24,7
PC000295;Loja Centro;30/11/2026;4;16,0;5886,39;🟡 Planejado;A;Fornecedor Alfa;15,0;24,7
PC000295;Loja Centro;16/12/2026;5;16,0;5867,02;🟡 Planejado;A;Fornecedor Alfa;15,0;24,7
PC000295;Loja Centro;31/12/2026;5;15,0;5510,19;🟡 Planejado;A;Fornecedor Alfa;15,0;24,7
PC000295;Loja Centro;16/01/2027;6;16,0;5863,74;🟡 Planejado;A;Fornecedor Alfa;15,0;24,7
PC000295;Loja Centro;01/02/2027;6;16,0;5871,4;🟡 Planejado;A;Fornecedor Alfa;15,0;24,7
PC000007;Loja Centro;14/08/2026;1;25,0;7956,14;🚨 Urgente (até 7 dias);A;Fornecedor Delta;12,0;30,1
PC000007;Loja Centro;29/08/2026;1;19,0;5824,85;🔴 Prioritário (até 30 dias);A;Fornecedor Delta;12,0;30,1
PC000007;Loja Centro;13/09/2026;2;19,0;5839,26;🟡 Planejado;A;Fornecedor Delta;12,0;30,1
PC000007;Loja Centro;29/09/2026;2;20,0;6220,61;🟡 Planejado;A;Fornecedor Delta;12,0;30,1
PC000007;Loja Centro;14/10/2026;3;19,0;5838,29;🟡 Planejado;A;Fornecedor Delta;12,0;30,1
PC000007;Loja Centro;30/10/2026;3;20,0;6223,84;🟡 Planejado;A;Fornecedor Delta;12,0;30,1
PC000007;Loja Centro;14/11/2026;4;19,0;5837,76;🟡 Planejado;A;Fornecedor Delta;12,0;30,2
PC000007;Loja Centro;29/11/2026;4;19,0;5836,17;🟡 Planejado;A;Fornecedor Delta;12,0;30,2
PC000007;Loja Centro;14/12/2026;5;19,0;5837,43;🟡 Planejado;A;Fornecedor Delta;12,0;30,2
PC000007;Loja Centro;30/12/2026;5;20,0;6225,86;🟡 Planejado;A;Fornecedor Delta;12,0;30,2
PC000007;Loja Centro;14/01/2027;6;19,0;5837,32;🟡 Planejado;A;Fornecedor Delta;12,0;30,2
PC000007;Loja Centro;30/01/2027;6;20,0;6226,13;🟡 Planejado;A;Fornecedor Delta;12,0;30,2
PC000425;Loja Centro;15/10/2026;3;16,0;7124,73;🟡 Planejado;A;Fornecedor Delta;14,0;25,8
PC000425;Loja Centro;31/10/2026;3;17,0;7535,51;🟡 Planejado;A;Fornecedor Delta;14,0;25,8
PC000425;Loja Centro;13/11/2026;4;20,0;8745,6;🟡 Planejado;A;Fornecedor Delta;12,0;30,3
PC000425;Loja Centro;28/11/2026;4;19,0;8294,07;🟡 Planejado;A;Fornecedor Delta;12,0;30,3
PC000425;Loja Centro;21/12/2026;5;14,0;6168,68;🟡 Planejado;A;Fornecedor Delta;17,0;21,3
PC000425;Loja Centro;05/01/2027;5;13,0;5838,24;🟡 Planejado;A;Fornecedor Delta;17,0;21,3
PC000425;Loja Centro;20/01/2027;6;13,0;5851,87;🟡 Planejado;A;Fornecedor Delta;17,0;21,3
PC000425;Loja Centro;05/02/2027;6;14,0;6232,91;🟡 Planejado;A;Fornecedor Delta;17,0;21,3
PC000730;Loja Centro;20/08/2026;1;15,0;4142,18;🚨 Urgente (até 7 dias);A;Fornecedor Gamma;16,0;23,5
PC000730;Loja Centro;05/09/2026;1;15,0;4333,28;🔴 Prioritário (até 30 dias);A;Fornecedor Gamma;16,0;23,5
PC000730;Loja Centro;19/09/2026;2;16,0;4512,81;🟡 Planejado;A;Fornecedor Gamma;14,0;25,2
PC000730;Loja Centro;05/10/2026;2;17,0;4645,15;🟡 Planejado;A;Fornecedor Gamma;14,0;25,2
PC000730;Loja Centro;13/10/2026;3;27,0;7431,71;🟡 Planejado;A;Fornecedor Gamma;9,0;39,6
PC000730;Loja Centro;28/10/2026;3;24,0;6826,99;🟡 Planejado;A;Fornecedor Gamma;9,0;39,6
PC000730;Loja Centro;12/11/2026;4;35,0;9665,42;🟡 Planejado;A;Fornecedor Gamma;8,0;47,5
PC000730;Loja Centro;28/11/2026;4;31,0;8747,12;🟡 Planejado;A;Fornecedor Gamma;8,0;47,5
PC000730;Loja Centro;24/12/2026;5;19,0;5371,47;🟡 Planejado;A;Fornecedor Gamma;12,0;29,6
PC000730;Loja Centro;09/01/2027;5;19,0;5456,85;🟡 Planejado;A;Fornecedor Gamma;12,0;29,6
PC000730;Loja Centro;27/01/2027;6;18,0;5095,48;🟡 Planejado;A;Fornecedor Gamma;13,0;27,7
PC000357;Loja Centro;14/08/2026;1;12,0;4985,29;🚨 Urgente (até 7 dias);A;Fornecedor Delta;19,0;19,1
PC000357;Loja Centro;30/08/2026;1;13,0;5088,31;🔴 Prioritário (até 30 dias);A;Fornecedor Delta;19,0;19,1
PC000357;Loja Centro;14/09/2026;2;12,0;4997,69;🟡 Planejado;A;Fornecedor Delta;19,0;19,5
PC000357;Loja Centro;30/09/2026;2;13,0;5202,01;🟡 Planejado;A;Fornecedor Delta;19,0;19,5
PC000357;Loja Centro;13/10/2026;3;20,0;8082,92;🟡 Planejado;A;Fornecedor Delta;14,0;26,9
PC000357;Loja Centro;28/10/2026;3;17,0;6742,83;🟡 Planejado;A;Fornecedor Delta;14,0;26,9
PC000357;Loja Centro;12/11/2026;4;20,0;8097,76;🟡 Planejado;A;Fornecedor Delta;12,0;29,6
PC000357;Loja Centro;28/11/2026;4;19,0;7891,67;🟡 Planejado;A;Fornecedor Delta;12,0;29,6
PC000357;Loja Centro;19/12/2026;5;14,0;5590,88;🟡 Planejado;A;Fornecedor Delta;17,0;22,0
PC000357;Loja Centro;04/01/2027;5;14,0;5884,54;🟡 Planejado;A;Fornecedor Delta;17,0;22,0
PC000357;Loja Centro;18/01/2027;6;14,0;5778,25;🟡 Planejado;A;Fornecedor Delta;16,0;23,0
PC000357;Loja Centro;02/02/2027;6;14,0;5765,15;🟡 Planejado;A;Fornecedor Delta;16,0;23,0
PC000845;Loja Centro;05/10/2026;2;15,0;6261,07;🟡 Planejado;A;Fornecedor Gamma;15,0;23,6
PC000845;Loja Centro;21/10/2026;3;15,0;6540,66;🟡 Planejado;A;Fornecedor Gamma;16,0;23,5
PC000845;Loja Centro;06/11/2026;3;15,0;6570,87;🟡 Planejado;A;Fornecedor Gamma;16,0;23,5
PC000845;Loja Centro;22/11/2026;4;15,0;6550,68;🟡 Planejado;A;Fornecedor Gamma;16,0;23,5
PC000845;Loja Centro;08/12/2026;4;15,0;6562,99;🟡 Planejado;A;Fornecedor Gamma;16,0;23,5
PC000845;Loja Centro;24/12/2026;5;15,0;6555,05;🟡 Planejado;A;Fornecedor Gamma;16,0;23,5
PC000845;Loja Centro;09/01/2027;5;15,0;6560,03;🟡 Planejado;A;Fornecedor Gamma;16,0;23,5
PC000845;Loja Centro;25/01/2027;6;15,0;6556,92;🟡 Planejado;A;Fornecedor Gamma;16,0;23,5
PC000845;Loja Centro;09/02/2027;6;14,0;6148,99;🟡 Planejado;A;Fornecedor Gamma;16,0;23,5
PC000896;Loja Centro;14/08/2026;1;30,0;9926,22;🚨 Urgente (até 7 dias);A;Fornecedor Beta;14,0;26,6
PC000896;Loja Centro;30/08/2026;1;17,0;5808,67;🔴 Prioritário (até 30 dias);A;Fornecedor Beta;14,0;26,6
PC000896;Loja Centro;14/09/2026;2;17,0;5600,77;🟡 Planejado;A;Fornecedor Beta;14,0;27,0
PC000896;Loja Centro;30/09/2026;2;18,0;5886,24;🟡 Planejado;A;Fornecedor Beta;14,0;27,0
PC000896;Loja Centro;15/10/2026;3;17,0;5605,63;🟡 Planejado;A;Fornecedor Beta;13,0;27,2
PC000896;Loja Centro;30/10/2026;3;17,0;5558,02;🟡 Planejado;A;Fornecedor Beta;13,0;27,2
PC000896;Loja Centro;14/11/2026;4;17,0;5605,63;🟡 Planejado;A;Fornecedor Beta;13,0;27,3
PC000896;Loja Centro;30/11/2026;4;18,0;5951,64;🟡 Planejado;A;Fornecedor Beta;13,0;27,3
PC000896;Loja Centro;15/12/2026;5;17,0;5606,43;🟡 Planejado;A;Fornecedor Beta;13,0;27,3
PC000896;Loja Centro;31/12/2026;5;18,0;5964,23;🟡 Planejado;A;Fornecedor Beta;13,0;27,3
PC000896;Loja Centro;15/01/2027;6;17,0;5606,49;🟡 Planejado;A;Fornecedor Beta;13,0;27,4
PC000896;Loja Centro;31/01/2027;6;18,0;5971,1;🟡 Planejado;A;Fornecedor Beta;13,0;27,4
PC000547;Loja Centro;25/09/2026;2;17,0;6323,04;🟡 Planejado;A;Fornecedor Beta;13,0;27,2
PC000547;Loja Centro;10/10/2026;2;17,0;6102,82;🟡 Planejado;A;Fornecedor Beta;13,0;27,2
PC000547;Loja Centro;25/10/2026;3;17,0;6153,81;🟡 Planejado;A;Fornecedor Beta;13,0;27,3
PC000547;Loja Centro;10/11/2026;3;18,0;6528,65;🟡 Planejado;A;Fornecedor Beta;13,0;27,3
PC000547;Loja Centro;25/11/2026;4;17,0;6149,01;🟡 Planejado;A;Fornecedor Beta;13,0;27,3
PC000547;Loja Centro;11/12/2026;4;18,0;6538,98;🟡 Planejado;A;Fornecedor Beta;13,0;27,3
PC000547;Loja Centro;26/12/2026;5;17,0;6146,12;🟡 Planejado;A;Fornecedor Beta;13,0;27,3
PC000547;Loja Centro;10/01/2027;5;17,0;6135,57;🟡 Planejado;A;Fornecedor Beta;13,0;27,3
PC000547;Loja Centro;25/01/2027;6;17,0;6144,18;🟡 Planejado;A;Fornecedor Beta;13,0;27,3
PC000547;Loja Centro;09/02/2027;6;17,0;6138,44;🟡 Planejado;A;Fornecedor Beta;13,0;27,3
PC000773;Loja Centro;23/12/2026;5;13,0;5343,17;🟡 Planejado;A;Fornecedor Beta;17,0;21,1
PC000773;Loja Centro;08/01/2027;5;14,0;5585,48;🟡 Planejado;A;Fornecedor Beta;17,0;21,1
PC000773;Loja Centro;23/01/2027;6;13,0;5311,86;🟡 Planejado;A;Fornecedor Beta;17,0;21,2
PC000773;Loja Centro;08/02/2027;6;14,0;5613,56;🟡 Planejado;A;Fornecedor Beta;17,0;21,2
PC000883;Loja Centro;17/08/2026;1;17,0;4861,38;🚨 Urgente (até 7 dias);A;Fornecedor Beta;13,0;27,1
PC000883;Loja Centro;01/09/2026;1;17,0;4824,45;🔴 Prioritário (até 30 dias);A;Fornecedor Beta;13,0;27,1
PC000883;Loja Centro;18/09/2026;2;16,0;4644,26;🟡 Planejado;A;Fornecedor Beta;15,0;25,1
PC000883;Loja Centro;04/10/2026;2;17,0;4780,1;🟡 Planejado;A;Fornecedor Beta;15,0;25,1
PC000883;Loja Centro;13/10/2026;3;25,0;7352,46;🟡 Planejado;A;Fornecedor Beta;10,0;37,8
PC000883;Loja Centro;29/10/2026;3;25,0;7187,15;🟡 Planejado;A;Fornecedor Beta;10,0;37,8
PC000883;Loja Centro;12/11/2026;4;29,0;8514,09;🟡 Planejado;A;Fornecedor Beta;8,0;43,8
PC000883;Loja Centro;28/11/2026;4;29,0;8335,71;🟡 Planejado;A;Fornecedor Beta;8,0;43,8
PC000883;Loja Centro;21/12/2026;5;19,0;5359,6;🟡 Planejado;A;Fornecedor Beta;12,0;29,9
PC000883;Loja Centro;06/01/2027;5;20,0;5686,52;🟡 Planejado;A;Fornecedor Beta;12,0;29,9
PC000883;Loja Centro;22/01/2027;6;19,0;5380,6;🟡 Planejado;A;Fornecedor Beta;12,0;29,3
PC000883;Loja Centro;07/02/2027;6;19,0;5569,98;🟡 Planejado;A;Fornecedor Beta;12,0;29,3
PC000802;Loja Centro;10/09/2026;1;14,0;4831,64;🔴 Prioritário (até 30 dias);A;Fornecedor Gamma;17,0;22,0
PC000802;Loja Centro;30/09/2026;2;13,0;4180,36;🟡 Planejado;A;Fornecedor Gamma;19,0;19,2
PC000802;Loja Centro;13/10/2026;3;22,0;7506,91;🟡 Planejado;A;Fornecedor Gamma;13,0;28,8
PC000802;Loja Centro;28/10/2026;3;18,0;5925,87;🟡 Planejado;A;Fornecedor Gamma;13,0;28,8
PC000802;Loja Centro;12/11/2026;4;25,0;8378,93;🟡 Planejado;A;Fornecedor Gamma;11,0;34,5
PC000802;Loja Centro;27/11/2026;4;21,0;7112,83;🟡 Planejado;A;Fornecedor Gamma;11,0;34,5
PC000802;Loja Centro;19/12/2026;5;15,0;5135,15;🟡 Planejado;A;Fornecedor Gamma;15,0;24,4
PC000802;Loja Centro;04/01/2027;5;16,0;5356,7;🟡 Planejado;A;Fornecedor Gamma;15,0;24,4
PC000802;Loja Centro;20/01/2027;6;16,0;5224,13;🟡 Planejado;A;Fornecedor Gamma;15,0;24,2
PC000802;Loja Centro;04/02/2027;6;15,0;4972,19;🟡 Planejado;A;Fornecedor Gamma;15,0;24,2
PC000903;Loja Centro;18/08/2026;1;14,0;4974,56;🚨 Urgente (até 7 dias);A;Fornecedor Delta;16,0;23,3
PC000903;Loja Centro;03/09/2026;1;15,0;5265,1;🔴 Prioritário (até 30 dias);A;Fornecedor Delta;16,0;23,3
PC000903;Loja Centro;19/09/2026;2;15,0;5265,08;🟡 Planejado;A;Fornecedor Delta;16,0;23,3
PC000903;Loja Centro;04/10/2026;2;14,0;4936,02;🟡 Planejado;A;Fornecedor Delta;16,0;23,3
PC000903;Loja Centro;20/10/2026;3;15,0;5265,06;🟡 Planejado;A;Fornecedor Delta;16,0;23,3
PC000903;Loja Centro;04/11/2026;3;14,0;4936,01;🟡 Planejado;A;Fornecedor Delta;16,0;23,3
PC000903;Loja Centro;20/11/2026;4;15,0;5265,06;🟡 Planejado;A;Fornecedor Delta;16,0;23,3
PC000903;Loja Centro;06/12/2026;4;15,0;5265,07;🟡 Planejado;A;Fornecedor Delta;16,0;23,3
PC000903;Loja Centro;22/12/2026;5;15,0;5265,05;🟡 Planejado;A;Fornecedor Delta;16,0;23,3
PC000903;Loja Centro;06/01/2027;5;14,0;4936,0;🟡 Planejado;A;Fornecedor Delta;16,0;23,3
PC000903;Loja Centro;22/01/2027;6;15,0;5265,04;🟡 Planejado;A;Fornecedor Delta;16,0;23,3
PC000903;Loja Centro;07/02/2027;6;15,0;5265,06;🟡 Planejado;A;Fornecedor Delta;16,0;23,3
PC000460;Loja Centro;31/08/2026;1;17,0;5124,13;🔴 Prioritário (até 30 dias);A;Fornecedor Beta;13,0;27,4
PC000460;Loja Centro;15/09/2026;2;17,0;5105,45;🟡 Planejado;A;Fornecedor Beta;13,0;27,5
PC000460;Loja Centro;30/09/2026;2;17,0;5081,28;🟡 Planejado;A;Fornecedor Beta;13,0;27,5
PC000460;Loja Centro;15/10/2026;3;17,0;5096,46;🟡 Planejado;A;Fornecedor Beta;13,0;27,6
PC000460;Loja Centro;30/10/2026;3;17,0;5088,18;🟡 Planejado;A;Fornecedor Beta;13,0;27,6
PC000460;Loja Centro;14/11/2026;4;17,0;5093,39;🟡 Planejado;A;Fornecedor Beta;13,0;27,6
PC000460;Loja Centro;29/11/2026;4;17,0;5090,55;🟡 Planejado;A;Fornecedor Beta;13,0;27,6
PC000460;Loja Centro;14/12/2026;5;17,0;5092,33;🟡 Planejado;A;Fornecedor Beta;13,0;27,6
PC000460;Loja Centro;30/12/2026;5;18,0;5430,78;🟡 Planejado;A;Fornecedor Beta;13,0;27,6
PC000460;Loja Centro;14/01/2027;6;17,0;5091,99;🟡 Planejado;A;Fornecedor Beta;13,0;27,6
PC000460;Loja Centro;29/01/2027;6;17,0;5091,64;🟡 Planejado;A;Fornecedor Beta;13,0;27,6
PC000520;Loja Centro;25/12/2026;5;12,0;4964,27;🟡 Planejado;A;Fornecedor Beta;19,0;18,9
PC000520;Loja Centro;09/01/2027;5;12,0;4866,03;🟡 Planejado;A;Fornecedor Beta;19,0;18,9
PC000520;Loja Centro;22/01/2027;6;13,0;5359,7;🟡 Planejado;A;Fornecedor Beta;18,0;20,5
PC000520;Loja Centro;07/02/2027;6;13,0;5625,66;🟡 Planejado;A;Fornecedor Beta;18,0;20,5
PC000080;Loja Centro;14/10/2026;3;10,0;4076,53;🟡 Planejado;A;Fornecedor Alfa;24,0;15,0
PC000080;Loja Centro;30/10/2026;3;10,0;4229,42;🟡 Planejado;A;Fornecedor Alfa;24,0;15,0
PC000080;Loja Centro;14/11/2026;4;9,0;3983,68;🟡 Planejado;A;Fornecedor Alfa;24,0;15,1
PC000080;Loja Centro;30/11/2026;4;10,0;4238,44;🟡 Planejado;A;Fornecedor Alfa;24,0;15,1
PC000080;Loja Centro;15/12/2026;5;9,0;3983,26;🟡 Planejado;A;Fornecedor Alfa;24,0;15,1
PC000080;Loja Centro;30/12/2026;5;9,0;3977,82;🟡 Planejado;A;Fornecedor Alfa;24,0;15,1
PC000080;Loja Centro;14/01/2027;6;9,0;3982,76;🟡 Planejado;A;Fornecedor Alfa;24,0;15,1
PC000080;Loja Centro;30/01/2027;6;10,0;4245,34;🟡 Planejado;A;Fornecedor Alfa;24,0;15,1
PC000015;Loja Centro;28/08/2026;1;12,0;3799,02;🔴 Prioritário (até 30 dias);A;Fornecedor Alfa;20,0;18,3
PC000015;Loja Centro;13/09/2026;2;12,0;3998,15;🟡 Planejado;A;Fornecedor Alfa;20,0;18,7
PC000015;Loja Centro;29/09/2026;2;12,0;3927,81;🟡 Planejado;A;Fornecedor Alfa;20,0;18,7
PC000015;Loja Centro;13/10/2026;3;24,0;7583,0;🟡 Planejado;A;Fornecedor Alfa;13,0;28,9
PC000015;Loja Centro;29/10/2026;3;19,0;6067,77;🟡 Planejado;A;Fornecedor Alfa;13,0;28,9
PC000015;Loja Centro;13/11/2026;4;18,0;5859,07;🟡 Planejado;A;Fornecedor Alfa;12,0;29,3
PC000015;Loja Centro;28/11/2026;4;18,0;5768,47;🟡 Planejado;A;Fornecedor Alfa;12,0;29,3
PC000015;Loja Centro;20/12/2026;5;13,0;4243,16;🟡 Planejado;A;Fornecedor Alfa;17,0;21,0
PC000015;Loja Centro;05/01/2027;5;14,0;4422,88;🟡 Planejado;A;Fornecedor Alfa;17,0;21,0
PC000015;Loja Centro;19/01/2027;6;14,0;4511,2;🟡 Planejado;A;Fornecedor Alfa;16,0;22,3
PC000015;Loja Centro;04/02/2027;6;15,0;4685,92;🟡 Planejado;A;Fornecedor Alfa;16,0;22,3
PC000785;Loja Centro;14/09/2026;2;12,0;3452,21;🟡 Planejado;A;Fornecedor Alfa;21,0;17,7
PC000785;Loja Centro;30/09/2026;2;12,0;3484,3;🟡 Planejado;A;Fornecedor Alfa;21,0;17,7
PC000785;Loja Centro;13/10/2026;3;16,0;4793,0;🟡 Planejado;A;Fornecedor Alfa;16,0;22,8
PC000785;Loja Centro;28/10/2026;3;14,0;4215,89;🟡 Planejado;A;Fornecedor Alfa;16,0;22,8
PC000785;Loja Centro;12/11/2026;4;27,0;8210,86;🟡 Planejado;A;Fornecedor Alfa;11,0;33,3
PC000785;Loja Centro;27/11/2026;4;21,0;6148,94;🟡 Planejado;A;Fornecedor Alfa;11,0;33,3
PC000785;Loja Centro;23/12/2026;5;13,0;3953,11;🟡 Planejado;A;Fornecedor Alfa;18,0;20,3
PC000785;Loja Centro;07/01/2027;5;13,0;3754,28;🟡 Planejado;A;Fornecedor Alfa;18,0;20,3
PC000785;Loja Centro;22/01/2027;6;14,0;4062,62;🟡 Planejado;A;Fornecedor Alfa;17,0;20,9
PC000785;Loja Centro;07/02/2027;6;14,0;4122,03;🟡 Planejado;A;Fornecedor Alfa;17,0;20,9
PC000335;Loja Centro;04/12/2026;4;14,0;6187,28;🟡 Planejado;A;Fornecedor Delta;16,0;22,6
PC000335;Loja Centro;30/12/2026;5;10,0;4210,67;🟡 Planejado;A;Fornecedor Delta;24,0;15,4
PC000335;Loja Centro;13/01/2027;6;11,0;4637,31;🟡 Planejado;A;Fornecedor Delta;22,0;16,6
PC000335;Loja Centro;29/01/2027;6;11,0;4802,18;🟡 Planejado;A;Fornecedor Delta;22,0;16,6
PC000900;Loja Centro;24/10/2026;3;12,0;4395,05;🟡 Planejado;A;Fornecedor Gamma;18,0;19,8
PC000900;Loja Centro;09/11/2026;3;13,0;4616,56;🟡 Planejado;A;Fornecedor Gamma;18,0;19,8
PC000900;Loja Centro;18/11/2026;4;16,0;5795,59;🟡 Planejado;A;Fornecedor Gamma;14,0;25,7
PC000900;Loja Centro;04/12/2026;4;17,0;5999,81;🟡 Planejado;A;Fornecedor Gamma;14,0;25,7
PC000900;Loja Centro;02/01/2027;5;10,0;3714,22;🟡 Planejado;A;Fornecedor Gamma;22,0;16,3
PC000900;Loja Centro;15/01/2027;6;12,0;4324,25;🟡 Planejado;A;Fornecedor Gamma;19,0;18,7
PC000900;Loja Centro;31/01/2027;6;12,0;4363,23;🟡 Planejado;A;Fornecedor Gamma;19,0;18,7
PC000450;Loja Centro;22/09/2026;2;14,0;4344,28;🟡 Planejado;A;Fornecedor Alfa;17,0;21,3
PC000450;Loja Centro;07/10/2026;2;13,0;4078,47;🟡 Planejado;A;Fornecedor Alfa;17,0;21,3
PC000450;Loja Centro;17/10/2026;3;17,0;5118,97;🟡 Planejado;A;Fornecedor Alfa;14,0;26,7
PC000450;Loja Centro;01/11/2026;3;16,0;5107,04;🟡 Planejado;A;Fornecedor Alfa;14,0;26,7
PC000450;Loja Centro;12/11/2026;4;25,0;7693,7;🟡 Planejado;A;Fornecedor Alfa;10,0;36,7
PC000450;Loja Centro;28/11/2026;4;24,0;7485,46;🟡 Planejado;A;Fornecedor Alfa;10,0;36,7
PC000450;Loja Centro;21/12/2026;5;16,0;5113,37;🟡 Planejado;A;Fornecedor Alfa;14,0;25,6
PC000450;Loja Centro;05/01/2027;5;16,0;4900,0;🟡 Planejado;A;Fornecedor Alfa;14,0;25,6
PC000450;Loja Centro;21/01/2027;6;16,0;5031,2;🟡 Planejado;A;Fornecedor Alfa;14,0;25,3
PC000450;Loja Centro;05/02/2027;6;16,0;4828,49;🟡 Planejado;A;Fornecedor Alfa;14,0;25,3
PC000032;Loja Centro;25/08/2026;1;16,0;4344,77;🔴 Prioritário (até 30 dias);A;Fornecedor Gamma;15,0;24,9
PC000032;Loja Centro;09/09/2026;1;15,0;4170,22;🔴 Prioritário (até 30 dias);A;Fornecedor Gamma;15,0;24,9
PC000032;Loja Centro;25/09/2026;2;16,0;4448,23;🟡 Planejado;A;Fornecedor Gamma;15,0;24,9
PC000032;Loja Centro;11/10/2026;2;16,0;4448,23;🟡 Planejado;A;Fornecedor Gamma;15,0;24,9
PC000032;Loja Centro;27/10/2026;3;16,0;4448,23;🟡 Planejado;A;Fornecedor Gamma;15,0;24,9
PC000032;Loja Centro;12/11/2026;4;16,0;4448,23;🟡 Planejado;A;Fornecedor Gamma;15,0;24,9
PC000032;Loja Centro;28/11/2026;4;16,0;4448,23;🟡 Planejado;A;Fornecedor Gamma;15,0;24,9
PC000032;Loja Centro;14/12/2026;5;16,0;4448,23;🟡 Planejado;A;Fornecedor Gamma;15,0;24,9
PC000032;Loja Centro;30/12/2026;5;16,0;4448,23;🟡 Planejado;A;Fornecedor Gamma;15,0;24,9
PC000032;Loja Centro;15/01/2027;6;16,0;4448,23;🟡 Planejado;A;Fornecedor Gamma;15,0;24,9
PC000032;Loja Centro;31/01/2027;6;16,0;4448,23;🟡 Planejado;A;Fornecedor Gamma;15,0;24,9
PC000591;Loja Centro;08/09/2026;1;12,0;3916,88;🔴 Prioritário (até 30 dias);A;Fornecedor Beta;18,0;20,2
PC000591;Loja Centro;25/09/2026;2;12,0;3816,73;🟡 Planejado;A;Fornecedor Beta;19,0;19,1
PC000591;Loja Centro;11/10/2026;2;13,0;3941,56;🟡 Planejado;A;Fornecedor Beta;19,0;19,1
PC000591;Loja Centro;18/10/2026;3;17,0;5330,12;🟡 Planejado;A;Fornecedor Beta;14,0;26,8
PC000591;Loja Centro;03/11/2026;3;18,0;5544,09;🟡 Planejado;A;Fornecedor Beta;14,0;26,8
PC000591;Loja Centro;13/11/2026;4;24,0;7580,3;🟡 Planejado;A;Fornecedor Beta;10,0;36,8
PC000591;Loja Centro;29/11/2026;4;24,0;7601,71;🟡 Planejado;A;Fornecedor Beta;10,0;36,8
PC000591;Loja Centro;26/12/2026;5;15,0;4641,28;🟡 Planejado;A;Fornecedor Beta;16,0;22,7
PC000591;Loja Centro;10/01/2027;5;14,0;4397,73;🟡 Planejado;A;Fornecedor Beta;16,0;22,7
PC000591;Loja Centro;29/01/2027;6;12,0;3910,02;🟡 Planejado;A;Fornecedor Beta;18,0;20,1
PC000884;Loja Centro;18/09/2026;2;10,0;3331,45;🟡 Planejado;A;Fornecedor Alfa;23,0;15,6
PC000884;Loja Centro;04/10/2026;2;10,0;3524,59;🟡 Planejado;A;Fornecedor Alfa;23,0;15,6
PC000884;Loja Centro;14/10/2026;3;13,0;4552,54;🟡 Planejado;A;Fornecedor Alfa;18,0;20,8
PC000884;Loja Centro;30/10/2026;3;14,0;4699,43;🟡 Planejado;A;Fornecedor Alfa;18,0;20,8
PC000884;Loja Centro;12/11/2026;4;17,0;5960,94;🟡 Planejado;A;Fornecedor Alfa;14,0;25,6
PC000884;Loja Centro;28/11/2026;4;17,0;5805,31;🟡 Planejado;A;Fornecedor Alfa;14,0;25,6
PC000884;Loja Centro;25/12/2026;5;10,0;3287,04;🟡 Planejado;A;Fornecedor Alfa;24,0;15,2
PC000884;Loja Centro;10/01/2027;5;10,0;3438,25;🟡 Planejado;A;Fornecedor Alfa;24,0;15,2
PC000884;Loja Centro;23/01/2027;6;11,0;3713,64;🟡 Planejado;A;Fornecedor Alfa;22,0;16,7
PC000884;Loja Centro;08/02/2027;6;11,0;3780,6;🟡 Planejado;A;Fornecedor Alfa;22,0;16,7
PC000641;Loja Centro;12/10/2026;2;15,0;3627,99;🟡 Planejado;A;Fornecedor Delta;16,0;23,3
PC000641;Loja Centro;27/10/2026;3;15,0;3641,94;🟡 Planejado;A;Fornecedor Delta;16,0;23,5
PC000641;Loja Centro;12/11/2026;4;16,0;3847,33;🟡 Planejado;A;Fornecedor Delta;15,0;23,6
PC000641;Loja Centro;27/11/2026;4;15,0;3593,01;🟡 Planejado;A;Fornecedor Delta;15,0;23,6
PC000641;Loja Centro;12/12/2026;5;15,0;3607,2;🟡 Planejado;A;Fornecedor Delta;15,0;23,7
PC000641;Loja Centro;28/12/2026;5;16,0;3839,87;🟡 Planejado;A;Fornecedor Delta;15,0;23,7
PC000641;Loja Centro;12/01/2027;6;15,0;3606,68;🟡 Planejado;A;Fornecedor Delta;15,0;23,7
PC000641;Loja Centro;27/01/2027;6;15,0;3603,06;🟡 Planejado;A;Fornecedor Delta;15,0;23,7
PC000378;Loja Centro;16/09/2026;2;13,0;2973,97;🟡 Planejado;A;Fornecedor Delta;18,0;19,7
PC000378;Loja Centro;02/10/2026;2;13,0;3057,67;🟡 Planejado;A;Fornecedor Delta;18,0;19,7
PC000378;Loja Centro;13/10/2026;3;18,0;4256,53;🟡 Planejado;A;Fornecedor Delta;14,0;26,9
PC000378;Loja Centro;28/10/2026;3;17,0;3909,01;🟡 Planejado;A;Fornecedor Delta;14,0;26,9
PC000378;Loja Centro;12/11/2026;4;24,0;5766,04;🟡 Planejado;A;Fornecedor Delta;11,0;33,1
PC000378;Loja Centro;27/11/2026;4;20,0;4807,58;🟡 Planejado;A;Fornecedor Delta;11,0;33,1
PC000378;Loja Centro;20/12/2026;5;14,0;3310,22;🟡 Planejado;A;Fornecedor Delta;16,0;22,4
PC000378;Loja Centro;05/01/2027;5;15,0;3461,87;🟡 Planejado;A;Fornecedor Delta;16,0;22,4
PC000378;Loja Centro;19/01/2027;6;15,0;3600,24;🟡 Planejado;A;Fornecedor Delta;15,0;23,9
PC000378;Loja Centro;03/02/2027;6;15,0;3465,16;🟡 Planejado;A;Fornecedor Delta;15,0;23,9
PC000146;Loja Centro;23/08/2026;1;8,0;3144,78;🔴 Prioritário (até 30 dias);A;Fornecedor Delta;30,0;12,1
PC000146;Loja Centro;07/09/2026;1;7,0;2962,87;🔴 Prioritário (até 30 dias);A;Fornecedor Delta;30,0;12,1
PC000146;Loja Centro;23/09/2026;2;8,0;3148,56;🟡 Planejado;A;Fornecedor Delta;30,0;12,1
PC000146;Loja Centro;09/10/2026;2;8,0;3155,77;🟡 Planejado;A;Fornecedor Delta;30,0;12,1
PC000146;Loja Centro;25/10/2026;3;8,0;3150,26;🟡 Planejado;A;Fornecedor Delta;30,0;12,1
PC000146;Loja Centro;10/11/2026;3;8,0;3153,72;🟡 Planejado;A;Fornecedor Delta;30,0;12,1
PC000146;Loja Centro;26/11/2026;4;8,0;3151,17;🟡 Planejado;A;Fornecedor Delta;30,0;12,1
PC000146;Loja Centro;12/12/2026;5;8,0;3152,03;🟡 Planejado;A;Fornecedor Delta;30,0;12,1
PC000146;Loja Centro;28/12/2026;5;8,0;3152,41;🟡 Planejado;A;Fornecedor Delta;30,0;12,1
PC000146;Loja Centro;13/01/2027;6;8,0;3152,04;🟡 Planejado;A;Fornecedor Delta;30,0;12,1
PC000146;Loja Centro;28/01/2027;6;7,0;2955,22;🟡 Planejado;A;Fornecedor Delta;30,0;12,1
PC000370;Loja Centro;14/08/2026;1;45,0;5112,44;🚨 Urgente (até 7 dias);A;Fornecedor Delta;7,0;49,6
PC000370;Loja Centro;29/08/2026;1;31,0;3457,87;🔴 Prioritário (até 30 dias);A;Fornecedor Delta;7,0;49,6
PC000370;Loja Centro;13/09/2026;2;32,0;3567,57;🟡 Planejado;A;Fornecedor Delta;7,0;50,4
PC000370;Loja Centro;28/09/2026;2;31,0;3510,95;🟡 Planejado;A;Fornecedor Delta;7,0;50,4
PC000370;Loja Centro;13/10/2026;3;36,0;4047,9;🟡 Planejado;A;Fornecedor Delta;7,0;54,1
PC000370;Loja Centro;28/10/2026;3;33,0;3770,77;🟡 Planejado;A;Fornecedor Delta;7,0;54,1
PC000370;Loja Centro;12/11/2026;4;36,0;4121,32;🟡 Planejado;A;Fornecedor Delta;6,0;56,6
PC000370;Loja Centro;28/11/2026;4;37,0;4203,08;🟡 Planejado;A;Fornecedor Delta;6,0;56,6
PC000370;Loja Centro;15/12/2026;5;32,0;3628,6;🟡 Planejado;A;Fornecedor Delta;7,0;51,3
PC000370;Loja Centro;31/12/2026;5;34,0;3809,12;🟡 Planejado;A;Fornecedor Delta;7,0;51,3
PC000370;Loja Centro;15/01/2027;6;34,0;3877,02;🟡 Planejado;A;Fornecedor Delta;7,0;53,2
PC000370;Loja Centro;31/01/2027;6;35,0;3948,99;🟡 Planejado;A;Fornecedor Delta;7,0;53,2
PC000336;Loja Centro;09/11/2026;3;16,0;4614,44;🟡 Planejado;A;Fornecedor Alfa;15,0;24,1
PC000336;Loja Centro;21/11/2026;4;17,0;5086,16;🟡 Planejado;A;Fornecedor Alfa;13,0;27,4
PC000336;Loja Centro;07/12/2026;4;18,0;5314,17;🟡 Planejado;A;Fornecedor Alfa;13,0;27,4
PC000336;Loja Centro;31/12/2026;5;13,0;3927,92;🟡 Planejado;A;Fornecedor Alfa;18,0;20,7
PC000336;Loja Centro;16/01/2027;6;14,0;4005,43;🟡 Planejado;A;Fornecedor Alfa;18,0;20,7
PC000336;Loja Centro;01/02/2027;6;14,0;4013,69;🟡 Planejado;A;Fornecedor Alfa;18,0;20,7
PC000540;Loja Centro;20/08/2026;1;11,0;2731,68;🚨 Urgente (até 7 dias);A;Fornecedor Delta;21,0;17,3
PC000540;Loja Centro;05/09/2026;1;11,0;2738,8;🔴 Prioritário (até 30 dias);A;Fornecedor Delta;21,0;17,3
PC000540;Loja Centro;19/09/2026;2;11,0;2757,01;🟡 Planejado;A;Fornecedor Delta;20,0;18,3
PC000540;Loja Centro;04/10/2026;2;11,0;2713,8;🟡 Planejado;A;Fornecedor Delta;20,0;18,3
PC000540;Loja Centro;19/10/2026;3;12,0;2897,77;🟡 Planejado;A;Fornecedor Delta;19,0;18,8
PC000540;Loja Centro;04/11/2026;3;12,0;2974,28;🟡 Planejado;A;Fornecedor Delta;19,0;18,8
PC000540;Loja Centro;19/11/2026;4;12,0;2884,79;🟡 Planejado;A;Fornecedor Delta;19,0;19,1
PC000540;Loja Centro;05/12/2026;4;13,0;3014,87;🟡 Planejado;A;Fornecedor Delta;19,0;19,1
PC000540;Loja Centro;20/12/2026;5;12,0;2876,92;🟡 Planejado;A;Fornecedor Delta;19,0;19,2
PC000540;Loja Centro;05/01/2027;5;13,0;3035,58;🟡 Planejado;A;Fornecedor Delta;19,0;19,2
PC000540;Loja Centro;20/01/2027;6;12,0;2872,27;🟡 Planejado;A;Fornecedor Delta;19,0;19,3
PC000540;Loja Centro;05/02/2027;6;13,0;3046,14;🟡 Planejado;A;Fornecedor Delta;19,0;19,3
PC000727;Loja Centro;31/08/2026;1;12,0;2890,36;🔴 Prioritário (até 30 dias);A;Fornecedor Alfa;19,0;19,0
PC000727;Loja Centro;15/09/2026;2;12,0;2823,6;🟡 Planejado;A;Fornecedor Alfa;19,0;19,3
PC000727;Loja Centro;30/09/2026;2;12,0;2769,71;🟡 Planejado;A;Fornecedor Alfa;19,0;19,3
PC000727;Loja Centro;13/10/2026;3;22,0;5013,85;🟡 Planejado;A;Fornecedor Alfa;13,0;28,1
PC000727;Loja Centro;28/10/2026;3;17,0;4034,27;🟡 Planejado;A;Fornecedor Alfa;13,0;28,1
PC000727;Loja Centro;12/11/2026;4;19,0;4390,12;🟡 Planejado;A;Fornecedor Alfa;12,0;29,3
PC000727;Loja Centro;28/11/2026;4;19,0;4486,89;🟡 Planejado;A;Fornecedor Alfa;12,0;29,3
PC000727;Loja Centro;20/12/2026;5;14,0;3198,17;🟡 Planejado;A;Fornecedor Alfa;17,0;21,3
PC000727;Loja Centro;05/01/2027;5;14,0;3267,89;🟡 Planejado;A;Fornecedor Alfa;17,0;21,3
PC000727;Loja Centro;18/01/2027;6;15,0;3382,74;🟡 Planejado;A;Fornecedor Alfa;16,0;23,3
PC000727;Loja Centro;03/02/2027;6;15,0;3574,24;🟡 Planejado;A;Fornecedor Alfa;16,0;23,3
PC000856;Loja Centro;14/08/2026;1;41,0;4925,76;🚨 Urgente (até 7 dias);A;Fornecedor Delta;9,0;41,0
PC000856;Loja Centro;29/08/2026;1;25,0;3019,43;🔴 Prioritário (até 30 dias);A;Fornecedor Delta;9,0;41,0
PC000856;Loja Centro;14/09/2026;2;26,0;3134,73;🟡 Planejado;A;Fornecedor Delta;9,0;40,4
PC000856;Loja Centro;30/09/2026;2;27,0;3177,72;🟡 Planejado;A;Fornecedor Delta;9,0;40,4
PC000856;Loja Centro;16/10/2026;3;26,0;3135,54;🟡 Planejado;A;Fornecedor Delta;9,0;40,2
PC000856;Loja Centro;31/10/2026;3;25,0;2960,51;🟡 Planejado;A;Fornecedor Delta;9,0;40,2
PC000856;Loja Centro;16/11/2026;4;26,0;3137,83;🟡 Planejado;A;Fornecedor Delta;9,0;40,1
PC000856;Loja Centro;02/12/2026;4;26,0;3148,71;🟡 Planejado;A;Fornecedor Delta;9,0;40,1
PC000856;Loja Centro;18/12/2026;5;26,0;3138,93;🟡 Planejado;A;Fornecedor Delta;9,0;40,0
PC000856;Loja Centro;02/01/2027;5;25,0;2947,95;🟡 Planejado;A;Fornecedor Delta;9,0;40,0
PC000856;Loja Centro;18/01/2027;6;26,0;3139,84;🟡 Planejado;A;Fornecedor Delta;9,0;40,0
PC000856;Loja Centro;02/02/2027;6;25,0;2946,12;🟡 Planejado;A;Fornecedor Delta;9,0;40,0
PC000875;Loja Centro;20/08/2026;1;10,0;3215,0;🚨 Urgente (até 7 dias);A;Fornecedor Delta;23,0;15,6
PC000875;Loja Centro;04/09/2026;1;10,0;3187,14;🔴 Prioritário (até 30 dias);A;Fornecedor Delta;23,0;15,6
PC000875;Loja Centro;19/09/2026;2;10,0;3250,73;🟡 Planejado;A;Fornecedor Delta;23,0;15,7
PC000875;Loja Centro;04/10/2026;2;10,0;3212,92;🟡 Planejado;A;Fornecedor Delta;23,0;15,7
PC000875;Loja Centro;18/10/2026;3;11,0;3657,91;🟡 Planejado;A;Fornecedor Delta;21,0;17,0
PC000875;Loja Centro;02/11/2026;3;11,0;3487,58;🟡 Planejado;A;Fornecedor Delta;21,0;17,0
PC000875;Loja Centro;16/11/2026;4;12,0;3900,11;🟡 Planejado;A;Fornecedor Delta;20,0;18,4
PC000875;Loja Centro;02/12/2026;4;12,0;4014,96;🟡 Planejado;A;Fornecedor Delta;20,0;18,4
PC000875;Loja Centro;20/12/2026;5;10,0;3478,42;🟡 Planejado;A;Fornecedor Delta;22,0;16,4
PC000875;Loja Centro;05/01/2027;5;11,0;3588,94;🟡 Planejado;A;Fornecedor Delta;22,0;16,4
PC000875;Loja Centro;20/01/2027;6;11,0;3540,73;🟡 Planejado;A;Fornecedor Delta;22,0;16,8
PC000875;Loja Centro;04/02/2027;6;10,0;3430,67;🟡 Planejado;A;Fornecedor Delta;22,0;16,8
PC000091;Loja Centro;27/09/2026;2;7,0;2924,75;🟡 Planejado;A;Fornecedor Beta;34,0;10,8
PC000091;Loja Centro;13/10/2026;3;7,0;3147,14;🟡 Planejado;A;Fornecedor Beta;33,0;11,1
PC000091;Loja Centro;28/10/2026;3;7,0;2894,61;🟡 Planejado;A;Fornecedor Beta;33,0;11,1
PC000091;Loja Centro;12/11/2026;4;7,0;2964,9;🟡 Planejado;A;Fornecedor Beta;33,0;11,2
PC000091;Loja Centro;28/11/2026;4;7,0;3123,86;🟡 Planejado;A;Fornecedor Beta;33,0;11,2
PC000091;Loja Centro;13/12/2026;5;7,0;2970,05;🟡 Planejado;A;Fornecedor Beta;32,0;11,3
PC000091;Loja Centro;29/12/2026;5;7,0;3144,58;🟡 Planejado;A;Fornecedor Beta;32,0;11,3
PC000091;Loja Centro;13/01/2027;6;7,0;2972,44;🟡 Planejado;A;Fornecedor Beta;32,0;11,3
PC000091;Loja Centro;29/01/2027;6;7,0;3156,41;🟡 Planejado;A;Fornecedor Beta;32,0;11,3
PC000587;Loja Centro;09/09/2026;1;9,0;2931,16;🔴 Prioritário (até 30 dias);A;Fornecedor Alfa;25,0;14,6
PC000587;Loja Centro;24/09/2026;2;10,0;3064,52;🟡 Planejado;A;Fornecedor Alfa;24,0;15,0
PC000587;Loja Centro;10/10/2026;2;10,0;3118,55;🟡 Planejado;A;Fornecedor Alfa;24,0;15,0
PC000587;Loja Centro;25/10/2026;3;10,0;3029,6;🟡 Planejado;A;Fornecedor Alfa;24,0;15,2
PC000587;Loja Centro;09/11/2026;3;9,0;2960,6;🟡 Planejado;A;Fornecedor Alfa;24,0;15,2
PC000587;Loja Centro;24/11/2026;4;10,0;3010,64;🟡 Planejado;A;Fornecedor Alfa;24,0;15,3
PC000587;Loja Centro;09/12/2026;4;9,0;2978,06;🟡 Planejado;A;Fornecedor Alfa;24,0;15,3
PC000587;Loja Centro;24/12/2026;5;10,0;3001,69;🟡 Planejado;A;Fornecedor Alfa;24,0;15,4
PC000587;Loja Centro;08/01/2027;5;9,0;2986,3;🟡 Planejado;A;Fornecedor Alfa;24,0;15,4
PC000587;Loja Centro;23/01/2027;6;10,0;2997,46;🟡 Planejado;A;Fornecedor Alfa;24,0;15,4
PC000587;Loja Centro;07/02/2027;6;9,0;2990,19;🟡 Planejado;A;Fornecedor Alfa;24,0;15,4
PC000006;Loja Centro;05/11/2026;3;13,0;4012,32;🟡 Planejado;A;Fornecedor Beta;18,0;20,6
PC000006;Loja Centro;18/11/2026;4;15,0;4504,89;🟡 Planejado;A;Fornecedor Beta;16,0;23,3
PC000006;Loja Centro;03/12/2026;4;14,0;4288,46;🟡 Planejado;A;Fornecedor Beta;16,0;23,3
PC000006;Loja Centro;29/12/2026;5;10,0;2983,79;🟡 Planejado;A;Fornecedor Beta;23,0;15,7
PC000006;Loja Centro;12/01/2027;6;11,0;3385,93;🟡 Planejado;A;Fornecedor Beta;21,0;17,4
PC000006;Loja Centro;27/01/2027;6;11,0;3217,27;🟡 Planejado;A;Fornecedor Beta;21,0;17,4
PC000334;Loja Centro;08/09/2026;1;20,0;9097,4;🔴 Prioritário (até 30 dias);A;Fornecedor Alfa;12,0;31,4
PC000334;Loja Centro;24/09/2026;2;20,0;9123,56;🟡 Planejado;A;Fornecedor Alfa;12,0;31,2
PC000334;Loja Centro;09/10/2026;2;19,0;8633,04;🟡 Planejado;A;Fornecedor Alfa;12,0;31,2
PC000334;Loja Centro;25/10/2026;3;20,0;9096,09;🟡 Planejado;A;Fornecedor Alfa;12,0;31,1
PC000334;Loja Centro;09/11/2026;3;19,0;8593,8;🟡 Planejado;A;Fornecedor Alfa;12,0;31,1
PC000334;Loja Centro;25/11/2026;4;20,0;9074,64;🟡 Planejado;A;Fornecedor Alfa;12,0;31,0
PC000334;Loja Centro;11/12/2026;4;20,0;9133,24;🟡 Planejado;A;Fornecedor Alfa;12,0;31,0
PC000334;Loja Centro;27/12/2026;5;20,0;9056,22;🟡 Planejado;A;Fornecedor Alfa;12,0;30,9
PC000334;Loja Centro;12/01/2027;6;20,0;9063,59;🟡 Planejado;A;Fornecedor Alfa;12,0;30,8
PC000334;Loja Centro;28/01/2027;6;20,0;9085,02;🟡 Planejado;A;Fornecedor Alfa;12,0;30,8
PC000860;Loja Centro;08/09/2026;1;9,0;2941,1;🔴 Prioritário (até 30 dias);A;Fornecedor Beta;26,0;13,9
PC000860;Loja Centro;23/09/2026;2;9,0;2838,96;🟡 Planejado;A;Fornecedor Beta;26,0;13,9
PC000860;Loja Centro;08/10/2026;2;9,0;2827,42;🟡 Planejado;A;Fornecedor Beta;26,0;13,9
PC000860;Loja Centro;23/10/2026;3;9,0;2835,07;🟡 Planejado;A;Fornecedor Beta;26,0;13,9
PC000860;Loja Centro;07/11/2026;3;9,0;2830,22;🟡 Planejado;A;Fornecedor Beta;26,0;13,9
PC000860;Loja Centro;22/11/2026;4;9,0;2833,42;🟡 Planejado;A;Fornecedor Beta;26,0;13,9
PC000860;Loja Centro;07/12/2026;4;9,0;2831,39;🟡 Planejado;A;Fornecedor Beta;26,0;13,9
PC000860;Loja Centro;22/12/2026;5;9,0;2832,74;🟡 Planejado;A;Fornecedor Beta;26,0;13,9
PC000860;Loja Centro;07/01/2027;5;9,0;3020,68;🟡 Planejado;A;Fornecedor Beta;26,0;13,9
PC000860;Loja Centro;22/01/2027;6;9,0;2832,46;🟡 Planejado;A;Fornecedor Beta;26,0;13,9
PC000860;Loja Centro;07/02/2027;6;9,0;3020,9;🟡 Planejado;A;Fornecedor Beta;26,0;13,9
PC000371;Loja Centro;10/10/2026;2;5,0;2387,64;🟡 Planejado;A;Fornecedor Beta;42,0;8,7
PC000371;Loja Centro;15/10/2026;3;8,0;3671,95;🟡 Planejado;A;Fornecedor Beta;27,0;13,6
PC000371;Loja Centro;30/10/2026;3;8,0;3660,75;🟡 Planejado;A;Fornecedor Beta;27,0;13,6
PC000371;Loja Centro;12/11/2026;4;10,0;4378,42;🟡 Planejado;A;Fornecedor Beta;23,0;15,7
PC000371;Loja Centro;28/11/2026;4;10,0;4527,13;🟡 Planejado;A;Fornecedor Beta;23,0;15,7
PC000371;Loja Centro;22/12/2026;5;6,0;2806,32;🟡 Planejado;A;Fornecedor Beta;35,0;10,3
PC000371;Loja Centro;07/01/2027;5;7,0;2972,25;🟡 Planejado;A;Fornecedor Beta;35,0;10,3
PC000371;Loja Centro;21/01/2027;6;7,0;3118,7;🟡 Planejado;A;Fornecedor Beta;33,0;11,0
PC000371;Loja Centro;06/02/2027;6;7,0;3174,39;🟡 Planejado;A;Fornecedor Beta;33,0;11,0
PC000719;Loja Centro;12/11/2026;4;9,0;3962,77;🟡 Planejado;A;Fornecedor Delta;28,0;13,2
PC000719;Loja Centro;27/11/2026;4;8,0;3603,04;🟡 Planejado;A;Fornecedor Delta;28,0;13,2
PC000719;Loja Centro;21/12/2026;5;6,0;2550,87;🟡 Planejado;A;Fornecedor Delta;42,0;8,8
PC000719;Loja Centro;05/01/2027;5;5,0;2397,79;🟡 Planejado;A;Fornecedor Delta;42,0;8,8
PC000719;Loja Centro;19/01/2027;6;6,0;2655,87;🟡 Planejado;A;Fornecedor Delta;39,0;9,4
PC000719;Loja Centro;04/02/2027;6;6,0;2729,1;🟡 Planejado;A;Fornecedor Delta;39,0;9,4
PC000030;Loja Centro;13/10/2026;3;7,0;2757,04;🟡 Planejado;A;Fornecedor Beta;31,0;11,6
PC000030;Loja Centro;28/10/2026;3;7,0;2676,05;🟡 Planejado;A;Fornecedor Beta;31,0;11,6
PC000030;Loja Centro;13/11/2026;4;8,0;2854,45;🟡 Planejado;A;Fornecedor Beta;31,0;11,6
PC000030;Loja Centro;28/11/2026;4;7,0;2676,05;🟡 Planejado;A;Fornecedor Beta;31,0;11,6
PC000030;Loja Centro;13/12/2026;5;7,0;2676,05;🟡 Planejado;A;Fornecedor Beta;31,0;11,6
PC000030;Loja Centro;28/12/2026;5;7,0;2676,05;🟡 Planejado;A;Fornecedor Beta;31,0;11,6
PC000030;Loja Centro;12/01/2027;6;7,0;2676,05;🟡 Planejado;A;Fornecedor Beta;31,0;11,6
PC000030;Loja Centro;27/01/2027;6;7,0;2676,05;🟡 Planejado;A;Fornecedor Beta;31,0;11,6
PC000408;Loja Centro;18/09/2026;2;7,0;2649,03;🟡 Planejado;A;Fornecedor Delta;32,0;11,4
PC000408;Loja Centro;03/10/2026;2;7,0;2553,82;🟡 Planejado;A;Fornecedor Delta;32,0;11,4
PC000408;Loja Centro;13/10/2026;3;9,0;3407,85;🟡 Planejado;A;Fornecedor Delta;24,0;15,1
PC000408;Loja Centro;29/10/2026;3;10,0;3604,23;🟡 Planejado;A;Fornecedor Delta;24,0;15,1
PC000408;Loja Centro;12/11/2026;4;11,0;3958,06;🟡 Planejado;A;Fornecedor Delta;22,0;16,8
PC000408;Loja Centro;28/11/2026;4;11,0;4019,39;🟡 Planejado;A;Fornecedor Delta;22,0;16,8
PC000408;Loja Centro;18/12/2026;5;8,0;2941,62;🟡 Planejado;A;Fornecedor Delta;28,0;13,0
PC000408;Loja Centro;02/01/2027;5;8,0;2923,87;🟡 Planejado;A;Fornecedor Delta;28,0;13,0
PC000408;Loja Centro;17/01/2027;6;8,0;3084,95;🟡 Planejado;A;Fornecedor Delta;27,0;13,3
PC000408;Loja Centro;02/02/2027;6;9,0;3188,45;🟡 Planejado;A;Fornecedor Delta;27,0;13,3
PC000729;Loja Centro;05/11/2026;3;7,0;2557,06;🟡 Planejado;A;Fornecedor Alfa;33,0;11,0
PC000729;Loja Centro;15/11/2026;4;9,0;3181,61;🟡 Planejado;A;Fornecedor Alfa;26,0;13,9
PC000729;Loja Centro;30/11/2026;4;9,0;3160,26;🟡 Planejado;A;Fornecedor Alfa;26,0;13,9
PC000729;Loja Centro;24/12/2026;5;6,0;2275,89;🟡 Planejado;A;Fornecedor Alfa;38,0;9,7
PC000729;Loja Centro;08/01/2027;5;6,0;2190,31;🟡 Planejado;A;Fornecedor Alfa;38,0;9,7
PC000729;Loja Centro;24/01/2027;6;6,0;2276,66;🟡 Planejado;A;Fornecedor Alfa;38,0;9,6
PC000729;Loja Centro;09/02/2027;6;6,0;2314,63;🟡 Planejado;A;Fornecedor Alfa;38,0;9,6
PC000761;Loja Centro;05/10/2026;2;15,0;3035,08;🟡 Planejado;A;Fornecedor Gamma;16,0;22,8
PC000761;Loja Centro;15/10/2026;3;19,0;3982,1;🟡 Planejado;A;Fornecedor Gamma;12,0;30,0
PC000761;Loja Centro;31/10/2026;3;20,0;4112,78;🟡 Planejado;A;Fornecedor Gamma;12,0;30,0
PC000761;Loja Centro;13/11/2026;4;23,0;4835,58;🟡 Planejado;A;Fornecedor Gamma;10,0;35,4
PC000761;Loja Centro;29/11/2026;4;23,0;4859,75;🟡 Planejado;A;Fornecedor Gamma;10,0;35,4
PC000761;Loja Centro;24/12/2026;5;14,0;2974,48;🟡 Planejado;A;Fornecedor Gamma;16,0;22,9
PC000761;Loja Centro;09/01/2027;5;15,0;3141,1;🟡 Planejado;A;Fornecedor Gamma;16,0;22,9
PC000761;Loja Centro;21/01/2027;6;17,0;3538,57;🟡 Planejado;A;Fornecedor Gamma;14,0;26,2
PC000761;Loja Centro;05/02/2027;6;16,0;3377,49;🟡 Planejado;A;Fornecedor Gamma;14,0;26,2
PC000843;Loja Centro;08/09/2026;1;11,0;2296,43;🔴 Prioritário (até 30 dias);A;Fornecedor Beta;21,0;17,5
PC000843;Loja Centro;23/09/2026;2;11,0;2234,86;🟡 Planejado;A;Fornecedor Beta;21,0;17,7
PC000843;Loja Centro;08/10/2026;2;11,0;2203,83;🟡 Planejado;A;Fornecedor Beta;21,0;17,7
PC000843;Loja Centro;20/10/2026;3;13,0;2537,3;🟡 Planejado;A;Fornecedor Beta;18,0;20,1
PC000843;Loja Centro;05/11/2026;3;13,0;2676,75;🟡 Planejado;A;Fornecedor Beta;18,0;20,1
PC000843;Loja Centro;19/11/2026;4;13,0;2663,36;🟡 Planejado;A;Fornecedor Beta;17,0;21,1
PC000843;Loja Centro;05/12/2026;4;14,0;2811,99;🟡 Planejado;A;Fornecedor Beta;17,0;21,1
PC000843;Loja Centro;23/12/2026;5;12,0;2354,29;🟡 Planejado;A;Fornecedor Beta;19,0;18,8
PC000843;Loja Centro;08/01/2027;5;12,0;2503,72;🟡 Planejado;A;Fornecedor Beta;19,0;18,8
PC000843;Loja Centro;25/01/2027;6;12,0;2326,05;🟡 Planejado;A;Fornecedor Beta;20,0;17,9
PC000843;Loja Centro;09/02/2027;6;11,0;2235,86;🟡 Planejado;A;Fornecedor Beta;20,0;17,9
PC000600;Loja Centro;31/08/2026;1;6,0;2405,99;🔴 Prioritário (até 30 dias);A;Fornecedor Gamma;40,0;9,1
PC000600;Loja Centro;16/09/2026;2;6,0;2395,6;🟡 Planejado;A;Fornecedor Gamma;40,0;9,1
PC000600;Loja Centro;02/10/2026;2;6,0;2405,83;🟡 Planejado;A;Fornecedor Gamma;40,0;9,1
PC000600;Loja Centro;13/10/2026;3;9,0;3523,21;🟡 Planejado;A;Fornecedor Gamma;29,0;12,7
PC000600;Loja Centro;28/10/2026;3;8,0;3159,92;🟡 Planejado;A;Fornecedor Gamma;29,0;12,7
PC000600;Loja Centro;12/11/2026;4;12,0;4907,54;🟡 Planejado;A;Fornecedor Gamma;23,0;16,1
PC000600;Loja Centro;28/11/2026;4;11,0;4272,58;🟡 Planejado;A;Fornecedor Gamma;23,0;16,1
PC000600;Loja Centro;20/12/2026;5;8,0;3044,99;🟡 Planejado;A;Fornecedor Gamma;31,0;11,7
PC000600;Loja Centro;04/01/2027;5;7,0;2917,15;🟡 Planejado;A;Fornecedor Gamma;31,0;11,7
PC000600;Loja Centro;22/01/2027;6;7,0;2822,06;🟡 Planejado;A;Fornecedor Gamma;34,0;10,8
PC000600;Loja Centro;06/02/2027;6;7,0;2674,82;🟡 Planejado;A;Fornecedor Gamma;34,0;10,8
PC000665;Loja Centro;28/10/2026;3;8,0;3735,65;🟡 Planejado;A;Fornecedor Gamma;28,0;12,9
PC000665;Loja Centro;12/11/2026;4;11,0;5006,55;🟡 Planejado;A;Fornecedor Gamma;24,0;15,4
PC000665;Loja Centro;27/11/2026;4;10,0;4251,89;🟡 Planejado;A;Fornecedor Gamma;24,0;15,4
PC000665;Loja Centro;16/12/2026;5;8,0;3478,82;🟡 Planejado;A;Fornecedor Gamma;29,0;12,5
PC000665;Loja Centro;01/01/2027;5;8,0;3663,62;🟡 Planejado;A;Fornecedor Gamma;29,0;12,5
PC000665;Loja Centro;21/01/2027;6;6,0;2850,48;🟡 Planejado;A;Fornecedor Gamma;36,0;10,2
PC000665;Loja Centro;05/02/2027;6;6,0;2802,07;🟡 Planejado;A;Fornecedor Gamma;36,0;10,2
PC000027;Loja Centro;14/08/2026;1;10,0;3708,55;🚨 Urgente (até 7 dias);A;Fornecedor Alfa;34,0;10,6
PC000027;Loja Centro;30/08/2026;1;7,0;2717,23;🔴 Prioritário (até 30 dias);A;Fornecedor Alfa;34,0;10,6
PC000027;Loja Centro;14/09/2026;2;7,0;2566,5;🟡 Planejado;A;Fornecedor Alfa;34,0;10,7
PC000027;Loja Centro;29/09/2026;2;7,0;2556,35;🟡 Planejado;A;Fornecedor Alfa;34,0;10,7
PC000027;Loja Centro;14/10/2026;3;7,0;2565,46;🟡 Planejado;A;Fornecedor Alfa;34,0;10,7
PC000027;Loja Centro;30/10/2026;3;7,0;2731,33;🟡 Planejado;A;Fornecedor Alfa;34,0;10,7
PC000027;Loja Centro;14/11/2026;4;7,0;2565,11;🟡 Planejado;A;Fornecedor Alfa;34,0;10,7
PC000027;Loja Centro;29/11/2026;4;7,0;2562,66;🟡 Planejado;A;Fornecedor Alfa;34,0;10,7
PC000027;Loja Centro;14/12/2026;5;7,0;2564,8;🟡 Planejado;A;Fornecedor Alfa;34,0;10,7
PC000027;Loja Centro;30/12/2026;5;7,0;2734,54;🟡 Planejado;A;Fornecedor Alfa;34,0;10,7
PC000027;Loja Centro;14/01/2027;6;7,0;2564,68;🟡 Planejado;A;Fornecedor Alfa;34,0;10,7
PC000027;Loja Centro;30/01/2027;6;7,0;2735,04;🟡 Planejado;A;Fornecedor Alfa;34,0;10,7
PC000477;Loja Centro;19/09/2026;2;7,0;2387,07;🟡 Planejado;A;Fornecedor Gamma;35,0;10,3
PC000477;Loja Centro;05/10/2026;2;7,0;2479,36;🟡 Planejado;A;Fornecedor Gamma;35,0;10,3
PC000477;Loja Centro;14/10/2026;3;9,0;3331,29;🟡 Planejado;A;Fornecedor Gamma;25,0;14,4
PC000477;Loja Centro;29/10/2026;3;9,0;3232,21;🟡 Planejado;A;Fornecedor Gamma;25,0;14,4
PC000477;Loja Centro;12/11/2026;4;14,0;5286,74;🟡 Planejado;A;Fornecedor Gamma;19,0;19,2
PC000477;Loja Centro;27/11/2026;4;12,0;4330,6;🟡 Planejado;A;Fornecedor Gamma;19,0;19,2
PC000477;Loja Centro;22/12/2026;5;8,0;2745,07;🟡 Planejado;A;Fornecedor Gamma;30,0;12,0
PC000477;Loja Centro;07/01/2027;5;8,0;2873,9;🟡 Planejado;A;Fornecedor Gamma;30,0;12,0
PC000477;Loja Centro;22/01/2027;6;8,0;2759,78;🟡 Planejado;A;Fornecedor Gamma;30,0;12,1
PC000477;Loja Centro;07/02/2027;6;8,0;2898,85;🟡 Planejado;A;Fornecedor Gamma;30,0;12,1
PC000939;Loja Centro;29/09/2026;2;11,0;2474,79;🟡 Planejado;A;Fornecedor Delta;21,0;17,1
PC000939;Loja Centro;13/10/2026;3;18,0;4065,73;🟡 Planejado;A;Fornecedor Delta;16,0;23,4
PC000939;Loja Centro;28/10/2026;3;14,0;3288,11;🟡 Planejado;A;Fornecedor Delta;16,0;23,4
PC000939;Loja Centro;12/11/2026;4;17,0;3873,54;🟡 Planejado;A;Fornecedor Delta;14,0;25,4
PC000939;Loja Centro;28/11/2026;4;17,0;3809,48;🟡 Planejado;A;Fornecedor Delta;14,0;25,4
PC000939;Loja Centro;18/12/2026;5;12,0;2772,24;🟡 Planejado;A;Fornecedor Delta;19,0;19,7
PC000939;Loja Centro;02/01/2027;5;12,0;2764,79;🟡 Planejado;A;Fornecedor Delta;19,0;19,7
PC000939;Loja Centro;19/01/2027;6;12,0;2706,05;🟡 Planejado;A;Fornecedor Delta;20,0;18,5
PC000939;Loja Centro;03/02/2027;6;11,0;2600,41;🟡 Planejado;A;Fornecedor Delta;20,0;18,5
PC000410;Loja Centro;10/12/2026;4;8,0;3327,17;🟡 Planejado;A;Fornecedor Beta;27,0;13,3
PC000410;Loja Centro;02/01/2027;5;6,0;2543,64;🟡 Planejado;A;Fornecedor Beta;35,0;10,5
PC000410;Loja Centro;18/01/2027;6;7,0;2573,04;🟡 Planejado;A;Fornecedor Beta;36,0;10,3
PC000410;Loja Centro;03/02/2027;6;7,0;2646,15;🟡 Planejado;A;Fornecedor Beta;36,0;10,3
PC000260;Loja Centro;05/10/2026;2;8,0;2187,31;🟡 Planejado;A;Fornecedor Gamma;28,0;12,9
PC000260;Loja Centro;16/10/2026;3;10,0;2581,32;🟡 Planejado;A;Fornecedor Gamma;23,0;15,7
PC000260;Loja Centro;01/11/2026;3;10,0;2737,02;🟡 Planejado;A;Fornecedor Gamma;23,0;15,7
PC000260;Loja Centro;12/11/2026;4;14,0;3649,88;🟡 Planejado;A;Fornecedor Gamma;17,0;20,9
PC000260;Loja Centro;27/11/2026;4;13,0;3421,53;🟡 Planejado;A;Fornecedor Gamma;17,0;20,9
PC000260;Loja Centro;21/12/2026;5;9,0;2391,44;🟡 Planejado;A;Fornecedor Gamma;26,0;13,9
PC000260;Loja Centro;05/01/2027;5;9,0;2265,4;🟡 Planejado;A;Fornecedor Gamma;26,0;13,9
PC000260;Loja Centro;19/01/2027;6;9,0;2389,96;🟡 Planejado;A;Fornecedor Gamma;25,0;14,5
PC000260;Loja Centro;04/02/2027;6;10,0;2529,49;🟡 Planejado;A;Fornecedor Gamma;25,0;14,5
PC000755;Loja Centro;22/12/2026;5;5,0;2190,93;🟡 Planejado;A;Fornecedor Beta;46,0;8,0
PC000755;Loja Centro;06/01/2027;5;5,0;2168,4;🟡 Planejado;A;Fornecedor Beta;46,0;8,0
PC000755;Loja Centro;22/01/2027;6;5,0;2312,52;🟡 Planejado;A;Fornecedor Beta;46,0;8,0
PC000755;Loja Centro;07/02/2027;6;5,0;2312,79;🟡 Planejado;A;Fornecedor Beta;46,0;8,0
PC000059;Loja Centro;05/09/2026;1;11,0;2360,07;🔴 Prioritário (até 30 dias);A;Fornecedor Gamma;22,0;16,9
PC000059;Loja Centro;21/09/2026;2;11,0;2418,39;🟡 Planejado;A;Fornecedor Gamma;22,0;16,8
PC000059;Loja Centro;07/10/2026;2;11,0;2431,21;🟡 Planejado;A;Fornecedor Gamma;22,0;16,8
PC000059;Loja Centro;23/10/2026;3;11,0;2423,08;🟡 Planejado;A;Fornecedor Gamma;22,0;16,8
PC000059;Loja Centro;08/11/2026;3;11,0;2428,04;🟡 Planejado;A;Fornecedor Gamma;22,0;16,8
PC000059;Loja Centro;24/11/2026;4;11,0;2425,01;🟡 Planejado;A;Fornecedor Gamma;22,0;16,8
PC000059;Loja Centro;09/12/2026;4;10,0;2275,23;🟡 Planejado;A;Fornecedor Gamma;22,0;16,8
PC000059;Loja Centro;25/12/2026;5;11,0;2425,81;🟡 Planejado;A;Fornecedor Gamma;22,0;16,8
PC000059;Loja Centro;10/01/2027;5;11,0;2426,51;🟡 Planejado;A;Fornecedor Gamma;22,0;16,8
PC000059;Loja Centro;26/01/2027;6;11,0;2426,11;🟡 Planejado;A;Fornecedor Gamma;22,0;16,8
PC000590;Loja Centro;24/11/2026;4;9,0;3067,64;🟡 Planejado;A;Fornecedor Alfa;24,0;14,9
PC000590;Loja Centro;09/12/2026;4;9,0;2987,15;🟡 Planejado;A;Fornecedor Alfa;24,0;14,9
PC000590;Loja Centro;11/01/2027;6;8,0;2632,32;🟡 Planejado;A;Fornecedor Alfa;33,0;11,2
PC000590;Loja Centro;26/01/2027;6;7,0;2242,49;🟡 Planejado;A;Fornecedor Alfa;33,0;11,2
PC000937;Loja Centro;28/08/2026;1;16,0;2061,92;🔴 Prioritário (até 30 dias);A;Fornecedor Alfa;14,0;25,5
PC000937;Loja Centro;12/09/2026;1;16,0;2002,33;🔴 Prioritário (até 30 dias);A;Fornecedor Alfa;14,0;25,5
PC000937;Loja Centro;28/09/2026;2;16,0;2096,5;🟡 Planejado;A;Fornecedor Alfa;14,0;25,4
PC000937;Loja Centro;14/10/2026;3;17,0;2111,77;🟡 Planejado;A;Fornecedor Alfa;14,0;25,3
PC000937;Loja Centro;30/10/2026;3;17,0;2116,95;🟡 Planejado;A;Fornecedor Alfa;14,0;25,3
PC000937;Loja Centro;15/11/2026;4;17,0;2112,78;🟡 Planejado;A;Fornecedor Alfa;14,0;25,3
PC000937;Loja Centro;01/12/2026;4;17,0;2114,99;🟡 Planejado;A;Fornecedor Alfa;14,0;25,3
PC000937;Loja Centro;17/12/2026;5;17,0;2113,32;🟡 Planejado;A;Fornecedor Alfa;14,0;25,3
PC000937;Loja Centro;02/01/2027;5;17,0;2114,25;🟡 Planejado;A;Fornecedor Alfa;14,0;25,3
PC000937;Loja Centro;18/01/2027;6;17,0;2113,58;🟡 Planejado;A;Fornecedor Alfa;14,0;25,3
PC000937;Loja Centro;03/02/2027;6;17,0;2113,96;🟡 Planejado;A;Fornecedor Alfa;14,0;25,3
PC000833;Loja Centro;12/09/2026;1;8,0;2106,22;🔴 Prioritário (até 30 dias);A;Fornecedor Delta;29,0;12,5
PC000833;Loja Centro;29/09/2026;2;7,0;1966,61;🟡 Planejado;A;Fornecedor Delta;31,0;11,8
PC000833;Loja Centro;13/10/2026;3;14,0;3654,34;🟡 Planejado;A;Fornecedor Delta;21,0;17,3
PC000833;Loja Centro;28/10/2026;3;11,0;2830,96;🟡 Planejado;A;Fornecedor Delta;21,0;17,3
PC000833;Loja Centro;12/11/2026;4;14,0;3664,26;🟡 Planejado;A;Fornecedor Delta;18,0;19,8
PC000833;Loja Centro;28/11/2026;4;13,0;3449,78;🟡 Planejado;A;Fornecedor Delta;18,0;19,8
PC000833;Loja Centro;22/12/2026;5;9,0;2324,62;🟡 Planejado;A;Fornecedor Delta;27,0;13,4
PC000833;Loja Centro;06/01/2027;5;8,0;2191,47;🟡 Planejado;A;Fornecedor Delta;27,0;13,4
PC000833;Loja Centro;23/01/2027;6;8,0;2153,19;🟡 Planejado;A;Fornecedor Delta;29,0;12,7
PC000833;Loja Centro;07/02/2027;6;8,0;2076,19;🟡 Planejado;A;Fornecedor Delta;29,0;12,7
PC000457;Loja Centro;02/09/2026;1;7,0;2279,99;🔴 Prioritário (até 30 dias);A;Fornecedor Gamma;32,0;11,3
PC000457;Loja Centro;17/09/2026;2;7,0;2230,78;🟡 Planejado;A;Fornecedor Gamma;32,0;11,4
PC000457;Loja Centro;02/10/2026;2;7,0;2204,79;🟡 Planejado;A;Fornecedor Gamma;32,0;11,4
PC000457;Loja Centro;13/10/2026;3;10,0;3006,9;🟡 Planejado;A;Fornecedor Gamma;24,0;14,9
PC000457;Loja Centro;29/10/2026;3;10,0;3069,22;🟡 Planejado;A;Fornecedor Gamma;24,0;14,9
PC000457;Loja Centro;12/11/2026;4;11,0;3410,88;🟡 Planejado;A;Fornecedor Gamma;22,0;16,7
PC000457;Loja Centro;28/11/2026;4;11,0;3443,58;🟡 Planejado;A;Fornecedor Gamma;22,0;16,7
PC000457;Loja Centro;18/12/2026;5;8,0;2520,06;🟡 Planejado;A;Fornecedor Gamma;28,0;13,0
PC000457;Loja Centro;03/01/2027;5;9,0;2671,94;🟡 Planejado;A;Fornecedor Gamma;28,0;13,0
PC000457;Loja Centro;18/01/2027;6;9,0;2686,65;🟡 Planejado;A;Fornecedor Gamma;27,0;13,4
PC000457;Loja Centro;03/02/2027;6;9,0;2748,45;🟡 Planejado;A;Fornecedor Gamma;27,0;13,4
PC000078;Loja Centro;27/08/2026;1;8,0;2420,44;🔴 Prioritário (até 30 dias);A;Fornecedor Gamma;29,0;12,6
PC000078;Loja Centro;11/09/2026;1;8,0;2402,2;🔴 Prioritário (até 30 dias);A;Fornecedor Gamma;29,0;12,6
PC000078;Loja Centro;28/09/2026;2;7,0;2285,77;🟡 Planejado;A;Fornecedor Gamma;31,0;11,9
PC000078;Loja Centro;13/10/2026;3;13,0;3872,21;🟡 Planejado;A;Fornecedor Gamma;23,0;16,0
PC000078;Loja Centro;28/10/2026;3;10,0;3039,99;🟡 Planejado;A;Fornecedor Gamma;23,0;16,0
PC000078;Loja Centro;12/11/2026;4;17,0;5132,52;🟡 Planejado;A;Fornecedor Gamma;17,0;21,3
PC000078;Loja Centro;28/11/2026;4;14,0;4322,67;🟡 Planejado;A;Fornecedor Gamma;17,0;21,3
PC000078;Loja Centro;24/12/2026;5;8,0;2511,41;🟡 Planejado;A;Fornecedor Gamma;28,0;13,0
PC000078;Loja Centro;09/01/2027;5;9,0;2643,44;🟡 Planejado;A;Fornecedor Gamma;28,0;13,0
PC000078;Loja Centro;26/01/2027;6;8,0;2340,4;🟡 Planejado;A;Fornecedor Gamma;30,0;12,2
PC000312;Loja Centro;04/02/2027;6;8,0;3340,03;🟡 Planejado;B;Fornecedor Gamma;49,0;7,4
PC000666;Loja Centro;29/11/2026;4;12,0;4776,25;🟡 Planejado;B;Fornecedor Delta;33,0;11,1
PC000666;Loja Centro;01/01/2027;5;9,0;3416,55;🟡 Planejado;B;Fornecedor Delta;47,0;7,8
PC000666;Loja Centro;21/01/2027;6;9,0;3429,41;🟡 Planejado;B;Fornecedor Delta;46,0;7,9
PC000022;Loja Centro;13/10/2026;3;30,0;4231,07;🟡 Planejado;B;Fornecedor Gamma;17,0;21,1
PC000022;Loja Centro;02/11/2026;3;23,0;3221,0;🟡 Planejado;B;Fornecedor Gamma;17,0;21,1
PC000022;Loja Centro;19/11/2026;4;26,0;3598,9;🟡 Planejado;B;Fornecedor Gamma;16,0;23,4
PC000022;Loja Centro;10/12/2026;4;27,0;3758,76;🟡 Planejado;B;Fornecedor Gamma;16,0;23,4
PC000022;Loja Centro;14/01/2027;6;20,0;2771,81;🟡 Planejado;B;Fornecedor Gamma;21,0;17,7
PC000022;Loja Centro;03/02/2027;6;19,0;2700,49;🟡 Planejado;B;Fornecedor Gamma;21,0;17,7
PC000841;Loja Centro;14/08/2026;1;19,0;3284,58;🚨 Urgente (até 7 dias);B;Fornecedor Beta;28,0;12,9
PC000841;Loja Centro;03/09/2026;1;14,0;2443,7;🔴 Prioritário (até 30 dias);B;Fornecedor Beta;28,0;12,9
PC000841;Loja Centro;24/09/2026;2;15,0;2559,89;🟡 Planejado;B;Fornecedor Beta;28,0;12,9
PC000841;Loja Centro;13/10/2026;3;20,0;3417,64;🟡 Planejado;B;Fornecedor Beta;23,0;15,7
PC000841;Loja Centro;02/11/2026;3;17,0;2977,16;🟡 Planejado;B;Fornecedor Beta;23,0;15,7
PC000841;Loja Centro;16/11/2026;4;23,0;3924,45;🟡 Planejado;B;Fornecedor Beta;18,0;20,1
PC000841;Loja Centro;06/12/2026;4;22,0;3795,13;🟡 Planejado;B;Fornecedor Beta;18,0;20,1
PC000841;Loja Centro;14/01/2027;6;16,0;2806,06;🟡 Planejado;B;Fornecedor Beta;26,0;14,2
PC000841;Loja Centro;03/02/2027;6;16,0;2690,65;🟡 Planejado;B;Fornecedor Beta;26,0;14,2
PC000124;Loja Centro;12/11/2026;4;7,0;2622,15;🟡 Planejado;B;Fornecedor Beta;57,0;6,4
PC000124;Loja Centro;02/12/2026;4;7,0;2560,07;🟡 Planejado;B;Fornecedor Beta;57,0;6,4
PC000124;Loja Centro;23/12/2026;5;7,0;2680,33;🟡 Planejado;B;Fornecedor Beta;57,0;6,4
PC000124;Loja Centro;13/01/2027;6;7,0;2682,04;🟡 Planejado;B;Fornecedor Beta;57,0;6,4
PC000124;Loja Centro;03/02/2027;6;7,0;2683,53;🟡 Planejado;B;Fornecedor Beta;57,0;6,4
PC000855;Loja Centro;10/11/2026;3;10,0;4014,43;🟡 Planejado;B;Fornecedor Beta;43,0;8,4
PC000855;Loja Centro;24/11/2026;4;11,0;4682,76;🟡 Planejado;B;Fornecedor Beta;36,0;10,1
PC000855;Loja Centro;26/12/2026;5;8,0;3189,71;🟡 Planejado;B;Fornecedor Beta;54,0;6,8
PC000855;Loja Centro;16/01/2027;6;8,0;3118,7;🟡 Planejado;B;Fornecedor Beta;55,0;6,7
PC000855;Loja Centro;06/02/2027;6;8,0;3180,25;🟡 Planejado;B;Fornecedor Beta;55,0;6,7
PC000354;Loja Centro;02/11/2026;3;8,0;2735,9;🟡 Planejado;B;Fornecedor Delta;49,0;7,4
PC000354;Loja Centro;22/11/2026;4;8,0;2690,28;🟡 Planejado;B;Fornecedor Delta;49,0;7,4
PC000354;Loja Centro;12/12/2026;5;8,0;2681,79;🟡 Planejado;B;Fornecedor Delta;49,0;7,4
PC000354;Loja Centro;01/01/2027;5;8,0;2675,47;🟡 Planejado;B;Fornecedor Delta;49,0;7,4
PC000354;Loja Centro;21/01/2027;6;8,0;2682,34;🟡 Planejado;B;Fornecedor Delta;49,0;7,4
PC000899;Loja Centro;06/09/2026;1;14,0;2264,83;🔴 Prioritário (até 30 dias);B;Fornecedor Beta;30,0;12,2
PC000899;Loja Centro;25/09/2026;2;15,0;2394,27;🟡 Planejado;B;Fornecedor Beta;28,0;12,8
PC000899;Loja Centro;13/10/2026;3;25,0;4157,28;🟡 Planejado;B;Fornecedor Beta;20,0;18,4
PC000899;Loja Centro;03/11/2026;3;21,0;3494,26;🟡 Planejado;B;Fornecedor Beta;20,0;18,4
PC000899;Loja Centro;19/11/2026;4;25,0;4086,99;🟡 Planejado;B;Fornecedor Beta;17,0;21,7
PC000899;Loja Centro;09/12/2026;4;24,0;3921,49;🟡 Planejado;B;Fornecedor Beta;17,0;21,7
PC000899;Loja Centro;09/01/2027;5;19,0;3091,18;🟡 Planejado;B;Fornecedor Beta;22,0;16,9
PC000899;Loja Centro;28/01/2027;6;20,0;3229,44;🟡 Planejado;B;Fornecedor Beta;21,0;17,5
PC000099;Loja Centro;31/01/2027;6;8,0;2656,67;🟡 Planejado;B;Fornecedor Beta;54,0;6,8
PC000635;Loja Centro;13/10/2026;3;11,0;4468,92;🟡 Planejado;B;Fornecedor Alfa;46,0;8,0
PC000635;Loja Centro;02/11/2026;3;9,0;3656,42;🟡 Planejado;B;Fornecedor Alfa;46,0;8,0
PC000635;Loja Centro;17/11/2026;4;10,0;4377,01;🟡 Planejado;B;Fornecedor Alfa;38,0;9,5
PC000635;Loja Centro;07/12/2026;4;10,0;4367,16;🟡 Planejado;B;Fornecedor Alfa;38,0;9,5
PC000635;Loja Centro;14/01/2027;6;7,0;2896,93;🟡 Planejado;B;Fornecedor Alfa;60,0;6,1
PC000635;Loja Centro;04/02/2027;6;7,0;2935,37;🟡 Planejado;B;Fornecedor Alfa;60,0;6,1
PC000920;Loja Centro;25/11/2026;4;20,0;3872,02;🟡 Planejado;B;Fornecedor Alfa;20,0;18,5
PC000920;Loja Centro;29/12/2026;5;13,0;2516,76;🟡 Planejado;B;Fornecedor Alfa;31,0;11,8
PC000920;Loja Centro;15/01/2027;6;16,0;2978,58;🟡 Planejado;B;Fornecedor Alfa;27,0;13,7
PC000920;Loja Centro;04/02/2027;6;15,0;2859,11;🟡 Planejado;B;Fornecedor Alfa;27,0;13,7
PC000300;Loja Centro;14/08/2026;1;8,0;2625,59;🚨 Urgente (até 7 dias);B;Fornecedor Delta;54,0;6,8
PC000300;Loja Centro;04/09/2026;1;8,0;2493,06;🔴 Prioritário (até 30 dias);B;Fornecedor Delta;54,0;6,8
PC000300;Loja Centro;24/09/2026;2;7,0;2381,4;🟡 Planejado;B;Fornecedor Delta;54,0;6,8
PC000300;Loja Centro;13/10/2026;3;12,0;3684,61;🟡 Planejado;B;Fornecedor Delta;42,0;8,8
PC000300;Loja Centro;03/11/2026;3;10,0;3226,51;🟡 Planejado;B;Fornecedor Delta;42,0;8,8
PC000300;Loja Centro;17/11/2026;4;13,0;4020,76;🟡 Planejado;B;Fornecedor Delta;33,0;11,1
PC000300;Loja Centro;08/12/2026;4;13,0;4080,09;🟡 Planejado;B;Fornecedor Delta;33,0;11,1
PC000300;Loja Centro;13/01/2027;6;9,0;2968,49;🟡 Planejado;B;Fornecedor Delta;45,0;8,1
PC000300;Loja Centro;03/02/2027;6;9,0;2971,25;🟡 Planejado;B;Fornecedor Delta;45,0;8,1
PC000058;Loja Centro;11/09/2026;1;13,0;2457,03;🔴 Prioritário (até 30 dias);B;Fornecedor Alfa;31,0;12,0
PC000058;Loja Centro;03/10/2026;2;13,0;2387,08;🟡 Planejado;B;Fornecedor Alfa;32,0;11,5
PC000058;Loja Centro;14/10/2026;3;18,0;3346,09;🟡 Planejado;B;Fornecedor Alfa;22,0;16,3
PC000058;Loja Centro;03/11/2026;3;18,0;3319,72;🟡 Planejado;B;Fornecedor Alfa;22,0;16,3
PC000058;Loja Centro;18/11/2026;4;22,0;4053,92;🟡 Planejado;B;Fornecedor Alfa;19,0;19,6
PC000058;Loja Centro;09/12/2026;4;23,0;4184,57;🟡 Planejado;B;Fornecedor Alfa;19,0;19,6
PC000058;Loja Centro;17/01/2027;6;14,0;2659,88;🟡 Planejado;B;Fornecedor Alfa;28,0;13,0
PC000058;Loja Centro;07/02/2027;6;15,0;2770,71;🟡 Planejado;B;Fornecedor Alfa;28,0;13,0
PC000886;Loja Centro;26/10/2026;3;14,0;2917,83;🟡 Planejado;B;Fornecedor Alfa;30,0;12,1
PC000886;Loja Centro;12/11/2026;4;18,0;3907,62;🟡 Planejado;B;Fornecedor Alfa;24,0;15,3
PC000886;Loja Centro;02/12/2026;4;17,0;3549,51;🟡 Planejado;B;Fornecedor Alfa;24,0;15,3
PC000886;Loja Centro;08/01/2027;5;11,0;2416,93;🟡 Planejado;B;Fornecedor Alfa;36,0;10,0
PC000886;Loja Centro;25/01/2027;6;13,0;2654,65;🟡 Planejado;B;Fornecedor Alfa;33,0;11,1
PC000959;Loja Centro;14/08/2026;1;10,0;2753,62;🚨 Urgente (até 7 dias);B;Fornecedor Alfa;53,0;6,9
PC000959;Loja Centro;04/09/2026;1;8,0;2299,12;🔴 Prioritário (até 30 dias);B;Fornecedor Alfa;53,0;6,9
PC000959;Loja Centro;24/09/2026;2;8,0;2230,29;🟡 Planejado;B;Fornecedor Alfa;52,0;7,0
PC000959;Loja Centro;13/10/2026;3;11,0;3312,15;🟡 Planejado;B;Fornecedor Alfa;41,0;8,8
PC000959;Loja Centro;03/11/2026;3;10,0;2938,95;🟡 Planejado;B;Fornecedor Alfa;41,0;8,8
PC000959;Loja Centro;19/11/2026;4;12,0;3340,41;🟡 Planejado;B;Fornecedor Alfa;36,0;10,3
PC000959;Loja Centro;10/12/2026;4;12,0;3420,73;🟡 Planejado;B;Fornecedor Alfa;36,0;10,3
PC000959;Loja Centro;12/01/2027;6;8,0;2361,96;🟡 Planejado;B;Fornecedor Alfa;49,0;7,4
PC000959;Loja Centro;02/02/2027;6;9,0;2463,2;🟡 Planejado;B;Fornecedor Alfa;49,0;7,4
PC000731;Loja Centro;23/08/2026;1;14,0;1954,93;🔴 Prioritário (até 30 dias);B;Fornecedor Beta;30,0;12,3
PC000731;Loja Centro;12/09/2026;1;13,0;1928,85;🔴 Prioritário (até 30 dias);B;Fornecedor Beta;30,0;12,3
PC000731;Loja Centro;25/09/2026;2;18,0;2531,08;🟡 Planejado;B;Fornecedor Beta;24,0;15,3
PC000731;Loja Centro;13/10/2026;3;22,0;3169,93;🟡 Planejado;B;Fornecedor Beta;20,0;18,5
PC000731;Loja Centro;02/11/2026;3;20,0;2898,75;🟡 Planejado;B;Fornecedor Beta;20,0;18,5
PC000731;Loja Centro;17/11/2026;4;25,0;3548,64;🟡 Planejado;B;Fornecedor Beta;16,0;22,3
PC000731;Loja Centro;07/12/2026;4;24,0;3496,39;🟡 Planejado;B;Fornecedor Beta;16,0;22,3
PC000731;Loja Centro;12/01/2027;6;18,0;2551,81;🟡 Planejado;B;Fornecedor Beta;23,0;16,1
PC000731;Loja Centro;02/02/2027;6;19,0;2657,27;🟡 Planejado;B;Fornecedor Beta;23,0;16,1
PC000557;Loja Centro;19/08/2026;1;8,0;2292,34;🚨 Urgente (até 7 dias);B;Fornecedor Gamma;50,0;7,2
PC000557;Loja Centro;09/09/2026;1;8,0;2315,86;🔴 Prioritário (até 30 dias);B;Fornecedor Gamma;50,0;7,2
PC000557;Loja Centro;26/09/2026;2;9,0;2451,64;🟡 Planejado;B;Fornecedor Gamma;46,0;7,9
PC000557;Loja Centro;13/10/2026;3;12,0;3304,23;🟡 Planejado;B;Fornecedor Gamma;37,0;9,9
PC000557;Loja Centro;03/11/2026;3;11,0;3179,36;🟡 Planejado;B;Fornecedor Gamma;37,0;9,9
PC000557;Loja Centro;20/11/2026;4;13,0;3558,97;🟡 Planejado;B;Fornecedor Gamma;32,0;11,3
PC000557;Loja Centro;11/12/2026;4;13,0;3601,59;🟡 Planejado;B;Fornecedor Gamma;32,0;11,3
PC000557;Loja Centro;15/01/2027;6;9,0;2488,24;🟡 Planejado;B;Fornecedor Gamma;45,0;8,0
PC000557;Loja Centro;04/02/2027;6;9,0;2447,26;🟡 Planejado;B;Fornecedor Gamma;45,0;8,0
PC000704;Loja Centro;15/08/2026;1;10,0;2402,1;🚨 Urgente (até 7 dias);B;Fornecedor Alfa;39,0;9,3
PC000704;Loja Centro;05/09/2026;1;11,0;2475,46;🔴 Prioritário (até 30 dias);B;Fornecedor Alfa;39,0;9,3
PC000704;Loja Centro;25/09/2026;2;11,0;2551,45;🟡 Planejado;B;Fornecedor Alfa;38,0;9,6
PC000704;Loja Centro;15/10/2026;3;11,0;2489,75;🟡 Planejado;B;Fornecedor Alfa;38,0;9,7
PC000704;Loja Centro;05/11/2026;3;11,0;2581,09;🟡 Planejado;B;Fornecedor Alfa;38,0;9,7
PC000704;Loja Centro;25/11/2026;4;11,0;2486,0;🟡 Planejado;B;Fornecedor Alfa;38,0;9,7
PC000704;Loja Centro;15/12/2026;5;11,0;2477,0;🟡 Planejado;B;Fornecedor Alfa;37,0;9,7
PC000704;Loja Centro;04/01/2027;5;11,0;2472,36;🟡 Planejado;B;Fornecedor Alfa;37,0;9,7
PC000704;Loja Centro;24/01/2027;6;11,0;2476,27;🟡 Planejado;B;Fornecedor Alfa;37,0;9,7
PC000668;Loja Centro;01/01/2027;5;7,0;2918,06;🟡 Planejado;B;Fornecedor Beta;59,0;6,2
PC000668;Loja Centro;23/01/2027;6;7,0;2746,81;🟡 Planejado;B;Fornecedor Beta;62,0;5,9
PC000857;Loja Centro;28/08/2026;1;6,0;2072,34;🔴 Prioritário (até 30 dias);B;Fornecedor Alfa;68,0;5,3
PC000857;Loja Centro;17/09/2026;2;6,0;2116,38;🟡 Planejado;B;Fornecedor Alfa;67,0;5,5
PC000857;Loja Centro;08/10/2026;2;6,0;2152,12;🟡 Planejado;B;Fornecedor Alfa;67,0;5,5
PC000857;Loja Centro;25/10/2026;3;7,0;2357,89;🟡 Planejado;B;Fornecedor Alfa;60,0;6,1
PC000857;Loja Centro;14/11/2026;4;7,0;2478,85;🟡 Planejado;B;Fornecedor Alfa;58,0;6,3
PC000857;Loja Centro;05/12/2026;4;7,0;2492,22;🟡 Planejado;B;Fornecedor Alfa;58,0;6,3
PC000857;Loja Centro;30/12/2026;5;6,0;2187,86;🟡 Planejado;B;Fornecedor Alfa;65,0;5,6
PC000857;Loja Centro;19/01/2027;6;6,0;2185,63;🟡 Planejado;B;Fornecedor Alfa;64,0;5,7
PC000857;Loja Centro;09/02/2027;6;7,0;2247,57;🟡 Planejado;B;Fornecedor Alfa;64,0;5,7
PC000176;Loja Centro;14/08/2026;1;15,0;3819,89;🚨 Urgente (até 7 dias);B;Fornecedor Gamma;47,0;7,8
PC000176;Loja Centro;03/09/2026;1;9,0;2104,01;🔴 Prioritário (até 30 dias);B;Fornecedor Gamma;47,0;7,8
PC000176;Loja Centro;20/09/2026;2;10,0;2410,03;🟡 Planejado;B;Fornecedor Gamma;42,0;8,7
PC000176;Loja Centro;11/10/2026;2;10,0;2481,17;🟡 Planejado;B;Fornecedor Gamma;42,0;8,7
PC000176;Loja Centro;26/10/2026;3;12,0;2920,42;🟡 Planejado;B;Fornecedor Gamma;35,0;10,3
PC000176;Loja Centro;13/11/2026;4;13,0;3249,9;🟡 Planejado;B;Fornecedor Gamma;31,0;11,6
PC000176;Loja Centro;03/12/2026;4;13,0;3140,86;🟡 Planejado;B;Fornecedor Gamma;31,0;11,6
PC000176;Loja Centro;30/12/2026;5;11,0;2639,66;🟡 Planejado;B;Fornecedor Gamma;38,0;9,6
PC000176;Loja Centro;21/01/2027;6;10,0;2516,8;🟡 Planejado;B;Fornecedor Gamma;40,0;9,1
PC000207;Loja Centro;19/01/2027;6;10,0;2996,46;🟡 Planejado;B;Fornecedor Delta;43,0;8,4
PC000207;Loja Centro;08/02/2027;6;9,0;2865,75;🟡 Planejado;B;Fornecedor Delta;43,0;8,4
PC000180;Loja Centro;02/11/2026;3;12,0;2918,39;🟡 Planejado;B;Fornecedor Gamma;35,0;10,4
PC000180;Loja Centro;20/11/2026;4;12,0;3025,36;🟡 Planejado;B;Fornecedor Gamma;33,0;11,1
PC000180;Loja Centro;10/12/2026;4;12,0;3013,52;🟡 Planejado;B;Fornecedor Gamma;33,0;11,1
PC000180;Loja Centro;17/01/2027;6;9,0;2173,4;🟡 Planejado;B;Fornecedor Gamma;47,0;7,8
PC000180;Loja Centro;07/02/2027;6;9,0;2211,85;🟡 Planejado;B;Fornecedor Gamma;47,0;7,8
PC000223;Loja Centro;31/08/2026;1;12,0;2341,78;🔴 Prioritário (até 30 dias);B;Fornecedor Alfa;34,0;10,6
PC000223;Loja Centro;21/09/2026;2;12,0;2387,11;🟡 Planejado;B;Fornecedor Alfa;35,0;10,5
PC000223;Loja Centro;11/10/2026;2;12,0;2298,81;🟡 Planejado;B;Fornecedor Alfa;35,0;10,5
PC000223;Loja Centro;01/11/2026;3;12,0;2398,49;🟡 Planejado;B;Fornecedor Alfa;35,0;10,5
PC000223;Loja Centro;22/11/2026;4;12,0;2404,95;🟡 Planejado;B;Fornecedor Alfa;35,0;10,5
PC000223;Loja Centro;13/12/2026;5;12,0;2406,23;🟡 Planejado;B;Fornecedor Alfa;35,0;10,5
PC000223;Loja Centro;02/01/2027;5;12,0;2292,01;🟡 Planejado;B;Fornecedor Alfa;35,0;10,5
PC000223;Loja Centro;23/01/2027;6;12,0;2406,35;🟡 Planejado;B;Fornecedor Alfa;35,0;10,5
PC000286;Loja Centro;12/11/2026;4;13,0;2981,16;🟡 Planejado;B;Fornecedor Delta;35,0;10,4
PC000286;Loja Centro;03/12/2026;4;12,0;2842,95;🟡 Planejado;B;Fornecedor Delta;35,0;10,4
PC000286;Loja Centro;06/01/2027;5;9,0;2018,72;🟡 Planejado;B;Fornecedor Delta;49,0;7,4
PC000286;Loja Centro;27/01/2027;6;8,0;1903,97;🟡 Planejado;B;Fornecedor Delta;50,0;7,3
PC000235;Loja Centro;24/10/2026;3;8,0;2463,24;🟡 Planejado;B;Fornecedor Beta;48,0;7,5
PC000235;Loja Centro;12/11/2026;4;12,0;3585,18;🟡 Planejado;B;Fornecedor Beta;39,0;9,4
PC000235;Loja Centro;03/12/2026;4;11,0;3213,48;🟡 Planejado;B;Fornecedor Beta;39,0;9,4
PC000235;Loja Centro;09/01/2027;5;7,0;2038,19;🟡 Planejado;B;Fornecedor Beta;59,0;6,2
PC000235;Loja Centro;27/01/2027;6;7,0;2217,02;🟡 Planejado;B;Fornecedor Beta;55,0;6,6
PC000879;Loja Centro;14/08/2026;1;23,0;3272,94;🚨 Urgente (até 7 dias);B;Fornecedor Alfa;26,0;14,0
PC000879;Loja Centro;03/09/2026;1;15,0;2141,02;🔴 Prioritário (até 30 dias);B;Fornecedor Alfa;26,0;14,0
PC000879;Loja Centro;23/09/2026;2;16,0;2204,68;🟡 Planejado;B;Fornecedor Alfa;26,0;14,2
PC000879;Loja Centro;13/10/2026;3;29,0;4074,57;🟡 Planejado;B;Fornecedor Alfa;18,0;20,3
PC000879;Loja Centro;02/11/2026;3;22,0;3097,0;🟡 Planejado;B;Fornecedor Alfa;18,0;20,3
PC000879;Loja Centro;18/11/2026;4;28,0;3844,41;🟡 Planejado;B;Fornecedor Alfa;15,0;24,1
PC000879;Loja Centro;09/12/2026;4;28,0;3862,55;🟡 Planejado;B;Fornecedor Alfa;15,0;24,1
PC000879;Loja Centro;15/01/2027;6;19,0;2612,83;🟡 Planejado;B;Fornecedor Alfa;22,0;16,3
PC000879;Loja Centro;05/02/2027;6;19,0;2619,98;🟡 Planejado;B;Fornecedor Alfa;22,0;16,3
PC000974;Loja Centro;18/08/2026;1;9,0;2220,8;🚨 Urgente (até 7 dias);B;Fornecedor Delta;44,0;8,3
PC000974;Loja Centro;08/09/2026;1;10,0;2252,92;🔴 Prioritário (até 30 dias);B;Fornecedor Delta;44,0;8,3
PC000974;Loja Centro;03/10/2026;2;8,0;2002,84;🟡 Planejado;B;Fornecedor Delta;49,0;7,4
PC000974;Loja Centro;14/10/2026;3;12,0;2748,58;🟡 Planejado;B;Fornecedor Delta;35,0;10,5
PC000974;Loja Centro;03/11/2026;3;12,0;2728,17;🟡 Planejado;B;Fornecedor Delta;35,0;10,5
PC000974;Loja Centro;22/11/2026;4;12,0;2837,09;🟡 Planejado;B;Fornecedor Delta;34,0;10,9
PC000974;Loja Centro;18/12/2026;5;10,0;2308,93;🟡 Planejado;B;Fornecedor Delta;42,0;8,6
PC000974;Loja Centro;08/01/2027;5;10,0;2356,7;🟡 Planejado;B;Fornecedor Delta;42,0;8,6
PC000974;Loja Centro;27/01/2027;6;10,0;2476,9;🟡 Planejado;B;Fornecedor Delta;40,0;9,1
PC000263;Loja Centro;11/10/2026;2;13,0;1875,55;🟡 Planejado;C;Fornecedor Gamma;49,0;7,5
PC000263;Loja Centro;14/10/2026;3;23,0;3345,72;🟡 Planejado;C;Fornecedor Gamma;28,0;13,0
PC000263;Loja Centro;09/11/2026;3;23,0;3355,65;🟡 Planejado;C;Fornecedor Gamma;28,0;13,0
PC000263;Loja Centro;30/11/2026;4;25,0;3615,32;🟡 Planejado;C;Fornecedor Gamma;26,0;14,2
PC000263;Loja Centro;18/01/2027;6;16,0;2355,53;🟡 Planejado;C;Fornecedor Gamma;39,0;9,4
PC000440;Loja Centro;14/08/2026;1;12,0;3745,1;🚨 Urgente (até 7 dias);C;Fornecedor Delta;77,0;4,8
PC000440;Loja Centro;08/09/2026;1;8,0;2490,65;🔴 Prioritário (até 30 dias);C;Fornecedor Delta;77,0;4,8
PC000440;Loja Centro;03/10/2026;2;8,0;2561,64;🟡 Planejado;C;Fornecedor Delta;76,0;4,8
PC000440;Loja Centro;15/10/2026;3;12,0;3673,44;🟡 Planejado;C;Fornecedor Delta;53,0;6,8
PC000440;Loja Centro;10/11/2026;3;12,0;3720,33;🟡 Planejado;C;Fornecedor Delta;53,0;6,8
PC000440;Loja Centro;01/12/2026;4;13,0;4004,2;🟡 Planejado;C;Fornecedor Delta;49,0;7,5
PC000440;Loja Centro;18/01/2027;6;9,0;2606,37;🟡 Planejado;C;Fornecedor Delta;76,0;4,8
PC000487;Loja Centro;14/08/2026;1;17,0;3095,93;🚨 Urgente (até 7 dias);C;Fornecedor Delta;40,0;9,1
PC000487;Loja Centro;09/09/2026;1;16,0;2967,67;🔴 Prioritário (até 30 dias);C;Fornecedor Delta;40,0;9,1
PC000487;Loja Centro;05/10/2026;2;16,0;2914,24;🟡 Planejado;C;Fornecedor Delta;40,0;9,0
PC000487;Loja Centro;31/10/2026;3;16,0;2930,89;🟡 Planejado;C;Fornecedor Delta;40,0;9,0
PC000487;Loja Centro;26/11/2026;4;16,0;2936,47;🟡 Planejado;C;Fornecedor Delta;40,0;9,0
PC000487;Loja Centro;22/12/2026;5;16,0;2938,31;🟡 Planejado;C;Fornecedor Delta;40,0;9,0
PC000487;Loja Centro;17/01/2027;6;16,0;2938,92;🟡 Planejado;C;Fornecedor Delta;40,0;9,0
PC000041;Loja Centro;04/09/2026;1;11,0;2666,3;🔴 Prioritário (até 30 dias);C;Fornecedor Delta;59,0;6,2
PC000041;Loja Centro;04/10/2026;2;10,0;2439,86;🟡 Planejado;C;Fornecedor Delta;64,0;5,7
PC000041;Loja Centro;16/10/2026;3;14,0;3448,15;🟡 Planejado;C;Fornecedor Delta;46,0;8,0
PC000041;Loja Centro;10/11/2026;3;14,0;3369,05;🟡 Planejado;C;Fornecedor Delta;46,0;8,0
PC000041;Loja Centro;27/11/2026;4;17,0;4080,21;🟡 Planejado;C;Fornecedor Delta;39,0;9,5
PC000041;Loja Centro;08/01/2027;5;12,0;2860,6;🟡 Planejado;C;Fornecedor Delta;54,0;6,7
PC000041;Loja Centro;01/02/2027;6;12,0;3055,08;🟡 Planejado;C;Fornecedor Delta;52,0;7,0
PC000069;Loja Centro;27/08/2026;1;16,0;2694,68;🔴 Prioritário (até 30 dias);C;Fornecedor Delta;39,0;9,4
PC000069;Loja Centro;21/09/2026;2;16,0;2679,33;🟡 Planejado;C;Fornecedor Delta;39,0;9,4
PC000069;Loja Centro;13/10/2026;3;19,0;3084,43;🟡 Planejado;C;Fornecedor Delta;34,0;10,6
PC000069;Loja Centro;08/11/2026;3;19,0;3111,66;🟡 Planejado;C;Fornecedor Delta;34,0;10,6
PC000069;Loja Centro;01/12/2026;4;20,0;3269,14;🟡 Planejado;C;Fornecedor Delta;33,0;11,2
PC000069;Loja Centro;04/01/2027;5;17,0;2788,78;🟡 Planejado;C;Fornecedor Delta;38,0;9,5
PC000069;Loja Centro;28/01/2027;6;17,0;2864,9;🟡 Planejado;C;Fornecedor Delta;37,0;9,9
PC000118;Loja Centro;17/08/2026;1;6,0;2430,58;🚨 Urgente (até 7 dias);C;Fornecedor Gamma;104,0;3,5
PC000118;Loja Centro;11/09/2026;1;6,0;2371,74;🔴 Prioritário (até 30 dias);C;Fornecedor Gamma;104,0;3,5
PC000118;Loja Centro;04/10/2026;2;6,0;2514,47;🟡 Planejado;C;Fornecedor Gamma;100,0;3,7
PC000118;Loja Centro;29/10/2026;3;6,0;2565,18;🟡 Planejado;C;Fornecedor Gamma;99,0;3,7
PC000118;Loja Centro;23/11/2026;4;6,0;2531,24;🟡 Planejado;C;Fornecedor Gamma;98,0;3,7
PC000118;Loja Centro;18/12/2026;5;6,0;2523,1;🟡 Planejado;C;Fornecedor Gamma;98,0;3,7
PC000118;Loja Centro;12/01/2027;6;6,0;2521,18;🟡 Planejado;C;Fornecedor Gamma;98,0;3,7
PC000118;Loja Centro;06/02/2027;6;6,0;2520,39;🟡 Planejado;C;Fornecedor Gamma;98,0;3,7
PC000129;Loja Centro;17/10/2026;3;20,0;3438,35;🟡 Planejado;C;Fornecedor Delta;31,0;11,6
PC000129;Loja Centro;12/11/2026;4;24,0;4100,42;🟡 Planejado;C;Fornecedor Delta;29,0;12,4
PC000129;Loja Centro;08/12/2026;4;22,0;3819,38;🟡 Planejado;C;Fornecedor Delta;29,0;12,4
PC000129;Loja Centro;20/01/2027;6;16,0;2828,6;🟡 Planejado;C;Fornecedor Delta;38,0;9,5
PC000702;Loja Centro;20/11/2026;4;18,0;3629,72;🟡 Planejado;C;Fornecedor Gamma;35,0;10,3
PC000702;Loja Centro;30/12/2026;5;13,0;2593,19;🟡 Planejado;C;Fornecedor Gamma;50,0;7,3
PC000702;Loja Centro;24/01/2027;6;13,0;2646,87;🟡 Planejado;C;Fornecedor Gamma;49,0;7,5
PC000673;Loja Centro;01/12/2026;4;10,0;3833,81;🟡 Planejado;C;Fornecedor Gamma;65,0;5,6
PC000673;Loja Centro;16/01/2027;6;6,0;2540,09;🟡 Planejado;C;Fornecedor Gamma;98,0;3,7
PC000705;Loja Centro;19/09/2026;2;10,0;2026,73;🟡 Planejado;C;Fornecedor Alfa;65,0;5,6
PC000705;Loja Centro;13/10/2026;3;16,0;3247,33;🟡 Planejado;C;Fornecedor Alfa;49,0;7,4
PC000705;Loja Centro;07/11/2026;3;13,0;2563,68;🟡 Planejado;C;Fornecedor Alfa;49,0;7,4
PC000705;Loja Centro;22/11/2026;4;16,0;3320,15;🟡 Planejado;C;Fornecedor Alfa;39,0;9,4
PC000705;Loja Centro;27/12/2026;5;13,0;2552,7;🟡 Planejado;C;Fornecedor Alfa;50,0;7,3
PC000705;Loja Centro;26/01/2027;6;11,0;2285,86;🟡 Planejado;C;Fornecedor Alfa;56,0;6,6
PC000401;Loja Centro;14/08/2026;1;55,0;4520,6;🚨 Urgente (até 7 dias);C;Fornecedor Beta;19,0;19,4
PC000401;Loja Centro;09/09/2026;1;34,0;2820,71;🔴 Prioritário (até 30 dias);C;Fornecedor Beta;19,0;19,4
PC000401;Loja Centro;09/10/2026;2;31,0;2532,32;🟡 Planejado;C;Fornecedor Beta;21,0;17,8
PC000401;Loja Centro;20/10/2026;3;43,0;3558,56;🟡 Planejado;C;Fornecedor Beta;15,0;24,8
PC000401;Loja Centro;12/11/2026;4;72,0;5859,27;🟡 Planejado;C;Fornecedor Beta;11,0;33,3
PC000401;Loja Centro;08/12/2026;4;59,0;4846,38;🟡 Planejado;C;Fornecedor Beta;11,0;33,3
PC000401;Loja Centro;30/01/2027;6;42,0;3421,78;🟡 Planejado;C;Fornecedor Beta;15,0;23,7
PC000946;Loja Centro;15/11/2026;4;9,0;2116,3;🟡 Planejado;C;Fornecedor Beta;71,0;5,2
PC000946;Loja Centro;11/12/2026;4;9,0;2178,18;🟡 Planejado;C;Fornecedor Beta;71,0;5,2
PC000946;Loja Centro;06/01/2027;5;9,0;2175,34;🟡 Planejado;C;Fornecedor Beta;71,0;5,2
PC000946;Loja Centro;01/02/2027;6;9,0;2176,27;🟡 Planejado;C;Fornecedor Beta;71,0;5,2
PC000751;Loja Centro;14/08/2026;1;37,0;8985,34;🚨 Urgente (até 7 dias);C;Fornecedor Gamma;23,0;15,6
PC000751;Loja Centro;09/09/2026;1;28,0;6783,85;🔴 Prioritário (até 30 dias);C;Fornecedor Gamma;23,0;15,6
PC000751;Loja Centro;05/10/2026;2;28,0;6783,85;🟡 Planejado;C;Fornecedor Gamma;23,0;15,6
PC000751;Loja Centro;31/10/2026;3;28,0;6783,85;🟡 Planejado;C;Fornecedor Gamma;23,0;15,6
PC000751;Loja Centro;26/11/2026;4;28,0;6783,85;🟡 Planejado;C;Fornecedor Gamma;23,0;15,6
PC000751;Loja Centro;22/12/2026;5;28,0;6783,85;🟡 Planejado;C;Fornecedor Gamma;23,0;15,6
PC000751;Loja Centro;17/01/2027;6;28,0;6783,85;🟡 Planejado;C;Fornecedor Gamma;23,0;15,6
PC000437;Loja Centro;25/09/2026;2;17,0;2500,51;🟡 Planejado;C;Fornecedor Gamma;37,0;9,8
PC000437;Loja Centro;17/10/2026;3;19,0;2803,51;🟡 Planejado;C;Fornecedor Gamma;33,0;11,0
PC000437;Loja Centro;11/11/2026;3;19,0;2706,96;🟡 Planejado;C;Fornecedor Gamma;33,0;11,0
PC000437;Loja Centro;03/12/2026;4;21,0;2985,09;🟡 Planejado;C;Fornecedor Gamma;31,0;11,8
PC000437;Loja Centro;04/01/2027;5;18,0;2551,26;🟡 Planejado;C;Fornecedor Gamma;36,0;10,3
PC000437;Loja Centro;29/01/2027;6;19,0;2683,95;🟡 Planejado;C;Fornecedor Gamma;35,0;10,5
PC000851;Loja Centro;11/09/2026;1;13,0;1761,08;🔴 Prioritário (até 30 dias);C;Fornecedor Alfa;49,0;7,5
PC000851;Loja Centro;04/10/2026;2;13,0;1790,84;🟡 Planejado;C;Fornecedor Alfa;47,0;7,8
PC000851;Loja Centro;20/10/2026;3;17,0;2319,15;🟡 Planejado;C;Fornecedor Alfa;37,0;9,8
PC000851;Loja Centro;12/11/2026;4;25,0;3313,43;🟡 Planejado;C;Fornecedor Alfa;30,0;12,2
PC000851;Loja Centro;08/12/2026;4;22,0;2920,97;🟡 Planejado;C;Fornecedor Alfa;30,0;12,2
PC000851;Loja Centro;28/01/2027;6;14,0;1944,12;🟡 Planejado;C;Fornecedor Alfa;44,0;8,3
PC000695;Loja Centro;07/11/2026;3;13,0;2227,57;🟡 Planejado;C;Fornecedor Beta;48,0;7,5
PC000695;Loja Centro;02/12/2026;4;13,0;2220,94;🟡 Planejado;C;Fornecedor Beta;48,0;7,6
PC000695;Loja Centro;27/12/2026;5;13,0;2213,56;🟡 Planejado;C;Fornecedor Beta;48,0;7,6
PC000695;Loja Centro;21/01/2027;6;13,0;2211,71;🟡 Planejado;C;Fornecedor Beta;48,0;7,6
PC000669;Loja Centro;14/08/2026;1;35,0;2106,28;🚨 Urgente (até 7 dias);C;Fornecedor Beta;22,0;16,5
PC000669;Loja Centro;09/09/2026;1;29,0;1750,5;🔴 Prioritário (até 30 dias);C;Fornecedor Beta;22,0;16,5
PC000669;Loja Centro;03/10/2026;2;29,0;1738,3;🟡 Planejado;C;Fornecedor Beta;22,0;16,9
PC000669;Loja Centro;18/10/2026;3;38,0;2280,28;🟡 Planejado;C;Fornecedor Beta;17,0;22,0
PC000669;Loja Centro;12/11/2026;4;57,0;3415,43;🟡 Planejado;C;Fornecedor Beta;13,0;27,1
PC000669;Loja Centro;07/12/2026;4;46,0;2761,53;🟡 Planejado;C;Fornecedor Beta;13,0;27,1
PC000669;Loja Centro;21/01/2027;6;37,0;2178,32;🟡 Planejado;C;Fornecedor Beta;18,0;20,6
PC000945;Loja Centro;22/01/2027;6;6,0;2027,0;🟡 Planejado;C;Fornecedor Alfa;110,0;3,3
PC000434;Loja Centro;13/09/2026;2;8,0;2288,55;🟡 Planejado;C;Fornecedor Alfa;92,0;4,0
PC000434;Loja Centro;08/10/2026;2;7,0;2052,15;🟡 Planejado;C;Fornecedor Alfa;92,0;4,0
PC000434;Loja Centro;25/10/2026;3;9,0;2578,93;🟡 Planejado;C;Fornecedor Alfa;76,0;4,8
PC000434;Loja Centro;14/11/2026;4;10,0;2952,99;🟡 Planejado;C;Fornecedor Alfa;65,0;5,6
PC000434;Loja Centro;09/12/2026;4;10,0;2902,42;🟡 Planejado;C;Fornecedor Alfa;65,0;5,6
PC000434;Loja Centro;23/01/2027;6;7,0;2168,37;🟡 Planejado;C;Fornecedor Alfa;89,0;4,1
PC000355;Loja Centro;06/09/2026;1;11,0;2411,46;🔴 Prioritário (até 30 dias);C;Fornecedor Gamma;58,0;6,2
PC000355;Loja Centro;30/09/2026;2;11,0;2489,3;🟡 Planejado;C;Fornecedor Gamma;57,0;6,4
PC000355;Loja Centro;25/10/2026;3;11,0;2534,78;🟡 Planejado;C;Fornecedor Gamma;56,0;6,5
PC000355;Loja Centro;19/11/2026;4;11,0;2516,39;🟡 Planejado;C;Fornecedor Gamma;56,0;6,5
PC000355;Loja Centro;14/12/2026;5;11,0;2509,83;🟡 Planejado;C;Fornecedor Gamma;56,0;6,6
PC000355;Loja Centro;09/01/2027;5;12,0;2602,6;🟡 Planejado;C;Fornecedor Gamma;56,0;6,6
PC000355;Loja Centro;03/02/2027;6;11,0;2510,14;🟡 Planejado;C;Fornecedor Gamma;56,0;6,6
PC000953;Loja Centro;27/11/2026;4;11,0;2879,83;🟡 Planejado;C;Fornecedor Alfa;61,0;6,0
PC000953;Loja Centro;05/01/2027;5;8,0;2088,16;🟡 Planejado;C;Fornecedor Alfa;82,0;4,5
PC000953;Loja Centro;02/02/2027;6;7,0;2019,96;🟡 Planejado;C;Fornecedor Alfa;86,0;4,3
PC000771;Loja Centro;23/09/2026;2;12,0;2631,17;🟡 Planejado;C;Fornecedor Delta;51,0;7,2
PC000771;Loja Centro;18/10/2026;3;12,0;2619,23;🟡 Planejado;C;Fornecedor Delta;50,0;7,2
PC000771;Loja Centro;12/11/2026;4;12,0;2616,97;🟡 Planejado;C;Fornecedor Delta;50,0;7,2
PC000771;Loja Centro;07/12/2026;4;12,0;2615,91;🟡 Planejado;C;Fornecedor Delta;50,0;7,2
PC000771;Loja Centro;01/01/2027;5;12,0;2616,68;🟡 Planejado;C;Fornecedor Delta;50,0;7,2
PC000771;Loja Centro;26/01/2027;6;12,0;2616,39;🟡 Planejado;C;Fornecedor Delta;50,0;7,2
PC000461;Loja Centro;12/11/2026;4;23,0;4163,27;🟡 Planejado;C;Fornecedor Beta;35,0;10,5
PC000461;Loja Centro;08/12/2026;4;19,0;3420,0;🟡 Planejado;C;Fornecedor Beta;35,0;10,5
PC000461;Loja Centro;27/01/2027;6;13,0;2338,22;🟡 Planejado;C;Fornecedor Beta;50,0;7,3
PC000604;Loja Centro;28/09/2026;2;12,0;1946,47;🟡 Planejado;C;Fornecedor Delta;54,0;6,7
PC000604;Loja Centro;14/10/2026;3;15,0;2536,27;🟡 Planejado;C;Fornecedor Delta;42,0;8,8
PC000604;Loja Centro;09/11/2026;3;16,0;2579,8;🟡 Planejado;C;Fornecedor Delta;42,0;8,8
PC000604;Loja Centro;24/11/2026;4;19,0;3087,27;🟡 Planejado;C;Fornecedor Delta;34,0;10,9
PC000604;Loja Centro;11/01/2027;6;16,0;2652,12;🟡 Planejado;C;Fornecedor Delta;46,0;7,9
PC000604;Loja Centro;05/02/2027;6;14,0;2240,75;🟡 Planejado;C;Fornecedor Delta;46,0;7,9
PC000847;Loja Centro;14/08/2026;1;50,0;3112,11;🚨 Urgente (até 7 dias);C;Fornecedor Gamma;23,0;15,8
PC000847;Loja Centro;08/09/2026;1;27,0;1664,78;🔴 Prioritário (até 30 dias);C;Fornecedor Gamma;23,0;15,8
PC000847;Loja Centro;02/10/2026;2;28,0;1758,37;🟡 Planejado;C;Fornecedor Gamma;22,0;16,3
PC000847;Loja Centro;27/10/2026;3;29,0;1764,14;🟡 Planejado;C;Fornecedor Gamma;22,0;16,4
PC000847;Loja Centro;21/11/2026;4;28,0;1747,7;🟡 Planejado;C;Fornecedor Gamma;22,0;16,5
PC000847;Loja Centro;16/12/2026;5;28,0;1743,36;🟡 Planejado;C;Fornecedor Gamma;22,0;16,5
PC000847;Loja Centro;10/01/2027;5;28,0;1741,19;🟡 Planejado;C;Fornecedor Gamma;22,0;16,5
PC000847;Loja Centro;04/02/2027;6;28,0;1742,71;🟡 Planejado;C;Fornecedor Gamma;22,0;16,5
PC000473;Loja Centro;16/10/2026;3;19,0;7506,17;🟡 Planejado;C;Fornecedor Alfa;34,0;10,8
PC000473;Loja Centro;11/11/2026;3;19,0;7614,48;🟡 Planejado;C;Fornecedor Alfa;34,0;10,8
PC000473;Loja Centro;07/12/2026;4;19,0;7614,48;🟡 Planejado;C;Fornecedor Alfa;34,0;10,8
PC000473;Loja Centro;02/01/2027;5;19,0;7614,48;🟡 Planejado;C;Fornecedor Alfa;34,0;10,8
PC000473;Loja Centro;28/01/2027;6;19,0;7614,48;🟡 Planejado;C;Fornecedor Alfa;34,0;10,8
PC000810;Loja Centro;30/08/2026;1;30,0;1540,45;🔴 Prioritário (até 30 dias);C;Fornecedor Delta;22,0;16,8
PC000810;Loja Centro;21/09/2026;2;32,0;1661,24;🟡 Planejado;C;Fornecedor Delta;20,0;18,4
PC000810;Loja Centro;13/10/2026;3;58,0;2999,52;🟡 Planejado;C;Fornecedor Delta;14,0;26,4
PC000810;Loja Centro;08/11/2026;3;47,0;2416,67;🟡 Planejado;C;Fornecedor Delta;14,0;26,4
PC000810;Loja Centro;23/11/2026;4;57,0;2913,69;🟡 Planejado;C;Fornecedor Delta;11,0;32,8
PC000810;Loja Centro;09/01/2027;5;36,0;1829,88;🟡 Planejado;C;Fornecedor Delta;18,0;20,6
PC000810;Loja Centro;01/02/2027;6;38,0;1957,7;🟡 Planejado;C;Fornecedor Delta;17,0;21,7
PC000996;Loja Centro;15/10/2026;3;7,0;2197,84;🟡 Planejado;C;Fornecedor Alfa;85,0;4,3
PC000996;Loja Centro;10/11/2026;3;8,0;2281,85;🟡 Planejado;C;Fornecedor Alfa;85,0;4,3
PC000996;Loja Centro;05/12/2026;4;7,0;2214,36;🟡 Planejado;C;Fornecedor Alfa;85,0;4,3
PC000996;Loja Centro;30/12/2026;5;7,0;2207,34;🟡 Planejado;C;Fornecedor Alfa;85,0;4,3
PC000996;Loja Centro;24/01/2027;6;7,0;2205,11;🟡 Planejado;C;Fornecedor Alfa;85,0;4,3
PC000182;Loja Centro;30/08/2026;1;11,0;1696,18;🔴 Prioritário (até 30 dias);C;Fornecedor Alfa;59,0;6,2
PC000182;Loja Centro;27/09/2026;2;10,0;1592,3;🟡 Planejado;C;Fornecedor Alfa;63,0;5,8
PC000182;Loja Centro;13/10/2026;3;18,0;2785,13;🟡 Planejado;C;Fornecedor Alfa;42,0;8,7
PC000182;Loja Centro;08/11/2026;3;16,0;2470,53;🟡 Planejado;C;Fornecedor Alfa;42,0;8,7
PC000182;Loja Centro;28/11/2026;4;18,0;2792,33;🟡 Planejado;C;Fornecedor Alfa;37,0;9,9
PC000182;Loja Centro;10/01/2027;5;12,0;1883,09;🟡 Planejado;C;Fornecedor Alfa;53,0;6,9
PC000182;Loja Centro;31/01/2027;6;13,0;2123,84;🟡 Planejado;C;Fornecedor Alfa;48,0;7,6
PC000889;Loja Centro;18/08/2026;1;6,0;2011,83;🚨 Urgente (até 7 dias);C;Fornecedor Gamma;106,0;3,4
PC000889;Loja Centro;13/09/2026;2;8,0;2627,41;🟡 Planejado;C;Fornecedor Gamma;93,0;3,9
PC000889;Loja Centro;08/10/2026;2;7,0;2209,7;🟡 Planejado;C;Fornecedor Gamma;93,0;3,9
PC000889;Loja Centro;27/10/2026;3;8,0;2602,29;🟡 Planejado;C;Fornecedor Gamma;81,0;4,5
PC000889;Loja Centro;13/11/2026;4;10,0;3237,82;🟡 Planejado;C;Fornecedor Gamma;64,0;5,7
PC000889;Loja Centro;09/12/2026;4;10,0;3330,15;🟡 Planejado;C;Fornecedor Gamma;64,0;5,7
PC000889;Loja Centro;29/01/2027;6;7,0;2221,86;🟡 Planejado;C;Fornecedor Gamma;96,0;3,8
PC000515;Loja Centro;02/11/2026;3;23,0;2146,84;🟡 Planejado;C;Fornecedor Gamma;28,0;12,9
PC000515;Loja Centro;18/11/2026;4;29,0;2756,07;🟡 Planejado;C;Fornecedor Gamma;22,0;16,4
PC000515;Loja Centro;03/01/2027;5;17,0;1612,51;🟡 Planejado;C;Fornecedor Gamma;37,0;9,9
PC000515;Loja Centro;25/01/2027;6;18,0;1746,61;🟡 Planejado;C;Fornecedor Gamma;34,0;10,7
PC000255;Loja Centro;13/10/2026;3;9,0;2807,02;🟡 Planejado;C;Fornecedor Delta;78,0;4,7
PC000255;Loja Centro;08/11/2026;3;8,0;2598,36;🟡 Planejado;C;Fornecedor Delta;78,0;4,7
PC000255;Loja Centro;26/11/2026;4;10,0;2968,86;🟡 Planejado;C;Fornecedor Delta;67,0;5,5
PC000255;Loja Centro;11/01/2027;6;8,0;2606,06;🟡 Planejado;C;Fornecedor Delta;86,0;4,3
PC000255;Loja Centro;05/02/2027;6;7,0;2265,85;🟡 Planejado;C;Fornecedor Delta;86,0;4,3
PC000430;Loja Centro;09/01/2027;5;4,0;1627,37;🟡 Planejado;C;Fornecedor Alfa;152,0;2,4
PC000978;Loja Centro;21/10/2026;3;11,0;2089,6;🟡 Planejado;C;Fornecedor Gamma;60,0;6,1
PC000978;Loja Centro;15/11/2026;4;10,0;2057,24;🟡 Planejado;C;Fornecedor Gamma;60,0;6,1
PC000978;Loja Centro;10/12/2026;4;10,0;2057,24;🟡 Planejado;C;Fornecedor Gamma;60,0;6,1
PC000978;Loja Centro;04/01/2027;5;10,0;2057,24;🟡 Planejado;C;Fornecedor Gamma;60,0;6,1
PC000978;Loja Centro;29/01/2027;6;10,0;2057,24;🟡 Planejado;C;Fornecedor Gamma;60,0;6,1
PC000431;Loja Centro;14/08/2026;1;11,0;2395,49;🚨 Urgente (até 7 dias);C;Fornecedor Gamma;91,0;4,0
PC000431;Loja Centro;08/09/2026;1;7,0;1442,63;🔴 Prioritário (até 30 dias);C;Fornecedor Gamma;91,0;4,0
PC000431;Loja Centro;07/10/2026;2;7,0;1411,82;🟡 Planejado;C;Fornecedor Gamma;96,0;3,8
PC000431;Loja Centro;21/10/2026;3;8,0;1770,51;🟡 Planejado;C;Fornecedor Gamma;74,0;4,9
PC000431;Loja Centro;12/11/2026;4;14,0;2944,97;🟡 Planejado;C;Fornecedor Gamma;55,0;6,7
PC000431;Loja Centro;08/12/2026;4;12,0;2475,33;🟡 Planejado;C;Fornecedor Gamma;55,0;6,7
PC000431;Loja Centro;31/01/2027;6;7,0;1559,16;🟡 Planejado;C;Fornecedor Gamma;86,0;4,3
PC000245;Loja Centro;16/10/2026;3;6,0;2182,37;🟡 Planejado;C;Fornecedor Delta;99,0;3,7
PC000245;Loja Centro;11/11/2026;3;7,0;2258,74;🟡 Planejado;C;Fornecedor Delta;99,0;3,7
PC000245;Loja Centro;28/11/2026;4;8,0;2680,67;🟡 Planejado;C;Fornecedor Delta;83,0;4,4
PC000245;Loja Centro;24/01/2027;6;4,0;1546,05;🟡 Planejado;C;Fornecedor Delta;144,0;2,5
PC000206;Loja Centro;01/02/2027;6;7,0;2496,56;🟡 Planejado;D;Fornecedor Delta;175,0;2,1
PC000984;Loja Centro;13/10/2026;3;16,0;3489,05;🟡 Planejado;D;Fornecedor Beta;93,0;3,9
PC000984;Loja Centro;12/11/2026;4;15,0;3378,99;🟡 Planejado;D;Fornecedor Beta;82,0;4,5
PC000984;Loja Centro;06/01/2027;5;11,0;2363,83;🟡 Planejado;D;Fornecedor Beta;117,0;3,1
PC000529;Loja Centro;14/08/2026;1;67,0;24260,52;🚨 Urgente (até 7 dias);D;Fornecedor Delta;23,0;15,8
PC000529;Loja Centro;19/09/2026;2;54,0;19743,94;🟡 Planejado;D;Fornecedor Delta;23,0;15,8
PC000529;Loja Centro;25/10/2026;3;54,0;19743,94;🟡 Planejado;D;Fornecedor Delta;23,0;15,8
PC000529;Loja Centro;30/11/2026;4;54,0;19743,94;🟡 Planejado;D;Fornecedor Delta;23,0;15,8
PC000529;Loja Centro;05/01/2027;5;54,0;19743,94;🟡 Planejado;D;Fornecedor Delta;23,0;15,8
PC000876;Loja Centro;14/09/2026;2;10,0;2464,16;🟡 Planejado;D;Fornecedor Beta;125,0;2,9
PC000876;Loja Centro;19/10/2026;3;10,0;2459,35;🟡 Planejado;D;Fornecedor Beta;124,0;2,9
PC000876;Loja Centro;23/11/2026;4;10,0;2454,07;🟡 Planejado;D;Fornecedor Beta;124,0;2,9
PC000876;Loja Centro;28/12/2026;5;10,0;2451,94;🟡 Planejado;D;Fornecedor Beta;124,0;2,9
PC000876;Loja Centro;01/02/2027;6;10,0;2451,13;🟡 Planejado;D;Fornecedor Beta;124,0;2,9
PC000564;Loja Centro;31/08/2026;1;13,0;1729,62;🔴 Prioritário (até 30 dias);D;Fornecedor Alfa;92,0;4,0
PC000564;Loja Centro;07/10/2026;2;13,0;1693,0;🟡 Planejado;D;Fornecedor Alfa;95,0;3,9
PC000564;Loja Centro;24/10/2026;3;18,0;2322,5;🟡 Planejado;D;Fornecedor Alfa;69,0;5,3
PC000564;Loja Centro;17/11/2026;4;22,0;2839,11;🟡 Planejado;D;Fornecedor Alfa;56,0;6,5
PC000564;Loja Centro;14/01/2027;6;16,0;2110,85;🟡 Planejado;D;Fornecedor Alfa;76,0;4,8
PC000333;Loja Centro;31/10/2026;3;24,0;2626,11;🟡 Planejado;D;Fornecedor Gamma;51,0;7,2
PC000333;Loja Centro;21/11/2026;4;31,0;3383,61;🟡 Planejado;D;Fornecedor Gamma;40,0;9,2
PC000333;Loja Centro;05/02/2027;6;18,0;1938,63;🟡 Planejado;D;Fornecedor Gamma;71,0;5,2
PC000611;Loja Centro;14/08/2026;1;28,0;11018,67;🚨 Urgente (até 7 dias);D;Fornecedor Alfa;59,0;6,1
PC000611;Loja Centro;18/09/2026;2;21,0;8182,4;🟡 Planejado;D;Fornecedor Alfa;59,0;6,1
PC000611;Loja Centro;23/10/2026;3;21,0;8182,4;🟡 Planejado;D;Fornecedor Alfa;59,0;6,1
PC000611;Loja Centro;27/11/2026;4;21,0;8182,4;🟡 Planejado;D;Fornecedor Alfa;59,0;6,1
PC000611;Loja Centro;01/01/2027;5;21,0;8182,4;🟡 Planejado;D;Fornecedor Alfa;59,0;6,1
PC000611;Loja Centro;05/02/2027;6;21,0;8182,4;🟡 Planejado;D;Fornecedor Alfa;59,0;6,1
PC000813;Loja Centro;11/09/2026;1;15,0;1915,74;🔴 Prioritário (até 30 dias);D;Fornecedor Beta;80,0;4,5
PC000813;Loja Centro;09/10/2026;2;17,0;2147,81;🟡 Planejado;D;Fornecedor Beta;72,0;5,1
PC000813;Loja Centro;01/11/2026;3;21,0;2626,4;🟡 Planejado;D;Fornecedor Beta;60,0;6,1
PC000813;Loja Centro;26/11/2026;4;25,0;3114,36;🟡 Planejado;D;Fornecedor Beta;50,0;7,3
PC000813;Loja Centro;25/01/2027;6;18,0;2213,39;🟡 Planejado;D;Fornecedor Beta;70,0;5,2
PC000149;Loja Centro;02/11/2026;3;6,0;2263,87;🟡 Planejado;D;Fornecedor Beta;211,0;1,7
PC000149;Loja Centro;07/12/2026;4;6,0;2230,84;🟡 Planejado;D;Fornecedor Beta;211,0;1,7
PC000149;Loja Centro;12/01/2027;6;6,0;2294,56;🟡 Planejado;D;Fornecedor Beta;211,0;1,7
PC000603;Loja Centro;25/12/2026;5;17,0;1805,34;🟡 Planejado;D;Fornecedor Alfa;74,0;4,9
PC000603;Loja Centro;29/01/2027;6;17,0;1793,17;🟡 Planejado;D;Fornecedor Alfa;74,0;4,9
PC000562;Loja Centro;13/10/2026;3;27,0;3045,07;🟡 Planejado;D;Fornecedor Beta;54,0;6,8
PC000562;Loja Centro;12/11/2026;4;32,0;3648,16;🟡 Planejado;D;Fornecedor Beta;43,0;8,6
PC000562;Loja Centro;15/01/2027;6;18,0;2075,3;🟡 Planejado;D;Fornecedor Beta;67,0;5,5
PC000699;Loja Centro;06/01/2027;5;5,0;2277,91;🟡 Planejado;D;Fornecedor Beta;236,0;1,5
PC000072;Loja Centro;07/09/2026;1;14,0;1597,66;🔴 Prioritário (até 30 dias);D;Fornecedor Alfa;87,0;4,2
PC000072;Loja Centro;13/10/2026;3;29,0;3270,18;🟡 Planejado;D;Fornecedor Alfa;58,0;6,3
PC000072;Loja Centro;12/11/2026;4;25,0;2767,31;🟡 Planejado;D;Fornecedor Alfa;51,0;7,2
PC000072;Loja Centro;05/01/2027;5;17,0;1937,51;🟡 Planejado;D;Fornecedor Alfa;71,0;5,1
PC000072;Loja Centro;07/02/2027;6;19,0;2060,0;🟡 Planejado;D;Fornecedor Alfa;68,0;5,4
PC000165;Loja Centro;11/09/2026;1;25,0;1938,86;🔴 Prioritário (até 30 dias);D;Fornecedor Beta;50,0;7,3
PC000165;Loja Centro;15/10/2026;3;25,0;1963,13;🟡 Planejado;D;Fornecedor Beta;49,0;7,4
PC000165;Loja Centro;19/11/2026;4;25,0;1964,69;🟡 Planejado;D;Fornecedor Beta;49,0;7,4
PC000165;Loja Centro;24/12/2026;5;25,0;1963,44;🟡 Planejado;D;Fornecedor Beta;49,0;7,4
PC000165;Loja Centro;28/01/2027;6;25,0;1963,03;🟡 Planejado;D;Fornecedor Beta;49,0;7,4
PC000723;Loja Centro;08/09/2026;1;15,0;2121,34;🔴 Prioritário (até 30 dias);D;Fornecedor Beta;84,0;4,3
PC000723;Loja Centro;13/10/2026;3;18,0;2591,2;🟡 Planejado;D;Fornecedor Beta;74,0;4,9
PC000723;Loja Centro;12/11/2026;4;21,0;2982,27;🟡 Planejado;D;Fornecedor Beta;62,0;5,9
PC000723;Loja Centro;06/01/2027;5;14,0;1977,87;🟡 Planejado;D;Fornecedor Beta;89,0;4,1
PC000723;Loja Centro;31/01/2027;6;16,0;2291,73;🟡 Planejado;D;Fornecedor Beta;76,0;4,8
PC000153;Loja Centro;06/12/2026;4;6,0;2054,79;🟡 Planejado;D;Fornecedor Gamma;192,0;1,9
PC000153;Loja Centro;10/01/2027;5;6,0;2025,14;🟡 Planejado;D;Fornecedor Gamma;192,0;1,9
PC000005;Loja Centro;20/08/2026;1;5,0;1958,28;🚨 Urgente (até 7 dias);D;Fornecedor Delta;232,0;1,6
PC000005;Loja Centro;23/09/2026;2;6,0;2025,78;🟡 Planejado;D;Fornecedor Delta;225,0;1,6
PC000005;Loja Centro;28/10/2026;3;6,0;2035,07;🟡 Planejado;D;Fornecedor Delta;223,0;1,6
PC000005;Loja Centro;02/12/2026;4;6,0;2020,28;🟡 Planejado;D;Fornecedor Delta;222,0;1,6
PC000005;Loja Centro;06/01/2027;5;6,0;2015,57;🟡 Planejado;D;Fornecedor Delta;222,0;1,6
PC000112;Loja Centro;28/10/2026;3;20,0;2104,74;🟡 Planejado;D;Fornecedor Beta;62,0;5,8
PC000112;Loja Centro;28/11/2026;4;22,0;2312,87;🟡 Planejado;D;Fornecedor Beta;58,0;6,3
PC000112;Loja Centro;28/01/2027;6;15,0;1636,04;🟡 Planejado;D;Fornecedor Beta;82,0;4,4
PC000975;Loja Centro;07/09/2026;1;11,0;1586,91;🔴 Prioritário (até 30 dias);D;Fornecedor Delta;108,0;3,4
PC000975;Loja Centro;13/10/2026;3;21,0;2888,79;🟡 Planejado;D;Fornecedor Delta;79,0;4,6
PC000975;Loja Centro;14/11/2026;4;17,0;2349,88;🟡 Planejado;D;Fornecedor Delta;73,0;5,0
PC000975;Loja Centro;07/01/2027;5;12,0;1702,55;🟡 Planejado;D;Fornecedor Delta;102,0;3,6
PC000765;Loja Centro;13/09/2026;2;20,0;1449,51;🟡 Planejado;D;Fornecedor Gamma;64,0;5,7
PC000765;Loja Centro;19/10/2026;3;20,0;1465,11;🟡 Planejado;D;Fornecedor Gamma;64,0;5,7
PC000765;Loja Centro;24/11/2026;4;20,0;1466,76;🟡 Planejado;D;Fornecedor Gamma;64,0;5,7
PC000765;Loja Centro;30/12/2026;5;20,0;1467,45;🟡 Planejado;D;Fornecedor Gamma;64,0;5,7
PC000765;Loja Centro;04/02/2027;6;20,0;1467,74;🟡 Planejado;D;Fornecedor Gamma;64,0;5,7
PC000319;Loja Centro;13/10/2026;3;46,0;2038,69;🟡 Planejado;D;Fornecedor Beta;28,0;12,9
PC000319;Loja Centro;12/11/2026;4;69,0;3062,08;🟡 Planejado;D;Fornecedor Beta;21,0;17,3
PC000319;Loja Centro;04/01/2027;5;43,0;1886,0;🟡 Planejado;D;Fornecedor Beta;29,0;12,6
PC000459;Loja Centro;22/09/2026;2;14,0;1485,52;🟡 Planejado;D;Fornecedor Gamma;86,0;4,2
PC000459;Loja Centro;13/10/2026;3;22,0;2238,41;🟡 Planejado;D;Fornecedor Gamma;61,0;6,0
PC000459;Loja Centro;17/11/2026;4;21,0;2132,42;🟡 Planejado;D;Fornecedor Gamma;60,0;6,1
PC000459;Loja Centro;13/01/2027;6;15,0;1520,87;🟡 Planejado;D;Fornecedor Gamma;85,0;4,3
PC000375;Loja Centro;27/10/2026;3;19,0;2265,51;🟡 Planejado;D;Fornecedor Gamma;65,0;5,6
PC000375;Loja Centro;20/11/2026;4;24,0;2811,6;🟡 Planejado;D;Fornecedor Gamma;52,0;7,0
PC000375;Loja Centro;24/01/2027;6;16,0;1819,82;🟡 Planejado;D;Fornecedor Gamma;80,0;4,6
PC000381;Loja Centro;14/08/2026;1;19,0;1488,74;🚨 Urgente (até 7 dias);D;Fornecedor Beta;75,0;4,9
PC000381;Loja Centro;18/09/2026;2;17,0;1378,16;🟡 Planejado;D;Fornecedor Beta;73,0;5,0
PC000381;Loja Centro;13/10/2026;3;33,0;2643,31;🟡 Planejado;D;Fornecedor Beta;46,0;7,9
PC000381;Loja Centro;12/11/2026;4;34,0;2735,6;🟡 Planejado;D;Fornecedor Beta;39,0;9,4
PC000381;Loja Centro;12/01/2027;6;22,0;1782,49;🟡 Planejado;D;Fornecedor Beta;56,0;6,5
PC000209;Loja Centro;16/10/2026;3;14,0;1844,85;🟡 Planejado;D;Fornecedor Delta;86,0;4,2
PC000209;Loja Centro;12/11/2026;4;20,0;2625,45;🟡 Planejado;D;Fornecedor Delta;66,0;5,5
PC000209;Loja Centro;11/01/2027;6;13,0;1732,2;🟡 Planejado;D;Fornecedor Delta;93,0;3,9
PC000558;Loja Centro;05/09/2026;1;7,0;1418,57;🔴 Prioritário (até 30 dias);D;Fornecedor Beta;167,0;2,2
PC000558;Loja Centro;07/10/2026;2;8,0;1497,26;🟡 Planejado;D;Fornecedor Beta;158,0;2,3
PC000558;Loja Centro;02/11/2026;3;9,0;1755,13;🟡 Planejado;D;Fornecedor Beta;136,0;2,7
PC000558;Loja Centro;02/12/2026;4;10,0;1864,78;🟡 Planejado;D;Fornecedor Beta;125,0;2,9
PC000558;Loja Centro;21/01/2027;6;8,0;1572,71;🟡 Planejado;D;Fornecedor Beta;150,0;2,4
PC000318;Loja Centro;23/08/2026;1;23,0;7547,64;🔴 Prioritário (até 30 dias);D;Fornecedor Beta;54,0;6,7
PC000318;Loja Centro;27/09/2026;2;23,0;7474,01;🟡 Planejado;D;Fornecedor Beta;54,0;6,7
PC000318;Loja Centro;01/11/2026;3;23,0;7474,01;🟡 Planejado;D;Fornecedor Beta;54,0;6,7
PC000318;Loja Centro;06/12/2026;4;23,0;7474,01;🟡 Planejado;D;Fornecedor Beta;54,0;6,7
PC000318;Loja Centro;10/01/2027;5;23,0;7474,01;🟡 Planejado;D;Fornecedor Beta;54,0;6,7
PC000133;Loja Centro;14/08/2026;1;40,0;1751,73;🚨 Urgente (até 7 dias);D;Fornecedor Delta;40,0;9,2
PC000133;Loja Centro;18/09/2026;2;32,0;1406,31;🟡 Planejado;D;Fornecedor Delta;39,0;9,4
PC000133;Loja Centro;13/10/2026;3;44,0;1946,21;🟡 Planejado;D;Fornecedor Delta;30,0;12,4
PC000133;Loja Centro;12/11/2026;4;61,0;2655,6;🟡 Planejado;D;Fornecedor Delta;23,0;15,8
PC000133;Loja Centro;11/01/2027;6;37,0;1612,6;🟡 Planejado;D;Fornecedor Delta;34,0;10,6
PC000598;Loja Centro;05/11/2026;3;34,0;1472,31;🟡 Planejado;D;Fornecedor Alfa;36,0;10,1
PC000598;Loja Centro;30/11/2026;4;41,0;1751,1;🟡 Planejado;D;Fornecedor Alfa;31,0;11,9
PC000598;Loja Centro;24/01/2027;6;32,0;1366,09;🟡 Planejado;D;Fornecedor Alfa;39,0;9,4
PC000110;Loja Centro;16/09/2026;2;14,0;1055,57;🟡 Planejado;D;Fornecedor Alfa;90,0;4,0
PC000110;Loja Centro;13/10/2026;3;29,0;2220,14;🟡 Planejado;D;Fornecedor Alfa;55,0;6,6
PC000110;Loja Centro;12/11/2026;4;31,0;2325,05;🟡 Planejado;D;Fornecedor Alfa;45,0;8,2
PC000110;Loja Centro;17/01/2027;6;18,0;1379,84;🟡 Planejado;D;Fornecedor Alfa;68,0;5,4
PC000423;Loja Centro;14/08/2026;1;71,0;1875,7;🚨 Urgente (até 7 dias);D;Fornecedor Alfa;32,0;11,5
PC000423;Loja Centro;02/10/2026;2;30,0;794,2;🟡 Planejado;D;Fornecedor Alfa;41,0;8,9
PC000423;Loja Centro;18/10/2026;3;44,0;1160,22;🟡 Planejado;D;Fornecedor Alfa;29,0;12,8
PC000423;Loja Centro;12/11/2026;4;81,0;2129,39;🟡 Planejado;D;Fornecedor Alfa;19,0;19,7
PC000423;Loja Centro;08/01/2027;5;45,0;1187,12;🟡 Planejado;D;Fornecedor Alfa;27,0;13,3
PC000348;Loja Centro;05/09/2026;1;45,0;7747,65;🔴 Prioritário (até 30 dias);D;Fornecedor Delta;28,0;13,1
PC000348;Loja Centro;10/10/2026;2;44,0;7558,45;🟡 Planejado;D;Fornecedor Delta;28,0;13,1
PC000348;Loja Centro;14/11/2026;4;44,0;7558,45;🟡 Planejado;D;Fornecedor Delta;28,0;13,1
PC000348;Loja Centro;19/12/2026;5;44,0;7558,45;🟡 Planejado;D;Fornecedor Delta;28,0;13,1
PC000348;Loja Centro;23/01/2027;6;44,0;7558,45;🟡 Planejado;D;Fornecedor Delta;28,0;13,1
PC000961;Loja Centro;14/08/2026;1;25,0;1504,39;🚨 Urgente (até 7 dias);D;Fornecedor Delta;76,0;4,8
PC000961;Loja Centro;17/09/2026;2;17,0;1039,88;🟡 Planejado;D;Fornecedor Delta;73,0;5,0
PC000961;Loja Centro;22/10/2026;3;17,0;1047,68;🟡 Planejado;D;Fornecedor Delta;72,0;5,1
PC000961;Loja Centro;26/11/2026;4;17,0;1039,64;🟡 Planejado;D;Fornecedor Delta;72,0;5,1
PC000961;Loja Centro;31/12/2026;5;17,0;1036,47;🟡 Planejado;D;Fornecedor Delta;71,0;5,1
PC000961;Loja Centro;04/02/2027;6;17,0;1035,25;🟡 Planejado;D;Fornecedor Delta;71,0;5,1
PC000791;Loja Centro;08/11/2026;3;21,0;1585,24;🟡 Planejado;D;Fornecedor Alfa;59,0;6,2
PC000791;Loja Centro;09/12/2026;4;22,0;1650,02;🟡 Planejado;D;Fornecedor Alfa;55,0;6,6
PC000791;Loja Centro;09/02/2027;6;17,0;1266,97;🟡 Planejado;D;Fornecedor Alfa;73,0;5,0
PC000372;Loja Centro;14/08/2026;1;13,0;1183,86;🚨 Urgente (até 7 dias);D;Fornecedor Delta;93,0;3,9
PC000372;Loja Centro;22/09/2026;2;13,0;1107,45;🟡 Planejado;D;Fornecedor Delta;100,0;3,7
PC000372;Loja Centro;13/10/2026;3;18,0;1604,52;🟡 Planejado;D;Fornecedor Delta;71,0;5,1
PC000372;Loja Centro;13/11/2026;4;19,0;1693,14;🟡 Planejado;D;Fornecedor Delta;64,0;5,7
PC000372;Loja Centro;10/01/2027;5;13,0;1172,76;🟡 Planejado;D;Fornecedor Delta;94,0;3,9
PC000599;Loja Centro;14/08/2026;1;36,0;1638,14;🚨 Urgente (até 7 dias);E;Fornecedor Beta;79,0;4,6
PC000599;Loja Centro;05/10/2026;2;24,0;1105,91;🟡 Planejado;E;Fornecedor Beta;86,0;4,3
PC000599;Loja Centro;24/10/2026;3;34,0;1557,01;🟡 Planejado;E;Fornecedor Beta;61,0;6,0
PC000599;Loja Centro;29/11/2026;4;38,0;1759,66;🟡 Planejado;E;Fornecedor Beta;54,0;6,8
PC000599;Loja Centro;08/02/2027;6;29,0;1335,02;🟡 Planejado;E;Fornecedor Beta;70,0;5,2
PC000601;Loja Centro;15/10/2026;3;21,0;1967,73;🟡 Planejado;E;Fornecedor Alfa;97,0;3,8
PC000601;Loja Centro;22/11/2026;4;24,0;2229,01;🟡 Planejado;E;Fornecedor Alfa;86,0;4,2
PC000601;Loja Centro;08/02/2027;6;17,0;1583,51;🟡 Planejado;E;Fornecedor Alfa;121,0;3,0
PC000645;Loja Centro;14/08/2026;1;34,0;1588,94;🚨 Urgente (até 7 dias);E;Fornecedor Delta;92,0;4,0
PC000645;Loja Centro;29/09/2026;2;23,0;1069,01;🟡 Planejado;E;Fornecedor Delta;92,0;4,0
PC000645;Loja Centro;14/11/2026;4;23,0;1068,98;🟡 Planejado;E;Fornecedor Delta;92,0;4,0
PC000645;Loja Centro;30/12/2026;5;23,0;1069,0;🟡 Planejado;E;Fornecedor Delta;92,0;4,0
PC000822;Loja Centro;29/08/2026;1;19,0;1168,01;🔴 Prioritário (até 30 dias);E;Fornecedor Alfa;109,0;3,4
PC000822;Loja Centro;09/10/2026;2;20,0;1221,81;🟡 Planejado;E;Fornecedor Alfa;103,0;3,5
PC000822;Loja Centro;02/11/2026;3;25,0;1562,72;🟡 Planejado;E;Fornecedor Alfa;81,0;4,5
PC000822;Loja Centro;30/11/2026;4;31,0;1931,36;🟡 Planejado;E;Fornecedor Alfa;65,0;5,6
PC000958;Loja Centro;27/09/2026;2;28,0;5480,47;🟡 Planejado;E;Fornecedor Alfa;72,0;5,0
PC000958;Loja Centro;11/11/2026;3;28,0;5437,32;🟡 Planejado;E;Fornecedor Alfa;72,0;5,0
PC000958;Loja Centro;26/12/2026;5;28,0;5437,32;🟡 Planejado;E;Fornecedor Alfa;72,0;5,0
PC000958;Loja Centro;09/02/2027;6;28,0;5437,32;🟡 Planejado;E;Fornecedor Alfa;72,0;5,0
PC000292;Loja Centro;25/08/2026;1;20,0;1344,48;🔴 Prioritário (até 30 dias);E;Fornecedor Delta;103,0;3,6
PC000292;Loja Centro;08/10/2026;2;21,0;1371,44;🟡 Planejado;E;Fornecedor Delta;100,0;3,6
PC000292;Loja Centro;22/11/2026;4;21,0;1375,63;🟡 Planejado;E;Fornecedor Delta;100,0;3,7
PC000292;Loja Centro;06/01/2027;5;20,0;1357,85;🟡 Planejado;E;Fornecedor Delta;99,0;3,7
PC000441;Loja Centro;14/08/2026;1;31,0;13605,64;🚨 Urgente (até 7 dias);E;Fornecedor Beta;119,0;3,1
PC000441;Loja Centro;29/09/2026;2;17,0;7588,88;🟡 Planejado;E;Fornecedor Beta;119,0;3,1
PC000441;Loja Centro;14/11/2026;4;17,0;7588,88;🟡 Planejado;E;Fornecedor Beta;119,0;3,1
PC000441;Loja Centro;30/12/2026;5;17,0;7588,88;🟡 Planejado;E;Fornecedor Beta;119,0;3,1
PC000593;Loja Centro;03/12/2026;4;15,0;964,72;🟡 Planejado;E;Fornecedor Beta;138,0;2,6
PC000593;Loja Centro;17/01/2027;6;15,0;949,39;🟡 Planejado;E;Fornecedor Beta;138,0;2,6
PC000589;Loja Centro;23/08/2026;1;5,0;978,14;🔴 Prioritário (até 30 dias);E;Fornecedor Beta;414,0;0,9
PC000589;Loja Centro;13/10/2026;3;9,0;1684,88;🟡 Planejado;E;Fornecedor Beta;318,0;1,1
PC000589;Loja Centro;12/11/2026;4;10,0;1890,49;🟡 Planejado;E;Fornecedor Beta;232,0;1,6
PC000191;Loja Centro;14/08/2026;1;39,0;1489,84;🚨 Urgente (até 7 dias);E;Fornecedor Delta;96,0;3,8
PC000191;Loja Centro;28/09/2026;2;22,0;826,68;🟡 Planejado;E;Fornecedor Delta;94,0;3,9
PC000191;Loja Centro;24/10/2026;3;28,0;1060,27;🟡 Planejado;E;Fornecedor Delta;73,0;5,0
PC000191;Loja Centro;30/11/2026;4;32,0;1192,51;🟡 Planejado;E;Fornecedor Delta;65,0;5,6
PC000340;Loja Centro;14/08/2026;1;58,0;1251,57;🚨 Urgente (até 7 dias);E;Fornecedor Gamma;44,0;8,3
PC000340;Loja Centro;26/09/2026;2;49,0;1055,83;🟡 Planejado;E;Fornecedor Gamma;42,0;8,6
PC000340;Loja Centro;21/10/2026;3;65,0;1391,41;🟡 Planejado;E;Fornecedor Gamma;32,0;11,5
PC000340;Loja Centro;27/11/2026;4;71,0;1538,01;🟡 Planejado;E;Fornecedor Gamma;29,0;12,8
PC000340;Loja Centro;08/02/2027;6;54,0;1163,35;🟡 Planejado;E;Fornecedor Gamma;38,0;9,7
PC000100;Loja Centro;14/08/2026;1;77,0;12472,84;🚨 Urgente (até 7 dias);E;Fornecedor Beta;47,0;7,8
PC000100;Loja Centro;28/09/2026;2;44,0;7080,06;🟡 Planejado;E;Fornecedor Beta;47,0;7,8
PC000100;Loja Centro;12/11/2026;4;44,0;7080,06;🟡 Planejado;E;Fornecedor Beta;47,0;7,8
PC000100;Loja Centro;27/12/2026;5;44,0;7080,06;🟡 Planejado;E;Fornecedor Beta;47,0;7,8
PC000671;Loja Centro;22/08/2026;1;17,0;3070,14;🔴 Prioritário (até 30 dias);E;Fornecedor Beta;118,0;3,1
PC000671;Loja Centro;06/10/2026;2;17,0;3032,34;🟡 Planejado;E;Fornecedor Beta;118,0;3,1
PC000671;Loja Centro;20/11/2026;4;17,0;3020,49;🟡 Planejado;E;Fornecedor Beta;118,0;3,1
PC000671;Loja Centro;05/01/2027;5;18,0;3084,98;🟡 Planejado;E;Fornecedor Beta;118,0;3,1
PC000776;Loja Centro;09/11/2026;3;6,0;819,81;🟡 Planejado;E;Fornecedor Beta;372,0;1,0
PC000776;Loja Centro;24/12/2026;5;5,0;809,15;🟡 Planejado;E;Fornecedor Beta;371,0;1,0
PC000776;Loja Centro;07/02/2027;6;5,0;805,01;🟡 Planejado;E;Fornecedor Beta;371,0;1,0
PC000298;Loja Centro;09/11/2026;3;23,0;1240,48;🟡 Planejado;E;Fornecedor Beta;90,0;4,1
PC000298;Loja Centro;04/12/2026;4;29,0;1562,76;🟡 Planejado;E;Fornecedor Beta;71,0;5,1
PC000238;Loja Centro;14/08/2026;1;74,0;16079,5;🚨 Urgente (até 7 dias);E;Fornecedor Gamma;55,0;6,7
PC000238;Loja Centro;28/09/2026;2;37,0;8034,92;🟡 Planejado;E;Fornecedor Gamma;55,0;6,7
PC000238;Loja Centro;12/11/2026;4;37,0;8034,92;🟡 Planejado;E;Fornecedor Gamma;55,0;6,7
PC000238;Loja Centro;27/12/2026;5;37,0;8034,92;🟡 Planejado;E;Fornecedor Gamma;55,0;6,7
PC000101;Loja Centro;11/10/2026;2;26,0;860,59;🟡 Planejado;E;Fornecedor Beta;80,0;4,6
PC000101;Loja Centro;30/10/2026;3;35,0;1191,02;🟡 Planejado;E;Fornecedor Beta;58,0;6,3
PC000101;Loja Centro;18/11/2026;4;50,0;1680,79;🟡 Planejado;E;Fornecedor Beta;41,0;9,0
PC000656;Loja Centro;13/11/2026;4;3,0;1326,58;🟡 Planejado;E;Fornecedor Alfa;648,0;0,6
PC000656;Loja Centro;29/12/2026;5;3,0;1319,96;🟡 Planejado;E;Fornecedor Alfa;653,0;0,6
PC000240;Loja Centro;02/01/2027;5;11,0;947,15;🟡 Planejado;E;Fornecedor Alfa;196,0;1,9
PC000494;Loja Centro;13/09/2026;2;20,0;799,81;🟡 Planejado;E;Fornecedor Delta;104,0;3,5
PC000494;Loja Centro;13/10/2026;3;27,0;1072,17;🟡 Planejado;E;Fornecedor Delta;79,0;4,6
PC000494;Loja Centro;12/11/2026;4;38,0;1540,18;🟡 Planejado;E;Fornecedor Delta;58,0;6,3
PC000494;Loja Centro;30/01/2027;6;26,0;1052,34;🟡 Planejado;E;Fornecedor Delta;79,0;4,6
PC000506;Loja Centro;14/11/2026;4;4,0;746,98;🟡 Planejado;E;Fornecedor Gamma;510,0;0,7
PC000506;Loja Centro;30/12/2026;5;4,0;747,54;🟡 Planejado;E;Fornecedor Gamma;510,0;0,7
PC000867;Loja Centro;17/08/2026;1;27,0;743,62;🚨 Urgente (até 7 dias);E;Fornecedor Alfa;74,0;4,9
PC000867;Loja Centro;13/10/2026;3;54,0;1472,3;🟡 Planejado;E;Fornecedor Alfa;54,0;6,7
PC000867;Loja Centro;26/11/2026;4;38,0;1027,3;🟡 Planejado;E;Fornecedor Alfa;53,0;6,8
PC000607;Loja Centro;14/08/2026;1;23,0;869,3;🚨 Urgente (até 7 dias);E;Fornecedor Gamma;117,0;3,1
PC000607;Loja Centro;21/09/2026;2;20,0;753,27;🟡 Planejado;E;Fornecedor Gamma;104,0;3,5
PC000607;Loja Centro;17/10/2026;3;26,0;983,59;🟡 Planejado;E;Fornecedor Gamma;78,0;4,7
PC000607;Loja Centro;17/11/2026;4;33,0;1236,09;🟡 Planejado;E;Fornecedor Gamma;63,0;5,8
PC000607;Loja Centro;09/02/2027;6;22,0;839,52;🟡 Planejado;E;Fornecedor Gamma;93,0;3,9
PC000011;Loja Centro;13/09/2026;2;7,0;778,72;🟡 Planejado;E;Fornecedor Beta;321,0;1,1
PC000011;Loja Centro;19/10/2026;3;7,0;783,47;🟡 Planejado;E;Fornecedor Beta;277,0;1,3
PC000011;Loja Centro;17/11/2026;4;9,0;992,42;🟡 Planejado;E;Fornecedor Beta;218,0;1,7
PC000011;Loja Centro;03/02/2027;6;7,0;721,68;🟡 Planejado;E;Fornecedor Beta;299,0;1,2
PC000516;Loja Centro;14/08/2026;1;120,0;1355,72;🚨 Urgente (até 7 dias);E;Fornecedor Delta;33,0;11,1
PC000516;Loja Centro;04/10/2026;2;58,0;654,19;🟡 Planejado;E;Fornecedor Delta;35,0;10,3
PC000516;Loja Centro;19/10/2026;3;85,0;963,99;🟡 Planejado;E;Fornecedor Delta;24,0;15,3
PC000516;Loja Centro;28/11/2026;4;93,0;1053,95;🟡 Planejado;E;Fornecedor Delta;22,0;16,5
PC000926;Loja Centro;14/08/2026;1;52,0;2541,2;🚨 Urgente (até 7 dias);E;Fornecedor Beta;46,0;7,9
PC000926;Loja Centro;29/09/2026;2;45,0;2208,41;🟡 Planejado;E;Fornecedor Beta;46,0;7,9
PC000926;Loja Centro;14/11/2026;4;45,0;2208,41;🟡 Planejado;E;Fornecedor Beta;46,0;7,9
PC000926;Loja Centro;30/12/2026;5;45,0;2208,41;🟡 Planejado;E;Fornecedor Beta;46,0;7,9
PC000284;Loja Centro;14/08/2026;1;74,0;912,09;🚨 Urgente (até 7 dias);E;Fornecedor Beta;45,0;8,1
PC000284;Loja Centro;24/09/2026;2;49,0;601,42;🟡 Planejado;E;Fornecedor Beta;42,0;8,7
PC000284;Loja Centro;24/10/2026;3;60,0;743,38;🟡 Planejado;E;Fornecedor Beta;34,0;10,7
PC000284;Loja Centro;06/12/2026;4;63,0;775,84;🟡 Planejado;E;Fornecedor Beta;33,0;11,1
PC000033;Loja Centro;14/08/2026;1;30,0;3291,02;🚨 Urgente (até 7 dias);E;Fornecedor Gamma;99,0;3,7
PC000033;Loja Centro;29/09/2026;2;21,0;2297,99;🟡 Planejado;E;Fornecedor Gamma;99,0;3,7
PC000033;Loja Centro;14/11/2026;4;21,0;2297,99;🟡 Planejado;E;Fornecedor Gamma;99,0;3,7
PC000033;Loja Centro;30/12/2026;5;21,0;2297,99;🟡 Planejado;E;Fornecedor Gamma;99,0;3,7
PC000998;Loja Centro;23/09/2026;2;14,0;551,24;🟡 Planejado;E;Fornecedor Gamma;143,0;2,6
PC000998;Loja Centro;15/10/2026;3;20,0;786,83;🟡 Planejado;E;Fornecedor Gamma;101,0;3,6
PC000998;Loja Centro;17/11/2026;4;24,0;929,11;🟡 Planejado;E;Fornecedor Gamma;84,0;4,3
PC000998;Loja Centro;04/02/2027;6;17,0;653,45;🟡 Planejado;E;Fornecedor Gamma;121,0;3,0
PC000073;Loja Centro;14/08/2026;1;37,0;983,37;🚨 Urgente (até 7 dias);E;Fornecedor Alfa;86,0;4,3
PC000073;Loja Centro;27/09/2026;2;24,0;644,95;🟡 Planejado;E;Fornecedor Alfa;84,0;4,3
PC000073;Loja Centro;02/11/2026;3;27,0;721,87;🟡 Planejado;E;Fornecedor Alfa;75,0;4,9
PC000073;Loja Centro;19/12/2026;5;26,0;685,2;🟡 Planejado;E;Fornecedor Alfa;79,0;4,6
PC000073;Loja Centro;04/02/2027;6;25,0;663,67;🟡 Planejado;E;Fornecedor Alfa;81,0;4,5
PC000651;Loja Centro;03/09/2026;1;22,0;522,59;🔴 Prioritário (até 30 dias);E;Fornecedor Gamma;94,0;3,9
PC000651;Loja Centro;18/10/2026;3;22,0;528,61;🟡 Planejado;E;Fornecedor Gamma;93,0;3,9
PC000651;Loja Centro;02/12/2026;4;22,0;520,87;🟡 Planejado;E;Fornecedor Gamma;93,0;3,9
PC000651;Loja Centro;16/01/2027;6;22,0;520,67;🟡 Planejado;E;Fornecedor Gamma;93,0;3,9
PC000203;Loja Centro;17/11/2026;4;37,0;658,83;🟡 Planejado;E;Fornecedor Delta;55,0;6,7
PC000203;Loja Centro;01/02/2027;6;26,0;466,1;🟡 Planejado;E;Fornecedor Delta;78,0;4,7
PC000621;Loja Centro;04/11/2026;3;15,0;3204,3;🟡 Planejado;E;Fornecedor Gamma;135,0;2,7
PC000621;Loja Centro;19/12/2026;5;15,0;3204,3;🟡 Planejado;E;Fornecedor Gamma;135,0;2,7
PC000621;Loja Centro;02/02/2027;6;15,0;3204,3;🟡 Planejado;E;Fornecedor Gamma;135,0;2,7
PC000301;Loja Centro;26/10/2026;3;23,0;504,73;🟡 Planejado;E;Fornecedor Delta;89,0;4,1
PC000301;Loja Centro;26/11/2026;4;28,0;614,83;🟡 Planejado;E;Fornecedor Delta;73,0;5,0
PC000605;Loja Centro;29/10/2026;3;17,0;638,84;🟡 Planejado;E;Fornecedor Beta;124,0;2,9
PC000605;Loja Centro;28/11/2026;4;20,0;775,43;🟡 Planejado;E;Fornecedor Beta;102,0;3,6
PC000795;Loja Centro;26/08/2026;1;18,0;472,75;🔴 Prioritário (até 30 dias);E;Fornecedor Alfa;113,0;3,2
PC000795;Loja Centro;01/10/2026;2;20,0;532,68;🟡 Planejado;E;Fornecedor Alfa;101,0;3,6
PC000795;Loja Centro;26/10/2026;3;27,0;706,23;🟡 Planejado;E;Fornecedor Alfa;77,0;4,7
PC000795;Loja Centro;29/11/2026;4;31,0;821,55;🟡 Planejado;E;Fornecedor Alfa;66,0;5,5
PC000617;Loja Centro;27/01/2027;6;7,0;2937,99;🟡 Planejado;E;Fornecedor Delta;312,0;1,2
PC000455;Loja Centro;09/11/2026;3;18,0;393,64;🟡 Planejado;E;Fornecedor Gamma;112,0;3,3
PC000455;Loja Centro;26/12/2026;5;17,0;368,12;🟡 Planejado;E;Fornecedor Gamma;119,0;3,1
PC000455;Loja Centro;07/02/2027;6;17,0;374,5;🟡 Planejado;E;Fornecedor Gamma;116,0;3,1
PC000622;Loja Centro;17/01/2027;6;10,0;360,77;🟡 Planejado;E;Fornecedor Gamma;195,0;1,9
PC000014;Loja Centro;13/10/2026;3;23,0;596,95;🟡 Planejado;E;Fornecedor Alfa;99,0;3,7
PC000014;Loja Centro;12/11/2026;4;30,0;756,99;🟡 Planejado;E;Fornecedor Alfa;73,0;5,0
PC000677;Loja Centro;10/01/2027;5;8,0;348,34;🟡 Planejado;E;Fornecedor Gamma;259,0;1,4
PC000050;Loja Centro;31/10/2026;3;17,0;296,59;🟡 Planejado;E;Fornecedor Delta;121,0;3,0
PC000050;Loja Centro;22/11/2026;4;23,0;400,18;🟡 Planejado;E;Fornecedor Delta;89,0;4,1
PC000050;Loja Centro;08/02/2027;6;17,0;296,08;🟡 Planejado;E;Fornecedor Delta;121,0;3,0
PC000577;Loja Centro;19/08/2026;1;42,0;767,11;🚨 Urgente (até 7 dias);E;Fornecedor Alfa;49,0;7,4
PC000577;Loja Centro;03/10/2026;2;41,0;756,45;🟡 Planejado;E;Fornecedor Alfa;49,0;7,4
PC000577;Loja Centro;17/11/2026;4;41,0;756,45;🟡 Planejado;E;Fornecedor Alfa;49,0;7,4
PC000577;Loja Centro;01/01/2027;5;41,0;756,45;🟡 Planejado;E;Fornecedor Alfa;49,0;7,4
PC000202;Loja Centro;22/11/2026;4;11,0;203,16;🟡 Planejado;E;Fornecedor Beta;191,0;1,9
PC000202;Loja Centro;06/01/2027;5;11,0;202,57;🟡 Planejado;E;Fornecedor Beta;190,0;1,9
PC000902;Loja Centro;22/08/2026;1;20,0;205,19;🔴 Prioritário (até 30 dias);E;Fornecedor Alfa;102,0;3,6
PC000902;Loja Centro;06/10/2026;2;20,0;207,14;🟡 Planejado;E;Fornecedor Alfa;102,0;3,6
PC000902;Loja Centro;20/11/2026;4;20,0;207,08;🟡 Planejado;E;Fornecedor Alfa;101,0;3,6
PC000902;Loja Centro;04/01/2027;5;20,0;205,99;🟡 Planejado;E;Fornecedor Alfa;101,0;3,6
PC000335;Loja Norte;11/09/2026;1;18,0;7691,24;🔴 Prioritário (até 30 dias);A;Fornecedor Delta;13,0;28,3
PC000335;Loja Norte;26/09/2026;2;17,0;7645,74;🟡 Planejado;A;Fornecedor Delta;13,0;28,3
PC000335;Loja Norte;11/10/2026;2;17,0;7645,72;🟡 Planejado;A;Fornecedor Delta;13,0;28,3
PC000335;Loja Norte;26/10/2026;3;17,0;7645,76;🟡 Planejado;A;Fornecedor Delta;13,0;28,3
PC000335;Loja Norte;11/11/2026;3;19,0;8155,45;🟡 Planejado;A;Fornecedor Delta;13,0;28,3
PC000335;Loja Norte;26/11/2026;4;17,0;7645,76;🟡 Planejado;A;Fornecedor Delta;13,0;28,3
PC000335;Loja Norte;11/12/2026;4;17,0;7645,74;🟡 Planejado;A;Fornecedor Delta;13,0;28,3
PC000335;Loja Norte;26/12/2026;5;17,0;7645,76;🟡 Planejado;A;Fornecedor Delta;13,0;28,3
PC000335;Loja Norte;10/01/2027;5;17,0;7645,75;🟡 Planejado;A;Fornecedor Delta;13,0;28,3
PC000335;Loja Norte;25/01/2027;6;17,0;7645,77;🟡 Planejado;A;Fornecedor Delta;13,0;28,3
PC000118;Loja Norte;16/09/2026;2;14,0;5607,38;🟡 Planejado;A;Fornecedor Gamma;16,0;22,9
PC000118;Loja Norte;02/10/2026;2;15,0;5953,72;🟡 Planejado;A;Fornecedor Gamma;16,0;22,9
PC000118;Loja Norte;18/10/2026;3;15,0;5953,13;🟡 Planejado;A;Fornecedor Gamma;16,0;22,9
PC000118;Loja Norte;03/11/2026;3;15,0;5953,46;🟡 Planejado;A;Fornecedor Gamma;16,0;22,9
PC000118;Loja Norte;19/11/2026;4;15,0;5953,19;🟡 Planejado;A;Fornecedor Gamma;16,0;22,9
PC000118;Loja Norte;05/12/2026;4;15,0;5953,34;🟡 Planejado;A;Fornecedor Gamma;16,0;22,9
PC000118;Loja Norte;21/12/2026;5;15,0;5953,22;🟡 Planejado;A;Fornecedor Gamma;16,0;22,9
PC000118;Loja Norte;06/01/2027;5;15,0;5953,29;🟡 Planejado;A;Fornecedor Gamma;16,0;22,9
PC000118;Loja Norte;22/01/2027;6;15,0;5953,23;🟡 Planejado;A;Fornecedor Gamma;16,0;22,9
PC000118;Loja Norte;06/02/2027;6;14,0;5581,19;🟡 Planejado;A;Fornecedor Gamma;16,0;22,9
PC000699;Loja Norte;28/08/2026;1;12,0;5211,4;🔴 Prioritário (até 30 dias);A;Fornecedor Beta;19,0;18,9
PC000699;Loja Norte;13/09/2026;2;12,0;5399,65;🟡 Planejado;A;Fornecedor Beta;19,0;18,9
PC000699;Loja Norte;29/09/2026;2;12,0;5399,65;🟡 Planejado;A;Fornecedor Beta;19,0;18,9
PC000699;Loja Norte;14/10/2026;3;12,0;5062,18;🟡 Planejado;A;Fornecedor Beta;19,0;18,9
PC000699;Loja Norte;29/10/2026;3;12,0;5062,17;🟡 Planejado;A;Fornecedor Beta;19,0;18,9
PC000699;Loja Norte;13/11/2026;4;12,0;5062,17;🟡 Planejado;A;Fornecedor Beta;19,0;18,9
PC000699;Loja Norte;28/11/2026;4;12,0;5062,17;🟡 Planejado;A;Fornecedor Beta;19,0;18,9
PC000699;Loja Norte;13/12/2026;5;12,0;5062,18;🟡 Planejado;A;Fornecedor Beta;19,0;18,9
PC000699;Loja Norte;29/12/2026;5;12,0;5399,65;🟡 Planejado;A;Fornecedor Beta;19,0;18,9
PC000699;Loja Norte;14/01/2027;6;12,0;5399,65;🟡 Planejado;A;Fornecedor Beta;19,0;18,9
PC000699;Loja Norte;30/01/2027;6;12,0;5399,65;🟡 Planejado;A;Fornecedor Beta;19,0;18,9
PC000235;Loja Norte;06/09/2026;1;16,0;4837,79;🔴 Prioritário (até 30 dias);A;Fornecedor Beta;15,0;24,9
PC000235;Loja Norte;21/09/2026;2;16,0;4660,53;🟡 Planejado;A;Fornecedor Beta;15,0;25,2
PC000235;Loja Norte;07/10/2026;2;17,0;4899,29;🟡 Planejado;A;Fornecedor Beta;15,0;25,2
PC000235;Loja Norte;22/10/2026;3;16,0;4636,03;🟡 Planejado;A;Fornecedor Beta;14,0;25,3
PC000235;Loja Norte;07/11/2026;3;17,0;4916,47;🟡 Planejado;A;Fornecedor Beta;14,0;25,3
PC000235;Loja Norte;22/11/2026;4;16,0;4626,01;🟡 Planejado;A;Fornecedor Beta;14,0;25,3
PC000235;Loja Norte;07/12/2026;4;16,0;4615,34;🟡 Planejado;A;Fornecedor Beta;14,0;25,3
PC000235;Loja Norte;22/12/2026;5;16,0;4621,76;🟡 Planejado;A;Fornecedor Beta;14,0;25,3
PC000235;Loja Norte;06/01/2027;5;16,0;4617,69;🟡 Planejado;A;Fornecedor Beta;14,0;25,3
PC000235;Loja Norte;21/01/2027;6;16,0;4620,15;🟡 Planejado;A;Fornecedor Beta;14,0;25,3
PC000235;Loja Norte;06/02/2027;6;17,0;4926,5;🟡 Planejado;A;Fornecedor Beta;14,0;25,3
PC000313;Loja Norte;16/08/2026;1;15,0;3841,02;🚨 Urgente (até 7 dias);A;Fornecedor Delta;15,0;24,6
PC000313;Loja Norte;31/08/2026;1;15,0;3791,7;🔴 Prioritário (até 30 dias);A;Fornecedor Delta;15,0;24,6
PC000313;Loja Norte;15/09/2026;2;15,0;3791,71;🟡 Planejado;A;Fornecedor Delta;15,0;24,6
PC000313;Loja Norte;01/10/2026;2;16,0;4044,48;🟡 Planejado;A;Fornecedor Delta;15,0;24,6
PC000313;Loja Norte;16/10/2026;3;15,0;3791,71;🟡 Planejado;A;Fornecedor Delta;15,0;24,6
PC000313;Loja Norte;01/11/2026;3;16,0;4044,49;🟡 Planejado;A;Fornecedor Delta;15,0;24,6
PC000313;Loja Norte;16/11/2026;4;15,0;3791,71;🟡 Planejado;A;Fornecedor Delta;15,0;24,6
PC000313;Loja Norte;02/12/2026;4;16,0;4044,49;🟡 Planejado;A;Fornecedor Delta;15,0;24,6
PC000313;Loja Norte;18/12/2026;5;16,0;4044,49;🟡 Planejado;A;Fornecedor Delta;15,0;24,6
PC000313;Loja Norte;03/01/2027;5;16,0;4044,49;🟡 Planejado;A;Fornecedor Delta;15,0;24,6
PC000313;Loja Norte;18/01/2027;6;15,0;3791,72;🟡 Planejado;A;Fornecedor Delta;15,0;24,6
PC000313;Loja Norte;02/02/2027;6;15,0;3791,71;🟡 Planejado;A;Fornecedor Delta;15,0;24,6
PC000996;Loja Norte;14/08/2026;1;17,0;5085,92;🚨 Urgente (até 7 dias);A;Fornecedor Alfa;16,0;22,8
PC000996;Loja Norte;30/08/2026;1;15,0;4472,96;🔴 Prioritário (até 30 dias);A;Fornecedor Alfa;16,0;22,8
PC000996;Loja Norte;16/09/2026;2;13,0;3781,24;🟡 Planejado;A;Fornecedor Alfa;18,0;20,5
PC000996;Loja Norte;02/10/2026;2;13,0;4015,89;🟡 Planejado;A;Fornecedor Alfa;18,0;20,5
PC000996;Loja Norte;13/10/2026;3;18,0;5517,74;🟡 Planejado;A;Fornecedor Alfa;13,0;27,7
PC000996;Loja Norte;28/10/2026;3;17,0;5098,84;🟡 Planejado;A;Fornecedor Alfa;13,0;27,7
PC000996;Loja Norte;12/11/2026;4;19,0;5674,81;🟡 Planejado;A;Fornecedor Alfa;12,0;29,2
PC000996;Loja Norte;27/11/2026;4;18,0;5377,54;🟡 Planejado;A;Fornecedor Alfa;12,0;29,2
PC000996;Loja Norte;17/12/2026;5;14,0;4255,28;🟡 Planejado;A;Fornecedor Alfa;16,0;22,6
PC000996;Loja Norte;01/01/2027;5;14,0;4163,05;🟡 Planejado;A;Fornecedor Alfa;16,0;22,6
PC000996;Loja Norte;17/01/2027;6;14,0;4143,48;🟡 Planejado;A;Fornecedor Alfa;17,0;22,0
PC000996;Loja Norte;02/02/2027;6;14,0;4312,11;🟡 Planejado;A;Fornecedor Alfa;17,0;22,0
PC000591;Loja Norte;12/09/2026;1;14,0;4453,58;🔴 Prioritário (até 30 dias);A;Fornecedor Beta;16,0;22,8
PC000591;Loja Norte;27/09/2026;2;14,0;4411,04;🟡 Planejado;A;Fornecedor Beta;16,0;22,8
PC000591;Loja Norte;13/10/2026;3;15,0;4705,11;🟡 Planejado;A;Fornecedor Beta;16,0;22,8
PC000591;Loja Norte;28/10/2026;3;14,0;4411,03;🟡 Planejado;A;Fornecedor Beta;16,0;22,8
PC000591;Loja Norte;12/11/2026;4;14,0;4411,04;🟡 Planejado;A;Fornecedor Beta;16,0;22,8
PC000591;Loja Norte;27/11/2026;4;14,0;4411,04;🟡 Planejado;A;Fornecedor Beta;16,0;22,8
PC000591;Loja Norte;12/12/2026;5;14,0;4411,04;🟡 Planejado;A;Fornecedor Beta;16,0;22,8
PC000591;Loja Norte;28/12/2026;5;15,0;4705,11;🟡 Planejado;A;Fornecedor Beta;16,0;22,8
PC000591;Loja Norte;12/01/2027;6;14,0;4411,05;🟡 Planejado;A;Fornecedor Beta;16,0;22,8
PC000591;Loja Norte;28/01/2027;6;15,0;4705,11;🟡 Planejado;A;Fornecedor Beta;16,0;22,8
PC000673;Loja Norte;17/09/2026;2;9,0;3643,47;🟡 Planejado;A;Fornecedor Gamma;24,0;14,9
PC000673;Loja Norte;02/10/2026;2;9,0;3605,73;🟡 Planejado;A;Fornecedor Gamma;24,0;14,9
PC000673;Loja Norte;13/10/2026;3;14,0;5604,73;🟡 Planejado;A;Fornecedor Gamma;17,0;20,9
PC000673;Loja Norte;29/10/2026;3;14,0;5374,13;🟡 Planejado;A;Fornecedor Gamma;17,0;20,9
PC000673;Loja Norte;12/11/2026;4;17,0;6528,27;🟡 Planejado;A;Fornecedor Gamma;15,0;24,5
PC000673;Loja Norte;27/11/2026;4;15,0;5921,75;🟡 Planejado;A;Fornecedor Gamma;15,0;24,5
PC000673;Loja Norte;19/12/2026;5;11,0;4235,22;🟡 Planejado;A;Fornecedor Gamma;21,0;17,3
PC000673;Loja Norte;04/01/2027;5;11,0;4442,84;🟡 Planejado;A;Fornecedor Gamma;21,0;17,3
PC000673;Loja Norte;18/01/2027;6;12,0;4657,86;🟡 Planejado;A;Fornecedor Gamma;20,0;18,5
PC000673;Loja Norte;02/02/2027;6;11,0;4469,26;🟡 Planejado;A;Fornecedor Gamma;20,0;18,5
PC000656;Loja Norte;06/11/2026;3;14,0;5758,42;🟡 Planejado;A;Fornecedor Alfa;17,0;21,2
PC000656;Loja Norte;19/11/2026;4;14,0;6035,48;🟡 Planejado;A;Fornecedor Alfa;16,0;23,1
PC000656;Loja Norte;05/12/2026;4;15,0;6407,94;🟡 Planejado;A;Fornecedor Alfa;16,0;23,1
PC000656;Loja Norte;26/12/2026;5;12,0;5214,35;🟡 Planejado;A;Fornecedor Alfa;19,0;19,0
PC000656;Loja Norte;11/01/2027;6;14,0;5795,36;🟡 Planejado;A;Fornecedor Alfa;18,0;20,0
PC000656;Loja Norte;26/01/2027;6;12,0;5195,54;🟡 Planejado;A;Fornecedor Alfa;18,0;20,0
PC000149;Loja Norte;14/09/2026;2;8,0;3004,79;🟡 Planejado;A;Fornecedor Beta;30,0;12,2
PC000149;Loja Norte;30/09/2026;2;8,0;3077,56;🟡 Planejado;A;Fornecedor Beta;30,0;12,2
PC000149;Loja Norte;13/10/2026;3;13,0;5039,48;🟡 Planejado;A;Fornecedor Beta;21,0;17,4
PC000149;Loja Norte;29/10/2026;3;11,0;4387,99;🟡 Planejado;A;Fornecedor Beta;21,0;17,4
PC000149;Loja Norte;12/11/2026;4;14,0;5269,96;🟡 Planejado;A;Fornecedor Beta;18,0;20,3
PC000149;Loja Norte;28/11/2026;4;13,0;5126,3;🟡 Planejado;A;Fornecedor Beta;18,0;20,3
PC000149;Loja Norte;19/12/2026;5;9,0;3559,71;🟡 Planejado;A;Fornecedor Beta;24,0;15,0
PC000149;Loja Norte;04/01/2027;5;10,0;3792,17;🟡 Planejado;A;Fornecedor Beta;24,0;15,0
PC000149;Loja Norte;20/01/2027;6;9,0;3539,22;🟡 Planejado;A;Fornecedor Beta;25,0;14,6
PC000149;Loja Norte;05/02/2027;6;10,0;3690,99;🟡 Planejado;A;Fornecedor Beta;25,0;14,6
PC000751;Loja Norte;02/09/2026;1;15,0;3630,3;🔴 Prioritário (até 30 dias);A;Fornecedor Gamma;16,0;23,3
PC000751;Loja Norte;19/09/2026;2;14,0;3405,81;🟡 Planejado;A;Fornecedor Gamma;17,0;21,7
PC000751;Loja Norte;05/10/2026;2;14,0;3496,99;🟡 Planejado;A;Fornecedor Gamma;17,0;21,7
PC000751;Loja Norte;15/10/2026;3;18,0;4362,86;🟡 Planejado;A;Fornecedor Gamma;13,0;28,3
PC000751;Loja Norte;30/10/2026;3;17,0;4268,08;🟡 Planejado;A;Fornecedor Gamma;13,0;28,3
PC000751;Loja Norte;12/11/2026;4;21,0;5183,29;🟡 Planejado;A;Fornecedor Gamma;11,0;33,1
PC000751;Loja Norte;27/11/2026;4;20,0;4986,28;🟡 Planejado;A;Fornecedor Gamma;11,0;33,1
PC000751;Loja Norte;19/12/2026;5;15,0;3644,57;🟡 Planejado;A;Fornecedor Gamma;16,0;23,5
PC000751;Loja Norte;04/01/2027;5;15,0;3774,01;🟡 Planejado;A;Fornecedor Gamma;16,0;23,5
PC000751;Loja Norte;18/01/2027;6;16,0;3994,77;🟡 Planejado;A;Fornecedor Gamma;14,0;25,3
PC000751;Loja Norte;03/02/2027;6;17,0;4065,59;🟡 Planejado;A;Fornecedor Gamma;14,0;25,3
PC000668;Loja Norte;04/11/2026;3;10,0;4183,53;🟡 Planejado;A;Fornecedor Beta;23,0;16,0
PC000668;Loja Norte;16/11/2026;4;11,0;4773,98;🟡 Planejado;A;Fornecedor Beta;20,0;18,4
PC000668;Loja Norte;01/12/2026;4;11,0;4765,1;🟡 Planejado;A;Fornecedor Beta;20,0;18,4
PC000668;Loja Norte;24/12/2026;5;8,0;3449,09;🟡 Planejado;A;Fornecedor Beta;28,0;13,2
PC000668;Loja Norte;09/01/2027;5;9,0;3647,46;🟡 Planejado;A;Fornecedor Beta;28,0;13,2
PC000668;Loja Norte;23/01/2027;6;8,0;3549,61;🟡 Planejado;A;Fornecedor Beta;27,0;13,7
PC000668;Loja Norte;08/02/2027;6;9,0;3780,7;🟡 Planejado;A;Fornecedor Beta;27,0;13,7
PC000855;Loja Norte;06/09/2026;1;9,0;3736,78;🔴 Prioritário (até 30 dias);A;Fornecedor Beta;26,0;14,0
PC000855;Loja Norte;22/09/2026;2;9,0;3664,93;🟡 Planejado;A;Fornecedor Beta;27,0;13,8
PC000855;Loja Norte;07/10/2026;2;8,0;3515,77;🟡 Planejado;A;Fornecedor Beta;27,0;13,8
PC000855;Loja Norte;16/10/2026;3;11,0;4691,07;🟡 Planejado;A;Fornecedor Beta;20,0;18,2
PC000855;Loja Norte;31/10/2026;3;11,0;4654,72;🟡 Planejado;A;Fornecedor Beta;20,0;18,2
PC000855;Loja Norte;14/11/2026;4;12,0;5143,29;🟡 Planejado;A;Fornecedor Beta;19,0;19,7
PC000855;Loja Norte;30/11/2026;4;13,0;5352,37;🟡 Planejado;A;Fornecedor Beta;19,0;19,7
PC000855;Loja Norte;22/12/2026;5;10,0;3958,71;🟡 Planejado;A;Fornecedor Beta;25,0;14,8
PC000855;Loja Norte;06/01/2027;5;9,0;3773,65;🟡 Planejado;A;Fornecedor Beta;25,0;14,8
PC000855;Loja Norte;19/01/2027;6;10,0;4213,7;🟡 Planejado;A;Fornecedor Beta;23,0;16,2
PC000855;Loja Norte;03/02/2027;6;10,0;4136,42;🟡 Planejado;A;Fornecedor Beta;23,0;16,2
PC000635;Loja Norte;24/12/2026;5;9,0;3747,89;🟡 Planejado;A;Fornecedor Alfa;26,0;14,0
PC000635;Loja Norte;09/01/2027;5;9,0;3853,91;🟡 Planejado;A;Fornecedor Alfa;26,0;14,0
PC000635;Loja Norte;25/01/2027;6;9,0;3853,9;🟡 Planejado;A;Fornecedor Alfa;26,0;14,0
PC000635;Loja Norte;09/02/2027;6;9,0;3613,04;🟡 Planejado;A;Fornecedor Alfa;26,0;14,0
PC000168;Loja Norte;16/09/2026;2;15,0;3523,23;🟡 Planejado;A;Fornecedor Delta;15,0;24,0
PC000168;Loja Norte;01/10/2026;2;15,0;3435,31;🟡 Planejado;A;Fornecedor Delta;15,0;24,0
PC000168;Loja Norte;13/10/2026;3;18,0;4127,62;🟡 Planejado;A;Fornecedor Delta;13,0;28,7
PC000168;Loja Norte;28/10/2026;3;18,0;4102,75;🟡 Planejado;A;Fornecedor Delta;13,0;28,7
PC000168;Loja Norte;12/11/2026;4;25,0;5921,72;🟡 Planejado;A;Fornecedor Delta;10,0;34,8
PC000168;Loja Norte;27/11/2026;4;21,0;4982,9;🟡 Planejado;A;Fornecedor Delta;10,0;34,8
PC000168;Loja Norte;18/12/2026;5;17,0;3986,9;🟡 Planejado;A;Fornecedor Delta;14,0;26,3
PC000168;Loja Norte;02/01/2027;5;16,0;3771,08;🟡 Planejado;A;Fornecedor Delta;14,0;26,3
PC000168;Loja Norte;18/01/2027;6;16,0;3785,37;🟡 Planejado;A;Fornecedor Delta;14,0;25,7
PC000168;Loja Norte;03/02/2027;6;17,0;3922,65;🟡 Planejado;A;Fornecedor Delta;14,0;25,7
PC000875;Loja Norte;29/08/2026;1;12,0;4031,59;🔴 Prioritário (até 30 dias);A;Fornecedor Delta;20,0;18,6
PC000875;Loja Norte;14/09/2026;2;12,0;4048,06;🟡 Planejado;A;Fornecedor Delta;20,0;18,6
PC000875;Loja Norte;29/09/2026;2;11,0;3799,48;🟡 Planejado;A;Fornecedor Delta;20,0;18,6
PC000875;Loja Norte;15/10/2026;3;12,0;4049,47;🟡 Planejado;A;Fornecedor Delta;20,0;18,6
PC000875;Loja Norte;31/10/2026;3;12,0;4051,17;🟡 Planejado;A;Fornecedor Delta;20,0;18,6
PC000875;Loja Norte;16/11/2026;4;12,0;4049,98;🟡 Planejado;A;Fornecedor Delta;20,0;18,6
PC000875;Loja Norte;01/12/2026;4;11,0;3797,46;🟡 Planejado;A;Fornecedor Delta;20,0;18,6
PC000875;Loja Norte;17/12/2026;5;12,0;4050,2;🟡 Planejado;A;Fornecedor Delta;20,0;18,6
PC000875;Loja Norte;02/01/2027;5;12,0;4050,44;🟡 Planejado;A;Fornecedor Delta;20,0;18,6
PC000875;Loja Norte;18/01/2027;6;12,0;4050,29;🟡 Planejado;A;Fornecedor Delta;20,0;18,6
PC000875;Loja Norte;02/02/2027;6;11,0;3797,23;🟡 Planejado;A;Fornecedor Delta;20,0;18,6
PC000099;Loja Norte;28/08/2026;1;9,0;3031,56;🔴 Prioritário (até 30 dias);A;Fornecedor Beta;27,0;13,3
PC000099;Loja Norte;12/09/2026;1;8,0;2890,95;🔴 Prioritário (até 30 dias);A;Fornecedor Beta;27,0;13,3
PC000099;Loja Norte;27/09/2026;2;8,0;2996,79;🟡 Planejado;A;Fornecedor Beta;27,0;13,5
PC000099;Loja Norte;13/10/2026;3;9,0;3157,9;🟡 Planejado;A;Fornecedor Beta;27,0;13,5
PC000099;Loja Norte;29/10/2026;3;9,0;3140,19;🟡 Planejado;A;Fornecedor Beta;27,0;13,5
PC000099;Loja Norte;13/11/2026;4;8,0;2962,89;🟡 Planejado;A;Fornecedor Beta;27,0;13,6
PC000099;Loja Norte;28/11/2026;4;8,0;2952,82;🟡 Planejado;A;Fornecedor Beta;27,0;13,6
PC000099;Loja Norte;13/12/2026;5;8,0;2962,33;🟡 Planejado;A;Fornecedor Beta;27,0;13,6
PC000099;Loja Norte;28/12/2026;5;8,0;2957,27;🟡 Planejado;A;Fornecedor Beta;27,0;13,6
PC000099;Loja Norte;12/01/2027;6;8,0;2962,05;🟡 Planejado;A;Fornecedor Beta;27,0;13,6
PC000099;Loja Norte;27/01/2027;6;8,0;2959,51;🟡 Planejado;A;Fornecedor Beta;27,0;13,6
PC000665;Loja Norte;06/01/2027;5;7,0;3275,12;🟡 Planejado;A;Fornecedor Gamma;31,0;11,7
PC000665;Loja Norte;21/01/2027;6;8,0;3392,97;🟡 Planejado;A;Fornecedor Gamma;31,0;12,0
PC000665;Loja Norte;06/02/2027;6;8,0;3511,34;🟡 Planejado;A;Fornecedor Gamma;31,0;12,0
PC000300;Loja Norte;15/08/2026;1;11,0;3517,88;🚨 Urgente (até 7 dias);A;Fornecedor Delta;21,0;17,5
PC000300;Loja Norte;31/08/2026;1;11,0;3680,5;🔴 Prioritário (até 30 dias);A;Fornecedor Delta;21,0;17,5
PC000300;Loja Norte;16/09/2026;2;11,0;3435,94;🟡 Planejado;A;Fornecedor Delta;22,0;16,9
PC000300;Loja Norte;01/10/2026;2;10,0;3342,58;🟡 Planejado;A;Fornecedor Delta;22,0;16,9
PC000300;Loja Norte;17/10/2026;3;11,0;3448,61;🟡 Planejado;A;Fornecedor Delta;22,0;16,7
PC000300;Loja Norte;02/11/2026;3;11,0;3512,02;🟡 Planejado;A;Fornecedor Delta;22,0;16,7
PC000300;Loja Norte;18/11/2026;4;11,0;3454,71;🟡 Planejado;A;Fornecedor Delta;22,0;16,6
PC000300;Loja Norte;04/12/2026;4;11,0;3487,24;🟡 Planejado;A;Fornecedor Delta;22,0;16,6
PC000300;Loja Norte;20/12/2026;5;11,0;3459,21;🟡 Planejado;A;Fornecedor Delta;22,0;16,5
PC000300;Loja Norte;04/01/2027;5;10,0;3258,5;🟡 Planejado;A;Fornecedor Delta;22,0;16,5
PC000300;Loja Norte;20/01/2027;6;11,0;3462,4;🟡 Planejado;A;Fornecedor Delta;22,0;16,5
PC000300;Loja Norte;04/02/2027;6;10,0;3253,5;🟡 Planejado;A;Fornecedor Delta;22,0;16,5
PC000440;Loja Norte;03/10/2026;2;11,0;3483,67;🟡 Planejado;A;Fornecedor Delta;20,0;17,9
PC000440;Loja Norte;14/10/2026;3;15,0;4604,85;🟡 Planejado;A;Fornecedor Delta;16,0;23,2
PC000440;Loja Norte;30/10/2026;3;15,0;4659,16;🟡 Planejado;A;Fornecedor Delta;16,0;23,2
PC000440;Loja Norte;12/11/2026;4;21,0;6568,48;🟡 Planejado;A;Fornecedor Delta;12,0;30,3
PC000440;Loja Norte;28/11/2026;4;20,0;6095,5;🟡 Planejado;A;Fornecedor Delta;12,0;30,3
PC000440;Loja Norte;24/12/2026;5;13,0;3835,91;🟡 Planejado;A;Fornecedor Delta;19,0;19,1
PC000440;Loja Norte;09/01/2027;5;13,0;3837,16;🟡 Planejado;A;Fornecedor Delta;19,0;19,1
PC000440;Loja Norte;22/01/2027;6;14,0;4134,99;🟡 Planejado;A;Fornecedor Delta;17,0;21,0
PC000440;Loja Norte;07/02/2027;6;14,0;4224,71;🟡 Planejado;A;Fornecedor Delta;17,0;21,0
PC000773;Loja Norte;29/09/2026;2;6,0;2494,95;🟡 Planejado;A;Fornecedor Beta;37,0;9,9
PC000773;Loja Norte;13/10/2026;3;11,0;4355,2;🟡 Planejado;A;Fornecedor Beta;26,0;13,9
PC000773;Loja Norte;29/10/2026;3;9,0;3678,0;🟡 Planejado;A;Fornecedor Beta;26,0;13,9
PC000773;Loja Norte;12/11/2026;4;11,0;4472,15;🟡 Planejado;A;Fornecedor Beta;22,0;16,4
PC000773;Loja Norte;28/11/2026;4;11,0;4325,17;🟡 Planejado;A;Fornecedor Beta;22,0;16,4
PC000773;Loja Norte;22/12/2026;5;7,0;2900,92;🟡 Planejado;A;Fornecedor Beta;33,0;11,1
PC000773;Loja Norte;07/01/2027;5;7,0;2925,43;🟡 Planejado;A;Fornecedor Beta;33,0;11,1
PC000773;Loja Norte;20/01/2027;6;8,0;3193,11;🟡 Planejado;A;Fornecedor Beta;30,0;12,3
PC000773;Loja Norte;05/02/2027;6;8,0;3251,91;🟡 Planejado;A;Fornecedor Beta;30,0;12,3
PC000153;Loja Norte;29/09/2026;2;9,0;2821,58;🟡 Planejado;A;Fornecedor Gamma;26,0;14,0
PC000153;Loja Norte;13/10/2026;3;14,0;4327,15;🟡 Planejado;A;Fornecedor Gamma;20,0;18,4
PC000153;Loja Norte;29/10/2026;3;12,0;3830,81;🟡 Planejado;A;Fornecedor Gamma;20,0;18,4
PC000153;Loja Norte;12/11/2026;4;16,0;4976,32;🟡 Planejado;A;Fornecedor Gamma;16,0;22,5
PC000153;Loja Norte;27/11/2026;4;14,0;4377,36;🟡 Planejado;A;Fornecedor Gamma;16,0;22,5
PC000153;Loja Norte;21/12/2026;5;10,0;3109,27;🟡 Planejado;A;Fornecedor Gamma;24,0;15,0
PC000153;Loja Norte;06/01/2027;5;10,0;3111,38;🟡 Planejado;A;Fornecedor Gamma;24,0;15,0
PC000153;Loja Norte;20/01/2027;6;10,0;3285,62;🟡 Planejado;A;Fornecedor Gamma;23,0;16,0
PC000153;Loja Norte;04/02/2027;6;10,0;3128,11;🟡 Planejado;A;Fornecedor Gamma;23,0;16,0
PC000312;Loja Norte;08/10/2026;2;6,0;2534,96;🟡 Planejado;A;Fornecedor Gamma;36,0;10,0
PC000312;Loja Norte;23/10/2026;3;6,0;2538,53;🟡 Planejado;A;Fornecedor Gamma;36,0;10,1
PC000312;Loja Norte;08/11/2026;3;7,0;2678,15;🟡 Planejado;A;Fornecedor Gamma;36,0;10,1
PC000312;Loja Norte;23/11/2026;4;6,0;2532,37;🟡 Planejado;A;Fornecedor Gamma;36,0;10,1
PC000312;Loja Norte;09/12/2026;4;7,0;2686,38;🟡 Planejado;A;Fornecedor Gamma;36,0;10,1
PC000312;Loja Norte;24/12/2026;5;6,0;2529,14;🟡 Planejado;A;Fornecedor Gamma;36,0;10,1
PC000312;Loja Norte;08/01/2027;5;6,0;2522,2;🟡 Planejado;A;Fornecedor Gamma;36,0;10,1
PC000312;Loja Norte;23/01/2027;6;6,0;2527,33;🟡 Planejado;A;Fornecedor Gamma;36,0;10,1
PC000312;Loja Norte;08/02/2027;6;7,0;2692,25;🟡 Planejado;A;Fornecedor Gamma;36,0;10,1
PC000621;Loja Norte;13/09/2026;2;15,0;3299,32;🟡 Planejado;A;Fornecedor Gamma;17,0;21,6
PC000621;Loja Norte;28/09/2026;2;13,0;2847,28;🟡 Planejado;A;Fornecedor Gamma;17,0;21,6
PC000621;Loja Norte;13/10/2026;3;21,0;4412,52;🟡 Planejado;A;Fornecedor Gamma;13,0;27,4
PC000621;Loja Norte;29/10/2026;3;18,0;3844,96;🟡 Planejado;A;Fornecedor Gamma;13,0;27,4
PC000621;Loja Norte;12/11/2026;4;24,0;5162,0;🟡 Planejado;A;Fornecedor Gamma;11,0;34,0
PC000621;Loja Norte;27/11/2026;4;21,0;4474,49;🟡 Planejado;A;Fornecedor Gamma;11,0;34,0
PC000621;Loja Norte;20/12/2026;5;14,0;3010,03;🟡 Planejado;A;Fornecedor Gamma;16,0;22,7
PC000621;Loja Norte;04/01/2027;5;14,0;2993,39;🟡 Planejado;A;Fornecedor Gamma;16,0;22,7
PC000621;Loja Norte;18/01/2027;6;15,0;3170,71;🟡 Planejado;A;Fornecedor Gamma;15,0;23,9
PC000621;Loja Norte;02/02/2027;6;15,0;3142,16;🟡 Planejado;A;Fornecedor Gamma;15,0;23,9
PC000876;Loja Norte;13/10/2026;3;14,0;3494,41;🟡 Planejado;A;Fornecedor Beta;16,0;22,6
PC000876;Loja Norte;29/10/2026;3;15,0;3678,14;🟡 Planejado;A;Fornecedor Beta;16,0;22,6
PC000876;Loja Norte;12/11/2026;4;19,0;4671,95;🟡 Planejado;A;Fornecedor Beta;13,0;27,2
PC000876;Loja Norte;28/11/2026;4;18,0;4428,38;🟡 Planejado;A;Fornecedor Beta;13,0;27,2
PC000876;Loja Norte;19/12/2026;5;13,0;3233,19;🟡 Planejado;A;Fornecedor Beta;18,0;20,5
PC000876;Loja Norte;03/01/2027;5;13,0;3133,56;🟡 Planejado;A;Fornecedor Beta;18,0;20,5
PC000876;Loja Norte;18/01/2027;6;14,0;3428,64;🟡 Planejado;A;Fornecedor Beta;17,0;21,3
PC000876;Loja Norte;03/02/2027;6;14,0;3466,71;🟡 Planejado;A;Fornecedor Beta;17,0;21,3
PC000600;Loja Norte;22/01/2027;6;6,0;2440,92;🟡 Planejado;A;Fornecedor Gamma;39,0;9,4
PC000600;Loja Norte;06/02/2027;6;6,0;2326,68;🟡 Planejado;A;Fornecedor Gamma;39,0;9,4
PC000210;Loja Norte;05/10/2026;2;7,0;3191,36;🟡 Planejado;A;Fornecedor Beta;33,0;11,0
PC000210;Loja Norte;20/10/2026;3;7,0;3162,28;🟡 Planejado;A;Fornecedor Beta;33,0;11,2
PC000210;Loja Norte;04/11/2026;3;7,0;3093,09;🟡 Planejado;A;Fornecedor Beta;33,0;11,2
PC000210;Loja Norte;19/11/2026;4;7,0;3141,7;🟡 Planejado;A;Fornecedor Beta;32,0;11,3
PC000210;Loja Norte;04/12/2026;4;7,0;3112,28;🟡 Planejado;A;Fornecedor Beta;32,0;11,3
PC000210;Loja Norte;19/12/2026;5;7,0;3132,96;🟡 Planejado;A;Fornecedor Beta;32,0;11,3
PC000210;Loja Norte;04/01/2027;5;7,0;3328,47;🟡 Planejado;A;Fornecedor Beta;32,0;11,3
PC000210;Loja Norte;19/01/2027;6;7,0;3129,46;🟡 Planejado;A;Fornecedor Beta;32,0;11,3
PC000210;Loja Norte;04/02/2027;6;7,0;3332,17;🟡 Planejado;A;Fornecedor Beta;32,0;11,3
PC000295;Loja Norte;17/09/2026;2;6,0;2316,71;🟡 Planejado;A;Fornecedor Alfa;35,0;10,3
PC000295;Loja Norte;03/10/2026;2;7,0;2450,19;🟡 Planejado;A;Fornecedor Alfa;35,0;10,3
PC000295;Loja Norte;13/10/2026;3;9,0;3197,84;🟡 Planejado;A;Fornecedor Alfa;26,0;13,9
PC000295;Loja Norte;29/10/2026;3;9,0;3310,31;🟡 Planejado;A;Fornecedor Alfa;26,0;13,9
PC000295;Loja Norte;12/11/2026;4;13,0;4833,27;🟡 Planejado;A;Fornecedor Alfa;20,0;18,1
PC000295;Loja Norte;28/11/2026;4;12,0;4309,92;🟡 Planejado;A;Fornecedor Alfa;20,0;18,1
PC000295;Loja Norte;20/12/2026;5;8,0;3057,87;🟡 Planejado;A;Fornecedor Alfa;28,0;13,2
PC000295;Loja Norte;04/01/2027;5;8,0;2937,37;🟡 Planejado;A;Fornecedor Alfa;28,0;13,2
PC000295;Loja Norte;20/01/2027;6;8,0;2897,83;🟡 Planejado;A;Fornecedor Alfa;29,0;12,8
PC000295;Loja Norte;04/02/2027;6;8,0;2849,11;🟡 Planejado;A;Fornecedor Alfa;29,0;12,8
PC000896;Loja Norte;29/10/2026;3;9,0;3022,31;🟡 Planejado;A;Fornecedor Beta;26,0;14,1
PC000896;Loja Norte;13/11/2026;4;9,0;2922,2;🟡 Planejado;A;Fornecedor Beta;26,0;14,2
PC000896;Loja Norte;28/11/2026;4;9,0;2901,02;🟡 Planejado;A;Fornecedor Beta;26,0;14,2
PC000896;Loja Norte;13/12/2026;5;9,0;2922,19;🟡 Planejado;A;Fornecedor Beta;26,0;14,2
PC000896;Loja Norte;28/12/2026;5;9,0;2910,94;🟡 Planejado;A;Fornecedor Beta;26,0;14,2
PC000896;Loja Norte;12/01/2027;6;9,0;2922,19;🟡 Planejado;A;Fornecedor Beta;26,0;14,2
PC000896;Loja Norte;28/01/2027;6;9,0;3110,63;🟡 Planejado;A;Fornecedor Beta;26,0;14,2
PC000802;Loja Norte;10/10/2026;2;7,0;2479,87;🟡 Planejado;A;Fornecedor Gamma;32,0;11,3
PC000802;Loja Norte;18/10/2026;3;10,0;3308,73;🟡 Planejado;A;Fornecedor Gamma;24,0;15,5
PC000802;Loja Norte;02/11/2026;3;10,0;3194,51;🟡 Planejado;A;Fornecedor Gamma;24,0;15,5
PC000802;Loja Norte;16/11/2026;4;11,0;3696,57;🟡 Planejado;A;Fornecedor Gamma;21,0;17,0
PC000802;Loja Norte;02/12/2026;4;11,0;3734,34;🟡 Planejado;A;Fornecedor Gamma;21,0;17,0
PC000802;Loja Norte;26/12/2026;5;8,0;2675,62;🟡 Planejado;A;Fornecedor Gamma;30,0;12,3
PC000802;Loja Norte;10/01/2027;5;8,0;2525,65;🟡 Planejado;A;Fornecedor Gamma;30,0;12,3
PC000802;Loja Norte;27/01/2027;6;7,0;2497,44;🟡 Planejado;A;Fornecedor Gamma;31,0;11,7
PC000007;Loja Norte;14/08/2026;1;9,0;2687,21;🚨 Urgente (até 7 dias);A;Fornecedor Delta;28,0;13,0
PC000007;Loja Norte;29/08/2026;1;8,0;2515,71;🔴 Prioritário (até 30 dias);A;Fornecedor Delta;28,0;13,0
PC000007;Loja Norte;13/09/2026;2;9,0;2715,38;🟡 Planejado;A;Fornecedor Delta;27,0;13,5
PC000007;Loja Norte;29/09/2026;2;9,0;2786,48;🟡 Planejado;A;Fornecedor Delta;27,0;13,5
PC000007;Loja Norte;13/10/2026;3;12,0;3845,28;🟡 Planejado;A;Fornecedor Delta;21,0;17,0
PC000007;Loja Norte;29/10/2026;3;11,0;3512,73;🟡 Planejado;A;Fornecedor Delta;21,0;17,0
PC000007;Loja Norte;12/11/2026;4;14,0;4354,38;🟡 Planejado;A;Fornecedor Delta;18,0;20,2
PC000007;Loja Norte;28/11/2026;4;13,0;4173,76;🟡 Planejado;A;Fornecedor Delta;18,0;20,2
PC000007;Loja Norte;19/12/2026;5;9,0;2938,9;🟡 Planejado;A;Fornecedor Delta;24,0;15,0
PC000007;Loja Norte;04/01/2027;5;10,0;3104,64;🟡 Planejado;A;Fornecedor Delta;24,0;15,0
PC000007;Loja Norte;22/01/2027;6;9,0;2761,55;🟡 Planejado;A;Fornecedor Delta;27,0;13,7
PC000007;Loja Norte;06/02/2027;6;8,0;2649,47;🟡 Planejado;A;Fornecedor Delta;27,0;13,7
PC000425;Loja Norte;31/10/2026;3;7,0;2952,98;🟡 Planejado;A;Fornecedor Delta;36,0;10,3
PC000425;Loja Norte;14/11/2026;4;7,0;3211,37;🟡 Planejado;A;Fornecedor Delta;32,0;11,2
PC000425;Loja Norte;29/11/2026;4;7,0;3075,58;🟡 Planejado;A;Fornecedor Delta;32,0;11,2
PC000425;Loja Norte;21/12/2026;5;5,0;2318,37;🟡 Planejado;A;Fornecedor Delta;44,0;8,2
PC000425;Loja Norte;06/01/2027;5;5,0;2403,63;🟡 Planejado;A;Fornecedor Delta;44,0;8,2
PC000425;Loja Norte;20/01/2027;6;6,0;2601,45;🟡 Planejado;A;Fornecedor Delta;41,0;8,9
PC000425;Loja Norte;04/02/2027;6;5,0;2440,25;🟡 Planejado;A;Fornecedor Delta;41,0;8,9
PC000207;Loja Norte;07/09/2026;1;7,0;2141,2;🔴 Prioritário (até 30 dias);A;Fornecedor Delta;33,0;11,0
PC000207;Loja Norte;22/09/2026;2;7,0;2209,83;🟡 Planejado;A;Fornecedor Delta;33,0;11,2
PC000207;Loja Norte;08/10/2026;2;7,0;2287,85;🟡 Planejado;A;Fornecedor Delta;33,0;11,2
PC000207;Loja Norte;23/10/2026;3;7,0;2190,63;🟡 Planejado;A;Fornecedor Delta;32,0;11,3
PC000207;Loja Norte;07/11/2026;3;7,0;2161,61;🟡 Planejado;A;Fornecedor Delta;32,0;11,3
PC000207;Loja Norte;22/11/2026;4;7,0;2181,27;🟡 Planejado;A;Fornecedor Delta;32,0;11,3
PC000207;Loja Norte;07/12/2026;4;7,0;2168,8;🟡 Planejado;A;Fornecedor Delta;32,0;11,3
PC000207;Loja Norte;22/12/2026;5;7,0;2177,24;🟡 Planejado;A;Fornecedor Delta;32,0;11,4
PC000207;Loja Norte;07/01/2027;5;7,0;2316,68;🟡 Planejado;A;Fornecedor Delta;32,0;11,4
PC000207;Loja Norte;22/01/2027;6;7,0;2175,6;🟡 Planejado;A;Fornecedor Delta;32,0;11,4
PC000207;Loja Norte;06/02/2027;6;7,0;2173,22;🟡 Planejado;A;Fornecedor Delta;32,0;11,4
PC000683;Loja Norte;24/10/2026;3;8,0;2397,46;🟡 Planejado;A;Fornecedor Alfa;28,0;13,2
PC000683;Loja Norte;09/11/2026;3;9,0;2530,26;🟡 Planejado;A;Fornecedor Alfa;28,0;13,2
PC000683;Loja Norte;21/11/2026;4;9,0;2759,8;🟡 Planejado;A;Fornecedor Alfa;24,0;15,0
PC000683;Loja Norte;07/12/2026;4;10,0;2875,11;🟡 Planejado;A;Fornecedor Alfa;24,0;15,0
PC000683;Loja Norte;30/12/2026;5;7,0;2153,54;🟡 Planejado;A;Fornecedor Alfa;31,0;11,6
PC000683;Loja Norte;15/01/2027;6;7,0;2105,56;🟡 Planejado;A;Fornecedor Alfa;32,0;11,3
PC000683;Loja Norte;31/01/2027;6;7,0;2172,44;🟡 Planejado;A;Fornecedor Alfa;32,0;11,3
PC000255;Loja Norte;22/10/2026;3;9,0;2743,03;🟡 Planejado;A;Fornecedor Delta;26,0;14,2
PC000255;Loja Norte;07/11/2026;3;9,0;2909,2;🟡 Planejado;A;Fornecedor Delta;26,0;14,2
PC000255;Loja Norte;18/11/2026;4;11,0;3525,19;🟡 Planejado;A;Fornecedor Delta;21,0;17,5
PC000255;Loja Norte;04/12/2026;4;11,0;3568,71;🟡 Planejado;A;Fornecedor Delta;21,0;17,5
PC000255;Loja Norte;29/12/2026;5;8,0;2464,78;🟡 Planejado;A;Fornecedor Delta;29,0;12,4
PC000255;Loja Norte;13/01/2027;6;8,0;2619,72;🟡 Planejado;A;Fornecedor Delta;28,0;13,0
PC000255;Loja Norte;29/01/2027;6;9,0;2651,04;🟡 Planejado;A;Fornecedor Delta;28,0;13,0
PC000176;Loja Norte;25/10/2026;3;14,0;3469,41;🟡 Planejado;A;Fornecedor Gamma;16,0;22,8
PC000176;Loja Norte;09/11/2026;3;14,0;3459,46;🟡 Planejado;A;Fornecedor Gamma;16,0;22,8
PC000176;Loja Norte;19/11/2026;4;18,0;4355,46;🟡 Planejado;A;Fornecedor Gamma;13,0;28,1
PC000176;Loja Norte;05/12/2026;4;18,0;4552,89;🟡 Planejado;A;Fornecedor Gamma;13,0;28,1
PC000176;Loja Norte;04/01/2027;5;11,0;2835,22;🟡 Planejado;A;Fornecedor Gamma;21,0;17,7
PC000176;Loja Norte;17/01/2027;6;12,0;2968,59;🟡 Planejado;A;Fornecedor Gamma;19,0;19,4
PC000176;Loja Norte;01/02/2027;6;12,0;2944,85;🟡 Planejado;A;Fornecedor Gamma;19,0;19,4
PC000043;Loja Norte;01/09/2026;1;12,0;1799,28;🔴 Prioritário (até 30 dias);A;Fornecedor Gamma;19,0;19,4
PC000043;Loja Norte;16/09/2026;2;13,0;2001,33;🟡 Planejado;A;Fornecedor Gamma;18,0;20,5
PC000043;Loja Norte;01/10/2026;2;13,0;1878,44;🟡 Planejado;A;Fornecedor Gamma;18,0;20,5
PC000043;Loja Norte;15/10/2026;3;15,0;2199,4;🟡 Planejado;A;Fornecedor Gamma;16,0;22,7
PC000043;Loja Norte;30/10/2026;3;14,0;2081,25;🟡 Planejado;A;Fornecedor Gamma;16,0;22,7
PC000043;Loja Norte;14/11/2026;4;16,0;2308,24;🟡 Planejado;A;Fornecedor Gamma;15,0;23,8
PC000043;Loja Norte;29/11/2026;4;15,0;2184,43;🟡 Planejado;A;Fornecedor Gamma;15,0;23,8
PC000043;Loja Norte;17/12/2026;5;13,0;2003,4;🟡 Planejado;A;Fornecedor Gamma;17,0;21,0
PC000043;Loja Norte;01/01/2027;5;13,0;1926,97;🟡 Planejado;A;Fornecedor Gamma;17,0;21,0
PC000043;Loja Norte;16/01/2027;6;13,0;2003,01;🟡 Planejado;A;Fornecedor Gamma;17,0;21,3
PC000043;Loja Norte;01/02/2027;6;14,0;2089,23;🟡 Planejado;A;Fornecedor Gamma;17,0;21,3
PC000016;Loja Norte;12/11/2026;4;9,0;3913,28;🟡 Planejado;A;Fornecedor Beta;26,0;14,0
PC000016;Loja Norte;27/11/2026;4;9,0;3600,32;🟡 Planejado;A;Fornecedor Beta;26,0;14,0
PC000016;Loja Norte;19/12/2026;5;6,0;2561,17;🟡 Planejado;A;Fornecedor Beta;37,0;9,8
PC000016;Loja Norte;04/01/2027;5;6,0;2695,37;🟡 Planejado;A;Fornecedor Beta;37,0;9,8
PC000016;Loja Norte;19/01/2027;6;6,0;2569,05;🟡 Planejado;A;Fornecedor Beta;37,0;9,9
PC000016;Loja Norte;04/02/2027;6;7,0;2712,66;🟡 Planejado;A;Fornecedor Beta;37,0;9,9
PC000334;Loja Norte;15/11/2026;4;4,0;1919,15;🟡 Planejado;A;Fornecedor Alfa;56,0;6,5
PC000334;Loja Norte;01/12/2026;4;4,0;1925,44;🟡 Planejado;A;Fornecedor Alfa;56,0;6,5
PC000334;Loja Norte;16/12/2026;5;4,0;1805,11;🟡 Planejado;A;Fornecedor Alfa;56,0;6,5
PC000334;Loja Norte;01/01/2027;5;4,0;1925,45;🟡 Planejado;A;Fornecedor Alfa;56,0;6,5
PC000334;Loja Norte;17/01/2027;6;4,0;1925,45;🟡 Planejado;A;Fornecedor Alfa;56,0;6,5
PC000334;Loja Norte;02/02/2027;6;4,0;1925,45;🟡 Planejado;A;Fornecedor Alfa;56,0;6,5
PC000059;Loja Norte;18/12/2026;5;9,0;2035,4;🟡 Planejado;A;Fornecedor Gamma;25,0;14,5
PC000059;Loja Norte;02/01/2027;5;9,0;1973,48;🟡 Planejado;A;Fornecedor Gamma;25,0;14,5
PC000059;Loja Norte;18/01/2027;6;10,0;2104,68;🟡 Planejado;A;Fornecedor Gamma;25,0;14,5
PC000059;Loja Norte;02/02/2027;6;9,0;1973,34;🟡 Planejado;A;Fornecedor Gamma;25,0;14,5
PC000886;Loja Norte;13/10/2026;3;12,0;2484,13;🟡 Planejado;A;Fornecedor Alfa;22,0;16,5
PC000886;Loja Norte;29/10/2026;3;11,0;2303,77;🟡 Planejado;A;Fornecedor Alfa;22,0;16,5
PC000886;Loja Norte;12/11/2026;4;13,0;2822,8;🟡 Planejado;A;Fornecedor Alfa;19,0;19,5
PC000886;Loja Norte;28/11/2026;4;13,0;2720,29;🟡 Planejado;A;Fornecedor Alfa;19,0;19,5
PC000886;Loja Norte;20/12/2026;5;9,0;1869,67;🟡 Planejado;A;Fornecedor Alfa;26,0;14,0
PC000886;Loja Norte;05/01/2027;5;9,0;1952,81;🟡 Planejado;A;Fornecedor Alfa;26,0;14,0
PC000886;Loja Norte;22/01/2027;6;8,0;1793,52;🟡 Planejado;A;Fornecedor Alfa;28,0;13,2
PC000886;Loja Norte;07/02/2027;6;9,0;1845,63;🟡 Planejado;A;Fornecedor Alfa;28,0;13,2
PC000860;Loja Norte;24/10/2026;3;6,0;2138,65;🟡 Planejado;A;Fornecedor Beta;35,0;10,4
PC000860;Loja Norte;08/11/2026;3;6,0;2121,77;🟡 Planejado;A;Fornecedor Beta;35,0;10,4
PC000860;Loja Norte;18/11/2026;4;8,0;2678,02;🟡 Planejado;A;Fornecedor Beta;28,0;12,9
PC000860;Loja Norte;04/12/2026;4;9,0;2809,6;🟡 Planejado;A;Fornecedor Beta;28,0;12,9
PC000860;Loja Norte;01/01/2027;5;5,0;1720,89;🟡 Planejado;A;Fornecedor Beta;44,0;8,3
PC000860;Loja Norte;16/01/2027;6;6,0;1826,1;🟡 Planejado;A;Fornecedor Beta;42,0;8,6
PC000860;Loja Norte;31/01/2027;6;5,0;1749,06;🟡 Planejado;A;Fornecedor Beta;42,0;8,6
PC000587;Loja Norte;24/08/2026;1;20,0;6255,96;🔴 Prioritário (até 30 dias);A;Fornecedor Alfa;12,0;31,4
PC000587;Loja Norte;09/09/2026;1;21,0;6501,16;🔴 Prioritário (até 30 dias);A;Fornecedor Alfa;12,0;31,4
PC000587;Loja Norte;25/09/2026;2;21,0;6501,16;🟡 Planejado;A;Fornecedor Alfa;12,0;31,4
PC000587;Loja Norte;11/10/2026;2;21,0;6501,16;🟡 Planejado;A;Fornecedor Alfa;12,0;31,4
PC000587;Loja Norte;27/10/2026;3;21,0;6501,16;🟡 Planejado;A;Fornecedor Alfa;12,0;31,4
PC000587;Loja Norte;12/11/2026;4;21,0;6501,16;🟡 Planejado;A;Fornecedor Alfa;12,0;31,4
PC000587;Loja Norte;28/11/2026;4;21,0;6501,16;🟡 Planejado;A;Fornecedor Alfa;12,0;31,4
PC000587;Loja Norte;14/12/2026;5;21,0;6501,16;🟡 Planejado;A;Fornecedor Alfa;12,0;31,4
PC000587;Loja Norte;30/12/2026;5;21,0;6501,16;🟡 Planejado;A;Fornecedor Alfa;12,0;31,4
PC000587;Loja Norte;15/01/2027;6;21,0;6501,16;🟡 Planejado;A;Fornecedor Alfa;12,0;31,4
PC000587;Loja Norte;31/01/2027;6;21,0;6501,16;🟡 Planejado;A;Fornecedor Alfa;12,0;31,4
PC000015;Loja Norte;09/11/2026;3;7,0;2290,32;🟡 Planejado;A;Fornecedor Alfa;32,0;11,4
PC000015;Loja Norte;19/11/2026;4;9,0;3020,62;🟡 Planejado;A;Fornecedor Alfa;25,0;14,5
PC000015;Loja Norte;04/12/2026;4;9,0;2852,34;🟡 Planejado;A;Fornecedor Alfa;25,0;14,5
PC000015;Loja Norte;01/01/2027;5;6,0;1926,01;🟡 Planejado;A;Fornecedor Alfa;39,0;9,4
PC000015;Loja Norte;17/01/2027;6;6,0;1777,56;🟡 Planejado;A;Fornecedor Alfa;41,0;9,0
PC000015;Loja Norte;02/02/2027;6;6,0;1890,38;🟡 Planejado;A;Fornecedor Alfa;41,0;9,0
PC000477;Loja Norte;29/01/2027;6;5,0;1815,75;🟡 Planejado;A;Fornecedor Gamma;47,0;7,7
PC000564;Loja Norte;12/09/2026;1;10,0;1348,5;🔴 Prioritário (até 30 dias);A;Fornecedor Alfa;23,0;16,0
PC000564;Loja Norte;23/09/2026;2;13,0;1632,44;🟡 Planejado;A;Fornecedor Alfa;19,0;19,2
PC000564;Loja Norte;08/10/2026;2;12,0;1530,68;🟡 Planejado;A;Fornecedor Alfa;19,0;19,2
PC000564;Loja Norte;17/10/2026;3;16,0;2059,89;🟡 Planejado;A;Fornecedor Alfa;14,0;25,3
PC000564;Loja Norte;01/11/2026;3;16,0;2019,88;🟡 Planejado;A;Fornecedor Alfa;14,0;25,3
PC000564;Loja Norte;15/11/2026;4;18,0;2306,65;🟡 Planejado;A;Fornecedor Alfa;13,0;27,6
PC000564;Loja Norte;01/12/2026;4;18,0;2352,86;🟡 Planejado;A;Fornecedor Alfa;13,0;27,6
PC000564;Loja Norte;24/12/2026;5;13,0;1687,34;🟡 Planejado;A;Fornecedor Alfa;18,0;20,2
PC000564;Loja Norte;09/01/2027;5;13,0;1722,2;🟡 Planejado;A;Fornecedor Alfa;18,0;20,2
PC000564;Loja Norte;25/01/2027;6;13,0;1633,57;🟡 Planejado;A;Fornecedor Alfa;18,0;19,9
PC000564;Loja Norte;09/02/2027;6;12,0;1585,02;🟡 Planejado;A;Fornecedor Alfa;18,0;19,9
PC000845;Loja Norte;04/01/2027;5;5,0;1972,8;🟡 Planejado;A;Fornecedor Gamma;51,0;7,2
PC000845;Loja Norte;22/01/2027;6;4,0;1716,91;🟡 Planejado;A;Fornecedor Gamma;57,0;6,5
PC000845;Loja Norte;07/02/2027;6;4,0;1803,6;🟡 Planejado;A;Fornecedor Gamma;57,0;6,5
PC000410;Loja Norte;11/10/2026;2;5,0;2093,21;🟡 Planejado;A;Fornecedor Beta;44,0;8,3
PC000410;Loja Norte;26/10/2026;3;5,0;2028,15;🟡 Planejado;A;Fornecedor Beta;44,0;8,3
PC000410;Loja Norte;11/11/2026;3;5,0;2149,66;🟡 Planejado;A;Fornecedor Beta;44,0;8,3
PC000410;Loja Norte;26/11/2026;4;5,0;2024,04;🟡 Planejado;A;Fornecedor Beta;44,0;8,4
PC000410;Loja Norte;12/12/2026;5;6,0;2155,41;🟡 Planejado;A;Fornecedor Beta;44,0;8,4
PC000410;Loja Norte;27/12/2026;5;5,0;2019,5;🟡 Planejado;A;Fornecedor Beta;44,0;8,4
PC000410;Loja Norte;11/01/2027;6;5,0;2020,65;🟡 Planejado;A;Fornecedor Beta;44,0;8,4
PC000410;Loja Norte;27/01/2027;6;5,0;2154,72;🟡 Planejado;A;Fornecedor Beta;44,0;8,4
PC000857;Loja Norte;05/11/2026;3;6,0;1889,26;🟡 Planejado;A;Fornecedor Alfa;43,0;8,5
PC000857;Loja Norte;14/11/2026;4;8,0;2640,61;🟡 Planejado;A;Fornecedor Alfa;31,0;11,9
PC000857;Loja Norte;30/11/2026;4;8,0;2674,78;🟡 Planejado;A;Fornecedor Alfa;31,0;11,9
PC000857;Loja Norte;29/12/2026;5;4,0;1498,12;🟡 Planejado;A;Fornecedor Alfa;53,0;6,9
PC000857;Loja Norte;13/01/2027;6;5,0;1636,95;🟡 Planejado;A;Fornecedor Alfa;50,0;7,3
PC000857;Loja Norte;28/01/2027;6;5,0;1540,85;🟡 Planejado;A;Fornecedor Alfa;50,0;7,3
PC000959;Loja Norte;13/10/2026;3;7,0;2103,35;🟡 Planejado;A;Fornecedor Alfa;31,0;11,7
PC000959;Loja Norte;28/10/2026;3;7,0;2082,84;🟡 Planejado;A;Fornecedor Alfa;31,0;11,7
PC000959;Loja Norte;12/11/2026;4;10,0;2795,7;🟡 Planejado;A;Fornecedor Alfa;27,0;13,6
PC000959;Loja Norte;28/11/2026;4;9,0;2589,63;🟡 Planejado;A;Fornecedor Alfa;27,0;13,6
PC000959;Loja Norte;21/12/2026;5;6,0;1817,08;🟡 Planejado;A;Fornecedor Alfa;38,0;9,6
PC000959;Loja Norte;05/01/2027;5;6,0;1713,21;🟡 Planejado;A;Fornecedor Alfa;38,0;9,6
PC000959;Loja Norte;19/01/2027;6;6,0;1863,29;🟡 Planejado;A;Fornecedor Alfa;36,0;10,2
PC000959;Loja Norte;03/02/2027;6;6,0;1814,86;🟡 Planejado;A;Fornecedor Alfa;36,0;10,2
PC000557;Loja Norte;30/09/2026;2;7,0;2045,35;🟡 Planejado;A;Fornecedor Gamma;32,0;11,6
PC000557;Loja Norte;16/10/2026;3;7,0;2080,93;🟡 Planejado;A;Fornecedor Gamma;32,0;11,5
PC000557;Loja Norte;31/10/2026;3;7,0;1968,85;🟡 Planejado;A;Fornecedor Gamma;32,0;11,5
PC000557;Loja Norte;16/11/2026;4;7,0;2081,99;🟡 Planejado;A;Fornecedor Gamma;32,0;11,4
PC000557;Loja Norte;01/12/2026;4;7,0;1961,09;🟡 Planejado;A;Fornecedor Gamma;32,0;11,4
PC000557;Loja Norte;17/12/2026;5;7,0;2082,77;🟡 Planejado;A;Fornecedor Gamma;32,0;11,4
PC000557;Loja Norte;01/01/2027;5;7,0;1957,31;🟡 Planejado;A;Fornecedor Gamma;32,0;11,4
PC000557;Loja Norte;17/01/2027;6;7,0;2083,28;🟡 Planejado;A;Fornecedor Gamma;32,0;11,4
PC000557;Loja Norte;01/02/2027;6;7,0;1955,48;🟡 Planejado;A;Fornecedor Gamma;32,0;11,4
PC000069;Loja Norte;14/08/2026;1;18,0;2920,54;🚨 Urgente (até 7 dias);A;Fornecedor Delta;19,0;19,4
PC000069;Loja Norte;29/08/2026;1;12,0;1971,15;🔴 Prioritário (até 30 dias);A;Fornecedor Delta;19,0;19,4
PC000069;Loja Norte;14/09/2026;2;12,0;1918,39;🟡 Planejado;A;Fornecedor Delta;20,0;18,6
PC000069;Loja Norte;30/09/2026;2;12,0;2010,48;🟡 Planejado;A;Fornecedor Delta;20,0;18,6
PC000069;Loja Norte;13/10/2026;3;19,0;3067,78;🟡 Planejado;A;Fornecedor Delta;14,0;25,4
PC000069;Loja Norte;28/10/2026;3;16,0;2578,82;🟡 Planejado;A;Fornecedor Delta;14,0;25,4
PC000069;Loja Norte;12/11/2026;4;22,0;3684,43;🟡 Planejado;A;Fornecedor Delta;12,0;30,7
PC000069;Loja Norte;27/11/2026;4;19,0;3113,79;🟡 Planejado;A;Fornecedor Delta;12,0;30,7
PC000069;Loja Norte;19/12/2026;5;14,0;2326,11;🟡 Planejado;A;Fornecedor Delta;17,0;22,0
PC000069;Loja Norte;03/01/2027;5;14,0;2229,27;🟡 Planejado;A;Fornecedor Delta;17,0;22,0
PC000069;Loja Norte;19/01/2027;6;14,0;2262,06;🟡 Planejado;A;Fornecedor Delta;17,0;21,5
PC000069;Loja Norte;03/02/2027;6;13,0;2184,72;🟡 Planejado;A;Fornecedor Delta;17,0;21,5
PC000245;Loja Norte;02/12/2026;4;7,0;2360,2;🟡 Planejado;A;Fornecedor Delta;34,0;10,7
PC000245;Loja Norte;27/12/2026;5;5,0;1595,44;🟡 Planejado;A;Fornecedor Delta;50,0;7,3
PC000245;Loja Norte;15/01/2027;6;4,0;1300,34;🟡 Planejado;A;Fornecedor Delta;61,0;6,0
PC000245;Loja Norte;30/01/2027;6;4,0;1269,71;🟡 Planejado;A;Fornecedor Delta;61,0;6,0
PC000430;Loja Norte;11/10/2026;2;4,0;1676,06;🟡 Planejado;A;Fornecedor Alfa;55,0;6,7
PC000430;Loja Norte;17/10/2026;3;6,0;2370,55;🟡 Planejado;A;Fornecedor Alfa;38,0;9,7
PC000430;Loja Norte;01/11/2026;3;6,0;2348,19;🟡 Planejado;A;Fornecedor Alfa;38,0;9,7
PC000430;Loja Norte;18/11/2026;4;6,0;2318,22;🟡 Planejado;A;Fornecedor Alfa;40,0;9,2
PC000430;Loja Norte;03/12/2026;4;6,0;2209,11;🟡 Planejado;A;Fornecedor Alfa;40,0;9,2
PC000430;Loja Norte;28/12/2026;5;4,0;1543,17;🟡 Planejado;A;Fornecedor Alfa;58,0;6,3
PC000430;Loja Norte;11/01/2027;6;5,0;1862,88;🟡 Planejado;A;Fornecedor Alfa;51,0;7,2
PC000430;Loja Norte;26/01/2027;6;4,0;1738,54;🟡 Planejado;A;Fornecedor Alfa;51,0;7,2
PC000901;Loja Norte;27/09/2026;2;7,0;1896,46;🟡 Planejado;A;Fornecedor Delta;31,0;11,9
PC000901;Loja Norte;12/10/2026;2;7,0;1853,89;🟡 Planejado;A;Fornecedor Delta;31,0;11,9
PC000901;Loja Norte;27/10/2026;3;7,0;1874,74;🟡 Planejado;A;Fornecedor Delta;31,0;11,9
PC000901;Loja Norte;12/11/2026;4;8,0;1990,31;🟡 Planejado;A;Fornecedor Delta;31,0;11,9
PC000901;Loja Norte;28/11/2026;4;8,0;1987,69;🟡 Planejado;A;Fornecedor Delta;31,0;11,9
PC000901;Loja Norte;13/12/2026;5;7,0;1865,56;🟡 Planejado;A;Fornecedor Delta;31,0;12,0
PC000901;Loja Norte;28/12/2026;5;7,0;1864,45;🟡 Planejado;A;Fornecedor Delta;31,0;12,0
PC000901;Loja Norte;12/01/2027;6;7,0;1865,25;🟡 Planejado;A;Fornecedor Delta;31,0;12,0
PC000901;Loja Norte;27/01/2027;6;7,0;1864,82;🟡 Planejado;A;Fornecedor Delta;31,0;12,0
PC000666;Loja Norte;05/11/2026;3;5,0;2086,81;🟡 Planejado;A;Fornecedor Delta;42,0;8,7
PC000666;Loja Norte;15/11/2026;4;7,0;2787,21;🟡 Planejado;A;Fornecedor Delta;32,0;11,3
PC000666;Loja Norte;01/12/2026;4;7,0;2859,61;🟡 Planejado;A;Fornecedor Delta;32,0;11,3
PC000666;Loja Norte;26/12/2026;5;5,0;1967,64;🟡 Planejado;A;Fornecedor Delta;47,0;7,8
PC000666;Loja Norte;12/01/2027;6;5,0;1826,64;🟡 Planejado;A;Fornecedor Delta;50,0;7,3
PC000666;Loja Norte;28/01/2027;6;5,0;1837,01;🟡 Planejado;A;Fornecedor Delta;50,0;7,3
PC000373;Loja Norte;08/09/2026;1;4,0;1680,91;🔴 Prioritário (até 30 dias);A;Fornecedor Delta;55,0;6,7
PC000373;Loja Norte;23/09/2026;2;4,0;1626,5;🟡 Planejado;A;Fornecedor Delta;54,0;6,7
PC000373;Loja Norte;08/10/2026;2;4,0;1601,14;🟡 Planejado;A;Fornecedor Delta;54,0;6,7
PC000373;Loja Norte;23/10/2026;3;4,0;1614,45;🟡 Planejado;A;Fornecedor Delta;54,0;6,8
PC000373;Loja Norte;07/11/2026;3;4,0;1606,01;🟡 Planejado;A;Fornecedor Delta;54,0;6,8
PC000373;Loja Norte;22/11/2026;4;4,0;1610,44;🟡 Planejado;A;Fornecedor Delta;54,0;6,8
PC000373;Loja Norte;07/12/2026;4;4,0;1607,63;🟡 Planejado;A;Fornecedor Delta;54,0;6,8
PC000373;Loja Norte;22/12/2026;5;4,0;1609,11;🟡 Planejado;A;Fornecedor Delta;54,0;6,8
PC000373;Loja Norte;07/01/2027;5;4,0;1715,38;🟡 Planejado;A;Fornecedor Delta;54,0;6,8
PC000373;Loja Norte;22/01/2027;6;4,0;1608,67;🟡 Planejado;A;Fornecedor Delta;54,0;6,8
PC000373;Loja Norte;06/02/2027;6;4,0;1608,35;🟡 Planejado;A;Fornecedor Delta;54,0;6,8
PC000819;Loja Norte;13/11/2026;4;6,0;1591,81;🟡 Planejado;A;Fornecedor Alfa;42,0;8,7
PC000819;Loja Norte;28/11/2026;4;5,0;1518,56;🟡 Planejado;A;Fornecedor Alfa;42,0;8,7
PC000819;Loja Norte;14/12/2026;5;6,0;1619,15;🟡 Planejado;A;Fornecedor Alfa;42,0;8,7
PC000819;Loja Norte;30/12/2026;5;6,0;1619,49;🟡 Planejado;A;Fornecedor Alfa;42,0;8,7
PC000819;Loja Norte;15/01/2027;6;6,0;1619,28;🟡 Planejado;A;Fornecedor Alfa;42,0;8,7
PC000819;Loja Norte;30/01/2027;6;5,0;1518,18;🟡 Planejado;A;Fornecedor Alfa;42,0;8,7
PC000984;Loja Norte;13/01/2027;6;8,0;1867,01;🟡 Planejado;A;Fornecedor Beta;27,0;13,4
PC000984;Loja Norte;28/01/2027;6;8,0;1829,39;🟡 Planejado;A;Fornecedor Beta;27,0;13,4
PC000006;Loja Norte;05/11/2026;3;6,0;1798,13;🟡 Planejado;A;Fornecedor Beta;38,0;9,5
PC000006;Loja Norte;15/11/2026;4;7,0;2240,39;🟡 Planejado;A;Fornecedor Beta;30,0;12,1
PC000006;Loja Norte;30/11/2026;4;7,0;2223,33;🟡 Planejado;A;Fornecedor Beta;30,0;12,1
PC000006;Loja Norte;24/12/2026;5;5,0;1569,43;🟡 Planejado;A;Fornecedor Beta;44,0;8,3
PC000006;Loja Norte;09/01/2027;5;5,0;1631,87;🟡 Planejado;A;Fornecedor Beta;44,0;8,3
PC000006;Loja Norte;22/01/2027;6;5,0;1645,12;🟡 Planejado;A;Fornecedor Beta;41,0;8,9
PC000006;Loja Norte;07/02/2027;6;6,0;1753,48;🟡 Planejado;A;Fornecedor Beta;41,0;8,9
PC000695;Loja Norte;23/10/2026;3;9,0;1612,66;🟡 Planejado;A;Fornecedor Beta;25,0;14,6
PC000695;Loja Norte;08/11/2026;3;10,0;1631,85;🟡 Planejado;A;Fornecedor Beta;25,0;14,6
PC000695;Loja Norte;24/11/2026;4;10,0;1631,08;🟡 Planejado;A;Fornecedor Beta;25,0;14,6
PC000695;Loja Norte;09/12/2026;4;9,0;1529,59;🟡 Planejado;A;Fornecedor Beta;25,0;14,6
PC000695;Loja Norte;25/12/2026;5;10,0;1631,2;🟡 Planejado;A;Fornecedor Beta;25,0;14,6
PC000695;Loja Norte;10/01/2027;5;10,0;1631,43;🟡 Planejado;A;Fornecedor Beta;25,0;14,6
PC000695;Loja Norte;26/01/2027;6;10,0;1631,24;🟡 Planejado;A;Fornecedor Beta;25,0;14,6
PC000515;Loja Norte;14/08/2026;1;22,0;2097,06;🚨 Urgente (até 7 dias);A;Fornecedor Gamma;13,0;27,6
PC000515;Loja Norte;29/08/2026;1;17,0;1609,33;🔴 Prioritário (até 30 dias);A;Fornecedor Gamma;13,0;27,6
PC000515;Loja Norte;13/09/2026;2;17,0;1623,5;🟡 Planejado;A;Fornecedor Gamma;13,0;27,7
PC000515;Loja Norte;28/09/2026;2;17,0;1616,19;🟡 Planejado;A;Fornecedor Gamma;13,0;27,7
PC000515;Loja Norte;13/10/2026;3;28,0;2603,45;🟡 Planejado;A;Fornecedor Gamma;10,0;35,9
PC000515;Loja Norte;29/10/2026;3;24,0;2233,49;🟡 Planejado;A;Fornecedor Gamma;10,0;35,9
PC000515;Loja Norte;12/11/2026;4;29,0;2757,27;🟡 Planejado;A;Fornecedor Gamma;9,0;42,6
PC000515;Loja Norte;28/11/2026;4;28,0;2647,93;🟡 Planejado;A;Fornecedor Gamma;9,0;42,6
PC000515;Loja Norte;18/12/2026;5;20,0;1937,84;🟡 Planejado;A;Fornecedor Gamma;11,0;33,1
PC000515;Loja Norte;03/01/2027;5;22,0;2054,6;🟡 Planejado;A;Fornecedor Gamma;11,0;33,1
PC000515;Loja Norte;19/01/2027;6;20,0;1892,44;🟡 Planejado;A;Fornecedor Gamma;11,0;32,0
PC000515;Loja Norte;04/02/2027;6;21,0;1988,07;🟡 Planejado;A;Fornecedor Gamma;11,0;32,0
PC000378;Loja Norte;13/11/2026;4;9,0;2096,83;🟡 Planejado;A;Fornecedor Delta;26,0;14,0
PC000378;Loja Norte;29/11/2026;4;9,0;2173,65;🟡 Planejado;A;Fornecedor Delta;26,0;14,0
PC000378;Loja Norte;22/12/2026;5;6,0;1507,94;🟡 Planejado;A;Fornecedor Delta;37,0;10,0
PC000378;Loja Norte;07/01/2027;5;7,0;1542,75;🟡 Planejado;A;Fornecedor Delta;37,0;10,0
PC000378;Loja Norte;25/01/2027;6;6,0;1406,17;🟡 Planejado;A;Fornecedor Delta;40,0;9,2
PC000378;Loja Norte;09/02/2027;6;6,0;1336,52;🟡 Planejado;A;Fornecedor Delta;40,0;9,2
PC000336;Loja Norte;30/09/2026;2;5,0;1361,0;🟡 Planejado;A;Fornecedor Alfa;50,0;7,4
PC000336;Loja Norte;15/10/2026;3;5,0;1341,23;🟡 Planejado;A;Fornecedor Alfa;50,0;7,4
PC000336;Loja Norte;30/10/2026;3;5,0;1341,23;🟡 Planejado;A;Fornecedor Alfa;50,0;7,4
PC000336;Loja Norte;14/11/2026;4;5,0;1341,23;🟡 Planejado;A;Fornecedor Alfa;50,0;7,4
PC000336;Loja Norte;29/11/2026;4;5,0;1341,23;🟡 Planejado;A;Fornecedor Alfa;50,0;7,4
PC000336;Loja Norte;14/12/2026;5;5,0;1341,23;🟡 Planejado;A;Fornecedor Alfa;50,0;7,4
PC000336;Loja Norte;30/12/2026;5;5,0;1430,65;🟡 Planejado;A;Fornecedor Alfa;50,0;7,4
PC000336;Loja Norte;15/01/2027;6;5,0;1430,65;🟡 Planejado;A;Fornecedor Alfa;50,0;7,4
PC000336;Loja Norte;31/01/2027;6;5,0;1430,65;🟡 Planejado;A;Fornecedor Alfa;50,0;7,4
PC000041;Loja Norte;27/08/2026;1;5,0;1323,58;🔴 Prioritário (até 30 dias);A;Fornecedor Delta;43,0;8,5
PC000041;Loja Norte;12/09/2026;1;6,0;1377,52;🔴 Prioritário (até 30 dias);A;Fornecedor Delta;43,0;8,5
PC000041;Loja Norte;26/09/2026;2;5,0;1354,26;🟡 Planejado;A;Fornecedor Delta;41,0;8,8
PC000041;Loja Norte;12/10/2026;2;6,0;1431,68;🟡 Planejado;A;Fornecedor Delta;41,0;8,8
PC000041;Loja Norte;22/10/2026;3;7,0;1626,89;🟡 Planejado;A;Fornecedor Delta;34,0;10,6
PC000041;Loja Norte;06/11/2026;3;7,0;1616,73;🟡 Planejado;A;Fornecedor Delta;34,0;10,6
PC000041;Loja Norte;19/11/2026;4;7,0;1802,62;🟡 Planejado;A;Fornecedor Delta;31,0;11,7
PC000041;Loja Norte;05/12/2026;4;8,0;1893,54;🟡 Planejado;A;Fornecedor Delta;31,0;11,7
PC000041;Loja Norte;29/12/2026;5;5,0;1325,82;🟡 Planejado;A;Fornecedor Delta;43,0;8,6
PC000041;Loja Norte;12/01/2027;6;6,0;1468,13;🟡 Planejado;A;Fornecedor Delta;39,0;9,3
PC000041;Loja Norte;28/01/2027;6;6,0;1515,21;🟡 Planejado;A;Fornecedor Delta;39,0;9,3
PC000529;Loja Norte;14/08/2026;1;7,0;2498,07;🚨 Urgente (até 7 dias);A;Fornecedor Delta;52,0;7,0
PC000529;Loja Norte;30/08/2026;1;5,0;1663,98;🔴 Prioritário (até 30 dias);A;Fornecedor Delta;52,0;7,0
PC000529;Loja Norte;14/09/2026;2;4,0;1627,56;🟡 Planejado;A;Fornecedor Delta;51,0;7,1
PC000529;Loja Norte;30/09/2026;2;5,0;1697,77;🟡 Planejado;A;Fornecedor Delta;51,0;7,1
PC000529;Loja Norte;15/10/2026;3;4,0;1599,27;🟡 Planejado;A;Fornecedor Delta;51,0;7,1
PC000529;Loja Norte;31/10/2026;3;5,0;1701,46;🟡 Planejado;A;Fornecedor Delta;51,0;7,1
PC000529;Loja Norte;15/11/2026;4;4,0;1595,98;🟡 Planejado;A;Fornecedor Delta;51,0;7,1
PC000529;Loja Norte;01/12/2026;4;5,0;1701,87;🟡 Planejado;A;Fornecedor Delta;51,0;7,1
PC000529;Loja Norte;16/12/2026;5;4,0;1595,59;🟡 Planejado;A;Fornecedor Delta;51,0;7,1
PC000529;Loja Norte;01/01/2027;5;5,0;1701,91;🟡 Planejado;A;Fornecedor Delta;51,0;7,1
PC000529;Loja Norte;16/01/2027;6;4,0;1595,56;🟡 Planejado;A;Fornecedor Delta;51,0;7,1
PC000529;Loja Norte;01/02/2027;6;5,0;1701,92;🟡 Planejado;A;Fornecedor Delta;51,0;7,1
PC000671;Loja Norte;14/08/2026;1;7,0;1220,95;🚨 Urgente (até 7 dias);A;Fornecedor Beta;36,0;10,1
PC000671;Loja Norte;29/08/2026;1;6,0;1102,45;🔴 Prioritário (até 30 dias);A;Fornecedor Beta;36,0;10,1
PC000671;Loja Norte;13/09/2026;2;7,0;1238,86;🟡 Planejado;A;Fornecedor Beta;34,0;10,8
PC000671;Loja Norte;28/09/2026;2;7,0;1168,45;🟡 Planejado;A;Fornecedor Beta;34,0;10,8
PC000671;Loja Norte;13/10/2026;3;12,0;2169,76;🟡 Planejado;A;Fornecedor Beta;24,0;15,2
PC000671;Loja Norte;29/10/2026;3;10,0;1763,15;🟡 Planejado;A;Fornecedor Beta;24,0;15,2
PC000671;Loja Norte;12/11/2026;4;12,0;2134,47;🟡 Planejado;A;Fornecedor Beta;20,0;17,9
PC000671;Loja Norte;28/11/2026;4;12,0;2068,55;🟡 Planejado;A;Fornecedor Beta;20,0;17,9
PC000671;Loja Norte;22/12/2026;5;8,0;1356,3;🟡 Planejado;A;Fornecedor Beta;30,0;12,0
PC000671;Loja Norte;07/01/2027;5;8,0;1386,98;🟡 Planejado;A;Fornecedor Beta;30,0;12,0
PC000671;Loja Norte;22/01/2027;6;8,0;1361,68;🟡 Planejado;A;Fornecedor Beta;30,0;12,2
PC000671;Loja Norte;06/02/2027;6;8,0;1322,22;🟡 Planejado;A;Fornecedor Beta;30,0;12,2
PC000072;Loja Norte;21/10/2026;3;16,0;1759,26;🟡 Planejado;A;Fornecedor Alfa;15,0;25,0
PC000072;Loja Norte;05/11/2026;3;15,0;1713,41;🟡 Planejado;A;Fornecedor Alfa;15,0;25,0
PC000072;Loja Norte;15/11/2026;4;20,0;2170,08;🟡 Planejado;A;Fornecedor Alfa;12,0;31,6
PC000072;Loja Norte;30/11/2026;4;19,0;2166,85;🟡 Planejado;A;Fornecedor Alfa;12,0;31,6
PC000072;Loja Norte;25/12/2026;5;13,0;1451,5;🟡 Planejado;A;Fornecedor Alfa;17,0;20,9
PC000072;Loja Norte;09/01/2027;5;13,0;1430,52;🟡 Planejado;A;Fornecedor Alfa;17,0;20,9
PC000072;Loja Norte;25/01/2027;6;13,0;1436,65;🟡 Planejado;A;Fornecedor Alfa;18,0;20,4
PC000057;Loja Norte;12/01/2027;6;4,0;1421,82;🟡 Planejado;A;Fornecedor Beta;56,0;6,5
PC000057;Loja Norte;28/01/2027;6;4,0;1482,11;🟡 Planejado;A;Fornecedor Beta;56,0;6,5
PC000947;Loja Norte;21/01/2027;6;9,0;1843,38;🟡 Planejado;B;Fornecedor Gamma;46,0;7,9
PC000899;Loja Norte;12/09/2026;1;11,0;1785,43;🔴 Prioritário (até 30 dias);B;Fornecedor Beta;38,0;9,6
PC000899;Loja Norte;01/10/2026;2;11,0;1817,79;🟡 Planejado;B;Fornecedor Beta;37,0;9,9
PC000899;Loja Norte;14/10/2026;3;15,0;2519,18;🟡 Planejado;B;Fornecedor Beta;27,0;13,5
PC000899;Loja Norte;03/11/2026;3;15,0;2437,94;🟡 Planejado;B;Fornecedor Beta;27,0;13,5
PC000899;Loja Norte;18/11/2026;4;18,0;2930,01;🟡 Planejado;B;Fornecedor Beta;23,0;16,1
PC000899;Loja Norte;08/12/2026;4;18,0;2906,69;🟡 Planejado;B;Fornecedor Beta;23,0;16,1
PC000899;Loja Norte;15/01/2027;6;12,0;1998,55;🟡 Planejado;B;Fornecedor Beta;33,0;11,0
PC000899;Loja Norte;04/02/2027;6;12,0;1989,29;🟡 Planejado;B;Fornecedor Beta;33,0;11,0
PC000822;Loja Norte;25/08/2026;1;25,0;1532,51;🔴 Prioritário (até 30 dias);B;Fornecedor Alfa;17,0;22,1
PC000822;Loja Norte;14/09/2026;2;24,0;1498,71;🟡 Planejado;B;Fornecedor Alfa;17,0;22,1
PC000822;Loja Norte;05/10/2026;2;25,0;1569,11;🟡 Planejado;B;Fornecedor Alfa;17,0;22,1
PC000822;Loja Norte;25/10/2026;3;24,0;1498,15;🟡 Planejado;B;Fornecedor Alfa;16,0;22,1
PC000822;Loja Norte;14/11/2026;4;24,0;1496,91;🟡 Planejado;B;Fornecedor Alfa;16,0;22,1
PC000822;Loja Norte;05/12/2026;4;25,0;1571,14;🟡 Planejado;B;Fornecedor Alfa;16,0;22,1
PC000822;Loja Norte;25/12/2026;5;24,0;1496,82;🟡 Planejado;B;Fornecedor Alfa;16,0;22,2
PC000822;Loja Norte;14/01/2027;6;24,0;1496,66;🟡 Planejado;B;Fornecedor Alfa;16,0;22,2
PC000822;Loja Norte;03/02/2027;6;24,0;1496,57;🟡 Planejado;B;Fornecedor Alfa;16,0;22,2
PC000702;Loja Norte;22/11/2026;4;13,0;2644,36;🟡 Planejado;B;Fornecedor Gamma;30,0;12,0
PC000702;Loja Norte;22/12/2026;5;9,0;1847,22;🟡 Planejado;B;Fornecedor Gamma;44,0;8,3
PC000702;Loja Norte;16/01/2027;6;8,0;1563,18;🟡 Planejado;B;Fornecedor Gamma;53,0;6,9
PC000702;Loja Norte;06/02/2027;6;8,0;1577,98;🟡 Planejado;B;Fornecedor Gamma;53,0;6,9
PC000206;Loja Norte;05/11/2026;3;6,0;1962,39;🟡 Planejado;B;Fornecedor Delta;71,0;5,1
PC000206;Loja Norte;20/11/2026;4;7,0;2406,61;🟡 Planejado;B;Fornecedor Delta;60,0;6,1
PC000206;Loja Norte;10/12/2026;4;7,0;2339,11;🟡 Planejado;B;Fornecedor Delta;60,0;6,1
PC000206;Loja Norte;13/01/2027;6;5,0;1779,76;🟡 Planejado;B;Fornecedor Delta;80,0;4,6
PC000206;Loja Norte;02/02/2027;6;5,0;1746,79;🟡 Planejado;B;Fornecedor Delta;80,0;4,6
PC000027;Loja Norte;14/11/2026;4;5,0;1843,06;🟡 Planejado;B;Fornecedor Alfa;87,0;4,2
PC000027;Loja Norte;05/12/2026;4;5,0;1876,98;🟡 Planejado;B;Fornecedor Alfa;87,0;4,2
PC000027;Loja Norte;01/01/2027;5;4,0;1517,69;🟡 Planejado;B;Fornecedor Alfa;104,0;3,5
PC000027;Loja Norte;23/01/2027;6;4,0;1518,89;🟡 Planejado;B;Fornecedor Alfa;108,0;3,4
PC000946;Loja Norte;26/10/2026;3;8,0;1934,29;🟡 Planejado;B;Fornecedor Beta;50,0;7,2
PC000946;Loja Norte;13/11/2026;4;9,0;2150,84;🟡 Planejado;B;Fornecedor Beta;45,0;8,1
PC000946;Loja Norte;04/12/2026;4;9,0;2202,65;🟡 Planejado;B;Fornecedor Beta;45,0;8,1
PC000946;Loja Norte;02/01/2027;5;7,0;1681,6;🟡 Planejado;B;Fornecedor Beta;57,0;6,4
PC000946;Loja Norte;23/01/2027;6;7,0;1669,06;🟡 Planejado;B;Fornecedor Beta;58,0;6,3
PC000520;Loja Norte;13/01/2027;6;4,0;1628,31;🟡 Planejado;B;Fornecedor Beta;105,0;3,5
PC000520;Loja Norte;03/02/2027;6;4,0;1666,85;🟡 Planejado;B;Fornecedor Beta;105,0;3,5
PC000879;Loja Norte;09/11/2026;3;14,0;1952,15;🟡 Planejado;B;Fornecedor Alfa;30,0;12,3
PC000879;Loja Norte;27/11/2026;4;15,0;2129,81;🟡 Planejado;B;Fornecedor Alfa;27,0;13,3
PC000879;Loja Norte;22/12/2026;5;13,0;1760,16;🟡 Planejado;B;Fornecedor Alfa;32,0;11,3
PC000879;Loja Norte;11/01/2027;6;13,0;1817,86;🟡 Planejado;B;Fornecedor Alfa;32,0;11,6
PC000879;Loja Norte;31/01/2027;6;13,0;1771,41;🟡 Planejado;B;Fornecedor Alfa;32,0;11,6
PC000900;Loja Norte;15/11/2026;4;7,0;2450,1;🟡 Planejado;B;Fornecedor Gamma;58,0;6,3
PC000900;Loja Norte;06/12/2026;4;7,0;2551,61;🟡 Planejado;B;Fornecedor Gamma;58,0;6,3
PC000900;Loja Norte;05/01/2027;5;5,0;1931,97;🟡 Planejado;B;Fornecedor Gamma;75,0;4,9
PC000900;Loja Norte;28/01/2027;6;5,0;1802,65;🟡 Planejado;B;Fornecedor Gamma;80,0;4,6
PC000343;Loja Norte;25/12/2026;5;3,0;1219,14;🟡 Planejado;B;Fornecedor Delta;131,0;2,8
PC000343;Loja Norte;13/01/2027;6;3,0;1271,97;🟡 Planejado;B;Fornecedor Delta;125,0;2,9
PC000343;Loja Norte;03/02/2027;6;3,0;1321,04;🟡 Planejado;B;Fornecedor Delta;125,0;2,9
PC000165;Loja Norte;26/09/2026;2;21,0;1665,29;🟡 Planejado;C;Fornecedor Beta;30,0;12,2
PC000165;Loja Norte;21/10/2026;3;21,0;1692,35;🟡 Planejado;C;Fornecedor Beta;30,0;12,3
PC000165;Loja Norte;15/11/2026;4;21,0;1679,82;🟡 Planejado;C;Fornecedor Beta;30,0;12,4
PC000165;Loja Norte;11/12/2026;4;22,0;1740,2;🟡 Planejado;C;Fornecedor Beta;30,0;12,4
PC000165;Loja Norte;05/01/2027;5;21,0;1678,11;🟡 Planejado;C;Fornecedor Beta;30,0;12,4
PC000165;Loja Norte;30/01/2027;6;21,0;1676,2;🟡 Planejado;C;Fornecedor Beta;29,0;12,4
PC000761;Loja Norte;18/08/2026;1;10,0;2002,43;🚨 Urgente (até 7 dias);C;Fornecedor Gamma;66,0;5,5
PC000761;Loja Norte;13/09/2026;2;9,0;1965,79;🟡 Planejado;C;Fornecedor Gamma;68,0;5,4
PC000761;Loja Norte;09/10/2026;2;10,0;2007,76;🟡 Planejado;C;Fornecedor Gamma;68,0;5,4
PC000761;Loja Norte;04/11/2026;3;9,0;1976,67;🟡 Planejado;C;Fornecedor Gamma;68,0;5,4
PC000761;Loja Norte;30/11/2026;4;10,0;1989,0;🟡 Planejado;C;Fornecedor Gamma;68,0;5,4
PC000761;Loja Norte;26/12/2026;5;10,0;1992,17;🟡 Planejado;C;Fornecedor Gamma;68,0;5,4
PC000761;Loja Norte;21/01/2027;6;10,0;1993,01;🟡 Planejado;C;Fornecedor Gamma;68,0;5,4
PC000974;Loja Norte;30/10/2026;3;8,0;1879,33;🟡 Planejado;C;Fornecedor Delta;79,0;4,6
PC000974;Loja Norte;15/11/2026;4;10,0;2395,03;🟡 Planejado;C;Fornecedor Delta;62,0;5,9
PC000974;Loja Norte;11/12/2026;4;10,0;2478,79;🟡 Planejado;C;Fornecedor Delta;62,0;5,9
PC000974;Loja Norte;27/01/2027;6;8,0;1840,66;🟡 Planejado;C;Fornecedor Delta;83,0;4,4
PC000471;Loja Norte;14/11/2026;4;10,0;2638,28;🟡 Planejado;C;Fornecedor Beta;63,0;5,8
PC000471;Loja Norte;10/12/2026;4;10,0;2650,15;🟡 Planejado;C;Fornecedor Beta;63,0;5,8
PC000471;Loja Norte;09/01/2027;5;9,0;2364,92;🟡 Planejado;C;Fornecedor Beta;69,0;5,3
PC000180;Loja Norte;10/11/2026;3;7,0;1613,39;🟡 Planejado;C;Fornecedor Gamma;96,0;3,8
PC000180;Loja Norte;25/11/2026;4;8,0;2098,53;🟡 Planejado;C;Fornecedor Gamma;76,0;4,8
PC000180;Loja Norte;07/01/2027;5;6,0;1442,27;🟡 Planejado;C;Fornecedor Gamma;110,0;3,3
PC000180;Loja Norte;02/02/2027;6;6,0;1452,61;🟡 Planejado;C;Fornecedor Gamma;110,0;3,3
PC000641;Loja Norte;13/10/2026;3;11,0;2682,73;🟡 Planejado;C;Fornecedor Delta;73,0;5,0
PC000641;Loja Norte;07/11/2026;3;9,0;2125,5;🟡 Planejado;C;Fornecedor Delta;73,0;5,0
PC000641;Loja Norte;25/11/2026;4;10,0;2543,87;🟡 Planejado;C;Fornecedor Delta;62,0;5,9
PC000641;Loja Norte;05/01/2027;5;7,0;1827,62;🟡 Planejado;C;Fornecedor Delta;86,0;4,2
PC000641;Loja Norte;03/02/2027;6;7,0;1715,92;🟡 Planejado;C;Fornecedor Delta;92,0;4,0
PC000461;Loja Norte;25/08/2026;1;8,0;1417,31;🔴 Prioritário (até 30 dias);C;Fornecedor Beta;81,0;4,5
PC000461;Loja Norte;13/09/2026;2;10,0;1861,02;🟡 Planejado;C;Fornecedor Beta;65,0;5,7
PC000461;Loja Norte;09/10/2026;2;10,0;1834,38;🟡 Planejado;C;Fornecedor Beta;65,0;5,7
PC000461;Loja Norte;26/10/2026;3;12,0;2189,05;🟡 Planejado;C;Fornecedor Beta;54,0;6,8
PC000461;Loja Norte;12/11/2026;4;15,0;2806,39;🟡 Planejado;C;Fornecedor Beta;42,0;8,8
PC000461;Loja Norte;07/12/2026;4;15,0;2730,95;🟡 Planejado;C;Fornecedor Beta;42,0;8,8
PC000461;Loja Norte;28/01/2027;6;10,0;1891,17;🟡 Planejado;C;Fornecedor Beta;62,0;5,9
PC000813;Loja Norte;23/08/2026;1;11,0;1408,66;🔴 Prioritário (até 30 dias);C;Fornecedor Beta;58,0;6,3
PC000813;Loja Norte;17/09/2026;2;11,0;1381,57;🟡 Planejado;C;Fornecedor Beta;57,0;6,4
PC000813;Loja Norte;12/10/2026;2;11,0;1369,03;🟡 Planejado;C;Fornecedor Beta;57,0;6,4
PC000813;Loja Norte;06/11/2026;3;11,0;1380,88;🟡 Planejado;C;Fornecedor Beta;57,0;6,4
PC000813;Loja Norte;01/12/2026;4;11,0;1378,01;🟡 Planejado;C;Fornecedor Beta;57,0;6,4
PC000813;Loja Norte;26/12/2026;5;11,0;1377,37;🟡 Planejado;C;Fornecedor Beta;57,0;6,4
PC000813;Loja Norte;20/01/2027;6;11,0;1377,48;🟡 Planejado;C;Fornecedor Beta;57,0;6,4
PC000935;Loja Norte;23/11/2026;4;5,0;1595,05;🟡 Planejado;C;Fornecedor Delta;122,0;3,0
PC000935;Loja Norte;18/12/2026;5;5,0;1575,36;🟡 Planejado;C;Fornecedor Delta;122,0;3,0
PC000935;Loja Norte;12/01/2027;6;5,0;1575,34;🟡 Planejado;C;Fornecedor Delta;122,0;3,0
PC000935;Loja Norte;06/02/2027;6;5,0;1575,33;🟡 Planejado;C;Fornecedor Delta;122,0;3,0
PC000209;Loja Norte;13/10/2026;3;14,0;1747,3;🟡 Planejado;C;Fornecedor Delta;49,0;7,4
PC000209;Loja Norte;07/11/2026;3;13,0;1638,77;🟡 Planejado;C;Fornecedor Delta;49,0;7,4
PC000209;Loja Norte;26/11/2026;4;15,0;1877,45;🟡 Planejado;C;Fornecedor Delta;43,0;8,4
PC000209;Loja Norte;03/01/2027;5;11,0;1470,38;🟡 Planejado;C;Fornecedor Delta;56,0;6,5
PC000209;Loja Norte;29/01/2027;6;11,0;1422,85;🟡 Planejado;C;Fornecedor Delta;57,0;6,4
PC000723;Loja Norte;25/11/2026;4;14,0;2002,4;🟡 Planejado;C;Fornecedor Beta;45,0;8,1
PC000723;Loja Norte;08/01/2027;5;9,0;1325,98;🟡 Planejado;C;Fornecedor Beta;67,0;5,4
PC000723;Loja Norte;24/01/2027;6;12,0;1668,78;🟡 Planejado;C;Fornecedor Beta;55,0;6,7
PC000937;Loja Norte;28/11/2026;4;10,0;1219,75;🟡 Planejado;C;Fornecedor Alfa;66,0;5,6
PC000937;Loja Norte;23/12/2026;5;10,0;1212,3;🟡 Planejado;C;Fornecedor Alfa;66,0;5,6
PC000937;Loja Norte;17/01/2027;6;10,0;1212,18;🟡 Planejado;C;Fornecedor Alfa;66,0;5,6
PC000333;Loja Norte;15/11/2026;4;17,0;1813,31;🟡 Planejado;C;Fornecedor Gamma;38,0;9,5
PC000333;Loja Norte;11/12/2026;4;17,0;1850,24;🟡 Planejado;C;Fornecedor Gamma;38,0;9,5
PC000333;Loja Norte;26/01/2027;6;12,0;1350,5;🟡 Planejado;C;Fornecedor Gamma;52,0;7,0
PC000643;Loja Norte;30/08/2026;1;4,0;1049,24;🔴 Prioritário (até 30 dias);C;Fornecedor Alfa;145,0;2,5
PC000643;Loja Norte;25/09/2026;2;4,0;1020,14;🟡 Planejado;C;Fornecedor Alfa;148,0;2,5
PC000643;Loja Norte;13/10/2026;3;9,0;2113,4;🟡 Planejado;C;Fornecedor Alfa;91,0;4,0
PC000643;Loja Norte;07/11/2026;3;7,0;1628,06;🟡 Planejado;C;Fornecedor Alfa;91,0;4,0
PC000643;Loja Norte;28/11/2026;4;7,0;1773,46;🟡 Planejado;C;Fornecedor Alfa;84,0;4,3
PC000643;Loja Norte;13/01/2027;6;5,0;1167,97;🟡 Planejado;C;Fornecedor Alfa;129,0;2,8
PC000643;Loja Norte;07/02/2027;6;5,0;1156,46;🟡 Planejado;C;Fornecedor Alfa;129,0;2,8
PC000785;Loja Norte;08/01/2027;5;4,0;1303,62;🟡 Planejado;C;Fornecedor Alfa;148,0;2,5
PC000785;Loja Norte;03/02/2027;6;4,0;1305,78;🟡 Planejado;C;Fornecedor Alfa;148,0;2,5
PC000291;Loja Norte;03/10/2026;2;5,0;945,36;🟡 Planejado;C;Fornecedor Gamma;122,0;3,0
PC000291;Loja Norte;13/10/2026;3;10,0;1759,1;🟡 Planejado;C;Fornecedor Gamma;74,0;5,0
PC000291;Loja Norte;07/11/2026;3;8,0;1555,59;🟡 Planejado;C;Fornecedor Gamma;74,0;5,0
PC000291;Loja Norte;02/12/2026;4;9,0;1644,16;🟡 Planejado;C;Fornecedor Gamma;72,0;5,0
PC000291;Loja Norte;11/01/2027;6;7,0;1308,83;🟡 Planejado;C;Fornecedor Gamma;92,0;4,0
PC000291;Loja Norte;06/02/2027;6;7,0;1298,5;🟡 Planejado;C;Fornecedor Gamma;92,0;4,0
PC000354;Loja Norte;11/10/2026;2;4,0;1249,78;🟡 Planejado;C;Fornecedor Delta;170,0;2,2
PC000354;Loja Norte;05/11/2026;3;4,0;1216,41;🟡 Planejado;C;Fornecedor Delta;169,0;2,2
PC000354;Loja Norte;30/11/2026;4;4,0;1217,7;🟡 Planejado;C;Fornecedor Delta;169,0;2,2
PC000354;Loja Norte;25/12/2026;5;4,0;1219,0;🟡 Planejado;C;Fornecedor Delta;169,0;2,2
PC000354;Loja Norte;19/01/2027;6;4,0;1220,28;🟡 Planejado;C;Fornecedor Delta;169,0;2,2
PC000856;Loja Norte;13/10/2026;3;12,0;1480,16;🟡 Planejado;C;Fornecedor Delta;55,0;6,7
PC000856;Loja Norte;08/11/2026;3;12,0;1423,33;🟡 Planejado;C;Fornecedor Delta;55,0;6,7
PC000856;Loja Norte;27/11/2026;4;13,0;1607,97;🟡 Planejado;C;Fornecedor Delta;48,0;7,7
PC000856;Loja Norte;11/01/2027;6;11,0;1315,39;🟡 Planejado;C;Fornecedor Delta;64,0;5,7
PC000856;Loja Norte;05/02/2027;6;10,0;1165,18;🟡 Planejado;C;Fornecedor Delta;64,0;5,7
PC000851;Loja Norte;10/09/2026;1;8,0;1087,59;🔴 Prioritário (até 30 dias);C;Fornecedor Alfa;80,0;4,6
PC000851;Loja Norte;05/10/2026;2;8,0;1079,48;🟡 Planejado;C;Fornecedor Alfa;79,0;4,6
PC000851;Loja Norte;30/10/2026;3;8,0;1067,0;🟡 Planejado;C;Fornecedor Alfa;79,0;4,6
PC000851;Loja Norte;24/11/2026;4;8,0;1065,25;🟡 Planejado;C;Fornecedor Alfa;79,0;4,6
PC000851;Loja Norte;19/12/2026;5;8,0;1065,01;🟡 Planejado;C;Fornecedor Alfa;79,0;4,6
PC000851;Loja Norte;13/01/2027;6;8,0;1064,97;🟡 Planejado;C;Fornecedor Alfa;79,0;4,6
PC000851;Loja Norte;07/02/2027;6;8,0;1064,97;🟡 Planejado;C;Fornecedor Alfa;79,0;4,6
PC000603;Loja Norte;28/10/2026;3;13,0;1365,47;🟡 Planejado;C;Fornecedor Alfa;50,0;7,3
PC000603;Loja Norte;15/11/2026;4;15,0;1633,4;🟡 Planejado;C;Fornecedor Alfa;42,0;8,8
PC000603;Loja Norte;11/12/2026;4;16,0;1690,44;🟡 Planejado;C;Fornecedor Alfa;42,0;8,8
PC000603;Loja Norte;31/01/2027;6;11,0;1140,39;🟡 Planejado;C;Fornecedor Alfa;60,0;6,1
PC000375;Loja Norte;30/10/2026;3;11,0;1346,78;🟡 Planejado;D;Fornecedor Gamma;110,0;3,3
PC000375;Loja Norte;04/12/2026;4;11,0;1315,38;🟡 Planejado;D;Fornecedor Gamma;109,0;3,3
PC000375;Loja Norte;08/01/2027;5;11,0;1313,48;🟡 Planejado;D;Fornecedor Gamma;109,0;3,3
PC000884;Loja Norte;07/02/2027;6;5,0;1608,99;🟡 Planejado;D;Fornecedor Alfa;263,0;1,4
PC000833;Loja Norte;03/11/2026;3;14,0;3733,6;🟡 Planejado;D;Fornecedor Delta;89,0;4,1
PC000833;Loja Norte;09/12/2026;4;14,0;3677,67;🟡 Planejado;D;Fornecedor Delta;90,0;4,1
PC000833;Loja Norte;14/01/2027;6;14,0;3623,7;🟡 Planejado;D;Fornecedor Delta;91,0;4,0
PC000240;Loja Norte;27/09/2026;2;14,0;1303,9;🟡 Planejado;D;Fornecedor Alfa;86,0;4,2
PC000240;Loja Norte;25/10/2026;3;16,0;1461,22;🟡 Planejado;D;Fornecedor Alfa;76,0;4,8
PC000240;Loja Norte;25/11/2026;4;18,0;1613,42;🟡 Planejado;D;Fornecedor Alfa;70,0;5,2
PC000240;Loja Norte;11/01/2027;6;15,0;1323,07;🟡 Planejado;D;Fornecedor Alfa;84,0;4,4
PC000223;Loja Norte;01/10/2026;2;6,0;1255,41;🟡 Planejado;D;Fornecedor Alfa;195,0;1,9
PC000223;Loja Norte;05/11/2026;3;6,0;1253,47;🟡 Planejado;D;Fornecedor Alfa;195,0;1,9
PC000223;Loja Norte;10/12/2026;4;6,0;1253,47;🟡 Planejado;D;Fornecedor Alfa;195,0;1,9
PC000223;Loja Norte;14/01/2027;6;6,0;1253,47;🟡 Planejado;D;Fornecedor Alfa;195,0;1,9
PC000011;Loja Norte;04/12/2026;4;19,0;2006,3;🟡 Planejado;D;Fornecedor Beta;65,0;5,6
PC000011;Loja Norte;04/02/2027;6;14,0;1508,06;🟡 Planejado;D;Fornecedor Beta;87,0;4,2
PC000868;Loja Norte;04/10/2026;2;14,0;1139,55;🟡 Planejado;D;Fornecedor Gamma;88,0;4,1
PC000868;Loja Norte;08/11/2026;3;14,0;1148,49;🟡 Planejado;D;Fornecedor Gamma;87,0;4,2
PC000868;Loja Norte;13/12/2026;5;14,0;1139,68;🟡 Planejado;D;Fornecedor Gamma;87,0;4,2
PC000868;Loja Norte;17/01/2027;6;14,0;1135,35;🟡 Planejado;D;Fornecedor Gamma;87,0;4,2
PC000601;Loja Norte;20/10/2026;3;15,0;1424,12;🟡 Planejado;D;Fornecedor Alfa;80,0;4,5
PC000601;Loja Norte;15/11/2026;4;19,0;1724,67;🟡 Planejado;D;Fornecedor Alfa;66,0;5,5
PC000601;Loja Norte;11/01/2027;6;15,0;1393,09;🟡 Planejado;D;Fornecedor Alfa;89,0;4,1
PC000348;Loja Norte;06/11/2026;3;8,0;1298,78;🟡 Planejado;D;Fornecedor Delta;166,0;2,2
PC000348;Loja Norte;11/12/2026;4;7,0;1276,54;🟡 Planejado;D;Fornecedor Delta;165,0;2,2
PC000348;Loja Norte;15/01/2027;6;7,0;1274,75;🟡 Planejado;D;Fornecedor Delta;165,0;2,2
PC000614;Loja Norte;12/11/2026;4;19,0;2842,22;🟡 Planejado;D;Fornecedor Alfa;81,0;4,5
PC000614;Loja Norte;19/01/2027;6;10,0;1462,19;🟡 Planejado;D;Fornecedor Alfa;129,0;2,8
PC000388;Loja Norte;18/08/2026;1;18,0;1200,62;🚨 Urgente (até 7 dias);D;Fornecedor Gamma;68,0;5,4
PC000388;Loja Norte;23/09/2026;2;19,0;1221,83;🟡 Planejado;D;Fornecedor Gamma;68,0;5,4
PC000388;Loja Norte;29/10/2026;3;19,0;1221,83;🟡 Planejado;D;Fornecedor Gamma;68,0;5,4
PC000388;Loja Norte;04/12/2026;4;19,0;1221,83;🟡 Planejado;D;Fornecedor Gamma;68,0;5,4
PC000388;Loja Norte;09/01/2027;5;19,0;1221,83;🟡 Planejado;D;Fornecedor Gamma;68,0;5,4
PC000450;Loja Norte;04/02/2027;6;4,0;1364,53;🟡 Planejado;D;Fornecedor Alfa;279,0;1,3
PC000260;Loja Norte;19/01/2027;6;6,0;1619,35;🟡 Planejado;D;Fornecedor Gamma;203,0;1,8
PC000437;Loja Norte;04/12/2026;4;16,0;2356,02;🟡 Planejado;D;Fornecedor Gamma;76,0;4,8
PC000731;Loja Norte;11/10/2026;2;10,0;1466,16;🟡 Planejado;D;Fornecedor Beta;123,0;3,0
PC000731;Loja Norte;29/10/2026;3;13,0;1857,58;🟡 Planejado;D;Fornecedor Beta;95,0;3,9
PC000731;Loja Norte;26/11/2026;4;15,0;2094,59;🟡 Planejado;D;Fornecedor Beta;84,0;4,3
PC000731;Loja Norte;23/01/2027;6;11,0;1549,94;🟡 Planejado;D;Fornecedor Beta;114,0;3,2
PC000607;Loja Norte;22/08/2026;1;34,0;1297,33;🔴 Prioritário (até 30 dias);D;Fornecedor Gamma;36,0;10,1
PC000607;Loja Norte;26/09/2026;2;34,0;1283,05;🟡 Planejado;D;Fornecedor Gamma;36,0;10,1
PC000607;Loja Norte;31/10/2026;3;34,0;1282,87;🟡 Planejado;D;Fornecedor Gamma;36,0;10,1
PC000607;Loja Norte;05/12/2026;4;34,0;1282,83;🟡 Planejado;D;Fornecedor Gamma;36,0;10,1
PC000607;Loja Norte;09/01/2027;5;34,0;1282,79;🟡 Planejado;D;Fornecedor Gamma;36,0;10,1
PC000593;Loja Norte;08/12/2026;4;24,0;1532,35;🟡 Planejado;D;Fornecedor Beta;52,0;7,0
PC000593;Loja Norte;06/02/2027;6;18,0;1167,54;🟡 Planejado;D;Fornecedor Beta;69,0;5,3
PC000030;Loja Norte;06/01/2027;5;3,0;996,64;🟡 Planejado;D;Fornecedor Beta;461,0;0,8
PC000112;Loja Norte;29/09/2026;2;9,0;926,08;🟡 Planejado;D;Fornecedor Beta;143,0;2,6
PC000112;Loja Norte;17/10/2026;3;12,0;1327,01;🟡 Planejado;D;Fornecedor Beta;102,0;3,6
PC000112;Loja Norte;16/11/2026;4;14,0;1462,88;🟡 Planejado;D;Fornecedor Beta;91,0;4,0
PC000112;Loja Norte;08/01/2027;5;10,0;1087,05;🟡 Planejado;D;Fornecedor Beta;122,0;3,0
PC000765;Loja Norte;26/11/2026;4;18,0;1374,46;🟡 Planejado;D;Fornecedor Gamma;68,0;5,4
PC000765;Loja Norte;29/01/2027;6;13,0;976,52;🟡 Planejado;D;Fornecedor Gamma;96,0;3,8
PC000292;Loja Norte;14/08/2026;1;19,0;1253,95;🚨 Urgente (até 7 dias);D;Fornecedor Delta;76,0;4,8
PC000292;Loja Norte;18/09/2026;2;17,0;1120,07;🟡 Planejado;D;Fornecedor Delta;75,0;4,9
PC000292;Loja Norte;23/10/2026;3;16,0;1099,83;🟡 Planejado;D;Fornecedor Delta;75,0;4,9
PC000292;Loja Norte;27/11/2026;4;16,0;1096,07;🟡 Planejado;D;Fornecedor Delta;75,0;4,9
PC000292;Loja Norte;01/01/2027;5;16,0;1095,37;🟡 Planejado;D;Fornecedor Delta;75,0;4,9
PC000292;Loja Norte;05/02/2027;6;16,0;1095,25;🟡 Planejado;D;Fornecedor Delta;75,0;4,9
PC000722;Loja Norte;06/09/2026;1;12,0;763,03;🔴 Prioritário (até 30 dias);D;Fornecedor Alfa;101,0;3,6
PC000722;Loja Norte;04/10/2026;2;14,0;838,29;🟡 Planejado;D;Fornecedor Alfa;90,0;4,0
PC000722;Loja Norte;13/10/2026;3;24,0;1504,47;🟡 Planejado;D;Fornecedor Alfa;53,0;6,9
PC000722;Loja Norte;20/11/2026;4;22,0;1382,46;🟡 Planejado;D;Fornecedor Alfa;56,0;6,6
PC000722;Loja Norte;11/01/2027;6;18,0;1108,21;🟡 Planejado;D;Fornecedor Alfa;69,0;5,3
PC000920;Loja Norte;11/01/2027;6;6,0;1224,6;🟡 Planejado;D;Fornecedor Alfa;194,0;1,9
PC000494;Loja Norte;23/09/2026;2;20,0;799,72;🟡 Planejado;D;Fornecedor Delta;63,0;5,8
PC000494;Loja Norte;13/10/2026;3;32,0;1310,64;🟡 Planejado;D;Fornecedor Delta;42,0;8,7
PC000494;Loja Norte;12/11/2026;4;38,0;1540,89;🟡 Planejado;D;Fornecedor Delta;35,0;10,5
PC000494;Loja Norte;09/01/2027;5;24,0;957,19;🟡 Planejado;D;Fornecedor Delta;52,0;7,0
PC000494;Loja Norte;08/02/2027;6;25,0;1022,16;🟡 Planejado;D;Fornecedor Delta;48,0;7,5
PC000408;Loja Norte;25/11/2026;4;4,0;1284,95;🟡 Planejado;D;Fornecedor Delta;353,0;1,0
PC000408;Loja Norte;29/01/2027;6;2,0;839,76;🟡 Planejado;D;Fornecedor Delta;532,0;0,7
PC000755;Loja Norte;12/01/2027;6;5,0;2219,38;🟡 Planejado;D;Fornecedor Beta;246,0;1,5
PC000100;Loja Norte;19/09/2026;2;5,0;827,4;🟡 Planejado;D;Fornecedor Beta;243,0;1,5
PC000100;Loja Norte;24/10/2026;3;5,0;826,81;🟡 Planejado;D;Fornecedor Beta;242,0;1,5
PC000100;Loja Norte;28/11/2026;4;5,0;824,64;🟡 Planejado;D;Fornecedor Beta;242,0;1,5
PC000100;Loja Norte;02/01/2027;5;5,0;824,13;🟡 Planejado;D;Fornecedor Beta;242,0;1,5
PC000100;Loja Norte;06/02/2027;6;5,0;824,02;🟡 Planejado;D;Fornecedor Beta;242,0;1,5
PC000791;Loja Norte;10/11/2026;3;10,0;762,18;🟡 Planejado;D;Fornecedor Alfa;121,0;3,0
PC000791;Loja Norte;15/12/2026;5;10,0;758,68;🟡 Planejado;D;Fornecedor Alfa;121,0;3,0
PC000791;Loja Norte;19/01/2027;6;10,0;755,8;🟡 Planejado;D;Fornecedor Alfa;121,0;3,0
PC000014;Loja Norte;04/09/2026;1;28,0;704,73;🔴 Prioritário (até 30 dias);D;Fornecedor Alfa;45,0;8,1
PC000014;Loja Norte;10/10/2026;2;28,0;714,55;🟡 Planejado;D;Fornecedor Alfa;45,0;8,1
PC000014;Loja Norte;14/11/2026;4;27,0;694,71;🟡 Planejado;D;Fornecedor Alfa;45,0;8,1
PC000014;Loja Norte;19/12/2026;5;27,0;694,71;🟡 Planejado;D;Fornecedor Alfa;45,0;8,1
PC000014;Loja Norte;23/01/2027;6;27,0;694,71;🟡 Planejado;D;Fornecedor Alfa;45,0;8,1
PC000067;Loja Norte;04/02/2027;6;6,0;731,52;🟡 Planejado;D;Fornecedor Alfa;192,0;1,9
PC000604;Loja Norte;04/01/2027;5;5,0;760,47;🟡 Planejado;D;Fornecedor Delta;269,0;1,4
PC000604;Loja Norte;09/02/2027;6;5,0;763,21;🟡 Planejado;D;Fornecedor Delta;270,0;1,4
PC000133;Loja Norte;13/10/2026;3;14,0;605,86;🟡 Planejado;D;Fornecedor Delta;89,0;4,1
PC000133;Loja Norte;17/11/2026;4;14,0;604,61;🟡 Planejado;D;Fornecedor Delta;89,0;4,1
PC000133;Loja Norte;22/12/2026;5;14,0;603,9;🟡 Planejado;D;Fornecedor Delta;89,0;4,1
PC000133;Loja Norte;26/01/2027;6;14,0;603,74;🟡 Planejado;D;Fornecedor Delta;89,0;4,1
PC000319;Loja Norte;30/10/2026;3;18,0;776,22;🟡 Planejado;D;Fornecedor Beta;70,0;5,2
PC000319;Loja Norte;04/12/2026;4;17,0;768,88;🟡 Planejado;D;Fornecedor Beta;70,0;5,2
PC000319;Loja Norte;08/01/2027;5;17,0;768,06;🟡 Planejado;D;Fornecedor Beta;70,0;5,2
PC000191;Loja Norte;08/10/2026;2;19,0;730,36;🟡 Planejado;E;Fornecedor Delta;107,0;3,4
PC000191;Loja Norte;24/10/2026;3;28,0;1041,38;🟡 Planejado;E;Fornecedor Delta;74,0;4,9
PC000191;Loja Norte;20/11/2026;4;36,0;1362,6;🟡 Planejado;E;Fornecedor Delta;57,0;6,4
PC000677;Loja Norte;16/09/2026;2;12,0;518,6;🟡 Planejado;E;Fornecedor Gamma;172,0;2,1
PC000677;Loja Norte;13/10/2026;3;19,0;824,03;🟡 Planejado;E;Fornecedor Gamma;119,0;3,1
PC000677;Loja Norte;16/11/2026;4;21,0;907,01;🟡 Planejado;E;Fornecedor Gamma;99,0;3,7
PC000677;Loja Norte;01/02/2027;6;15,0;637,77;🟡 Planejado;E;Fornecedor Gamma;141,0;2,6
PC000998;Loja Norte;15/09/2026;2;16,0;609,62;🟡 Planejado;E;Fornecedor Gamma;130,0;2,8
PC000998;Loja Norte;30/10/2026;3;16,0;601,71;🟡 Planejado;E;Fornecedor Gamma;130,0;2,8
PC000998;Loja Norte;14/12/2026;5;16,0;600,98;🟡 Planejado;E;Fornecedor Gamma;130,0;2,8
PC000998;Loja Norte;28/01/2027;6;16,0;600,03;🟡 Planejado;E;Fornecedor Gamma;130,0;2,8
PC000903;Loja Norte;26/11/2026;4;15,0;5280,19;🟡 Planejado;E;Fornecedor Delta;135,0;2,7
PC000903;Loja Norte;10/01/2027;5;15,0;5165,4;🟡 Planejado;E;Fornecedor Delta;135,0;2,7
PC000605;Loja Norte;17/12/2026;5;17,0;639,47;🟡 Planejado;E;Fornecedor Beta;123,0;3,0
PC000605;Loja Norte;31/01/2027;6;16,0;635,78;🟡 Planejado;E;Fornecedor Beta;123,0;3,0
PC000540;Loja Norte;06/10/2026;2;2,0;599,75;🟡 Planejado;E;Fornecedor Delta;828,0;0,4
PC000540;Loja Norte;05/11/2026;3;3,0;718,13;🟡 Planejado;E;Fornecedor Delta;689,0;0,5
PC000540;Loja Norte;11/12/2026;4;3,0;794,07;🟡 Planejado;E;Fornecedor Delta;619,0;0,6
PC000540;Loja Norte;06/02/2027;6;3,0;704,41;🟡 Planejado;E;Fornecedor Delta;693,0;0,5
PC000776;Loja Norte;21/08/2026;1;4,0;531,66;🔴 Prioritário (até 30 dias);E;Fornecedor Beta;565,0;0,6
PC000776;Loja Norte;13/10/2026;3;7,0;1031,63;🟡 Planejado;E;Fornecedor Beta;412,0;0,9
PC000776;Loja Norte;17/11/2026;4;6,0;855,19;🟡 Planejado;E;Fornecedor Beta;352,0;1,0
PC000776;Loja Norte;22/01/2027;6;5,0;682,12;🟡 Planejado;E;Fornecedor Beta;444,0;0,8
PC000022;Loja Norte;10/01/2027;5;12,0;1724,31;🟡 Planejado;E;Fornecedor Gamma;167,0;2,2
PC000381;Loja Norte;13/10/2026;3;9,0;725,65;🟡 Planejado;E;Fornecedor Beta;239,0;1,5
PC000381;Loja Norte;23/11/2026;4;9,0;742,69;🟡 Planejado;E;Fornecedor Beta;223,0;1,6
PC000381;Loja Norte;20/01/2027;6;8,0;630,88;🟡 Planejado;E;Fornecedor Beta;259,0;1,4
PC000298;Loja Norte;16/09/2026;2;10,0;540,51;🟡 Planejado;E;Fornecedor Beta;207,0;1,8
PC000298;Loja Norte;31/10/2026;3;10,0;535,21;🟡 Planejado;E;Fornecedor Beta;207,0;1,8
PC000298;Loja Norte;15/12/2026;5;10,0;533,61;🟡 Planejado;E;Fornecedor Beta;206,0;1,8
PC000298;Loja Norte;29/01/2027;6;10,0;532,39;🟡 Planejado;E;Fornecedor Beta;206,0;1,8
PC000645;Loja Norte;27/09/2026;2;11,0;543,13;🟡 Planejado;E;Fornecedor Delta;178,0;2,0
PC000645;Loja Norte;11/11/2026;3;12,0;545,89;🟡 Planejado;E;Fornecedor Delta;177,0;2,1
PC000645;Loja Norte;26/12/2026;5;11,0;543,96;🟡 Planejado;E;Fornecedor Delta;177,0;2,1
PC000645;Loja Norte;09/02/2027;6;11,0;542,02;🟡 Planejado;E;Fornecedor Delta;177,0;2,1
PC000038;Loja Norte;17/11/2026;4;2,0;503,47;🟡 Planejado;E;Fornecedor Delta;;
PC000038;Loja Norte;02/01/2027;5;2,0;503,47;🟡 Planejado;E;Fornecedor Delta;;
PC000033;Loja Norte;22/11/2026;4;5,0;550,16;🟡 Planejado;E;Fornecedor Gamma;411,0;0,9
PC000033;Loja Norte;06/01/2027;5;5,0;540,53;🟡 Planejado;E;Fornecedor Gamma;411,0;0,9
PC000705;Loja Norte;29/11/2026;4;13,0;2647,37;🟡 Planejado;E;Fornecedor Alfa;156,0;2,3
PC000705;Loja Norte;14/01/2027;6;13,0;2687,81;🟡 Planejado;E;Fornecedor Alfa;156,0;2,3
PC000073;Loja Norte;01/09/2026;1;18,0;478,05;🔴 Prioritário (até 30 dias);E;Fornecedor Alfa;114,0;3,2
PC000073;Loja Norte;08/10/2026;2;20,0;534,74;🟡 Planejado;E;Fornecedor Alfa;103,0;3,6
PC000073;Loja Norte;28/10/2026;3;27,0;718,16;🟡 Planejado;E;Fornecedor Alfa;76,0;4,8
PC000073;Loja Norte;28/11/2026;4;32,0;861,48;🟡 Planejado;E;Fornecedor Alfa;63,0;5,8
PC000983;Loja Norte;08/09/2026;1;10,0;2020,99;🔴 Prioritário (até 30 dias);E;Fornecedor Alfa;213,0;1,7
PC000983;Loja Norte;24/10/2026;3;10,0;2044,38;🟡 Planejado;E;Fornecedor Alfa;213,0;1,7
PC000983;Loja Norte;09/12/2026;4;10,0;2044,38;🟡 Planejado;E;Fornecedor Alfa;213,0;1,7
PC000983;Loja Norte;24/01/2027;6;10,0;2044,38;🟡 Planejado;E;Fornecedor Alfa;213,0;1,7
PC000598;Loja Norte;22/01/2027;6;13,0;566,87;🟡 Planejado;E;Fornecedor Alfa;156,0;2,3
PC000091;Loja Norte;30/08/2026;1;10,0;4119,49;🔴 Prioritário (até 30 dias);E;Fornecedor Beta;213,0;1,7
PC000091;Loja Norte;15/10/2026;3;10,0;4124,21;🟡 Planejado;E;Fornecedor Beta;213,0;1,7
PC000091;Loja Norte;30/11/2026;4;10,0;4124,21;🟡 Planejado;E;Fornecedor Beta;213,0;1,7
PC000091;Loja Norte;15/01/2027;6;10,0;4124,21;🟡 Planejado;E;Fornecedor Beta;213,0;1,7
PC000926;Loja Norte;09/02/2027;6;13,0;615,45;🟡 Planejado;E;Fornecedor Beta;165,0;2,2
PC000372;Loja Norte;21/10/2026;3;26,0;2267,21;🟡 Planejado;E;Fornecedor Delta;79,0;4,6
PC000372;Loja Norte;05/12/2026;4;26,0;2243,75;🟡 Planejado;E;Fornecedor Delta;79,0;4,6
PC000372;Loja Norte;19/01/2027;6;26,0;2243,75;🟡 Planejado;E;Fornecedor Delta;79,0;4,6
PC000867;Loja Norte;29/09/2026;2;16,0;443,78;🟡 Planejado;E;Fornecedor Alfa;125,0;2,9
PC000867;Loja Norte;25/10/2026;3;21,0;568,18;🟡 Planejado;E;Fornecedor Alfa;97,0;3,7
PC000867;Loja Norte;01/12/2026;4;24,0;637,96;🟡 Planejado;E;Fornecedor Alfa;87,0;4,2
PC000498;Loja Norte;14/11/2026;4;3,0;648,21;🟡 Planejado;E;Fornecedor Delta;678,0;0,5
PC000423;Loja Norte;16/08/2026;1;11,0;292,55;🚨 Urgente (até 7 dias);E;Fornecedor Alfa;185,0;2,0
PC000423;Loja Norte;26/09/2026;2;12,0;314,56;🟡 Planejado;E;Fornecedor Alfa;173,0;2,1
PC000423;Loja Norte;22/10/2026;3;15,0;402,84;🟡 Planejado;E;Fornecedor Alfa;133,0;2,7
PC000423;Loja Norte;14/11/2026;4;22,0;569,72;🟡 Planejado;E;Fornecedor Alfa;95,0;3,8
PC000455;Loja Norte;14/08/2026;1;28,0;600,27;🚨 Urgente (até 7 dias);E;Fornecedor Gamma;123,0;3,0
PC000455;Loja Norte;02/10/2026;2;16,0;341,93;🟡 Planejado;E;Fornecedor Gamma;129,0;2,8
PC000455;Loja Norte;19/10/2026;3;23,0;490,63;🟡 Planejado;E;Fornecedor Gamma;89,0;4,1
PC000455;Loja Norte;24/11/2026;4;27,0;572,7;🟡 Planejado;E;Fornecedor Gamma;77,0;4,7
PC000847;Loja Norte;28/08/2026;1;26,0;1631,62;🔴 Prioritário (até 30 dias);E;Fornecedor Gamma;78,0;4,7
PC000847;Loja Norte;13/10/2026;3;27,0;1639,85;🟡 Planejado;E;Fornecedor Gamma;78,0;4,7
PC000847;Loja Norte;28/11/2026;4;27,0;1639,85;🟡 Planejado;E;Fornecedor Gamma;78,0;4,7
PC000847;Loja Norte;13/01/2027;6;27,0;1639,85;🟡 Planejado;E;Fornecedor Gamma;78,0;4,7
PC000599;Loja Norte;09/09/2026;1;8,0;387,49;🔴 Prioritário (até 30 dias);E;Fornecedor Beta;244,0;1,5
PC000599;Loja Norte;24/10/2026;3;8,0;382,54;🟡 Planejado;E;Fornecedor Beta;243,0;1,5
PC000599;Loja Norte;08/12/2026;4;8,0;382,31;🟡 Planejado;E;Fornecedor Beta;243,0;1,5
PC000599;Loja Norte;22/01/2027;6;8,0;383,3;🟡 Planejado;E;Fornecedor Beta;243,0;1,5
PC000084;Loja Norte;07/12/2026;4;5,0;1824,22;🟡 Planejado;E;Fornecedor Alfa;450,0;0,8
PC000084;Loja Norte;22/01/2027;6;5,0;1824,22;🟡 Planejado;E;Fornecedor Alfa;450,0;0,8
PC000202;Loja Norte;14/08/2026;1;20,0;386,07;🚨 Urgente (até 7 dias);E;Fornecedor Beta;132,0;2,8
PC000202;Loja Norte;06/10/2026;2;14,0;266,52;🟡 Planejado;E;Fornecedor Beta;146,0;2,5
PC000202;Loja Norte;24/10/2026;3;20,0;374,48;🟡 Planejado;E;Fornecedor Beta;103,0;3,5
PC000202;Loja Norte;30/11/2026;4;22,0;415,94;🟡 Planejado;E;Fornecedor Beta;93,0;3,9
PC000101;Loja Norte;13/10/2026;3;18,0;607,38;🟡 Planejado;E;Fornecedor Beta;153,0;2,4
PC000101;Loja Norte;23/11/2026;4;14,0;473,27;🟡 Planejado;E;Fornecedor Beta;144,0;2,5
PC000369;Loja Norte;05/10/2026;2;19,0;1652,24;🟡 Planejado;E;Fornecedor Beta;109,0;3,3
PC000369;Loja Norte;19/11/2026;4;19,0;1617,27;🟡 Planejado;E;Fornecedor Beta;109,0;3,3
PC000369;Loja Norte;03/01/2027;5;19,0;1617,27;🟡 Planejado;E;Fornecedor Beta;109,0;3,3
PC000506;Loja Norte;30/01/2027;6;4,0;737,12;🟡 Planejado;E;Fornecedor Gamma;506,0;0,7
PC000301;Loja Norte;14/08/2026;1;13,0;295,85;🚨 Urgente (até 7 dias);E;Fornecedor Delta;186,0;2,0
PC000301;Loja Norte;28/09/2026;2;11,0;244,42;🟡 Planejado;E;Fornecedor Delta;184,0;2,0
PC000301;Loja Norte;12/11/2026;4;11,0;242,8;🟡 Planejado;E;Fornecedor Delta;184,0;2,0
PC000301;Loja Norte;27/12/2026;5;11,0;241,93;🟡 Planejado;E;Fornecedor Delta;184,0;2,0
PC000284;Loja Norte;15/11/2026;4;19,0;230,14;🟡 Planejado;E;Fornecedor Beta;110,0;3,3
PC000284;Loja Norte;27/01/2027;6;14,0;174,2;🟡 Planejado;E;Fornecedor Beta;144,0;2,5
PC000902;Loja Norte;31/10/2026;3;17,0;179,0;🟡 Planejado;E;Fornecedor Alfa;118,0;3,1
PC000902;Loja Norte;16/12/2026;5;17,0;180,41;🟡 Planejado;E;Fornecedor Alfa;118,0;3,1
PC000902;Loja Norte;31/01/2027;6;18,0;180,58;🟡 Planejado;E;Fornecedor Alfa;118,0;3,1
PC000961;Loja Norte;01/11/2026;3;9,0;542,71;🟡 Planejado;E;Fornecedor Delta;225,0;1,6
PC000961;Loja Norte;17/12/2026;5;9,0;554,76;🟡 Planejado;E;Fornecedor Delta;225,0;1,6
PC000961;Loja Norte;01/02/2027;6;9,0;554,76;🟡 Planejado;E;Fornecedor Delta;225,0;1,6
PC000050;Loja Norte;13/10/2026;3;13,0;218,25;🟡 Planejado;E;Fornecedor Delta;188,0;1,9
PC000050;Loja Norte;12/11/2026;4;14,0;243,28;🟡 Planejado;E;Fornecedor Delta;147,0;2,5
PC000050;Loja Norte;03/02/2027;6;9,0;157,77;🟡 Planejado;E;Fornecedor Delta;224,0;1,6
PC000795;Loja Norte;16/10/2026;3;6,0;164,61;🟡 Planejado;E;Fornecedor Alfa;332,0;1,1
PC000795;Loja Norte;30/11/2026;4;6,0;161,48;🟡 Planejado;E;Fornecedor Alfa;332,0;1,1
PC000795;Loja Norte;14/01/2027;6;6,0;161,45;🟡 Planejado;E;Fornecedor Alfa;331,0;1,1
PC000203;Loja Norte;14/08/2026;1;57,0;1015,05;🚨 Urgente (até 7 dias);E;Fornecedor Delta;70,0;5,2
PC000203;Loja Norte;28/09/2026;2;29,0;515,62;🟡 Planejado;E;Fornecedor Delta;70,0;5,2
PC000203;Loja Norte;12/11/2026;4;29,0;515,62;🟡 Planejado;E;Fornecedor Delta;70,0;5,2
PC000203;Loja Norte;27/12/2026;5;29,0;515,62;🟡 Planejado;E;Fornecedor Delta;70,0;5,2
PC000651;Loja Norte;13/11/2026;4;6,0;142,87;🟡 Planejado;E;Fornecedor Gamma;347,0;1,1
PC000651;Loja Norte;29/12/2026;5;6,0;142,65;🟡 Planejado;E;Fornecedor Gamma;348,0;1,1
PC000516;Loja Norte;25/12/2026;5;10,0;116,45;🟡 Planejado;E;Fornecedor Delta;198,0;1,8
PC000516;Loja Norte;08/02/2027;6;10,0;116,03;🟡 Planejado;E;Fornecedor Delta;198,0;1,8
PC000340;Loja Norte;14/08/2026;1;28,0;603,64;🚨 Urgente (até 7 dias);E;Fornecedor Gamma;99,0;3,7
PC000340;Loja Norte;28/09/2026;2;20,0;441,77;🟡 Planejado;E;Fornecedor Gamma;99,0;3,7
PC000340;Loja Norte;12/11/2026;4;20,0;441,77;🟡 Planejado;E;Fornecedor Gamma;99,0;3,7
PC000340;Loja Norte;27/12/2026;5;20,0;441,77;🟡 Planejado;E;Fornecedor Gamma;99,0;3,7
PC000169;Loja Norte;05/12/2026;4;15,0;165,18;🟡 Planejado;E;Fornecedor Alfa;133,0;2,7
PC000810;Loja Norte;25/08/2026;1;10,0;496,59;🔴 Prioritário (até 30 dias);E;Fornecedor Delta;213,0;1,7
PC000810;Loja Norte;09/10/2026;2;10,0;489,16;🟡 Planejado;E;Fornecedor Delta;213,0;1,7
PC000810;Loja Norte;23/11/2026;4;10,0;489,16;🟡 Planejado;E;Fornecedor Delta;213,0;1,7
PC000810;Loja Norte;07/01/2027;5;10,0;489,16;🟡 Planejado;E;Fornecedor Delta;213,0;1,7
PC000410;Loja Sul;14/08/2026;1;28,0;11086,14;🚨 Urgente (até 7 dias);A;Fornecedor Beta;10,0;36,3
PC000410;Loja Sul;30/08/2026;1;24,0;9361,64;🔴 Prioritário (até 30 dias);A;Fornecedor Beta;10,0;36,3
PC000410;Loja Sul;14/09/2026;2;23,0;8976,63;🟡 Planejado;A;Fornecedor Beta;10,0;36,7
PC000410;Loja Sul;30/09/2026;2;24,0;9461,68;🟡 Planejado;A;Fornecedor Beta;10,0;36,7
PC000410;Loja Sul;13/10/2026;3;31,0;12267,14;🟡 Planejado;A;Fornecedor Beta;8,0;45,9
PC000410;Loja Sul;28/10/2026;3;28,0;11086,22;🟡 Planejado;A;Fornecedor Beta;8,0;45,9
PC000410;Loja Sul;12/11/2026;4;44,0;17262,71;🟡 Planejado;A;Fornecedor Beta;6,0;58,3
PC000410;Loja Sul;27/11/2026;4;36,0;14074,84;🟡 Planejado;A;Fornecedor Beta;6,0;58,3
PC000410;Loja Sul;19/12/2026;5;25,0;9870,58;🟡 Planejado;A;Fornecedor Beta;9,0;40,7
PC000410;Loja Sul;03/01/2027;5;25,0;9822,53;🟡 Planejado;A;Fornecedor Beta;9,0;40,7
PC000410;Loja Sul;18/01/2027;6;28,0;10875,13;🟡 Planejado;A;Fornecedor Beta;9,0;42,4
PC000410;Loja Sul;03/02/2027;6;28,0;10920,57;🟡 Planejado;A;Fornecedor Beta;9,0;42,4
PC000845;Loja Sul;14/08/2026;1;31,0;13165,38;🚨 Urgente (até 7 dias);A;Fornecedor Gamma;11,0;33,7
PC000845;Loja Sul;30/08/2026;1;22,0;9426,3;🔴 Prioritário (até 30 dias);A;Fornecedor Gamma;11,0;33,7
PC000845;Loja Sul;15/09/2026;2;20,0;8347,66;🟡 Planejado;A;Fornecedor Gamma;11,0;31,9
PC000845;Loja Sul;01/10/2026;2;21,0;8903,33;🟡 Planejado;A;Fornecedor Gamma;11,0;31,9
PC000845;Loja Sul;13/10/2026;3;29,0;12124,61;🟡 Planejado;A;Fornecedor Gamma;9,0;41,9
PC000845;Loja Sul;29/10/2026;3;28,0;11714,74;🟡 Planejado;A;Fornecedor Gamma;9,0;41,9
PC000845;Loja Sul;12/11/2026;4;33,0;14190,92;🟡 Planejado;A;Fornecedor Gamma;7,0;49,2
PC000845;Loja Sul;28/11/2026;4;32,0;13748,56;🟡 Planejado;A;Fornecedor Gamma;7,0;49,2
PC000845;Loja Sul;20/12/2026;5;24,0;10146,74;🟡 Planejado;A;Fornecedor Gamma;10,0;36,4
PC000845;Loja Sul;05/01/2027;5;24,0;10155,73;🟡 Planejado;A;Fornecedor Gamma;10,0;36,4
PC000845;Loja Sul;22/01/2027;6;21,0;9094,28;🟡 Planejado;A;Fornecedor Gamma;11,0;34,0
PC000845;Loja Sul;06/02/2027;6;21,0;8915,22;🟡 Planejado;A;Fornecedor Gamma;11,0;34,0
PC000118;Loja Sul;27/08/2026;1;20,0;7763,97;🔴 Prioritário (até 30 dias);A;Fornecedor Gamma;12,0;30,2
PC000118;Loja Sul;11/09/2026;1;19,0;7369,9;🔴 Prioritário (até 30 dias);A;Fornecedor Gamma;12,0;30,2
PC000118;Loja Sul;30/09/2026;2;17,0;6901,65;🟡 Planejado;A;Fornecedor Gamma;13,0;27,1
PC000118;Loja Sul;13/10/2026;3;29,0;11574,67;🟡 Planejado;A;Fornecedor Gamma;9,0;38,7
PC000118;Loja Sul;29/10/2026;3;25,0;10067,6;🟡 Planejado;A;Fornecedor Gamma;9,0;38,7
PC000118;Loja Sul;12/11/2026;4;27,0;10550,72;🟡 Planejado;A;Fornecedor Gamma;9,0;42,1
PC000118;Loja Sul;27/11/2026;4;26,0;10281,07;🟡 Planejado;A;Fornecedor Gamma;9,0;42,1
PC000118;Loja Sul;17/12/2026;5;21,0;8433,78;🟡 Planejado;A;Fornecedor Gamma;11,0;33,1
PC000118;Loja Sul;01/01/2027;5;20,0;8083,44;🟡 Planejado;A;Fornecedor Gamma;11,0;33,1
PC000118;Loja Sul;15/01/2027;6;23,0;9136,61;🟡 Planejado;A;Fornecedor Gamma;10,0;35,9
PC000118;Loja Sul;31/01/2027;6;24,0;9350,14;🟡 Planejado;A;Fornecedor Gamma;10,0;35,9
PC000901;Loja Sul;23/08/2026;1;23,0;5877,96;🔴 Prioritário (até 30 dias);A;Fornecedor Delta;10,0;36,0
PC000901;Loja Sul;07/09/2026;1;22,0;5619,33;🔴 Prioritário (até 30 dias);A;Fornecedor Delta;10,0;36,0
PC000901;Loja Sul;22/09/2026;2;22,0;5619,35;🟡 Planejado;A;Fornecedor Delta;10,0;36,0
PC000901;Loja Sul;08/10/2026;2;24,0;5993,96;🟡 Planejado;A;Fornecedor Delta;10,0;36,0
PC000901;Loja Sul;23/10/2026;3;22,0;5619,35;🟡 Planejado;A;Fornecedor Delta;10,0;36,0
PC000901;Loja Sul;08/11/2026;3;24,0;5993,97;🟡 Planejado;A;Fornecedor Delta;10,0;36,0
PC000901;Loja Sul;23/11/2026;4;22,0;5619,36;🟡 Planejado;A;Fornecedor Delta;10,0;36,0
PC000901;Loja Sul;09/12/2026;4;24,0;5993,97;🟡 Planejado;A;Fornecedor Delta;10,0;36,0
PC000901;Loja Sul;24/12/2026;5;22,0;5619,36;🟡 Planejado;A;Fornecedor Delta;10,0;36,0
PC000901;Loja Sul;08/01/2027;5;22,0;5619,35;🟡 Planejado;A;Fornecedor Delta;10,0;36,0
PC000901;Loja Sul;23/01/2027;6;22,0;5619,36;🟡 Planejado;A;Fornecedor Delta;10,0;36,0
PC000901;Loja Sul;08/02/2027;6;24,0;5993,98;🟡 Planejado;A;Fornecedor Delta;10,0;36,0
PC000853;Loja Sul;09/10/2026;2;12,0;4711,18;🟡 Planejado;A;Fornecedor Alfa;19,0;19,4
PC000853;Loja Sul;18/10/2026;3;17,0;6565,14;🟡 Planejado;A;Fornecedor Alfa;14,0;26,0
PC000853;Loja Sul;02/11/2026;3;16,0;6221,41;🟡 Planejado;A;Fornecedor Alfa;14,0;26,0
PC000853;Loja Sul;14/11/2026;4;20,0;7691,05;🟡 Planejado;A;Fornecedor Alfa;12,0;31,1
PC000853;Loja Sul;30/11/2026;4;20,0;7952,01;🟡 Planejado;A;Fornecedor Alfa;12,0;31,1
PC000853;Loja Sul;23/12/2026;5;14,0;5351,64;🟡 Planejado;A;Fornecedor Alfa;17,0;22,1
PC000853;Loja Sul;07/01/2027;5;14,0;5283,8;🟡 Planejado;A;Fornecedor Alfa;17,0;22,1
PC000853;Loja Sul;22/01/2027;6;14,0;5451,08;🟡 Planejado;A;Fornecedor Alfa;16,0;22,3
PC000853;Loja Sul;06/02/2027;6;14,0;5343,55;🟡 Planejado;A;Fornecedor Alfa;16,0;22,3
PC000600;Loja Sul;23/08/2026;1;15,0;6034,34;🔴 Prioritário (até 30 dias);A;Fornecedor Gamma;16,0;23,1
PC000600;Loja Sul;08/09/2026;1;15,0;6123,45;🔴 Prioritário (até 30 dias);A;Fornecedor Gamma;16,0;23,1
PC000600;Loja Sul;24/09/2026;2;15,0;5959,19;🟡 Planejado;A;Fornecedor Gamma;16,0;22,9
PC000600;Loja Sul;09/10/2026;2;14,0;5682,07;🟡 Planejado;A;Fornecedor Gamma;16,0;22,9
PC000600;Loja Sul;25/10/2026;3;15,0;5967,88;🟡 Planejado;A;Fornecedor Gamma;16,0;22,7
PC000600;Loja Sul;09/11/2026;3;14,0;5649,63;🟡 Planejado;A;Fornecedor Gamma;16,0;22,7
PC000600;Loja Sul;25/11/2026;4;15,0;5973,65;🟡 Planejado;A;Fornecedor Gamma;16,0;22,7
PC000600;Loja Sul;11/12/2026;4;15,0;6007,14;🟡 Planejado;A;Fornecedor Gamma;16,0;22,7
PC000600;Loja Sul;27/12/2026;5;15,0;5976,72;🟡 Planejado;A;Fornecedor Gamma;16,0;22,6
PC000600;Loja Sul;12/01/2027;6;15,0;5984,86;🟡 Planejado;A;Fornecedor Gamma;16,0;22,6
PC000600;Loja Sul;27/01/2027;6;14,0;5616,29;🟡 Planejado;A;Fornecedor Gamma;16,0;22,6
PC000146;Loja Sul;18/08/2026;1;11,0;4445,47;🚨 Urgente (até 7 dias);A;Fornecedor Delta;21,0;17,5
PC000146;Loja Sul;02/09/2026;1;11,0;4283,3;🔴 Prioritário (até 30 dias);A;Fornecedor Delta;21,0;17,5
PC000146;Loja Sul;18/09/2026;2;11,0;4485,01;🟡 Planejado;A;Fornecedor Delta;21,0;17,4
PC000146;Loja Sul;03/10/2026;2;11,0;4248,36;🟡 Planejado;A;Fornecedor Delta;21,0;17,4
PC000146;Loja Sul;19/10/2026;3;11,0;4492,25;🟡 Planejado;A;Fornecedor Delta;21,0;17,3
PC000146;Loja Sul;03/11/2026;3;11,0;4232,42;🟡 Planejado;A;Fornecedor Delta;21,0;17,3
PC000146;Loja Sul;19/11/2026;4;11,0;4496,14;🟡 Planejado;A;Fornecedor Delta;21,0;17,3
PC000146;Loja Sul;05/12/2026;4;11,0;4506,82;🟡 Planejado;A;Fornecedor Delta;21,0;17,3
PC000146;Loja Sul;21/12/2026;5;11,0;4497,96;🟡 Planejado;A;Fornecedor Delta;21,0;17,3
PC000146;Loja Sul;06/01/2027;5;11,0;4503,27;🟡 Planejado;A;Fornecedor Delta;21,0;17,3
PC000146;Loja Sul;22/01/2027;6;11,0;4499,03;🟡 Planejado;A;Fornecedor Delta;21,0;17,3
PC000146;Loja Sul;07/02/2027;6;11,0;4501,65;🟡 Planejado;A;Fornecedor Delta;21,0;17,3
PC000357;Loja Sul;17/09/2026;2;14,0;5815,35;🟡 Planejado;A;Fornecedor Delta;17,0;21,8
PC000357;Loja Sul;03/10/2026;2;14,0;5829,96;🟡 Planejado;A;Fornecedor Delta;17,0;21,8
PC000357;Loja Sul;18/10/2026;3;13,0;5465,59;🟡 Planejado;A;Fornecedor Delta;17,0;21,8
PC000357;Loja Sul;03/11/2026;3;14,0;5829,96;🟡 Planejado;A;Fornecedor Delta;17,0;21,8
PC000357;Loja Sul;18/11/2026;4;13,0;5465,6;🟡 Planejado;A;Fornecedor Delta;17,0;21,8
PC000357;Loja Sul;03/12/2026;4;13,0;5465,59;🟡 Planejado;A;Fornecedor Delta;17,0;21,8
PC000357;Loja Sul;18/12/2026;5;13,0;5465,6;🟡 Planejado;A;Fornecedor Delta;17,0;21,8
PC000357;Loja Sul;02/01/2027;5;13,0;5465,59;🟡 Planejado;A;Fornecedor Delta;17,0;21,8
PC000357;Loja Sul;17/01/2027;6;13,0;5465,6;🟡 Planejado;A;Fornecedor Delta;17,0;21,8
PC000357;Loja Sul;01/02/2027;6;13,0;5465,6;🟡 Planejado;A;Fornecedor Delta;17,0;21,8
PC000430;Loja Sul;29/08/2026;1;10,0;3867,52;🔴 Prioritário (até 30 dias);A;Fornecedor Alfa;23,0;15,8
PC000430;Loja Sul;14/09/2026;2;10,0;3975,41;🟡 Planejado;A;Fornecedor Alfa;23,0;15,6
PC000430;Loja Sul;30/09/2026;2;10,0;4022,47;🟡 Planejado;A;Fornecedor Alfa;23,0;15,6
PC000430;Loja Sul;13/10/2026;3;15,0;5810,4;🟡 Planejado;A;Fornecedor Alfa;18,0;20,7
PC000430;Loja Sul;29/10/2026;3;14,0;5334,54;🟡 Planejado;A;Fornecedor Alfa;18,0;20,7
PC000430;Loja Sul;12/11/2026;4;22,0;8776,1;🟡 Planejado;A;Fornecedor Alfa;13,0;29,0
PC000430;Loja Sul;28/11/2026;4;19,0;7455,0;🟡 Planejado;A;Fornecedor Alfa;13,0;29,0
PC000430;Loja Sul;23/12/2026;5;12,0;4869,7;🟡 Planejado;A;Fornecedor Alfa;19,0;18,9
PC000430;Loja Sul;08/01/2027;5;12,0;4872,62;🟡 Planejado;A;Fornecedor Alfa;19,0;18,9
PC000430;Loja Sul;25/01/2027;6;12,0;4566,16;🟡 Planejado;A;Fornecedor Alfa;20,0;18,1
PC000430;Loja Sul;09/02/2027;6;11,0;4364,42;🟡 Planejado;A;Fornecedor Alfa;20,0;18,1
PC000335;Loja Sul;21/10/2026;3;13,0;5588,85;🟡 Planejado;A;Fornecedor Delta;18,0;19,8
PC000335;Loja Sul;06/11/2026;3;13,0;5722,71;🟡 Planejado;A;Fornecedor Delta;18,0;19,8
PC000335;Loja Sul;16/11/2026;4;16,0;6931,89;🟡 Planejado;A;Fornecedor Delta;15,0;25,1
PC000335;Loja Sul;02/12/2026;4;17,0;7256,51;🟡 Planejado;A;Fornecedor Delta;15,0;25,1
PC000335;Loja Sul;29/12/2026;5;11,0;4657,75;🟡 Planejado;A;Fornecedor Delta;22,0;16,4
PC000335;Loja Sul;12/01/2027;6;11,0;4865,1;🟡 Planejado;A;Fornecedor Delta;21,0;17,6
PC000335;Loja Sul;27/01/2027;6;11,0;4773,43;🟡 Planejado;A;Fornecedor Delta;21,0;17,6
PC000855;Loja Sul;20/08/2026;1;10,0;4302,32;🚨 Urgente (até 7 dias);A;Fornecedor Beta;23,0;16,0
PC000855;Loja Sul;05/09/2026;1;11,0;4367,87;🔴 Prioritário (até 30 dias);A;Fornecedor Beta;23,0;16,0
PC000855;Loja Sul;23/09/2026;2;10,0;4009,15;🟡 Planejado;A;Fornecedor Beta;25,0;14,7
PC000855;Loja Sul;08/10/2026;2;9,0;3763,89;🟡 Planejado;A;Fornecedor Beta;25,0;14,7
PC000855;Loja Sul;16/10/2026;3;13,0;5570,17;🟡 Planejado;A;Fornecedor Beta;17,0;20,9
PC000855;Loja Sul;01/11/2026;3;14,0;5691,41;🟡 Planejado;A;Fornecedor Beta;17,0;20,9
PC000855;Loja Sul;13/11/2026;4;16,0;6502,95;🟡 Planejado;A;Fornecedor Beta;15,0;25,0
PC000855;Loja Sul;29/11/2026;4;16,0;6808,6;🟡 Planejado;A;Fornecedor Beta;15,0;25,0
PC000855;Loja Sul;23/12/2026;5;11,0;4653,09;🟡 Planejado;A;Fornecedor Beta;21,0;17,2
PC000855;Loja Sul;07/01/2027;5;11,0;4397,42;🟡 Planejado;A;Fornecedor Beta;21,0;17,2
PC000855;Loja Sul;21/01/2027;6;11,0;4575,92;🟡 Planejado;A;Fornecedor Beta;20,0;17,9
PC000855;Loja Sul;05/02/2027;6;11,0;4569,98;🟡 Planejado;A;Fornecedor Beta;20,0;17,9
PC000027;Loja Sul;19/08/2026;1;10,0;4006,12;🚨 Urgente (até 7 dias);A;Fornecedor Alfa;23,0;15,7
PC000027;Loja Sul;04/09/2026;1;10,0;4028,17;🔴 Prioritário (até 30 dias);A;Fornecedor Alfa;23,0;15,7
PC000027;Loja Sul;19/09/2026;2;10,0;3852,19;🟡 Planejado;A;Fornecedor Alfa;23,0;15,9
PC000027;Loja Sul;04/10/2026;2;10,0;3807,13;🟡 Planejado;A;Fornecedor Alfa;23,0;15,9
PC000027;Loja Sul;19/10/2026;3;10,0;3835,97;🟡 Planejado;A;Fornecedor Alfa;23,0;15,9
PC000027;Loja Sul;03/11/2026;3;10,0;3818,82;🟡 Planejado;A;Fornecedor Alfa;23,0;15,9
PC000027;Loja Sul;18/11/2026;4;10,0;3829,8;🟡 Planejado;A;Fornecedor Alfa;23,0;15,9
PC000027;Loja Sul;04/12/2026;4;10,0;4078,16;🟡 Planejado;A;Fornecedor Alfa;23,0;15,9
PC000027;Loja Sul;19/12/2026;5;10,0;3827,56;🟡 Planejado;A;Fornecedor Alfa;23,0;16,0
PC000027;Loja Sul;03/01/2027;5;10,0;3824,96;🟡 Planejado;A;Fornecedor Alfa;23,0;16,0
PC000027;Loja Sul;18/01/2027;6;10,0;3826,6;🟡 Planejado;A;Fornecedor Alfa;23,0;16,0
PC000027;Loja Sul;03/02/2027;6;10,0;4080,65;🟡 Planejado;A;Fornecedor Alfa;23,0;16,0
PC000180;Loja Sul;18/08/2026;1;16,0;3974,32;🚨 Urgente (até 7 dias);A;Fornecedor Gamma;14,0;25,8
PC000180;Loja Sul;03/09/2026;1;17,0;4190,34;🔴 Prioritário (até 30 dias);A;Fornecedor Gamma;14,0;25,8
PC000180;Loja Sul;18/09/2026;2;16,0;3968,43;🟡 Planejado;A;Fornecedor Gamma;14,0;25,9
PC000180;Loja Sul;03/10/2026;2;16,0;3945,1;🟡 Planejado;A;Fornecedor Gamma;14,0;25,9
PC000180;Loja Sul;17/10/2026;3;18,0;4532,02;🟡 Planejado;A;Fornecedor Gamma;13,0;28,3
PC000180;Loja Sul;01/11/2026;3;17,0;4309,35;🟡 Planejado;A;Fornecedor Gamma;13,0;28,3
PC000180;Loja Sul;14/11/2026;4;21,0;5176,53;🟡 Planejado;A;Fornecedor Gamma;11,0;32,6
PC000180;Loja Sul;29/11/2026;4;20,0;4964,7;🟡 Planejado;A;Fornecedor Gamma;11,0;32,6
PC000180;Loja Sul;19/12/2026;5;17,0;4231,45;🟡 Planejado;A;Fornecedor Gamma;14,0;26,4
PC000180;Loja Sul;03/01/2027;5;16,0;4022,01;🟡 Planejado;A;Fornecedor Gamma;14,0;26,4
PC000180;Loja Sul;18/01/2027;6;17,0;4108,48;🟡 Planejado;A;Fornecedor Gamma;14,0;26,6
PC000180;Loja Sul;02/02/2027;6;16,0;4056,14;🟡 Planejado;A;Fornecedor Gamma;14,0;26,6
PC000729;Loja Sul;02/09/2026;1;10,0;3618,21;🔴 Prioritário (até 30 dias);A;Fornecedor Alfa;24,0;15,5
PC000729;Loja Sul;17/09/2026;2;10,0;3515,11;🟡 Planejado;A;Fornecedor Alfa;24,0;15,5
PC000729;Loja Sul;02/10/2026;2;10,0;3513,76;🟡 Planejado;A;Fornecedor Alfa;24,0;15,5
PC000729;Loja Sul;14/10/2026;3;12,0;4502,04;🟡 Planejado;A;Fornecedor Alfa;19,0;19,0
PC000729;Loja Sul;29/10/2026;3;12,0;4306,43;🟡 Planejado;A;Fornecedor Alfa;19,0;19,0
PC000729;Loja Sul;12/11/2026;4;14,0;5274,74;🟡 Planejado;A;Fornecedor Alfa;17,0;21,7
PC000729;Loja Sul;28/11/2026;4;14,0;5241,48;🟡 Planejado;A;Fornecedor Alfa;17,0;21,7
PC000729;Loja Sul;19/12/2026;5;11,0;3901,58;🟡 Planejado;A;Fornecedor Alfa;22,0;16,5
PC000729;Loja Sul;03/01/2027;5;10,0;3738,41;🟡 Planejado;A;Fornecedor Alfa;22,0;16,5
PC000729;Loja Sul;19/01/2027;6;10,0;3807,63;🟡 Planejado;A;Fornecedor Alfa;23,0;16,2
PC000729;Loja Sul;03/02/2027;6;10,0;3669,18;🟡 Planejado;A;Fornecedor Alfa;23,0;16,2
PC000903;Loja Sul;07/10/2026;2;10,0;3472,68;🟡 Planejado;A;Fornecedor Delta;23,0;15,8
PC000903;Loja Sul;16/10/2026;3;14,0;4768,41;🟡 Planejado;A;Fornecedor Delta;17,0;21,5
PC000903;Loja Sul;31/10/2026;3;13,0;4570,88;🟡 Planejado;A;Fornecedor Delta;17,0;21,5
PC000903;Loja Sul;12/11/2026;4;17,0;5764,24;🟡 Planejado;A;Fornecedor Delta;14,0;26,3
PC000903;Loja Sul;28/11/2026;4;17,0;5963,37;🟡 Planejado;A;Fornecedor Delta;14,0;26,3
PC000903;Loja Sul;21/12/2026;5;12,0;4104,06;🟡 Planejado;A;Fornecedor Delta;20,0;18,4
PC000903;Loja Sul;05/01/2027;5;11,0;3915,05;🟡 Planejado;A;Fornecedor Delta;20,0;18,4
PC000903;Loja Sul;22/01/2027;6;11,0;3629,49;🟡 Planejado;A;Fornecedor Delta;21,0;17,1
PC000903;Loja Sul;06/02/2027;6;11,0;3626,63;🟡 Planejado;A;Fornecedor Delta;21,0;17,1
PC000673;Loja Sul;19/10/2026;3;13,0;5075,26;🟡 Planejado;A;Fornecedor Gamma;18,0;19,9
PC000673;Loja Sul;04/11/2026;3;13,0;5136,7;🟡 Planejado;A;Fornecedor Gamma;18,0;19,9
PC000673;Loja Sul;15/11/2026;4;15,0;5997,64;🟡 Planejado;A;Fornecedor Gamma;15,0;24,5
PC000673;Loja Sul;01/12/2026;4;16,0;6297,24;🟡 Planejado;A;Fornecedor Gamma;15,0;24,5
PC000673;Loja Sul;26/12/2026;5;11,0;4175,4;🟡 Planejado;A;Fornecedor Gamma;22,0;16,6
PC000673;Loja Sul;11/01/2027;6;12,0;4545,0;🟡 Planejado;A;Fornecedor Gamma;21,0;17,2
PC000673;Loja Sul;26/01/2027;6;11,0;4142,25;🟡 Planejado;A;Fornecedor Gamma;21,0;17,2
PC000945;Loja Sul;14/08/2026;1;25,0;8815,89;🚨 Urgente (até 7 dias);A;Fornecedor Alfa;18,0;20,1
PC000945;Loja Sul;29/08/2026;1;13,0;4701,81;🔴 Prioritário (até 30 dias);A;Fornecedor Alfa;18,0;20,1
PC000945;Loja Sul;14/09/2026;2;12,0;4364,31;🟡 Planejado;A;Fornecedor Alfa;19,0;19,3
PC000945;Loja Sul;30/09/2026;2;13,0;4533,06;🟡 Planejado;A;Fornecedor Alfa;19,0;19,3
PC000945;Loja Sul;13/10/2026;3;19,0;6738,76;🟡 Planejado;A;Fornecedor Alfa;14,0;26,1
PC000945;Loja Sul;29/10/2026;3;17,0;6110,17;🟡 Planejado;A;Fornecedor Alfa;14,0;26,1
PC000945;Loja Sul;12/11/2026;4;20,0;7255,59;🟡 Planejado;A;Fornecedor Alfa;12,0;30,3
PC000945;Loja Sul;27/11/2026;4;19,0;6652,09;🟡 Planejado;A;Fornecedor Alfa;12,0;30,3
PC000945;Loja Sul;20/12/2026;5;13,0;4648,12;🟡 Planejado;A;Fornecedor Alfa;18,0;20,5
PC000945;Loja Sul;04/01/2027;5;13,0;4516,8;🟡 Planejado;A;Fornecedor Alfa;18,0;20,5
PC000945;Loja Sul;17/01/2027;6;15,0;5201,59;🟡 Planejado;A;Fornecedor Alfa;16,0;22,9
PC000945;Loja Sul;02/02/2027;6;15,0;5374,47;🟡 Planejado;A;Fornecedor Alfa;16,0;22,9
PC000899;Loja Sul;28/08/2026;1;19,0;3182,78;🔴 Prioritário (até 30 dias);A;Fornecedor Beta;12,0;29,4
PC000899;Loja Sul;12/09/2026;1;18,0;2986,86;🔴 Prioritário (até 30 dias);A;Fornecedor Beta;12,0;29,4
PC000899;Loja Sul;27/09/2026;2;18,0;3005,35;🟡 Planejado;A;Fornecedor Beta;12,0;29,4
PC000899;Loja Sul;13/10/2026;3;19,0;3197,64;🟡 Planejado;A;Fornecedor Beta;12,0;29,4
PC000899;Loja Sul;28/10/2026;3;18,0;2995,48;🟡 Planejado;A;Fornecedor Beta;12,0;29,4
PC000899;Loja Sul;12/11/2026;4;18,0;2997,52;🟡 Planejado;A;Fornecedor Beta;12,0;29,4
PC000899;Loja Sul;27/11/2026;4;18,0;2996,47;🟡 Planejado;A;Fornecedor Beta;12,0;29,4
PC000899;Loja Sul;12/12/2026;5;18,0;2997,27;🟡 Planejado;A;Fornecedor Beta;12,0;29,4
PC000899;Loja Sul;27/12/2026;5;18,0;2996,86;🟡 Planejado;A;Fornecedor Beta;12,0;29,4
PC000899;Loja Sul;11/01/2027;6;18,0;2997,18;🟡 Planejado;A;Fornecedor Beta;12,0;29,5
PC000899;Loja Sul;27/01/2027;6;19,0;3196,82;🟡 Planejado;A;Fornecedor Beta;12,0;29,5
PC000080;Loja Sul;14/08/2026;1;9,0;3790,86;🚨 Urgente (até 7 dias);A;Fornecedor Alfa;36,0;10,1
PC000080;Loja Sul;30/08/2026;1;7,0;2839,94;🔴 Prioritário (até 30 dias);A;Fornecedor Alfa;36,0;10,1
PC000080;Loja Sul;14/09/2026;2;7,0;3003,29;🟡 Planejado;A;Fornecedor Alfa;34,0;10,7
PC000080;Loja Sul;30/09/2026;2;7,0;3010,36;🟡 Planejado;A;Fornecedor Alfa;34,0;10,7
PC000080;Loja Sul;13/10/2026;3;10,0;4101,63;🟡 Planejado;A;Fornecedor Alfa;27,0;13,7
PC000080;Loja Sul;29/10/2026;3;9,0;3864,92;🟡 Planejado;A;Fornecedor Alfa;27,0;13,7
PC000080;Loja Sul;12/11/2026;4;11,0;4600,31;🟡 Planejado;A;Fornecedor Alfa;23,0;16,0
PC000080;Loja Sul;28/11/2026;4;11,0;4493,83;🟡 Planejado;A;Fornecedor Alfa;23,0;16,0
PC000080;Loja Sul;21/12/2026;5;7,0;3175,86;🟡 Planejado;A;Fornecedor Alfa;32,0;11,3
PC000080;Loja Sul;05/01/2027;5;7,0;2981,46;🟡 Planejado;A;Fornecedor Alfa;32,0;11,3
PC000080;Loja Sul;19/01/2027;6;8,0;3335,15;🟡 Planejado;A;Fornecedor Alfa;30,0;12,1
PC000080;Loja Sul;03/02/2027;6;7,0;3193,94;🟡 Planejado;A;Fornecedor Alfa;30,0;12,1
PC000611;Loja Sul;14/08/2026;1;9,0;3703,71;🚨 Urgente (até 7 dias);A;Fornecedor Alfa;27,0;13,6
PC000611;Loja Sul;30/08/2026;1;9,0;3550,77;🔴 Prioritário (até 30 dias);A;Fornecedor Alfa;27,0;13,6
PC000611;Loja Sul;14/09/2026;2;8,0;3353,09;🟡 Planejado;A;Fornecedor Alfa;27,0;13,6
PC000611;Loja Sul;30/09/2026;2;9,0;3562,89;🟡 Planejado;A;Fornecedor Alfa;27,0;13,6
PC000611;Loja Sul;15/10/2026;3;8,0;3347,94;🟡 Planejado;A;Fornecedor Alfa;27,0;13,7
PC000611;Loja Sul;31/10/2026;3;9,0;3566,64;🟡 Planejado;A;Fornecedor Alfa;27,0;13,7
PC000611;Loja Sul;15/11/2026;4;8,0;3346,19;🟡 Planejado;A;Fornecedor Alfa;27,0;13,7
PC000611;Loja Sul;01/12/2026;4;9,0;3567,8;🟡 Planejado;A;Fornecedor Alfa;27,0;13,7
PC000611;Loja Sul;16/12/2026;5;8,0;3345,6;🟡 Planejado;A;Fornecedor Alfa;27,0;13,7
PC000611;Loja Sul;01/01/2027;5;9,0;3568,16;🟡 Planejado;A;Fornecedor Alfa;27,0;13,7
PC000611;Loja Sul;16/01/2027;6;8,0;3345,4;🟡 Planejado;A;Fornecedor Alfa;27,0;13,7
PC000611;Loja Sul;01/02/2027;6;9,0;3568,27;🟡 Planejado;A;Fornecedor Alfa;27,0;13,7
PC000520;Loja Sul;11/09/2026;1;8,0;3407,07;🔴 Prioritário (até 30 dias);A;Fornecedor Beta;28,0;12,8
PC000520;Loja Sul;26/09/2026;2;8,0;3318,66;🟡 Planejado;A;Fornecedor Beta;28,0;12,9
PC000520;Loja Sul;11/10/2026;2;8,0;3312,28;🟡 Planejado;A;Fornecedor Beta;28,0;12,9
PC000520;Loja Sul;26/10/2026;3;8,0;3321,9;🟡 Planejado;A;Fornecedor Beta;28,0;12,9
PC000520;Loja Sul;11/11/2026;3;8,0;3536,6;🟡 Planejado;A;Fornecedor Beta;28,0;12,9
PC000520;Loja Sul;26/11/2026;4;8,0;3325,35;🟡 Planejado;A;Fornecedor Beta;28,0;12,9
PC000520;Loja Sul;12/12/2026;5;8,0;3546,79;🟡 Planejado;A;Fornecedor Beta;28,0;12,9
PC000520;Loja Sul;28/12/2026;5;8,0;3543,54;🟡 Planejado;A;Fornecedor Beta;28,0;12,9
PC000520;Loja Sul;12/01/2027;6;8,0;3328,96;🟡 Planejado;A;Fornecedor Beta;28,0;12,9
PC000520;Loja Sul;27/01/2027;6;8,0;3325,3;🟡 Planejado;A;Fornecedor Beta;28,0;12,9
PC000005;Loja Sul;11/11/2026;3;9,0;3297,01;🟡 Planejado;A;Fornecedor Delta;26,0;14,2
PC000005;Loja Sul;22/11/2026;4;11,0;4070,63;🟡 Planejado;A;Fornecedor Delta;21,0;17,0
PC000005;Loja Sul;08/12/2026;4;11,0;4085,66;🟡 Planejado;A;Fornecedor Delta;21,0;17,0
PC000005;Loja Sul;03/01/2027;5;7,0;2722,65;🟡 Planejado;A;Fornecedor Delta;30,0;12,1
PC000005;Loja Sul;17/01/2027;6;8,0;2925,57;🟡 Planejado;A;Fornecedor Delta;28,0;12,8
PC000005;Loja Sul;01/02/2027;6;8,0;2878,0;🟡 Planejado;A;Fornecedor Delta;28,0;12,8
PC000668;Loja Sul;09/01/2027;5;6,0;2637,72;🟡 Planejado;A;Fornecedor Beta;37,0;9,8
PC000668;Loja Sul;23/01/2027;6;7,0;2846,14;🟡 Planejado;A;Fornecedor Beta;35,0;10,4
PC000668;Loja Sul;08/02/2027;6;7,0;2875,54;🟡 Planejado;A;Fornecedor Beta;35,0;10,4
PC000665;Loja Sul;17/10/2026;3;9,0;3886,15;🟡 Planejado;A;Fornecedor Gamma;27,0;13,4
PC000665;Loja Sul;02/11/2026;3;9,0;3935,4;🟡 Planejado;A;Fornecedor Gamma;27,0;13,4
PC000665;Loja Sul;16/11/2026;4;10,0;4312,73;🟡 Planejado;A;Fornecedor Gamma;25,0;14,8
PC000665;Loja Sul;02/12/2026;4;10,0;4332,77;🟡 Planejado;A;Fornecedor Gamma;25,0;14,8
PC000665;Loja Sul;26/12/2026;5;7,0;2944,91;🟡 Planejado;A;Fornecedor Gamma;35,0;10,5
PC000665;Loja Sul;11/01/2027;6;7,0;3145,78;🟡 Planejado;A;Fornecedor Gamma;34,0;10,6
PC000665;Loja Sul;27/01/2027;6;7,0;3108,65;🟡 Planejado;A;Fornecedor Gamma;34,0;10,6
PC000084;Loja Sul;13/10/2026;3;7,0;2596,45;🟡 Planejado;A;Fornecedor Alfa;34,0;10,6
PC000084;Loja Sul;29/10/2026;3;7,0;2758,98;🟡 Planejado;A;Fornecedor Alfa;34,0;10,6
PC000084;Loja Sul;13/11/2026;4;7,0;2587,38;🟡 Planejado;A;Fornecedor Alfa;34,0;10,6
PC000084;Loja Sul;29/11/2026;4;7,0;2759,4;🟡 Planejado;A;Fornecedor Alfa;34,0;10,6
PC000084;Loja Sul;14/12/2026;5;7,0;2587,29;🟡 Planejado;A;Fornecedor Alfa;34,0;10,6
PC000084;Loja Sul;30/12/2026;5;7,0;2759,57;🟡 Planejado;A;Fornecedor Alfa;34,0;10,6
PC000084;Loja Sul;14/01/2027;6;7,0;2587,25;🟡 Planejado;A;Fornecedor Alfa;34,0;10,6
PC000084;Loja Sul;30/01/2027;6;7,0;2759,64;🟡 Planejado;A;Fornecedor Alfa;34,0;10,6
PC000312;Loja Sul;17/11/2026;4;11,0;4639,76;🟡 Planejado;A;Fornecedor Gamma;21,0;17,7
PC000312;Loja Sul;02/12/2026;4;11,0;4394,6;🟡 Planejado;A;Fornecedor Gamma;21,0;17,7
PC000312;Loja Sul;30/12/2026;5;7,0;2927,0;🟡 Planejado;A;Fornecedor Gamma;33,0;11,2
PC000312;Loja Sul;14/01/2027;6;7,0;2783,8;🟡 Planejado;A;Fornecedor Gamma;33,0;11,2
PC000312;Loja Sul;29/01/2027;6;7,0;2781,35;🟡 Planejado;A;Fornecedor Gamma;33,0;11,2
PC000371;Loja Sul;24/09/2026;2;7,0;3170,93;🟡 Planejado;A;Fornecedor Beta;33,0;11,1
PC000371;Loja Sul;09/10/2026;2;7,0;2997,24;🟡 Planejado;A;Fornecedor Beta;33,0;11,1
PC000371;Loja Sul;17/10/2026;3;10,0;4309,11;🟡 Planejado;A;Fornecedor Beta;24,0;15,4
PC000371;Loja Sul;02/11/2026;3;10,0;4436,18;🟡 Planejado;A;Fornecedor Beta;24,0;15,4
PC000371;Loja Sul;17/11/2026;4;10,0;4288,76;🟡 Planejado;A;Fornecedor Beta;23,0;15,6
PC000371;Loja Sul;03/12/2026;4;10,0;4493,88;🟡 Planejado;A;Fornecedor Beta;23,0;15,6
PC000371;Loja Sul;24/12/2026;5;8,0;3534,26;🟡 Planejado;A;Fornecedor Beta;29,0;12,6
PC000371;Loja Sul;09/01/2027;5;8,0;3614,27;🟡 Planejado;A;Fornecedor Beta;29,0;12,6
PC000371;Loja Sul;24/01/2027;6;8,0;3486,07;🟡 Planejado;A;Fornecedor Beta;29,0;12,7
PC000371;Loja Sul;08/02/2027;6;8,0;3421,68;🟡 Planejado;A;Fornecedor Beta;29,0;12,7
PC000959;Loja Sul;20/09/2026;2;11,0;3181,83;🟡 Planejado;A;Fornecedor Alfa;21,0;17,3
PC000959;Loja Sul;06/10/2026;2;11,0;3288,69;🟡 Planejado;A;Fornecedor Alfa;21,0;17,3
PC000959;Loja Sul;21/10/2026;3;11,0;3124,05;🟡 Planejado;A;Fornecedor Alfa;21,0;17,4
PC000959;Loja Sul;05/11/2026;3;11,0;3098,88;🟡 Planejado;A;Fornecedor Alfa;21,0;17,4
PC000959;Loja Sul;20/11/2026;4;11,0;3112,41;🟡 Planejado;A;Fornecedor Alfa;21,0;17,4
PC000959;Loja Sul;05/12/2026;4;11,0;3104,08;🟡 Planejado;A;Fornecedor Alfa;21,0;17,4
PC000959;Loja Sul;20/12/2026;5;11,0;3108,56;🟡 Planejado;A;Fornecedor Alfa;21,0;17,4
PC000959;Loja Sul;05/01/2027;5;11,0;3312,86;🟡 Planejado;A;Fornecedor Alfa;21,0;17,4
PC000959;Loja Sul;20/01/2027;6;11,0;3107,32;🟡 Planejado;A;Fornecedor Alfa;21,0;17,4
PC000959;Loja Sul;05/02/2027;6;11,0;3313,46;🟡 Planejado;A;Fornecedor Alfa;21,0;17,4
PC000378;Loja Sul;06/10/2026;2;12,0;2846,87;🟡 Planejado;A;Fornecedor Delta;19,0;19,0
PC000378;Loja Sul;13/10/2026;3;18,0;4196,2;🟡 Planejado;A;Fornecedor Delta;13,0;28,7
PC000378;Loja Sul;28/10/2026;3;18,0;4164,45;🟡 Planejado;A;Fornecedor Delta;13,0;28,7
PC000378;Loja Sul;12/11/2026;4;26,0;6180,19;🟡 Planejado;A;Fornecedor Delta;10,0;35,4
PC000378;Loja Sul;27/11/2026;4;22,0;5139,81;🟡 Planejado;A;Fornecedor Delta;10,0;35,4
PC000378;Loja Sul;25/12/2026;5;13,0;3055,59;🟡 Planejado;A;Fornecedor Delta;18,0;20,0
PC000378;Loja Sul;10/01/2027;5;13,0;3104,75;🟡 Planejado;A;Fornecedor Delta;18,0;20,0
PC000378;Loja Sul;21/01/2027;6;14,0;3358,86;🟡 Planejado;A;Fornecedor Delta;16,0;23,1
PC000378;Loja Sul;05/02/2027;6;14,0;3358,63;🟡 Planejado;A;Fornecedor Delta;16,0;23,1
PC000547;Loja Sul;19/10/2026;3;12,0;4377,22;🟡 Planejado;A;Fornecedor Beta;19,0;18,9
PC000547;Loja Sul;03/11/2026;3;12,0;4240,66;🟡 Planejado;A;Fornecedor Beta;19,0;18,9
PC000547;Loja Sul;16/11/2026;4;13,0;4870,57;🟡 Planejado;A;Fornecedor Beta;17,0;21,2
PC000547;Loja Sul;01/12/2026;4;13,0;4752,94;🟡 Planejado;A;Fornecedor Beta;17,0;21,2
PC000547;Loja Sul;26/12/2026;5;9,0;3284,67;🟡 Planejado;A;Fornecedor Beta;26,0;14,3
PC000547;Loja Sul;11/01/2027;6;10,0;3485,51;🟡 Planejado;A;Fornecedor Beta;25,0;14,4
PC000547;Loja Sul;27/01/2027;6;9,0;3454,36;🟡 Planejado;A;Fornecedor Beta;25,0;14,4
PC000354;Loja Sul;12/09/2026;1;7,0;2303,4;🔴 Prioritário (até 30 dias);A;Fornecedor Delta;33,0;11,0
PC000354;Loja Sul;26/09/2026;2;7,0;2369,96;🟡 Planejado;A;Fornecedor Delta;32,0;11,5
PC000354;Loja Sul;12/10/2026;2;8,0;2475,37;🟡 Planejado;A;Fornecedor Delta;32,0;11,5
PC000354;Loja Sul;21/10/2026;3;9,0;2903,74;🟡 Planejado;A;Fornecedor Delta;25,0;14,3
PC000354;Loja Sul;05/11/2026;3;9,0;2901,95;🟡 Planejado;A;Fornecedor Delta;25,0;14,3
PC000354;Loja Sul;18/11/2026;4;11,0;3456,33;🟡 Planejado;A;Fornecedor Delta;23,0;16,2
PC000354;Loja Sul;03/12/2026;4;10,0;3283,56;🟡 Planejado;A;Fornecedor Delta;23,0;16,2
PC000354;Loja Sul;25/12/2026;5;8,0;2635,8;🟡 Planejado;A;Fornecedor Delta;29,0;12,5
PC000354;Loja Sul;09/01/2027;5;8,0;2540,35;🟡 Planejado;A;Fornecedor Delta;29,0;12,5
PC000354;Loja Sul;25/01/2027;6;8,0;2508,98;🟡 Planejado;A;Fornecedor Delta;30,0;12,2
PC000295;Loja Sul;23/10/2026;3;11,0;4142,92;🟡 Planejado;A;Fornecedor Alfa;21,0;17,6
PC000295;Loja Sul;07/11/2026;3;11,0;3926,48;🟡 Planejado;A;Fornecedor Alfa;21,0;17,6
PC000295;Loja Sul;20/11/2026;4;12,0;4316,09;🟡 Planejado;A;Fornecedor Alfa;19,0;19,2
PC000295;Loja Sul;06/12/2026;4;13,0;4562,87;🟡 Planejado;A;Fornecedor Alfa;19,0;19,2
PC000295;Loja Sul;02/01/2027;5;9,0;3080,28;🟡 Planejado;A;Fornecedor Alfa;28,0;13,2
PC000295;Loja Sul;17/01/2027;6;9,0;3191,1;🟡 Planejado;A;Fornecedor Alfa;27,0;13,7
PC000295;Loja Sul;02/02/2027;6;9,0;3247,83;🟡 Planejado;A;Fornecedor Alfa;27,0;13,7
PC000785;Loja Sul;18/10/2026;3;11,0;3149,03;🟡 Planejado;A;Fornecedor Alfa;22,0;16,4
PC000785;Loja Sul;02/11/2026;3;10,0;3023,73;🟡 Planejado;A;Fornecedor Alfa;22,0;16,4
PC000785;Loja Sul;17/11/2026;4;10,0;3028,77;🟡 Planejado;A;Fornecedor Alfa;22,0;16,4
PC000785;Loja Sul;02/12/2026;4;10,0;3025,83;🟡 Planejado;A;Fornecedor Alfa;22,0;16,4
PC000785;Loja Sul;17/12/2026;5;10,0;3028,34;🟡 Planejado;A;Fornecedor Alfa;22,0;16,4
PC000785;Loja Sul;01/01/2027;5;10,0;3026,88;🟡 Planejado;A;Fornecedor Alfa;22,0;16,4
PC000785;Loja Sul;16/01/2027;6;10,0;3028,13;🟡 Planejado;A;Fornecedor Alfa;22,0;16,4
PC000785;Loja Sul;31/01/2027;6;10,0;3027,4;🟡 Planejado;A;Fornecedor Alfa;22,0;16,4
PC000683;Loja Sul;25/10/2026;3;11,0;3070,99;🟡 Planejado;A;Fornecedor Alfa;23,0;16,2
PC000683;Loja Sul;10/11/2026;3;11,0;3095,49;🟡 Planejado;A;Fornecedor Alfa;23,0;16,2
PC000683;Loja Sul;25/11/2026;4;11,0;3189,74;🟡 Planejado;A;Fornecedor Alfa;22,0;16,7
PC000683;Loja Sul;10/12/2026;4;10,0;3000,11;🟡 Planejado;A;Fornecedor Alfa;22,0;16,7
PC000683;Loja Sul;30/12/2026;5;9,0;2750,26;🟡 Planejado;A;Fornecedor Alfa;25,0;14,6
PC000683;Loja Sul;13/01/2027;6;10,0;2879,84;🟡 Planejado;A;Fornecedor Alfa;23,0;15,7
PC000683;Loja Sul;28/01/2027;6;10,0;2816,06;🟡 Planejado;A;Fornecedor Alfa;23,0;15,7
PC000441;Loja Sul;07/12/2026;4;10,0;4310,31;🟡 Planejado;A;Fornecedor Beta;23,0;16,0
PC000441;Loja Sul;01/01/2027;5;7,0;3188,15;🟡 Planejado;A;Fornecedor Beta;31,0;11,6
PC000441;Loja Sul;21/01/2027;6;6,0;2595,11;🟡 Planejado;A;Fornecedor Beta;38,0;9,5
PC000441;Loja Sul;06/02/2027;6;6,0;2724,67;🟡 Planejado;A;Fornecedor Beta;38,0;9,5
PC000373;Loja Sul;04/11/2026;3;10,0;3715,43;🟡 Planejado;A;Fornecedor Delta;24,0;15,1
PC000373;Loja Sul;20/11/2026;4;10,0;3805,36;🟡 Planejado;A;Fornecedor Delta;24,0;15,1
PC000373;Loja Sul;06/12/2026;4;10,0;3820,36;🟡 Planejado;A;Fornecedor Delta;24,0;15,1
PC000373;Loja Sul;01/01/2027;5;7,0;2720,95;🟡 Planejado;A;Fornecedor Delta;34,0;10,8
PC000373;Loja Sul;15/01/2027;6;8,0;2928,14;🟡 Planejado;A;Fornecedor Delta;31,0;11,7
PC000373;Loja Sul;31/01/2027;6;8,0;2974,39;🟡 Planejado;A;Fornecedor Delta;31,0;11,7
PC000206;Loja Sul;23/10/2026;3;10,0;3372,08;🟡 Planejado;A;Fornecedor Delta;24,0;14,9
PC000206;Loja Sul;08/11/2026;3;10,0;3414,95;🟡 Planejado;A;Fornecedor Delta;24,0;14,9
PC000206;Loja Sul;19/11/2026;4;11,0;3886,22;🟡 Planejado;A;Fornecedor Delta;21,0;17,7
PC000206;Loja Sul;05/12/2026;4;12,0;4062,72;🟡 Planejado;A;Fornecedor Delta;21,0;17,7
PC000206;Loja Sul;31/12/2026;5;8,0;2765,53;🟡 Planejado;A;Fornecedor Delta;30,0;12,4
PC000206;Loja Sul;16/01/2027;6;8,0;2790,44;🟡 Planejado;A;Fornecedor Delta;30,0;12,3
PC000206;Loja Sul;01/02/2027;6;8,0;2815,24;🟡 Planejado;A;Fornecedor Delta;30,0;12,3
PC000996;Loja Sul;12/10/2026;2;6,0;1845,02;🟡 Planejado;A;Fornecedor Alfa;38,0;9,6
PC000996;Loja Sul;19/10/2026;3;9,0;2628,34;🟡 Planejado;A;Fornecedor Alfa;27,0;13,6
PC000996;Loja Sul;04/11/2026;3;9,0;2659,53;🟡 Planejado;A;Fornecedor Alfa;27,0;13,6
PC000996;Loja Sul;12/11/2026;4;15,0;4334,6;🟡 Planejado;A;Fornecedor Alfa;17,0;21,5
PC000996;Loja Sul;28/11/2026;4;14,0;4210,41;🟡 Planejado;A;Fornecedor Alfa;17,0;21,5
PC000996;Loja Sul;26/12/2026;5;8,0;2256,88;🟡 Planejado;A;Fornecedor Alfa;30,0;12,2
PC000996;Loja Sul;11/01/2027;6;9,0;2653,29;🟡 Planejado;A;Fornecedor Alfa;28,0;12,9
PC000996;Loja Sul;26/01/2027;6;8,0;2369,4;🟡 Planejado;A;Fornecedor Alfa;28,0;12,9
PC000473;Loja Sul;15/09/2026;2;7,0;2656,66;🟡 Planejado;A;Fornecedor Alfa;34,0;10,7
PC000473;Loja Sul;01/10/2026;2;7,0;2787,73;🟡 Planejado;A;Fornecedor Alfa;34,0;10,7
PC000473;Loja Sul;17/10/2026;3;7,0;2785,6;🟡 Planejado;A;Fornecedor Alfa;34,0;10,7
PC000473;Loja Sul;02/11/2026;3;7,0;2786,76;🟡 Planejado;A;Fornecedor Alfa;34,0;10,7
PC000473;Loja Sul;18/11/2026;4;7,0;2784,96;🟡 Planejado;A;Fornecedor Alfa;34,0;10,7
PC000473;Loja Sul;04/12/2026;4;7,0;2785,98;🟡 Planejado;A;Fornecedor Alfa;34,0;10,7
PC000473;Loja Sul;20/12/2026;5;7,0;2784,46;🟡 Planejado;A;Fornecedor Alfa;34,0;10,7
PC000473;Loja Sul;04/01/2027;5;7,0;2611,27;🟡 Planejado;A;Fornecedor Alfa;34,0;10,7
PC000473;Loja Sul;20/01/2027;6;7,0;2784,11;🟡 Planejado;A;Fornecedor Alfa;34,0;10,7
PC000473;Loja Sul;04/02/2027;6;7,0;2610,8;🟡 Planejado;A;Fornecedor Alfa;34,0;10,7
PC000006;Loja Sul;03/09/2026;1;7,0;2044,64;🔴 Prioritário (até 30 dias);A;Fornecedor Beta;34,0;10,9
PC000006;Loja Sul;19/09/2026;2;7,0;2132,07;🟡 Planejado;A;Fornecedor Beta;34,0;10,9
PC000006;Loja Sul;05/10/2026;2;7,0;2138,4;🟡 Planejado;A;Fornecedor Beta;34,0;10,9
PC000006;Loja Sul;14/10/2026;3;9,0;2730,83;🟡 Planejado;A;Fornecedor Beta;25,0;14,8
PC000006;Loja Sul;29/10/2026;3;9,0;2720,99;🟡 Planejado;A;Fornecedor Beta;25,0;14,8
PC000006;Loja Sul;12/11/2026;4;12,0;3623,16;🟡 Planejado;A;Fornecedor Beta;21,0;17,6
PC000006;Loja Sul;28/11/2026;4;12,0;3461,65;🟡 Planejado;A;Fornecedor Beta;21,0;17,6
PC000006;Loja Sul;22/12/2026;5;7,0;2222,28;🟡 Planejado;A;Fornecedor Beta;31,0;11,7
PC000006;Loja Sul;07/01/2027;5;8,0;2302,55;🟡 Planejado;A;Fornecedor Beta;31,0;11,7
PC000006;Loja Sul;23/01/2027;6;8,0;2275,31;🟡 Planejado;A;Fornecedor Beta;31,0;11,7
PC000006;Loja Sul;07/02/2027;6;7,0;2149,14;🟡 Planejado;A;Fornecedor Beta;31,0;11,7
PC000099;Loja Sul;26/12/2026;5;6,0;2053,73;🟡 Planejado;A;Fornecedor Beta;39,0;9,3
PC000099;Loja Sul;11/01/2027;6;6,0;2158,46;🟡 Planejado;A;Fornecedor Beta;39,0;9,3
PC000099;Loja Sul;27/01/2027;6;6,0;2158,01;🟡 Planejado;A;Fornecedor Beta;39,0;9,3
PC000604;Loja Sul;25/08/2026;1;12,0;1989,49;🔴 Prioritário (até 30 dias);A;Fornecedor Delta;19,0;19,2
PC000604;Loja Sul;10/09/2026;1;13,0;2077,18;🔴 Prioritário (até 30 dias);A;Fornecedor Delta;19,0;19,2
PC000604;Loja Sul;26/09/2026;2;11,0;1881,34;🟡 Planejado;A;Fornecedor Delta;20,0;18,5
PC000604;Loja Sul;11/10/2026;2;11,0;1880,59;🟡 Planejado;A;Fornecedor Delta;20,0;18,5
PC000604;Loja Sul;20/10/2026;3;14,0;2378,31;🟡 Planejado;A;Fornecedor Delta;16,0;23,4
PC000604;Loja Sul;05/11/2026;3;15,0;2532,26;🟡 Planejado;A;Fornecedor Delta;16,0;23,4
PC000604;Loja Sul;18/11/2026;4;17,0;2848,63;🟡 Planejado;A;Fornecedor Delta;14,0;26,5
PC000604;Loja Sul;03/12/2026;4;16,0;2694,74;🟡 Planejado;A;Fornecedor Delta;14,0;26,5
PC000604;Loja Sul;25/12/2026;5;13,0;2209,41;🟡 Planejado;A;Fornecedor Delta;18,0;20,7
PC000604;Loja Sul;10/01/2027;5;14,0;2240,61;🟡 Planejado;A;Fornecedor Delta;18,0;20,7
PC000604;Loja Sul;26/01/2027;6;13,0;2197,17;🟡 Planejado;A;Fornecedor Delta;18,0;20,5
PC000946;Loja Sul;15/09/2026;2;10,0;2357,92;🟡 Planejado;A;Fornecedor Beta;23,0;15,7
PC000946;Loja Sul;01/10/2026;2;10,0;2446,13;🟡 Planejado;A;Fornecedor Beta;23,0;15,7
PC000946;Loja Sul;16/10/2026;3;10,0;2382,29;🟡 Planejado;A;Fornecedor Beta;23,0;16,0
PC000946;Loja Sul;01/11/2026;3;11,0;2488,03;🟡 Planejado;A;Fornecedor Beta;23,0;16,0
PC000946;Loja Sul;16/11/2026;4;10,0;2373,73;🟡 Planejado;A;Fornecedor Beta;23,0;16,1
PC000946;Loja Sul;01/12/2026;4;10,0;2350,19;🟡 Planejado;A;Fornecedor Beta;23,0;16,1
PC000946;Loja Sul;16/12/2026;5;10,0;2368,7;🟡 Planejado;A;Fornecedor Beta;23,0;16,2
PC000946;Loja Sul;01/01/2027;5;11,0;2515,33;🟡 Planejado;A;Fornecedor Beta;23,0;16,2
PC000946;Loja Sul;16/01/2027;6;10,0;2366,69;🟡 Planejado;A;Fornecedor Beta;23,0;16,2
PC000946;Loja Sul;31/01/2027;6;10,0;2361,69;🟡 Planejado;A;Fornecedor Beta;23,0;16,2
PC000875;Loja Sul;24/09/2026;2;6,0;2129,9;🟡 Planejado;A;Fornecedor Delta;36,0;10,1
PC000875;Loja Sul;09/10/2026;2;6,0;2060,83;🟡 Planejado;A;Fornecedor Delta;36,0;10,1
PC000875;Loja Sul;24/10/2026;3;6,0;2128,2;🟡 Planejado;A;Fornecedor Delta;36,0;10,2
PC000875;Loja Sul;09/11/2026;3;7,0;2223,88;🟡 Planejado;A;Fornecedor Delta;36,0;10,2
PC000875;Loja Sul;24/11/2026;4;6,0;2110,76;🟡 Planejado;A;Fornecedor Delta;36,0;10,2
PC000875;Loja Sul;09/12/2026;4;6,0;2093,91;🟡 Planejado;A;Fornecedor Delta;36,0;10,2
PC000875;Loja Sul;24/12/2026;5;6,0;2103,62;🟡 Planejado;A;Fornecedor Delta;36,0;10,3
PC000875;Loja Sul;08/01/2027;5;6,0;2097,3;🟡 Planejado;A;Fornecedor Delta;36,0;10,3
PC000875;Loja Sul;23/01/2027;6;6,0;2100,93;🟡 Planejado;A;Fornecedor Delta;36,0;10,3
PC000875;Loja Sul;08/02/2027;6;7,0;2238,47;🟡 Planejado;A;Fornecedor Delta;36,0;10,3
PC000773;Loja Sul;29/09/2026;2;6,0;2470,39;🟡 Planejado;A;Fornecedor Beta;38,0;9,5
PC000773;Loja Sul;15/10/2026;3;6,0;2519,59;🟡 Planejado;A;Fornecedor Beta;38,0;9,5
PC000773;Loja Sul;30/10/2026;3;6,0;2362,12;🟡 Planejado;A;Fornecedor Beta;38,0;9,5
PC000773;Loja Sul;14/11/2026;4;6,0;2362,12;🟡 Planejado;A;Fornecedor Beta;38,0;9,5
PC000773;Loja Sul;29/11/2026;4;6,0;2362,12;🟡 Planejado;A;Fornecedor Beta;38,0;9,5
PC000773;Loja Sul;15/12/2026;5;6,0;2519,59;🟡 Planejado;A;Fornecedor Beta;38,0;9,5
PC000773;Loja Sul;30/12/2026;5;6,0;2362,12;🟡 Planejado;A;Fornecedor Beta;38,0;9,5
PC000773;Loja Sul;14/01/2027;6;6,0;2362,12;🟡 Planejado;A;Fornecedor Beta;38,0;9,5
PC000773;Loja Sul;29/01/2027;6;6,0;2362,12;🟡 Planejado;A;Fornecedor Beta;38,0;9,5
PC000255;Loja Sul;13/10/2026;3;10,0;3137,29;🟡 Planejado;A;Fornecedor Delta;28,0;13,1
PC000255;Loja Sul;29/10/2026;3;9,0;2670,51;🟡 Planejado;A;Fornecedor Delta;28,0;13,1
PC000255;Loja Sul;12/11/2026;4;9,0;2902,59;🟡 Planejado;A;Fornecedor Delta;25,0;14,5
PC000255;Loja Sul;28/11/2026;4;10,0;2962,59;🟡 Planejado;A;Fornecedor Delta;25,0;14,5
PC000255;Loja Sul;19/12/2026;5;7,0;2241,13;🟡 Planejado;A;Fornecedor Delta;33,0;11,1
PC000255;Loja Sul;04/01/2027;5;7,0;2269,0;🟡 Planejado;A;Fornecedor Delta;33,0;11,1
PC000255;Loja Sul;20/01/2027;6;7,0;2134,06;🟡 Planejado;A;Fornecedor Delta;34,0;10,8
PC000255;Loja Sul;05/02/2027;6;7,0;2215,02;🟡 Planejado;A;Fornecedor Delta;34,0;10,8
PC000771;Loja Sul;23/10/2026;3;12,0;2439,54;🟡 Planejado;A;Fornecedor Delta;20,0;18,0
PC000771;Loja Sul;08/11/2026;3;12,0;2493,41;🟡 Planejado;A;Fornecedor Delta;20,0;18,0
PC000771;Loja Sul;23/11/2026;4;11,0;2338,29;🟡 Planejado;A;Fornecedor Delta;20,0;18,0
PC000771;Loja Sul;08/12/2026;4;11,0;2337,83;🟡 Planejado;A;Fornecedor Delta;20,0;18,0
PC000771;Loja Sul;23/12/2026;5;11,0;2338,41;🟡 Planejado;A;Fornecedor Delta;20,0;18,0
PC000771;Loja Sul;07/01/2027;5;11,0;2338,04;🟡 Planejado;A;Fornecedor Delta;20,0;18,0
PC000771;Loja Sul;22/01/2027;6;11,0;2338,5;🟡 Planejado;A;Fornecedor Delta;20,0;18,0
PC000771;Loja Sul;07/02/2027;6;12,0;2494,08;🟡 Planejado;A;Fornecedor Delta;20,0;18,0
PC000819;Loja Sul;31/08/2026;1;8,0;2238,98;🔴 Prioritário (até 30 dias);A;Fornecedor Alfa;29,0;12,6
PC000819;Loja Sul;15/09/2026;2;8,0;2328,79;🟡 Planejado;A;Fornecedor Alfa;28,0;12,9
PC000819;Loja Sul;01/10/2026;2;8,0;2414,33;🟡 Planejado;A;Fornecedor Alfa;28,0;12,9
PC000819;Loja Sul;13/10/2026;3;11,0;3251,58;🟡 Planejado;A;Fornecedor Alfa;22,0;16,9
PC000819;Loja Sul;29/10/2026;3;11,0;3157,98;🟡 Planejado;A;Fornecedor Alfa;22,0;16,9
PC000819;Loja Sul;12/11/2026;4;14,0;4078,4;🟡 Planejado;A;Fornecedor Alfa;18,0;20,5
PC000819;Loja Sul;27/11/2026;4;13,0;3596,98;🟡 Planejado;A;Fornecedor Alfa;18,0;20,5
PC000819;Loja Sul;21/12/2026;5;9,0;2466,79;🟡 Planejado;A;Fornecedor Alfa;27,0;13,5
PC000819;Loja Sul;06/01/2027;5;9,0;2521,43;🟡 Planejado;A;Fornecedor Alfa;27,0;13,5
PC000819;Loja Sul;20/01/2027;6;9,0;2492,89;🟡 Planejado;A;Fornecedor Alfa;26,0;14,1
PC000819;Loja Sul;05/02/2027;6;9,0;2636,08;🟡 Planejado;A;Fornecedor Alfa;26,0;14,1
PC000245;Loja Sul;16/09/2026;2;7,0;2347,77;🟡 Planejado;A;Fornecedor Delta;34,0;10,7
PC000245;Loja Sul;01/10/2026;2;7,0;2279,29;🟡 Planejado;A;Fornecedor Delta;34,0;10,7
PC000245;Loja Sul;16/10/2026;3;7,0;2364,66;🟡 Planejado;A;Fornecedor Delta;33,0;10,9
PC000245;Loja Sul;01/11/2026;3;7,0;2471,41;🟡 Planejado;A;Fornecedor Delta;33,0;10,9
PC000245;Loja Sul;16/11/2026;4;7,0;2362,47;🟡 Planejado;A;Fornecedor Delta;33,0;11,0
PC000245;Loja Sul;01/12/2026;4;7,0;2336,46;🟡 Planejado;A;Fornecedor Delta;33,0;11,0
PC000245;Loja Sul;16/12/2026;5;7,0;2360,04;🟡 Planejado;A;Fornecedor Delta;33,0;11,1
PC000245;Loja Sul;31/12/2026;5;7,0;2346,57;🟡 Planejado;A;Fornecedor Delta;33,0;11,1
PC000245;Loja Sul;15/01/2027;6;7,0;2358,78;🟡 Planejado;A;Fornecedor Delta;33,0;11,1
PC000245;Loja Sul;30/01/2027;6;7,0;2351,8;🟡 Planejado;A;Fornecedor Delta;33,0;11,1
PC000032;Loja Sul;15/09/2026;2;8,0;2121,23;🟡 Planejado;A;Fornecedor Gamma;30,0;12,3
PC000032;Loja Sul;01/10/2026;2;8,0;2198,24;🟡 Planejado;A;Fornecedor Gamma;30,0;12,3
PC000032;Loja Sul;13/10/2026;3;13,0;3550,05;🟡 Planejado;A;Fornecedor Gamma;20,0;17,8
PC000032;Loja Sul;29/10/2026;3;12,0;3179,59;🟡 Planejado;A;Fornecedor Gamma;20,0;17,8
PC000032;Loja Sul;12/11/2026;4;13,0;3559,09;🟡 Planejado;A;Fornecedor Gamma;18,0;20,1
PC000032;Loja Sul;28/11/2026;4;13,0;3580,6;🟡 Planejado;A;Fornecedor Gamma;18,0;20,1
PC000032;Loja Sul;19/12/2026;5;10,0;2736,03;🟡 Planejado;A;Fornecedor Gamma;24,0;15,4
PC000032;Loja Sul;04/01/2027;5;10,0;2753,86;🟡 Planejado;A;Fornecedor Gamma;24,0;15,4
PC000032;Loja Sul;22/01/2027;6;9,0;2425,78;🟡 Planejado;A;Fornecedor Gamma;26,0;14,0
PC000032;Loja Sul;06/02/2027;6;9,0;2341,63;🟡 Planejado;A;Fornecedor Gamma;26,0;14,0
PC000506;Loja Sul;03/09/2026;1;10,0;1859,46;🔴 Prioritário (até 30 dias);A;Fornecedor Gamma;23,0;15,8
PC000506;Loja Sul;17/09/2026;2;11,0;1965,95;🟡 Planejado;A;Fornecedor Gamma;22,0;16,9
PC000506;Loja Sul;03/10/2026;2;11,0;2046,56;🟡 Planejado;A;Fornecedor Gamma;22,0;16,9
PC000506;Loja Sul;15/10/2026;3;13,0;2330,06;🟡 Planejado;A;Fornecedor Gamma;18,0;20,1
PC000506;Loja Sul;31/10/2026;3;13,0;2432,08;🟡 Planejado;A;Fornecedor Gamma;18,0;20,1
PC000506;Loja Sul;12/11/2026;4;15,0;2789,36;🟡 Planejado;A;Fornecedor Gamma;15,0;24,2
PC000506;Loja Sul;27/11/2026;4;15,0;2747,16;🟡 Planejado;A;Fornecedor Gamma;15,0;24,2
PC000506;Loja Sul;19/12/2026;5;11,0;2024,42;🟡 Planejado;A;Fornecedor Gamma;21,0;17,2
PC000506;Loja Sul;04/01/2027;5;11,0;2086,2;🟡 Planejado;A;Fornecedor Gamma;21,0;17,2
PC000506;Loja Sul;19/01/2027;6;12,0;2167,16;🟡 Planejado;A;Fornecedor Gamma;20,0;17,9
PC000506;Loja Sul;04/02/2027;6;12,0;2172,9;🟡 Planejado;A;Fornecedor Gamma;20,0;17,9
PC000883;Loja Sul;12/11/2026;4;10,0;2761,35;🟡 Planejado;A;Fornecedor Beta;25,0;14,4
PC000883;Loja Sul;28/11/2026;4;9,0;2734,53;🟡 Planejado;A;Fornecedor Beta;25,0;14,4
PC000883;Loja Sul;19/12/2026;5;7,0;1936,85;🟡 Planejado;A;Fornecedor Beta;34,0;10,7
PC000883;Loja Sul;04/01/2027;5;7,0;2038,86;🟡 Planejado;A;Fornecedor Beta;34,0;10,7
PC000883;Loja Sul;21/01/2027;6;6,0;1769,06;🟡 Planejado;A;Fornecedor Beta;37,0;9,9
PC000883;Loja Sul;05/02/2027;6;6,0;1766,1;🟡 Planejado;A;Fornecedor Beta;37,0;9,9
PC000920;Loja Sul;14/08/2026;1;12,0;2343,51;🚨 Urgente (até 7 dias);A;Fornecedor Alfa;24,0;15,2
PC000920;Loja Sul;30/08/2026;1;10,0;1897,38;🔴 Prioritário (até 30 dias);A;Fornecedor Alfa;24,0;15,2
PC000920;Loja Sul;14/09/2026;2;9,0;1778,8;🟡 Planejado;A;Fornecedor Alfa;24,0;15,2
PC000920;Loja Sul;29/09/2026;2;9,0;1778,8;🟡 Planejado;A;Fornecedor Alfa;24,0;15,2
PC000920;Loja Sul;14/10/2026;3;9,0;1778,81;🟡 Planejado;A;Fornecedor Alfa;24,0;15,2
PC000920;Loja Sul;29/10/2026;3;9,0;1778,8;🟡 Planejado;A;Fornecedor Alfa;24,0;15,2
PC000920;Loja Sul;13/11/2026;4;9,0;1778,81;🟡 Planejado;A;Fornecedor Alfa;24,0;15,2
PC000920;Loja Sul;29/11/2026;4;10,0;1897,39;🟡 Planejado;A;Fornecedor Alfa;24,0;15,2
PC000920;Loja Sul;14/12/2026;5;9,0;1778,81;🟡 Planejado;A;Fornecedor Alfa;24,0;15,2
PC000920;Loja Sul;29/12/2026;5;9,0;1778,81;🟡 Planejado;A;Fornecedor Alfa;24,0;15,2
PC000920;Loja Sul;13/01/2027;6;9,0;1778,82;🟡 Planejado;A;Fornecedor Alfa;24,0;15,2
PC000920;Loja Sul;29/01/2027;6;10,0;1897,4;🟡 Planejado;A;Fornecedor Alfa;24,0;15,2
PC000983;Loja Sul;24/09/2026;2;9,0;1875,01;🟡 Planejado;A;Fornecedor Alfa;27,0;13,7
PC000983;Loja Sul;10/10/2026;2;9,0;1902,41;🟡 Planejado;A;Fornecedor Alfa;27,0;13,7
PC000983;Loja Sul;26/10/2026;3;9,0;1880,33;🟡 Planejado;A;Fornecedor Alfa;27,0;13,7
PC000983;Loja Sul;11/11/2026;3;9,0;1894,38;🟡 Planejado;A;Fornecedor Alfa;27,0;13,7
PC000983;Loja Sul;27/11/2026;4;9,0;1887,54;🟡 Planejado;A;Fornecedor Alfa;27,0;13,7
PC000983;Loja Sul;13/12/2026;5;9,0;1890,59;🟡 Planejado;A;Fornecedor Alfa;27,0;13,7
PC000983;Loja Sul;29/12/2026;5;9,0;1891,3;🟡 Planejado;A;Fornecedor Alfa;27,0;13,7
PC000983;Loja Sul;14/01/2027;6;9,0;1890,85;🟡 Planejado;A;Fornecedor Alfa;27,0;13,7
PC000983;Loja Sul;30/01/2027;6;9,0;1891,09;🟡 Planejado;A;Fornecedor Alfa;27,0;13,7
PC000348;Loja Sul;09/09/2026;1;11,0;1913,57;🔴 Prioritário (até 30 dias);A;Fornecedor Delta;21,0;17,6
PC000348;Loja Sul;25/09/2026;2;11,0;1902,88;🟡 Planejado;A;Fornecedor Delta;21,0;17,3
PC000348;Loja Sul;11/10/2026;2;11,0;1954,8;🟡 Planejado;A;Fornecedor Delta;21,0;17,3
PC000348;Loja Sul;18/10/2026;3;16,0;2774,79;🟡 Planejado;A;Fornecedor Delta;15,0;24,8
PC000348;Loja Sul;03/11/2026;3;16,0;2807,94;🟡 Planejado;A;Fornecedor Delta;15,0;24,8
PC000348;Loja Sul;14/11/2026;4;19,0;3303,98;🟡 Planejado;A;Fornecedor Delta;12,0;30,7
PC000348;Loja Sul;30/11/2026;4;20,0;3473,89;🟡 Planejado;A;Fornecedor Delta;12,0;30,7
PC000348;Loja Sul;24/12/2026;5;13,0;2240,38;🟡 Planejado;A;Fornecedor Delta;17,0;20,9
PC000348;Loja Sul;08/01/2027;5;13,0;2220,57;🟡 Planejado;A;Fornecedor Delta;17,0;20,9
PC000348;Loja Sul;24/01/2027;6;13,0;2284,47;🟡 Planejado;A;Fornecedor Delta;18,0;20,7
PC000348;Loja Sul;08/02/2027;6;13,0;2191,88;🟡 Planejado;A;Fornecedor Delta;18,0;20,7
PC000860;Loja Sul;13/10/2026;3;8,0;2788,14;🟡 Planejado;A;Fornecedor Beta;31,0;11,6
PC000860;Loja Sul;29/10/2026;3;8,0;2524,4;🟡 Planejado;A;Fornecedor Beta;31,0;11,6
PC000860;Loja Sul;12/11/2026;4;10,0;3318,9;🟡 Planejado;A;Fornecedor Beta;26,0;14,3
PC000860;Loja Sul;27/11/2026;4;9,0;2903,74;🟡 Planejado;A;Fornecedor Beta;26,0;14,3
PC000860;Loja Sul;20/12/2026;5;6,0;2085,32;🟡 Planejado;A;Fornecedor Beta;37,0;9,8
PC000860;Loja Sul;04/01/2027;5;6,0;1993,32;🟡 Planejado;A;Fornecedor Beta;37,0;9,8
PC000860;Loja Sul;17/01/2027;6;7,0;2343,26;🟡 Planejado;A;Fornecedor Beta;33,0;11,0
PC000860;Loja Sul;01/02/2027;6;7,0;2242,94;🟡 Planejado;A;Fornecedor Beta;33,0;11,0
PC000833;Loja Sul;21/08/2026;1;7,0;1832,54;🔴 Prioritário (até 30 dias);A;Fornecedor Delta;34,0;10,8
PC000833;Loja Sul;06/09/2026;1;7,0;1889,2;🔴 Prioritário (até 30 dias);A;Fornecedor Delta;34,0;10,8
PC000833;Loja Sul;21/09/2026;2;7,0;1797,45;🟡 Planejado;A;Fornecedor Delta;34,0;10,9
PC000833;Loja Sul;07/10/2026;2;7,0;1900,0;🟡 Planejado;A;Fornecedor Delta;34,0;10,9
PC000833;Loja Sul;22/10/2026;3;7,0;1790,78;🟡 Planejado;A;Fornecedor Delta;33,0;10,9
PC000833;Loja Sul;06/11/2026;3;7,0;1784,82;🟡 Planejado;A;Fornecedor Delta;33,0;10,9
PC000833;Loja Sul;21/11/2026;4;7,0;1788,18;🟡 Planejado;A;Fornecedor Delta;33,0;10,9
PC000833;Loja Sul;06/12/2026;4;7,0;1786,08;🟡 Planejado;A;Fornecedor Delta;33,0;10,9
PC000833;Loja Sul;21/12/2026;5;7,0;1787,27;🟡 Planejado;A;Fornecedor Delta;33,0;10,9
PC000833;Loja Sul;05/01/2027;5;7,0;1786,53;🟡 Planejado;A;Fornecedor Delta;33,0;10,9
PC000833;Loja Sul;20/01/2027;6;7,0;1786,94;🟡 Planejado;A;Fornecedor Delta;33,0;10,9
PC000833;Loja Sul;04/02/2027;6;7,0;1786,68;🟡 Planejado;A;Fornecedor Delta;33,0;10,9
PC000058;Loja Sul;21/11/2026;4;17,0;3121,74;🟡 Planejado;A;Fornecedor Alfa;14,0;25,7
PC000058;Loja Sul;06/12/2026;4;16,0;2944,76;🟡 Planejado;A;Fornecedor Alfa;14,0;25,7
PC000058;Loja Sul;02/01/2027;5;12,0;2164,92;🟡 Planejado;A;Fornecedor Alfa;20,0;17,8
PC000058;Loja Sul;19/01/2027;6;11,0;1961,32;🟡 Planejado;A;Fornecedor Alfa;22,0;16,6
PC000058;Loja Sul;04/02/2027;6;11,0;2032,28;🟡 Planejado;A;Fornecedor Alfa;22,0;16,6
PC000834;Loja Sul;18/09/2026;2;5,0;1544,24;🟡 Planejado;A;Fornecedor Beta;50,0;7,3
PC000834;Loja Sul;03/10/2026;2;4,0;1518,19;🟡 Planejado;A;Fornecedor Beta;50,0;7,3
PC000834;Loja Sul;14/10/2026;3;6,0;1943,54;🟡 Planejado;A;Fornecedor Beta;40,0;9,1
PC000834;Loja Sul;29/10/2026;3;6,0;1907,34;🟡 Planejado;A;Fornecedor Beta;40,0;9,1
PC000834;Loja Sul;12/11/2026;4;7,0;2244,42;🟡 Planejado;A;Fornecedor Beta;36,0;10,2
PC000834;Loja Sul;28/11/2026;4;7,0;2274,1;🟡 Planejado;A;Fornecedor Beta;36,0;10,2
PC000834;Loja Sul;18/12/2026;5;5,0;1687,15;🟡 Planejado;A;Fornecedor Beta;46,0;8,0
PC000834;Loja Sul;03/01/2027;5;5,0;1774,44;🟡 Planejado;A;Fornecedor Beta;46,0;8,0
PC000834;Loja Sul;19/01/2027;6;5,0;1758,44;🟡 Planejado;A;Fornecedor Beta;46,0;7,9
PC000834;Loja Sul;04/02/2027;6;5,0;1767,87;🟡 Planejado;A;Fornecedor Beta;46,0;7,9
PC000723;Loja Sul;17/08/2026;1;11,0;1571,12;🚨 Urgente (até 7 dias);A;Fornecedor Beta;20,0;17,9
PC000723;Loja Sul;01/09/2026;1;11,0;1570,51;🔴 Prioritário (até 30 dias);A;Fornecedor Beta;20,0;17,9
PC000723;Loja Sul;16/09/2026;2;11,0;1571,7;🟡 Planejado;A;Fornecedor Beta;20,0;17,9
PC000723;Loja Sul;02/10/2026;2;12,0;1675,77;🟡 Planejado;A;Fornecedor Beta;20,0;17,9
PC000723;Loja Sul;17/10/2026;3;11,0;1572,21;🟡 Planejado;A;Fornecedor Beta;20,0;17,9
PC000723;Loja Sul;02/11/2026;3;12,0;1676,31;🟡 Planejado;A;Fornecedor Beta;20,0;17,9
PC000723;Loja Sul;17/11/2026;4;11,0;1572,71;🟡 Planejado;A;Fornecedor Beta;20,0;18,0
PC000723;Loja Sul;02/12/2026;4;11,0;1572,03;🟡 Planejado;A;Fornecedor Beta;20,0;18,0
PC000723;Loja Sul;17/12/2026;5;11,0;1573,16;🟡 Planejado;A;Fornecedor Beta;20,0;18,0
PC000723;Loja Sul;02/01/2027;5;12,0;1677,33;🟡 Planejado;A;Fornecedor Beta;20,0;18,0
PC000723;Loja Sul;17/01/2027;6;11,0;1573,62;🟡 Planejado;A;Fornecedor Beta;20,0;18,0
PC000723;Loja Sul;02/02/2027;6;12,0;1677,82;🟡 Planejado;A;Fornecedor Beta;20,0;18,0
PC000015;Loja Sul;11/12/2026;4;9,0;2973,41;🟡 Planejado;A;Fornecedor Alfa;26,0;14,2
PC000015;Loja Sul;04/01/2027;5;7,0;2244,77;🟡 Planejado;A;Fornecedor Alfa;33,0;11,0
PC000015;Loja Sul;19/01/2027;6;7,0;2355,45;🟡 Planejado;A;Fornecedor Alfa;32,0;11,4
PC000015;Loja Sul;03/02/2027;6;7,0;2244,95;🟡 Planejado;A;Fornecedor Alfa;32,0;11,4
PC000007;Loja Sul;27/01/2027;6;6,0;1773,31;🟡 Planejado;A;Fornecedor Delta;42,0;8,8
PC000727;Loja Sul;17/09/2026;2;7,0;1517,26;🟡 Planejado;A;Fornecedor Alfa;35,0;10,4
PC000727;Loja Sul;02/10/2026;2;6,0;1492,92;🟡 Planejado;A;Fornecedor Alfa;35,0;10,4
PC000727;Loja Sul;17/10/2026;3;7,0;1520,32;🟡 Planejado;A;Fornecedor Alfa;35,0;10,5
PC000727;Loja Sul;01/11/2026;3;6,0;1504,66;🟡 Planejado;A;Fornecedor Alfa;35,0;10,5
PC000727;Loja Sul;16/11/2026;4;7,0;1516,21;🟡 Planejado;A;Fornecedor Alfa;35,0;10,5
PC000727;Loja Sul;02/12/2026;4;7,0;1610,26;🟡 Planejado;A;Fornecedor Alfa;35,0;10,5
PC000727;Loja Sul;17/12/2026;5;6,0;1514,62;🟡 Planejado;A;Fornecedor Alfa;35,0;10,5
PC000727;Loja Sul;02/01/2027;5;7,0;1612,48;🟡 Planejado;A;Fornecedor Alfa;35,0;10,5
PC000727;Loja Sul;17/01/2027;6;6,0;1513,87;🟡 Planejado;A;Fornecedor Alfa;35,0;10,5
PC000727;Loja Sul;01/02/2027;6;6,0;1512,58;🟡 Planejado;A;Fornecedor Alfa;35,0;10,5
PC000434;Loja Sul;25/10/2026;3;8,0;2466,72;🟡 Planejado;A;Fornecedor Alfa;29,0;12,5
PC000434;Loja Sul;09/11/2026;3;8,0;2325,78;🟡 Planejado;A;Fornecedor Alfa;29,0;12,5
PC000434;Loja Sul;20/11/2026;4;9,0;2789,9;🟡 Planejado;A;Fornecedor Alfa;25,0;14,7
PC000434;Loja Sul;06/12/2026;4;10,0;2925,69;🟡 Planejado;A;Fornecedor Alfa;25,0;14,7
PC000434;Loja Sul;03/01/2027;5;7,0;1970,01;🟡 Planejado;A;Fornecedor Alfa;37,0;9,9
PC000434;Loja Sul;18/01/2027;6;7,0;2036,38;🟡 Planejado;A;Fornecedor Alfa;35,0;10,3
PC000434;Loja Sul;03/02/2027;6;7,0;2052,67;🟡 Planejado;A;Fornecedor Alfa;35,0;10,3
PC000621;Loja Sul;20/08/2026;1;8,0;1677,81;🚨 Urgente (até 7 dias);A;Fornecedor Gamma;29,0;12,4
PC000621;Loja Sul;05/09/2026;1;8,0;1741,68;🔴 Prioritário (até 30 dias);A;Fornecedor Gamma;29,0;12,4
PC000621;Loja Sul;21/09/2026;2;8,0;1662,33;🟡 Planejado;A;Fornecedor Gamma;30,0;12,2
PC000621;Loja Sul;06/10/2026;2;8,0;1602,3;🟡 Planejado;A;Fornecedor Gamma;30,0;12,2
PC000621;Loja Sul;22/10/2026;3;8,0;1676,49;🟡 Planejado;A;Fornecedor Gamma;30,0;12,1
PC000621;Loja Sul;06/11/2026;3;7,0;1590,06;🟡 Planejado;A;Fornecedor Gamma;30,0;12,1
PC000621;Loja Sul;22/11/2026;4;8,0;1682,67;🟡 Planejado;A;Fornecedor Gamma;30,0;12,0
PC000621;Loja Sul;08/12/2026;4;8,0;1690,84;🟡 Planejado;A;Fornecedor Gamma;30,0;12,0
PC000621;Loja Sul;24/12/2026;5;8,0;1685,2;🟡 Planejado;A;Fornecedor Gamma;30,0;12,0
PC000621;Loja Sul;08/01/2027;5;7,0;1583,2;🟡 Planejado;A;Fornecedor Gamma;30,0;12,0
PC000621;Loja Sul;24/01/2027;6;8,0;1686,43;🟡 Planejado;A;Fornecedor Gamma;30,0;12,0
PC000621;Loja Sul;09/02/2027;6;8,0;1687,9;🟡 Planejado;A;Fornecedor Gamma;30,0;12,0
PC000591;Loja Sul;19/11/2026;4;8,0;2422,78;🟡 Planejado;A;Fornecedor Beta;31,0;11,9
PC000591;Loja Sul;04/12/2026;4;7,0;2299,59;🟡 Planejado;A;Fornecedor Beta;31,0;11,9
PC000591;Loja Sul;31/12/2026;5;5,0;1657,82;🟡 Planejado;A;Fornecedor Beta;45,0;8,0
PC000591;Loja Sul;15/01/2027;6;5,0;1628,74;🟡 Planejado;A;Fornecedor Beta;45,0;8,2
PC000591;Loja Sul;30/01/2027;6;5,0;1586,69;🟡 Planejado;A;Fornecedor Beta;45,0;8,2
PC000563;Loja Sul;09/11/2026;3;9,0;3057,2;🟡 Planejado;B;Fornecedor Alfa;46,0;7,9
PC000563;Loja Sul;22/11/2026;4;11,0;3794,08;🟡 Planejado;B;Fornecedor Alfa;38,0;9,7
PC000563;Loja Sul;23/12/2026;5;7,0;2600,01;🟡 Planejado;B;Fornecedor Alfa;56,0;6,5
PC000563;Loja Sul;11/01/2027;6;8,0;2775,88;🟡 Planejado;B;Fornecedor Alfa;52,0;7,0
PC000563;Loja Sul;01/02/2027;6;8,0;2838,77;🟡 Planejado;B;Fornecedor Alfa;52,0;7,0
PC000889;Loja Sul;02/12/2026;4;10,0;3212,55;🟡 Planejado;B;Fornecedor Gamma;42,0;8,7
PC000889;Loja Sul;07/01/2027;5;7,0;2193,12;🟡 Planejado;B;Fornecedor Gamma;62,0;5,9
PC000889;Loja Sul;26/01/2027;6;7,0;2252,9;🟡 Planejado;B;Fornecedor Gamma;60,0;6,1
PC000431;Loja Sul;13/10/2026;3;17,0;3594,13;🟡 Planejado;B;Fornecedor Gamma;29,0;12,6
PC000431;Loja Sul;02/11/2026;3;14,0;2883,95;🟡 Planejado;B;Fornecedor Gamma;29,0;12,6
PC000431;Loja Sul;17/11/2026;4;17,0;3451,49;🟡 Planejado;B;Fornecedor Gamma;24,0;15,0
PC000431;Loja Sul;08/12/2026;4;17,0;3616,39;🟡 Planejado;B;Fornecedor Gamma;24,0;15,0
PC000431;Loja Sul;16/01/2027;6;12,0;2447,85;🟡 Planejado;B;Fornecedor Gamma;35,0;10,3
PC000431;Loja Sul;06/02/2027;6;12,0;2479,96;🟡 Planejado;B;Fornecedor Gamma;35,0;10,3
PC000129;Loja Sul;13/10/2026;3;14,0;2444,53;🟡 Planejado;B;Fornecedor Delta;29,0;12,4
PC000129;Loja Sul;02/11/2026;3;14,0;2356,1;🟡 Planejado;B;Fornecedor Delta;29,0;12,4
PC000129;Loja Sul;18/11/2026;4;16,0;2844,04;🟡 Planejado;B;Fornecedor Delta;25,0;14,6
PC000129;Loja Sul;09/12/2026;4;17,0;2902,47;🟡 Planejado;B;Fornecedor Delta;25,0;14,6
PC000129;Loja Sul;22/01/2027;6;10,0;1767,75;🟡 Planejado;B;Fornecedor Delta;41,0;9,0
PC000355;Loja Sul;18/08/2026;1;11,0;2408,61;🚨 Urgente (até 7 dias);B;Fornecedor Gamma;38,0;9,7
PC000355;Loja Sul;08/09/2026;1;11,0;2477,55;🔴 Prioritário (até 30 dias);B;Fornecedor Gamma;38,0;9,7
PC000355;Loja Sul;28/09/2026;2;11,0;2546,58;🟡 Planejado;B;Fornecedor Gamma;37,0;9,9
PC000355;Loja Sul;13/10/2026;3;14,0;3216,53;🟡 Planejado;B;Fornecedor Gamma;29,0;12,7
PC000355;Loja Sul;02/11/2026;3;14,0;3107,71;🟡 Planejado;B;Fornecedor Gamma;29,0;12,7
PC000355;Loja Sul;17/11/2026;4;17,0;3752,06;🟡 Planejado;B;Fornecedor Gamma;24,0;15,2
PC000355;Loja Sul;07/12/2026;4;17,0;3725,65;🟡 Planejado;B;Fornecedor Gamma;24,0;15,2
PC000355;Loja Sul;10/01/2027;5;13,0;2819,23;🟡 Planejado;B;Fornecedor Gamma;33,0;11,1
PC000355;Loja Sul;27/01/2027;6;13,0;2996,12;🟡 Planejado;B;Fornecedor Gamma;30,0;12,1
PC000260;Loja Sul;14/12/2026;5;8,0;2217,0;🟡 Planejado;B;Fornecedor Gamma;49,0;7,4
PC000260;Loja Sul;04/01/2027;5;9,0;2269,16;🟡 Planejado;B;Fornecedor Gamma;49,0;7,4
PC000260;Loja Sul;24/01/2027;6;8,0;2171,16;🟡 Planejado;B;Fornecedor Gamma;49,0;7,4
PC000168;Loja Sul;23/10/2026;3;11,0;2543,85;🟡 Planejado;B;Fornecedor Delta;38,0;9,6
PC000168;Loja Sul;12/11/2026;4;12,0;2841,48;🟡 Planejado;B;Fornecedor Delta;35,0;10,3
PC000168;Loja Sul;02/12/2026;4;11,0;2634,52;🟡 Planejado;B;Fornecedor Delta;35,0;10,3
PC000168;Loja Sul;06/01/2027;5;8,0;1798,7;🟡 Planejado;B;Fornecedor Delta;52,0;7,0
PC000168;Loja Sul;26/01/2027;6;8,0;1820,12;🟡 Planejado;B;Fornecedor Delta;52,0;7,1
PC000124;Loja Sul;14/08/2026;1;6,0;2362,45;🚨 Urgente (até 7 dias);B;Fornecedor Beta;72,0;5,1
PC000124;Loja Sul;04/09/2026;1;6,0;2146,87;🔴 Prioritário (até 30 dias);B;Fornecedor Beta;72,0;5,1
PC000124;Loja Sul;24/09/2026;2;6,0;2145,64;🟡 Planejado;B;Fornecedor Beta;70,0;5,2
PC000124;Loja Sul;14/10/2026;3;6,0;2117,32;🟡 Planejado;B;Fornecedor Beta;70,0;5,2
PC000124;Loja Sul;04/11/2026;3;6,0;2204,58;🟡 Planejado;B;Fornecedor Beta;70,0;5,2
PC000124;Loja Sul;24/11/2026;4;6,0;2117,31;🟡 Planejado;B;Fornecedor Beta;69,0;5,3
PC000124;Loja Sul;14/12/2026;5;6,0;2112,24;🟡 Planejado;B;Fornecedor Beta;69,0;5,3
PC000124;Loja Sul;04/01/2027;5;6,0;2214,5;🟡 Planejado;B;Fornecedor Beta;69,0;5,3
PC000124;Loja Sul;24/01/2027;6;6,0;2112,15;🟡 Planejado;B;Fornecedor Beta;69,0;5,3
PC000207;Loja Sul;20/09/2026;2;5,0;1455,46;🟡 Planejado;B;Fornecedor Delta;89,0;4,1
PC000207;Loja Sul;11/10/2026;2;5,0;1455,98;🟡 Planejado;B;Fornecedor Delta;89,0;4,1
PC000207;Loja Sul;18/10/2026;3;7,0;2148,8;🟡 Planejado;B;Fornecedor Delta;59,0;6,2
PC000207;Loja Sul;07/11/2026;3;7,0;2109,9;🟡 Planejado;B;Fornecedor Delta;59,0;6,2
PC000207;Loja Sul;20/11/2026;4;9,0;2637,02;🟡 Planejado;B;Fornecedor Delta;47,0;7,7
PC000207;Loja Sul;10/12/2026;4;8,0;2626,47;🟡 Planejado;B;Fornecedor Delta;47,0;7,7
PC000207;Loja Sul;17/01/2027;6;6,0;1972,73;🟡 Planejado;B;Fornecedor Delta;65,0;5,6
PC000207;Loja Sul;06/02/2027;6;6,0;1903,04;🟡 Planejado;B;Fornecedor Delta;65,0;5,6
PC000857;Loja Sul;06/09/2026;1;14,0;4833,29;🔴 Prioritário (até 30 dias);B;Fornecedor Alfa;29,0;12,6
PC000857;Loja Sul;27/09/2026;2;14,0;4879,29;🟡 Planejado;B;Fornecedor Alfa;29,0;12,5
PC000857;Loja Sul;18/10/2026;3;14,0;4875,7;🟡 Planejado;B;Fornecedor Alfa;29,0;12,5
PC000857;Loja Sul;08/11/2026;3;14,0;4901,35;🟡 Planejado;B;Fornecedor Alfa;29,0;12,5
PC000857;Loja Sul;29/11/2026;4;14,0;4853,74;🟡 Planejado;B;Fornecedor Alfa;29,0;12,4
PC000857;Loja Sul;20/12/2026;5;14,0;4851,94;🟡 Planejado;B;Fornecedor Alfa;29,0;12,4
PC000857;Loja Sul;10/01/2027;5;14,0;4870,32;🟡 Planejado;B;Fornecedor Alfa;29,0;12,4
PC000857;Loja Sul;31/01/2027;6;14,0;4838,28;🟡 Planejado;B;Fornecedor Alfa;30,0;12,4
PC000038;Loja Sul;13/10/2026;3;10,0;3217,86;🟡 Planejado;B;Fornecedor Delta;47,0;7,8
PC000038;Loja Sul;03/11/2026;3;9,0;2947,79;🟡 Planejado;B;Fornecedor Delta;47,0;7,8
PC000038;Loja Sul;20/11/2026;4;10,0;3275,14;🟡 Planejado;B;Fornecedor Delta;41,0;8,8
PC000038;Loja Sul;10/12/2026;4;10,0;3170,21;🟡 Planejado;B;Fornecedor Delta;41,0;8,8
PC000038;Loja Sul;13/01/2027;6;7,0;2390,9;🟡 Planejado;B;Fornecedor Delta;56,0;6,5
PC000038;Loja Sul;02/02/2027;6;7,0;2347,25;🟡 Planejado;B;Fornecedor Delta;56,0;6,5
PC000868;Loja Sul;20/08/2026;1;18,0;1420,54;🚨 Urgente (até 7 dias);B;Fornecedor Gamma;23,0;15,8
PC000868;Loja Sul;10/09/2026;1;18,0;1465,57;🔴 Prioritário (até 30 dias);B;Fornecedor Gamma;23,0;15,8
PC000868;Loja Sul;29/09/2026;2;18,0;1487,27;🟡 Planejado;B;Fornecedor Gamma;22,0;16,4
PC000868;Loja Sul;14/10/2026;3;24,0;1923,52;🟡 Planejado;B;Fornecedor Gamma;17,0;20,9
PC000868;Loja Sul;04/11/2026;3;24,0;1942,11;🟡 Planejado;B;Fornecedor Gamma;17,0;20,9
PC000868;Loja Sul;20/11/2026;4;28,0;2254,08;🟡 Planejado;B;Fornecedor Gamma;15,0;24,4
PC000868;Loja Sul;10/12/2026;4;27,0;2165,7;🟡 Planejado;B;Fornecedor Gamma;15,0;24,4
PC000868;Loja Sul;13/01/2027;6;21,0;1668,17;🟡 Planejado;B;Fornecedor Gamma;20,0;18,2
PC000868;Loja Sul;03/02/2027;6;21,0;1692,68;🟡 Planejado;B;Fornecedor Gamma;20,0;18,2
PC000069;Loja Sul;15/11/2026;4;20,0;3287,98;🟡 Planejado;B;Fornecedor Delta;21,0;17,5
PC000069;Loja Sul;05/12/2026;4;19,0;3156,59;🟡 Planejado;B;Fornecedor Delta;21,0;17,5
PC000069;Loja Sul;12/01/2027;6;14,0;2270,29;🟡 Planejado;B;Fornecedor Delta;30,0;12,1
PC000069;Loja Sul;02/02/2027;6;14,0;2284,9;🟡 Planejado;B;Fornecedor Delta;30,0;12,1
PC000059;Loja Sul;16/11/2026;4;14,0;3128,87;🟡 Planejado;B;Fornecedor Gamma;29,0;12,4
PC000059;Loja Sul;06/12/2026;4;14,0;2989,69;🟡 Planejado;B;Fornecedor Gamma;29,0;12,4
PC000059;Loja Sul;15/01/2027;6;8,0;1789,7;🟡 Planejado;B;Fornecedor Gamma;51,0;7,2
PC000059;Loja Sul;04/02/2027;6;8,0;1740,21;🟡 Planejado;B;Fornecedor Gamma;51,0;7,2
PC000153;Loja Sul;27/10/2026;3;8,0;2437,28;🟡 Planejado;B;Fornecedor Gamma;53,0;6,8
PC000153;Loja Sul;12/11/2026;4;9,0;2944,52;🟡 Planejado;B;Fornecedor Gamma;44,0;8,3
PC000153;Loja Sul;02/12/2026;4;9,0;2882,7;🟡 Planejado;B;Fornecedor Gamma;44,0;8,3
PC000153;Loja Sul;03/01/2027;5;7,0;2126,2;🟡 Planejado;B;Fornecedor Gamma;60,0;6,0
PC000153;Loja Sul;24/01/2027;6;7,0;2167,99;🟡 Planejado;B;Fornecedor Gamma;61,0;6,0
PC000030;Loja Sul;10/09/2026;1;4,0;1598,86;🔴 Prioritário (até 30 dias);B;Fornecedor Beta;95,0;3,8
PC000030;Loja Sul;25/09/2026;2;5,0;1812,57;🟡 Planejado;B;Fornecedor Beta;83,0;4,4
PC000030;Loja Sul;13/10/2026;3;6,0;2301,37;🟡 Planejado;B;Fornecedor Beta;70,0;5,2
PC000030;Loja Sul;02/11/2026;3;6,0;2138,34;🟡 Planejado;B;Fornecedor Beta;70,0;5,2
PC000030;Loja Sul;19/11/2026;4;6,0;2371,81;🟡 Planejado;B;Fornecedor Beta;63,0;5,8
PC000030;Loja Sul;10/12/2026;4;7,0;2487,73;🟡 Planejado;B;Fornecedor Beta;63,0;5,8
PC000030;Loja Sul;11/01/2027;6;5,0;1897,37;🟡 Planejado;B;Fornecedor Beta;81,0;4,5
PC000030;Loja Sul;01/02/2027;6;5,0;1948,76;🟡 Planejado;B;Fornecedor Beta;81,0;4,5
PC000589;Loja Sul;06/11/2026;3;10,0;1890,54;🟡 Planejado;B;Fornecedor Beta;43,0;8,6
PC000589;Loja Sul;26/11/2026;4;9,0;1850,51;🟡 Planejado;B;Fornecedor Beta;43,0;8,6
PC000589;Loja Sul;16/12/2026;5;9,0;1850,28;🟡 Planejado;B;Fornecedor Beta;43,0;8,6
PC000589;Loja Sul;06/01/2027;5;10,0;1942,68;🟡 Planejado;B;Fornecedor Beta;43,0;8,6
PC000589;Loja Sul;26/01/2027;6;9,0;1850,25;🟡 Planejado;B;Fornecedor Beta;43,0;8,6
PC000886;Loja Sul;24/08/2026;1;8,0;1691,18;🔴 Prioritário (até 30 dias);C;Fornecedor Alfa;79,0;4,6
PC000886;Loja Sul;18/09/2026;2;8,0;1696,39;🟡 Planejado;C;Fornecedor Alfa;78,0;4,7
PC000886;Loja Sul;13/10/2026;3;13,0;2674,98;🟡 Planejado;C;Fornecedor Alfa;62,0;5,9
PC000886;Loja Sul;07/11/2026;3;10,0;2129,41;🟡 Planejado;C;Fornecedor Alfa;62,0;5,9
PC000886;Loja Sul;24/11/2026;4;12,0;2629,81;🟡 Planejado;C;Fornecedor Alfa;52,0;7,1
PC000886;Loja Sul;07/01/2027;5;8,0;1710,26;🟡 Planejado;C;Fornecedor Alfa;78,0;4,7
PC000886;Loja Sul;28/01/2027;6;9,0;1911,72;🟡 Planejado;C;Fornecedor Alfa;71,0;5,2
PC000240;Loja Sul;02/09/2026;1;21,0;1877,34;🔴 Prioritário (até 30 dias);C;Fornecedor Alfa;31,0;11,8
PC000240;Loja Sul;27/09/2026;2;21,0;1852,66;🟡 Planejado;C;Fornecedor Alfa;31,0;11,9
PC000240;Loja Sul;22/10/2026;3;20,0;1844,68;🟡 Planejado;C;Fornecedor Alfa;31,0;11,9
PC000240;Loja Sul;16/11/2026;4;20,0;1842,16;🟡 Planejado;C;Fornecedor Alfa;31,0;11,9
PC000240;Loja Sul;12/12/2026;5;21,0;1915,01;🟡 Planejado;C;Fornecedor Alfa;31,0;11,9
PC000240;Loja Sul;06/01/2027;5;20,0;1840,79;🟡 Planejado;C;Fornecedor Alfa;31,0;11,9
PC000240;Loja Sul;31/01/2027;6;20,0;1841,36;🟡 Planejado;C;Fornecedor Alfa;31,0;11,9
PC000334;Loja Sul;04/10/2026;2;11,0;4880,37;🟡 Planejado;C;Fornecedor Alfa;58,0;6,3
PC000334;Loja Sul;30/10/2026;3;11,0;4999,21;🟡 Planejado;C;Fornecedor Alfa;58,0;6,3
PC000334;Loja Sul;25/11/2026;4;11,0;4999,21;🟡 Planejado;C;Fornecedor Alfa;58,0;6,3
PC000334;Loja Sul;21/12/2026;5;11,0;4999,21;🟡 Planejado;C;Fornecedor Alfa;58,0;6,3
PC000334;Loja Sul;16/01/2027;6;11,0;4999,21;🟡 Planejado;C;Fornecedor Alfa;58,0;6,3
PC000702;Loja Sul;28/01/2027;6;8,0;1510,77;🟡 Planejado;C;Fornecedor Gamma;83,0;4,4
PC000947;Loja Sul;04/12/2026;4;13,0;2626,31;🟡 Planejado;C;Fornecedor Gamma;49,0;7,4
PC000947;Loja Sul;15/01/2027;6;10,0;1944,89;🟡 Planejado;C;Fornecedor Gamma;65,0;5,6
PC000223;Loja Sul;17/09/2026;2;8,0;1661,1;🟡 Planejado;C;Fornecedor Alfa;77,0;4,8
PC000223;Loja Sul;12/10/2026;2;8,0;1619,61;🟡 Planejado;C;Fornecedor Alfa;77,0;4,8
PC000223;Loja Sul;07/11/2026;3;8,0;1674,66;🟡 Planejado;C;Fornecedor Alfa;77,0;4,7
PC000223;Loja Sul;03/12/2026;4;8,0;1678,35;🟡 Planejado;C;Fornecedor Alfa;77,0;4,7
PC000223;Loja Sul;29/12/2026;5;8,0;1679,4;🟡 Planejado;C;Fornecedor Alfa;77,0;4,7
PC000223;Loja Sul;24/01/2027;6;8,0;1679,7;🟡 Planejado;C;Fornecedor Alfa;77,0;4,7
PC000564;Loja Sul;15/08/2026;1;13,0;1648,97;🚨 Urgente (até 7 dias);C;Fornecedor Alfa;50,0;7,4
PC000564;Loja Sul;09/09/2026;1;13,0;1631,72;🔴 Prioritário (até 30 dias);C;Fornecedor Alfa;50,0;7,4
PC000564;Loja Sul;07/10/2026;2;12,0;1553,88;🟡 Planejado;C;Fornecedor Alfa;52,0;7,0
PC000564;Loja Sul;17/10/2026;3;17,0;2213,12;🟡 Planejado;C;Fornecedor Alfa;37,0;10,0
PC000564;Loja Sul;12/11/2026;4;25,0;3222,41;🟡 Planejado;C;Fornecedor Alfa;31,0;11,8
PC000564;Loja Sul;08/12/2026;4;21,0;2727,76;🟡 Planejado;C;Fornecedor Alfa;31,0;11,8
PC000564;Loja Sul;25/01/2027;6;15,0;1898,45;🟡 Planejado;C;Fornecedor Alfa;43,0;8,5
PC000876;Loja Sul;13/10/2026;3;9,0;2213,1;🟡 Planejado;C;Fornecedor Beta;76,0;4,8
PC000876;Loja Sul;08/11/2026;3;9,0;2112,99;🟡 Planejado;C;Fornecedor Beta;76,0;4,8
PC000876;Loja Sul;28/11/2026;4;9,0;2330,08;🟡 Planejado;C;Fornecedor Beta;68,0;5,4
PC000876;Loja Sul;07/01/2027;5;7,0;1712,39;🟡 Planejado;C;Fornecedor Beta;92,0;4,0
PC000876;Loja Sul;04/02/2027;6;7,0;1688,48;🟡 Planejado;C;Fornecedor Beta;95,0;3,8
PC000558;Loja Sul;21/08/2026;1;7,0;1391,05;🔴 Prioritário (até 30 dias);C;Fornecedor Beta;86,0;4,2
PC000558;Loja Sul;18/09/2026;2;7,0;1317,02;🟡 Planejado;C;Fornecedor Beta;92,0;4,0
PC000558;Loja Sul;13/10/2026;3;13,0;2376,21;🟡 Planejado;C;Fornecedor Beta;67,0;5,5
PC000558;Loja Sul;08/11/2026;3;10,0;1843,77;🟡 Planejado;C;Fornecedor Beta;67,0;5,5
PC000558;Loja Sul;22/11/2026;4;12,0;2257,86;🟡 Planejado;C;Fornecedor Beta;53,0;6,9
PC000558;Loja Sul;31/12/2026;5;9,0;1664,77;🟡 Planejado;C;Fornecedor Beta;72,0;5,0
PC000558;Loja Sul;27/01/2027;6;8,0;1610,79;🟡 Planejado;C;Fornecedor Beta;75,0;4,9
PC000843;Loja Sul;07/01/2027;5;7,0;1439,42;🟡 Planejado;C;Fornecedor Beta;90,0;4,1
PC000843;Loja Sul;01/02/2027;6;7,0;1408,3;🟡 Planejado;C;Fornecedor Beta;90,0;4,1
PC000165;Loja Sul;15/08/2026;1;22,0;1747,43;🚨 Urgente (até 7 dias);C;Fornecedor Beta;28,0;12,8
PC000165;Loja Sul;10/09/2026;1;23,0;1806,82;🔴 Prioritário (até 30 dias);C;Fornecedor Beta;28,0;12,8
PC000165;Loja Sul;05/10/2026;2;22,0;1765,06;🟡 Planejado;C;Fornecedor Beta;28,0;12,9
PC000165;Loja Sul;30/10/2026;3;22,0;1755,68;🟡 Planejado;C;Fornecedor Beta;28,0;12,9
PC000165;Loja Sul;24/11/2026;4;22,0;1752,68;🟡 Planejado;C;Fornecedor Beta;28,0;12,9
PC000165;Loja Sul;19/12/2026;5;22,0;1751,71;🟡 Planejado;C;Fornecedor Beta;28,0;12,9
PC000165;Loja Sul;13/01/2027;6;22,0;1751,44;🟡 Planejado;C;Fornecedor Beta;28,0;12,9
PC000165;Loja Sul;07/02/2027;6;22,0;1751,23;🟡 Planejado;C;Fornecedor Beta;28,0;12,9
PC000978;Loja Sul;20/08/2026;1;7,0;1480,57;🚨 Urgente (até 7 dias);C;Fornecedor Gamma;84,0;4,4
PC000978;Loja Sul;15/09/2026;2;8,0;1528,32;🟡 Planejado;C;Fornecedor Gamma;84,0;4,3
PC000978;Loja Sul;11/10/2026;2;8,0;1531,36;🟡 Planejado;C;Fornecedor Gamma;84,0;4,3
PC000978;Loja Sul;06/11/2026;3;8,0;1529,47;🟡 Planejado;C;Fornecedor Gamma;84,0;4,3
PC000978;Loja Sul;02/12/2026;4;8,0;1530,29;🟡 Planejado;C;Fornecedor Gamma;84,0;4,3
PC000978;Loja Sul;28/12/2026;5;8,0;1530,49;🟡 Planejado;C;Fornecedor Gamma;84,0;4,3
PC000978;Loja Sul;23/01/2027;6;8,0;1530,52;🟡 Planejado;C;Fornecedor Gamma;84,0;4,3
PC000601;Loja Sul;15/08/2026;1;15,0;1381,88;🚨 Urgente (até 7 dias);C;Fornecedor Alfa;43,0;8,4
PC000601;Loja Sul;09/09/2026;1;14,0;1338,8;🔴 Prioritário (até 30 dias);C;Fornecedor Alfa;43,0;8,4
PC000601;Loja Sul;03/10/2026;2;15,0;1380,55;🟡 Planejado;C;Fornecedor Alfa;42,0;8,6
PC000601;Loja Sul;19/10/2026;3;19,0;1781,13;🟡 Planejado;C;Fornecedor Alfa;33,0;10,9
PC000601;Loja Sul;12/11/2026;4;30,0;2777,56;🟡 Planejado;C;Fornecedor Alfa;26,0;14,0
PC000601;Loja Sul;08/12/2026;4;25,0;2320,53;🟡 Planejado;C;Fornecedor Alfa;26,0;14,0
PC000601;Loja Sul;25/01/2027;6;17,0;1579,99;🟡 Planejado;C;Fornecedor Alfa;37,0;9,7
PC000841;Loja Sul;10/11/2026;3;12,0;2105,04;🟡 Planejado;C;Fornecedor Beta;52,0;7,1
PC000841;Loja Sul;30/11/2026;4;14,0;2344,96;🟡 Planejado;C;Fornecedor Beta;47,0;7,8
PC000841;Loja Sul;16/01/2027;6;10,0;1689,46;🟡 Planejado;C;Fornecedor Beta;65,0;5,6
PC000645;Loja Sul;23/08/2026;1;26,0;1217,32;🔴 Prioritário (até 30 dias);C;Fornecedor Delta;24,0;15,0
PC000645;Loja Sul;15/09/2026;2;28,0;1348,27;🟡 Planejado;C;Fornecedor Delta;23,0;16,2
PC000645;Loja Sul;11/10/2026;2;29,0;1367,23;🟡 Planejado;C;Fornecedor Delta;23,0;16,2
PC000645;Loja Sul;27/10/2026;3;34,0;1602,58;🟡 Planejado;C;Fornecedor Delta;19,0;19,6
PC000645;Loja Sul;13/11/2026;4;44,0;2105,38;🟡 Planejado;C;Fornecedor Delta;15,0;25,1
PC000645;Loja Sul;08/12/2026;4;43,0;2036,75;🟡 Planejado;C;Fornecedor Delta;15,0;25,1
PC000645;Loja Sul;28/01/2027;6;31,0;1475,24;🟡 Planejado;C;Fornecedor Delta;21,0;17,7
PC000263;Loja Sul;19/08/2026;1;10,0;1423,42;🚨 Urgente (até 7 dias);C;Fornecedor Gamma;64,0;5,7
PC000263;Loja Sul;13/09/2026;2;11,0;1564,19;🟡 Planejado;C;Fornecedor Gamma;61,0;6,0
PC000263;Loja Sul;09/10/2026;2;11,0;1541,65;🟡 Planejado;C;Fornecedor Gamma;61,0;6,0
PC000263;Loja Sul;03/11/2026;3;11,0;1547,3;🟡 Planejado;C;Fornecedor Gamma;60,0;6,0
PC000263;Loja Sul;28/11/2026;4;10,0;1522,84;🟡 Planejado;C;Fornecedor Gamma;60,0;6,1
PC000263;Loja Sul;23/12/2026;5;10,0;1515,96;🟡 Planejado;C;Fornecedor Gamma;60,0;6,1
PC000263;Loja Sul;17/01/2027;6;10,0;1514,03;🟡 Planejado;C;Fornecedor Gamma;60,0;6,1
PC000016;Loja Sul;25/12/2026;5;4,0;1460,08;🟡 Planejado;C;Fornecedor Beta;185,0;2,0
PC000016;Loja Sul;19/01/2027;6;3,0;1406,81;🟡 Planejado;C;Fornecedor Beta;185,0;2,0
PC000731;Loja Sul;10/11/2026;3;11,0;1635,07;🟡 Planejado;C;Fornecedor Beta;57,0;6,4
PC000731;Loja Sul;26/11/2026;4;13,0;1929,66;🟡 Planejado;C;Fornecedor Beta;47,0;7,7
PC000731;Loja Sul;10/01/2027;5;9,0;1294,22;🟡 Planejado;C;Fornecedor Beta;70,0;5,2
PC000731;Loja Sul;03/02/2027;6;9,0;1322,2;🟡 Planejado;C;Fornecedor Beta;69,0;5,3
PC000884;Loja Sul;27/11/2026;4;7,0;2509,08;🟡 Planejado;C;Fornecedor Alfa;88,0;4,1
PC000884;Loja Sul;09/01/2027;5;5,0;1756,75;🟡 Planejado;C;Fornecedor Alfa;126,0;2,9
PC000765;Loja Sul;03/09/2026;1;16,0;1174,3;🔴 Prioritário (até 30 dias);C;Fornecedor Gamma;40,0;9,2
PC000765;Loja Sul;27/09/2026;2;16,0;1222,3;🟡 Planejado;C;Fornecedor Gamma;39,0;9,5
PC000765;Loja Sul;22/10/2026;3;17,0;1233,38;🟡 Planejado;C;Fornecedor Gamma;38,0;9,6
PC000765;Loja Sul;16/11/2026;4;16,0;1223,87;🟡 Planejado;C;Fornecedor Gamma;38,0;9,6
PC000765;Loja Sul;11/12/2026;4;16,0;1219,04;🟡 Planejado;C;Fornecedor Gamma;38,0;9,6
PC000765;Loja Sul;05/01/2027;5;16,0;1222,46;🟡 Planejado;C;Fornecedor Gamma;38,0;9,6
PC000765;Loja Sul;30/01/2027;6;16,0;1221,1;🟡 Planejado;C;Fornecedor Gamma;38,0;9,6
PC000705;Loja Sul;13/10/2026;3;12,0;2448,8;🟡 Planejado;D;Fornecedor Alfa;104,0;3,5
PC000705;Loja Sul;16/11/2026;4;12,0;2524,77;🟡 Planejado;D;Fornecedor Alfa;100,0;3,6
PC000705;Loja Sul;01/01/2027;5;10,0;2050,8;🟡 Planejado;D;Fornecedor Alfa;122,0;3,0
PC000705;Loja Sul;03/02/2027;6;11,0;2125,68;🟡 Planejado;D;Fornecedor Alfa;118,0;3,1
PC000292;Loja Sul;14/08/2026;1;27,0;1825,08;🚨 Urgente (até 7 dias);D;Fornecedor Delta;56,0;6,5
PC000292;Loja Sul;19/09/2026;2;22,0;1478,8;🟡 Planejado;D;Fornecedor Delta;56,0;6,5
PC000292;Loja Sul;25/10/2026;3;22,0;1482,6;🟡 Planejado;D;Fornecedor Delta;57,0;6,5
PC000292;Loja Sul;30/11/2026;4;22,0;1484,07;🟡 Planejado;D;Fornecedor Delta;57,0;6,5
PC000292;Loja Sul;05/01/2027;5;22,0;1484,62;🟡 Planejado;D;Fornecedor Delta;57,0;6,5
PC000191;Loja Sul;14/08/2026;1;63,0;2366,63;🚨 Urgente (até 7 dias);D;Fornecedor Delta;34,0;10,8
PC000191;Loja Sul;16/09/2026;2;39,0;1484,19;🟡 Planejado;D;Fornecedor Delta;32,0;11,5
PC000191;Loja Sul;20/10/2026;3;40,0;1511,05;🟡 Planejado;D;Fornecedor Delta;31,0;11,8
PC000191;Loja Sul;24/11/2026;4;41,0;1545,98;🟡 Planejado;D;Fornecedor Delta;31,0;12,0
PC000191;Loja Sul;29/12/2026;5;41,0;1541,32;🟡 Planejado;D;Fornecedor Delta;30,0;12,0
PC000191;Loja Sul;02/02/2027;6;41,0;1538,35;🟡 Planejado;D;Fornecedor Delta;30,0;12,1
PC000370;Loja Sul;14/08/2026;1;25,0;2844,74;🚨 Urgente (até 7 dias);D;Fornecedor Delta;83,0;4,4
PC000370;Loja Sul;17/09/2026;2;16,0;1787,4;🟡 Planejado;D;Fornecedor Delta;79,0;4,6
PC000370;Loja Sul;22/10/2026;3;16,0;1798,38;🟡 Planejado;D;Fornecedor Delta;78,0;4,7
PC000370;Loja Sul;26/11/2026;4;16,0;1784,65;🟡 Planejado;D;Fornecedor Delta;78,0;4,7
PC000370;Loja Sul;31/12/2026;5;16,0;1779,66;🟡 Planejado;D;Fornecedor Delta;78,0;4,7
PC000370;Loja Sul;04/02/2027;6;16,0;1777,87;🟡 Planejado;D;Fornecedor Delta;78,0;4,7
PC000813;Loja Sul;12/11/2026;4;19,0;2353,02;🟡 Planejado;D;Fornecedor Beta;70,0;5,2
PC000813;Loja Sul;09/01/2027;5;12,0;1502,26;🟡 Planejado;D;Fornecedor Beta;104,0;3,5
PC000813;Loja Sul;07/02/2027;6;13,0;1637,0;🟡 Planejado;D;Fornecedor Beta;95,0;3,9
PC000043;Loja Sul;18/11/2026;4;17,0;2469,67;🟡 Planejado;D;Fornecedor Gamma;76,0;4,8
PC000043;Loja Sul;09/01/2027;5;12,0;1825,09;🟡 Planejado;D;Fornecedor Gamma;100,0;3,6
PC000879;Loja Sul;08/10/2026;2;10,0;1359,46;🟡 Planejado;D;Fornecedor Alfa;128,0;2,8
PC000879;Loja Sul;12/11/2026;4;10,0;1333,08;🟡 Planejado;D;Fornecedor Alfa;128,0;2,8
PC000879;Loja Sul;17/12/2026;5;10,0;1332,94;🟡 Planejado;D;Fornecedor Alfa;128,0;2,8
PC000879;Loja Sul;21/01/2027;6;10,0;1333,07;🟡 Planejado;D;Fornecedor Alfa;128,0;2,8
PC000562;Loja Sul;14/08/2026;1;15,0;1695,43;🚨 Urgente (até 7 dias);D;Fornecedor Beta;89,0;4,1
PC000562;Loja Sul;19/09/2026;2;14,0;1589,06;🟡 Planejado;D;Fornecedor Beta;89,0;4,1
PC000562;Loja Sul;25/10/2026;3;14,0;1591,93;🟡 Planejado;D;Fornecedor Beta;89,0;4,1
PC000562;Loja Sul;30/11/2026;4;14,0;1593,17;🟡 Planejado;D;Fornecedor Beta;89,0;4,1
PC000562;Loja Sul;05/01/2027;5;14,0;1593,66;🟡 Planejado;D;Fornecedor Beta;89,0;4,1
PC000313;Loja Sul;14/08/2026;1;26,0;6495,48;🚨 Urgente (até 7 dias);D;Fornecedor Delta;54,0;6,7
PC000313;Loja Sul;19/09/2026;2;23,0;5800,93;🟡 Planejado;D;Fornecedor Delta;54,0;6,7
PC000313;Loja Sul;25/10/2026;3;23,0;5800,93;🟡 Planejado;D;Fornecedor Delta;54,0;6,7
PC000313;Loja Sul;30/11/2026;4;23,0;5800,93;🟡 Planejado;D;Fornecedor Delta;54,0;6,7
PC000313;Loja Sul;05/01/2027;5;23,0;5800,93;🟡 Planejado;D;Fornecedor Delta;54,0;6,7
PC000487;Loja Sul;01/01/2027;5;21,0;3831,88;🟡 Planejado;D;Fornecedor Delta;60,0;6,1
PC000487;Loja Sul;06/02/2027;6;21,0;3840,6;🟡 Planejado;D;Fornecedor Delta;60,0;6,1
PC000671;Loja Sul;01/10/2026;2;9,0;1508,32;🟡 Planejado;D;Fornecedor Beta;147,0;2,5
PC000671;Loja Sul;05/11/2026;3;8,0;1484,73;🟡 Planejado;D;Fornecedor Beta;146,0;2,5
PC000671;Loja Sul;10/12/2026;4;8,0;1482,3;🟡 Planejado;D;Fornecedor Beta;146,0;2,5
PC000671;Loja Sul;14/01/2027;6;8,0;1481,87;🟡 Planejado;D;Fornecedor Beta;146,0;2,5
PC000761;Loja Sul;08/11/2026;3;7,0;1467,49;🟡 Planejado;D;Fornecedor Gamma;174,0;2,1
PC000761;Loja Sul;05/12/2026;4;8,0;1683,57;🟡 Planejado;D;Fornecedor Gamma;154,0;2,4
PC000761;Loja Sul;27/01/2027;6;6,0;1332,17;🟡 Planejado;D;Fornecedor Gamma;192,0;1,9
PC000719;Loja Sul;19/08/2026;1;19,0;8457,29;🚨 Urgente (até 7 dias);D;Fornecedor Delta;64,0;5,7
PC000719;Loja Sul;24/09/2026;2;20,0;8678,68;🟡 Planejado;D;Fornecedor Delta;64,0;5,7
PC000719;Loja Sul;30/10/2026;3;20,0;8678,68;🟡 Planejado;D;Fornecedor Delta;64,0;5,7
PC000719;Loja Sul;05/12/2026;4;20,0;8678,68;🟡 Planejado;D;Fornecedor Delta;64,0;5,7
PC000719;Loja Sul;10/01/2027;5;20,0;8678,68;🟡 Planejado;D;Fornecedor Delta;64,0;5,7
PC000235;Loja Sul;17/12/2026;5;6,0;1652,96;🟡 Planejado;D;Fornecedor Beta;220,0;1,7
PC000235;Loja Sul;21/01/2027;6;6,0;1653,51;🟡 Planejado;D;Fornecedor Beta;220,0;1,7
PC000937;Loja Sul;12/11/2026;4;16,0;2042,23;🟡 Planejado;D;Fornecedor Alfa;89,0;4,1
PC000937;Loja Sul;10/01/2027;5;9,0;1172,27;🟡 Planejado;D;Fornecedor Alfa;134,0;2,7
PC000937;Loja Sul;08/02/2027;6;10,0;1287,41;🟡 Planejado;D;Fornecedor Alfa;123,0;3,0
PC000072;Loja Sul;10/12/2026;4;20,0;2190,01;🟡 Planejado;D;Fornecedor Alfa;64,0;5,7
PC000851;Loja Sul;18/08/2026;1;32,0;4303,26;🚨 Urgente (até 7 dias);D;Fornecedor Alfa;39,0;9,4
PC000851;Loja Sul;23/09/2026;2;32,0;4355,13;🟡 Planejado;D;Fornecedor Alfa;39,0;9,4
PC000851;Loja Sul;29/10/2026;3;32,0;4355,13;🟡 Planejado;D;Fornecedor Alfa;39,0;9,4
PC000851;Loja Sul;04/12/2026;4;32,0;4355,13;🟡 Planejado;D;Fornecedor Alfa;39,0;9,4
PC000851;Loja Sul;09/01/2027;5;32,0;4355,13;🟡 Planejado;D;Fornecedor Alfa;39,0;9,4
PC000607;Loja Sul;08/09/2026;1;27,0;1039,9;🔴 Prioritário (até 30 dias);D;Fornecedor Gamma;46,0;8,0
PC000607;Loja Sul;11/10/2026;2;28,0;1072,69;🟡 Planejado;D;Fornecedor Gamma;44,0;8,3
PC000607;Loja Sul;28/10/2026;3;37,0;1408,7;🟡 Planejado;D;Fornecedor Gamma;33,0;11,0
PC000607;Loja Sul;28/11/2026;4;41,0;1534,75;🟡 Planejado;D;Fornecedor Gamma;31,0;11,9
PC000607;Loja Sul;22/01/2027;6;31,0;1191,14;🟡 Planejado;D;Fornecedor Gamma;39,0;9,3
PC000847;Loja Sul;13/10/2026;3;32,0;1946,39;🟡 Planejado;D;Fornecedor Gamma;44,0;8,4
PC000847;Loja Sul;15/11/2026;4;31,0;1886,37;🟡 Planejado;D;Fornecedor Gamma;41,0;8,9
PC000847;Loja Sul;05/01/2027;5;23,0;1391,96;🟡 Planejado;D;Fornecedor Gamma;54,0;6,7
PC000291;Loja Sul;04/01/2027;5;7,0;1302,68;🟡 Planejado;D;Fornecedor Gamma;174,0;2,1
PC000291;Loja Sul;30/01/2027;6;8,0;1488,47;🟡 Planejado;D;Fornecedor Gamma;151,0;2,4
PC000975;Loja Sul;13/10/2026;3;13,0;1858,82;🟡 Planejado;D;Fornecedor Delta;104,0;3,5
PC000975;Loja Sul;13/11/2026;4;13,0;1833,24;🟡 Planejado;D;Fornecedor Delta;94,0;3,9
PC000975;Loja Sul;09/01/2027;5;9,0;1276,7;🟡 Planejado;D;Fornecedor Delta;137,0;2,7
PC000975;Loja Sul;09/02/2027;6;10,0;1362,68;🟡 Planejado;D;Fornecedor Delta;128,0;2,8
PC000372;Loja Sul;06/09/2026;1;14,0;1218,1;🔴 Prioritário (até 30 dias);D;Fornecedor Delta;89,0;4,1
PC000372;Loja Sul;10/10/2026;2;14,0;1262,87;🟡 Planejado;D;Fornecedor Delta;87,0;4,2
PC000372;Loja Sul;14/11/2026;4;15,0;1284,17;🟡 Planejado;D;Fornecedor Delta;86,0;4,2
PC000372;Loja Sul;19/12/2026;5;14,0;1258,62;🟡 Planejado;D;Fornecedor Delta;86,0;4,3
PC000372;Loja Sul;23/01/2027;6;14,0;1257,92;🟡 Planejado;D;Fornecedor Delta;86,0;4,3
PC000033;Loja Sul;12/11/2026;4;20,0;2219,82;🟡 Planejado;D;Fornecedor Gamma;63,0;5,8
PC000033;Loja Sul;25/01/2027;6;10,0;1067,69;🟡 Planejado;D;Fornecedor Gamma;127,0;2,9
PC000791;Loja Sul;14/08/2026;1;23,0;1673,95;🚨 Urgente (até 7 dias);D;Fornecedor Alfa;100,0;3,6
PC000791;Loja Sul;17/09/2026;2;13,0;933,47;🟡 Planejado;D;Fornecedor Alfa;98,0;3,7
PC000791;Loja Sul;14/10/2026;3;15,0;1121,06;🟡 Planejado;D;Fornecedor Alfa;82,0;4,5
PC000791;Loja Sul;14/11/2026;4;17,0;1280,92;🟡 Planejado;D;Fornecedor Alfa;73,0;5,0
PC000791;Loja Sul;29/12/2026;5;14,0;1070,55;🟡 Planejado;D;Fornecedor Alfa;87,0;4,2
PC000791;Loja Sul;05/02/2027;6;14,0;1036,68;🟡 Planejado;D;Fornecedor Alfa;90,0;4,1
PC000172;Loja Sul;23/01/2027;6;3,0;1259,06;🟡 Planejado;D;Fornecedor Gamma;432,0;0,8
PC000856;Loja Sul;19/11/2026;4;8,0;971,38;🟡 Planejado;D;Fornecedor Delta;154,0;2,4
PC000856;Loja Sul;24/12/2026;5;8,0;952,42;🟡 Planejado;D;Fornecedor Delta;154,0;2,4
PC000856;Loja Sul;28/01/2027;6;8,0;952,2;🟡 Planejado;D;Fornecedor Delta;154,0;2,4
PC000401;Loja Sul;05/09/2026;1;10,0;824,63;🔴 Prioritário (até 30 dias);D;Fornecedor Beta;122,0;3,0
PC000401;Loja Sul;04/10/2026;2;11,0;927,46;🟡 Planejado;D;Fornecedor Beta;110,0;3,3
PC000401;Loja Sul;25/10/2026;3;14,0;1157,81;🟡 Planejado;D;Fornecedor Beta;87,0;4,2
PC000401;Loja Sul;15/11/2026;4;19,0;1547,38;🟡 Planejado;D;Fornecedor Beta;65,0;5,6
PC000401;Loja Sul;26/01/2027;6;11,0;916,68;🟡 Planejado;D;Fornecedor Beta;109,0;3,3
PC000381;Loja Sul;08/11/2026;3;18,0;1461,36;🟡 Planejado;D;Fornecedor Beta;68,0;5,4
PC000381;Loja Sul;09/12/2026;4;19,0;1543,23;🟡 Planejado;D;Fornecedor Beta;64,0;5,7
PC000381;Loja Sul;09/02/2027;6;14,0;1087,0;🟡 Planejado;D;Fornecedor Beta;91,0;4,0
PC000437;Loja Sul;14/08/2026;1;6,0;904,76;🚨 Urgente (até 7 dias);D;Fornecedor Gamma;217,0;1,7
PC000437;Loja Sul;16/09/2026;2;6,0;866,45;🟡 Planejado;D;Fornecedor Gamma;206,0;1,8
PC000437;Loja Sul;21/10/2026;3;6,0;890,24;🟡 Planejado;D;Fornecedor Gamma;203,0;1,8
PC000437;Loja Sul;25/11/2026;4;6,0;881,95;🟡 Planejado;D;Fornecedor Gamma;202,0;1,8
PC000437;Loja Sul;30/12/2026;5;6,0;879,03;🟡 Planejado;D;Fornecedor Gamma;201,0;1,8
PC000437;Loja Sul;03/02/2027;6;6,0;878,01;🟡 Planejado;D;Fornecedor Gamma;201,0;1,8
PC000974;Loja Sul;27/08/2026;1;16,0;3689,15;🔴 Prioritário (até 30 dias);D;Fornecedor Delta;81,0;4,5
PC000974;Loja Sul;02/10/2026;2;16,0;3697,04;🟡 Planejado;D;Fornecedor Delta;81,0;4,5
PC000974;Loja Sul;07/11/2026;3;16,0;3697,04;🟡 Planejado;D;Fornecedor Delta;81,0;4,5
PC000974;Loja Sul;13/12/2026;5;16,0;3697,04;🟡 Planejado;D;Fornecedor Delta;81,0;4,5
PC000974;Loja Sul;18/01/2027;6;16,0;3697,04;🟡 Planejado;D;Fornecedor Delta;81,0;4,5
PC000515;Loja Sul;13/10/2026;3;15,0;1464,17;🟡 Planejado;D;Fornecedor Gamma;81,0;4,5
PC000515;Loja Sul;12/11/2026;4;19,0;1759,87;🟡 Planejado;D;Fornecedor Gamma;69,0;5,3
PC000515;Loja Sul;04/01/2027;5;13,0;1224,5;🟡 Planejado;D;Fornecedor Gamma;96,0;3,8
PC000822;Loja Sul;14/08/2026;1;31,0;1883,35;🚨 Urgente (até 7 dias);D;Fornecedor Alfa;82,0;4,5
PC000822;Loja Sul;18/09/2026;2;16,0;969,05;🟡 Planejado;D;Fornecedor Alfa;80,0;4,6
PC000822;Loja Sul;23/10/2026;3;16,0;958,7;🟡 Planejado;D;Fornecedor Alfa;80,0;4,6
PC000822;Loja Sul;27/11/2026;4;15,0;954,83;🟡 Planejado;D;Fornecedor Alfa;79,0;4,6
PC000822;Loja Sul;01/01/2027;5;15,0;953,39;🟡 Planejado;D;Fornecedor Alfa;79,0;4,6
PC000822;Loja Sul;05/02/2027;6;15,0;952,87;🟡 Planejado;D;Fornecedor Alfa;79,0;4,6
PC000926;Loja Sul;13/10/2026;3;27,0;1325,58;🟡 Planejado;D;Fornecedor Beta;48,0;7,5
PC000926;Loja Sul;12/11/2026;4;38,0;1860,63;🟡 Planejado;D;Fornecedor Beta;37,0;9,8
PC000926;Loja Sul;08/01/2027;5;22,0;1091,92;🟡 Planejado;D;Fornecedor Beta;55,0;6,6
PC000461;Loja Sul;16/10/2026;3;5,0;878,6;🟡 Planejado;D;Fornecedor Beta;258,0;1,4
PC000461;Loja Sul;20/11/2026;4;5,0;863,13;🟡 Planejado;D;Fornecedor Beta;258,0;1,4
PC000461;Loja Sul;25/12/2026;5;5,0;863,13;🟡 Planejado;D;Fornecedor Beta;258,0;1,4
PC000461;Loja Sul;29/01/2027;6;5,0;863,15;🟡 Planejado;D;Fornecedor Beta;258,0;1,4
PC000176;Loja Sul;16/08/2026;1;4,0;1051,53;🚨 Urgente (até 7 dias);D;Fornecedor Gamma;295,0;1,2
PC000176;Loja Sul;20/09/2026;2;4,0;1033,5;🟡 Planejado;D;Fornecedor Gamma;294,0;1,2
PC000176;Loja Sul;25/10/2026;3;4,0;1037,39;🟡 Planejado;D;Fornecedor Gamma;293,0;1,2
PC000176;Loja Sul;29/11/2026;4;4,0;1041,3;🟡 Planejado;D;Fornecedor Gamma;292,0;1,3
PC000176;Loja Sul;03/01/2027;5;4,0;1045,17;🟡 Planejado;D;Fornecedor Gamma;291,0;1,3
PC000176;Loja Sul;07/02/2027;6;4,0;1049,02;🟡 Planejado;D;Fornecedor Gamma;290,0;1,3
PC000369;Loja Sul;07/10/2026;2;9,0;799,72;🟡 Planejado;D;Fornecedor Beta;137,0;2,7
PC000369;Loja Sul;12/11/2026;4;9,0;802,47;🟡 Planejado;D;Fornecedor Beta;137,0;2,7
PC000369;Loja Sul;18/12/2026;5;9,0;802,47;🟡 Planejado;D;Fornecedor Beta;137,0;2,7
PC000369;Loja Sul;23/01/2027;6;9,0;802,47;🟡 Planejado;D;Fornecedor Beta;137,0;2,7
PC000333;Loja Sul;26/10/2026;3;10,0;1086,91;🟡 Planejado;D;Fornecedor Gamma;125,0;2,9
PC000333;Loja Sul;17/11/2026;4;13,0;1397,33;🟡 Planejado;D;Fornecedor Gamma;97,0;3,8
PC000333;Loja Sul;13/01/2027;6;9,0;988,73;🟡 Planejado;D;Fornecedor Gamma;136,0;2,7
PC000450;Loja Sul;14/01/2027;6;10,0;2982,9;🟡 Planejado;E;Fornecedor Alfa;213,0;1,7
PC000953;Loja Sul;09/11/2026;3;16,0;4292,12;🟡 Planejado;E;Fornecedor Alfa;131,0;2,8
PC000953;Loja Sul;24/12/2026;5;15,0;4222,51;🟡 Planejado;E;Fornecedor Alfa;131,0;2,8
PC000953;Loja Sul;07/02/2027;6;15,0;4222,51;🟡 Planejado;E;Fornecedor Alfa;131,0;2,8
PC000722;Loja Sul;14/08/2026;1;17,0;1024,51;🚨 Urgente (até 7 dias);E;Fornecedor Alfa;148,0;2,5
PC000722;Loja Sul;26/09/2026;2;14,0;870,86;🟡 Planejado;E;Fornecedor Alfa;144,0;2,5
PC000722;Loja Sul;22/10/2026;3;18,0;1124,01;🟡 Planejado;E;Fornecedor Alfa;111,0;3,3
PC000722;Loja Sul;22/11/2026;4;22,0;1385,82;🟡 Planejado;E;Fornecedor Alfa;91,0;4,0
PC000622;Loja Sul;14/08/2026;1;55,0;1901,16;🚨 Urgente (até 7 dias);E;Fornecedor Gamma;77,0;4,7
PC000622;Loja Sul;30/09/2026;2;26,0;914,34;🟡 Planejado;E;Fornecedor Gamma;78,0;4,7
PC000622;Loja Sul;23/10/2026;3;35,0;1224,77;🟡 Planejado;E;Fornecedor Gamma;58,0;6,3
PC000622;Loja Sul;21/11/2026;4;44,0;1537,52;🟡 Planejado;E;Fornecedor Gamma;46,0;7,9
PC000319;Loja Sul;14/08/2026;1;39,0;1726,69;🚨 Urgente (até 7 dias);E;Fornecedor Beta;96,0;3,8
PC000319;Loja Sul;28/09/2026;2;21,0;927,14;🟡 Planejado;E;Fornecedor Beta;96,0;3,8
PC000319;Loja Sul;12/11/2026;4;21,0;927,1;🟡 Planejado;E;Fornecedor Beta;96,0;3,8
PC000319;Loja Sul;27/12/2026;5;21,0;926,88;🟡 Planejado;E;Fornecedor Beta;96,0;3,8
PC000182;Loja Sul;27/11/2026;4;7,0;1089,85;🟡 Planejado;E;Fornecedor Alfa;298,0;1,2
PC000182;Loja Sul;29/01/2027;6;6,0;913,81;🟡 Planejado;E;Fornecedor Alfa;353,0;1,0
PC000629;Loja Sul;11/10/2026;2;17,0;881,95;🟡 Planejado;E;Fornecedor Gamma;118,0;3,1
PC000629;Loja Sul;27/10/2026;3;24,0;1235,96;🟡 Planejado;E;Fornecedor Gamma;83,0;4,4
PC000629;Loja Sul;01/12/2026;4;28,0;1416,95;🟡 Planejado;E;Fornecedor Gamma;73,0;5,0
PC000961;Loja Sul;22/10/2026;3;13,0;774,73;🟡 Planejado;E;Fornecedor Delta;161,0;2,3
PC000961;Loja Sul;06/12/2026;4;13,0;775,68;🟡 Planejado;E;Fornecedor Delta;160,0;2,3
PC000961;Loja Sul;20/01/2027;6;13,0;775,69;🟡 Planejado;E;Fornecedor Delta;159,0;2,3
PC000112;Loja Sul;12/11/2026;4;13,0;1351,58;🟡 Planejado;E;Fornecedor Beta;162,0;2,3
PC000112;Loja Sul;22/01/2027;6;9,0;1008,98;🟡 Planejado;E;Fornecedor Beta;216,0;1,7
PC000100;Loja Sul;15/09/2026;2;5,0;762,5;🟡 Planejado;E;Fornecedor Beta;436,0;0,8
PC000100;Loja Sul;17/10/2026;3;6,0;942,62;🟡 Planejado;E;Fornecedor Beta;355,0;1,0
PC000100;Loja Sul;23/11/2026;4;7,0;1073,14;🟡 Planejado;E;Fornecedor Beta;313,0;1,2
PC000100;Loja Sul;23/01/2027;6;5,0;887,95;🟡 Planejado;E;Fornecedor Beta;373,0;1,0
PC000110;Loja Sul;11/09/2026;1;11,0;814,62;🔴 Prioritário (até 30 dias);E;Fornecedor Alfa;189,0;1,9
PC000110;Loja Sul;26/10/2026;3;11,0;815,54;🟡 Planejado;E;Fornecedor Alfa;189,0;1,9
PC000110;Loja Sul;10/12/2026;4;11,0;815,39;🟡 Planejado;E;Fornecedor Alfa;189,0;1,9
PC000110;Loja Sul;24/01/2027;6;11,0;816,07;🟡 Planejado;E;Fornecedor Alfa;189,0;1,9
PC000810;Loja Sul;06/11/2026;3;20,0;1041,97;🟡 Planejado;E;Fornecedor Delta;102,0;3,6
PC000810;Loja Sul;02/12/2026;4;25,0;1287,73;🟡 Planejado;E;Fornecedor Delta;81,0;4,5
PC000455;Loja Sul;14/08/2026;1;62,0;1338,54;🚨 Urgente (até 7 dias);E;Fornecedor Gamma;64,0;5,7
PC000455;Loja Sul;27/09/2026;2;33,0;702,04;🟡 Planejado;E;Fornecedor Gamma;62,0;5,9
PC000455;Loja Sul;11/11/2026;3;33,0;709,62;🟡 Planejado;E;Fornecedor Gamma;62,0;5,9
PC000455;Loja Sul;26/12/2026;5;33,0;707,42;🟡 Planejado;E;Fornecedor Gamma;62,0;5,9
PC000455;Loja Sul;09/02/2027;6;33,0;703,48;🟡 Planejado;E;Fornecedor Gamma;62,0;5,9
PC000494;Loja Sul;30/10/2026;3;13,0;532,05;🟡 Planejado;E;Fornecedor Delta;157,0;2,3
PC000494;Loja Sul;15/12/2026;5;13,0;532,88;🟡 Planejado;E;Fornecedor Delta;157,0;2,3
PC000494;Loja Sul;30/01/2027;6;13,0;533,02;🟡 Planejado;E;Fornecedor Delta;157,0;2,3
PC000284;Loja Sul;14/08/2026;1;101,0;1250,16;🚨 Urgente (até 7 dias);E;Fornecedor Beta;41,0;9,0
PC000284;Loja Sul;06/10/2026;2;45,0;558,82;🟡 Planejado;E;Fornecedor Beta;45,0;8,1
PC000284;Loja Sul;03/11/2026;3;56,0;686,79;🟡 Planejado;E;Fornecedor Beta;37,0;9,9
PC000284;Loja Sul;20/11/2026;4;81,0;998,57;🟡 Planejado;E;Fornecedor Beta;25,0;14,4
PC000677;Loja Sul;04/11/2026;3;11,0;492,99;🟡 Planejado;E;Fornecedor Gamma;181,0;2,0
PC000677;Loja Sul;19/12/2026;5;11,0;492,97;🟡 Planejado;E;Fornecedor Gamma;181,0;2,0
PC000677;Loja Sul;02/02/2027;6;11,0;490,86;🟡 Planejado;E;Fornecedor Gamma;181,0;2,0
PC000795;Loja Sul;27/09/2026;2;16,0;433,54;🟡 Planejado;E;Fornecedor Alfa;124,0;3,0
PC000795;Loja Sul;15/10/2026;3;25,0;654,53;🟡 Planejado;E;Fornecedor Alfa;83,0;4,4
PC000795;Loja Sul;18/11/2026;4;29,0;772,41;🟡 Planejado;E;Fornecedor Alfa;70,0;5,2
PC000795;Loja Sul;07/02/2027;6;20,0;532,64;🟡 Planejado;E;Fornecedor Alfa;101,0;3,6
PC000730;Loja Sul;03/12/2026;4;7,0;1853,76;🟡 Planejado;E;Fornecedor Gamma;312,0;1,2
PC000730;Loja Sul;17/01/2027;6;6,0;1819,54;🟡 Planejado;E;Fornecedor Gamma;312,0;1,2
PC000067;Loja Sul;26/11/2026;4;18,0;2012,18;🟡 Planejado;E;Fornecedor Alfa;116,0;3,2
PC000067;Loja Sul;10/01/2027;5;17,0;1986,95;🟡 Planejado;E;Fornecedor Alfa;116,0;3,2
PC000014;Loja Sul;14/08/2026;1;19,0;471,01;🚨 Urgente (até 7 dias);E;Fornecedor Alfa;128,0;2,9
PC000014;Loja Sul;21/09/2026;2;18,0;452,08;🟡 Planejado;E;Fornecedor Alfa;115,0;3,2
PC000014;Loja Sul;20/10/2026;3;23,0;583,74;🟡 Planejado;E;Fornecedor Alfa;90,0;4,1
PC000014;Loja Sul;23/11/2026;4;26,0;666,19;🟡 Planejado;E;Fornecedor Alfa;77,0;4,7
PC000802;Loja Sul;12/11/2026;4;11,0;3529,05;🟡 Planejado;E;Fornecedor Gamma;193,0;1,9
PC000802;Loja Sul;27/12/2026;5;10,0;3506,79;🟡 Planejado;E;Fornecedor Gamma;193,0;1,9
PC000022;Loja Sul;11/10/2026;2;4,0;623,15;🟡 Planejado;E;Fornecedor Gamma;463,0;0,8
PC000022;Loja Sul;26/11/2026;4;4,0;620,04;🟡 Planejado;E;Fornecedor Gamma;464,0;0,8
PC000022;Loja Sul;11/01/2027;6;4,0;622,06;🟡 Planejado;E;Fornecedor Gamma;464,0;0,8
PC000695;Loja Sul;16/11/2026;4;17,0;2812,43;🟡 Planejado;E;Fornecedor Beta;123,0;3,0
PC000695;Loja Sul;31/12/2026;5;17,0;2812,43;🟡 Planejado;E;Fornecedor Beta;123,0;3,0
PC000101;Loja Sul;12/11/2026;4;30,0;1011,32;🟡 Planejado;E;Fornecedor Beta;79,0;4,6
PC000101;Loja Sul;29/01/2027;6;18,0;612,92;🟡 Planejado;E;Fornecedor Beta;112,0;3,3
PC000598;Loja Sul;25/08/2026;1;12,0;536,93;🔴 Prioritário (até 30 dias);E;Fornecedor Alfa;165,0;2,2
PC000598;Loja Sul;06/10/2026;2;13,0;556,69;🟡 Planejado;E;Fornecedor Alfa;158,0;2,3
PC000598;Loja Sul;19/11/2026;4;13,0;566,41;🟡 Planejado;E;Fornecedor Alfa;156,0;2,3
PC000598;Loja Sul;03/01/2027;5;13,0;562,32;🟡 Planejado;E;Fornecedor Alfa;156,0;2,3
PC000133;Loja Sul;14/08/2026;1;19,0;850,74;🚨 Urgente (até 7 dias);E;Fornecedor Delta;166,0;2,2
PC000133;Loja Sul;29/09/2026;2;12,0;547,13;🟡 Planejado;E;Fornecedor Delta;166,0;2,2
PC000133;Loja Sul;13/11/2026;4;12,0;535,25;🟡 Planejado;E;Fornecedor Delta;166,0;2,2
PC000133;Loja Sul;29/12/2026;5;12,0;547,14;🟡 Planejado;E;Fornecedor Delta;166,0;2,2
PC000984;Loja Sul;19/09/2026;2;2,0;438,77;🟡 Planejado;E;Fornecedor Beta;;
PC000984;Loja Sul;03/11/2026;3;2,0;445,71;🟡 Planejado;E;Fornecedor Beta;;
PC000984;Loja Sul;18/12/2026;5;2,0;442,75;🟡 Planejado;E;Fornecedor Beta;;
PC000984;Loja Sul;01/02/2027;6;2,0;441,73;🟡 Planejado;E;Fornecedor Beta;;
PC000776;Loja Sul;14/09/2026;2;14,0;2004,78;🟡 Planejado;E;Fornecedor Beta;150,0;2,4
PC000776;Loja Sul;30/10/2026;3;14,0;2034,26;🟡 Planejado;E;Fornecedor Beta;150,0;2,4
PC000776;Loja Sul;15/12/2026;5;14,0;2034,26;🟡 Planejado;E;Fornecedor Beta;150,0;2,4
PC000776;Loja Sul;30/01/2027;6;14,0;2034,26;🟡 Planejado;E;Fornecedor Beta;150,0;2,4
PC000998;Loja Sul;13/10/2026;3;18,0;711,26;🟡 Planejado;E;Fornecedor Gamma;134,0;2,7
PC000998;Loja Sul;18/11/2026;4;17,0;670,31;🟡 Planejado;E;Fornecedor Gamma;117,0;3,1
PC000614;Loja Sul;29/09/2026;2;15,0;2270,4;🟡 Planejado;E;Fornecedor Alfa;135,0;2,7
PC000614;Loja Sul;13/11/2026;4;15,0;2270,4;🟡 Planejado;E;Fornecedor Alfa;135,0;2,7
PC000614;Loja Sul;28/12/2026;5;15,0;2270,4;🟡 Planejado;E;Fornecedor Alfa;135,0;2,7
PC000301;Loja Sul;14/08/2026;1;18,0;405,2;🚨 Urgente (até 7 dias);E;Fornecedor Delta;140,0;2,6
PC000301;Loja Sul;28/09/2026;2;15,0;321,18;🟡 Planejado;E;Fornecedor Delta;139,0;2,6
PC000301;Loja Sul;26/10/2026;3;19,0;408,61;🟡 Planejado;E;Fornecedor Delta;111,0;3,3
PC000301;Loja Sul;25/11/2026;4;23,0;505,99;🟡 Planejado;E;Fornecedor Delta;90,0;4,1
PC000301;Loja Sul;07/02/2027;6;17,0;378,11;🟡 Planejado;E;Fornecedor Delta;119,0;3,1
PC000516;Loja Sul;14/08/2026;1;50,0;569,02;🚨 Urgente (até 7 dias);E;Fornecedor Delta;70,0;5,2
PC000516;Loja Sul;03/10/2026;2;27,0;308,03;🟡 Planejado;E;Fornecedor Delta;75,0;4,9
PC000516;Loja Sul;16/10/2026;3;43,0;487,75;🟡 Planejado;E;Fornecedor Delta;48,0;7,6
PC000516;Loja Sul;23/11/2026;4;48,0;540,0;🟡 Planejado;E;Fornecedor Delta;43,0;8,5
PC000516;Loja Sul;09/02/2027;6;35,0;397,14;🟡 Planejado;E;Fornecedor Delta;59,0;6,2
PC000641;Loja Sul;22/10/2026;3;5,0;1181,26;🟡 Planejado;E;Fornecedor Delta;430,0;0,8
PC000641;Loja Sul;06/12/2026;4;5,0;1161,49;🟡 Planejado;E;Fornecedor Delta;430,0;0,8
PC000641;Loja Sul;20/01/2027;6;5,0;1161,49;🟡 Planejado;E;Fornecedor Delta;430,0;0,8
PC000435;Loja Sul;22/08/2026;1;15,0;1069,19;🔴 Prioritário (até 30 dias);E;Fornecedor Delta;135,0;2,7
PC000435;Loja Sul;06/10/2026;2;15,0;1045,95;🟡 Planejado;E;Fornecedor Delta;135,0;2,7
PC000435;Loja Sul;20/11/2026;4;15,0;1045,95;🟡 Planejado;E;Fornecedor Delta;135,0;2,7
PC000435;Loja Sul;04/01/2027;5;15,0;1045,95;🟡 Planejado;E;Fornecedor Delta;135,0;2,7
PC000050;Loja Sul;07/12/2026;4;15,0;258,21;🟡 Planejado;E;Fornecedor Delta;139,0;2,6
PC000050;Loja Sul;21/01/2027;6;15,0;254,48;🟡 Planejado;E;Fornecedor Delta;139,0;2,6
PC000651;Loja Sul;25/11/2026;4;11,0;271,85;🟡 Planejado;E;Fornecedor Gamma;179,0;2,0
PC000651;Loja Sul;09/01/2027;5;11,0;272,45;🟡 Planejado;E;Fornecedor Gamma;179,0;2,0
PC000298;Loja Sul;14/08/2026;1;36,0;1943,48;🚨 Urgente (até 7 dias);E;Fornecedor Beta;72,0;5,0
PC000298;Loja Sul;29/09/2026;2;29,0;1551,9;🟡 Planejado;E;Fornecedor Beta;72,0;5,0
PC000298;Loja Sul;14/11/2026;4;29,0;1551,9;🟡 Planejado;E;Fornecedor Beta;72,0;5,0
PC000298;Loja Sul;30/12/2026;5;29,0;1551,9;🟡 Planejado;E;Fornecedor Beta;72,0;5,0
PC000202;Loja Sul;09/09/2026;1;9,0;176,6;🔴 Prioritário (até 30 dias);E;Fornecedor Beta;217,0;1,7
PC000202;Loja Sul;13/10/2026;3;19,0;350,23;🟡 Planejado;E;Fornecedor Beta;140,0;2,6
PC000202;Loja Sul;20/11/2026;4;16,0;304,24;🟡 Planejado;E;Fornecedor Beta;126,0;2,9
PC000203;Loja Sul;14/08/2026;1;63,0;1114,81;🚨 Urgente (até 7 dias);E;Fornecedor Delta;64,0;5,7
PC000203;Loja Sul;29/09/2026;2;32,0;572,52;🟡 Planejado;E;Fornecedor Delta;64,0;5,7
PC000203;Loja Sul;14/11/2026;4;32,0;572,52;🟡 Planejado;E;Fornecedor Delta;64,0;5,7
PC000203;Loja Sul;30/12/2026;5;32,0;572,52;🟡 Planejado;E;Fornecedor Delta;64,0;5,7
PC000340;Loja Sul;14/08/2026;1;12,0;257,41;🚨 Urgente (até 7 dias);E;Fornecedor Gamma;240,0;1,5
PC000340;Loja Sul;30/09/2026;2;8,0;179,78;🟡 Planejado;E;Fornecedor Gamma;245,0;1,5
PC000340;Loja Sul;15/11/2026;4;8,0;177,28;🟡 Planejado;E;Fornecedor Gamma;247,0;1,5
PC000340;Loja Sul;31/12/2026;5;8,0;179,91;🟡 Planejado;E;Fornecedor Gamma;248,0;1,5
PC000902;Loja Sul;08/10/2026;2;15,0;152,54;🟡 Planejado;E;Fornecedor Alfa;138,0;2,7
PC000902;Loja Sul;22/11/2026;4;15,0;156,59;🟡 Planejado;E;Fornecedor Alfa;136,0;2,7
PC000902;Loja Sul;06/01/2027;5;15,0;153,81;🟡 Planejado;E;Fornecedor Alfa;136,0;2,7
