Produto;EstoqueAtual;CustoUnitario;Fornecedor
PC000001;36,0;4242,13;Não informado
PC000002;43,0;4752,68;Não informado
PC000003;22,0;300,79;Não informado
PC000004;20,0;8285,64;Não informado
PC000005;108,0;2141,14;Não informado
PC000006;0,0;813,97;Não informado
PC000007;7,0;5705,8;Não informado
PC000008;17,0;80,57;Não informado
PC000009;26,0;762,63;Não informado
PC000010;112,0;817,15;Não informado
PC000011;17,0;670,95;Não informado
PC000012;82,0;156,93;Não informado
PC000013;4,0;5521,4;Não informado
PC000014;35,0;183,33;Não informado
PC000015;16,0;273,31;Não informado
PC000016;11,0;1385,75;Não informado
PC000017;7,0;4121,35;Não informado
PC000018;16,0;690,31;Não informado
PC000019;142,0;362,45;Não informado
PC000020;0,0;2941,33;Não informado
PC000021;224,0;82,8;Não informado
PC000022;9,0;1048,27;Não informado
PC000023;10,0;457,2;Não informado
PC000024;4,0;1285,27;Não informado
PC000025;2,0;4867,73;Não informado
PC000027;5,0;534,68;Não informado
PC000028;18,0;221,77;Não informado
PC000029;26,0;64,01;Não informado
PC000030;2,0;1227,62;Não informado
PC000031;0,0;263,71;Não informado
PC000032;4,0;586,0;Não informado
PC000033;2,0;112,91;Não informado
PC000034;8,0;776,19;Não informado
PC000035;21,0;914,49;Não informado
PC000036;4,0;1037,51;Não informado
PC000037;6,0;2062,53;Não informado
PC000038;3,0;240,32;Não informado
PC000039;4,0;687,52;Não informado
PC000040;5,0;16,41;Não informado
PC000041;2,0;18,41;Não informado
PC000043;9,0;193,59;Não informado
PC000044;1,0;346,08;Não informado
PC000045;4,0;1099,71;Não informado
PC000046;17,0;287,3;Não informado
PC000047;20,0;2817,85;Não informado
PC000048;56,0;386,1;Não informado
PC000049;14,0;91,57;Não informado
PC000050;6,0;108,51;Não informado
PC000051;5,0;249,59;Não informado
PC000052;33,0;911,19;Não informado
PC000053;113,0;565,17;Não informado
PC000054;55,0;253,52;Não informado
PC000055;23,0;813,7;Não informado
PC000056;583,0;769,69;Não informado
PC000057;124,0;1295,12;Não informado
PC000058;10,0;24,94;Não informado
PC000059;1,0;746,69;Não informado
PC000060;21,0;5013,71;Não informado
PC000061;6,0;169,71;Não informado
PC000062;11,0;1647,35;Não informado
PC000063;36,0;487,04;Não informado
PC000064;49,0;571,45;Não informado
PC000065;28,0;638,0;Não informado
PC000066;3,0;1077,47;Não informado
PC000067;112,0;122,92;Não informado
PC000068;14,0;2474,86;Não informado
PC000069;4,0;396,72;Não informado
PC000070;14,0;815,3;Não informado
PC000071;5,0;2118,7;Não informado
PC000072;1,0;505,31;Não informado
PC000073;39,0;256,31;Não informado
PC000074;7,0;1720,54;Não informado
PC000075;0,0;692,25;Não informado
PC000076;17,0;297,74;Não informado
PC000077;102,0;1327,3;Não informado
PC000078;30,0;1123,98;Não informado
PC000079;82,0;843,67;Não informado
PC000080;74,0;601,79;Não informado
PC000081;52,0;3712,71;Não informado
PC000082;4,0;402,34;Não informado
PC000083;1,0;805,35;Não informado
PC000084;4,0;5107,5;Não informado
PC000085;46,0;407,15;Não informado
PC000086;6,0;911,79;Não informado
PC000087;14,0;2117,67;Não informado
PC000088;8,0;5441,38;Não informado
PC000089;99,0;5248,06;Não informado
PC000090;3,0;4014,3;Não informado
PC000091;15,0;1211,36;Não informado
PC000092;23,0;205,3;Não informado
PC000093;6,0;326,71;Não informado
PC000094;64,0;158,54;Não informado
PC000095;18,0;546,32;Não informado
PC000096;4,0;62,79;Não informado
PC000097;3,0;60,27;Não informado
PC000098;16,0;227,68;Não informado
PC000099;6,0;1054,24;Não informado
PC000100;41,0;804,26;Não informado
PC000101;5,0;862,92;Não informado
PC000102;114,0;422,17;Não informado
PC000103;2,0;270,16;Não informado
PC000104;121,0;29,81;Não informado
PC000105;3,0;96,99;Não informado
PC000106;1,0;954,63;Não informado
PC000107;23,0;746,94;Não informado
PC000108;60,0;715,97;Não informado
PC000109;8,0;4311,91;Não informado
PC000110;318,0;1089,69;Não informado
PC000111;3,0;3186,77;Não informado
PC000112;1,0;933,36;Não informado
PC000113;7,0;126,68;Não informado
PC000114;1,0;54,4;Não informado
PC000116;28,0;614,57;Não informado
PC000117;28,0;412,62;Não informado
PC000118;56,0;115,38;Não informado
PC000120;12,0;1078,11;Não informado
PC000121;78,0;464,78;Não informado
PC000122;134,0;74,69;Não informado
PC000123;20,0;1809,71;Não informado
PC000124;123,0;6381,78;Não informado
PC000125;1,0;134,16;Não informado
PC000126;106,0;4846,44;Não informado
PC000127;6,0;437,76;Não informado
PC000128;54,0;489,21;Não informado
PC000129;1,0;2688,23;Não informado
PC000130;143,0;1940,12;Não informado
PC000131;112,0;178,14;Não informado
PC000132;18,0;2724,87;Não informado
PC000133;0,0;1662,5;Não informado
PC000134;84,0;618,97;Não informado
PC000135;12,0;1548,8;Não informado
PC000136;1,0;1338,63;Não informado
PC000137;2,0;430,45;Não informado
PC000138;2,0;1290,82;Não informado
PC000139;14,0;95,15;Não informado
PC000140;0,0;193,24;Não informado
PC000141;64,0;4432,31;Não informado
PC000142;15,0;199,2;Não informado
PC000143;6,0;1101,34;Não informado
PC000144;10,0;978,67;Não informado
PC000145;16,0;1804,66;Não informado
PC000146;52,0;845,29;Não informado
PC000147;2,0;91,29;Não informado
PC000148;20,0;3375,83;Não informado
PC000149;7,0;361,75;Não informado
PC000150;3,0;305,72;Não informado
PC000151;35,0;1158,78;Não informado
PC000152;10,0;3263,81;Não informado
PC000153;7,0;4978,03;Não informado
PC000154;80,0;1110,71;Não informado
PC000155;831,0;686,11;Não informado
PC000156;34,0;223,83;Não informado
PC000157;8,0;171,25;Não informado
PC000158;38,0;764,56;Não informado
PC000159;30,0;156,47;Não informado
PC000160;5,0;111,4;Não informado
PC000161;65,0;41,17;Não informado
PC000162;11,0;929,8;Não informado
PC000163;1,0;875,52;Não informado
PC000164;42,0;836,53;Não informado
PC000165;3,0;421,75;Não informado
PC000166;62,0;567,23;Não informado
PC000167;5,0;200,88;Não informado
PC000168;12,0;93,19;Não informado
PC000169;5,0;108,42;Não informado
PC000170;9,0;171,66;Não informado
PC000171;4,0;1022,83;Não informado
PC000172;20,0;1228,25;Não informado
PC000173;2,0;2461,92;Não informado
PC000174;6,0;508,72;Não informado
PC000175;31,0;7760,56;Não informado
PC000176;2,0;626,95;Não informado
PC000177;11,0;123,84;Não informado
PC000178;35,0;55,43;Não informado
PC000179;6,0;282,44;Não informado
PC000180;38,0;3458,15;Não informado
PC000181;30,0;930,7;Não informado
PC000182;16,0;185,4;Não informado
PC000183;6,0;1085,18;Não informado
PC000184;12,0;884,32;Não informado
PC000185;11,0;139,93;Não informado
PC000186;16,0;49,89;Não informado
PC000187;153,0;335,54;Não informado
PC000188;15,0;2781,08;Não informado
PC000189;4,0;376,14;Não informado
PC000190;1,0;4172,19;Não informado
PC000191;14,0;756,46;Não informado
PC000192;9,0;615,51;Não informado
PC000193;54,0;1952,45;Não informado
PC000194;48,0;2429,8;Não informado
PC000195;2,0;128,98;Não informado
PC000196;15,0;522,92;Não informado
PC000197;15,0;1320,32;Não informado
PC000198;2,0;637,48;Não informado
PC000199;26,0;2980,92;Não informado
PC000200;1,0;1239,16;Não informado
PC000201;153,0;390,11;Não informado
PC000202;9,0;1100,64;Não informado
PC000203;9,0;766,61;Não informado
PC000204;68,0;308,33;Não informado
PC000205;45,0;5748,74;Não informado
PC000206;2,0;370,89;Não informado
PC000207;2,0;145,75;Não informado
PC000208;54,0;243,59;Não informado
PC000209;1,0;3699,57;Não informado
PC000210;9,0;699,01;Não informado
PC000211;3,0;665,44;Não informado
PC000212;5,0;5345,01;Não informado
PC000213;30,0;471,31;Não informado
PC000214;8,0;415,91;Não informado
PC000215;16,0;795,54;Não informado
PC000216;144,0;4260,91;Não informado
PC000217;6,0;6529,99;Não informado
PC000218;6,0;2801,68;Não informado
PC000219;8,0;101,12;Não informado
PC000220;31,0;423,54;Não informado
PC000221;1,0;100,76;Não informado
PC000222;142,0;1061,51;Não informado
PC000223;11,0;462,63;Não informado
PC000224;6,0;417,21;Não informado
PC000225;46,0;80,61;Não informado
PC000226;97,0;639,67;Não informado
PC000227;8,0;859,79;Não informado
PC000228;18,0;754,57;Não informado
PC000229;15,0;800,75;Não informado
PC000230;2,0;308,79;Não informado
PC000231;49,0;543,13;Não informado
PC000232;27,0;49,13;Não informado
PC000233;8,0;20,77;Não informado
PC000234;46,0;730,12;Não informado
PC000235;39,0;413,78;Não informado
PC000236;12,0;206,23;Não informado
PC000237;89,0;1856,72;Não informado
PC000238;2,0;231,99;Não informado
PC000239;28,0;1961,25;Não informado
PC000240;6,0;817,9;Não informado
PC000241;47,0;73,14;Não informado
PC000242;8,0;36,39;Não informado
PC000243;64,0;140,31;Não informado
PC000244;3,0;1084,57;Não informado
PC000245;26,0;172,84;Não informado
PC000246;27,0;204,1;Não informado
PC000247;12,0;515,1;Não informado
PC000248;33,0;576,76;Não informado
PC000249;5,0;969,32;Não informado
PC000250;4,0;65,13;Não informado
PC000251;53,0;1872,21;Não informado
PC000252;5,0;4265,71;Não informado
PC000253;27,0;169,32;Não informado
PC000254;157,0;2349,64;Não informado
PC000255;185,0;218,12;Não informado
PC000256;16,0;240,25;Não informado
PC000257;112,0;905,5;Não informado
PC000258;91,0;4795,92;Não informado
PC000259;12,0;227,73;Não informado
PC000260;105,0;5154,15;Não informado
PC000261;9,0;2059,08;Não informado
PC000262;61,0;268,59;Não informado
PC000263;17,0;2467,95;Não informado
PC000264;13,0;675,51;Não informado
PC000265;48,0;700,9;Não informado
PC000266;26,0;214,57;Não informado
PC000267;4,0;996,54;Não informado
PC000268;2,0;76,52;Não informado
PC000269;37,0;6228,91;Não informado
PC000270;76,0;861,85;Não informado
PC000271;59,0;1111,15;Não informado
PC000272;16,0;766,93;Não informado
PC000273;3,0;2527,22;Não informado
PC000274;25,0;767,61;Não informado
PC000275;9,0;916,04;Não informado
PC000276;72,0;1241,18;Não informado
PC000277;28,0;124,83;Não informado
PC000278;653,0;320,84;Não informado
PC000279;15,0;1263,02;Não informado
PC000280;75,0;629,85;Não informado
PC000281;56,0;3940,25;Não informado
PC000282;118,0;5104,59;Não informado
PC000283;34,0;1439,19;Não informado
PC000284;11,0;265,71;Não informado
PC000285;20,0;218,38;Não informado
PC000286;16,0;138,33;Não informado
PC000287;3,0;555,04;Não informado
PC000288;0,0;303,07;Não informado
PC000289;87,0;92,58;Não informado
PC000290;7,0;44,56;Não informado
PC000291;7,0;1094,13;Não informado
PC000292;10,0;386,82;Não informado
PC000293;134,0;1426,39;Não informado
PC000295;225,0;168,98;Não informado
PC000296;4,0;48,03;Não informado
PC000297;9,0;53,27;Não informado
PC000298;23,0;593,19;Não informado
PC000299;1,0;1336,73;Não informado
PC000300;12,0;619,71;Não informado
PC000301;8,0;2841,62;Não informado
PC000303;308,0;1851,29;Não informado
PC000304;6,0;1044,22;Não informado
PC000305;25,0;187,24;Não informado
PC000307;8,0;170,98;Não informado
PC000308;1,0;1129,05;Não informado
PC000309;11,0;465,65;Não informado
PC000310;13,0;134,39;Não informado
PC000311;35,0;652,13;Não informado
PC000312;10,0;756,44;Não informado
PC000313;9,0;406,3;Não informado
PC000314;12,0;75,32;Não informado
PC000315;20,0;1450,44;Não informado
PC000316;19,0;3221,6;Não informado
PC000317;1,0;65,01;Não informado
PC000318;9,0;1819,38;Não informado
PC000319;16,0;322,57;Não informado
PC000320;4,0;997,99;Não informado
PC000321;7,0;346,93;Não informado
PC000322;104,0;1056,95;Não informado
PC000323;19,0;300,84;Não informado
PC000325;22,0;1343,67;Não informado
PC000326;11,0;230,59;Não informado
PC000327;1,0;1224,08;Não informado
PC000328;18,0;1147,98;Não informado
PC000329;3,0;108,51;Não informado
PC000330;18,0;1002,08;Não informado
PC000331;1,0;56,67;Não informado
PC000332;4,0;306,56;Não informado
PC000333;55,0;7762,57;Não informado
PC000334;38,0;687,37;Não informado
PC000335;2,0;1005,42;Não informado
PC000336;44,0;411,98;Não informado
PC000337;56,0;2180,42;Não informado
PC000338;2,0;956,82;Não informado
PC000339;120,0;812,54;Não informado
PC000340;26,0;1142,62;Não informado
PC000341;5,0;203,89;Não informado
PC000342;115,0;1064,28;Não informado
PC000343;27,0;1808,07;Não informado
PC000344;0,0;2887,04;Não informado
PC000345;11,0;6407,11;Não informado
PC000346;158,0;681,99;Não informado
PC000347;171,0;568,51;Não informado
PC000348;13,0;133,87;Não informado
PC000349;5,0;415,23;Não informado
PC000350;208,0;349,72;Não informado
PC000351;56,0;557,32;Não informado
PC000352;9,0;637,51;Não informado
PC000353;45,0;29,31;Não informado
PC000354;11,0;402,17;Não informado
PC000355;20,0;631,87;Não informado
PC000356;40,0;865,2;Não informado
PC000357;10,0;841,82;Não informado
PC000358;193,0;530,77;Não informado
PC000359;9,0;1126,64;Não informado
PC000360;3,0;110,96;Não informado
PC000361;45,0;85,9;Não informado
PC000362;1,0;670,47;Não informado
PC000363;91,0;310,31;Não informado
PC000364;124,0;687,37;Não informado
PC000365;4,0;2512,1;Não informado
PC000366;7,0;1202,88;Não informado
PC000367;3,0;1285,11;Não informado
PC000368;6,0;600,82;Não informado
PC000369;20,0;100,09;Não informado
PC000371;5,0;325,32;Não informado
PC000372;2,0;6903,91;Não informado
PC000373;63,0;617,11;Não informado
PC000374;63,0;81,69;Não informado
PC000375;16,0;357,07;Não informado
PC000376;3,0;625,65;Não informado
PC000377;45,0;817,81;Não informado
PC000378;1,0;93,11;Não informado
PC000379;37,0;2096,97;Não informado
PC000380;1,0;4341,01;Não informado
PC000381;26,0;116,64;Não informado
PC000382;1,0;4473,1;Não informado
PC000383;22,0;562,04;Não informado
PC000384;9,0;901,35;Não informado
PC000385;18,0;4509,49;Não informado
PC000386;3,0;5628,92;Não informado
PC000387;1,0;277,45;Não informado
PC000388;38,0;4626,28;Não informado
PC000389;0,0;2303,83;Não informado
PC000390;44,0;365,32;Não informado
PC000391;31,0;1054,45;Não informado
PC000392;18,0;732,89;Não informado
PC000393;6,0;382,7;Não informado
PC000394;325,0;1753,86;Não informado
PC000395;37,0;857,9;Não informado
PC000396;72,0;138,28;Não informado
PC000397;9,0;3847,49;Não informado
PC000398;26,0;584,44;Não informado
PC000399;38,0;279,84;Não informado
PC000400;31,0;1183,95;Não informado
PC000401;5,0;3997,93;Não informado
PC000402;33,0;179,81;Não informado
PC000403;221,0;859,25;Não informado
PC000404;3,0;5238,02;Não informado
PC000405;10,0;302,55;Não informado
PC000406;28,0;150,4;Não informado
PC000407;31,0;1459,62;Não informado
PC000408;62,0;2066,82;Não informado
PC000409;46,0;1438,41;Não informado
PC000410;2,0;4007,0;Não informado
PC000411;6,0;628,99;Não informado
PC000412;42,0;103,45;Não informado
PC000413;23,0;88,58;Não informado
PC000414;8,0;578,47;Não informado
PC000415;6,0;1077,51;Não informado
PC000416;32,0;176,29;Não informado
PC000417;11,0;103,34;Não informado
PC000418;17,0;718,7;Não informado
PC000419;30,0;1142,8;Não informado
PC000420;1,0;341,36;Não informado
PC000421;5,0;2872,15;Não informado
PC000422;50,0;582,56;Não informado
PC000423;6,0;1175,34;Não informado
PC000425;7,0;129,13;Não informado
PC000426;7,0;598,08;Não informado
PC000427;1,0;1140,0;Não informado
PC000428;16,0;809,47;Não informado
PC000429;7,0;4536,44;Não informado
PC000430;9,0;739,45;Não informado
PC000431;21,0;309,41;Não informado
PC000432;14,0;756,47;Não informado
PC000433;1,0;309,92;Não informado
PC000434;8,0;50,83;Não informado
PC000435;1,0;58,33;Não informado
PC000436;16,0;3702,97;Não informado
PC000437;10,0;298,59;Não informado
PC000438;54,0;216,68;Não informado
PC000439;27,0;1054,42;Não informado
PC000440;13,0;540,91;Não informado
PC000441;1,0;700,22;Não informado
PC000442;24,0;132,82;Não informado
PC000443;12,0;357,41;Não informado
PC000444;4,0;670,93;Não informado
PC000445;0,0;308,4;Não informado
PC000446;7,0;4294,89;Não informado
PC000447;4,0;190,08;Não informado
PC000448;293,0;331,68;Não informado
PC000449;42,0;2056,8;Não informado
PC000450;9,0;489,7;Não informado
PC000451;5,0;426,62;Não informado
PC000452;119,0;2282,49;Não informado
PC000453;8,0;1967,76;Não informado
PC000454;30,0;910,55;Não informado
PC000455;8,0;2039,32;Não informado
PC000456;3,0;1540,94;Não informado
PC000457;3,0;327,81;Não informado
PC000459;11,0;765,19;Não informado
PC000460;20,0;106,66;Não informado
PC000461;23,0;1113,34;Não informado
PC000463;78,0;777,02;Não informado
PC000464;3,0;643,6;Não informado
PC000465;4,0;2462,22;Não informado
PC000466;29,0;444,03;Não informado
PC000467;11,0;378,25;Não informado
PC000468;48,0;4016,63;Não informado
PC000469;2,0;284,87;Não informado
PC000470;9,0;378,2;Não informado
PC000471;67,0;552,61;Não informado
PC000472;3,0;5126,73;Não informado
PC000473;7,0;2910,6;Não informado
PC000474;7,0;391,06;Não informado
PC000475;2,0;630,99;Não informado
PC000476;9,0;289,26;Não informado
PC000477;13,0;172,09;Não informado
PC000478;23,0;201,0;Não informado
PC000479;136,0;918,32;Não informado
PC000480;6,0;885,52;Não informado
PC000481;82,0;29,36;Não informado
PC000482;91,0;493,31;Não informado
PC000483;22,0;1337,11;Não informado
PC000484;7,0;473,73;Não informado
PC000485;4,0;2232,98;Não informado
PC000486;10,0;311,49;Não informado
PC000487;10,0;653,99;Não informado
PC000488;3,0;29,56;Não informado
PC000489;7,0;34,55;Não informado
PC000490;78,0;365,39;Não informado
PC000491;3,0;458,41;Não informado
PC000492;3,0;740,55;Não informado
PC000493;51,0;4321,68;Não informado
PC000494;17,0;223,53;Não informado
PC000495;244,0;3146,42;Não informado
PC000496;3,0;666,73;Não informado
PC000497;34,0;208,04;Não informado
PC000498;1,0;114,97;Não informado
PC000499;12,0;104,49;Não informado
PC000500;12,0;3437,13;Não informado
PC000501;49,0;658,84;Não informado
PC000502;55,0;82,41;Não informado
PC000504;52,0;329,2;Não informado
PC000505;34,0;279,39;Não informado
PC000506;8,0;78,6;Não informado
PC000507;0,0;2955,73;Não informado
PC000508;36,0;838,01;Não informado
PC000509;3,0;277,45;Não informado
PC000510;6,0;3420,43;Não informado
PC000511;6,0;712,3;Não informado
PC000512;34,0;562,19;Não informado
PC000513;4,0;1711,7;Não informado
PC000514;29,0;6371,34;Não informado
PC000515;45,0;213,09;Não informado
PC000516;4,0;7742,6;Não informado
PC000517;9,0;423,71;Não informado
PC000518;160,0;431,0;Não informado
PC000520;3,0;1581,59;Não informado
PC000521;2,0;86,0;Não informado
PC000522;5,0;1552,5;Não informado
PC000524;10,0;294,85;Não informado
PC000525;239,0;1106,01;Não informado
PC000526;4,0;350,91;Não informado
PC000527;3,0;64,16;Não informado
PC000528;12,0;969,78;Não informado
PC000529;5,0;3744,59;Não informado
PC000530;8,0;1021,24;Não informado
PC000531;5,0;232,76;Não informado
PC000532;86,0;4758,3;Não informado
PC000533;6,0;1000,56;Não informado
PC000534;87,0;756,42;Não informado
PC000535;7,0;2866,79;Não informado
PC000536;14,0;3913,59;Não informado
PC000537;20,0;2399,86;Não informado
PC000538;20,0;3759,05;Não informado
PC000539;11,0;725,11;Não informado
PC000540;6,0;214,65;Não informado
PC000541;18,0;281,49;Não informado
PC000542;2,0;1096,8;Não informado
PC000543;29,0;1568,34;Não informado
PC000544;5,0;223,98;Não informado
PC000545;10,0;74,11;Não informado
PC000546;39,0;261,68;Não informado
PC000547;20,0;594,64;Não informado
PC000548;4,0;264,72;Não informado
PC000549;149,0;1457,21;Não informado
PC000550;4,0;97,21;Não informado
PC000551;1,0;438,28;Não informado
PC000552;2,0;125,96;Não informado
PC000553;27,0;47,74;Não informado
PC000554;19,0;222,28;Não informado
PC000555;218,0;1672,16;Não informado
PC000556;34,0;198,16;Não informado
PC000557;21,0;3241,48;Não informado
PC000558;15,0;1175,04;Não informado
PC000559;26,0;4682,99;Não informado
PC000560;29,0;433,16;Não informado
PC000561;27,0;280,07;Não informado
PC000562;2,0;50,92;Não informado
PC000563;26,0;305,33;Não informado
PC000564;6,0;2825,18;Não informado
PC000565;3,0;646,29;Não informado
PC000566;189,0;179,16;Não informado
PC000567;92,0;999,54;Não informado
PC000568;10,0;974,17;Não informado
PC000569;49,0;671,25;Não informado
PC000570;14,0;23,3;Não informado
PC000571;27,0;358,9;Não informado
PC000572;47,0;5315,29;Não informado
PC000573;6,0;357,13;Não informado
PC000574;3,0;4730,06;Não informado
PC000575;96,0;538,73;Não informado
PC000576;55,0;564,28;Não informado
PC000577;6,0;355,63;Não informado
PC000579;141,0;237,06;Não informado
PC000580;5,0;1026,27;Não informado
PC000581;50,0;3073,78;Não informado
PC000582;23,0;106,18;Não informado
PC000583;5,0;2356,98;Não informado
PC000584;97,0;763,8;Não informado
PC000585;9,0;770,18;Não informado
PC000586;1,0;1233,83;Não informado
PC000587;140,0;847,54;Não informado
PC000588;3,0;230,18;Não informado
PC000589;28,0;3362,39;Não informado
PC000590;32,0;1016,21;Não informado
PC000591;6,0;510,72;Não informado
PC000592;5,0;623,02;Não informado
PC000593;5,0;4087,38;Não informado
PC000594;23,0;303,6;Não informado
PC000595;27,0;639,98;Não informado
PC000596;6,0;768,54;Não informado
PC000597;7,0;567,09;Não informado
PC000598;35,0;685,53;Não informado
PC000599;13,0;2198,11;Não informado
PC000600;1,0;1094,75;Não informado
PC000601;64,0;3653,05;Não informado
PC000602;1,0;1830,86;Não informado
PC000603;3,0;1403,52;Não informado
PC000604;134,0;207,43;Não informado
PC000605;3,0;314,18;Não informado
PC000606;7,0;944,14;Não informado
PC000607;5,0;1025,67;Não informado
PC000608;2,0;477,16;Não informado
PC000609;1,0;103,17;Não informado
PC000610;1,0;154,69;Não informado
PC000611;53,0;975,05;Não informado
PC000612;32,0;202,7;Não informado
PC000613;1,0;1743,34;Não informado
PC000614;12,0;118,61;Não informado
PC000615;9,0;944,45;Não informado
PC000616;7,0;112,98;Não informado
PC000617;3,0;21,06;Não informado
PC000618;9,0;454,64;Não informado
PC000619;1,0;512,57;Não informado
PC000620;9,0;872,19;Não informado
PC000621;1,0;4770,86;Não informado
PC000622;63,0;831,36;Não informado
PC000623;0,0;2020,9;Não informado
PC000624;27,0;160,06;Não informado
PC000627;8,0;353,3;Não informado
PC000628;25,0;1458,97;Não informado
PC000629;1,0;599,27;Não informado
PC000630;2,0;393,92;Não informado
PC000631;23,0;806,22;Não informado
PC000632;14,0;279,52;Não informado
PC000633;4,0;555,32;Não informado
PC000634;17,0;94,73;Não informado
PC000635;7,0;1182,26;Não informado
PC000636;3,0;3162,9;Não informado
PC000637;39,0;337,96;Não informado
PC000638;5,0;376,09;Não informado
PC000639;0,0;599,61;Não informado
PC000640;5,0;466,33;Não informado
PC000641;3,0;4922,27;Não informado
PC000642;2,0;2702,79;Não informado
PC000643;0,0;250,92;Não informado
PC000644;39,0;3911,43;Não informado
PC000645;4,0;615,18;Não informado
PC000646;58,0;748,06;Não informado
PC000647;27,0;4501,56;Não informado
PC000648;5,0;753,45;Não informado
PC000649;32,0;329,6;Não informado
PC000650;9,0;1578,31;Não informado
PC000651;4,0;767,01;Não informado
PC000652;19,0;70,89;Não informado
PC000653;38,0;4800,33;Não informado
PC000654;141,0;1259,34;Não informado
PC000655;2,0;755,2;Não informado
PC000656;49,0;401,84;Não informado
PC000657;103,0;1461,9;Não informado
PC000658;97,0;364,9;Não informado
PC000659;7,0;788,71;Não informado
PC000660;3,0;5538,7;Não informado
PC000661;234,0;664,27;Não informado
PC000662;6,0;611,34;Não informado
PC000663;3,0;1806,5;Não informado
PC000664;21,0;420,74;Não informado
PC000665;38,0;2279,64;Não informado
PC000666;32,0;4271,74;Não informado
PC000667;30,0;540,86;Não informado
PC000668;4,0;164,3;Não informado
PC000669;8,0;314,02;Não informado
PC000670;50,0;849,65;Não informado
PC000671;2,0;873,49;Não informado
PC000672;506,0;567,05;Não informado
PC000673;5,0;67,56;Não informado
PC000674;0,0;69,18;Não informado
PC000675;19,0;1649,03;Não informado
PC000676;8,0;929,29;Não informado
PC000677;2,0;1272,78;Não informado
PC000678;38,0;443,12;Não informado
PC000679;3,0;881,68;Não informado
PC000680;23,0;31,4;Não informado
PC000681;65,0;46,06;Não informado
PC000682;11,0;111,56;Não informado
PC000683;7,0;708,56;Não informado
PC000684;4,0;823,76;Não informado
PC000685;2,0;3055,31;Não informado
PC000686;2,0;938,06;Não informado
PC000687;56,0;960,91;Não informado
PC000688;5,0;140,97;Não informado
PC000689;2,0;249,53;Não informado
PC000690;3,0;31,01;Não informado
PC000691;0,0;145,96;Não informado
PC000692;39,0;2535,46;Não informado
PC000693;8,0;974,06;Não informado
PC000694;16,0;339,56;Não informado
PC000695;24,0;859,69;Não informado
PC000696;42,0;413,39;Não informado
PC000697;294,0;677,14;Não informado
PC000698;15,0;39,52;Não informado
PC000699;26,0;1449,36;Não informado
PC000700;5,0;2613,22;Não informado
PC000701;140,0;355,46;Não informado
PC000702;10,0;5065,03;Não informado
PC000703;47,0;951,26;Não informado
PC000704;4,0;534,9;Não informado
PC000705;6,0;1018,98;Não informado
PC000706;9,0;3945,14;Não informado
PC000707;13,0;113,86;Não informado
PC000708;15,0;1595,79;Não informado
PC000709;11,0;1723,38;Não informado
PC000710;80,0;749,32;Não informado
PC000711;58,0;3821,38;Não informado
PC000712;7,0;397,38;Não informado
PC000714;12,0;940,36;Não informado
PC000715;37,0;193,32;Não informado
PC000716;7,0;166,75;Não informado
PC000717;18,0;420,75;Não informado
PC000718;21,0;196,2;Não informado
PC000719;51,0;474,41;Não informado
PC000720;103,0;845,22;Não informado
PC000721;23,0;5299,26;Não informado
PC000722;20,0;1215,43;Não informado
PC000723;7,0;621,17;Não informado
PC000724;13,0;1795,46;Não informado
PC000725;10,0;636,66;Não informado
PC000726;66,0;1263,17;Não informado
PC000727;9,0;704,44;Não informado
PC000728;100,0;5016,71;Não informado
PC000729;13,0;6304,57;Não informado
PC000730;1,0;2740,32;Não informado
PC000731;2,0;933,04;Não informado
PC000732;40,0;169,16;Não informado
PC000733;10,0;314,98;Não informado
PC000734;4,0;61,02;Não informado
PC000735;60,0;1653,29;Não informado
PC000736;5,0;560,62;Não informado
PC000737;8,0;111,5;Não informado
PC000738;3,0;228,74;Não informado
PC000739;5,0;1719,19;Não informado
PC000740;15,0;878,41;Não informado
PC000741;38,0;1129,03;Não informado
PC000742;2,0;798,85;Não informado
PC000744;11,0;59,03;Não informado
PC000745;28,0;78,08;Não informado
PC000746;3,0;1013,26;Não informado
PC000747;63,0;1316,23;Não informado
PC000748;9,0;946,52;Não informado
PC000749;22,0;2865,14;Não informado
PC000750;1,0;1126,85;Não informado
PC000751;4,0;1883,73;Não informado
PC000752;82,0;441,18;Não informado
PC000753;22,0;341,94;Não informado
PC000754;2,0;36,7;Não informado
PC000755;148,0;69,31;Não informado
PC000756;46,0;3602,38;Não informado
PC000757;25,0;705,06;Não informado
PC000758;3,0;66,87;Não informado
PC000759;6,0;659,5;Não informado
PC000760;13,0;627,63;Não informado
PC000761;20,0;766,71;Não informado
PC000762;0,0;79,09;Não informado
PC000763;5,0;743,02;Não informado
PC000764;41,0;4369,08;Não informado
PC000765;10,0;122,87;Não informado
PC000766;45,0;406,1;Não informado
PC000767;9,0;202,4;Não informado
PC000768;5,0;181,83;Não informado
PC000769;57,0;6518,16;Não informado
PC000770;13,0;729,03;Não informado
PC000771;8,0;182,1;Não informado
PC000772;211,0;2000,7;Não informado
PC000773;7,0;569,04;Não informado
PC000774;47,0;816,38;Não informado
PC000775;5,0;4626,48;Não informado
PC000776;32,0;1698,66;Não informado
PC000777;87,0;254,24;Não informado
PC000778;4,0;565,94;Não informado
PC000779;38,0;504,55;Não informado
PC000780;11,0;265,7;Não informado
PC000781;3,0;5209,05;Não informado
PC000782;8,0;294,99;Não informado
PC000783;20,0;1041,3;Não informado
PC000784;2,0;626,59;Não informado
PC000785;1,0;656,7;Não informado
PC000786;6,0;1367,9;Não informado
PC000787;9,0;94,7;Não informado
PC000788;250,0;1313,9;Não informado
PC000789;68,0;798,97;Não informado
PC000790;19,0;1045,51;Não informado
PC000791;14,0;2594,88;Não informado
PC000792;2,0;5942,74;Não informado
PC000793;9,0;2589,29;Não informado
PC000794;6,0;4044,0;Não informado
PC000795;11,0;1033,0;Não informado
PC000796;18,0;321,74;Não informado
PC000797;3,0;189,91;Não informado
PC000798;13,0;41,02;Não informado
PC000799;63,0;927,29;Não informado
PC000800;30,0;885,52;Não informado
PC000802;20,0;44,31;Não informado
PC000803;83,0;312,4;Não informado
PC000804;8,0;475,09;Não informado
PC000805;30,0;1550,51;Não informado
PC000806;4,0;197,42;Não informado
PC000807;100,0;941,26;Não informado
PC000808;35,0;30,28;Não informado
PC000809;14,0;22,99;Não informado
PC000810;67,0;397,67;Não informado
PC000811;63,0;766,09;Não informado
PC000812;2,0;1223,85;Não informado
PC000813;13,0;1713,64;Não informado
PC000814;54,0;129,46;Não informado
PC000815;499,0;5073,32;Não informado
PC000817;3,0;73,56;Não informado
PC000818;52,0;56,12;Não informado
PC000819;5,0;267,09;Não informado
PC000820;105,0;1065,87;Não informado
PC000821;964,0;770,91;Não informado
PC000822;36,0;136,02;Não informado
PC000823;25,0;629,93;Não informado
PC000824;4,0;668,19;Não informado
PC000825;34,0;211,29;Não informado
PC000826;90,0;79,39;Não informado
PC000827;2,0;2671,45;Não informado
PC000828;8,0;1850,42;Não informado
PC000829;69,0;257,32;Não informado
PC000830;6,0;4415,99;Não informado
PC000831;3,0;945,45;Não informado
PC000832;12,0;516,79;Não informado
PC000833;47,0;4268,96;Não informado
PC000834;5,0;2975,04;Não informado
PC000835;3,0;245,57;Não informado
PC000836;28,0;2533,96;Não informado
PC000837;73,0;2400,01;Não informado
PC000838;6,0;215,89;Não informado
PC000839;8,0;5322,64;Não informado
PC000840;13,0;811,96;Não informado
PC000841;16,0;699,15;Não informado
PC000842;70,0;653,81;Não informado
PC000843;31,0;642,42;Não informado
PC000844;9,0;419,13;Não informado
PC000845;22,0;2482,56;Não informado
PC000846;10,0;62,34;Não informado
PC000847;26,0;498,75;Não informado
PC000848;1,0;113,11;Não informado
PC000849;10,0;856,42;Não informado
PC000850;30,0;63,54;Não informado
PC000851;40,0;400,27;Não informado
PC000852;5,0;2646,88;Não informado
PC000854;11,0;508,51;Não informado
PC000855;73,0;847,01;Não informado
PC000856;1,0;2588,81;Não informado
PC000857;4,0;3080,86;Não informado
PC000858;48,0;5580,14;Não informado
PC000859;10,0;567,48;Não informado
PC000860;6,0;46,92;Não informado
PC000861;6,0;320,15;Não informado
PC000862;6,0;84,83;Não informado
PC000863;39,0;666,4;Não informado
PC000864;1,0;551,39;Não informado
PC000865;29,0;28,29;Não informado
PC000866;0,0;252,67;Não informado
PC000867;16,0;394,55;Não informado
PC000868;2,0;724,81;Não informado
PC000869;3,0;1674,38;Não informado
PC000870;7,0;179,91;Não informado
PC000871;9,0;308,17;Não informado
PC000872;62,0;39,93;Não informado
PC000873;84,0;44,26;Não informado
PC000874;3,0;494,29;Não informado
PC000875;26,0;152,66;Não informado
PC000876;20,0;802,78;Não informado
PC000877;9,0;4318,66;Não informado
PC000878;44,0;973,44;Não informado
PC000879;213,0;6154,71;Não informado
PC000880;1,0;884,94;Não informado
PC000881;141,0;334,81;Não informado
PC000882;3,0;43,61;Não informado
PC000883;25,0;200,99;Não informado
PC000885;1,0;816,75;Não informado
PC000886;14,0;86,02;Não informado
PC000887;39,0;523,6;Não informado
PC000888;58,0;835,14;Não informado
PC000889;55,0;806,6;Não informado
PC000890;102,0;28,71;Não informado
PC000891;1,0;2390,98;Não informado
PC000892;1,0;2859,34;Não informado
PC000893;43,0;105,48;Não informado
PC000894;16,0;5158,83;Não informado
PC000895;8,0;414,18;Não informado
PC000896;142,0;196,36;Não informado
PC000897;7,0;3090,8;Não informado
PC000898;9,0;640,96;Não informado
PC000901;2,0;2580,59;Não informado
PC000902;10,0;756,56;Não informado
PC000903;19,0;4754,1;Não informado
PC000904;77,0;813,33;Não informado
PC000905;3,0;79,03;Não informado
PC000906;7,0;1271,01;Não informado
PC000907;10,0;862,87;Não informado
PC000908;12,0;137,66;Não informado
PC000909;1,0;1747,14;Não informado
PC000910;2,0;73,39;Não informado
PC000911;7,0;880,53;Não informado
PC000912;7,0;794,59;Não informado
PC000913;7,0;5696,49;Não informado
PC000914;4,0;894,75;Não informado
PC000915;2,0;579,37;Não informado
PC000916;2,0;1905,33;Não informado
PC000917;70,0;315,71;Não informado
PC000920;122,0;4709,95;Não informado
PC000921;120,0;3591,7;Não informado
PC000922;49,0;630,12;Não informado
PC000923;77,0;680,27;Não informado
PC000924;26,0;186,78;Não informado
PC000925;21,0;97,04;Não informado
PC000926;44,0;339,81;Não informado
PC000927;137,0;1847,29;Não informado
PC000930;1,0;282,15;Não informado
PC000931;3,0;1419,65;Não informado
PC000932;1,0;486,33;Não informado
PC000933;1,0;1173,91;Não informado
PC000934;28,0;540,67;Não informado
PC000935;18,0;589,55;Não informado
PC000936;32,0;118,9;Não informado
PC000938;150,0;128,92;Não informado
PC000939;21,0;311,36;Não informado
PC000940;39,0;783,88;Não informado
PC000941;5,0;799,42;Não informado
PC000942;3,0;1413,32;Não informado
PC000943;74,0;5989,82;Não informado
PC000944;23,0;560,83;Não informado
PC000945;45,0;422,04;Não informado
PC000946;2,0;102,35;Não informado
PC000947;9,0;261,16;Não informado
PC000948;25,0;3106,04;Não informado
PC000949;44,0;472,65;Não informado
PC000950;64,0;115,42;Não informado
PC000951;3,0;985,51;Não informado
PC000952;24,0;352,62;Não informado
PC000953;22,0;162,64;Não informado
PC000954;62,0;21,67;Não informado
PC000955;10,0;562,14;Não informado
PC000956;36,0;3181,53;Não informado
PC000957;1,0;235,64;Não informado
PC000958;60,0;2017,95;Não informado
PC000959;37,0;305,87;Não informado
PC000960;537,0;781,29;Não informado
PC000961;15,0;3511,47;Não informado
PC000962;15,0;1801,73;Não informado
PC000963;30,0;149,84;Não informado
PC000964;20,0;2093,3;Não informado
PC000965;73,0;375,22;Não informado
PC000966;37,0;1022,29;Não informado
PC000967;1,0;409,22;Não informado
PC000968;1,0;1207,8;Não informado
PC000969;15,0;732,49;Não informado
PC000970;0,0;918,29;Não informado
PC000971;12,0;432,4;Não informado
PC000972;74,0;52,05;Não informado
PC000973;4,0;6000,27;Não informado
PC000974;16,0;578,62;Não informado
PC000975;10,0;365,77;Não informado
PC000976;2,0;713,84;Não informado
PC000977;1,0;3350,58;Não informado
PC000978;22,0;488,32;Não informado
PC000979;29,0;1047,98;Não informado
PC000980;317,0;4488,57;Não informado
PC000981;148,0;399,44;Não informado
PC000982;9,0;844,63;Não informado
PC000983;63,0;1527,18;Não informado
PC000984;18,0;5212,13;Não informado
PC000985;3,0;4918,08;Não informado
PC000986;120,0;4042,08;Não informado
PC000987;1,0;704,3;Não informado
PC000988;13,0;343,07;Não informado
PC000989;2,0;290,93;Não informado
PC000990;7,0;856,21;Não informado
PC000991;223,0;669,07;Não informado
PC000992;2,0;375,2;Não informado
PC000993;12,0;43,95;Não informado
PC000994;5,0;805,56;Não informado
PC000995;21,0;1218,02;Não informado
PC000996;2,0;695,02;Não informado
PC000997;3,0;1293,03;Não informado
PC000998;13,0;554,16;Não informado
PC000999;5,0;744,32;Não informado
PC001000;6,0;18,75;Não informado
PC001001;2,0;68,27;Não informado
PC001002;11,0;144,3;Não informado
PC001003;40,0;863,16;Não informado
PC001004;46,0;573,95;Não informado
PC001005;139,0;2109,34;Não informado
PC001006;6,0;656,4;Não informado
PC001007;221,0;6689,17;Não informado
PC001008;4,0;294,04;Não informado
PC001009;5,0;235,67;Não informado
PC001010;27,0;110,88;Não informado
PC001011;41,0;60,61;Não informado
PC001012;10,0;6260,98;Não informado
PC001013;7,0;537,94;Não informado
PC001014;17,0;59,07;Não informado
PC001015;25,0;429,47;Não informado
PC001016;72,0;597,05;Não informado
PC001017;6,0;1060,4;Não informado
PC001018;438,0;41,15;Não informado
PC001019;7,0;1358,72;Não informado
PC001020;3,0;4816,8;Não informado
PC001021;14,0;175,25;Não informado
PC001022;3,0;3014,41;Não informado
PC001023;7,0;464,53;Não informado
PC001024;1,0;358,0;Não informado
PC001025;32,0;2895,92;Não informado
PC001026;4,0;752,79;Não informado
PC001027;10,0;193,93;Não informado
PC001028;29,0;2048,08;Não informado
PC001029;28,0;2303,6;Não informado
PC001030;314,0;541,6;Não informado
PC001031;5,0;1231,46;Não informado
PC001032;1,0;837,05;Não informado
PC001033;22,0;161,9;Não informado
PC001034;185,0;1449,62;Não informado
PC001035;31,0;856,66;Não informado
PC001036;5,0;373,15;Não informado
PC001037;16,0;3987,89;Não informado
PC001038;16,0;148,76;Não informado
PC001039;55,0;955,46;Não informado
PC001040;10,0;905,13;Não informado
PC001041;35,0;782,3;Não informado
PC001042;7,0;44,55;Não informado
PC001043;64,0;587,13;Não informado
PC001044;82,0;1300,38;Não informado
PC001045;1,0;696,53;Não informado
PC001046;3,0;523,86;Não informado
PC001047;61,0;2607,41;Não informado
PC001048;33,0;5244,85;Não informado
PC001049;4,0;4922,76;Não informado
PC001051;41,0;277,35;Não informado
PC001052;3,0;147,5;Não informado
PC001053;106,0;174,52;Não informado
PC001054;15,0;247,73;Não informado
PC001055;9,0;731,03;Não informado
PC001056;40,0;227,76;Não informado
PC001057;91,0;38,3;Não informado
PC001058;22,0;759,76;Não informado
PC001059;61,0;151,42;Não informado
PC001060;14,0;384,91;Não informado
PC001061;29,0;1938,23;Não informado
PC001062;32,0;713,94;Não informado
PC001065;51,0;77,19;Não informado
PC001066;35,0;581,95;Não informado
PC001067;38,0;875,3;Não informado
PC001068;20,0;820,97;Não informado
PC001069;1,0;4158,67;Não informado
PC001070;24,0;1987,9;Não informado
PC001071;48,0;5725,24;Não informado
PC001072;3,0;883,38;Não informado
PC001073;39,0;199,94;Não informado
PC001074;3,0;60,78;Não informado
PC001075;4,0;268,98;Não informado
PC001076;13,0;4712,79;Não informado
PC001077;62,0;530,58;Não informado
PC001078;2,0;296,38;Não informado
PC001079;106,0;654,74;Não informado
PC001080;2,0;696,96;Não informado
PC001081;29,0;372,05;Não informado
PC001082;26,0;20,86;Não informado
PC001083;37,0;1707,97;Não informado
PC001084;9,0;2182,96;Não informado
PC001085;20,0;251,44;Não informado
PC001086;40,0;1984,89;Não informado
PC001087;19,0;514,54;Não informado
PC001088;6,0;263,37;Não informado
PC001089;71,0;2049,14;Não informado
PC001090;5,0;2837,89;Não informado
PC001091;25,0;215,59;Não informado
PC001092;1,0;5871,86;Não informado
PC001093;37,0;1456,5;Não informado
PC001094;27,0;129,7;Não informado
PC001095;6,0;4419,41;Não informado
PC001096;35,0;1403,36;Não informado
PC001097;46,0;551,51;Não informado
PC001098;7,0;1363,91;Não informado
PC001099;2,0;323,04;Não informado
PC001100;11,0;271,93;Não informado
PC001101;1,0;482,4;Não informado
PC001102;10,0;622,73;Não informado
PC001103;38,0;881,76;Não informado
PC001104;63,0;962,56;Não informado
PC001105;13,0;3606,4;Não informado
PC001106;7,0;1438,18;Não informado
PC001107;5,0;443,33;Não informado
PC001108;9,0;539,25;Não informado
PC001109;7,0;306,14;Não informado
PC001110;5,0;236,13;Não informado
PC001111;6,0;2417,91;Não informado
PC001112;7,0;4910,95;Não informado
PC001113;17,0;3949,75;Não informado
PC001114;3,0;5623,76;Não informado
PC001115;721,0;550,19;Não informado
PC001116;3,0;176,49;Não informado
PC001117;8,0;100,86;Não informado
PC001118;85,0;337,59;Não informado
PC001119;202,0;950,25;Não informado
PC001120;11,0;629,18;Não informado
PC001121;15,0;33,53;Não informado
PC001122;0,0;776,1;Não informado
PC001123;106,0;917,01;Não informado
PC001124;5,0;623,87;Não informado
PC001125;50,0;2119,26;Não informado
PC001126;24,0;626,12;Não informado
PC001127;62,0;1107,84;Não informado
PC001128;4,0;70,21;Não informado
PC001129;8,0;92,68;Não informado
PC001130;1,0;641,48;Não informado
PC001131;7,0;788,15;Não informado
PC001132;5,0;692,02;Não informado
PC001133;19,0;2677,23;Não informado
PC001134;12,0;1167,82;Não informado
PC001135;0,0;2744,12;Não informado
PC001136;101,0;837,87;Não informado
PC001138;2,0;104,6;Não informado
PC001139;23,0;231,26;Não informado
PC001140;4,0;8813,6;Não informado
PC001141;225,0;766,57;Não informado
PC001142;9,0;412,49;Não informado
PC001143;8,0;473,9;Não informado
PC001144;43,0;321,37;Não informado
PC001145;1,0;729,42;Não informado
PC001146;1,0;62,52;Não informado
PC001147;8,0;2098,96;Não informado
PC001148;19,0;1888,25;Não informado
PC001149;35,0;87,18;Não informado
PC001150;113,0;323,65;Não informado
PC001151;6,0;434,82;Não informado
PC001152;2,0;651,93;Não informado
PC001153;99,0;3855,71;Não informado
PC001154;37,0;2636,24;Não informado
PC001155;1,0;168,89;Não informado
PC001156;33,0;1502,31;Não informado
PC001157;3,0;1824,19;Não informado
PC001159;102,0;440,15;Não informado
PC001160;5,0;1462,02;Não informado
PC001161;7,0;708,31;Não informado
PC001162;84,0;1288,47;Não informado
PC001163;4,0;907,6;Não informado
PC001165;30,0;3054,57;Não informado
PC001166;47,0;837,8;Não informado
PC001167;10,0;841,09;Não informado
PC001168;3,0;517,95;Não informado
PC001169;45,0;3521,98;Não informado
PC001170;2,0;110,96;Não informado
PC001171;4,0;242,61;Não informado
PC001172;34,0;3446,81;Não informado
PC001173;282,0;700,94;Não informado
PC001174;207,0;886,04;Não informado
PC001175;201,0;1089,95;Não informado
PC001176;23,0;3908,96;Não informado
PC001177;9,0;1827,25;Não informado
PC001178;85,0;1688,46;Não informado
PC001179;62,0;1096,76;Não informado
PC001180;30,0;278,95;Não informado
PC001181;4,0;291,98;Não informado
PC001182;5,0;394,91;Não informado
PC001184;74,0;428,71;Não informado
PC001185;45,0;39,5;Não informado
PC001186;1,0;466,66;Não informado
PC001187;22,0;201,92;Não informado
PC001188;35,0;475,05;Não informado
PC001189;29,0;632,98;Não informado
PC001190;43,0;834,94;Não informado
PC001191;12,0;188,77;Não informado
PC001192;32,0;33,52;Não informado
PC001193;13,0;92,64;Não informado
PC001194;3,0;278,12;Não informado
PC001195;34,0;1401,74;Não informado
PC001197;19,0;5728,55;Não informado
PC001198;43,0;1235,63;Não informado
PC001199;6,0;2932,62;Não informado
PC001200;15,0;462,92;Não informado
PC001201;2,0;262,07;Não informado
PC001202;10,0;123,51;Não informado
PC001203;30,0;407,75;Não informado
PC001204;8,0;2022,64;Não informado
PC001205;52,0;897,12;Não informado
PC001206;9,0;293,69;Não informado
PC001207;8,0;1252,68;Não informado
PC001208;1,0;489,34;Não informado
PC001209;3,0;1039,44;Não informado
PC001210;18,0;93,56;Não informado
PC001211;46,0;1724,14;Não informado
PC001212;44,0;1490,56;Não informado
PC001213;2,0;345,51;Não informado
PC001214;31,0;2984,88;Não informado
PC001215;49,0;1093,17;Não informado
PC001216;43,0;622,59;Não informado
PC001217;1,0;2037,59;Não informado
PC001218;8,0;1244,3;Não informado
PC001219;29,0;199,03;Não informado
PC001220;3,0;7825,41;Não informado
PC001221;3,0;800,9;Não informado
PC001222;111,0;571,02;Não informado
PC001223;15,0;4677,36;Não informado
PC001224;4,0;1266,78;Não informado
PC001225;3,0;686,42;Não informado
PC001226;10,0;1055,09;Não informado
PC001227;134,0;236,64;Não informado
PC001228;4,0;292,34;Não informado
PC001229;37,0;5514,91;Não informado
PC001230;1,0;433,2;Não informado
PC001231;10,0;1148,29;Não informado
PC001232;7,0;230,29;Não informado
PC001233;3,0;2214,26;Não informado
PC001234;5,0;862,12;Não informado
PC001235;6,0;579,56;Não informado
PC001236;57,0;1257,04;Não informado
PC001237;13,0;203,9;Não informado
PC001238;151,0;947,05;Não informado
PC001240;2,0;7948,83;Não informado
PC001241;51,0;5198,95;Não informado
PC001242;1,0;459,44;Não informado
PC001243;5,0;281,75;Não informado
PC001244;30,0;250,75;Não informado
PC001245;26,0;332,24;Não informado
PC001246;9,0;319,35;Não informado
PC001247;2,0;154,92;Não informado
PC001248;12,0;568,61;Não informado
PC001249;1,0;80,5;Não informado
PC001250;6,0;395,99;Não informado
PC001251;7,0;1169,35;Não informado
PC001252;5,0;867,15;Não informado
PC001253;9,0;1260,25;Não informado
PC001254;11,0;291,76;Não informado
PC001255;14,0;523,61;Não informado
PC001256;2,0;70,31;Não informado
PC001257;4,0;17,9;Não informado
PC001258;24,0;747,0;Não informado
PC001259;73,0;461,52;Não informado
PC001260;1,0;260,98;Não informado
PC001261;3,0;2318,45;Não informado
PC001262;33,0;1070,57;Não informado
PC001263;11,0;2019,33;Não informado
PC001266;3,0;78,66;Não informado
PC001267;2,0;197,32;Não informado
PC001268;201,0;1126,64;Não informado
PC001269;6,0;213,44;Não informado
PC001270;9,0;75,33;Não informado
PC001272;4,0;846,73;Não informado
PC001273;4,0;627,9;Não informado
PC001274;729,0;67,37;Não informado
PC001275;28,0;605,7;Não informado
PC001276;15,0;6088,72;Não informado
PC001277;3,0;135,37;Não informado
PC001278;23,0;3573,29;Não informado
PC001279;79,0;995,97;Não informado
PC001280;9,0;145,52;Não informado
PC001281;33,0;3569,48;Não informado
PC001282;25,0;4925,79;Não informado
PC001283;26,0;296,01;Não informado
PC001284;8,0;5085,51;Não informado
PC001285;68,0;1400,73;Não informado
PC001286;27,0;359,77;Não informado
PC001287;26,0;5878,55;Não informado
PC001288;17,0;1702,71;Não informado
PC001289;13,0;66,33;Não informado
PC001290;2,0;1030,21;Não informado
PC001291;23,0;353,07;Não informado
PC001292;67,0;391,31;Não informado
PC001293;22,0;2239,76;Não informado
PC001294;322,0;1482,28;Não informado
PC001296;11,0;1341,92;Não informado
PC001297;1,0;4247,92;Não informado
PC001298;5,0;570,32;Não informado
PC001299;1,0;479,83;Não informado
PC001300;46,0;2522,33;Não informado
PC001301;18,0;636,98;Não informado
PC001302;4,0;802,83;Não informado
PC001303;7,0;693,35;Não informado
PC001304;67,0;6655,2;Não informado
PC001305;33,0;2464,76;Não informado
PC001306;3,0;5356,47;Não informado
PC001307;5,0;350,88;Não informado
PC001308;9,0;158,49;Não informado
PC001309;13,0;59,32;Não informado
PC001310;12,0;577,93;Não informado
PC001311;48,0;1479,76;Não informado
PC001312;50,0;675,68;Não informado
PC001314;148,0;675,28;Não informado
PC001315;5,0;1006,28;Não informado
PC001316;12,0;727,37;Não informado
PC001317;3,0;1030,14;Não informado
PC001318;18,0;364,13;Não informado
PC001319;1,0;856,81;Não informado
PC001320;4,0;67,68;Não informado
PC001322;26,0;969,9;Não informado
PC001323;9,0;1745,27;Não informado
PC001324;33,0;269,4;Não informado
PC001325;4,0;1286,7;Não informado
PC001326;24,0;2054,77;Não informado
PC001327;25,0;2221,56;Não informado
PC001328;40,0;325,87;Não informado
PC001329;10,0;289,34;Não informado
PC001330;4,0;65,19;Não informado
PC001331;10,0;254,35;Não informado
PC001332;52,0;3833,53;Não informado
PC001333;1,0;766,51;Não informado
PC001334;3,0;209,88;Não informado
PC001335;2,0;313,53;Não informado
PC001336;3,0;844,07;Não informado
PC001337;43,0;604,32;Não informado
PC001338;6,0;67,07;Não informado
PC001339;15,0;2164,42;Não informado
PC001340;95,0;7620,08;Não informado
PC001341;11,0;328,86;Não informado
PC001342;3,0;3106,64;Não informado
PC001343;37,0;307,71;Não informado
PC001344;3,0;418,77;Não informado
PC001345;77,0;2812,04;Não informado
PC001346;5,0;3511,53;Não informado
PC001347;22,0;276,63;Não informado
PC001348;58,0;7426,27;Não informado
PC001349;8,0;1306,16;Não informado
PC001350;16,0;311,54;Não informado
PC001351;67,0;665,86;Não informado
PC001352;99,0;1340,04;Não informado
PC001353;3,0;166,26;Não informado
PC001354;7,0;1159,06;Não informado
PC001355;0,0;133,87;Não informado
PC001356;8,0;79,38;Não informado
PC001357;28,0;5606,05;Não informado
PC001358;2,0;1445,27;Não informado
PC001359;1,0;1007,13;Não informado
PC001360;17,0;89,47;Não informado
PC001361;212,0;349,07;Não informado
PC001362;2,0;609,63;Não informado
PC001363;1,0;303,36;Não informado
PC001364;173,0;1459,87;Não informado
PC001365;1,0;372,1;Não informado
PC001366;35,0;1086,76;Não informado
PC001367;3,0;1164,85;Não informado
PC001368;3,0;6508,84;Não informado
PC001369;23,0;588,56;Não informado
PC001370;11,0;385,18;Não informado
PC001371;20,0;459,63;Não informado
PC001372;51,0;109,95;Não informado
PC001373;2,0;214,5;Não informado
PC001374;12,0;1129,44;Não informado
PC001376;25,0;250,99;Não informado
PC001377;12,0;59,81;Não informado
PC001378;4,0;358,33;Não informado
PC001379;1,0;1089,7;Não informado
PC001380;8,0;135,89;Não informado
PC001381;2,0;1155,56;Não informado
PC001383;6,0;112,58;Não informado
PC001384;9,0;14,55;Não informado
PC001385;19,0;35,98;Não informado
PC001386;160,0;750,4;Não informado
PC001387;6,0;919,65;Não informado
PC001388;7,0;178,38;Não informado
PC001389;85,0;5068,46;Não informado
PC001390;59,0;163,7;Não informado
PC001391;51,0;2169,13;Não informado
PC001392;164,0;770,69;Não informado
PC001393;17,0;253,81;Não informado
PC001394;11,0;50,05;Não informado
PC001395;6,0;262,48;Não informado
PC001396;16,0;3552,65;Não informado
PC001397;19,0;808,72;Não informado
PC001398;6,0;259,45;Não informado
PC001399;3,0;1179,37;Não informado
PC001400;5,0;1169,28;Não informado
PC001401;42,0;548,1;Não informado
PC001403;19,0;536,95;Não informado
PC001404;2,0;4769,65;Não informado
PC001405;26,0;219,86;Não informado
PC001406;23,0;1900,89;Não informado
PC001407;4,0;343,58;Não informado
PC001408;6,0;289,96;Não informado
PC001409;8,0;328,05;Não informado
PC001410;31,0;2636,78;Não informado
PC001411;30,0;68,05;Não informado
PC001412;7,0;7530,52;Não informado
PC001413;1,0;530,97;Não informado
PC001414;32,0;999,72;Não informado
PC001415;62,0;3321,42;Não informado
PC001416;1,0;986,93;Não informado
PC001418;2,0;1328,0;Não informado
PC001419;4,0;110,6;Não informado
PC001420;30,0;280,39;Não informado
PC001421;10,0;291,92;Não informado
PC001422;7,0;497,15;Não informado
PC001423;8,0;370,96;Não informado
PC001424;4,0;1171,94;Não informado
PC001425;6,0;765,21;Não informado
PC001426;18,0;190,97;Não informado
PC001427;51,0;114,65;Não informado
PC001428;5,0;459,37;Não informado
PC001429;12,0;884,35;Não informado
PC001430;690,0;924,03;Não informado
PC001431;3,0;867,63;Não informado
PC001432;107,0;7002,39;Não informado
PC001433;86,0;3619,07;Não informado
PC001434;7,0;2022,26;Não informado
PC001435;5,0;1009,2;Não informado
PC001436;31,0;200,23;Não informado
PC001437;60,0;216,85;Não informado
PC001438;3,0;1206,75;Não informado
PC001439;36,0;1221,82;Não informado
PC001441;35,0;25,29;Não informado
PC001442;10,0;804,96;Não informado
PC001443;4,0;760,74;Não informado
PC001444;9,0;836,58;Não informado
PC001445;95,0;1705,48;Não informado
PC001446;53,0;719,5;Não informado
PC001447;14,0;606,26;Não informado
PC001448;16,0;92,26;Não informado
PC001449;1,0;106,7;Não informado
PC001450;384,0;603,24;Não informado
PC001451;2,0;1107,99;Não informado
PC001452;2,0;1185,65;Não informado
PC001453;2,0;5321,73;Não informado
PC001454;11,0;1600,62;Não informado
PC001455;92,0;3346,82;Não informado
PC001456;9,0;507,93;Não informado
PC001457;6,0;93,51;Não informado
PC001458;70,0;65,88;Não informado
PC001459;63,0;152,96;Não informado
PC001460;75,0;7421,09;Não informado
PC001461;61,0;870,33;Não informado
PC001462;3,0;154,67;Não informado
PC001463;23,0;709,22;Não informado
PC001464;197,0;467,66;Não informado
PC001465;37,0;280,16;Não informado
PC001466;6,0;27,37;Não informado
PC001467;47,0;456,63;Não informado
PC001468;2,0;4510,36;Não informado
PC001469;9,0;205,83;Não informado
PC001470;2,0;5161,53;Não informado
PC001471;185,0;304,35;Não informado
PC001472;34,0;541,07;Não informado
PC001473;30,0;6454,34;Não informado
PC001474;1,0;2458,85;Não informado
PC001475;10,0;316,46;Não informado
PC001476;26,0;6871,87;Não informado
PC001477;10,0;1855,19;Não informado
PC001478;43,0;984,45;Não informado
PC001479;72,0;4744,06;Não informado
PC001480;13,0;398,41;Não informado
PC001481;74,0;528,89;Não informado
PC001482;8,0;1463,84;Não informado
PC001483;73,0;285,58;Não informado
PC001484;49,0;301,12;Não informado
PC001485;21,0;4195,44;Não informado
PC001486;11,0;429,29;Não informado
PC001487;1,0;476,78;Não informado
PC001488;12,0;1103,85;Não informado
PC001489;95,0;1093,49;Não informado
PC001490;11,0;396,11;Não informado
PC001491;17,0;514,64;Não informado
PC001492;74,0;2127,86;Não informado
PC001493;9,0;544,33;Não informado
PC001494;60,0;865,25;Não informado
PC001495;8,0;2879,29;Não informado
PC001496;23,0;8308,55;Não informado
PC001497;4,0;1589,41;Não informado
PC001498;53,0;3281,74;Não informado
PC001499;46,0;1080,94;Não informado
PC001500;156,0;297,42;Não informado
PC001501;19,0;282,82;Não informado
PC001502;45,0;1250,38;Não informado
PC001503;14,0;1102,9;Não informado
PC001504;79,0;437,01;Não informado
PC001505;4,0;112,76;Não informado
PC001506;10,0;46,51;Não informado
PC001507;15,0;969,13;Não informado
PC001508;15,0;444,67;Não informado
PC001509;26,0;1341,38;Não informado
PC001510;3,0;897,6;Não informado
PC001511;18,0;633,14;Não informado
PC001512;47,0;55,41;Não informado
PC001513;22,0;70,43;Não informado
PC001514;16,0;897,22;Não informado
PC001515;20,0;1023,31;Não informado
PC001516;56,0;313,32;Não informado
PC001517;5,0;1045,91;Não informado
PC001518;58,0;1177,45;Não informado
PC001519;2,0;7740,29;Não informado
PC001520;16,0;704,76;Não informado
PC001521;28,0;151,18;Não informado
PC001522;7,0;74,94;Não informado
PC001523;56,0;331,09;Não informado
PC001524;8,0;2968,85;Não informado
PC001525;1,0;158,41;Não informado
PC001527;8,0;934,57;Não informado
PC001528;10,0;1181,14;Não informado
PC001529;7,0;207,56;Não informado
PC001530;35,0;81,9;Não informado
PC001531;78,0;1036,94;Não informado
PC001532;9,0;7832,89;Não informado
PC001533;6,0;116,89;Não informado
PC001534;0,0;442,73;Não informado
PC001535;10,0;161,17;Não informado
PC001536;0,0;555,0;Não informado
PC001537;10,0;1520,79;Não informado
PC001538;1,0;1245,68;Não informado
PC001539;5,0;56,71;Não informado
PC001540;20,0;885,8;Não informado
PC001541;14,0;1057,99;Não informado
PC001542;20,0;716,67;Não informado
PC001543;1,0;6453,11;Não informado
PC001544;306,0;208,48;Não informado
PC001545;3,0;610,74;Não informado
PC001546;1,0;1538,98;Não informado
PC001547;0,0;195,62;Não informado
PC001548;7,0;115,84;Não informado
PC001549;116,0;390,16;Não informado
PC001550;177,0;1205,66;Não informado
PC001551;247,0;974,04;Não informado
PC001552;1,0;592,71;Não informado
PC001553;3,0;3290,88;Não informado
PC001554;86,0;1138,97;Não informado
PC001556;59,0;1580,25;Não informado
PC001557;20,0;726,84;Não informado
PC001558;42,0;574,02;Não informado
PC001559;12,0;2429,78;Não informado
PC001560;11,0;1921,22;Não informado
PC001561;43,0;5154,05;Não informado
PC001562;47,0;469,53;Não informado
PC001563;102,0;1255,6;Não informado
PC001564;13,0;227,26;Não informado
PC001565;36,0;61,38;Não informado
PC001566;44,0;786,86;Não informado
PC001567;2,0;2015,14;Não informado
PC001569;18,0;51,56;Não informado
PC001570;12,0;436,7;Não informado
PC001571;23,0;1236,2;Não informado
PC001572;11,0;962,91;Não informado
PC001574;11,0;622,89;Não informado
PC001575;6,0;294,1;Não informado
PC001576;62,0;91,66;Não informado
PC001577;11,0;77,46;Não informado
PC001578;5,0;570,69;Não informado
PC001579;2,0;622,21;Não informado
PC001580;45,0;909,18;Não informado
PC001581;3,0;902,54;Não informado
PC001582;46,0;799,69;Não informado
PC001583;14,0;5888,73;Não informado
PC001584;16,0;1123,9;Não informado
PC001585;10,0;146,55;Não informado
PC001586;5,0;70,67;Não informado
PC001587;245,0;89,81;Não informado
PC001589;3,0;912,48;Não informado
PC001590;11,0;57,68;Não informado
PC001592;1,0;297,76;Não informado
PC001593;16,0;134,45;Não informado
PC001594;1,0;39,81;Não informado
PC001595;35,0;872,89;Não informado
PC001596;42,0;5108,75;Não informado
PC001597;37,0;197,47;Não informado
PC001598;63,0;2084,07;Não informado
PC001599;7,0;839,69;Não informado
PC001600;84,0;854,5;Não informado
PC001601;9,0;578,46;Não informado
PC001602;101,0;528,13;Não informado
PC001603;169,0;131,08;Não informado
PC001604;80,0;3858,16;Não informado
PC001605;24,0;2420,81;Não informado
PC001606;0,0;69,69;Não informado
PC001607;34,0;4119,23;Não informado
PC001608;9,0;1159,19;Não informado
PC001609;16,0;98,58;Não informado
PC001610;17,0;875,19;Não informado
PC001611;43,0;140,84;Não informado
PC001612;55,0;261,09;Não informado
PC001614;17,0;683,9;Não informado
PC001615;2,0;641,06;Não informado
PC001616;19,0;1164,97;Não informado
PC001617;219,0;1092,17;Não informado
PC001618;4,0;158,05;Não informado
PC001619;3,0;54,62;Não informado
PC001620;6,0;3692,28;Não informado
PC001621;28,0;613,68;Não informado
PC001622;17,0;1060,58;Não informado
PC001623;6,0;767,77;Não informado
PC001624;497,0;5427,12;Não informado
PC001625;22,0;2024,22;Não informado
PC001626;6,0;2673,4;Não informado
PC001627;6,0;608,11;Não informado
PC001628;31,0;385,17;Não informado
PC001629;11,0;169,03;Não informado
PC001630;1,0;232,43;Não informado
PC001631;56,0;305,32;Não informado
PC001632;28,0;295,93;Não informado
PC001633;10,0;100,94;Não informado
PC001634;2,0;760,75;Não informado
PC001635;27,0;201,59;Não informado
PC001636;6,0;1113,29;Não informado
PC001637;18,0;2248,6;Não informado
PC001638;8,0;63,12;Não informado
PC001639;8,0;852,61;Não informado
PC001640;15,0;84,41;Não informado
PC001641;92,0;72,16;Não informado
PC001642;28,0;61,31;Não informado
PC001643;61,0;322,22;Não informado
PC001645;3,0;3028,93;Não informado
PC001646;8,0;672,83;Não informado
PC001647;35,0;8364,07;Não informado
PC001648;21,0;1052,65;Não informado
PC001649;8,0;82,82;Não informado
PC001650;252,0;55,27;Não informado
PC001651;159,0;196,45;Não informado
PC001652;6,0;2188,12;Não informado
PC001653;10,0;866,19;Não informado
PC001654;13,0;171,74;Não informado
PC001655;635,0;262,72;Não informado
PC001656;5,0;123,0;Não informado
PC001657;5,0;611,99;Não informado
PC001658;2,0;18,14;Não informado
PC001659;32,0;1864,56;Não informado
PC001660;1,0;4840,14;Não informado
PC001661;1,0;170,14;Não informado
PC001662;32,0;3144,13;Não informado
PC001663;3,0;1196,38;Não informado
PC001664;11,0;461,19;Não informado
PC001665;4,0;1980,04;Não informado
PC001666;9,0;2660,6;Não informado
PC001667;38,0;172,67;Não informado
PC001668;2,0;3524,16;Não informado
PC001669;3,0;832,65;Não informado
PC001670;9,0;232,66;Não informado
PC001671;12,0;1081,67;Não informado
PC001672;41,0;1371,43;Não informado
PC001673;10,0;68,92;Não informado
PC001674;30,0;1339,16;Não informado
PC001675;26,0;1031,35;Não informado
PC001676;26,0;227,87;Não informado
PC001677;320,0;5072,11;Não informado
PC001678;11,0;1011,29;Não informado
PC001679;30,0;833,21;Não informado
PC001680;2,0;125,94;Não informado
PC001681;19,0;2855,31;Não informado
PC001682;2,0;92,64;Não informado
PC001683;13,0;71,93;Não informado
PC001684;8,0;1498,83;Não informado
PC001685;106,0;235,9;Não informado
PC001686;10,0;657,66;Não informado
PC001687;2,0;1296,98;Não informado
PC001688;1,0;2522,59;Não informado
PC001689;115,0;2538,19;Não informado
PC001690;11,0;350,48;Não informado
PC001691;9,0;504,94;Não informado
PC001692;21,0;362,53;Não informado
PC001693;38,0;197,16;Não informado
PC001694;26,0;769,95;Não informado
PC001695;15,0;236,42;Não informado
PC001696;58,0;412,3;Não informado
PC001698;18,0;183,25;Não informado
PC001699;65,0;1568,01;Não informado
PC001700;10,0;1180,58;Não informado
PC001701;10,0;1046,04;Não informado
PC001702;3,0;810,9;Não informado
PC001703;23,0;285,27;Não informado
PC001704;20,0;74,35;Não informado
PC001705;14,0;25,1;Não informado
PC001706;7,0;606,64;Não informado
PC001707;17,0;1472,72;Não informado
PC001708;35,0;287,69;Não informado
PC001709;273,0;5836,68;Não informado
PC001710;4,0;1648,54;Não informado
PC001711;3,0;2562,69;Não informado
PC001712;140,0;692,69;Não informado
PC001713;46,0;244,8;Não informado
PC001714;2,0;64,72;Não informado
PC001715;7,0;201,5;Não informado
PC001716;241,0;1068,07;Não informado
PC001717;6,0;294,53;Não informado
PC001718;6,0;114,75;Não informado
PC001719;9,0;262,03;Não informado
PC001720;172,0;412,17;Não informado
PC001721;20,0;798,65;Não informado
PC001722;232,0;22,48;Não informado
PC001723;29,0;2138,5;Não informado
PC001724;14,0;8540,95;Não informado
PC001725;4,0;338,47;Não informado
PC001726;195,0;3030,51;Não informado
PC001727;3,0;222,07;Não informado
PC001728;42,0;360,32;Não informado
PC001729;8,0;5410,78;Não informado
PC001730;7,0;290,53;Não informado
PC001731;9,0;327,7;Não informado
PC001732;23,0;1968,52;Não informado
PC001733;63,0;1394,54;Não informado
PC001734;27,0;495,38;Não informado
PC001735;1,0;757,53;Não informado
PC001736;39,0;728,39;Não informado
PC001737;12,0;143,13;Não informado
PC001738;13,0;966,91;Não informado
PC001739;13,0;831,59;Não informado
PC001740;38,0;131,8;Não informado
PC001741;50,0;7233,64;Não informado
PC001742;4,0;35,31;Não informado
PC001743;21,0;99,39;Não informado
PC001744;26,0;434,22;Não informado
PC001745;3,0;443,72;Não informado
PC001746;6,0;1130,12;Não informado
PC001747;6,0;503,88;Não informado
PC001748;26,0;3329,26;Não informado
PC001749;27,0;475,93;Não informado
PC001750;8,0;318,14;Não informado
PC001751;1,0;3200,23;Não informado
PC001752;64,0;3842,6;Não informado
PC001753;3,0;1651,16;Não informado
PC001754;1,0;1057,88;Não informado
PC001755;7,0;918,41;Não informado
PC001756;34,0;220,29;Não informado
PC001757;1,0;359,5;Não informado
PC001758;2,0;48,36;Não informado
PC001759;1,0;254,66;Não informado
PC001760;41,0;395,83;Não informado
PC001761;11,0;71,99;Não informado
PC001762;56,0;122,37;Não informado
PC001763;7,0;759,72;Não informado
PC001764;36,0;336,58;Não informado
PC001765;3,0;2787,17;Não informado
PC001766;6,0;319,28;Não informado
PC001767;14,0;741,35;Não informado
PC001768;135,0;87,3;Não informado
PC001769;4,0;31,9;Não informado
PC001770;14,0;567,5;Não informado
PC001772;10,0;575,03;Não informado
PC001773;4,0;3090,58;Não informado
PC001774;3,0;734,6;Não informado
PC001775;9,0;1798,94;Não informado
PC001776;1,0;547,28;Não informado
PC001777;10,0;198,0;Não informado
PC001778;1,0;78,03;Não informado
PC001779;19,0;280,62;Não informado
PC001780;13,0;3112,77;Não informado
PC001781;42,0;806,68;Não informado
PC001782;16,0;331,31;Não informado
PC001783;18,0;1140,88;Não informado
PC001784;30,0;796,06;Não informado
PC001785;1,0;211,59;Não informado
PC001786;5,0;55,26;Não informado
PC001787;0,0;815,19;Não informado
PC001788;2,0;2586,56;Não informado
PC001789;50,0;237,82;Não informado
PC001790;11,0;4484,21;Não informado
PC001791;15,0;358,75;Não informado
PC001792;23,0;622,26;Não informado
PC001793;2,0;3836,66;Não informado
PC001794;8,0;2138,72;Não informado
PC001795;63,0;281,79;Não informado
PC001796;2,0;4179,87;Não informado
PC001797;15,0;727,54;Não informado
PC001798;5,0;577,49;Não informado
PC001799;21,0;1853,23;Não informado
PC001800;58,0;593,99;Não informado
PC001801;8,0;272,96;Não informado
PC001803;8,0;367,57;Não informado
PC001804;41,0;383,47;Não informado
PC001805;46,0;1976,12;Não informado
PC001806;5,0;944,5;Não informado
PC001807;2,0;858,96;Não informado
PC001808;10,0;1026,57;Não informado
PC001809;1,0;5301,21;Não informado
PC001810;10,0;1004,19;Não informado
PC001811;83,0;707,64;Não informado
PC001812;1,0;1122,37;Não informado
PC001813;2,0;573,05;Não informado
PC001814;33,0;234,98;Não informado
PC001815;130,0;2750,39;Não informado
PC001816;24,0;4690,1;Não informado
PC001817;23,0;2121,98;Não informado
PC001818;11,0;2718,9;Não informado
PC001819;1,0;344,1;Não informado
PC001820;6,0;162,96;Não informado
PC001821;29,0;59,84;Não informado
PC001822;2,0;827,55;Não informado
PC001823;5,0;272,77;Não informado
PC001824;20,0;611,4;Não informado
PC001825;9,0;19,63;Não informado
PC001826;4,0;657,12;Não informado
PC001827;24,0;1170,21;Não informado
PC001828;7,0;502,57;Não informado
PC001829;34,0;2688,03;Não informado
PC001830;3,0;636,41;Não informado
PC001831;50,0;958,5;Não informado
PC001832;2,0;38,1;Não informado
PC001834;11,0;102,59;Não informado
PC001835;4,0;1193,06;Não informado
PC001836;6,0;464,14;Não informado
PC001837;39,0;3801,94;Não informado
PC001838;167,0;180,64;Não informado
PC001840;2,0;568,32;Não informado
PC001841;2,0;182,42;Não informado
PC001842;47,0;55,72;Não informado
PC001843;6,0;250,05;Não informado
PC001844;82,0;7199,99;Não informado
PC001845;2,0;560,82;Não informado
PC001846;105,0;203,06;Não informado
PC001847;10,0;849,69;Não informado
PC001848;65,0;591,84;Não informado
PC001849;34,0;1144,14;Não informado
PC001850;4,0;37,44;Não informado
PC001851;2,0;2661,74;Não informado
PC001852;7,0;1678,21;Não informado
PC001853;14,0;378,11;Não informado
PC001854;20,0;3103,16;Não informado
PC001855;0,0;570,79;Não informado
PC001856;1,0;912,13;Não informado
PC001857;10,0;2967,22;Não informado
PC001858;2,0;6300,89;Não informado
PC001859;0,0;383,74;Não informado
PC001860;7,0;6714,75;Não informado
PC001861;21,0;2441,3;Não informado
PC001862;3,0;549,29;Não informado
PC001863;13,0;1659,57;Não informado
PC001864;2,0;1566,51;Não informado
PC001865;23,0;122,41;Não informado
PC001866;255,0;293,1;Não informado
PC001867;27,0;574,21;Não informado
PC001868;23,0;249,85;Não informado
PC001869;8,0;536,58;Não informado
PC001870;39,0;1350,08;Não informado
PC001871;4,0;1416,04;Não informado
PC001872;11,0;344,11;Não informado
PC001873;1,0;3021,96;Não informado
PC001874;2,0;945,54;Não informado
PC001875;4,0;381,58;Não informado
PC001876;51,0;1597,78;Não informado
PC001877;1,0;306,71;Não informado
PC001878;3,0;756,12;Não informado
PC001879;3,0;2103,6;Não informado
PC001880;53,0;4523,68;Não informado
PC001881;4,0;7724,77;Não informado
PC001882;48,0;322,91;Não informado
PC001883;29,0;840,03;Não informado
PC001884;3,0;407,92;Não informado
PC001885;88,0;281,56;Não informado
PC001886;13,0;656,75;Não informado
PC001887;10,0;313,56;Não informado
PC001888;18,0;137,95;Não informado
PC001889;12,0;40,9;Não informado
PC001890;405,0;506,83;Não informado
PC001891;1,0;1548,68;Não informado
PC001892;523,0;335,03;Não informado
PC001893;29,0;1557,46;Não informado
PC001894;2,0;891,36;Não informado
PC001895;121,0;415,39;Não informado
PC001896;25,0;44,95;Não informado
PC001897;2,0;22,98;Não informado
PC001898;55,0;801,97;Não informado
PC001899;1,0;1160,82;Não informado
PC001901;2,0;1077,16;Não informado
PC001902;7,0;480,79;Não informado
PC001903;3,0;5183,47;Não informado
PC001904;8,0;997,61;Não informado
PC001905;9,0;56,27;Não informado
PC001906;96,0;48,49;Não informado
PC001907;1,0;176,68;Não informado
PC001908;2,0;5302,41;Não informado
PC001909;1,0;972,72;Não informado
PC001910;28,0;329,91;Não informado
PC001911;4,0;1168,3;Não informado
PC001912;90,0;219,87;Não informado
PC001913;3,0;498,54;Não informado
PC001914;27,0;86,83;Não informado
PC001915;7,0;1198,86;Não informado
PC001916;11,0;1348,31;Não informado
PC001917;61,0;84,11;Não informado
PC001918;44,0;1095,64;Não informado
PC001919;80,0;878,13;Não informado
PC001920;15,0;366,37;Não informado
PC001921;3,0;5006,61;Não informado
PC001922;36,0;615,42;Não informado
PC001923;2,0;140,81;Não informado
PC001924;121,0;1934,48;Não informado
PC001925;18,0;1942,38;Não informado
PC001926;13,0;466,39;Não informado
PC001927;7,0;564,4;Não informado
PC001928;1,0;576,38;Não informado
PC001930;24,0;362,4;Não informado
PC001931;35,0;825,59;Não informado
PC001932;48,0;418,55;Não informado
PC001933;6,0;6675,04;Não informado
PC001934;46,0;113,01;Não informado
PC001935;113,0;632,71;Não informado
PC001937;5,0;2155,07;Não informado
PC001938;37,0;918,68;Não informado
PC001939;2,0;753,15;Não informado
PC001940;2,0;5005,62;Não informado
PC001941;37,0;856,24;Não informado
PC001942;35,0;705,58;Não informado
PC001943;4,0;1403,19;Não informado
PC001944;4,0;2299,57;Não informado
PC001945;3,0;1970,78;Não informado
PC001946;2,0;2784,83;Não informado
PC001947;1,0;554,16;Não informado
PC001948;126,0;374,95;Não informado
PC001949;1,0;146,09;Não informado
PC001950;22,0;349,98;Não informado
PC001951;56,0;1264,92;Não informado
PC001952;15,0;180,41;Não informado
PC001953;6,0;36,52;Não informado
PC001954;6,0;505,58;Não informado
PC001955;79,0;525,71;Não informado
PC001956;3,0;977,49;Não informado
PC001957;19,0;559,61;Não informado
PC001958;0,0;841,42;Não informado
PC001959;10,0;698,68;Não informado
PC001961;278,0;18,29;Não informado
PC001962;31,0;119,05;Não informado
PC001963;19,0;1667,0;Não informado
PC001964;12,0;656,82;Não informado
PC001965;13,0;3758,26;Não informado
PC001966;49,0;1036,84;Não informado
PC001968;12,0;852,81;Não informado
PC001969;57,0;190,17;Não informado
PC001970;10,0;56,7;Não informado
PC001971;14,0;196,81;Não informado
PC001972;34,0;5036,51;Não informado
PC001973;20,0;887,84;Não informado
PC001974;81,0;256,73;Não informado
PC001975;89,0;476,0;Não informado
PC001976;42,0;477,16;Não informado
PC001977;17,0;726,89;Não informado
PC001978;3,0;115,23;Não informado
PC001979;7,0;2242,98;Não informado
PC001980;1,0;3060,34;Não informado
PC001981;15,0;206,98;Não informado
PC001982;16,0;4199,45;Não informado
PC001983;4,0;191,7;Não informado
PC001984;5,0;176,84;Não informado
PC001985;46,0;487,62;Não informado
PC001986;84,0;4777,99;Não informado
PC001987;25,0;154,39;Não informado
PC001988;7,0;4312,79;Não informado
PC001989;3,0;746,49;Não informado
PC001990;34,0;189,45;Não informado
PC001991;14,0;2014,14;Não informado
PC001992;28,0;1327,24;Não informado
PC001993;307,0;113,59;Não informado
PC001994;1,0;295,0;Não informado
PC001995;3,0;668,84;Não informado
PC001996;18,0;209,13;Não informado
PC001997;7,0;956,77;Não informado
PC001998;97,0;379,68;Não informado
PC001999;3,0;1532,77;Não informado
PC002000;134,0;952,91;Não informado
PC002001;3,0;1262,59;Não informado
PC002002;89,0;757,78;Não informado
PC002004;15,0;451,37;Não informado
PC002005;14,0;805,66;Não informado
PC002006;8,0;560,66;Não informado
PC002007;28,0;1494,83;Não informado
PC002008;12,0;2580,99;Não informado
PC002009;90,0;1813,52;Não informado
PC002010;23,0;1543,1;Não informado
PC002011;3,0;698,87;Não informado
PC002012;97,0;277,56;Não informado
PC002013;10,0;152,0;Não informado
PC002014;7,0;112,84;Não informado
PC002015;18,0;1055,78;Não informado
PC002016;12,0;211,23;Não informado
PC002018;13,0;603,68;Não informado
PC002019;26,0;593,25;Não informado
PC002020;6,0;422,16;Não informado
PC002021;1,0;724,58;Não informado
PC002022;6,0;351,63;Não informado
PC002023;75,0;241,4;Não informado
PC002024;33,0;63,71;Não informado
PC002025;364,0;41,14;Não informado
PC002026;187,0;170,76;Não informado
PC002027;13,0;385,26;Não informado
PC002028;84,0;789,6;Não informado
PC002029;21,0;2159,23;Não informado
PC002030;9,0;773,41;Não informado
PC002031;3,0;2517,74;Não informado
PC002032;2,0;752,74;Não informado
PC002033;5,0;345,47;Não informado
PC002034;216,0;56,76;Não informado
PC002035;30,0;261,53;Não informado
PC002036;1,0;5265,06;Não informado
PC002038;2,0;364,72;Não informado
PC002039;12,0;1485,3;Não informado
PC002040;27,0;877,55;Não informado
PC002041;15,0;976,09;Não informado
PC002042;0,0;92,43;Não informado
PC002043;1,0;582,79;Não informado
PC002044;27,0;4684,62;Não informado
PC002045;1,0;232,77;Não informado
PC002046;86,0;3659,68;Não informado
PC002047;50,0;977,37;Não informado
PC002048;19,0;291,63;Não informado
PC002049;152,0;1717,79;Não informado
PC002051;3,0;307,41;Não informado
PC002052;31,0;3818,6;Não informado
PC002053;24,0;1678,71;Não informado
PC002054;40,0;530,23;Não informado
PC002055;50,0;5269,66;Não informado
PC002056;13,0;1589,58;Não informado
PC002057;28,0;339,99;Não informado
PC002058;12,0;1389,16;Não informado
PC002059;1,0;652,45;Não informado
PC002060;710,0;210,93;Não informado
PC002061;19,0;6102,64;Não informado
PC002062;10,0;743,12;Não informado
PC002063;35,0;266,42;Não informado
PC002064;13,0;1029,69;Não informado
PC002065;88,0;610,0;Não informado
PC002066;194,0;997,46;Não informado
PC002067;7,0;554,29;Não informado
PC002068;10,0;1598,69;Não informado
PC002069;22,0;508,25;Não informado
PC002070;19,0;1301,05;Não informado
PC002071;0,0;1575,39;Não informado
PC002072;1,0;2665,72;Não informado
PC002073;3,0;6373,73;Não informado
PC002074;355,0;2132,9;Não informado
PC002075;2,0;1075,81;Não informado
PC002076;53,0;359,46;Não informado
PC002077;6,0;42,27;Não informado
PC002078;10,0;217,1;Não informado
PC002079;3,0;384,08;Não informado
PC002080;16,0;140,75;Não informado
PC002081;70,0;120,17;Não informado
PC002082;17,0;270,84;Não informado
PC002083;43,0;1041,54;Não informado
PC002084;4,0;420,45;Não informado
PC002085;2,0;2056,0;Não informado
PC002086;4,0;612,51;Não informado
PC002087;1,0;1168,18;Não informado
PC002088;98,0;83,71;Não informado
PC002089;7,0;115,06;Não informado
PC002090;1,0;683,32;Não informado
PC002091;93,0;156,89;Não informado
PC002092;4,0;317,61;Não informado
PC002093;1,0;1303,58;Não informado
PC002094;993,0;796,5;Não informado
PC002095;8,0;903,42;Não informado
PC002096;28,0;743,43;Não informado
PC002098;4,0;18,07;Não informado
PC002099;35,0;406,26;Não informado
PC002100;3,0;7375,84;Não informado
PC002101;218,0;735,86;Não informado
PC002102;54,0;56,79;Não informado
PC002103;26,0;146,64;Não informado
PC002104;61,0;586,23;Não informado
PC002105;8,0;120,72;Não informado
PC002106;100,0;32,5;Não informado
PC002107;14,0;1340,09;Não informado
PC002108;13,0;7769,57;Não informado
PC002109;9,0;140,03;Não informado
PC002110;4,0;2116,3;Não informado
PC002111;16,0;96,82;Não informado
PC002112;2,0;236,23;Não informado
PC002113;10,0;1550,88;Não informado
PC002114;16,0;2184,51;Não informado
PC002115;3,0;259,26;Não informado
PC002116;37,0;5448,72;Não informado
PC002118;6,0;1025,38;Não informado
PC002119;29,0;1146,61;Não informado
PC002120;12,0;1136,52;Não informado
PC002121;26,0;593,88;Não informado
PC002122;2,0;341,65;Não informado
PC002123;55,0;554,28;Não informado
PC002124;4,0;305,53;Não informado
PC002125;7,0;1318,96;Não informado
PC002126;35,0;1100,27;Não informado
PC002127;2,0;325,8;Não informado
PC002128;130,0;590,69;Não informado
PC002129;107,0;1754,76;Não informado
PC002130;102,0;622,36;Não informado
PC002131;13,0;133,88;Não informado
PC002132;5,0;2237,79;Não informado
PC002133;3,0;863,98;Não informado
PC002134;6,0;862,72;Não informado
PC002135;25,0;1238,11;Não informado
PC002136;10,0;5173,82;Não informado
PC002137;16,0;1025,46;Não informado
PC002138;14,0;257,51;Não informado
PC002139;1,0;1113,05;Não informado
PC002140;6,0;238,88;Não informado
PC002141;8,0;76,16;Não informado
PC002142;2,0;997,54;Não informado
PC002143;2,0;568,41;Não informado
PC002144;14,0;285,76;Não informado
PC002145;37,0;82,95;Não informado
PC002146;12,0;964,11;Não informado
PC002147;6,0;1699,93;Não informado
PC002148;0,0;158,93;Não informado
PC002149;130,0;962,45;Não informado
PC002150;3,0;225,84;Não informado
PC002151;21,0;323,19;Não informado
PC002152;5,0;21,56;Não informado
PC002153;109,0;42,96;Não informado
PC002154;379,0;816,91;Não informado
PC002155;13,0;1099,79;Não informado
PC002156;12,0;242,61;Não informado
PC002157;95,0;2558,83;Não informado
PC002158;6,0;647,88;Não informado
PC002159;21,0;4904,22;Não informado
PC002160;3,0;524,26;Não informado
PC002161;10,0;285,08;Não informado
PC002162;6,0;39,26;Não informado
PC002164;5,0;8173,13;Não informado
PC002165;1,0;358,99;Não informado
PC002166;51,0;132,39;Não informado
PC002167;21,0;733,88;Não informado
PC002168;12,0;185,61;Não informado
PC002169;7,0;764,48;Não informado
PC002170;32,0;37,83;Não informado
PC002171;1,0;1080,9;Não informado
PC002172;3,0;5614,37;Não informado
PC002173;9,0;247,11;Não informado
PC002175;87,0;374,55;Não informado
PC002176;141,0;872,17;Não informado
PC002177;13,0;5687,74;Não informado
PC002178;922,0;3947,86;Não informado
PC002179;5,0;229,19;Não informado
PC002180;3,0;3656,32;Não informado
PC002181;10,0;376,6;Não informado
PC002182;743,0;1190,95;Não informado
PC002183;10,0;1702,16;Não informado
PC002184;6,0;854,52;Não informado
PC002185;372,0;505,13;Não informado
PC002186;2,0;1389,84;Não informado
PC002187;51,0;220,24;Não informado
PC002188;11,0;65,3;Não informado
PC002189;1,0;7182,02;Não informado
PC002190;5,0;706,37;Não informado
PC002191;21,0;978,86;Não informado
PC002192;15,0;1086,32;Não informado
PC002194;13,0;1053,95;Não informado
PC002195;74,0;360,94;Não informado
PC002196;2,0;5963,96;Não informado
PC002197;48,0;349,44;Não informado
PC002198;1,0;1077,25;Não informado
PC002200;69,0;4067,39;Não informado
PC002201;63,0;5260,16;Não informado
PC002202;2,0;673,56;Não informado
PC002203;49,0;78,1;Não informado
PC002204;23,0;219,65;Não informado
PC002205;7,0;238,06;Não informado
PC002206;2,0;1094,21;Não informado
PC002207;39,0;1308,45;Não informado
PC002208;12,0;268,88;Não informado
PC002209;6,0;29,16;Não informado
PC002210;4,0;672,04;Não informado
PC002211;5,0;591,21;Não informado
PC002212;66,0;675,61;Não informado
PC002213;6,0;2531,88;Não informado
PC002214;29,0;385,62;Não informado
PC002215;1,0;536,77;Não informado
PC002216;1,0;48,08;Não informado
PC002217;3,0;28,86;Não informado
PC002218;4,0;406,72;Não informado
PC002219;113,0;1439,15;Não informado
PC002221;29,0;6039,14;Não informado
PC002222;46,0;952,76;Não informado
PC002223;25,0;710,68;Não informado
PC002224;265,0;891,06;Não informado
PC002225;1,0;288,21;Não informado
PC002226;22,0;30,61;Não informado
PC002227;4,0;89,15;Não informado
PC002228;1,0;5160,98;Não informado
PC002229;10,0;244,91;Não informado
PC002230;188,0;283,45;Não informado
PC002231;128,0;274,34;Não informado
PC002232;1,0;554,1;Não informado
PC002233;5,0;543,62;Não informado
PC002234;0,0;96,1;Não informado
PC002235;2,0;2350,53;Não informado
PC002236;1,0;1676,0;Não informado
PC002237;13,0;360,99;Não informado
PC002238;3,0;2733,38;Não informado
PC002239;2,0;338,32;Não informado
PC002241;3,0;2896,38;Não informado
PC002242;29,0;630,19;Não informado
PC002243;6,0;85,77;Não informado
PC002244;86,0;6321,19;Não informado
PC002245;3,0;552,97;Não informado
PC002246;77,0;152,61;Não informado
PC002247;233,0;3584,73;Não informado
PC002248;19,0;88,75;Não informado
PC002249;41,0;267,1;Não informado
PC002250;14,0;1944,02;Não informado
PC002251;4,0;775,56;Não informado
PC002252;33,0;71,62;Não informado
PC002253;5,0;1980,77;Não informado
PC002254;7,0;1038,32;Não informado
PC002255;58,0;236,4;Não informado
PC002256;81,0;135,89;Não informado
PC002257;228,0;4957,91;Não informado
PC002258;3,0;588,31;Não informado
PC002259;46,0;999,45;Não informado
PC002260;3,0;2700,21;Não informado
PC002261;11,0;133,98;Não informado
PC002262;35,0;286,13;Não informado
PC002263;6,0;700,17;Não informado
PC002264;6,0;3585,23;Não informado
PC002265;3,0;8314,36;Não informado
PC002266;2,0;3633,0;Não informado
PC002267;1,0;82,52;Não informado
PC002268;3,0;280,87;Não informado
PC002269;21,0;92,76;Não informado
PC002270;77,0;568,38;Não informado
PC002271;57,0;639,62;Não informado
PC002272;9,0;697,26;Não informado
PC002273;96,0;22,64;Não informado
PC002274;59,0;904,97;Não informado
PC002275;2,0;1386,19;Não informado
PC002276;4,0;363,82;Não informado
PC002277;7,0;2385,17;Não informado
PC002278;24,0;599,76;Não informado
PC002279;9,0;476,07;Não informado
PC002280;5,0;77,7;Não informado
PC002281;39,0;51,4;Não informado
PC002283;17,0;1542,63;Não informado
PC002284;2,0;461,55;Não informado
PC002285;31,0;3518,62;Não informado
PC002286;11,0;219,05;Não informado
PC002287;239,0;589,9;Não informado
PC002288;9,0;752,11;Não informado
PC002289;1,0;283,0;Não informado
PC002290;3,0;85,99;Não informado
PC002291;3,0;133,25;Não informado
PC002292;47,0;6690,86;Não informado
PC002293;11,0;544,59;Não informado
PC002294;3,0;71,84;Não informado
PC002295;1,0;528,46;Não informado
PC002296;7,0;222,07;Não informado
PC002298;9,0;89,6;Não informado
PC002299;42,0;1392,03;Não informado
PC002300;40,0;3902,19;Não informado
PC002301;38,0;340,82;Não informado
PC002303;29,0;577,36;Não informado
PC002304;1,0;398,05;Não informado
PC002305;19,0;425,68;Não informado
PC002306;120,0;1228,97;Não informado
PC002307;34,0;401,63;Não informado
PC002308;8,0;6370,49;Não informado
PC002309;60,0;2038,23;Não informado
PC002310;9,0;386,05;Não informado
PC002311;18,0;401,01;Não informado
PC002312;133,0;195,91;Não informado
PC002313;9,0;741,4;Não informado
PC002314;21,0;747,64;Não informado
PC002315;10,0;72,19;Não informado
PC002316;9,0;283,0;Não informado
PC002317;170,0;5479,57;Não informado
PC002318;96,0;233,16;Não informado
PC002319;41,0;899,73;Não informado
PC002320;7,0;452,64;Não informado
PC002321;6,0;4428,42;Não informado
PC002322;15,0;643,43;Não informado
PC002323;4,0;502,72;Não informado
PC002324;8,0;3522,34;Não informado
PC002325;2,0;487,39;Não informado
PC002327;1,0;2075,48;Não informado
PC002328;6,0;748,84;Não informado
PC002329;74,0;1386,08;Não informado
PC002330;203,0;1821,44;Não informado
PC002331;12,0;96,16;Não informado
PC002332;1,0;372,06;Não informado
PC002333;17,0;152,34;Não informado
PC002334;7,0;209,16;Não informado
PC002335;150,0;278,31;Não informado
PC002336;12,0;277,82;Não informado
PC002337;75,0;45,1;Não informado
PC002338;2,0;638,43;Não informado
PC002339;50,0;492,06;Não informado
PC002340;16,0;523,35;Não informado
PC002341;15,0;2067,36;Não informado
PC002342;24,0;407,69;Não informado
PC002343;66,0;494,25;Não informado
PC002344;6,0;75,52;Não informado
PC002345;15,0;49,61;Não informado
PC002346;1,0;244,78;Não informado
PC002347;15,0;365,8;Não informado
PC002349;113,0;3523,0;Não informado
PC002350;9,0;955,37;Não informado
PC002351;20,0;641,74;Não informado
PC002353;3,0;284,54;Não informado
PC002354;95,0;79,0;Não informado
PC002355;5,0;147,53;Não informado
PC002356;2,0;1037,58;Não informado
PC002357;2,0;992,95;Não informado
PC002358;18,0;284,94;Não informado
PC002359;2,0;501,91;Não informado
PC002360;68,0;606,38;Não informado
PC002361;6,0;929,13;Não informado
PC002362;13,0;54,07;Não informado
PC002363;4,0;723,32;Não informado
PC002364;83,0;5960,65;Não informado
PC002365;27,0;173,45;Não informado
PC002366;215,0;3917,85;Não informado
PC002367;0,0;569,15;Não informado
PC002368;3,0;791,95;Não informado
PC002369;18,0;3286,84;Não informado
PC002370;16,0;603,87;Não informado
PC002371;68,0;65,07;Não informado
PC002372;16,0;7234,7;Não informado
PC002373;113,0;407,15;Não informado
PC002374;70,0;261,18;Não informado
PC002375;18,0;4971,58;Não informado
PC002376;6,0;1119,46;Não informado
PC002377;6,0;960,57;Não informado
PC002378;4,0;725,37;Não informado
PC002379;1,0;434,38;Não informado
PC002380;17,0;305,43;Não informado
PC002381;100,0;8699,79;Não informado
PC002382;2,0;875,23;Não informado
PC002383;11,0;775,61;Não informado
PC002384;35,0;1045,06;Não informado
PC002385;38,0;1478,86;Não informado
PC002386;9,0;802,3;Não informado
PC002387;18,0;204,37;Não informado
PC002388;17,0;5294,83;Não informado
PC002389;30,0;819,52;Não informado
PC002390;14,0;1149,13;Não informado
PC002391;90,0;2342,29;Não informado
PC002392;24,0;7020,07;Não informado
PC002393;46,0;1976,16;Não informado
PC002394;0,0;669,21;Não informado
PC002395;6,0;967,23;Não informado
PC002396;1,0;296,65;Não informado
PC002397;4,0;127,99;Não informado
PC002398;23,0;1093,97;Não informado
PC002399;12,0;552,63;Não informado
PC002400;8,0;241,95;Não informado
PC002401;0,0;56,96;Não informado
PC002402;49,0;870,02;Não informado
PC002403;1,0;782,39;Não informado
PC002404;17,0;532,8;Não informado
PC002405;8,0;1319,38;Não informado
PC002406;15,0;534,57;Não informado
PC002407;71,0;996,7;Não informado
PC002408;177,0;65,05;Não informado
PC002409;128,0;60,86;Não informado
PC002410;125,0;161,93;Não informado
PC002411;199,0;310,48;Não informado
PC002412;42,0;495,57;Não informado
PC002413;5,0;5353,82;Não informado
PC002414;14,0;410,51;Não informado
PC002415;33,0;4404,87;Não informado
PC002416;247,0;1025,07;Não informado
PC002417;9,0;369,92;Não informado
PC002418;2,0;29,91;Não informado
PC002419;13,0;82,18;Não informado
PC002420;2,0;3033,26;Não informado
PC002421;49,0;76,95;Não informado
PC002422;123,0;133,75;Não informado
PC002423;243,0;595,6;Não informado
PC002424;10,0;925,74;Não informado
PC002425;24,0;864,85;Não informado
PC002426;1,0;37,64;Não informado
PC002427;5,0;1524,24;Não informado
PC002428;3,0;5420,37;Não informado
PC002429;1,0;322,87;Não informado
PC002430;0,0;986,31;Não informado
PC002431;11,0;449,7;Não informado
PC002432;22,0;549,89;Não informado
PC002433;2,0;458,35;Não informado
PC002434;13,0;3816,69;Não informado
PC002435;119,0;222,25;Não informado
PC002436;2,0;1021,64;Não informado
PC002437;13,0;2266,52;Não informado
PC002438;6,0;201,23;Não informado
PC002439;11,0;1788,21;Não informado
PC002440;23,0;1160,87;Não informado
PC002441;87,0;831,3;Não informado
PC002442;25,0;96,61;Não informado
PC002443;2,0;188,78;Não informado
PC002444;351,0;142,58;Não informado
PC002445;1,0;3163,19;Não informado
PC002446;119,0;1100,58;Não informado
PC002447;2,0;209,25;Não informado
PC002448;22,0;970,12;Não informado
PC002449;51,0;4799,26;Não informado
PC002450;1,0;691,81;Não informado
PC002451;17,0;198,87;Não informado
PC002452;52,0;4406,3;Não informado
PC002454;2,0;1033,87;Não informado
PC002455;4,0;1199,59;Não informado
PC002456;2,0;2308,16;Não informado
PC002457;22,0;2785,53;Não informado
PC002458;15,0;5655,52;Não informado
PC002459;10,0;316,83;Não informado
PC002460;23,0;324,57;Não informado
PC002461;57,0;211,14;Não informado
PC002462;23,0;768,28;Não informado
PC002463;49,0;1490,35;Não informado
PC002464;51,0;854,4;Não informado
PC002465;4,0;66,21;Não informado
PC002467;47,0;112,58;Não informado
PC002468;1,0;661,76;Não informado
PC002469;3,0;1367,06;Não informado
PC002470;36,0;530,95;Não informado
PC002471;6,0;1269,72;Não informado
PC002472;12,0;84,64;Não informado
PC002473;2,0;15,65;Não informado
PC002474;16,0;755,97;Não informado
PC002475;3,0;1207,64;Não informado
PC002476;61,0;741,09;Não informado
PC002477;2,0;2717,07;Não informado
PC002478;35,0;1035,68;Não informado
PC002480;2,0;664,48;Não informado
PC002481;1,0;267,36;Não informado
PC002482;3,0;93,37;Não informado
PC002483;17,0;236,54;Não informado
PC002484;80,0;1969,71;Não informado
PC002485;129,0;639,47;Não informado
PC002486;48,0;266,95;Não informado
PC002487;39,0;391,37;Não informado
PC002488;3,0;804,02;Não informado
PC002489;7,0;1003,7;Não informado
PC002490;1,0;74,42;Não informado
PC002491;19,0;884,22;Não informado
PC002492;4,0;4435,85;Não informado
PC002493;35,0;222,3;Não informado
PC002494;10,0;1105,14;Não informado
PC002495;6,0;606,88;Não informado
PC002496;18,0;815,59;Não informado
PC002497;3,0;2493,16;Não informado
PC002498;20,0;2543,27;Não informado
PC002499;6,0;320,31;Não informado
PC002500;2,0;7714,65;Não informado
PC002501;575,0;2432,07;Não informado
PC002502;1,0;688,9;Não informado
PC002503;171,0;1618,88;Não informado
PC002504;5,0;599,09;Não informado
PC002505;59,0;324,98;Não informado
PC002506;71,0;1061,65;Não informado
PC002507;93,0;445,9;Não informado
PC002508;68,0;270,9;Não informado
PC002509;1,0;4990,33;Não informado
PC002510;21,0;1311,27;Não informado
PC002511;16,0;742,93;Não informado
PC002512;0,0;95,29;Não informado
PC002513;3,0;2772,99;Não informado
PC002514;107,0;739,47;Não informado
PC002515;106,0;1025,27;Não informado
PC002516;3,0;1756,69;Não informado
PC002517;7,0;754,87;Não informado
PC002518;16,0;117,62;Não informado
PC002519;4,0;2154,93;Não informado
PC002520;50,0;4824,49;Não informado
PC002521;2,0;1380,99;Não informado
PC002522;178,0;2257,23;Não informado
PC002523;24,0;459,71;Não informado
PC002524;0,0;318,57;Não informado
PC002525;2,0;360,34;Não informado
PC002526;25,0;329,15;Não informado
PC002527;17,0;390,12;Não informado
PC002528;16,0;318,63;Não informado
PC002529;4,0;21,33;Não informado
PC002530;3,0;823,24;Não informado
PC002531;22,0;1046,13;Não informado
PC002532;121,0;485,15;Não informado
PC002533;8,0;2104,19;Não informado
PC002534;6,0;173,79;Não informado
PC002535;98,0;595,26;Não informado
PC002536;1,0;27,69;Não informado
PC002537;10,0;72,16;Não informado
PC002538;2,0;257,48;Não informado
PC002539;15,0;258,21;Não informado
PC002540;16,0;724,84;Não informado
PC002541;2,0;1179,88;Não informado
PC002542;36,0;1124,33;Não informado
PC002543;15,0;3357,21;Não informado
PC002544;26,0;1001,11;Não informado
PC002545;2,0;265,36;Não informado
PC002546;41,0;110,19;Não informado
PC002547;2,0;270,66;Não informado
PC002548;2,0;3834,26;Não informado
PC002549;8,0;268,89;Não informado
PC002550;12,0;57,74;Não informado
PC002551;2,0;1224,63;Não informado
PC002552;6,0;411,34;Não informado
PC002554;32,0;105,34;Não informado
PC002555;18,0;2097,48;Não informado
PC002556;22,0;4164,82;Não informado
PC002557;4,0;408,97;Não informado
PC002558;3,0;4672,51;Não informado
PC002559;1,0;336,54;Não informado
PC002561;11,0;794,87;Não informado
PC002562;3,0;2944,31;Não informado
PC002563;23,0;161,71;Não informado
PC002564;13,0;1636,28;Não informado
PC002565;33,0;1964,22;Não informado
PC002566;27,0;85,38;Não informado
PC002567;18,0;1900,26;Não informado
PC002568;38,0;234,0;Não informado
PC002569;81,0;327,55;Não informado
PC002570;30,0;1068,24;Não informado
PC002571;29,0;628,74;Não informado
PC002572;22,0;131,46;Não informado
PC002573;5,0;2242,27;Não informado
PC002574;56,0;366,12;Não informado
PC002575;3,0;1483,95;Não informado
PC002576;11,0;681,1;Não informado
PC002577;32,0;2878,4;Não informado
PC002578;64,0;805,96;Não informado
PC002579;3,0;959,56;Não informado
PC002580;49,0;2865,08;Não informado
PC002581;91,0;271,09;Não informado
PC002582;2,0;955,71;Não informado
PC002583;19,0;2075,8;Não informado
PC002584;2,0;5137,49;Não informado
PC002585;11,0;3782,18;Não informado
PC002586;21,0;1104,27;Não informado
PC002587;62,0;756,46;Não informado
PC002588;8,0;110,38;Não informado
PC002589;138,0;247,47;Não informado
PC002590;96,0;1237,91;Não informado
PC002591;164,0;1004,75;Não informado
PC002592;481,0;645,78;Não informado
PC002593;3,0;91,78;Não informado
PC002594;12,0;1054,21;Não informado
PC002595;19,0;1492,4;Não informado
PC002596;199,0;188,78;Não informado
PC002597;12,0;840,35;Não informado
PC002598;8,0;306,61;Não informado
PC002599;17,0;285,69;Não informado
PC002600;51,0;120,19;Não informado
PC002601;18,0;82,06;Não informado
PC002602;43,0;155,75;Não informado
PC002603;4,0;1522,72;Não informado
PC002604;27,0;886,54;Não informado
PC002605;0,0;3258,38;Não informado
PC002606;69,0;668,74;Não informado
PC002607;5,0;1228,84;Não informado
PC002608;6,0;1065,43;Não informado
PC002609;9,0;137,68;Não informado
PC002610;6,0;34,54;Não informado
PC002611;12,0;237,39;Não informado
PC002612;147,0;1465,38;Não informado
PC002613;24,0;565,35;Não informado
PC002614;1,0;141,49;Não informado
PC002615;46,0;288,11;Não informado
PC002616;12,0;879,07;Não informado
PC002617;21,0;503,58;Não informado
PC002618;16,0;46,64;Não informado
PC002619;1,0;1421,85;Não informado
PC002620;10,0;6784,06;Não informado
PC002622;2,0;2581,61;Não informado
PC002623;11,0;752,56;Não informado
PC002624;284,0;555,87;Não informado
PC002625;42,0;1502,56;Não informado
PC002626;37,0;3743,78;Não informado
PC002627;1,0;186,56;Não informado
PC002628;8,0;4560,16;Não informado
PC002629;20,0;611,92;Não informado
PC002630;8,0;87,34;Não informado
PC002631;2,0;4061,01;Não informado
PC002632;42,0;1024,66;Não informado
PC002633;5,0;913,41;Não informado
PC002634;24,0;1166,23;Não informado
PC002635;59,0;122,47;Não informado
PC002636;26,0;79,77;Não informado
PC002637;24,0;3588,08;Não informado
PC002638;4,0;1303,43;Não informado
PC002639;78,0;988,26;Não informado
PC002640;23,0;1477,85;Não informado
PC002641;2,0;2412,51;Não informado
PC002642;3,0;1008,52;Não informado
PC002643;10,0;546,03;Não informado
PC002644;84,0;308,93;Não informado
PC002645;1,0;429,59;Não informado
PC002646;6,0;116,1;Não informado
PC002647;49,0;814,22;Não informado
PC002648;5,0;7055,6;Não informado
PC002649;11,0;2243,57;Não informado
PC002650;19,0;3066,82;Não informado
PC002651;12,0;826,02;Não informado
PC002652;11,0;261,7;Não informado
PC002653;6,0;353,14;Não informado
PC002654;1,0;968,72;Não informado
PC002655;90,0;191,78;Não informado
PC002656;1,0;263,15;Não informado
PC002657;6,0;83,69;Não informado
PC002658;82,0;103,34;Não informado
PC002660;41,0;720,2;Não informado
PC002661;7,0;1595,59;Não informado
PC002662;17,0;949,12;Não informado
PC002663;42,0;155,0;Não informado
PC002664;12,0;35,05;Não informado
PC002665;20,0;50,91;Não informado
PC002666;36,0;952,56;Não informado
PC002667;17,0;1309,56;Não informado
PC002668;4,0;434,75;Não informado
PC002669;148,0;904,74;Não informado
PC002670;13,0;1438,89;Não informado
PC002671;3,0;751,0;Não informado
PC002672;9,0;232,47;Não informado
PC002673;9,0;189,43;Não informado
PC002674;20,0;54,5;Não informado
PC002675;4,0;364,11;Não informado
PC002676;2,0;504,91;Não informado
PC002677;21,0;786,43;Não informado
PC002678;47,0;87,77;Não informado
PC002679;2,0;634,53;Não informado
PC002680;59,0;967,85;Não informado
PC002681;1,0;339,77;Não informado
PC002682;259,0;110,67;Não informado
PC002683;10,0;1863,2;Não informado
PC002684;9,0;6397,95;Não informado
PC002685;74,0;71,57;Não informado
PC002686;28,0;4501,26;Não informado
PC002687;9,0;574,67;Não informado
PC002688;3,0;559,45;Não informado
PC002689;88,0;2188,03;Não informado
PC002690;2,0;1686,71;Não informado
PC002691;4,0;89,42;Não informado
PC002692;5,0;827,93;Não informado
PC002693;36,0;2107,73;Não informado
PC002695;42,0;4409,89;Não informado
PC002696;32,0;1746,31;Não informado
PC002697;11,0;288,02;Não informado
PC002698;8,0;531,0;Não informado
PC002699;43,0;753,98;Não informado
PC002700;6,0;117,44;Não informado
PC002701;8,0;393,45;Não informado
PC002702;6,0;1095,81;Não informado
PC002703;7,0;1156,47;Não informado
PC002704;36,0;1006,96;Não informado
PC002705;7,0;5653,7;Não informado
PC002706;47,0;326,04;Não informado
PC002707;5,0;803,26;Não informado
PC002709;256,0;888,13;Não informado
PC002710;5,0;957,86;Não informado
PC002711;8,0;2185,39;Não informado
PC002712;5,0;5188,37;Não informado
PC002713;3,0;6849,09;Não informado
PC002714;6,0;3657,05;Não informado
PC002715;2,0;308,95;Não informado
PC002716;20,0;163,85;Não informado
PC002717;43,0;94,61;Não informado
PC002718;15,0;189,95;Não informado
PC002719;92,0;914,33;Não informado
PC002720;23,0;343,87;Não informado
PC002721;29,0;62,91;Não informado
PC002722;77,0;847,22;Não informado
PC002723;2,0;1046,77;Não informado
PC002724;29,0;639,8;Não informado
PC002725;4,0;743,22;Não informado
PC002726;5,0;359,56;Não informado
PC002727;5,0;1167,25;Não informado
PC002728;30,0;25,63;Não informado
PC002729;2,0;46,35;Não informado
PC002730;37,0;366,17;Não informado
PC002731;11,0;86,82;Não informado
PC002732;129,0;742,1;Não informado
PC002733;13,0;5443,22;Não informado
PC002734;27,0;1748,54;Não informado
PC002735;145,0;927,23;Não informado
PC002736;143,0;579,86;Não informado
PC002737;3,0;262,25;Não informado
PC002738;21,0;78,02;Não informado
PC002739;33,0;174,0;Não informado
PC002740;47,0;7501,97;Não informado
PC002741;2,0;336,16;Não informado
PC002742;3,0;140,49;Não informado
PC002743;13,0;650,56;Não informado
PC002744;13,0;1044,77;Não informado
PC002745;35,0;471,79;Não informado
PC002746;11,0;68,6;Não informado
PC002747;2,0;1534,97;Não informado
PC002748;3,0;7097,17;Não informado
PC002749;21,0;273,61;Não informado
PC002750;57,0;4318,13;Não informado
PC002751;3,0;900,21;Não informado
PC002752;25,0;535,38;Não informado
PC002753;6,0;5097,87;Não informado
PC002754;21,0;2323,31;Não informado
PC002755;18,0;133,57;Não informado
PC002756;3,0;6908,62;Não informado
PC002757;35,0;1116,96;Não informado
PC002758;32,0;563,81;Não informado
PC002759;1,0;382,12;Não informado
PC002760;7,0;848,59;Não informado
PC002761;136,0;419,88;Não informado
PC002762;7,0;1339,96;Não informado
PC002763;10,0;886,9;Não informado
PC002764;11,0;108,31;Não informado
PC002765;1,0;4983,51;Não informado
PC002766;1,0;71,68;Não informado
PC002767;11,0;51,44;Não informado
PC002768;15,0;128,54;Não informado
PC002769;20,0;1247,13;Não informado
PC002771;12,0;784,8;Não informado
PC002772;108,0;493,29;Não informado
PC002773;53,0;463,28;Não informado
PC002774;40,0;941,31;Não informado
PC002775;3,0;1161,21;Não informado
PC002776;18,0;343,93;Não informado
PC002777;2,0;5758,51;Não informado
PC002778;52,0;1153,34;Não informado
PC002779;33,0;261,93;Não informado
PC002780;4,0;231,43;Não informado
PC002781;3,0;161,48;Não informado
PC002782;1,0;591,33;Não informado
PC002783;10,0;657,6;Não informado
PC002784;3,0;198,61;Não informado
PC002785;13,0;27,54;Não informado
PC002786;2,0;48,64;Não informado
PC002787;8,0;1557,51;Não informado
PC002788;185,0;89,8;Não informado
PC002789;4,0;1334,29;Não informado
PC002790;11,0;961,16;Não informado
PC002791;131,0;747,91;Não informado
PC002792;68,0;45,78;Não informado
PC002793;12,0;42,05;Não informado
PC002794;5,0;314,8;Não informado
PC002795;4,0;953,11;Não informado
PC002796;27,0;129,42;Não informado
PC002797;23,0;1676,01;Não informado
PC002798;18,0;909,63;Não informado
PC002799;23,0;3216,38;Não informado
PC002800;6,0;990,48;Não informado
PC002801;4,0;111,66;Não informado
PC002802;5,0;111,36;Não informado
PC002803;13,0;153,96;Não informado
PC002804;11,0;3174,22;Não informado
PC002805;30,0;793,48;Não informado
PC002806;1,0;235,41;Não informado
PC002807;9,0;261,24;Não informado
PC002808;21,0;566,25;Não informado
PC002809;15,0;143,84;Não informado
PC002810;20,0;58,49;Não informado
PC002811;26,0;1270,14;Não informado
PC002812;9,0;3470,94;Não informado
PC002814;1,0;5362,31;Não informado
PC002815;18,0;247,9;Não informado
PC002816;2,0;133,6;Não informado
PC002817;419,0;2994,94;Não informado
PC002818;93,0;2198,9;Não informado
PC002819;21,0;84,9;Não informado
PC002820;1,0;5332,41;Não informado
PC002821;42,0;2044,1;Não informado
PC002823;70,0;4197,79;Não informado
PC002824;38,0;1116,41;Não informado
PC002825;41,0;105,94;Não informado
PC002826;7,0;398,37;Não informado
PC002827;15,0;913,06;Não informado
PC002828;3,0;57,03;Não informado
PC002829;9,0;6241,94;Não informado
PC002830;208,0;471,36;Não informado
PC002831;129,0;1395,98;Não informado
PC002832;3,0;128,09;Não informado
PC002833;73,0;3216,33;Não informado
PC002834;16,0;494,82;Não informado
PC002835;115,0;609,96;Não informado
PC002836;154,0;4052,95;Não informado
PC002837;24,0;121,16;Não informado
PC002838;26,0;780,46;Não informado
PC002839;33,0;442,25;Não informado
PC002840;6,0;4372,2;Não informado
PC002842;45,0;4646,02;Não informado
PC002843;35,0;327,61;Não informado
PC002844;5,0;136,58;Não informado
PC002845;2,0;366,02;Não informado
PC002847;7,0;963,36;Não informado
PC002848;53,0;634,13;Não informado
PC002849;3,0;63,4;Não informado
PC002850;15,0;549,11;Não informado
PC002851;11,0;457,18;Não informado
PC002852;18,0;446,57;Não informado
PC002853;1,0;2623,01;Não informado
PC002854;1,0;627,61;Não informado
PC002855;42,0;372,67;Não informado
PC002856;8,0;44,84;Não informado
PC002857;1,0;86,5;Não informado
PC002858;19,0;369,17;Não informado
PC002859;108,0;639,78;Não informado
PC002861;17,0;812,47;Não informado
PC002862;41,0;105,09;Não informado
PC002863;3,0;2863,25;Não informado
PC002864;3,0;1213,49;Não informado
PC002865;9,0;129,38;Não informado
PC002866;2,0;117,87;Não informado
PC002868;18,0;7562,3;Não informado
PC002869;10,0;716,49;Não informado
PC002871;8,0;1019,55;Não informado
PC002872;9,0;756,03;Não informado
PC002873;6,0;306,28;Não informado
PC002875;64,0;2164,06;Não informado
PC002876;8,0;1250,86;Não informado
PC002877;3,0;107,91;Não informado
PC002878;15,0;2209,03;Não informado
PC002879;5,0;407,05;Não informado
PC002880;55,0;131,24;Não informado
PC002881;7,0;4669,23;Não informado
PC002882;1,0;1995,5;Não informado
PC002883;31,0;270,97;Não informado
PC002884;1,0;5429,74;Não informado
PC002885;15,0;1781,08;Não informado
PC002887;1,0;316,24;Não informado
PC002888;26,0;1796,91;Não informado
PC002889;23,0;273,64;Não informado
PC002890;46,0;1796,11;Não informado
PC002891;115,0;156,66;Não informado
PC002892;2,0;165,69;Não informado
PC002893;100,0;3365,64;Não informado
PC002894;7,0;103,62;Não informado
PC002895;3,0;597,69;Não informado
PC002896;94,0;1445,56;Não informado
PC002897;5,0;288,46;Não informado
PC002898;118,0;1118,69;Não informado
PC002899;23,0;495,46;Não informado
PC002900;14,0;5565,02;Não informado
PC002901;55,0;364,87;Não informado
PC002902;128,0;545,27;Não informado
PC002903;64,0;1034,2;Não informado
PC002904;27,0;4265,63;Não informado
PC002905;49,0;2581,4;Não informado
PC002906;67,0;4004,34;Não informado
PC002907;56,0;402,64;Não informado
PC002908;15,0;360,05;Não informado
PC002909;3,0;326,15;Não informado
PC002910;15,0;866,88;Não informado
PC002911;10,0;277,24;Não informado
PC002912;10,0;364,78;Não informado
PC002913;30,0;22,02;Não informado
PC002914;6,0;290,21;Não informado
PC002915;109,0;1913,63;Não informado
PC002916;71,0;409,03;Não informado
PC002917;13,0;1653,67;Não informado
PC002918;5,0;1021,83;Não informado
PC002919;37,0;1094,36;Não informado
PC002920;14,0;16,28;Não informado
PC002921;6,0;21,43;Não informado
PC002922;109,0;826,87;Não informado
PC002923;199,0;1234,53;Não informado
PC002924;71,0;669,46;Não informado
PC002925;6,0;3075,95;Não informado
PC002926;1,0;680,71;Não informado
PC002927;25,0;2271,28;Não informado
PC002928;0,0;1139,86;Não informado
PC002929;3,0;321,83;Não informado
PC002930;8,0;44,62;Não informado
PC002931;4,0;134,84;Não informado
PC002932;27,0;3747,97;Não informado
PC002933;28,0;241,77;Não informado
PC002934;55,0;292,36;Não informado
PC002935;20,0;1066,69;Não informado
PC002936;6,0;861,89;Não informado
PC002937;13,0;948,65;Não informado
PC002938;9,0;83,55;Não informado
PC002939;8,0;806,93;Não informado
PC002940;4,0;3418,86;Não informado
PC002941;10,0;271,62;Não informado
PC002942;3,0;4584,1;Não informado
PC002944;7,0;796,47;Não informado
PC002945;0,0;4154,69;Não informado
PC002946;3,0;1151,06;Não informado
PC002947;28,0;268,97;Não informado
PC002948;133,0;1800,9;Não informado
PC002949;2,0;2999,73;Não informado
PC002950;6,0;465,26;Não informado
PC002951;15,0;3928,08;Não informado
PC002952;6,0;686,8;Não informado
PC002953;62,0;419,54;Não informado
PC002954;11,0;1244,22;Não informado
PC002955;1,0;484,69;Não informado
PC002956;9,0;151,75;Não informado
PC002957;35,0;5486,52;Não informado
PC002958;117,0;54,01;Não informado
PC002959;0,0;1430,92;Não informado
PC002960;10,0;390,52;Não informado
PC002961;48,0;1270,52;Não informado
PC002962;7,0;852,48;Não informado
PC002963;32,0;533,01;Não informado
PC002964;20,0;4871,27;Não informado
PC002965;7,0;598,98;Não informado
PC002966;6,0;470,43;Não informado
PC002967;5,0;3193,79;Não informado
PC002968;5,0;6464,03;Não informado
PC002969;1,0;2833,79;Não informado
PC002970;16,0;912,07;Não informado
PC002971;9,0;991,68;Não informado
PC002972;117,0;325,68;Não informado
PC002973;13,0;291,33;Não informado
PC002974;27,0;80,34;Não informado
PC002975;61,0;1457,57;Não informado
PC002976;4,0;290,99;Não informado
PC002977;22,0;94,46;Não informado
PC002978;6,0;874,52;Não informado
PC002979;66,0;1406,28;Não informado
PC002980;32,0;247,57;Não informado
PC002981;96,0;1393,56;Não informado
PC002982;16,0;816,54;Não informado
PC002983;3,0;1069,47;Não informado
PC002984;25,0;26,09;Não informado
PC002985;1,0;79,8;Não informado
PC002986;47,0;496,35;Não informado
PC002987;1,0;431,45;Não informado
PC002988;10,0;176,11;Não informado
PC002989;26,0;2610,97;Não informado
PC002990;8,0;110,87;Não informado
PC002991;6,0;2062,7;Não informado
PC002992;5,0;349,6;Não informado
PC002994;1,0;36,26;Não informado
PC002995;45,0;418,58;Não informado
PC002996;140,0;1695,59;Não informado
PC002997;42,0;136,64;Não informado
PC002998;9,0;241,76;Não informado
PC002999;28,0;1255,93;Não informado
PC003000;334,0;1181,79;Não informado
PC003001;2,0;916,63;Não informado
PC003002;24,0;61,86;Não informado
PC003003;47,0;2379,26;Não informado
PC003004;145,0;5112,11;Não informado
PC003005;5,0;226,75;Não informado
PC003006;83,0;1434,95;Não informado
PC003007;47,0;551,61;Não informado
PC003008;5,0;365,87;Não informado
PC003009;4,0;464,07;Não informado
PC003011;58,0;322,87;Não informado
PC003012;16,0;8474,19;Não informado
PC003013;66,0;550,58;Não informado
PC003014;51,0;624,94;Não informado
PC003015;1,0;4583,55;Não informado
PC003016;93,0;382,9;Não informado
PC003017;1,0;602,89;Não informado
PC003018;12,0;78,28;Não informado
PC003019;240,0;540,14;Não informado
PC003020;15,0;86,75;Não informado
PC003021;7,0;1955,93;Não informado
PC003022;7,0;385,22;Não informado
PC003023;56,0;954,52;Não informado
PC003024;3,0;505,6;Não informado
PC003025;15,0;204,75;Não informado
PC003026;175,0;466,01;Não informado
PC003027;6,0;654,85;Não informado
PC003028;7,0;2387,5;Não informado
PC003029;13,0;183,0;Não informado
PC003030;42,0;533,09;Não informado
PC003031;10,0;578,28;Não informado
PC003032;43,0;4149,12;Não informado
PC003033;6,0;4706,3;Não informado
PC003034;31,0;3984,41;Não informado
PC003035;6,0;1067,1;Não informado
PC003036;154,0;280,42;Não informado
PC003037;24,0;378,17;Não informado
PC003038;27,0;455,74;Não informado
PC003039;63,0;1328,91;Não informado
PC003041;11,0;108,86;Não informado
PC003042;15,0;524,05;Não informado
PC003043;2,0;1248,76;Não informado
PC003044;77,0;221,85;Não informado
PC003045;34,0;729,02;Não informado
PC003046;3,0;123,37;Não informado
PC003047;37,0;416,03;Não informado
PC003048;91,0;43,91;Não informado
PC003049;23,0;36,45;Não informado
PC003050;10,0;741,34;Não informado
PC003051;10,0;138,33;Não informado
PC003052;26,0;445,75;Não informado
PC003053;26,0;3724,77;Não informado
PC003054;80,0;743,69;Não informado
PC003055;116,0;7204,26;Não informado
PC003056;0,0;184,29;Não informado
PC003057;26,0;105,23;Não informado
PC003058;10,0;69,34;Não informado
PC003059;68,0;391,7;Não informado
PC003060;19,0;421,71;Não informado
PC003061;12,0;305,37;Não informado
PC003062;1,0;329,31;Não informado
PC003063;187,0;1134,91;Não informado
PC003064;17,0;388,12;Não informado
PC003065;22,0;239,49;Não informado
PC003066;8,0;75,56;Não informado
PC003067;17,0;3093,14;Não informado
PC003068;72,0;3124,14;Não informado
PC003069;10,0;73,46;Não informado
PC003070;6,0;563,31;Não informado
PC003072;11,0;670,04;Não informado
PC003073;103,0;775,36;Não informado
PC003074;2,0;280,72;Não informado
PC003075;16,0;190,26;Não informado
PC003076;5,0;4504,54;Não informado
PC003077;7,0;1408,94;Não informado
PC003078;5,0;62,76;Não informado
PC003079;14,0;4786,08;Não informado
PC003080;21,0;1951,45;Não informado
PC003082;18,0;1404,63;Não informado
PC003083;334,0;833,6;Não informado
PC003084;1,0;182,14;Não informado
PC003085;5,0;1421,09;Não informado
PC003086;28,0;738,33;Não informado
PC003087;6,0;661,26;Não informado
PC003088;3,0;1402,69;Não informado
PC003089;17,0;4761,6;Não informado
PC003090;10,0;1078,9;Não informado
PC003091;204,0;370,12;Não informado
PC003092;8,0;2965,4;Não informado
PC003093;7,0;175,53;Não informado
PC003094;3,0;579,45;Não informado
PC003095;10,0;1259,47;Não informado
PC003096;4,0;5837,25;Não informado
PC003097;1,0;2632,32;Não informado
PC003098;41,0;2446,04;Não informado
PC003099;1,0;413,46;Não informado
PC003101;120,0;320,4;Não informado
PC003102;171,0;756,45;Não informado
PC003103;6,0;204,78;Não informado
PC003104;2,0;350,37;Não informado
PC003105;73,0;62,68;Não informado
PC003106;1,0;798,09;Não informado
PC003107;6,0;821,57;Não informado
PC003108;3,0;344,81;Não informado
PC003109;49,0;1092,18;Não informado
PC003110;11,0;911,9;Não informado
PC003111;30,0;808,07;Não informado
PC003112;31,0;44,44;Não informado
PC003113;3,0;40,63;Não informado
PC003114;5,0;542,89;Não informado
PC003115;35,0;292,03;Não informado
PC003116;33,0;423,12;Não informado
PC003117;344,0;6092,31;Não informado
PC003118;57,0;592,05;Não informado
PC003119;292,0;1695,84;Não informado
PC003120;37,0;337,94;Não informado
PC003121;2,0;345,39;Não informado
PC003123;5,0;237,39;Não informado
PC003124;1,0;4916,17;Não informado
PC003125;2,0;793,62;Não informado
PC003126;12,0;167,14;Não informado
PC003127;1,0;716,83;Não informado
PC003128;3,0;941,55;Não informado
PC003129;26,0;157,79;Não informado
PC003130;4,0;100,13;Não informado
PC003131;24,0;2215,95;Não informado
PC003132;31,0;7841,07;Não informado
PC003133;1,0;127,33;Não informado
PC003134;103,0;2653,09;Não informado
PC003135;15,0;623,75;Não informado
PC003136;4,0;258,4;Não informado
PC003137;43,0;3503,13;Não informado
PC003138;79,0;721,38;Não informado
PC003139;31,0;327,09;Não informado
PC003140;3,0;4314,51;Não informado
PC003141;19,0;2392,95;Não informado
PC003142;661,0;928,96;Não informado
PC003145;15,0;694,42;Não informado
PC003146;2,0;357,79;Não informado
PC003147;1,0;541,32;Não informado
PC003148;5,0;173,88;Não informado
PC003150;22,0;842,69;Não informado
PC003151;51,0;695,72;Não informado
PC003152;1,0;659,85;Não informado
PC003153;39,0;1717,59;Não informado
PC003154;15,0;768,79;Não informado
PC003155;51,0;613,7;Não informado
PC003156;8,0;2549,49;Não informado
PC003157;42,0;541,32;Não informado
PC003158;21,0;1025,7;Não informado
PC003159;108,0;1613,52;Não informado
PC003160;3,0;6707,65;Não informado
PC003161;2,0;2984,91;Não informado
PC003162;27,0;1550,89;Não informado
PC003163;17,0;98,14;Não informado
PC003164;10,0;166,98;Não informado
PC003165;10,0;212,79;Não informado
PC003166;62,0;86,54;Não informado
PC003167;1,0;177,87;Não informado
PC003168;5,0;682,12;Não informado
PC003169;41,0;29,74;Não informado
PC003170;10,0;538,43;Não informado
PC003171;2,0;376,91;Não informado
PC003172;12,0;239,26;Não informado
PC003173;946,0;509,2;Não informado
PC003174;2,0;48,81;Não informado
PC003175;14,0;203,7;Não informado
PC003176;1,0;38,38;Não informado
PC003177;22,0;59,38;Não informado
PC003178;3,0;572,29;Não informado
PC003179;43,0;1129,95;Não informado
PC003180;46,0;488,35;Não informado
PC003181;9,0;2384,59;Não informado
PC003182;3,0;966,3;Não informado
PC003183;1,0;362,84;Não informado
PC003184;1,0;317,75;Não informado
PC003186;13,0;128,35;Não informado
PC003187;4,0;275,03;Não informado
PC003189;5,0;431,36;Não informado
PC003190;136,0;184,69;Não informado
PC003191;7,0;827,99;Não informado
PC003192;4,0;158,97;Não informado
PC003193;16,0;946,1;Não informado
PC003194;9,0;80,99;Não informado
PC003195;6,0;2406,91;Não informado
PC003196;35,0;4241,18;Não informado
PC003197;17,0;94,66;Não informado
PC003198;6,0;966,21;Não informado
PC003199;12,0;190,65;Não informado
PC003200;8,0;897,15;Não informado
PC003201;68,0;2320,11;Não informado
PC003202;62,0;2085,57;Não informado
PC003204;5,0;7983,33;Não informado
PC003205;71,0;569,06;Não informado
PC003206;7,0;973,75;Não informado
PC003207;7,0;4201,52;Não informado
PC003208;1,0;1493,49;Não informado
PC003209;23,0;763,11;Não informado
PC003210;10,0;1128,39;Não informado
PC003211;3,0;312,2;Não informado
PC003212;68,0;280,3;Não informado
PC003213;12,0;3860,7;Não informado
PC003214;3,0;1435,33;Não informado
PC003215;100,0;1391,76;Não informado
PC003216;1,0;1159,9;Não informado
PC003217;13,0;3775,14;Não informado
PC003218;4,0;976,55;Não informado
PC003219;1,0;217,0;Não informado
PC003220;14,0;2646,55;Não informado
PC003221;6,0;315,71;Não informado
PC003222;469,0;255,25;Não informado
PC003223;30,0;1757,6;Não informado
PC003224;14,0;2924,8;Não informado
PC003225;53,0;4306,14;Não informado
PC003226;27,0;1115,87;Não informado
PC003227;18,0;583,8;Não informado
PC003228;1,0;432,37;Não informado
PC003229;19,0;227,93;Não informado
PC003230;119,0;1087,8;Não informado
PC003231;33,0;526,1;Não informado
PC003233;1,0;77,64;Não informado
PC003234;10,0;669,95;Não informado
PC003235;8,0;1353,36;Não informado
PC003236;4,0;992,09;Não informado
PC003237;36,0;847,36;Não informado
PC003239;100,0;1027,68;Não informado
PC003240;78,0;68,69;Não informado
PC003241;9,0;78,4;Não informado
PC003242;1,0;518,46;Não informado
PC003243;5,0;1399,89;Não informado
PC003244;82,0;824,23;Não informado
PC003245;1,0;3682,56;Não informado
PC003246;12,0;1540,31;Não informado
PC003247;11,0;4176,03;Não informado
PC003248;125,0;762,09;Não informado
PC003249;12,0;158,51;Não informado
PC003252;3,0;2239,6;Não informado
PC003253;3,0;94,87;Não informado
PC003256;78,0;761,47;Não informado
PC003257;3,0;728,0;Não informado
PC003258;98,0;61,58;Não informado
PC003259;25,0;1885,73;Não informado
PC003260;2,0;1122,79;Não informado
PC003261;27,0;181,0;Não informado
PC003262;69,0;4700,63;Não informado
PC003263;3,0;801,04;Não informado
PC003264;5,0;185,79;Não informado
PC003265;6,0;950,83;Não informado
PC003266;26,0;2614,2;Não informado
PC003267;37,0;121,94;Não informado
PC003268;3,0;3565,86;Não informado
PC003269;43,0;1203,36;Não informado
PC003270;265,0;312,97;Não informado
PC003271;10,0;3507,55;Não informado
PC003272;4,0;134,55;Não informado
PC003273;28,0;644,14;Não informado
PC003274;70,0;322,69;Não informado
PC003275;5,0;98,27;Não informado
PC003276;24,0;187,27;Não informado
PC003277;39,0;1500,62;Não informado
PC003278;83,0;821,13;Não informado
PC003279;94,0;108,47;Não informado
PC003280;17,0;202,95;Não informado
PC003281;1,0;1295,62;Não informado
PC003282;12,0;636,06;Não informado
PC003283;6,0;675,85;Não informado
PC003284;11,0;5489,28;Não informado
PC003286;52,0;982,33;Não informado
PC003287;28,0;2217,55;Não informado
PC003288;41,0;1414,46;Não informado
PC003289;6,0;2515,17;Não informado
PC003290;19,0;4325,68;Não informado
PC003291;34,0;927,8;Não informado
PC003292;23,0;93,98;Não informado
PC003293;8,0;377,78;Não informado
PC003294;4,0;434,85;Não informado
PC003295;1,0;85,04;Não informado
PC003296;8,0;426,71;Não informado
PC003297;94,0;84,11;Não informado
PC003298;2,0;354,67;Não informado
PC003299;28,0;905,42;Não informado
PC003300;61,0;497,41;Não informado
PC003301;7,0;2942,17;Não informado
PC003302;7,0;291,7;Não informado
PC003305;5,0;80,87;Não informado
PC003306;6,0;800,41;Não informado
PC003307;324,0;884,23;Não informado
PC003308;62,0;1005,19;Não informado
PC003309;19,0;2094,81;Não informado
PC003310;7,0;98,19;Não informado
PC003311;30,0;3346,46;Não informado
PC003312;3,0;597,53;Não informado
PC003313;5,0;79,03;Não informado
PC003314;73,0;109,24;Não informado
PC003315;4,0;208,55;Não informado
PC003316;9,0;7595,06;Não informado
PC003317;6,0;806,17;Não informado
PC003318;26,0;241,11;Não informado
PC003320;87,0;570,21;Não informado
PC003321;6,0;1224,72;Não informado
PC003322;228,0;18,24;Não informado
PC003323;63,0;2559,11;Não informado
PC003324;6,0;1312,14;Não informado
PC003325;2,0;130,83;Não informado
PC003326;21,0;5282,79;Não informado
PC003327;6,0;1097,44;Não informado
PC003328;5,0;396,75;Não informado
PC003329;1,0;6308,25;Não informado
PC003330;32,0;4867,18;Não informado
PC003331;38,0;243,01;Não informado
PC003332;12,0;6596,04;Não informado
PC003334;90,0;82,89;Não informado
PC003335;23,0;2161,09;Não informado
PC003336;37,0;1531,71;Não informado
PC003337;95,0;779,96;Não informado
PC003338;15,0;935,56;Não informado
PC003339;33,0;696,68;Não informado
PC003340;5,0;94,26;Não informado
PC003341;5,0;6765,54;Não informado
PC003343;14,0;1216,56;Não informado
PC003344;64,0;131,86;Não informado
PC003345;1,0;1577,46;Não informado
PC003346;40,0;988,2;Não informado
PC003347;3,0;523,33;Não informado
PC003348;33,0;4237,42;Não informado
PC003349;14,0;683,39;Não informado
PC003350;5,0;514,94;Não informado
PC003352;5,0;2662,39;Não informado
PC003353;158,0;1068,43;Não informado
PC003354;12,0;1182,92;Não informado
PC003355;26,0;884,38;Não informado
PC003356;1,0;134,35;Não informado
PC003357;2,0;248,76;Não informado
PC003358;4,0;533,57;Não informado
PC003359;6,0;754,34;Não informado
PC003360;25,0;395,84;Não informado
PC003361;22,0;73,74;Não informado
PC003362;4,0;498,82;Não informado
PC003363;6,0;1320,97;Não informado
PC003364;40,0;104,14;Não informado
PC003365;68,0;2954,23;Não informado
PC003366;18,0;123,96;Não informado
PC003367;3,0;670,12;Não informado
PC003368;6,0;45,36;Não informado
PC003369;9,0;19,82;Não informado
PC003370;3,0;333,03;Não informado
PC003371;29,0;148,82;Não informado
PC003372;18,0;485,44;Não informado
PC003373;6,0;2482,78;Não informado
PC003374;27,0;1654,3;Não informado
PC003375;2,0;1610,23;Não informado
PC003376;8,0;317,35;Não informado
PC003377;34,0;429,96;Não informado
PC003378;10,0;63,2;Não informado
PC003379;24,0;364,47;Não informado
PC003380;14,0;6315,1;Não informado
PC003381;44,0;103,03;Não informado
PC003382;50,0;171,73;Não informado
PC003383;1,0;430,96;Não informado
PC003384;2,0;1217,97;Não informado
PC003385;1,0;147,36;Não informado
PC003387;40,0;338,84;Não informado
PC003388;3,0;7584,24;Não informado
PC003389;55,0;366,93;Não informado
PC003390;9,0;1622,35;Não informado
PC003391;17,0;415,98;Não informado
PC003392;13,0;1091,36;Não informado
PC003393;26,0;3120,87;Não informado
PC003394;33,0;816,51;Não informado
PC003395;1,0;203,07;Não informado
PC003396;40,0;6930,54;Não informado
PC003397;25,0;2088,77;Não informado
PC003398;7,0;588,41;Não informado
PC003399;29,0;1470,15;Não informado
PC003400;6,0;919,98;Não informado
PC003401;4,0;181,08;Não informado
PC003402;6,0;69,44;Não informado
PC003403;4,0;485,14;Não informado
PC003404;31,0;335,13;Não informado
PC003405;57,0;2023,16;Não informado
PC003406;2,0;764,27;Não informado
PC003407;77,0;388,22;Não informado
PC003408;6,0;596,34;Não informado
PC003409;11,0;4089,95;Não informado
PC003410;14,0;839,69;Não informado
PC003411;4,0;574,74;Não informado
PC003412;13,0;1584,99;Não informado
PC003413;6,0;515,55;Não informado
PC003414;11,0;130,34;Não informado
PC003415;9,0;1945,34;Não informado
PC003416;8,0;1266,6;Não informado
PC003417;35,0;5620,57;Não informado
PC003418;267,0;3729,15;Não informado
PC003419;13,0;854,01;Não informado
PC003420;30,0;216,33;Não informado
PC003421;6,0;317,81;Não informado
PC003422;43,0;1336,0;Não informado
PC003423;16,0;1797,6;Não informado
PC003424;4,0;586,62;Não informado
PC003425;9,0;74,03;Não informado
PC003426;21,0;276,32;Não informado
PC003427;67,0;368,54;Não informado
PC003428;2,0;481,87;Não informado
PC003429;61,0;1814,36;Não informado
PC003430;3,0;214,79;Não informado
PC003431;5,0;269,95;Não informado
PC003433;7,0;48,57;Não informado
PC003434;13,0;847,07;Não informado
PC003435;30,0;631,09;Não informado
PC003436;9,0;1087,43;Não informado
PC003437;1,0;4750,6;Não informado
PC003438;60,0;71,05;Não informado
PC003439;0,0;3037,24;Não informado
PC003441;19,0;181,39;Não informado
PC003443;3,0;227,15;Não informado
PC003444;35,0;4265,71;Não informado
PC003445;44,0;525,91;Não informado
PC003446;3,0;313,38;Não informado
PC003447;18,0;639,09;Não informado
PC003448;548,0;213,34;Não informado
PC003450;3,0;59,23;Não informado
PC003451;13,0;1719,73;Não informado
PC003452;45,0;2274,13;Não informado
PC003453;1,0;68,37;Não informado
PC003454;45,0;3260,07;Não informado
PC003455;204,0;808,56;Não informado
PC003456;2,0;265,06;Não informado
PC003457;369,0;4362,59;Não informado
PC003458;82,0;1619,02;Não informado
PC003459;6,0;92,55;Não informado
PC003460;2,0;5023,79;Não informado
PC003461;11,0;1379,12;Não informado
PC003462;1,0;951,85;Não informado
PC003463;9,0;4564,1;Não informado
PC003464;112,0;1735,72;Não informado
PC003465;70,0;748,12;Não informado
PC003466;3,0;1101,08;Não informado
PC003467;60,0;524,32;Não informado
PC003468;2,0;221,06;Não informado
PC003470;6,0;171,4;Não informado
PC003471;9,0;1264,8;Não informado
PC003473;5,0;2711,91;Não informado
PC003474;1,0;617,57;Não informado
PC003475;26,0;958,92;Não informado
PC003476;13,0;2077,8;Não informado
PC003477;9,0;675,75;Não informado
PC003478;39,0;227,61;Não informado
PC003480;7,0;4041,31;Não informado
PC003481;2,0;1312,67;Não informado
PC003482;1,0;6429,29;Não informado
PC003483;9,0;1439,71;Não informado
PC003484;5,0;79,85;Não informado
PC003485;4,0;386,78;Não informado
PC003486;19,0;79,0;Não informado
PC003487;66,0;792,79;Não informado
PC003488;5,0;366,11;Não informado
PC003489;1,0;72,58;Não informado
PC003490;9,0;313,77;Não informado
PC003491;7,0;1774,32;Não informado
PC003492;1,0;894,53;Não informado
PC003494;5,0;741,43;Não informado
PC003495;51,0;625,52;Não informado
PC003496;54,0;27,37;Não informado
PC003497;15,0;117,85;Não informado
PC003498;1,0;596,27;Não informado
PC003499;140,0;199,87;Não informado
PC003500;2,0;122,34;Não informado
PC003501;324,0;2590,42;Não informado
PC003502;29,0;728,72;Não informado
PC003504;91,0;104,94;Não informado
PC003505;116,0;68,56;Não informado
PC003506;5,0;59,47;Não informado
PC003507;8,0;366,96;Não informado
PC003508;843,0;6034,88;Não informado
PC003509;6,0;47,72;Não informado
PC003510;15,0;150,27;Não informado
PC003511;3,0;1228,21;Não informado
PC003512;26,0;592,69;Não informado
PC003513;5,0;575,72;Não informado
PC003514;0,0;109,3;Não informado
PC003515;4,0;2848,03;Não informado
PC003516;3,0;424,48;Não informado
PC003517;2,0;80,65;Não informado
PC003518;11,0;2920,86;Não informado
PC003519;56,0;667,25;Não informado
PC003520;8,0;817,73;Não informado
PC003521;5,0;4564,55;Não informado
PC003522;30,0;3498,0;Não informado
PC003523;8,0;85,37;Não informado
PC003524;14,0;1016,14;Não informado
PC003525;9,0;643,93;Não informado
PC003526;1,0;803,03;Não informado
PC003527;1,0;282,26;Não informado
PC003528;1,0;1182,8;Não informado
PC003529;115,0;145,46;Não informado
PC003530;6,0;380,07;Não informado
PC003531;324,0;101,01;Não informado
PC003532;7,0;71,37;Não informado
PC003533;10,0;4943,94;Não informado
PC003534;4,0;711,11;Não informado
PC003535;4,0;424,65;Não informado
PC003536;6,0;1503,13;Não informado
PC003537;40,0;2214,56;Não informado
PC003538;3,0;179,96;Não informado
PC003539;22,0;937,48;Não informado
PC003540;18,0;3664,35;Não informado
PC003541;112,0;478,41;Não informado
PC003542;2,0;998,24;Não informado
PC003543;11,0;730,63;Não informado
PC003544;34,0;7279,94;Não informado
PC003545;1,0;1652,99;Não informado
PC003546;22,0;3893,64;Não informado
PC003547;5,0;247,88;Não informado
PC003548;5,0;79,16;Não informado
PC003549;16,0;108,93;Não informado
PC003550;9,0;1481,45;Não informado
PC003551;254,0;1208,9;Não informado
PC003552;12,0;360,72;Não informado
PC003553;0,0;49,68;Não informado
PC003554;3,0;750,85;Não informado
PC003555;36,0;1579,36;Não informado
PC003556;2,0;92,84;Não informado
PC003557;6,0;2340,03;Não informado
PC003559;0,0;486,76;Não informado
PC003560;4,0;41,25;Não informado
PC003561;104,0;35,89;Não informado
PC003562;93,0;462,35;Não informado
PC003563;28,0;1630,97;Não informado
PC003564;10,0;355,37;Não informado
PC003565;7,0;1498,32;Não informado
PC003566;11,0;966,37;Não informado
PC003567;18,0;5199,27;Não informado
PC003568;15,0;261,27;Não informado
PC003569;37,0;174,65;Não informado
PC003570;4,0;125,81;Não informado
PC003571;10,0;202,2;Não informado
PC003572;30,0;2783,69;Não informado
PC003573;1,0;295,75;Não informado
PC003575;4,0;1405,1;Não informado
PC003576;4,0;121,84;Não informado
PC003577;437,0;642,59;Não informado
PC003578;59,0;79,12;Não informado
PC003579;11,0;2050,93;Não informado
PC003580;20,0;4168,65;Não informado
PC003581;9,0;351,84;Não informado
PC003582;2,0;3965,66;Não informado
PC003583;7,0;775,72;Não informado
PC003584;12,0;270,86;Não informado
PC003585;10,0;1864,82;Não informado
PC003586;1,0;3753,69;Não informado
PC003587;63,0;292,53;Não informado
PC003588;0,0;6115,7;Não informado
PC003589;8,0;1650,34;Não informado
PC003590;66,0;436,88;Não informado
PC003591;5,0;4969,58;Não informado
PC003592;4,0;175,28;Não informado
PC003593;9,0;240,8;Não informado
PC003594;163,0;788,41;Não informado
PC003595;2,0;240,61;Não informado
PC003596;28,0;104,13;Não informado
PC003597;7,0;2342,76;Não informado
PC003598;5,0;376,58;Não informado
PC003600;11,0;1097,92;Não informado
PC003601;5,0;3925,24;Não informado
PC003602;2,0;166,85;Não informado
PC003603;6,0;307,3;Não informado
PC003604;27,0;6195,49;Não informado
PC003605;77,0;801,58;Não informado
PC003606;8,0;519,82;Não informado
PC003607;56,0;2438,99;Não informado
PC003608;4,0;4286,26;Não informado
PC003609;64,0;1331,14;Não informado
PC003610;76,0;4318,71;Não informado
PC003611;13,0;693,09;Não informado
PC003612;10,0;240,45;Não informado
PC003613;9,0;228,88;Não informado
PC003614;401,0;963,0;Não informado
PC003615;39,0;403,76;Não informado
PC003616;5,0;80,49;Não informado
PC003617;1,0;76,84;Não informado
PC003618;11,0;865,88;Não informado
PC003619;33,0;837,79;Não informado
PC003620;5,0;599,92;Não informado
PC003621;67,0;1185,2;Não informado
PC003622;1,0;678,39;Não informado
PC003623;42,0;1018,49;Não informado
PC003624;91,0;111,7;Não informado
PC003625;6,0;14,78;Não informado
PC003626;5,0;823,36;Não informado
PC003627;14,0;373,73;Não informado
PC003628;7,0;864,25;Não informado
PC003629;33,0;1058,04;Não informado
PC003630;2,0;342,99;Não informado
PC003631;3,0;6691,78;Não informado
PC003632;2,0;1045,49;Não informado
PC003633;23,0;356,86;Não informado
PC003634;1,0;17,19;Não informado
PC003635;5,0;289,33;Não informado
PC003636;7,0;4178,14;Não informado
PC003637;3,0;75,05;Não informado
PC003638;205,0;130,38;Não informado
PC003639;58,0;1016,91;Não informado
PC003640;32,0;1198,32;Não informado
PC003641;44,0;226,38;Não informado
PC003642;4,0;94,42;Não informado
PC003643;42,0;342,46;Não informado
PC003644;12,0;387,24;Não informado
PC003645;22,0;266,05;Não informado
PC003646;43,0;3683,7;Não informado
PC003647;4,0;209,17;Não informado
PC003648;171,0;728,53;Não informado
PC003649;41,0;4531,53;Não informado
PC003650;3,0;5464,63;Não informado
PC003651;33,0;69,13;Não informado
PC003652;544,0;1564,9;Não informado
PC003653;27,0;752,66;Não informado
PC003654;147,0;212,71;Não informado
PC003655;19,0;2715,6;Não informado
PC003656;2,0;649,61;Não informado
PC003657;6,0;553,95;Não informado
PC003658;12,0;687,3;Não informado
PC003659;26,0;464,59;Não informado
PC003660;95,0;66,75;Não informado
PC003662;14,0;1040,04;Não informado
PC003663;153,0;642,73;Não informado
PC003664;12,0;1128,36;Não informado
PC003665;86,0;3562,26;Não informado
PC003666;1,0;582,05;Não informado
PC003667;19,0;943,71;Não informado
PC003668;3,0;4257,71;Não informado
PC003669;11,0;294,24;Não informado
PC003670;70,0;1118,07;Não informado
PC003671;6,0;2167,16;Não informado
PC003672;32,0;7102,85;Não informado
PC003673;11,0;5567,48;Não informado
PC003674;27,0;3466,03;Não informado
PC003675;3,0;323,21;Não informado
PC003676;8,0;295,99;Não informado
PC003677;52,0;62,45;Não informado
PC003678;1,0;644,08;Não informado
PC003679;8,0;958,04;Não informado
PC003680;2,0;532,98;Não informado
PC003681;40,0;35,66;Não informado
PC003682;67,0;817,5;Não informado
PC003683;7,0;285,93;Não informado
PC003684;1,0;557,34;Não informado
PC003686;7,0;543,28;Não informado
PC003687;251,0;394,77;Não informado
PC003688;2,0;44,66;Não informado
PC003689;11,0;58,06;Não informado
PC003690;307,0;556,72;Não informado
PC003691;9,0;1011,84;Não informado
PC003692;10,0;1144,57;Não informado
PC003693;13,0;1847,65;Não informado
PC003694;6,0;1563,34;Não informado
PC003695;16,0;2416,89;Não informado
PC003696;15,0;427,76;Não informado
PC003697;64,0;162,39;Não informado
PC003698;2,0;26,44;Não informado
PC003699;24,0;296,92;Não informado
PC003701;15,0;423,21;Não informado
PC003702;13,0;290,32;Não informado
PC003703;10,0;171,19;Não informado
PC003704;2,0;177,67;Não informado
PC003705;227,0;866,19;Não informado
PC003706;1,0;51,03;Não informado
PC003707;144,0;1559,68;Não informado
PC003708;3,0;1690,98;Não informado
PC003709;4,0;218,37;Não informado
PC003710;11,0;1783,79;Não informado
PC003711;22,0;962,36;Não informado
PC003712;2,0;472,85;Não informado
PC003713;65,0;1916,91;Não informado
PC003714;14,0;1073,68;Não informado
PC003715;136,0;129,5;Não informado
PC003716;2,0;2222,42;Não informado
PC003717;38,0;2579,93;Não informado
PC003718;45,0;1052,54;Não informado
PC003719;46,0;1165,9;Não informado
PC003720;22,0;1263,9;Não informado
PC003721;23,0;810,66;Não informado
PC003722;133,0;752,19;Não informado
PC003723;7,0;64,73;Não informado
PC003724;3,0;221,77;Não informado
PC003725;8,0;3177,74;Não informado
PC003726;7,0;1223,1;Não informado
PC003727;86,0;447,63;Não informado
PC003728;105,0;1153,68;Não informado
PC003729;66,0;726,21;Não informado
PC003730;4,0;1066,3;Não informado
PC003731;35,0;240,35;Não informado
PC003732;5,0;317,87;Não informado
PC003733;14,0;526,95;Não informado
PC003734;6,0;944,4;Não informado
PC003735;2,0;1246,94;Não informado
PC003736;22,0;254,4;Não informado
PC003737;381,0;2791,87;Não informado
PC003739;11,0;1133,54;Não informado
PC003740;1,0;279,92;Não informado
PC003741;97,0;105,22;Não informado
PC003742;1,0;1348,96;Não informado
PC003743;2,0;222,31;Não informado
PC003744;2,0;697,09;Não informado
PC003745;2,0;99,41;Não informado
PC003746;72,0;547,34;Não informado
PC003747;0,0;483,32;Não informado
PC003748;21,0;74,82;Não informado
PC003749;23,0;654,19;Não informado
PC003750;67,0;334,17;Não informado
PC003751;2,0;863,16;Não informado
PC003752;28,0;81,87;Não informado
PC003753;2,0;101,46;Não informado
PC003754;6,0;826,89;Não informado
PC003755;1,0;1060,18;Não informado
PC003756;6,0;307,24;Não informado
PC003758;26,0;631,21;Não informado
PC003759;10,0;3190,01;Não informado
PC003760;27,0;1036,42;Não informado
PC003761;9,0;166,85;Não informado
PC003762;19,0;43,27;Não informado
PC003763;8,0;292,13;Não informado
PC003764;5,0;874,67;Não informado
PC003765;144,0;110,16;Não informado
PC003766;5,0;347,02;Não informado
PC003767;16,0;1092,6;Não informado
PC003768;8,0;465,3;Não informado
PC003769;8,0;619,89;Não informado
PC003770;117,0;63,78;Não informado
PC003771;310,0;2376,87;Não informado
PC003773;5,0;61,2;Não informado
PC003774;36,0;2887,57;Não informado
PC003775;1,0;452,1;Não informado
PC003776;28,0;166,55;Não informado
PC003777;13,0;3218,76;Não informado
PC003778;5,0;3995,36;Não informado
PC003779;1,0;58,99;Não informado
PC003780;3,0;5101,72;Não informado
PC003781;66,0;596,48;Não informado
PC003782;321,0;919,78;Não informado
PC003783;23,0;4923,71;Não informado
PC003784;1,0;666,26;Não informado
PC003785;3,0;568,07;Não informado
PC003786;3,0;163,77;Não informado
PC003787;13,0;533,1;Não informado
PC003788;54,0;303,75;Não informado
PC003790;413,0;857,25;Não informado
PC003791;14,0;179,87;Não informado
PC003792;78,0;242,27;Não informado
PC003793;1,0;1570,23;Não informado
PC003794;4,0;650,13;Não informado
PC003795;417,0;571,2;Não informado
PC003796;2,0;3271,43;Não informado
PC003797;2,0;736,0;Não informado
PC003798;21,0;255,59;Não informado
PC003799;34,0;2322,01;Não informado
PC003800;4,0;1610,91;Não informado
PC003801;22,0;1091,52;Não informado
PC003802;25,0;3691,36;Não informado
PC003803;10,0;280,33;Não informado
PC003804;16,0;63,36;Não informado
PC003805;17,0;175,53;Não informado
PC003806;8,0;335,42;Não informado
PC003807;8,0;1584,56;Não informado
PC003808;1,0;510,97;Não informado
PC003809;10,0;21,86;Não informado
PC003810;3,0;824,66;Não informado
PC003811;40,0;1595,14;Não informado
PC003812;22,0;106,9;Não informado
PC003813;29,0;1224,14;Não informado
PC003814;2,0;789,31;Não informado
PC003816;12,0;17,51;Não informado
PC003817;2,0;49,33;Não informado
PC003818;0,0;706,31;Não informado
PC003819;8,0;872,9;Não informado
PC003820;25,0;344,49;Não informado
PC003821;11,0;2777,2;Não informado
PC003822;4,0;605,39;Não informado
PC003823;1,0;4525,04;Não informado
PC003824;57,0;510,44;Não informado
PC003825;15,0;188,71;Não informado
PC003827;3,0;362,15;Não informado
PC003828;26,0;4125,34;Não informado
PC003829;33,0;671,03;Não informado
PC003830;80,0;245,07;Não informado
PC003831;4,0;182,24;Não informado
PC003832;8,0;945,15;Não informado
PC003833;2,0;502,86;Não informado
PC003834;17,0;67,36;Não informado
PC003835;23,0;2128,94;Não informado
PC003836;8,0;3684,78;Não informado
PC003837;17,0;151,03;Não informado
PC003838;559,0;1242,83;Não informado
PC003839;52,0;1033,1;Não informado
PC003840;14,0;771,64;Não informado
PC003841;2,0;1773,55;Não informado
PC003842;77,0;3472,5;Não informado
PC003843;8,0;105,14;Não informado
PC003844;1,0;1054,95;Não informado
PC003845;1,0;1413,41;Não informado
PC003846;81,0;199,86;Não informado
PC003848;3,0;75,83;Não informado
PC003849;5,0;654,34;Não informado
PC003850;10,0;543,62;Não informado
PC003851;29,0;332,63;Não informado
PC003852;8,0;396,16;Não informado
PC003853;18,0;5301,18;Não informado
PC003854;15,0;406,7;Não informado
PC003855;67,0;793,81;Não informado
PC003856;11,0;796,08;Não informado
PC003857;4,0;5573,1;Não informado
PC003858;7,0;863,57;Não informado
PC003859;9,0;66,99;Não informado
PC003860;25,0;6081,35;Não informado
PC003861;16,0;558,11;Não informado
PC003862;3,0;159,61;Não informado
PC003863;88,0;1365,78;Não informado
PC003864;24,0;2253,05;Não informado
PC003865;12,0;5931,95;Não informado
PC003866;10,0;761,78;Não informado
PC003867;4,0;106,83;Não informado
PC003868;25,0;304,16;Não informado
PC003869;3,0;429,98;Não informado
PC003870;6,0;1001,36;Não informado
PC003871;131,0;965,72;Não informado
PC003872;34,0;158,8;Não informado
PC003873;8,0;102,76;Não informado
PC003874;120,0;399,33;Não informado
PC003875;4,0;1591,49;Não informado
PC003876;38,0;261,11;Não informado
PC003877;4,0;433,71;Não informado
PC003878;55,0;734,92;Não informado
PC003879;17,0;358,54;Não informado
PC003881;50,0;81,31;Não informado
PC003882;48,0;197,68;Não informado
PC003883;35,0;1044,04;Não informado
PC003884;3,0;514,98;Não informado
PC003885;13,0;5945,46;Não informado
PC003886;2,0;616,6;Não informado
PC003887;27,0;2817,78;Não informado
PC003888;50,0;161,01;Não informado
PC003889;251,0;245,63;Não informado
PC003890;5,0;23,98;Não informado
PC003891;68,0;149,05;Não informado
PC003893;20,0;576,82;Não informado
PC003894;1,0;60,22;Não informado
PC003895;7,0;988,71;Não informado
PC003896;3,0;841,23;Não informado
PC003897;5,0;374,02;Não informado
PC003898;2,0;65,04;Não informado
PC003899;1,0;718,16;Não informado
PC003900;31,0;4863,06;Não informado
PC003901;16,0;55,52;Não informado
PC003902;2,0;3089,19;Não informado
PC003903;9,0;282,86;Não informado
PC003904;26,0;197,82;Não informado
PC003906;1,0;1485,01;Não informado
PC003907;111,0;111,43;Não informado
PC003908;11,0;4587,93;Não informado
PC003909;12,0;734,7;Não informado
PC003910;50,0;71,39;Não informado
PC003911;1,0;5011,61;Não informado
PC003912;26,0;1311,98;Não informado
PC003913;16,0;463,86;Não informado
PC003914;112,0;670,92;Não informado
PC003915;12,0;122,3;Não informado
PC003916;2,0;214,87;Não informado
PC003917;0,0;561,32;Não informado
PC003918;19,0;418,77;Não informado
PC003919;12,0;588,11;Não informado
PC003921;17,0;3587,56;Não informado
PC003922;24,0;231,73;Não informado
PC003923;3,0;372,68;Não informado
PC003924;4,0;2486,04;Não informado
PC003925;566,0;373,91;Não informado
PC003926;17,0;954,16;Não informado
PC003927;2,0;1962,38;Não informado
PC003928;5,0;463,16;Não informado
PC003929;13,0;4752,4;Não informado
PC003930;33,0;4437,21;Não informado
PC003931;2,0;759,46;Não informado
PC003932;18,0;129,9;Não informado
PC003933;8,0;78,96;Não informado
PC003934;3,0;330,52;Não informado
PC003935;107,0;1184,99;Não informado
PC003936;235,0;1084,59;Não informado
PC003937;15,0;111,78;Não informado
PC003938;36,0;668,81;Não informado
PC003939;35,0;952,51;Não informado
PC003940;24,0;89,93;Não informado
PC003941;23,0;434,0;Não informado
PC003942;25,0;660,37;Não informado
PC003944;17,0;64,18;Não informado
PC003945;1,0;33,23;Não informado
PC003946;3,0;748,3;Não informado
PC003947;25,0;1175,05;Não informado
PC003948;41,0;849,07;Não informado
PC003949;3,0;5289,87;Não informado
PC003950;2,0;509,29;Não informado
PC003951;65,0;7774,41;Não informado
PC003952;14,0;874,79;Não informado
PC003953;30,0;321,38;Não informado
PC003954;62,0;103,05;Não informado
PC003955;8,0;84,2;Não informado
PC003956;1,0;5400,72;Não informado
PC003957;15,0;464,05;Não informado
PC003958;1,0;170,03;Não informado
PC003959;5,0;112,84;Não informado
PC003960;8,0;642,31;Não informado
PC003961;8,0;939,1;Não informado
PC003962;4,0;104,7;Não informado
PC003963;3,0;1562,05;Não informado
PC003964;33,0;869,16;Não informado
PC003965;92,0;386,71;Não informado
PC003966;19,0;1993,14;Não informado
PC003967;6,0;639,83;Não informado
PC003968;214,0;409,87;Não informado
PC003969;2,0;6072,95;Não informado
PC003970;40,0;1443,65;Não informado
PC003971;17,0;206,47;Não informado
PC003972;52,0;2064,1;Não informado
PC003973;86,0;3200,26;Não informado
PC003974;10,0;174,82;Não informado
PC003975;9,0;2148,81;Não informado
PC003976;25,0;1002,51;Não informado
PC003977;75,0;608,79;Não informado
PC003978;149,0;329,27;Não informado
PC003979;26,0;84,29;Não informado
PC003980;13,0;281,21;Não informado
PC003981;13,0;817,25;Não informado
PC003982;2,0;1143,9;Não informado
PC003983;8,0;1141,69;Não informado
PC003984;55,0;114,19;Não informado
PC003985;2,0;2753,92;Não informado
PC003986;12,0;492,95;Não informado
PC003987;53,0;187,33;Não informado
PC003988;14,0;1973,13;Não informado
PC003989;198,0;229,3;Não informado
PC003990;59,0;333,54;Não informado
PC003991;2,0;1672,05;Não informado
PC003992;2,0;3372,51;Não informado
PC003993;112,0;3108,61;Não informado
PC003994;3,0;1889,43;Não informado
PC003995;11,0;1023,06;Não informado
PC003996;17,0;83,98;Não informado
PC003997;46,0;257,66;Não informado
PC003998;10,0;1218,51;Não informado
PC003999;11,0;658,28;Não informado
PC004000;129,0;502,71;Não informado
PC004001;20,0;62,05;Não informado
PC004002;29,0;834,94;Não informado
PC004003;6,0;256,41;Não informado
PC004004;4,0;627,26;Não informado
PC004005;28,0;1418,4;Não informado
PC004006;16,0;1015,53;Não informado
PC004007;7,0;149,51;Não informado
PC004008;178,0;49,02;Não informado
PC004009;57,0;129,0;Não informado
PC004010;10,0;709,14;Não informado
PC004011;11,0;1456,14;Não informado
PC004012;12,0;743,9;Não informado
PC004014;48,0;1504,86;Não informado
PC004015;12,0;4675,49;Não informado
PC004016;3,0;752,07;Não informado
PC004018;6,0;36,88;Não informado
PC004019;11,0;254,93;Não informado
PC004020;26,0;4332,57;Não informado
PC004021;34,0;628,16;Não informado
PC004022;10,0;160,94;Não informado
PC004023;15,0;1113,18;Não informado
PC004024;55,0;1002,58;Não informado
PC004025;2,0;350,53;Não informado
PC004026;68,0;31,16;Não informado
PC004027;26,0;2261,99;Não informado
PC004028;5,0;6609,77;Não informado
PC004029;9,0;254,38;Não informado
PC004030;3,0;1677,67;Não informado
PC004031;15,0;258,61;Não informado
PC004032;6,0;448,79;Não informado
PC004033;1,0;1926,98;Não informado
PC004034;10,0;1460,39;Não informado
PC004035;3,0;250,65;Não informado
PC004036;3,0;6671,55;Não informado
PC004037;88,0;914,15;Não informado
PC004038;4,0;203,6;Não informado
PC004039;7,0;4267,86;Não informado
PC004040;45,0;836,23;Não informado
PC004041;18,0;460,65;Não informado
PC004042;5,0;1579,29;Não informado
PC004043;1,0;309,9;Não informado
PC004044;60,0;367,54;Não informado
PC004045;2,0;2823,52;Não informado
PC004046;43,0;291,36;Não informado
PC004047;4,0;98,83;Não informado
PC004048;4,0;365,36;Não informado
PC004049;9,0;2909,16;Não informado
PC004051;317,0;726,83;Não informado
PC004052;33,0;3411,61;Não informado
PC004053;28,0;626,09;Não informado
PC004054;2,0;846,34;Não informado
PC004055;1,0;979,0;Não informado
PC004056;4,0;1016,81;Não informado
PC004057;12,0;5085,61;Não informado
PC004058;5,0;1606,31;Não informado
PC004059;7,0;1538,29;Não informado
PC004060;11,0;148,5;Não informado
PC004061;12,0;221,16;Não informado
PC004062;6,0;354,41;Não informado
PC004063;499,0;1651,69;Não informado
PC004064;149,0;176,28;Não informado
PC004065;22,0;28,79;Não informado
PC004066;13,0;785,25;Não informado
PC004067;68,0;1379,31;Não informado
PC004068;1,0;183,14;Não informado
PC004069;3,0;2961,63;Não informado
PC004070;11,0;164,08;Não informado
PC004071;4,0;386,37;Não informado
PC004073;5,0;91,19;Não informado
PC004074;2,0;697,26;Não informado
PC004076;34,0;600,78;Não informado
PC004077;5,0;5390,02;Não informado
PC004078;4,0;471,14;Não informado
PC004079;4,0;866,2;Não informado
PC004080;67,0;482,79;Não informado
PC004081;3,0;282,21;Não informado
PC004082;3,0;32,06;Não informado
PC004083;15,0;172,54;Não informado
PC004084;20,0;1471,58;Não informado
PC004085;10,0;54,1;Não informado
PC004086;72,0;292,79;Não informado
PC004087;3,0;348,45;Não informado
PC004088;18,0;950,52;Não informado
PC004089;20,0;1156,05;Não informado
PC004090;39,0;34,26;Não informado
PC004091;10,0;926,78;Não informado
PC004092;4,0;4776,44;Não informado
PC004093;87,0;266,57;Não informado
PC004094;2,0;5781,13;Não informado
PC004095;91,0;413,4;Não informado
PC004096;4,0;539,79;Não informado
PC004097;3,0;1433,46;Não informado
PC004098;3,0;1439,41;Não informado
PC004099;6,0;176,89;Não informado
PC004100;10,0;7079,78;Não informado
PC004101;56,0;743,61;Não informado
PC004102;44,0;224,75;Não informado
PC004103;4,0;3109,07;Não informado
PC004104;2,0;490,49;Não informado
PC004105;7,0;597,79;Não informado
PC004106;3,0;248,58;Não informado
PC004107;33,0;438,83;Não informado
PC004108;12,0;382,09;Não informado
PC004109;194,0;7443,26;Não informado
PC004110;6,0;1221,76;Não informado
PC004111;27,0;1514,76;Não informado
PC004112;65,0;974,37;Não informado
PC004113;38,0;2195,33;Não informado
PC004114;6,0;249,26;Não informado
PC004115;11,0;879,41;Não informado
PC004116;2,0;3818,21;Não informado
PC004117;5,0;706,48;Não informado
PC004118;15,0;545,09;Não informado
PC004120;23,0;2396,01;Não informado
PC004121;1,0;2677,23;Não informado
PC004122;1,0;3899,13;Não informado
PC004123;6,0;1131,2;Não informado
PC004124;3,0;54,39;Não informado
PC004126;88,0;862,31;Não informado
PC004127;3,0;371,37;Não informado
PC004128;2,0;802,98;Não informado
PC004129;36,0;40,24;Não informado
PC004130;10,0;1006,07;Não informado
PC004131;9,0;1280,25;Não informado
PC004132;67,0;171,03;Não informado
PC004133;2,0;329,79;Não informado
PC004134;95,0;130,2;Não informado
PC004135;1,0;1011,17;Não informado
PC004136;1,0;59,33;Não informado
PC004137;26,0;76,59;Não informado
PC004138;2,0;407,57;Não informado
PC004139;7,0;962,58;Não informado
PC004140;83,0;772,79;Não informado
PC004141;3,0;1919,34;Não informado
PC004143;53,0;5576,27;Não informado
PC004144;6,0;694,32;Não informado
PC004145;429,0;291,41;Não informado
PC004146;3,0;71,75;Não informado
PC004147;0,0;174,59;Não informado
PC004148;4,0;3372,86;Não informado
PC004149;65,0;778,87;Não informado
PC004150;80,0;285,09;Não informado
PC004151;1,0;1427,13;Não informado
PC004152;16,0;384,42;Não informado
PC004153;1,0;207,56;Não informado
PC004154;1,0;55,95;Não informado
PC004155;51,0;2703,92;Não informado
PC004156;3,0;5664,96;Não informado
PC004157;17,0;334,28;Não informado
PC004158;5,0;1005,34;Não informado
PC004159;103,0;253,6;Não informado
PC004160;0,0;172,24;Não informado
PC004162;44,0;4263,2;Não informado
PC004163;11,0;111,37;Não informado
PC004164;8,0;5072,25;Não informado
PC004165;4,0;1061,54;Não informado
PC004166;28,0;411,59;Não informado
PC004167;15,0;4676,98;Não informado
PC004168;38,0;1311,23;Não informado
PC004169;4,0;146,76;Não informado
PC004170;7,0;83,65;Não informado
PC004171;217,0;737,69;Não informado
PC004172;14,0;111,85;Não informado
PC004173;33,0;4433,95;Não informado
PC004174;4,0;635,67;Não informado
PC004175;13,0;396,14;Não informado
PC004176;33,0;1015,28;Não informado
PC004178;45,0;423,18;Não informado
PC004179;104,0;425,56;Não informado
PC004180;5,0;4621,33;Não informado
PC004181;4,0;127,76;Não informado
PC004182;2,0;1145,88;Não informado
PC004184;9,0;5329,28;Não informado
PC004185;20,0;2041,51;Não informado
PC004186;6,0;708,75;Não informado
PC004187;13,0;1263,34;Não informado
PC004188;5,0;84,14;Não informado
PC004189;6,0;173,4;Não informado
PC004190;283,0;475,2;Não informado
PC004191;9,0;1680,59;Não informado
PC004192;12,0;679,03;Não informado
PC004193;2,0;112,02;Não informado
PC004194;7,0;379,8;Não informado
PC004195;21,0;149,52;Não informado
PC004196;9,0;994,77;Não informado
PC004197;86,0;1766,37;Não informado
PC004198;47,0;1082,0;Não informado
PC004199;20,0;253,02;Não informado
PC004200;6,0;95,86;Não informado
PC004202;69,0;246,04;Não informado
PC004203;22,0;1658,86;Não informado
PC004204;23,0;518,1;Não informado
PC004205;1,0;4613,98;Não informado
PC004208;1,0;534,7;Não informado
PC004209;11,0;365,89;Não informado
PC004210;3,0;132,43;Não informado
PC004211;52,0;303,37;Não informado
PC004212;399,0;5885,74;Não informado
PC004213;14,0;78,53;Não informado
PC004214;2,0;68,55;Não informado
PC004215;122,0;393,2;Não informado
PC004216;173,0;732,66;Não informado
PC004217;3,0;422,84;Não informado
PC004218;11,0;108,75;Não informado
PC004219;13,0;300,08;Não informado
PC004220;2,0;5794,48;Não informado
PC004221;2,0;107,32;Não informado
PC004222;6,0;2058,0;Não informado
PC004223;184,0;331,44;Não informado
PC004224;5,0;782,76;Não informado
PC004225;7,0;986,67;Não informado
PC004226;30,0;1457,37;Não informado
PC004227;15,0;192,13;Não informado
PC004228;11,0;3240,38;Não informado
PC004229;38,0;724,24;Não informado
PC004230;3,0;259,76;Não informado
PC004231;9,0;1648,61;Não informado
PC004232;3,0;366,57;Não informado
PC004233;1,0;462,37;Não informado
PC004234;24,0;656,07;Não informado
PC004235;14,0;425,45;Não informado
PC004236;4,0;201,35;Não informado
PC004237;7,0;6479,57;Não informado
PC004238;5,0;290,66;Não informado
PC004239;24,0;1105,84;Não informado
PC004240;43,0;736,81;Não informado
PC004241;7,0;3102,05;Não informado
PC004242;2,0;149,62;Não informado
PC004243;85,0;337,93;Não informado
PC004244;28,0;3160,25;Não informado
PC004245;0,0;180,82;Não informado
PC004246;3,0;129,72;Não informado
PC004247;40,0;979,97;Não informado
PC004249;4,0;5420,78;Não informado
PC004250;16,0;3086,05;Não informado
PC004251;7,0;599,38;Não informado
PC004252;43,0;134,31;Não informado
PC004253;53,0;89,96;Não informado
PC004254;18,0;1197,52;Não informado
PC004255;17,0;438,2;Não informado
PC004256;7,0;407,46;Não informado
PC004257;18,0;36,7;Não informado
PC004258;342,0;697,13;Não informado
PC004259;4,0;562,38;Não informado
PC004260;24,0;896,8;Não informado
PC004261;6,0;2037,02;Não informado
PC004262;0,0;584,44;Não informado
PC004263;1,0;143,65;Não informado
PC004264;7,0;62,52;Não informado
PC004265;106,0;87,21;Não informado
PC004266;3,0;148,72;Não informado
PC004267;19,0;936,59;Não informado
PC004268;10,0;703,08;Não informado
PC004269;2,0;4960,54;Não informado
PC004270;90,0;1317,54;Não informado
PC004271;1,0;4202,43;Não informado
PC004272;50,0;396,91;Não informado
PC004273;1,0;215,21;Não informado
PC004274;11,0;101,52;Não informado
PC004275;10,0;309,25;Não informado
PC004276;9,0;3958,08;Não informado
PC004277;5,0;536,84;Não informado
PC004278;38,0;292,09;Não informado
PC004279;129,0;985,22;Não informado
PC004280;14,0;803,39;Não informado
PC004281;0,0;356,82;Não informado
PC004282;14,0;44,77;Não informado
PC004283;61,0;2589,01;Não informado
PC004284;9,0;415,52;Não informado
PC004286;25,0;751,48;Não informado
PC004287;2,0;710,87;Não informado
PC004288;12,0;919,38;Não informado
PC004289;35,0;3720,41;Não informado
PC004290;2,0;1534,51;Não informado
PC004291;35,0;260,11;Não informado
PC004292;22,0;3492,69;Não informado
PC004293;12,0;1563,64;Não informado
PC004294;18,0;336,54;Não informado
PC004295;18,0;2535,12;Não informado
PC004296;6,0;900,58;Não informado
PC004297;81,0;632,62;Não informado
PC004298;127,0;911,45;Não informado
PC004299;2,0;988,95;Não informado
PC004300;17,0;141,91;Não informado
PC004301;30,0;6760,16;Não informado
PC004302;6,0;929,66;Não informado
PC004303;22,0;1530,38;Não informado
PC004304;69,0;811,24;Não informado
PC004305;47,0;3718,87;Não informado
PC004306;19,0;1150,01;Não informado
PC004307;6,0;143,51;Não informado
PC004308;33,0;327,57;Não informado
PC004309;41,0;637,27;Não informado
PC004310;11,0;122,36;Não informado
PC004311;20,0;405,71;Não informado
PC004312;2,0;6974,48;Não informado
PC004313;6,0;4840,94;Não informado
PC004314;40,0;248,03;Não informado
PC004315;3,0;126,25;Não informado
PC004316;20,0;89,96;Não informado
PC004317;25,0;74,81;Não informado
PC004318;2,0;876,97;Não informado
PC004319;22,0;732,76;Não informado
PC004320;20,0;521,9;Não informado
PC004321;18,0;95,2;Não informado
PC004322;47,0;397,41;Não informado
PC004323;2,0;585,26;Não informado
PC004324;68,0;395,65;Não informado
PC004325;5,0;1571,22;Não informado
PC004326;28,0;98,26;Não informado
PC004327;7,0;1164,28;Não informado
PC004328;6,0;99,78;Não informado
PC004329;0,0;40,88;Não informado
PC004330;3,0;539,53;Não informado
PC004331;24,0;164,93;Não informado
PC004332;4,0;298,5;Não informado
PC004333;1,0;4733,66;Não informado
PC004334;10,0;2054,1;Não informado
PC004335;3,0;6771,49;Não informado
PC004336;68,0;721,82;Não informado
PC004337;17,0;135,31;Não informado
PC004338;2,0;78,79;Não informado
PC004340;4,0;3341,81;Não informado
PC004341;3,0;393,71;Não informado
PC004342;37,0;167,25;Não informado
PC004343;129,0;945,84;Não informado
PC004344;54,0;761,27;Não informado
PC004345;11,0;887,51;Não informado
PC004346;3,0;21,84;Não informado
PC004347;19,0;692,08;Não informado
PC004348;36,0;3246,31;Não informado
PC004349;5,0;179,04;Não informado
PC004350;14,0;2921,37;Não informado
PC004351;18,0;324,84;Não informado
PC004352;4,0;195,45;Não informado
PC004353;39,0;4840,61;Não informado
PC004354;14,0;3820,43;Não informado
PC004355;19,0;135,47;Não informado
PC004356;19,0;446,44;Não informado
PC004357;17,0;1484,1;Não informado
PC004358;73,0;321,74;Não informado
PC004360;13,0;761,16;Não informado
PC004361;45,0;682,29;Não informado
PC004362;313,0;561,94;Não informado
PC004363;11,0;928,8;Não informado
PC004364;3,0;177,85;Não informado
PC004365;4,0;6211,6;Não informado
PC004366;8,0;714,29;Não informado
PC004367;4,0;275,29;Não informado
PC004368;55,0;648,26;Não informado
PC004369;42,0;2311,87;Não informado
PC004370;70,0;917,56;Não informado
PC004371;6,0;745,01;Não informado
PC004372;24,0;2115,65;Não informado
PC004373;53,0;570,22;Não informado
PC004374;15,0;986,14;Não informado
PC004375;8,0;2343,09;Não informado
PC004376;5,0;7994,19;Não informado
PC004377;7,0;2343,69;Não informado
PC004378;4,0;4570,91;Não informado
PC004379;135,0;968,84;Não informado
PC004380;48,0;153,0;Não informado
PC004381;6,0;129,23;Não informado
PC004382;5,0;596,19;Não informado
PC004383;16,0;573,62;Não informado
PC004384;28,0;560,42;Não informado
PC004385;9,0;76,02;Não informado
PC004386;11,0;88,75;Não informado
PC004387;80,0;1356,86;Não informado
PC004388;5,0;928,88;Não informado
PC004389;5,0;1800,89;Não informado
PC004390;8,0;594,64;Não informado
PC004391;22,0;955,07;Não informado
PC004392;12,0;49,31;Não informado
PC004393;23,0;111,38;Não informado
PC004394;4,0;831,49;Não informado
PC004395;9,0;1074,65;Não informado
PC004396;18,0;907,76;Não informado
PC004397;2,0;857,82;Não informado
PC004398;37,0;382,75;Não informado
PC004399;1,0;377,38;Não informado
PC004400;3,0;840,3;Não informado
PC004401;9,0;244,54;Não informado
PC004402;25,0;82,16;Não informado
PC004403;26,0;178,0;Não informado
PC004404;2,0;7445,63;Não informado
PC004405;99,0;888,61;Não informado
PC004406;25,0;142,53;Não informado
PC004407;2,0;464,06;Não informado
PC004408;37,0;527,28;Não informado
PC004409;5,0;850,76;Não informado
PC004411;130,0;1806,51;Não informado
PC004412;6,0;4604,16;Não informado
PC004413;21,0;134,76;Não informado
PC004414;8,0;534,54;Não informado
PC004415;20,0;830,67;Não informado
PC004416;1,0;623,31;Não informado
PC004417;13,0;5385,6;Não informado
PC004418;35,0;2928,23;Não informado
PC004419;6,0;161,24;Não informado
PC004420;6,0;5846,68;Não informado
PC004421;16,0;859,03;Não informado
PC004422;2,0;259,29;Não informado
PC004423;172,0;683,51;Não informado
PC004424;22,0;1269,1;Não informado
PC004425;12,0;986,53;Não informado
PC004426;83,0;764,53;Não informado
PC004427;11,0;511,9;Não informado
PC004428;2,0;138,82;Não informado
PC004429;6,0;649,14;Não informado
PC004430;41,0;637,1;Não informado
PC004431;0,0;323,02;Não informado
PC004432;16,0;1185,96;Não informado
PC004433;6,0;4392,06;Não informado
PC004434;18,0;397,45;Não informado
PC004435;15,0;832,64;Não informado
PC004436;7,0;3816,34;Não informado
PC004437;40,0;544,56;Não informado
PC004438;9,0;133,31;Não informado
PC004439;453,0;2449,06;Não informado
PC004440;30,0;5857,91;Não informado
PC004441;3,0;1346,2;Não informado
PC004442;53,0;4913,19;Não informado
PC004443;69,0;1393,87;Não informado
PC004444;3,0;126,28;Não informado
PC004445;16,0;348,31;Não informado
PC004446;9,0;1326,58;Não informado
PC004447;16,0;915,64;Não informado
PC004448;16,0;882,8;Não informado
PC004449;41,0;54,86;Não informado
PC004450;31,0;294,63;Não informado
PC004451;9,0;1526,14;Não informado
PC004452;0,0;831,19;Não informado
PC004453;7,0;818,05;Não informado
PC004454;144,0;508,47;Não informado
PC004455;2,0;540,91;Não informado
PC004457;10,0;40,34;Não informado
PC004458;3,0;137,55;Não informado
PC004459;121,0;671,05;Não informado
PC004460;21,0;683,62;Não informado
PC004461;21,0;4716,5;Não informado
PC004462;4,0;937,29;Não informado
PC004464;18,0;485,61;Não informado
PC004465;11,0;104,72;Não informado
PC004466;1,0;93,87;Não informado
PC004467;80,0;137,9;Não informado
PC004468;25,0;324,99;Não informado
PC004469;62,0;166,51;Não informado
PC004470;13,0;232,8;Não informado
PC004471;21,0;246,7;Não informado
PC004472;26,0;1121,33;Não informado
PC004473;5,0;695,2;Não informado
PC004474;3,0;106,29;Não informado
PC004475;10,0;651,67;Não informado
PC004476;78,0;5427,62;Não informado
PC004477;61,0;170,39;Não informado
PC004478;1,0;1644,14;Não informado
PC004479;0,0;626,19;Não informado
PC004480;0,0;904,12;Não informado
PC004481;2,0;2333,38;Não informado
PC004482;178,0;1032,19;Não informado
PC004483;31,0;325,24;Não informado
PC004484;90,0;3125,82;Não informado
PC004485;26,0;2006,43;Não informado
PC004486;56,0;218,46;Não informado
PC004487;93,0;1765,17;Não informado
PC004488;7,0;281,98;Não informado
PC004489;15,0;337,84;Não informado
PC004490;55,0;1080,93;Não informado
PC004491;167,0;662,38;Não informado
PC004492;24,0;130,86;Não informado
PC004493;3,0;2172,08;Não informado
PC004494;598,0;161,36;Não informado
PC004495;7,0;1199,32;Não informado
PC004496;164,0;1236,37;Não informado
PC004498;112,0;938,07;Não informado
PC004499;6,0;442,35;Não informado
PC004500;40,0;5111,64;Não informado
PC004501;2,0;412,05;Não informado
PC004502;53,0;177,16;Não informado
PC004503;23,0;2116,77;Não informado
PC004504;58,0;4823,52;Não informado
PC004505;13,0;6622,01;Não informado
PC004507;35,0;1121,8;Não informado
PC004508;40,0;279,39;Não informado
PC004509;16,0;143,68;Não informado
PC004510;50,0;1338,11;Não informado
PC004511;10,0;1000,79;Não informado
PC004512;172,0;937,3;Não informado
PC004514;7,0;427,14;Não informado
PC004515;104,0;292,03;Não informado
PC004516;87,0;442,86;Não informado
PC004517;3,0;772,4;Não informado
PC004518;16,0;749,86;Não informado
PC004519;2,0;492,99;Não informado
PC004520;32,0;47,56;Não informado
PC004521;25,0;108,66;Não informado
PC004522;6,0;806,54;Não informado
PC004523;18,0;1246,27;Não informado
PC004524;8,0;1154,6;Não informado
PC004525;23,0;4741,25;Não informado
PC004526;42,0;1173,72;Não informado
PC004527;6,0;1274,53;Não informado
PC004528;67,0;757,85;Não informado
PC004529;13,0;72,08;Não informado
PC004530;16,0;39,78;Não informado
PC004531;73,0;95,94;Não informado
PC004532;35,0;6870,1;Não informado
PC004533;94,0;1107,66;Não informado
PC004534;11,0;338,37;Não informado
PC004535;7,0;64,33;Não informado
PC004536;52,0;161,23;Não informado
PC004537;6,0;752,18;Não informado
PC004538;36,0;100,71;Não informado
PC004539;1,0;1717,34;Não informado
PC004540;48,0;1685,89;Não informado
PC004541;9,0;283,0;Não informado
PC004542;1,0;4284,51;Não informado
PC004543;5,0;886,83;Não informado
PC004544;51,0;383,45;Não informado
PC004545;19,0;6023,84;Não informado
PC004546;1,0;575,7;Não informado
PC004547;6,0;41,74;Não informado
PC004548;121,0;2388,14;Não informado
PC004549;31,0;1471,55;Não informado
PC004550;22,0;1090,79;Não informado
PC004551;7,0;5575,83;Não informado
PC004552;8,0;159,83;Não informado
PC004554;6,0;1090,67;Não informado
PC004555;7,0;871,53;Não informado
PC004556;15,0;330,8;Não informado
PC004557;4,0;4695,81;Não informado
PC004558;24,0;289,77;Não informado
PC004559;57,0;331,59;Não informado
PC004560;4,0;798,66;Não informado
PC004561;31,0;1090,39;Não informado
PC004562;58,0;750,41;Não informado
PC004563;349,0;631,29;Não informado
PC004564;657,0;5306,54;Não informado
PC004565;2,0;835,53;Não informado
PC004566;23,0;792,64;Não informado
PC004567;20,0;1485,92;Não informado
PC004569;1,0;3167,39;Não informado
PC004570;38,0;4284,19;Não informado
PC004571;3,0;252,05;Não informado
PC004572;347,0;289,98;Não informado
PC004573;69,0;324,17;Não informado
PC004574;36,0;1168,81;Não informado
PC004575;8,0;404,92;Não informado
PC004576;4,0;346,32;Não informado
PC004577;1,0;35,67;Não informado
PC004578;2,0;173,8;Não informado
PC004579;17,0;564,98;Não informado
PC004580;147,0;801,3;Não informado
PC004581;29,0;1396,42;Não informado
PC004582;10,0;253,44;Não informado
PC004583;6,0;817,44;Não informado
PC004584;3,0;74,15;Não informado
PC004585;0,0;88,08;Não informado
PC004586;73,0;173,75;Não informado
PC004587;4,0;267,94;Não informado
PC004588;47,0;507,08;Não informado
PC004589;17,0;5445,41;Não informado
PC004590;38,0;644,46;Não informado
PC004591;3,0;685,69;Não informado
PC004592;13,0;204,45;Não informado
PC004593;50,0;137,22;Não informado
PC004594;44,0;65,88;Não informado
PC004595;2,0;296,42;Não informado
PC004596;16,0;1638,25;Não informado
PC004597;27,0;1034,5;Não informado
PC004598;1,0;170,97;Não informado
PC004599;2,0;739,32;Não informado
PC004600;48,0;553,59;Não informado
PC004601;74,0;708,47;Não informado
PC004602;331,0;50,67;Não informado
PC004603;1,0;1688,33;Não informado
PC004605;2,0;90,81;Não informado
PC004606;12,0;1308,96;Não informado
PC004607;3,0;891,59;Não informado
PC004608;1,0;198,13;Não informado
PC004609;5,0;4268,6;Não informado
PC004610;25,0;2283,12;Não informado
PC004611;5,0;160,39;Não informado
PC004612;27,0;7523,51;Não informado
PC004614;2,0;457,79;Não informado
PC004615;23,0;715,1;Não informado
PC004616;1,0;641,79;Não informado
PC004617;15,0;1052,97;Não informado
PC004618;11,0;1225,7;Não informado
PC004619;48,0;285,77;Não informado
PC004620;22,0;228,5;Não informado
PC004621;9,0;3005,13;Não informado
PC004622;7,0;552,63;Não informado
PC004623;9,0;250,72;Não informado
PC004624;1,0;362,75;Não informado
PC004625;5,0;4596,86;Não informado
PC004626;6,0;748,16;Não informado
PC004627;11,0;804,48;Não informado
PC004628;3,0;2723,03;Não informado
PC004629;93,0;951,66;Não informado
PC004630;19,0;464,17;Não informado
PC004631;1,0;2316,97;Não informado
PC004632;40,0;785,33;Não informado
PC004633;2,0;5448,57;Não informado
PC004634;12,0;1721,43;Não informado
PC004635;10,0;474,79;Não informado
PC004636;3,0;83,5;Não informado
PC004637;30,0;153,26;Não informado
PC004638;34,0;1013,09;Não informado
PC004639;13,0;903,05;Não informado
PC004640;3,0;115,35;Não informado
PC004642;32,0;792,28;Não informado
PC004643;3,0;1110,37;Não informado
PC004644;19,0;71,49;Não informado
PC004645;97,0;1666,45;Não informado
PC004646;15,0;702,35;Não informado
PC004647;7,0;723,59;Não informado
PC004648;35,0;18,55;Não informado
PC004649;29,0;68,29;Não informado
PC004650;6,0;159,68;Não informado
PC004651;140,0;633,36;Não informado
PC004652;10,0;460,79;Não informado
PC004653;82,0;1296,17;Não informado
PC004654;6,0;1167,25;Não informado
PC004655;15,0;2661,75;Não informado
PC004656;77,0;650,78;Não informado
PC004657;4,0;61,86;Não informado
PC004658;7,0;35,02;Não informado
PC004659;41,0;247,41;Não informado
PC004661;8,0;396,99;Não informado
PC004663;108,0;233,8;Não informado
PC004664;109,0;351,31;Não informado
PC004665;3,0;959,37;Não informado
PC004667;13,0;2726,73;Não informado
PC004668;100,0;2209,56;Não informado
PC004669;2,0;228,32;Não informado
PC004670;4,0;5692,49;Não informado
PC004671;14,0;272,64;Não informado
PC004672;7,0;222,12;Não informado
PC004673;303,0;3313,91;Não informado
PC004674;20,0;4061,64;Não informado
PC004675;1,0;394,4;Não informado
PC004676;93,0;5546,46;Não informado
PC004677;15,0;1388,97;Não informado
PC004678;13,0;1001,88;Não informado
PC004679;3,0;979,61;Não informado
PC004680;2,0;365,37;Não informado
PC004681;10,0;656,85;Não informado
PC004683;23,0;453,13;Não informado
PC004684;17,0;58,44;Não informado
PC004685;2,0;1471,11;Não informado
PC004686;50,0;961,56;Não informado
PC004687;33,0;1084,2;Não informado
PC004688;104,0;796,35;Não informado
PC004689;449,0;4385,11;Não informado
PC004690;87,0;788,55;Não informado
PC004691;20,0;282,38;Não informado
PC004692;18,0;2920,48;Não informado
PC004693;13,0;340,31;Não informado
PC004694;22,0;157,52;Não informado
PC004695;4,0;313,95;Não informado
PC004696;26,0;2884,34;Não informado
PC004697;55,0;3680,59;Não informado
PC004699;10,0;826,83;Não informado
PC004700;6,0;192,77;Não informado
PC004701;18,0;45,67;Não informado
PC004702;29,0;587,39;Não informado
PC004703;43,0;432,58;Não informado
PC004704;33,0;732,71;Não informado
PC004705;67,0;20,49;Não informado
PC004706;2,0;169,02;Não informado
PC004707;14,0;1427,8;Não informado
PC004708;19,0;484,16;Não informado
PC004709;28,0;1675,63;Não informado
PC004710;28,0;866,14;Não informado
PC004712;52,0;42,89;Não informado
PC004713;12,0;127,14;Não informado
PC004714;39,0;978,63;Não informado
PC004715;36,0;749,55;Não informado
PC004716;5,0;180,38;Não informado
PC004717;315,0;2122,57;Não informado
PC004719;147,0;1706,65;Não informado
PC004720;30,0;275,83;Não informado
PC004721;32,0;320,58;Não informado
PC004722;34,0;82,75;Não informado
PC004723;24,0;68,16;Não informado
PC004724;14,0;2824,59;Não informado
PC004725;9,0;886,23;Não informado
PC004726;8,0;325,34;Não informado
PC004727;4,0;217,81;Não informado
PC004728;5,0;901,35;Não informado
PC004729;3,0;527,4;Não informado
PC004731;78,0;2494,14;Não informado
PC004732;5,0;5607,43;Não informado
PC004733;94,0;319,97;Não informado
PC004734;15,0;702,21;Não informado
PC004735;12,0;669,11;Não informado
PC004736;7,0;855,6;Não informado
PC004737;8,0;1217,36;Não informado
PC004738;2,0;2500,17;Não informado
PC004739;7,0;51,07;Não informado
PC004740;46,0;2000,28;Não informado
PC004741;1,0;2098,83;Não informado
PC004742;7,0;542,21;Não informado
PC004744;62,0;1216,19;Não informado
PC004746;24,0;1221,36;Não informado
PC004747;33,0;967,46;Não informado
PC004748;2,0;113,38;Não informado
PC004749;121,0;359,62;Não informado
PC004750;13,0;1415,03;Não informado
PC004752;44,0;539,69;Não informado
PC004753;6,0;3646,08;Não informado
PC004754;8,0;1136,13;Não informado
PC004755;28,0;365,41;Não informado
PC004756;3,0;4237,31;Não informado
PC004757;28,0;224,0;Não informado
PC004758;26,0;254,17;Não informado
PC004759;60,0;1552,75;Não informado
PC004760;9,0;3284,3;Não informado
PC004761;17,0;2310,14;Não informado
PC004762;12,0;4556,35;Não informado
PC004763;20,0;452,61;Não informado
PC004764;4,0;144,69;Não informado
PC004765;1,0;169,38;Não informado
PC004766;2,0;464,63;Não informado
PC004767;14,0;1519,63;Não informado
PC004768;56,0;511,42;Não informado
PC004769;51,0;16,81;Não informado
PC004770;24,0;184,21;Não informado
PC004771;23,0;1612,89;Não informado
PC004772;24,0;574,98;Não informado
PC004773;169,0;2328,48;Não informado
PC004774;4,0;258,33;Não informado
PC004775;160,0;1188,93;Não informado
PC004776;26,0;91,61;Não informado
PC004777;2,0;110,69;Não informado
PC004778;5,0;350,93;Não informado
PC004779;3,0;252,83;Não informado
PC004780;14,0;251,97;Não informado
PC004781;35,0;2669,98;Não informado
PC004782;33,0;238,44;Não informado
PC004783;37,0;6199,35;Não informado
PC004784;21,0;216,81;Não informado
PC004785;9,0;226,2;Não informado
PC004786;6,0;119,33;Não informado
PC004787;10,0;260,9;Não informado
PC004788;34,0;943,94;Não informado
PC004789;8,0;941,21;Não informado
PC004790;4,0;190,2;Não informado
PC004791;33,0;1068,56;Não informado
PC004792;55,0;1098,33;Não informado
PC004793;6,0;782,55;Não informado
PC004794;2,0;80,65;Não informado
PC004795;119,0;410,66;Não informado
PC004796;13,0;5642,16;Não informado
PC004797;27,0;394,34;Não informado
PC004798;21,0;5567,36;Não informado
PC004799;32,0;883,07;Não informado
PC004800;14,0;665,66;Não informado
PC004801;6,0;4746,82;Não informado
PC004802;38,0;4099,16;Não informado
PC004803;4,0;209,63;Não informado
PC004804;3,0;8260,94;Não informado
PC004805;2,0;732,06;Não informado
PC004806;3,0;618,26;Não informado
PC004807;21,0;3652,09;Não informado
PC004808;312,0;862,63;Não informado
PC004809;8,0;234,7;Não informado
PC004810;4,0;1056,47;Não informado
PC004811;310,0;493,51;Não informado
PC004812;20,0;217,32;Não informado
PC004813;1,0;4775,96;Não informado
PC004814;52,0;815,73;Não informado
PC004815;1,0;48,18;Não informado
PC004816;5,0;614,44;Não informado
PC004817;47,0;533,85;Não informado
PC004818;327,0;936,94;Não informado
PC004819;4,0;595,24;Não informado
PC004820;12,0;1622,34;Não informado
PC004821;32,0;498,49;Não informado
PC004822;5,0;600,38;Não informado
PC004824;13,0;2590,93;Não informado
PC004825;2,0;1862,52;Não informado
PC004826;3,0;6282,44;Não informado
PC004827;7,0;1228,38;Não informado
PC004828;156,0;189,55;Não informado
PC004829;2,0;380,79;Não informado
PC004830;21,0;920,91;Não informado
PC004831;5,0;246,79;Não informado
PC004832;21,0;134,24;Não informado
PC004833;4,0;20,82;Não informado
PC004834;31,0;709,28;Não informado
PC004836;3,0;340,27;Não informado
PC004837;22,0;2839,5;Não informado
PC004838;5,0;475,1;Não informado
PC004839;9,0;737,44;Não informado
PC004840;26,0;92,72;Não informado
PC004841;318,0;26,65;Não informado
PC004842;1,0;663,26;Não informado
PC004843;30,0;1574,6;Não informado
PC004844;23,0;206,31;Não informado
PC004845;3,0;3353,73;Não informado
PC004846;3,0;1503,39;Não informado
PC004847;9,0;2703,56;Não informado
PC004848;24,0;641,46;Não informado
PC004849;14,0;171,84;Não informado
PC004850;7,0;29,33;Não informado
PC004851;33,0;103,8;Não informado
PC004852;113,0;6905,41;Não informado
PC004853;16,0;285,27;Não informado
PC004854;3,0;271,32;Não informado
PC004855;28,0;744,27;Não informado
PC004856;1,0;513,27;Não informado
PC004857;23,0;527,56;Não informado
PC004858;2,0;58,39;Não informado
PC004859;3,0;2084,45;Não informado
PC004860;14,0;1366,99;Não informado
PC004861;12,0;313,57;Não informado
PC004862;8,0;3492,42;Não informado
PC004863;20,0;322,89;Não informado
PC004864;6,0;767,15;Não informado
PC004865;2,0;3548,68;Não informado
PC004866;20,0;5454,26;Não informado
PC004867;19,0;301,05;Não informado
PC004868;3,0;5365,34;Não informado
PC004869;128,0;2039,63;Não informado
PC004870;14,0;150,47;Não informado
PC004871;594,0;771,62;Não informado
PC004872;2,0;362,67;Não informado
PC004873;13,0;221,05;Não informado
PC004874;8,0;200,3;Não informado
PC004875;26,0;852,98;Não informado
PC004876;5,0;262,34;Não informado
PC004877;1,0;2387,5;Não informado
PC004878;5,0;1223,33;Não informado
PC004879;1,0;290,58;Não informado
PC004880;58,0;117,23;Não informado
PC004881;44,0;4306,61;Não informado
PC004882;7,0;1058,73;Não informado
PC004883;27,0;693,25;Não informado
PC004884;18,0;509,96;Não informado
PC004885;1,0;591,18;Não informado
PC004886;3,0;718,03;Não informado
PC004887;2,0;1684,51;Não informado
PC004888;3,0;6583,82;Não informado
PC004889;3,0;4138,96;Não informado
PC004890;10,0;1472,38;Não informado
PC004891;2,0;1286,56;Não informado
PC004892;32,0;104,92;Não informado
PC004893;602,0;211,23;Não informado
PC004894;2,0;1240,34;Não informado
PC004895;1,0;686,11;Não informado
PC004896;41,0;476,2;Não informado
PC004898;23,0;717,38;Não informado
PC004899;2,0;1266,91;Não informado
PC004900;19,0;813,66;Não informado
PC004901;20,0;783,67;Não informado
PC004903;7,0;476,02;Não informado
PC004904;0,0;27,31;Não informado
PC004905;65,0;43,11;Não informado
PC004906;4,0;711,45;Não informado
PC004907;11,0;1947,75;Não informado
PC004908;6,0;1183,2;Não informado
PC004909;6,0;1171,68;Não informado
PC004911;6,0;6774,85;Não informado
PC004912;10,0;843,81;Não informado
PC004913;211,0;227,76;Não informado
PC004914;2,0;104,01;Não informado
PC004915;3,0;141,56;Não informado
PC004916;50,0;6106,35;Não informado
PC004917;10,0;317,74;Não informado
PC004918;11,0;131,06;Não informado
PC004919;20,0;1575,93;Não informado
PC004920;438,0;1069,28;Não informado
PC004921;1,0;647,15;Não informado
PC004922;23,0;108,62;Não informado
PC004923;34,0;1583,26;Não informado
PC004924;116,0;5864,64;Não informado
PC004925;44,0;254,88;Não informado
PC004927;16,0;845,16;Não informado
PC004928;39,0;610,84;Não informado
PC004930;11,0;4027,63;Não informado
PC004931;1,0;138,55;Não informado
PC004932;12,0;775,2;Não informado
PC004933;22,0;2954,56;Não informado
PC004934;4,0;508,95;Não informado
PC004935;627,0;2151,93;Não informado
PC004936;27,0;211,24;Não informado
PC004937;181,0;1019,11;Não informado
PC004938;6,0;701,57;Não informado
PC004939;3,0;440,98;Não informado
PC004940;6,0;323,48;Não informado
PC004941;27,0;6191,2;Não informado
PC004943;21,0;1281,2;Não informado
PC004944;17,0;319,31;Não informado
PC004945;12,0;1283,63;Não informado
PC004946;18,0;436,07;Não informado
PC004947;3,0;410,48;Não informado
PC004948;30,0;3266,67;Não informado
PC004949;7,0;469,67;Não informado
PC004950;23,0;641,08;Não informado
PC004951;12,0;1262,29;Não informado
PC004952;4,0;3411,48;Não informado
PC004953;61,0;749,32;Não informado
PC004954;6,0;4910,33;Não informado
PC004955;32,0;669,57;Não informado
PC004956;10,0;299,67;Não informado
PC004957;0,0;192,31;Não informado
PC004958;24,0;767,69;Não informado
PC004959;22,0;1321,85;Não informado
PC004960;3,0;373,47;Não informado
PC004961;17,0;42,76;Não informado
PC004963;76,0;931,93;Não informado
PC004964;10,0;534,51;Não informado
PC004965;3,0;1486,86;Não informado
PC004966;5,0;583,65;Não informado
PC004967;1,0;465,32;Não informado
PC004968;3,0;88,2;Não informado
PC004969;53,0;122,51;Não informado
PC004970;13,0;252,92;Não informado
PC004971;20,0;1430,15;Não informado
PC004972;54,0;810,19;Não informado
PC004973;5,0;2577,52;Não informado
PC004974;30,0;405,36;Não informado
PC004975;12,0;3129,91;Não informado
PC004976;82,0;176,21;Não informado
PC004977;12,0;316,02;Não informado
PC004978;32,0;31,37;Não informado
PC004979;96,0;228,66;Não informado
PC004981;0,0;751,62;Não informado
PC004982;10,0;61,64;Não informado
PC004983;62,0;87,76;Não informado
PC004984;2,0;669,89;Não informado
PC004985;10,0;360,93;Não informado
PC004986;4,0;29,71;Não informado
PC004987;98,0;1241,75;Não informado
PC004988;4,0;6046,27;Não informado
PC004989;23,0;334,93;Não informado
PC004990;1,0;4184,54;Não informado
PC004991;2,0;332,92;Não informado
PC004992;38,0;362,77;Não informado
PC004993;31,0;3385,63;Não informado
PC004994;6,0;743,85;Não informado
PC004995;4,0;174,31;Não informado
PC004996;39,0;4227,28;Não informado
PC004997;36,0;568,63;Não informado
PC004998;116,0;596,89;Não informado
PC004999;217,0;3112,43;Não informado
PC005000;390,0;1128,36;Não informado
PC005001;1,0;447,47;Não informado
PC005002;2,0;524,55;Não informado
PC005003;528,0;50,72;Não informado
PC005004;0,0;250,03;Não informado
PC005005;13,0;4564,69;Não informado
PC005006;41,0;865,08;Não informado
PC005007;14,0;529,52;Não informado
PC005008;1,0;501,57;Não informado
PC005009;50,0;2699,35;Não informado
PC005010;36,0;1334,56;Não informado
PC005011;72,0;853,23;Não informado
PC005012;3,0;3037,98;Não informado
PC005013;5,0;1065,68;Não informado
PC005014;9,0;289,85;Não informado
PC005015;1,0;1634,97;Não informado
PC005016;13,0;5960,81;Não informado
PC005017;8,0;4125,17;Não informado
PC005018;8,0;1398,39;Não informado
PC005019;6,0;252,05;Não informado
PC005020;4,0;354,95;Não informado
PC005021;24,0;347,8;Não informado
PC005022;3,0;479,93;Não informado
PC005023;3,0;206,32;Não informado
PC005024;32,0;140,6;Não informado
PC005025;33,0;41,06;Não informado
PC005026;169,0;188,58;Não informado
PC005027;33,0;256,19;Não informado
PC005028;6,0;258,41;Não informado
PC005029;3,0;756,17;Não informado
PC005030;117,0;664,94;Não informado
PC005032;8,0;86,51;Não informado
PC005033;24,0;94,11;Não informado
PC005034;30,0;875,65;Não informado
PC005035;2,0;1298,19;Não informado
PC005036;3,0;540,8;Não informado
PC005037;298,0;3104,09;Não informado
PC005038;24,0;1325,38;Não informado
PC005039;24,0;7655,24;Não informado
PC005040;117,0;923,24;Não informado
PC005041;1,0;293,23;Não informado
PC005042;595,0;110,14;Não informado
PC005043;1,0;361,84;Não informado
PC005044;27,0;5561,15;Não informado
PC005045;12,0;366,55;Não informado
PC005047;3,0;123,61;Não informado
PC005048;143,0;858,61;Não informado
PC005049;5,0;976,24;Não informado
PC005050;86,0;68,86;Não informado
PC005051;5,0;370,02;Não informado
PC005052;1,0;750,36;Não informado
PC005053;4,0;335,92;Não informado
PC005054;32,0;5287,42;Não informado
PC005055;51,0;878,54;Não informado
PC005056;3,0;405,88;Não informado
PC005057;2,0;1352,7;Não informado
PC005058;7,0;4778,16;Não informado
PC005059;3,0;352,54;Não informado
PC005061;13,0;1290,1;Não informado
PC005062;158,0;385,48;Não informado
PC005063;5,0;607,74;Não informado
PC005064;5,0;920,11;Não informado
PC005065;45,0;503,85;Não informado
PC005066;43,0;486,73;Não informado
PC005067;33,0;399,59;Não informado
PC005068;111,0;289,6;Não informado
PC005069;2,0;5069,32;Não informado
PC005070;19,0;195,49;Não informado
PC005071;41,0;857,04;Não informado
PC005072;133,0;843,86;Não informado
PC005073;84,0;3479,34;Não informado
PC005074;9,0;568,61;Não informado
PC005075;7,0;197,81;Não informado
PC005076;3,0;1208,4;Não informado
PC005077;4,0;301,57;Não informado
PC005078;13,0;349,33;Não informado
PC005079;34,0;2406,61;Não informado
PC005080;46,0;2005,26;Não informado
PC005081;22,0;4331,83;Não informado
PC005082;1,0;5264,54;Não informado
PC005083;7,0;815,49;Não informado
PC005084;3,0;181,05;Não informado
PC005085;41,0;209,14;Não informado
PC005086;34,0;584,17;Não informado
PC005087;2,0;1109,18;Não informado
PC005088;2,0;103,11;Não informado
PC005089;15,0;98,72;Não informado
PC005090;5,0;441,67;Não informado
PC005091;61,0;794,27;Não informado
PC005093;12,0;623,47;Não informado
PC005094;19,0;213,67;Não informado
PC005095;17,0;967,84;Não informado
PC005096;4,0;112,02;Não informado
PC005097;39,0;114,9;Não informado
PC005098;30,0;297,55;Não informado
PC005099;0,0;773,65;Não informado
PC005100;5,0;806,74;Não informado
PC005101;12,0;3562,64;Não informado
PC005102;10,0;1561,85;Não informado
PC005103;156,0;7291,12;Não informado
PC005104;5,0;170,16;Não informado
PC005105;123,0;90,61;Não informado
PC005106;10,0;42,02;Não informado
PC005107;16,0;282,96;Não informado
PC005108;7,0;4205,43;Não informado
PC005109;164,0;299,0;Não informado
PC005110;3,0;266,78;Não informado
PC005111;2,0;1400,55;Não informado
PC005112;15,0;909,73;Não informado
PC005113;4,0;1022,8;Não informado
PC005114;1,0;25,02;Não informado
PC005115;273,0;1986,82;Não informado
PC005116;3,0;4182,68;Não informado
PC005117;3,0;411,87;Não informado
PC005118;4,0;4862,34;Não informado
PC005119;98,0;297,26;Não informado
PC005120;22,0;831,23;Não informado
PC005121;2,0;263,99;Não informado
PC005122;16,0;5436,7;Não informado
PC005123;3,0;278,05;Não informado
PC005124;19,0;3148,25;Não informado
PC005125;30,0;1829,25;Não informado
PC005126;8,0;295,18;Não informado
PC005127;2,0;1607,55;Não informado
PC005128;69,0;94,96;Não informado
PC005129;1,0;112,91;Não informado
PC005130;4,0;187,94;Não informado
PC005131;50,0;388,27;Não informado
PC005132;120,0;264,19;Não informado
PC005133;1,0;4297,3;Não informado
PC005134;22,0;937,15;Não informado
PC005135;16,0;289,45;Não informado
PC005136;48,0;588,16;Não informado
PC005137;3,0;4777,68;Não informado
PC005138;69,0;1233,78;Não informado
PC005139;12,0;908,55;Não informado
PC005140;34,0;2408,98;Não informado
PC005141;1,0;628,32;Não informado
PC005142;18,0;168,36;Não informado
PC005143;1,0;1037,33;Não informado
PC005144;67,0;480,82;Não informado
PC005145;112,0;770,25;Não informado
PC005146;43,0;677,04;Não informado
PC005147;4,0;1325,46;Não informado
PC005148;28,0;82,19;Não informado
PC005149;12,0;98,02;Não informado
PC005150;33,0;290,05;Não informado
PC005151;6,0;1669,69;Não informado
PC005152;6,0;610,43;Não informado
PC005153;2,0;108,48;Não informado
PC005154;36,0;273,3;Não informado
PC005155;63,0;1533,48;Não informado
PC005156;2,0;454,12;Não informado
PC005157;25,0;1844,93;Não informado
PC005158;14,0;433,36;Não informado
PC005159;7,0;904,8;Não informado
PC005160;14,0;97,7;Não informado
PC005161;194,0;79,84;Não informado
PC005163;25,0;295,57;Não informado
PC005164;33,0;997,0;Não informado
PC005165;93,0;5170,67;Não informado
PC005166;11,0;1417,7;Não informado
PC005167;3,0;1113,9;Não informado
PC005168;4,0;883,55;Não informado
PC005169;14,0;138,49;Não informado
PC005170;29,0;63,53;Não informado
PC005171;15,0;72,62;Não informado
PC005173;45,0;609,78;Não informado
PC005174;4,0;379,33;Não informado
PC005175;18,0;1318,13;Não informado
PC005176;4,0;81,46;Não informado
PC005177;61,0;200,96;Não informado
PC005178;26,0;77,29;Não informado
PC005179;1,0;1541,15;Não informado
PC005180;3,0;8010,63;Não informado
PC005181;3,0;147,24;Não informado
PC005182;89,0;3184,56;Não informado
PC005183;3,0;1072,29;Não informado
PC005184;92,0;393,88;Não informado
PC005185;32,0;3702,71;Não informado
PC005186;35,0;4309,37;Não informado
PC005187;11,0;218,05;Não informado
PC005188;9,0;1770,72;Não informado
PC005189;6,0;478,22;Não informado
PC005190;0,0;182,25;Não informado
PC005191;167,0;5094,22;Não informado
PC005192;0,0;130,87;Não informado
PC005193;7,0;533,33;Não informado
PC005194;19,0;493,49;Não informado
PC005195;15,0;133,83;Não informado
PC005196;0,0;153,29;Não informado
PC005197;4,0;4297,56;Não informado
PC005198;35,0;438,88;Não informado
PC005199;1,0;268,29;Não informado
PC005200;51,0;1209,58;Não informado
PC005201;98,0;1426,0;Não informado
PC005202;4,0;65,31;Não informado
PC005203;40,0;742,82;Não informado
PC005204;3,0;5438,77;Não informado
PC005205;42,0;357,07;Não informado
PC005206;3,0;398,2;Não informado
PC005207;314,0;887,0;Não informado
PC005208;13,0;5683,79;Não informado
PC005209;6,0;7388,83;Não informado
PC005210;14,0;3148,35;Não informado
PC005211;118,0;755,79;Não informado
PC005212;36,0;63,43;Não informado
PC005213;6,0;222,65;Não informado
PC005214;5,0;644,17;Não informado
PC005215;3,0;1601,99;Não informado
PC005216;70,0;449,95;Não informado
PC005217;170,0;66,65;Não informado
PC005218;13,0;404,61;Não informado
PC005219;33,0;1171,75;Não informado
PC005220;6,0;795,9;Não informado
PC005221;0,0;1696,09;Não informado
PC005222;15,0;224,51;Não informado
PC005223;86,0;439,97;Não informado
PC005224;19,0;130,82;Não informado
PC005225;1,0;50,66;Não informado
PC005226;12,0;988,54;Não informado
PC005227;52,0;1614,31;Não informado
PC005228;5,0;802,39;Não informado
PC005229;10,0;1319,5;Não informado
PC005230;32,0;1431,17;Não informado
PC005231;98,0;3201,39;Não informado
PC005232;10,0;936,97;Não informado
PC005233;10,0;112,41;Não informado
PC005234;3,0;84,81;Não informado
PC005235;4,0;83,6;Não informado
PC005236;23,0;2160,74;Não informado
PC005238;45,0;357,06;Não informado
PC005239;61,0;1218,56;Não informado
PC005240;18,0;864,8;Não informado
PC005242;19,0;104,55;Não informado
PC005243;18,0;592,29;Não informado
PC005244;37,0;3886,48;Não informado
PC005245;2,0;167,34;Não informado
PC005246;27,0;4671,94;Não informado
PC005248;2,0;1026,38;Não informado
PC005249;63,0;3150,72;Não informado
PC005251;9,0;301,42;Não informado
PC005252;17,0;1233,96;Não informado
PC005254;12,0;230,78;Não informado
PC005255;9,0;2259,45;Não informado
PC005256;255,0;893,03;Não informado
PC005257;14,0;387,32;Não informado
PC005258;8,0;1148,62;Não informado
PC005259;13,0;857,65;Não informado
PC005260;122,0;127,56;Não informado
PC005261;108,0;695,58;Não informado
PC005262;8,0;453,48;Não informado
PC005263;9,0;354,21;Não informado
PC005264;61,0;554,04;Não informado
PC005265;2,0;1573,33;Não informado
PC005266;4,0;250,82;Não informado
PC005267;5,0;407,9;Não informado
PC005268;16,0;1659,03;Não informado
PC005269;11,0;481,52;Não informado
PC005271;65,0;1949,41;Não informado
PC005273;52,0;1515,26;Não informado
PC005274;20,0;2000,27;Não informado
PC005275;5,0;553,58;Não informado
PC005276;33,0;405,76;Não informado
PC005277;1,0;167,09;Não informado
PC005278;1,0;351,22;Não informado
PC005279;8,0;637,1;Não informado
PC005280;14,0;737,06;Não informado
PC005281;2,0;115,96;Não informado
PC005282;4,0;148,8;Não informado
PC005283;13,0;1035,42;Não informado
PC005284;2,0;1005,64;Não informado
PC005285;212,0;2575,77;Não informado
PC005286;59,0;362,42;Não informado
PC005287;7,0;600,38;Não informado
PC005288;10,0;70,92;Não informado
PC005289;80,0;38,69;Não informado
PC005290;2,0;799,06;Não informado
PC005291;28,0;803,52;Não informado
PC005292;121,0;448,26;Não informado
PC005293;217,0;2624,16;Não informado
PC005294;102,0;931,86;Não informado
PC005295;35,0;1393,14;Não informado
PC005296;23,0;814,43;Não informado
PC005297;20,0;335,06;Não informado
PC005298;27,0;42,18;Não informado
PC005299;17,0;213,19;Não informado
PC005300;16,0;5445,44;Não informado
PC005301;5,0;525,05;Não informado
PC005302;15,0;396,2;Não informado
PC005303;7,0;312,41;Não informado
PC005304;40,0;278,85;Não informado
PC005305;6,0;796,77;Não informado
PC005306;3,0;67,25;Não informado
PC005307;55,0;770,85;Não informado
PC005308;3,0;1900,14;Não informado
PC005309;12,0;214,8;Não informado
PC005311;2,0;605,6;Não informado
PC005312;22,0;350,23;Não informado
PC005313;3,0;2913,21;Não informado
PC005314;23,0;3761,75;Não informado
PC005316;26,0;1834,79;Não informado
PC005317;5,0;473,37;Não informado
PC005318;35,0;202,21;Não informado
PC005319;8,0;1368,62;Não informado
PC005320;12,0;1631,04;Não informado
PC005321;2,0;210,07;Não informado
PC005322;2,0;911,54;Não informado
PC005323;6,0;589,59;Não informado
PC005324;3,0;213,96;Não informado
PC005325;4,0;7790,43;Não informado
PC005326;1,0;415,21;Não informado
PC005327;16,0;67,94;Não informado
PC005328;15,0;99,42;Não informado
PC005329;34,0;3057,13;Não informado
PC005330;41,0;709,33;Não informado
PC005332;139,0;2414,35;Não informado
PC005333;28,0;263,1;Não informado
PC005334;6,0;403,08;Não informado
PC005335;14,0;917,05;Não informado
PC005336;7,0;1904,29;Não informado
PC005337;3,0;1318,82;Não informado
PC005338;49,0;2727,98;Não informado
PC005339;42,0;1064,93;Não informado
PC005340;11,0;315,59;Não informado
PC005341;147,0;162,8;Não informado
PC005342;30,0;43,88;Não informado
PC005343;46,0;1077,9;Não informado
PC005345;6,0;115,64;Não informado
PC005346;4,0;909,87;Não informado
PC005347;3,0;1544,89;Não informado
PC005348;5,0;434,73;Não informado
PC005349;62,0;2149,24;Não informado
PC005350;44,0;166,04;Não informado
PC005351;0,0;892,41;Não informado
PC005352;25,0;124,62;Não informado
PC005353;9,0;55,61;Não informado
PC005354;21,0;555,41;Não informado
PC005355;123,0;1174,02;Não informado
PC005356;7,0;1220,99;Não informado
PC005357;37,0;2354,57;Não informado
PC005359;108,0;3425,88;Não informado
PC005360;4,0;541,05;Não informado
PC005361;1,0;335,75;Não informado
PC005362;5,0;90,21;Não informado
PC005363;32,0;269,37;Não informado
PC005364;10,0;3473,52;Não informado
PC005365;10,0;68,8;Não informado
PC005367;51,0;1018,59;Não informado
PC005368;5,0;244,6;Não informado
PC005369;100,0;814,23;Não informado
PC005370;105,0;78,15;Não informado
PC005371;9,0;431,74;Não informado
PC005372;8,0;4097,34;Não informado
PC005373;19,0;296,47;Não informado
PC005374;327,0;1511,14;Não informado
PC005375;13,0;201,54;Não informado
PC005376;9,0;249,32;Não informado
PC005377;161,0;1709,61;Não informado
PC005378;4,0;5511,28;Não informado
PC005379;53,0;85,08;Não informado
PC005380;3,0;2736,58;Não informado
PC005381;6,0;1958,56;Não informado
PC005382;18,0;43,05;Não informado
PC005383;26,0;3424,4;Não informado
PC005384;30,0;1100,11;Não informado
PC005385;44,0;70,58;Não informado
PC005386;18,0;1362,26;Não informado
PC005387;29,0;721,7;Não informado
PC005388;522,0;183,98;Não informado
PC005389;4,0;1085,75;Não informado
PC005390;38,0;308,52;Não informado
PC005391;18,0;275,53;Não informado
PC005392;4,0;164,33;Não informado
PC005393;3,0;411,45;Não informado
PC005394;71,0;300,49;Não informado
PC005395;173,0;777,99;Não informado
PC005396;46,0;3364,35;Não informado
PC005397;7,0;160,87;Não informado
PC005398;21,0;417,59;Não informado
PC005399;6,0;3083,57;Não informado
PC005400;80,0;4719,49;Não informado
PC005401;24,0;5960,1;Não informado
PC005402;18,0;5927,99;Não informado
PC005403;1,0;1351,94;Não informado
PC005405;0,0;128,96;Não informado
PC005406;22,0;1475,94;Não informado
PC005407;3,0;94,54;Não informado
PC005408;102,0;506,39;Não informado
PC005409;12,0;35,43;Não informado
PC005410;89,0;856,93;Não informado
PC005411;229,0;1280,77;Não informado
PC005413;3,0;2401,49;Não informado
PC005414;838,0;129,11;Não informado
PC005415;8,0;549,22;Não informado
PC005416;84,0;24,02;Não informado
PC005417;27,0;96,0;Não informado
PC005419;17,0;880,32;Não informado
PC005420;10,0;190,54;Não informado
PC005421;10,0;1784,11;Não informado
PC005422;3,0;1894,64;Não informado
PC005423;14,0;6255,41;Não informado
PC005424;11,0;562,95;Não informado
PC005425;23,0;248,16;Não informado
PC005426;18,0;54,29;Não informado
PC005427;37,0;354,28;Não informado
PC005428;8,0;2341,75;Não informado
PC005429;53,0;761,78;Não informado
PC005430;8,0;293,42;Não informado
PC005431;2,0;877,35;Não informado
PC005432;24,0;376,46;Não informado
PC005433;14,0;584,39;Não informado
PC005434;1,0;40,2;Não informado
PC005435;82,0;299,16;Não informado
PC005436;91,0;1700,86;Não informado
PC005437;5,0;229,95;Não informado
PC005438;39,0;5603,5;Não informado
PC005439;95,0;864,82;Não informado
PC005440;2,0;662,34;Não informado
PC005441;19,0;4019,54;Não informado
PC005442;9,0;1965,42;Não informado
PC005443;21,0;208,81;Não informado
PC005444;8,0;4305,87;Não informado
PC005445;3,0;2590,27;Não informado
PC005446;4,0;165,39;Não informado
PC005447;285,0;3826,64;Não informado
PC005448;1,0;1647,62;Não informado
PC005449;24,0;549,68;Não informado
PC005450;5,0;1314,26;Não informado
PC005451;30,0;439,97;Não informado
PC005452;2,0;214,93;Não informado
PC005453;6,0;2877,44;Não informado
PC005454;70,0;182,23;Não informado
PC005455;64,0;484,8;Não informado
PC005456;34,0;435,68;Não informado
PC005457;4,0;3148,01;Não informado
PC005458;43,0;825,35;Não informado
PC005459;4,0;1094,66;Não informado
PC005460;12,0;382,07;Não informado
PC005461;253,0;268,91;Não informado
PC005462;59,0;321,5;Não informado
PC005463;2,0;631,38;Não informado
PC005464;15,0;1208,64;Não informado
PC005465;17,0;6638,79;Não informado
PC005466;13,0;1043,06;Não informado
PC005467;16,0;302,5;Não informado
PC005468;10,0;367,78;Não informado
PC005469;11,0;67,13;Não informado
PC005470;77,0;152,08;Não informado
PC005471;121,0;426,17;Não informado
PC005472;2,0;890,78;Não informado
PC005473;45,0;64,86;Não informado
PC005474;26,0;486,87;Não informado
PC005475;48,0;82,07;Não informado
PC005476;2,0;469,17;Não informado
PC005477;6,0;1281,86;Não informado
PC005478;13,0;592,82;Não informado
PC005479;11,0;528,87;Não informado
PC005480;22,0;24,82;Não informado
PC005481;6,0;39,3;Não informado
PC005482;9,0;337,5;Não informado
PC005483;1,0;839,31;Não informado
PC005484;35,0;448,08;Não informado
PC005486;16,0;1111,11;Não informado
PC005487;40,0;3697,01;Não informado
PC005488;36,0;772,92;Não informado
PC005489;81,0;100,07;Não informado
PC005490;115,0;54,16;Não informado
PC005491;1,0;80,93;Não informado
PC005492;6,0;3538,03;Não informado
PC005493;1,0;997,04;Não informado
PC005494;46,0;107,16;Não informado
PC005495;6,0;1165,33;Não informado
PC005496;23,0;164,77;Não informado
PC005497;10,0;186,71;Não informado
PC005498;64,0;53,9;Não informado
PC005499;14,0;2300,88;Não informado
PC005500;88,0;5629,46;Não informado
PC005501;7,0;99,55;Não informado
PC005502;12,0;2126,96;Não informado
PC005503;3,0;121,38;Não informado
PC005504;5,0;773,83;Não informado
PC005505;66,0;1393,67;Não informado
PC005506;2,0;2102,64;Não informado
PC005507;2,0;85,2;Não informado
PC005508;22,0;3858,47;Não informado
PC005511;3,0;4325,58;Não informado
PC005512;10,0;1314,59;Não informado
PC005513;30,0;638,63;Não informado
PC005514;1,0;998,35;Não informado
PC005515;3,0;108,07;Não informado
PC005516;12,0;136,6;Não informado
PC005517;13,0;3565,41;Não informado
PC005518;6,0;994,1;Não informado
PC005519;6,0;1276,0;Não informado
PC005520;24,0;200,46;Não informado
PC005521;49,0;1093,56;Não informado
PC005522;49,0;982,03;Não informado
PC005524;19,0;4393,17;Não informado
PC005525;3,0;559,34;Não informado
PC005526;9,0;496,08;Não informado
PC005527;15,0;2860,71;Não informado
PC005528;29,0;5889,61;Não informado
PC005529;3,0;4561,06;Não informado
PC005530;1,0;3500,09;Não informado
PC005531;12,0;1220,28;Não informado
PC005532;43,0;349,55;Não informado
PC005533;0,0;354,95;Não informado
PC005534;43,0;823,57;Não informado
PC005535;75,0;1541,29;Não informado
PC005536;28,0;202,81;Não informado
PC005537;4,0;53,25;Não informado
PC005539;1,0;457,04;Não informado
PC005540;5,0;898,67;Não informado
PC005541;141,0;1103,82;Não informado
PC005542;7,0;74,61;Não informado
PC005543;42,0;990,13;Não informado
PC005544;171,0;71,17;Não informado
PC005545;19,0;64,51;Não informado
PC005546;5,0;176,47;Não informado
PC005547;6,0;1282,08;Não informado
PC005548;38,0;547,53;Não informado
PC005549;6,0;3984,93;Não informado
PC005550;13,0;729,37;Não informado
PC005551;9,0;2818,08;Não informado
PC005552;1,0;911,44;Não informado
PC005553;35,0;327,44;Não informado
PC005554;20,0;116,03;Não informado
PC005555;59,0;87,48;Não informado
PC005556;243,0;6395,12;Não informado
PC005557;3,0;1018,97;Não informado
PC005558;4,0;118,93;Não informado
PC005559;3,0;168,17;Não informado
PC005560;9,0;1218,06;Não informado
PC005561;219,0;1026,61;Não informado
PC005562;31,0;46,96;Não informado
PC005563;16,0;1612,47;Não informado
PC005564;67,0;4890,76;Não informado
PC005565;9,0;277,17;Não informado
PC005566;4,0;5678,72;Não informado
PC005567;358,0;314,82;Não informado
PC005568;54,0;545,77;Não informado
PC005569;28,0;3302,75;Não informado
PC005571;10,0;342,15;Não informado
PC005572;0,0;4755,29;Não informado
PC005573;17,0;1966,97;Não informado
PC005574;3,0;802,92;Não informado
PC005575;4,0;541,54;Não informado
PC005576;3,0;1288,8;Não informado
PC005577;15,0;783,83;Não informado
PC005578;137,0;1633,39;Não informado
PC005579;23,0;302,6;Não informado
PC005580;70,0;318,7;Não informado
PC005581;142,0;4350,58;Não informado
PC005582;24,0;411,61;Não informado
PC005583;39,0;586,61;Não informado
PC005584;4,0;969,09;Não informado
PC005585;5,0;1246,02;Não informado
PC005586;9,0;342,26;Não informado
PC005587;2,0;436,03;Não informado
PC005589;26,0;897,89;Não informado
PC005590;55,0;409,38;Não informado
PC005591;121,0;1379,46;Não informado
PC005592;23,0;3498,67;Não informado
PC005593;30,0;1545,87;Não informado
PC005594;0,0;2902,04;Não informado
PC005595;6,0;526,5;Não informado
PC005596;9,0;161,01;Não informado
PC005597;10,0;353,88;Não informado
PC005598;3,0;219,48;Não informado
PC005599;11,0;489,54;Não informado
PC005600;68,0;719,57;Não informado
PC005602;84,0;528,25;Não informado
PC005603;8,0;350,06;Não informado
PC005604;15,0;281,61;Não informado
PC005605;7,0;548,3;Não informado
PC005606;37,0;438,53;Não informado
PC005608;10,0;128,55;Não informado
PC005609;9,0;76,22;Não informado
PC005610;16,0;709,49;Não informado
PC005611;30,0;433,29;Não informado
PC005612;93,0;576,41;Não informado
PC005613;8,0;1145,94;Não informado
PC005614;13,0;1069,72;Não informado
PC005615;56,0;1658,12;Não informado
PC005616;43,0;138,29;Não informado
PC005617;20,0;139,14;Não informado
PC005618;33,0;82,73;Não informado
PC005619;22,0;399,59;Não informado
PC005620;30,0;282,38;Não informado
PC005621;3,0;989,85;Não informado
PC005622;1,0;91,63;Não informado
PC005623;19,0;717,22;Não informado
PC005624;23,0;699,85;Não informado
PC005625;1,0;897,91;Não informado
PC005626;28,0;105,62;Não informado
PC005628;22,0;1698,93;Não informado
PC005629;7,0;100,42;Não informado
PC005630;5,0;1780,49;Não informado
PC005631;8,0;773,5;Não informado
PC005632;3,0;918,65;Não informado
PC005633;277,0;4882,18;Não informado
PC005634;3,0;2461,74;Não informado
PC005635;2,0;261,46;Não informado
PC005636;6,0;8146,99;Não informado
PC005637;108,0;1195,45;Não informado
PC005638;197,0;375,78;Não informado
PC005639;43,0;469,02;Não informado
PC005640;6,0;387,63;Não informado
PC005641;27,0;385,61;Não informado
PC005645;10,0;7334,36;Não informado
PC005646;9,0;1170,88;Não informado
PC005647;19,0;892,33;Não informado
PC005648;22,0;251,96;Não informado
PC005649;33,0;2613,06;Não informado
PC005650;204,0;1432,88;Não informado
PC005651;12,0;1002,59;Não informado
PC005652;4,0;1456,5;Não informado
PC005653;117,0;578,13;Não informado
PC005654;45,0;323,02;Não informado
PC005655;17,0;1386,52;Não informado
PC005656;16,0;5173,06;Não informado
PC005657;4,0;5118,46;Não informado
PC005658;29,0;3625,77;Não informado
PC005659;8,0;1042,72;Não informado
PC005660;5,0;244,4;Não informado
PC005661;4,0;172,97;Não informado
PC005662;5,0;923,57;Não informado
PC005663;9,0;557,01;Não informado
PC005664;20,0;730,46;Não informado
PC005666;11,0;743,78;Não informado
PC005667;18,0;895,8;Não informado
PC005668;5,0;354,64;Não informado
PC005669;15,0;719,62;Não informado
PC005670;448,0;257,25;Não informado
PC005671;2,0;311,39;Não informado
PC005672;14,0;23,24;Não informado
PC005674;4,0;593,77;Não informado
PC005675;62,0;1352,53;Não informado
PC005676;4,0;1229,91;Não informado
PC005677;33,0;5444,25;Não informado
PC005678;5,0;900,34;Não informado
PC005679;77,0;4036,51;Não informado
PC005680;7,0;168,8;Não informado
PC005681;57,0;237,5;Não informado
PC005682;0,0;73,47;Não informado
PC005683;3,0;302,16;Não informado
PC005684;21,0;3277,65;Não informado
PC005685;17,0;1090,37;Não informado
PC005686;26,0;210,49;Não informado
PC005687;4,0;57,34;Não informado
PC005688;50,0;587,64;Não informado
PC005689;1,0;859,64;Não informado
PC005690;38,0;70,63;Não informado
PC005691;3,0;1810,77;Não informado
PC005692;39,0;2312,55;Não informado
PC005693;0,0;244,52;Não informado
PC005694;8,0;2525,24;Não informado
PC005695;6,0;800,13;Não informado
PC005696;12,0;419,98;Não informado
PC005697;14,0;4492,33;Não informado
PC005698;7,0;644,35;Não informado
PC005699;10,0;362,54;Não informado
PC005700;1,0;1481,14;Não informado
PC005701;5,0;2332,86;Não informado
PC005702;195,0;569,55;Não informado
PC005703;16,0;2432,72;Não informado
PC005704;7,0;667,43;Não informado
PC005705;238,0;945,47;Não informado
PC005706;8,0;1046,03;Não informado
PC005707;20,0;434,99;Não informado
PC005708;35,0;233,57;Não informado
PC005709;119,0;6358,85;Não informado
PC005710;8,0;831,97;Não informado
PC005711;5,0;999,97;Não informado
PC005712;6,0;373,97;Não informado
PC005713;23,0;5315,97;Não informado
PC005714;41,0;643,44;Não informado
PC005715;169,0;786,55;Não informado
PC005716;106,0;3339,31;Não informado
PC005717;28,0;118,36;Não informado
PC005718;2,0;265,43;Não informado
PC005719;336,0;752,58;Não informado
PC005720;9,0;6886,82;Não informado
PC005721;9,0;5335,87;Não informado
PC005722;27,0;1555,72;Não informado
PC005723;1,0;574,87;Não informado
PC005724;30,0;239,14;Não informado
PC005725;1,0;145,37;Não informado
PC005726;113,0;615,58;Não informado
PC005727;8,0;860,81;Não informado
PC005729;12,0;30,15;Não informado
PC005730;134,0;211,6;Não informado
PC005731;53,0;396,03;Não informado
PC005732;44,0;71,98;Não informado
PC005733;10,0;1492,18;Não informado
PC005735;15,0;289,57;Não informado
PC005736;45,0;113,98;Não informado
PC005738;2,0;290,5;Não informado
PC005739;7,0;552,85;Não informado
PC005740;6,0;1012,8;Não informado
PC005741;22,0;1544,84;Não informado
PC005742;6,0;543,32;Não informado
PC005743;33,0;1265,22;Não informado
PC005744;15,0;645,85;Não informado
PC005745;5,0;288,9;Não informado
PC005746;6,0;99,85;Não informado
PC005747;0,0;155,52;Não informado
PC005748;119,0;3704,09;Não informado
PC005749;9,0;900,58;Não informado
PC005750;93,0;234,82;Não informado
PC005751;16,0;1010,09;Não informado
PC005752;99,0;560,15;Não informado
PC005753;13,0;397,36;Não informado
PC005754;1,0;20,32;Não informado
PC005755;31,0;2199,62;Não informado
PC005756;84,0;6733,05;Não informado
PC005757;16,0;239,64;Não informado
PC005758;45,0;2976,22;Não informado
PC005759;9,0;517,28;Não informado
PC005760;20,0;181,65;Não informado
PC005761;36,0;5754,76;Não informado
PC005762;17,0;2902,72;Não informado
PC005763;35,0;303,23;Não informado
PC005764;133,0;1185,78;Não informado
PC005765;13,0;2230,35;Não informado
PC005766;2,0;593,75;Não informado
PC005767;43,0;2681,5;Não informado
PC005768;28,0;1654,65;Não informado
PC005769;51,0;910,55;Não informado
PC005770;21,0;330,24;Não informado
PC005771;12,0;409,35;Não informado
PC005772;26,0;79,13;Não informado
PC005774;4,0;985,39;Não informado
PC005775;22,0;442,67;Não informado
PC005776;83,0;440,94;Não informado
PC005777;6,0;3175,53;Não informado
PC005778;1,0;1048,72;Não informado
PC005779;5,0;176,41;Não informado
PC005780;8,0;4172,34;Não informado
PC005781;36,0;103,04;Não informado
PC005782;14,0;366,06;Não informado
PC005783;16,0;2882,21;Não informado
PC005784;63,0;6888,82;Não informado
PC005785;0,0;2670,74;Não informado
PC005786;6,0;3901,21;Não informado
PC005787;13,0;726,62;Não informado
PC005788;13,0;294,92;Não informado
PC005789;6,0;255,0;Não informado
PC005790;20,0;811,82;Não informado
PC005791;2,0;1346,02;Não informado
PC005792;30,0;669,72;Não informado
PC005794;1,0;44,18;Não informado
PC005795;80,0;190,99;Não informado
PC005796;64,0;1002,85;Não informado
PC005797;28,0;2016,44;Não informado
PC005799;57,0;599,14;Não informado
PC005800;5,0;24,85;Não informado
PC005802;11,0;948,51;Não informado
PC005803;5,0;759,25;Não informado
PC005804;8,0;813,22;Não informado
PC005805;3,0;547,57;Não informado
PC005806;5,0;1207,03;Não informado
PC005808;9,0;322,52;Não informado
PC005809;16,0;239,72;Não informado
PC005810;10,0;95,74;Não informado
PC005811;6,0;168,75;Não informado
PC005812;36,0;1766,41;Não informado
PC005813;8,0;192,27;Não informado
PC005814;20,0;91,61;Não informado
PC005815;46,0;1097,63;Não informado
PC005816;16,0;696,45;Não informado
PC005817;90,0;224,73;Não informado
PC005818;1,0;36,52;Não informado
PC005819;2,0;1279,97;Não informado
PC005820;18,0;2199,41;Não informado
PC005821;131,0;301,34;Não informado
PC005822;12,0;3010,44;Não informado
PC005823;113,0;378,46;Não informado
PC005824;4,0;685,31;Não informado
PC005825;132,0;2000,74;Não informado
PC005826;3,0;2660,73;Não informado
PC005827;43,0;182,2;Não informado
PC005828;4,0;2991,48;Não informado
PC005829;192,0;1571,79;Não informado
PC005830;5,0;1044,31;Não informado
PC005831;5,0;2875,96;Não informado
PC005833;5,0;671,56;Não informado
PC005834;47,0;119,69;Não informado
PC005835;30,0;578,85;Não informado
PC005836;41,0;136,28;Não informado
PC005838;1,0;1311,38;Não informado
PC005839;1,0;959,64;Não informado
PC005840;50,0;761,4;Não informado
PC005841;11,0;904,68;Não informado
PC005842;3,0;1037,64;Não informado
PC005843;68,0;102,22;Não informado
PC005845;13,0;703,19;Não informado
PC005846;10,0;674,43;Não informado
PC005847;39,0;2612,36;Não informado
PC005848;120,0;8228,15;Não informado
PC005849;16,0;2706,24;Não informado
PC005850;5,0;2163,1;Não informado
PC005851;364,0;1006,41;Não informado
PC005852;9,0;294,46;Não informado
PC005853;41,0;208,85;Não informado
PC005854;5,0;1089,94;Não informado
PC005855;143,0;151,49;Não informado
PC005856;3,0;469,45;Não informado
PC005857;15,0;36,86;Não informado
PC005859;7,0;856,63;Não informado
PC005860;70,0;100,59;Não informado
PC005861;12,0;2324,21;Não informado
PC005863;10,0;743,41;Não informado
PC005864;31,0;101,57;Não informado
PC005865;23,0;56,22;Não informado
PC005866;3,0;139,31;Não informado
PC005867;2,0;1212,36;Não informado
PC005868;5,0;1132,34;Não informado
PC005869;25,0;3889,5;Não informado
PC005870;4,0;171,02;Não informado
PC005871;88,0;4141,63;Não informado
PC005872;5,0;788,13;Não informado
PC005873;14,0;316,38;Não informado
PC005874;118,0;105,0;Não informado
PC005875;4,0;108,96;Não informado
PC005876;5,0;6085,73;Não informado
PC005878;11,0;126,51;Não informado
PC005879;6,0;1270,0;Não informado
PC005880;6,0;1052,65;Não informado
PC005881;4,0;918,73;Não informado
PC005882;1,0;32,22;Não informado
PC005883;3,0;2989,68;Não informado
PC005884;51,0;3736,29;Não informado
PC005885;11,0;183,93;Não informado
PC005886;63,0;4868,54;Não informado
PC005887;5,0;747,62;Não informado
PC005888;21,0;579,83;Não informado
PC005889;7,0;4564,45;Não informado
PC005890;8,0;3470,65;Não informado
PC005891;79,0;167,76;Não informado
PC005892;0,0;8259,86;Não informado
PC005893;126,0;2750,7;Não informado
PC005894;9,0;709,02;Não informado
PC005895;6,0;1169,17;Não informado
PC005896;5,0;622,01;Não informado
PC005897;19,0;718,55;Não informado
PC005898;5,0;175,02;Não informado
PC005899;16,0;262,95;Não informado
PC005900;15,0;198,62;Não informado
PC005901;35,0;392,78;Não informado
PC005902;7,0;651,94;Não informado
PC005903;12,0;834,96;Não informado
PC005904;0,0;174,91;Não informado
PC005905;3,0;1522,64;Não informado
PC005906;3,0;395,71;Não informado
PC005907;48,0;579,92;Não informado
PC005908;70,0;3259,36;Não informado
PC005909;2,0;82,84;Não informado
PC005910;25,0;633,7;Não informado
PC005911;14,0;2447,21;Não informado
PC005912;68,0;6235,17;Não informado
PC005913;33,0;3670,07;Não informado
PC005914;47,0;2316,44;Não informado
PC005915;2,0;757,46;Não informado
PC005916;0,0;375,75;Não informado
PC005917;6,0;214,76;Não informado
PC005918;3,0;264,73;Não informado
PC005919;5,0;1675,33;Não informado
PC005920;3,0;361,78;Não informado
PC005921;3,0;37,65;Não informado
PC005922;7,0;864,58;Não informado
PC005924;26,0;183,74;Não informado
PC005925;6,0;723,63;Não informado
PC005926;3,0;463,11;Não informado
PC005927;9,0;109,42;Não informado
PC005928;92,0;103,21;Não informado
PC005929;29,0;77,92;Não informado
PC005930;180,0;302,81;Não informado
PC005931;26,0;272,18;Não informado
PC005932;1,0;940,43;Não informado
PC005933;98,0;5655,92;Não informado
PC005934;56,0;250,58;Não informado
PC005935;9,0;4560,83;Não informado
PC005937;21,0;169,99;Não informado
PC005938;1,0;82,33;Não informado
PC005939;43,0;51,23;Não informado
PC005940;33,0;1162,48;Não informado
PC005941;3,0;1118,16;Não informado
PC005942;1,0;262,32;Não informado
PC005943;60,0;1097,09;Não informado
PC005944;2,0;422,47;Não informado
PC005945;13,0;249,68;Não informado
PC005946;6,0;53,08;Não informado
PC005947;9,0;2712,88;Não informado
PC005948;24,0;4711,37;Não informado
PC005949;2,0;260,72;Não informado
PC005950;23,0;4113,21;Não informado
PC005951;14,0;1193,48;Não informado
PC005952;4,0;234,1;Não informado
PC005953;3,0;4452,38;Não informado
PC005954;107,0;3126,45;Não informado
PC005955;4,0;130,43;Não informado
PC005956;25,0;6039,45;Não informado
PC005957;3,0;622,66;Não informado
PC005958;16,0;162,9;Não informado
PC005959;7,0;2752,5;Não informado
PC005960;2,0;629,64;Não informado
PC005961;2,0;101,0;Não informado
PC005962;27,0;685,39;Não informado
PC005963;7,0;875,57;Não informado
PC005964;12,0;341,8;Não informado
PC005965;3,0;2731,83;Não informado
PC005966;71,0;797,52;Não informado
PC005967;104,0;531,72;Não informado
PC005968;6,0;1519,31;Não informado
PC005969;106,0;2425,93;Não informado
PC005970;5,0;75,57;Não informado
PC005971;10,0;705,38;Não informado
PC005972;0,0;3650,76;Não informado
PC005973;6,0;492,5;Não informado
PC005974;33,0;658,17;Não informado
PC005975;1,0;2315,68;Não informado
PC005976;22,0;3831,61;Não informado
PC005977;2,0;2742,65;Não informado
PC005978;7,0;4566,36;Não informado
PC005979;99,0;729,4;Não informado
PC005980;3,0;380,63;Não informado
PC005981;10,0;47,05;Não informado
PC005982;1,0;330,84;Não informado
PC005983;25,0;125,35;Não informado
PC005984;14,0;356,98;Não informado
PC005985;44,0;47,26;Não informado
PC005986;3,0;494,38;Não informado
PC005987;4,0;624,5;Não informado
PC005988;16,0;357,4;Não informado
PC005989;0,0;1650,19;Não informado
PC005990;49,0;858,44;Não informado
PC005991;93,0;955,8;Não informado
PC005992;2,0;41,33;Não informado
PC005993;3,0;22,27;Não informado
PC005994;2,0;713,37;Não informado
PC005995;2,0;124,45;Não informado
PC005996;3,0;333,27;Não informado
PC005997;2,0;4968,95;Não informado
PC005998;8,0;1572,14;Não informado
PC005999;14,0;8120,5;Não informado
PC006000;152,0;439,15;Não informado
PC006001;7,0;198,16;Não informado
PC006002;9,0;62,83;Não informado
PC006003;5,0;389,19;Não informado
PC006004;18,0;1265,13;Não informado
PC006005;12,0;797,02;Não informado
PC006006;76,0;244,91;Não informado
PC006007;844,0;52,61;Não informado
PC006008;14,0;537,82;Não informado
PC006009;5,0;327,8;Não informado
PC006010;39,0;17,51;Não informado
PC006011;1,0;1831,81;Não informado
PC006012;6,0;1430,2;Não informado
PC006013;3,0;117,62;Não informado
PC006014;14,0;1093,54;Não informado
PC006015;5,0;914,57;Não informado
PC006016;46,0;230,34;Não informado
PC006017;2,0;486,19;Não informado
PC006018;30,0;4359,82;Não informado
PC006019;741,0;383,56;Não informado
PC006020;55,0;3630,97;Não informado
PC006022;12,0;541,13;Não informado
PC006023;1,0;4501,7;Não informado
PC006024;7,0;879,89;Não informado
PC006025;10,0;669,93;Não informado
PC006026;5,0;889,05;Não informado
PC006027;117,0;139,52;Não informado
PC006028;13,0;49,41;Não informado
PC006029;1,0;6934,22;Não informado
PC006030;141,0;197,18;Não informado
PC006031;8,0;443,82;Não informado
PC006032;1,0;1143,7;Não informado
PC006033;4,0;1244,51;Não informado
PC006034;3,0;135,86;Não informado
PC006035;100,0;452,46;Não informado
PC006036;103,0;557,26;Não informado
PC006037;8,0;485,33;Não informado
PC006038;1,0;398,22;Não informado
PC006039;47,0;1885,93;Não informado
PC006040;3,0;5558,85;Não informado
PC006041;66,0;1737,95;Não informado
PC006042;44,0;2938,62;Não informado
PC006044;41,0;163,67;Não informado
PC006045;11,0;203,2;Não informado
PC006046;1,0;1083,28;Não informado
PC006047;14,0;1744,03;Não informado
PC006048;15,0;793,06;Não informado
PC006049;24,0;98,64;Não informado
PC006050;2,0;823,98;Não informado
PC006051;16,0;984,85;Não informado
PC006052;32,0;577,53;Não informado
PC006054;2,0;572,9;Não informado
PC006055;16,0;114,98;Não informado
PC006056;61,0;25,82;Não informado
PC006057;35,0;86,04;Não informado
PC006059;23,0;1008,53;Não informado
PC006060;1,0;227,66;Não informado
PC006061;56,0;1046,91;Não informado
PC006062;55,0;1181,8;Não informado
PC006063;4,0;1666,51;Não informado
PC006064;44,0;529,92;Não informado
PC006065;15,0;189,02;Não informado
PC006066;18,0;66,37;Não informado
PC006067;3,0;431,1;Não informado
PC006068;37,0;5625,66;Não informado
PC006069;35,0;1015,72;Não informado
PC006070;0,0;172,53;Não informado
PC006071;64,0;194,52;Não informado
PC006072;12,0;1018,49;Não informado
PC006073;8,0;678,31;Não informado
PC006074;39,0;39,89;Não informado
PC006075;4,0;2072,11;Não informado
PC006076;137,0;2423,48;Não informado
PC006077;122,0;222,98;Não informado
PC006078;19,0;561,95;Não informado
PC006079;34,0;668,96;Não informado
PC006080;5,0;290,75;Não informado
PC006081;60,0;4710,07;Não informado
PC006082;5,0;2527,7;Não informado
PC006083;5,0;399,67;Não informado
PC006084;4,0;2217,0;Não informado
PC006085;49,0;2370,75;Não informado
PC006086;26,0;770,5;Não informado
PC006087;32,0;609,37;Não informado
PC006089;45,0;194,85;Não informado
PC006090;15,0;334,81;Não informado
PC006092;29,0;337,03;Não informado
PC006093;45,0;3929,45;Não informado
PC006094;13,0;404,02;Não informado
PC006095;24,0;1044,89;Não informado
PC006096;13,0;459,47;Não informado
PC006097;2,0;5990,42;Não informado
PC006098;204,0;1115,74;Não informado
PC006099;8,0;375,96;Não informado
PC006100;6,0;4691,73;Não informado
PC006101;10,0;540,45;Não informado
PC006102;7,0;697,92;Não informado
PC006103;28,0;2329,45;Não informado
PC006104;64,0;4633,65;Não informado
PC006105;39,0;6539,26;Não informado
PC006106;30,0;1610,37;Não informado
PC006107;35,0;438,98;Não informado
PC006108;2,0;295,43;Não informado
PC006109;64,0;390,22;Não informado
PC006110;2,0;950,46;Não informado
PC006111;4,0;1621,6;Não informado
PC006112;12,0;303,12;Não informado
PC006113;5,0;75,36;Não informado
PC006114;11,0;823,66;Não informado
PC006115;253,0;1285,67;Não informado
PC006116;85,0;798,36;Não informado
PC006117;2,0;1303,28;Não informado
PC006119;26,0;102,7;Não informado
PC006120;3,0;92,0;Não informado
PC006121;186,0;16,88;Não informado
PC006122;8,0;659,6;Não informado
PC006123;56,0;89,71;Não informado
PC006124;6,0;453,75;Não informado
PC006125;292,0;4471,57;Não informado
PC006126;2,0;1529,36;Não informado
PC006127;72,0;2611,03;Não informado
PC006128;95,0;274,85;Não informado
PC006129;10,0;167,02;Não informado
PC006130;41,0;97,55;Não informado
PC006131;14,0;156,53;Não informado
PC006132;62,0;2733,92;Não informado
PC006133;16,0;1026,33;Não informado
PC006134;11,0;226,28;Não informado
PC006135;11,0;340,43;Não informado
PC006136;32,0;353,83;Não informado
PC006137;2,0;914,11;Não informado
PC006138;19,0;49,91;Não informado
PC006139;3,0;2444,96;Não informado
PC006140;19,0;260,17;Não informado
PC006141;62,0;91,98;Não informado
PC006142;5,0;5017,3;Não informado
PC006143;25,0;203,4;Não informado
PC006144;11,0;796,87;Não informado
PC006145;37,0;3318,5;Não informado
PC006146;2,0;1841,65;Não informado
PC006147;9,0;306,37;Não informado
PC006148;45,0;5975,97;Não informado
PC006149;32,0;375,53;Não informado
PC006150;23,0;759,9;Não informado
PC006151;56,0;1079,99;Não informado
PC006153;2,0;459,57;Não informado
PC006154;2,0;490,15;Não informado
PC006156;2,0;95,86;Não informado
PC006157;11,0;6484,47;Não informado
PC006159;34,0;546,73;Não informado
PC006160;47,0;887,12;Não informado
PC006161;30,0;6358,94;Não informado
PC006162;3,0;839,75;Não informado
PC006163;44,0;933,91;Não informado
PC006164;3,0;4769,47;Não informado
PC006165;10,0;184,48;Não informado
PC006167;3,0;867,65;Não informado
PC006168;5,0;4635,84;Não informado
PC006170;2,0;4432,69;Não informado
PC006171;55,0;530,61;Não informado
PC006172;6,0;366,73;Não informado
PC006173;6,0;288,26;Não informado
PC006174;43,0;1352,63;Não informado
PC006175;107,0;355,07;Não informado
PC006176;60,0;306,63;Não informado
PC006177;6,0;95,94;Não informado
PC006178;17,0;185,24;Não informado
PC006179;6,0;1683,2;Não informado
PC006180;2,0;463,38;Não informado
PC006181;2,0;2207,9;Não informado
PC006182;103,0;1030,56;Não informado
PC006183;7,0;175,17;Não informado
PC006184;293,0;84,0;Não informado
PC006185;13,0;37,62;Não informado
PC006186;23,0;816,27;Não informado
PC006187;11,0;677,28;Não informado
PC006189;6,0;238,95;Não informado
PC006190;219,0;588,3;Não informado
PC006191;50,0;4876,97;Não informado
PC006192;4,0;247,43;Não informado
PC006193;17,0;259,56;Não informado
PC006194;22,0;58,25;Não informado
PC006195;8,0;141,31;Não informado
PC006196;15,0;5405,4;Não informado
PC006197;29,0;923,59;Não informado
PC006198;0,0;72,38;Não informado
PC006199;2,0;843,52;Não informado
PC006200;62,0;620,9;Não informado
PC006201;26,0;174,39;Não informado
PC006202;5,0;73,13;Não informado
PC006203;1,0;467,08;Não informado
PC006204;7,0;6774,44;Não informado
PC006205;6,0;206,54;Não informado
PC006206;14,0;1749,78;Não informado
PC006207;60,0;295,7;Não informado
PC006208;0,0;469,33;Não informado
PC006209;12,0;2193,97;Não informado
PC006210;11,0;4112,87;Não informado
PC006212;3,0;2583,75;Não informado
PC006213;23,0;409,82;Não informado
PC006214;123,0;728,35;Não informado
PC006215;54,0;5228,36;Não informado
PC006216;130,0;696,64;Não informado
PC006218;85,0;1082,15;Não informado
PC006219;17,0;93,75;Não informado
PC006220;7,0;252,26;Não informado
PC006221;12,0;6329,92;Não informado
PC006222;6,0;588,29;Não informado
PC006223;9,0;541,88;Não informado
PC006224;46,0;1287,48;Não informado
PC006225;11,0;3540,35;Não informado
PC006226;25,0;196,26;Não informado
PC006227;5,0;475,73;Não informado
PC006228;35,0;4410,8;Não informado
PC006229;17,0;1093,54;Não informado
PC006230;11,0;89,04;Não informado
PC006231;5,0;2189,89;Não informado
PC006232;24,0;7658,21;Não informado
PC006233;15,0;7134,19;Não informado
PC006234;1,0;915,52;Não informado
PC006235;52,0;929,78;Não informado
PC006236;1,0;336,96;Não informado
PC006237;1,0;257,25;Não informado
PC006238;27,0;518,02;Não informado
PC006239;24,0;1885,59;Não informado
PC006240;13,0;354,08;Não informado
PC006241;268,0;109,96;Não informado
PC006242;27,0;435,3;Não informado
PC006243;91,0;1329,79;Não informado
PC006244;6,0;186,2;Não informado
PC006245;29,0;902,76;Não informado
PC006246;15,0;804,61;Não informado
PC006247;1,0;765,25;Não informado
PC006248;98,0;114,09;Não informado
PC006249;23,0;100,6;Não informado
PC006250;8,0;171,42;Não informado
PC006251;2,0;1407,43;Não informado
PC006252;5,0;432,52;Não informado
PC006253;6,0;5486,02;Não informado
PC006254;142,0;1492,38;Não informado
PC006255;51,0;2802,89;Não informado
PC006256;1,0;370,96;Não informado
PC006257;6,0;163,27;Não informado
PC006258;56,0;86,75;Não informado
PC006259;17,0;161,49;Não informado
PC006260;7,0;4049,25;Não informado
PC006261;4,0;185,5;Não informado
PC006262;29,0;200,86;Não informado
PC006263;3,0;828,2;Não informado
PC006264;5,0;311,18;Não informado
PC006265;1,0;174,79;Não informado
PC006266;75,0;22,04;Não informado
PC006267;30,0;2285,57;Não informado
PC006268;27,0;6144,87;Não informado
PC006269;1,0;62,58;Não informado
PC006270;1,0;4821,44;Não informado
PC006271;78,0;495,15;Não informado
PC006272;102,0;235,43;Não informado
PC006273;34,0;3450,19;Não informado
PC006274;6,0;1945,29;Não informado
PC006275;1,0;313,35;Não informado
PC006276;28,0;4379,36;Não informado
PC006277;10,0;2229,22;Não informado
PC006278;34,0;678,1;Não informado
PC006279;13,0;2959,16;Não informado
PC006280;17,0;1591,84;Não informado
PC006281;8,0;873,96;Não informado
PC006282;31,0;1056,14;Não informado
PC006283;21,0;290,74;Não informado
PC006284;4,0;130,24;Não informado
PC006285;26,0;2890,59;Não informado
PC006286;78,0;118,44;Não informado
PC006288;1,0;851,91;Não informado
PC006289;22,0;1711,55;Não informado
PC006290;26,0;181,68;Não informado
PC006291;106,0;789,68;Não informado
PC006292;1,0;4409,09;Não informado
PC006293;44,0;404,68;Não informado
PC006294;6,0;247,41;Não informado
PC006295;5,0;2066,13;Não informado
PC006296;18,0;2239,78;Não informado
PC006297;1,0;2515,61;Não informado
PC006298;50,0;4423,07;Não informado
PC006299;6,0;423,81;Não informado
PC006300;1,0;113,91;Não informado
PC006301;49,0;101,64;Não informado
PC006302;11,0;309,68;Não informado
PC006303;129,0;555,14;Não informado
PC006304;1,0;595,35;Não informado
PC006305;6,0;93,68;Não informado
PC006306;3,0;512,36;Não informado
PC006307;1,0;1417,17;Não informado
PC006308;11,0;705,06;Não informado
PC006309;3,0;655,59;Não informado
PC006310;3,0;75,81;Não informado
PC006311;5,0;986,33;Não informado
PC006312;3,0;44,97;Não informado
PC006313;6,0;51,18;Não informado
PC006314;8,0;515,21;Não informado
PC006315;14,0;902,38;Não informado
PC006316;13,0;1150,69;Não informado
PC006317;72,0;3013,36;Não informado
PC006318;8,0;1888,48;Não informado
PC006319;3,0;1456,11;Não informado
PC006320;12,0;191,84;Não informado
PC006321;7,0;392,34;Não informado
PC006322;6,0;87,13;Não informado
PC006323;46,0;62,51;Não informado
PC006324;2,0;1138,31;Não informado
PC006325;33,0;1005,12;Não informado
PC006326;16,0;109,8;Não informado
PC006327;20,0;339,37;Não informado
PC006328;22,0;359,54;Não informado
PC006329;26,0;1112,83;Não informado
PC006330;61,0;110,16;Não informado
PC006331;40,0;553,74;Não informado
PC006332;3,0;241,38;Não informado
PC006333;53,0;347,78;Não informado
PC006334;19,0;1296,65;Não informado
PC006335;17,0;281,26;Não informado
PC006336;9,0;775,76;Não informado
PC006337;8,0;1366,62;Não informado
PC006338;13,0;1647,85;Não informado
PC006339;89,0;125,81;Não informado
PC006340;55,0;3963,78;Não informado
PC006341;15,0;2337,3;Não informado
PC006342;4,0;507,27;Não informado
PC006343;2,0;3598,93;Não informado
PC006344;1,0;1571,91;Não informado
PC006345;15,0;324,3;Não informado
PC006346;90,0;368,12;Não informado
PC006347;4,0;586,87;Não informado
PC006348;6,0;54,41;Não informado
PC006349;30,0;1656,7;Não informado
PC006350;2,0;545,87;Não informado
PC006351;33,0;745,58;Não informado
PC006352;1,0;64,53;Não informado
PC006353;28,0;2352,25;Não informado
PC006354;0,0;779,7;Não informado
PC006355;3,0;168,87;Não informado
PC006356;1,0;5154,54;Não informado
PC006357;32,0;152,34;Não informado
PC006358;16,0;957,01;Não informado
PC006359;27,0;2182,78;Não informado
PC006360;20,0;1092,55;Não informado
PC006361;79,0;2417,35;Não informado
PC006362;110,0;1970,57;Não informado
PC006363;71,0;514,1;Não informado
PC006364;26,0;63,0;Não informado
PC006365;154,0;350,23;Não informado
PC006366;18,0;63,7;Não informado
PC006367;8,0;1464,52;Não informado
PC006368;2,0;360,62;Não informado
PC006369;17,0;95,56;Não informado
PC006370;56,0;841,23;Não informado
PC006371;7,0;1001,6;Não informado
PC006372;16,0;299,81;Não informado
PC006373;20,0;430,66;Não informado
PC006374;2,0;936,8;Não informado
PC006375;1,0;1168,92;Não informado
PC006376;59,0;51,44;Não informado
PC006378;47,0;864,81;Não informado
PC006379;75,0;950,84;Não informado
PC006380;8,0;1012,07;Não informado
PC006381;59,0;804,26;Não informado
PC006382;70,0;747,71;Não informado
PC006383;8,0;2336,35;Não informado
PC006384;3,0;915,34;Não informado
PC006385;9,0;198,74;Não informado
PC006386;2,0;26,18;Não informado
PC006387;3,0;289,46;Não informado
PC006389;19,0;408,27;Não informado
PC006390;1,0;69,54;Não informado
PC006391;40,0;988,63;Não informado
PC006392;10,0;371,37;Não informado
PC006393;33,0;809,43;Não informado
PC006394;2,0;71,19;Não informado
PC006395;109,0;1675,89;Não informado
PC006396;13,0;2950,84;Não informado
PC006397;7,0;183,16;Não informado
PC006398;317,0;3145,84;Não informado
PC006399;85,0;619,21;Não informado
PC006400;26,0;773,27;Não informado
PC006401;2,0;1725,98;Não informado
PC006403;47,0;293,01;Não informado
PC006404;4,0;4469,25;Não informado
PC006405;20,0;1923,94;Não informado
PC006406;5,0;335,3;Não informado
PC006407;7,0;3469,18;Não informado
PC006408;40,0;655,09;Não informado
PC006410;87,0;982,23;Não informado
PC006411;84,0;466,82;Não informado
PC006412;3,0;52,77;Não informado
PC006413;5,0;6223,52;Não informado
PC006414;5,0;1072,23;Não informado
PC006415;60,0;644,11;Não informado
PC006416;5,0;1054,92;Não informado
PC006417;21,0;3371,4;Não informado
PC006418;4,0;436,78;Não informado
PC006419;49,0;741,2;Não informado
PC006420;1,0;5254,12;Não informado
PC006421;2,0;552,69;Não informado
PC006422;82,0;1068,11;Não informado
PC006423;3,0;2640,12;Não informado
PC006424;109,0;3968,92;Não informado
PC006425;2,0;3825,88;Não informado
PC006426;5,0;2473,7;Não informado
PC006427;1,0;1171,75;Não informado
PC006428;6,0;107,84;Não informado
PC006429;5,0;48,92;Não informado
PC006430;9,0;687,77;Não informado
PC006431;20,0;252,27;Não informado
PC006432;11,0;95,5;Não informado
PC006433;76,0;76,55;Não informado
PC006434;344,0;668,81;Não informado
PC006435;23,0;1068,92;Não informado
PC006436;69,0;53,33;Não informado
PC006437;8,0;2692,24;Não informado
PC006438;66,0;900,65;Não informado
PC006439;12,0;178,55;Não informado
PC006440;9,0;112,39;Não informado
PC006441;75,0;54,64;Não informado
PC006442;28,0;774,91;Não informado
PC006443;19,0;1263,32;Não informado
PC006444;6,0;725,89;Não informado
PC006445;11,0;3241,91;Não informado
PC006446;12,0;1130,86;Não informado
PC006447;2,0;7411,13;Não informado
PC006448;5,0;511,53;Não informado
PC006449;0,0;102,94;Não informado
PC006450;29,0;41,79;Não informado
PC006451;5,0;106,83;Não informado
PC006452;72,0;322,22;Não informado
PC006453;22,0;40,06;Não informado
PC006456;26,0;647,41;Não informado
PC006457;8,0;693,63;Não informado
PC006458;12,0;38,93;Não informado
PC006459;29,0;1114,24;Não informado
PC006460;101,0;8542,4;Não informado
PC006461;79,0;59,39;Não informado
PC006462;29,0;3495,03;Não informado
PC006463;105,0;231,6;Não informado
PC006464;14,0;368,58;Não informado
PC006465;2,0;4445,51;Não informado
PC006466;32,0;1000,96;Não informado
PC006467;62,0;81,6;Não informado
PC006468;2,0;2269,29;Não informado
PC006469;3,0;450,48;Não informado
PC006470;22,0;517,38;Não informado
PC006471;2,0;314,17;Não informado
PC006472;16,0;1296,53;Não informado
PC006473;1,0;269,7;Não informado
PC006474;7,0;1535,93;Não informado
PC006475;4,0;890,23;Não informado
PC006476;10,0;292,76;Não informado
PC006477;42,0;2496,36;Não informado
PC006478;12,0;346,93;Não informado
PC006479;23,0;232,55;Não informado
PC006480;6,0;1518,33;Não informado
PC006481;17,0;2242,2;Não informado
PC006483;17,0;740,93;Não informado
PC006484;8,0;3973,65;Não informado
PC006485;77,0;145,46;Não informado
PC006486;16,0;346,8;Não informado
PC006487;16,0;452,05;Não informado
PC006488;6,0;4394,93;Não informado
PC006489;27,0;6646,93;Não informado
PC006490;2,0;3554,12;Não informado
PC006491;29,0;755,11;Não informado
PC006492;1,0;233,9;Não informado
PC006493;110,0;389,79;Não informado
PC006494;62,0;739,0;Não informado
PC006495;34,0;415,37;Não informado
PC006496;8,0;236,69;Não informado
PC006497;7,0;18,19;Não informado
PC006498;1,0;498,24;Não informado
PC006499;3,0;564,27;Não informado
PC006501;3,0;2714,36;Não informado
PC006502;103,0;181,97;Não informado
PC006503;32,0;812,79;Não informado
PC006504;6,0;16,3;Não informado
PC006505;20,0;57,27;Não informado
PC006506;3,0;645,48;Não informado
PC006507;24,0;1527,0;Não informado
PC006508;3,0;1025,7;Não informado
PC006509;4,0;383,35;Não informado
PC006510;18,0;1106,38;Não informado
PC006511;0,0;5143,23;Não informado
PC006512;37,0;289,08;Não informado
PC006513;13,0;86,25;Não informado
PC006514;36,0;52,1;Não informado
PC006515;4,0;63,6;Não informado
PC006516;10,0;6540,24;Não informado
PC006517;46,0;992,63;Não informado
PC006518;4,0;281,48;Não informado
PC006519;15,0;822,85;Não informado
PC006520;24,0;132,43;Não informado
PC006521;4,0;961,2;Não informado
PC006522;28,0;24,14;Não informado
PC006523;79,0;1776,4;Não informado
PC006524;12,0;3196,5;Não informado
PC006525;19,0;267,41;Não informado
PC006526;2,0;2761,97;Não informado
PC006527;26,0;688,43;Não informado
PC006528;102,0;134,12;Não informado
PC006529;19,0;2962,41;Não informado
PC006530;79,0;4141,0;Não informado
PC006531;236,0;308,4;Não informado
PC006533;5,0;2445,21;Não informado
PC006534;28,0;791,86;Não informado
PC006535;64,0;5426,56;Não informado
PC006536;5,0;1153,54;Não informado
PC006537;144,0;762,47;Não informado
PC006538;279,0;1649,66;Não informado
PC006539;44,0;876,79;Não informado
PC006540;1,0;118,59;Não informado
PC006541;29,0;4886,36;Não informado
PC006542;75,0;492,34;Não informado
PC006543;12,0;312,52;Não informado
PC006545;5,0;730,95;Não informado
PC006546;1,0;245,85;Não informado
PC006547;7,0;692,25;Não informado
PC006548;53,0;4396,35;Não informado
PC006549;12,0;288,55;Não informado
PC006550;58,0;769,88;Não informado
PC006551;26,0;2635,56;Não informado
PC006552;184,0;4459,46;Não informado
PC006553;2,0;4510,25;Não informado
PC006554;17,0;5487,24;Não informado
PC006555;697,0;1385,7;Não informado
PC006556;68,0;394,01;Não informado
PC006557;9,0;277,23;Não informado
PC006558;2,0;376,49;Não informado
PC006559;61,0;654,09;Não informado
PC006560;16,0;913,89;Não informado
PC006561;51,0;120,4;Não informado
PC006562;89,0;386,74;Não informado
PC006563;43,0;833,65;Não informado
PC006564;5,0;801,91;Não informado
PC006565;8,0;2124,58;Não informado
PC006566;15,0;759,08;Não informado
PC006567;1,0;733,55;Não informado
PC006568;39,0;25,37;Não informado
PC006569;294,0;21,77;Não informado
PC006570;1,0;571,95;Não informado
PC006571;187,0;145,64;Não informado
PC006572;8,0;101,92;Não informado
PC006573;18,0;1562,33;Não informado
PC006574;510,0;1447,68;Não informado
PC006575;16,0;5661,92;Não informado
PC006576;2,0;250,69;Não informado
PC006577;75,0;338,89;Não informado
PC006578;46,0;51,51;Não informado
PC006579;49,0;143,53;Não informado
PC006580;7,0;1347,63;Não informado
PC006581;9,0;157,93;Não informado
PC006582;22,0;290,94;Não informado
PC006583;3,0;658,41;Não informado
PC006584;3,0;484,05;Não informado
PC006585;3,0;224,28;Não informado
PC006586;1,0;81,3;Não informado
PC006587;14,0;1708,18;Não informado
PC006588;6,0;5911,69;Não informado
PC006589;49,0;174,25;Não informado
PC006590;4,0;1526,34;Não informado
PC006591;5,0;873,25;Não informado
PC006592;5,0;399,89;Não informado
PC006593;10,0;2194,54;Não informado
PC006594;10,0;1579,39;Não informado
PC006595;34,0;419,01;Não informado
PC006596;65,0;6825,43;Não informado
PC006597;91,0;972,59;Não informado
PC006598;33,0;976,55;Não informado
PC006599;1,0;5081,74;Não informado
PC006600;3,0;1101,19;Não informado
PC006601;10,0;856,66;Não informado
PC006602;16,0;855,74;Não informado
PC006603;17,0;554,87;Não informado
PC006604;8,0;208,48;Não informado
PC006605;14,0;1810,77;Não informado
PC006606;37,0;1079,21;Não informado
PC006607;440,0;1310,85;Não informado
PC006608;65,0;1177,6;Não informado
PC006609;226,0;1644,54;Não informado
PC006610;40,0;205,28;Não informado
PC006611;197,0;466,46;Não informado
PC006612;575,0;3809,26;Não informado
PC006613;6,0;778,51;Não informado
PC006614;12,0;1051,37;Não informado
PC006615;1,0;1308,01;Não informado
PC006616;8,0;2086,73;Não informado
PC006617;25,0;1426,21;Não informado
PC006618;39,0;263,55;Não informado
PC006619;51,0;1597,3;Não informado
PC006620;9,0;176,94;Não informado
PC006621;8,0;229,91;Não informado
PC006622;51,0;137,4;Não informado
PC006623;18,0;951,61;Não informado
PC006624;13,0;959,54;Não informado
PC006625;76,0;52,9;Não informado
PC006626;109,0;564,49;Não informado
PC006627;16,0;1396,53;Não informado
PC006628;14,0;866,0;Não informado
PC006629;15,0;2566,19;Não informado
PC006630;396,0;252,72;Não informado
PC006631;1,0;545,17;Não informado
PC006632;7,0;89,31;Não informado
PC006633;7,0;38,22;Não informado
PC006634;37,0;806,31;Não informado
PC006635;4,0;804,27;Não informado
PC006636;2,0;126,9;Não informado
PC006637;200,0;2371,72;Não informado
PC006638;51,0;1745,93;Não informado
PC006639;25,0;7475,32;Não informado
PC006640;12,0;933,96;Não informado
PC006641;3,0;306,68;Não informado
PC006642;17,0;23,78;Não informado
PC006643;53,0;169,12;Não informado
PC006644;11,0;2240,85;Não informado
PC006645;16,0;787,02;Não informado
PC006646;13,0;291,38;Não informado
PC006647;6,0;106,66;Não informado
PC006648;4,0;951,64;Não informado
PC006649;16,0;326,97;Não informado
PC006650;7,0;36,34;Não informado
PC006651;0,0;2179,32;Não informado
PC006652;122,0;4353,95;Não informado
PC006653;1,0;350,05;Não informado
PC006654;26,0;2879,54;Não informado
PC006655;5,0;900,69;Não informado
PC006656;29,0;673,65;Não informado
PC006657;105,0;2465,09;Não informado
PC006658;12,0;5068,64;Não informado
PC006659;26,0;161,52;Não informado
PC006660;132,0;1076,4;Não informado
PC006661;69,0;1727,81;Não informado
PC006662;1,0;986,02;Não informado
PC006663;84,0;4111,99;Não informado
PC006664;74,0;622,93;Não informado
PC006666;65,0;1474,31;Não informado
PC006667;1,0;873,93;Não informado
PC006668;228,0;369,78;Não informado
PC006669;3,0;4958,81;Não informado
PC006670;10,0;453,94;Não informado
PC006671;34,0;707,73;Não informado
PC006672;43,0;506,01;Não informado
PC006673;6,0;5385,26;Não informado
PC006674;15,0;1157,42;Não informado
PC006675;11,0;659,21;Não informado
PC006676;10,0;2381,74;Não informado
PC006677;16,0;555,57;Não informado
PC006678;15,0;430,64;Não informado
PC006679;3,0;320,67;Não informado
PC006680;1,0;2069,35;Não informado
PC006681;16,0;5810,16;Não informado
PC006682;35,0;4433,99;Não informado
PC006683;35,0;914,94;Não informado
PC006684;112,0;273,07;Não informado
PC006685;5,0;323,78;Não informado
PC006687;39,0;1473,3;Não informado
PC006688;5,0;995,56;Não informado
PC006689;8,0;53,35;Não informado
PC006690;37,0;529,95;Não informado
PC006691;9,0;1387,04;Não informado
PC006692;50,0;520,98;Não informado
PC006693;40,0;2088,19;Não informado
PC006694;6,0;194,98;Não informado
PC006695;35,0;1092,12;Não informado
PC006696;1,0;71,29;Não informado
PC006697;9,0;102,39;Não informado
PC006698;55,0;708,71;Não informado
PC006699;6,0;684,17;Não informado
PC006700;25,0;543,04;Não informado
PC006702;21,0;1327,8;Não informado
PC006703;78,0;3264,32;Não informado
PC006704;7,0;848,87;Não informado
PC006705;7,0;377,31;Não informado
PC006706;222,0;17,71;Não informado
PC006707;99,0;147,32;Não informado
PC006708;6,0;5306,47;Não informado
PC006709;9,0;283,19;Não informado
PC006710;1,0;166,24;Não informado
PC006711;16,0;979,24;Não informado
PC006712;8,0;795,6;Não informado
PC006713;29,0;558,53;Não informado
PC006715;20,0;1105,06;Não informado
PC006716;59,0;5380,64;Não informado
PC006717;1,0;210,71;Não informado
PC006718;1,0;3206,61;Não informado
PC006719;2,0;1010,59;Não informado
PC006720;23,0;775,96;Não informado
PC006721;73,0;424,49;Não informado
PC006722;150,0;1868,05;Não informado
PC006723;7,0;237,97;Não informado
PC006724;44,0;1305,53;Não informado
PC006725;21,0;2313,27;Não informado
PC006726;34,0;612,48;Não informado
PC006727;111,0;2741,47;Não informado
PC006728;16,0;142,44;Não informado
PC006729;23,0;757,53;Não informado
PC006730;8,0;727,74;Não informado
PC006731;4,0;472,62;Não informado
PC006732;1,0;250,43;Não informado
PC006733;10,0;2124,52;Não informado
PC006734;64,0;538,82;Não informado
PC006736;181,0;1520,37;Não informado
PC006737;28,0;2858,42;Não informado
PC006738;3,0;1027,29;Não informado
PC006739;19,0;138,32;Não informado
PC006740;8,0;4503,76;Não informado
PC006741;19,0;518,47;Não informado
PC006742;10,0;315,62;Não informado
PC006743;8,0;382,02;Não informado
PC006744;14,0;3806,84;Não informado
PC006745;48,0;4584,81;Não informado
PC006747;49,0;41,95;Não informado
PC006748;202,0;335,51;Não informado
PC006749;23,0;161,69;Não informado
PC006750;3,0;750,31;Não informado
PC006751;53,0;800,52;Não informado
PC006752;9,0;796,82;Não informado
PC006753;7,0;22,56;Não informado
PC006754;3,0;202,38;Não informado
PC006755;9,0;173,23;Não informado
PC006756;1,0;310,19;Não informado
PC006757;27,0;702,24;Não informado
PC006758;16,0;423,82;Não informado
PC006759;222,0;366,53;Não informado
PC006760;16,0;66,71;Não informado
PC006761;25,0;45,71;Não informado
PC006762;1,0;186,95;Não informado
PC006763;27,0;1339,03;Não informado
PC006764;4,0;319,55;Não informado
PC006765;9,0;4345,8;Não informado
PC006766;1,0;1646,84;Não informado
PC006767;18,0;5925,74;Não informado
PC006768;845,0;316,76;Não informado
PC006769;22,0;269,83;Não informado
PC006770;24,0;89,59;Não informado
PC006771;4,0;200,74;Não informado
PC006772;7,0;3734,26;Não informado
PC006773;1,0;211,65;Não informado
PC006774;4,0;71,0;Não informado
PC006775;45,0;1237,38;Não informado
PC006776;0,0;261,2;Não informado
PC006777;4,0;677,61;Não informado
PC006778;52,0;26,59;Não informado
PC006779;47,0;1405,83;Não informado
PC006780;1,0;5846,44;Não informado
PC006781;1,0;292,36;Não informado
PC006783;49,0;618,53;Não informado
PC006784;105,0;413,16;Não informado
PC006785;29,0;4763,8;Não informado
PC006786;10,0;3539,65;Não informado
PC006787;10,0;342,94;Não informado
PC006788;12,0;4080,9;Não informado
PC006789;86,0;2299,04;Não informado
PC006790;16,0;869,27;Não informado
PC006791;2,0;3700,16;Não informado
PC006792;3,0;1679,97;Não informado
PC006793;1,0;635,46;Não informado
PC006794;14,0;1279,47;Não informado
PC006795;1,0;250,7;Não informado
PC006796;3,0;330,45;Não informado
PC006797;21,0;5339,92;Não informado
PC006798;6,0;480,85;Não informado
PC006799;22,0;527,22;Não informado
PC006800;2,0;1288,72;Não informado
PC006801;29,0;3491,59;Não informado
PC006802;2,0;544,72;Não informado
PC006803;8,0;415,48;Não informado
PC006804;5,0;4672,48;Não informado
PC006805;1,0;267,66;Não informado
PC006806;6,0;1068,17;Não informado
PC006807;55,0;2250,43;Não informado
PC006808;5,0;2412,28;Não informado
PC006809;80,0;5783,98;Não informado
PC006810;12,0;3482,28;Não informado
PC006811;9,0;276,66;Não informado
PC006812;26,0;327,14;Não informado
PC006813;24,0;270,3;Não informado
PC006814;169,0;223,3;Não informado
PC006815;20,0;1722,7;Não informado
PC006816;16,0;305,56;Não informado
PC006817;2,0;117,98;Não informado
PC006818;2,0;552,3;Não informado
PC006819;22,0;111,07;Não informado
PC006820;5,0;968,82;Não informado
PC006821;1,0;680,6;Não informado
PC006822;3,0;589,18;Não informado
PC006823;17,0;1169,25;Não informado
PC006824;5,0;43,55;Não informado
PC006825;15,0;33,64;Não informado
PC006826;43,0;600,24;Não informado
PC006827;81,0;1558,25;Não informado
PC006828;6,0;346,07;Não informado
PC006829;236,0;5704,49;Não informado
PC006830;28,0;1401,72;Não informado
PC006831;1,0;4518,09;Não informado
PC006832;55,0;186,14;Não informado
PC006834;91,0;16,9;Não informado
PC006835;12,0;345,8;Não informado
PC006836;32,0;4728,27;Não informado
PC006837;10,0;252,69;Não informado
PC006838;43,0;220,07;Não informado
PC006839;14,0;962,88;Não informado
PC006841;24,0;206,02;Não informado
PC006842;7,0;70,17;Não informado
PC006843;21,0;1642,6;Não informado
PC006844;399,0;2780,23;Não informado
PC006845;27,0;100,66;Não informado
PC006846;26,0;2723,15;Não informado
PC006847;1,0;479,59;Não informado
PC006848;2,0;329,44;Não informado
PC006849;25,0;4891,3;Não informado
PC006851;119,0;234,1;Não informado
PC006852;6,0;3673,25;Não informado
PC006853;8,0;1563,45;Não informado
PC006854;1,0;202,99;Não informado
PC006855;29,0;2420,08;Não informado
PC006856;50,0;1245,83;Não informado
PC006857;358,0;421,62;Não informado
PC006858;1,0;403,68;Não informado
PC006859;15,0;925,37;Não informado
PC006860;1,0;178,0;Não informado
PC006861;6,0;5919,57;Não informado
PC006862;29,0;1520,36;Não informado
PC006863;17,0;608,3;Não informado
PC006864;28,0;409,84;Não informado
PC006865;3,0;2292,35;Não informado
PC006866;189,0;128,27;Não informado
PC006867;64,0;679,16;Não informado
PC006868;12,0;482,63;Não informado
PC006869;70,0;878,69;Não informado
PC006870;15,0;347,65;Não informado
PC006871;4,0;723,35;Não informado
PC006872;1,0;6058,71;Não informado
PC006873;29,0;3382,0;Não informado
PC006874;40,0;3071,81;Não informado
PC006875;2,0;522,14;Não informado
PC006876;17,0;57,6;Não informado
PC006878;16,0;372,01;Não informado
PC006879;1,0;1154,7;Não informado
PC006880;5,0;599,39;Não informado
PC006882;25,0;69,2;Não informado
PC006884;97,0;741,7;Não informado
PC006885;46,0;2866,47;Não informado
PC006886;19,0;901,0;Não informado
PC006887;1,0;751,1;Não informado
PC006888;29,0;112,9;Não informado
PC006889;2,0;79,26;Não informado
PC006890;55,0;286,64;Não informado
PC006891;2,0;838,04;Não informado
PC006892;0,0;724,53;Não informado
PC006893;39,0;4951,43;Não informado
PC006894;6,0;506,86;Não informado
PC006895;4,0;3733,21;Não informado
PC006896;8,0;1081,22;Não informado
PC006897;35,0;118,73;Não informado
PC006898;321,0;98,44;Não informado
PC006899;24,0;73,6;Não informado
PC006900;1,0;6918,15;Não informado
PC006901;25,0;566,68;Não informado
PC006902;54,0;120,77;Não informado
PC006903;17,0;683,31;Não informado
PC006904;6,0;704,49;Não informado
PC006905;22,0;173,93;Não informado
PC006906;5,0;81,22;Não informado
PC006907;4,0;745,2;Não informado
PC006908;6,0;1821,95;Não informado
PC006909;5,0;396,18;Não informado
PC006910;3,0;5481,16;Não informado
PC006911;4,0;476,41;Não informado
PC006912;21,0;421,37;Não informado
PC006913;60,0;722,73;Não informado
PC006914;1,0;290,16;Não informado
PC006915;8,0;338,38;Não informado
PC006916;2,0;4144,47;Não informado
PC006917;15,0;1060,08;Não informado
PC006918;1,0;212,41;Não informado
PC006919;6,0;1457,92;Não informado
PC006920;5,0;1893,52;Não informado
PC006921;14,0;974,29;Não informado
PC006922;41,0;123,7;Não informado
PC006923;27,0;769,75;Não informado
PC006924;4,0;214,91;Não informado
PC006925;15,0;3544,19;Não informado
PC006926;4,0;762,21;Não informado
PC006927;8,0;552,71;Não informado
PC006928;63,0;380,39;Não informado
PC006929;61,0;493,34;Não informado
PC006930;38,0;897,62;Não informado
PC006931;24,0;838,09;Não informado
PC006932;61,0;1264,87;Não informado
PC006933;12,0;177,61;Não informado
PC006934;62,0;222,25;Não informado
PC006935;7,0;1600,57;Não informado
PC006936;66,0;1809,46;Não informado
PC006938;14,0;1460,4;Não informado
PC006939;1,0;62,16;Não informado
PC006940;1,0;129,91;Não informado
PC006941;54,0;246,27;Não informado
PC006942;36,0;257,02;Não informado
PC006943;15,0;574,31;Não informado
PC006944;1,0;714,62;Não informado
PC006945;6,0;103,9;Não informado
PC006946;198,0;580,48;Não informado
PC006948;113,0;661,88;Não informado
PC006949;87,0;1338,41;Não informado
PC006950;23,0;513,04;Não informado
PC006951;28,0;502,44;Não informado
PC006952;6,0;56,73;Não informado
PC006953;19,0;97,68;Não informado
PC006954;48,0;766,24;Não informado
PC006955;15,0;1839,8;Não informado
PC006956;5,0;181,97;Não informado
PC006957;9,0;2269,9;Não informado
PC006958;4,0;1620,17;Não informado
PC006960;3,0;975,63;Não informado
PC006961;14,0;285,78;Não informado
PC006962;1,0;24,2;Não informado
PC006963;11,0;274,39;Não informado
PC006964;7,0;1478,2;Não informado
PC006965;10,0;430,88;Não informado
PC006966;14,0;321,33;Não informado
PC006967;10,0;744,14;Não informado
PC006968;26,0;491,93;Não informado
PC006969;4,0;117,51;Não informado
PC006970;20,0;44,04;Não informado
PC006971;17,0;1610,11;Não informado
PC006972;59,0;6255,44;Não informado
PC006973;3,0;349,86;Não informado
PC006974;218,0;2230,76;Não informado
PC006975;21,0;86,12;Não informado
PC006976;7,0;491,62;Não informado
PC006978;2,0;3523,93;Não informado
PC006979;23,0;232,09;Não informado
PC006980;5,0;3407,86;Não informado
PC006981;1,0;1256,73;Não informado
PC006982;10,0;667,81;Não informado
PC006983;6,0;3578,76;Não informado
PC006984;19,0;1305,34;Não informado
PC006985;15,0;631,4;Não informado
PC006986;37,0;214,36;Não informado
PC006987;10,0;629,38;Não informado
PC006989;116,0;4650,27;Não informado
PC006991;3,0;447,1;Não informado
PC006992;14,0;434,17;Não informado
PC006993;8,0;3886,86;Não informado
PC006994;13,0;809,29;Não informado
PC006995;1,0;441,65;Não informado
PC006996;16,0;3566,18;Não informado
PC006997;28,0;838,25;Não informado
PC006998;11,0;583,13;Não informado
PC006999;2,0;876,1;Não informado
PC007000;43,0;733,36;Não informado
PC007001;16,0;8647,52;Não informado
PC007002;20,0;3710,36;Não informado
PC007003;20,0;872,78;Não informado
PC007004;32,0;398,73;Não informado
PC007005;22,0;338,5;Não informado
PC007007;7,0;455,57;Não informado
PC007008;173,0;358,36;Não informado
PC007009;8,0;21,84;Não informado
PC007011;172,0;1192,38;Não informado
PC007012;13,0;443,58;Não informado
PC007013;14,0;362,19;Não informado
PC007014;2,0;433,64;Não informado
PC007015;3,0;862,8;Não informado
PC007016;16,0;117,58;Não informado
PC007018;108,0;262,25;Não informado
PC007019;25,0;1086,26;Não informado
PC007020;18,0;608,1;Não informado
PC007021;28,0;3073,57;Não informado
PC007022;6,0;1491,42;Não informado
PC007023;2,0;263,55;Não informado
PC007024;9,0;445,35;Não informado
PC007025;21,0;209,2;Não informado
PC007026;6,0;38,84;Não informado
PC007027;15,0;295,86;Não informado
PC007028;24,0;6961,03;Não informado
PC007029;18,0;615,05;Não informado
PC007030;7,0;283,16;Não informado
PC007031;6,0;1259,02;Não informado
PC007033;42,0;753,08;Não informado
PC007034;15,0;88,48;Não informado
PC007035;3,0;2445,83;Não informado
PC007036;11,0;4114,19;Não informado
PC007038;4,0;3106,99;Não informado
PC007039;28,0;921,01;Não informado
PC007040;9,0;241,92;Não informado
PC007041;6,0;4248,84;Não informado
PC007042;4,0;4377,25;Não informado
PC007043;97,0;207,95;Não informado
PC007044;9,0;1265,71;Não informado
PC007045;4,0;1704,8;Não informado
PC007047;3,0;1830,83;Não informado
PC007048;77,0;1931,8;Não informado
PC007049;3,0;671,56;Não informado
PC007050;16,0;1488,84;Não informado
PC007051;65,0;181,28;Não informado
PC007052;12,0;126,22;Não informado
PC007053;6,0;7622,99;Não informado
PC007054;84,0;413,37;Não informado
PC007055;9,0;659,72;Não informado
PC007056;1,0;782,51;Não informado
PC007057;60,0;270,49;Não informado
PC007058;17,0;1008,2;Não informado
PC007059;3,0;571,33;Não informado
PC007060;66,0;5129,82;Não informado
PC007061;253,0;428,03;Não informado
PC007062;12,0;823,18;Não informado
PC007063;3,0;1005,57;Não informado
PC007064;33,0;823,75;Não informado
PC007065;16,0;1889,67;Não informado
PC007067;40,0;583,68;Não informado
PC007068;8,0;305,51;Não informado
PC007070;5,0;473,75;Não informado
PC007071;2,0;578,71;Não informado
PC007072;1,0;259,36;Não informado
PC007073;3,0;77,0;Não informado
PC007074;31,0;882,8;Não informado
PC007075;4,0;921,86;Não informado
PC007076;344,0;309,12;Não informado
PC007077;4,0;632,7;Não informado
PC007078;17,0;309,1;Não informado
PC007079;1,0;973,06;Não informado
PC007081;4,0;70,44;Não informado
PC007082;31,0;767,91;Não informado
PC007083;24,0;575,02;Não informado
PC007084;70,0;865,43;Não informado
PC007086;10,0;1080,83;Não informado
PC007087;22,0;5292,51;Não informado
PC007088;162,0;213,09;Não informado
PC007089;29,0;435,56;Não informado
PC007090;1,0;44,17;Não informado
PC007091;15,0;283,84;Não informado
PC007092;19,0;4535,97;Não informado
PC007093;6,0;255,09;Não informado
PC007094;33,0;60,39;Não informado
PC007095;1,0;336,56;Não informado
PC007096;14,0;377,97;Não informado
PC007097;2,0;242,93;Não informado
PC007098;10,0;43,04;Não informado
PC007099;12,0;2849,47;Não informado
PC007100;8,0;4727,54;Não informado
PC007101;105,0;275,31;Não informado
PC007102;52,0;4417,06;Não informado
PC007103;6,0;704,62;Não informado
PC007104;151,0;92,28;Não informado
PC007105;20,0;5613,08;Não informado
PC007106;307,0;667,4;Não informado
PC007107;67,0;337,43;Não informado
PC007108;15,0;2929,55;Não informado
PC007109;2,0;1983,25;Não informado
PC007110;1,0;219,75;Não informado
PC007112;1,0;1781,36;Não informado
PC007113;16,0;227,79;Não informado
PC007114;4,0;1360,75;Não informado
PC007115;4,0;419,31;Não informado
PC007116;13,0;95,01;Não informado
PC007117;67,0;4604,93;Não informado
PC007118;15,0;956,42;Não informado
PC007119;4,0;160,53;Não informado
PC007120;35,0;142,18;Não informado
PC007121;19,0;1314,42;Não informado
PC007122;1,0;426,78;Não informado
PC007123;19,0;730,26;Não informado
PC007124;21,0;2606,65;Não informado
PC007125;22,0;112,02;Não informado
PC007126;13,0;145,8;Não informado
PC007127;3,0;3129,2;Não informado
PC007128;17,0;4913,74;Não informado
PC007129;7,0;3706,59;Não informado
PC007130;6,0;4182,37;Não informado
PC007131;11,0;327,15;Não informado
PC007132;8,0;218,41;Não informado
PC007133;3,0;134,67;Não informado
PC007134;36,0;979,12;Não informado
PC007135;16,0;605,3;Não informado
PC007136;43,0;254,04;Não informado
PC007137;5,0;116,15;Não informado
PC007139;26,0;723,25;Não informado
PC007140;16,0;781,59;Não informado
PC007141;2,0;1429,28;Não informado
PC007142;1,0;551,25;Não informado
PC007143;8,0;366,11;Não informado
PC007144;11,0;54,56;Não informado
PC007145;244,0;17,55;Não informado
PC007146;2,0;743,31;Não informado
PC007148;2,0;684,15;Não informado
PC007149;86,0;3931,21;Não informado
PC007150;29,0;1600,42;Não informado
PC007151;55,0;7426,86;Não informado
PC007152;3,0;448,31;Não informado
PC007153;221,0;305,01;Não informado
PC007154;0,0;47,11;Não informado
PC007155;2,0;66,59;Não informado
PC007156;193,0;6074,24;Não informado
PC007157;35,0;639,23;Não informado
PC007158;1,0;89,31;Não informado
PC007159;2,0;1272,64;Não informado
PC007161;11,0;380,8;Não informado
PC007162;1,0;104,92;Não informado
PC007163;29,0;393,22;Não informado
PC007164;22,0;3139,15;Não informado
PC007165;3,0;246,21;Não informado
PC007166;5,0;850,52;Não informado
PC007167;1,0;842,18;Não informado
PC007168;32,0;1011,1;Não informado
PC007169;41,0;1638,38;Não informado
PC007170;49,0;3314,64;Não informado
PC007171;36,0;145,52;Não informado
PC007172;4,0;2186,14;Não informado
PC007173;48,0;1213,88;Não informado
PC007174;4,0;1169,76;Não informado
PC007175;32,0;6032,98;Não informado
PC007176;8,0;1158,81;Não informado
PC007177;16,0;1172,68;Não informado
PC007178;8,0;213,32;Não informado
PC007179;3,0;160,31;Não informado
PC007180;2,0;222,4;Não informado
PC007181;5,0;1043,82;Não informado
PC007182;42,0;826,28;Não informado
PC007183;6,0;241,82;Não informado
PC007184;4,0;543,92;Não informado
PC007185;12,0;2669,36;Não informado
PC007186;31,0;546,55;Não informado
PC007187;10,0;933,22;Não informado
PC007188;148,0;3220,39;Não informado
PC007189;1,0;368,19;Não informado
PC007191;19,0;1275,42;Não informado
PC007192;8,0;3422,46;Não informado
PC007193;25,0;3304,57;Não informado
PC007194;133,0;3873,37;Não informado
PC007195;32,0;96,04;Não informado
PC007197;8,0;198,12;Não informado
PC007198;4,0;1123,6;Não informado
PC007199;58,0;216,6;Não informado
PC007200;3,0;533,34;Não informado
PC007201;10,0;93,36;Não informado
PC007202;153,0;794,11;Não informado
PC007203;161,0;819,8;Não informado
PC007204;1,0;300,68;Não informado
PC007205;14,0;890,16;Não informado
PC007206;55,0;761,91;Não informado
PC007207;1,0;636,5;Não informado
PC007208;5,0;50,82;Não informado
PC007209;15,0;70,28;Não informado
PC007210;58,0;512,59;Não informado
PC007211;24,0;326,35;Não informado
PC007212;53,0;928,48;Não informado
PC007213;6,0;2067,88;Não informado
PC007214;30,0;1356,43;Não informado
PC007215;8,0;3227,19;Não informado
PC007216;9,0;868,95;Não informado
PC007217;9,0;306,11;Não informado
PC007218;16,0;50,76;Não informado
PC007219;51,0;94,78;Não informado
PC007220;25,0;4277,59;Não informado
PC007221;71,0;562,3;Não informado
PC007222;252,0;133,7;Não informado
PC007223;0,0;985,03;Não informado
PC007224;8,0;154,67;Não informado
PC007225;56,0;1018,06;Não informado
PC007226;0,0;29,3;Não informado
PC007227;0,0;2814,95;Não informado
PC007228;1,0;6903,97;Não informado
PC007229;55,0;395,42;Não informado
PC007230;1,0;4582,03;Não informado
PC007231;3,0;335,78;Não informado
PC007232;15,0;813,84;Não informado
PC007233;5,0;1359,2;Não informado
PC007234;40,0;457,48;Não informado
PC007235;44,0;214,06;Não informado
PC007236;8,0;3468,06;Não informado
PC007237;13,0;1359,66;Não informado
PC007238;23,0;239,54;Não informado
PC007239;9,0;2053,31;Não informado
PC007240;5,0;250,92;Não informado
PC007241;23,0;851,34;Não informado
PC007242;8,0;138,94;Não informado
PC007243;79,0;262,87;Não informado
PC007244;7,0;111,53;Não informado
PC007245;68,0;958,87;Não informado
PC007246;182,0;901,75;Não informado
PC007247;13,0;394,74;Não informado
PC007248;4,0;970,96;Não informado
PC007249;8,0;5540,4;Não informado
PC007250;10,0;823,14;Não informado
PC007251;5,0;63,64;Não informado
PC007252;248,0;4652,82;Não informado
PC007253;2,0;754,12;Não informado
PC007254;5,0;345,23;Não informado
PC007255;51,0;498,25;Não informado
PC007256;2,0;2004,22;Não informado
PC007257;14,0;1278,54;Não informado
PC007258;2,0;431,46;Não informado
PC007259;2,0;890,19;Não informado
PC007261;39,0;181,45;Não informado
PC007262;15,0;513,88;Não informado
PC007263;3,0;1348,74;Não informado
PC007264;164,0;195,0;Não informado
PC007265;18,0;90,18;Não informado
PC007266;6,0;803,86;Não informado
PC007267;16,0;144,88;Não informado
PC007268;3,0;556,57;Não informado
PC007269;5,0;1558,76;Não informado
PC007270;8,0;547,2;Não informado
PC007271;40,0;216,89;Não informado
PC007272;7,0;46,43;Não informado
PC007273;6,0;50,33;Não informado
PC007274;3,0;767,67;Não informado
PC007275;11,0;906,56;Não informado
PC007276;1,0;1237,43;Não informado
PC007277;10,0;4552,06;Não informado
PC007278;3,0;499,54;Não informado
PC007279;81,0;472,26;Não informado
PC007280;6,0;150,09;Não informado
PC007281;0,0;190,9;Não informado
PC007282;1,0;58,91;Não informado
PC007283;14,0;287,73;Não informado
PC007284;39,0;5463,63;Não informado
PC007285;30,0;123,19;Não informado
PC007286;89,0;188,85;Não informado
PC007287;4,0;1012,18;Não informado
PC007288;2,0;272,31;Não informado
PC007289;64,0;551,2;Não informado
PC007290;27,0;66,93;Não informado
PC007291;16,0;2413,7;Não informado
PC007292;6,0;1760,69;Não informado
PC007293;17,0;147,46;Não informado
PC007294;123,0;5140,49;Não informado
PC007295;4,0;1015,17;Não informado
PC007296;7,0;792,66;Não informado
PC007297;0,0;4503,12;Não informado
PC007298;2,0;4149,3;Não informado
PC007299;13,0;134,61;Não informado
PC007300;12,0;712,91;Não informado
PC007301;48,0;1432,31;Não informado
PC007302;5,0;624,79;Não informado
PC007303;5,0;528,52;Não informado
PC007304;25,0;1703,4;Não informado
PC007305;40,0;223,34;Não informado
PC007306;5,0;1003,9;Não informado
PC007307;6,0;635,79;Não informado
PC007308;31,0;256,16;Não informado
PC007309;99,0;1179,4;Não informado
PC007310;17,0;271,44;Não informado
PC007311;38,0;789,54;Não informado
PC007312;15,0;680,83;Não informado
PC007313;66,0;4071,78;Não informado
PC007314;9,0;1005,32;Não informado
PC007315;33,0;539,28;Não informado
PC007316;2,0;5978,25;Não informado
PC007317;4,0;564,02;Não informado
PC007318;2,0;805,78;Não informado
PC007319;3,0;1524,44;Não informado
PC007320;26,0;1970,73;Não informado
PC007321;55,0;2115,88;Não informado
PC007322;3,0;1303,9;Não informado
PC007323;18,0;130,02;Não informado
PC007324;22,0;133,26;Não informado
PC007325;40,0;193,47;Não informado
PC007327;9,0;1951,78;Não informado
PC007328;2,0;251,97;Não informado
PC007329;6,0;35,65;Não informado
PC007330;35,0;548,14;Não informado
PC007331;11,0;790,26;Não informado
PC007332;9,0;711,36;Não informado
PC007333;10,0;821,37;Não informado
PC007334;1,0;71,86;Não informado
PC007335;8,0;547,25;Não informado
PC007336;17,0;22,22;Não informado
PC007337;3,0;30,32;Não informado
PC007338;5,0;613,03;Não informado
PC007339;23,0;191,84;Não informado
PC007340;5,0;897,9;Não informado
PC007341;11,0;2737,99;Não informado
PC007342;15,0;760,2;Não informado
PC007343;66,0;6539,91;Não informado
PC007344;7,0;1073,67;Não informado
PC007345;3,0;130,04;Não informado
PC007346;12,0;52,62;Não informado
PC007347;3,0;125,98;Não informado
PC007348;34,0;3005,44;Não informado
PC007349;28,0;943,9;Não informado
PC007350;43,0;250,97;Não informado
PC007351;8,0;1242,48;Não informado
PC007352;85,0;887,72;Não informado
PC007353;6,0;263,26;Não informado
PC007354;3,0;91,76;Não informado
PC007355;27,0;2682,22;Não informado
PC007356;5,0;2540,83;Não informado
PC007357;4,0;356,23;Não informado
PC007358;2,0;1614,04;Não informado
PC007359;1,0;373,69;Não informado
PC007360;29,0;59,0;Não informado
PC007361;76,0;592,02;Não informado
PC007362;21,0;754,24;Não informado
PC007363;9,0;143,7;Não informado
PC007364;16,0;1110,08;Não informado
PC007365;14,0;1393,2;Não informado
PC007366;8,0;937,02;Não informado
PC007367;15,0;1017,96;Não informado
PC007368;2,0;1638,41;Não informado
PC007369;5,0;699,65;Não informado
PC007370;1,0;1183,43;Não informado
PC007371;0,0;480,49;Não informado
PC007372;23,0;279,17;Não informado
PC007373;35,0;2511,26;Não informado
PC007374;3,0;918,68;Não informado
PC007375;55,0;1414,22;Não informado
PC007376;14,0;380,32;Não informado
PC007377;66,0;239,66;Não informado
PC007378;261,0;1280,72;Não informado
PC007379;72,0;563,73;Não informado
PC007380;2,0;5243,3;Não informado
PC007381;12,0;265,44;Não informado
PC007382;6,0;733,46;Não informado
PC007383;1,0;1399,5;Não informado
PC007384;8,0;4940,63;Não informado
PC007385;15,0;1560,25;Não informado
PC007386;3,0;1310,9;Não informado
PC007387;127,0;275,25;Não informado
PC007388;214,0;138,47;Não informado
PC007389;3,0;231,03;Não informado
PC007390;17,0;865,84;Não informado
PC007391;47,0;802,05;Não informado
PC007392;156,0;85,57;Não informado
PC007393;1,0;29,4;Não informado
PC007394;9,0;381,87;Não informado
PC007395;112,0;922,63;Não informado
PC007396;50,0;79,74;Não informado
PC007397;9,0;1038,36;Não informado
PC007398;8,0;1039,52;Não informado
PC007399;12,0;819,75;Não informado
PC007400;4,0;104,87;Não informado
PC007401;5,0;37,95;Não informado
PC007402;8,0;350,11;Não informado
PC007403;1,0;205,98;Não informado
PC007404;46,0;948,23;Não informado
PC007405;14,0;4538,67;Não informado
PC007406;8,0;675,16;Não informado
PC007407;8,0;7849,73;Não informado
PC007408;48,0;369,63;Não informado
PC007409;3,0;92,12;Não informado
PC007410;16,0;81,27;Não informado
PC007411;41,0;250,37;Não informado
PC007412;20,0;297,86;Não informado
PC007413;1,0;522,2;Não informado
PC007414;0,0;110,76;Não informado
PC007415;6,0;210,47;Não informado
PC007416;134,0;640,33;Não informado
PC007417;8,0;1133,64;Não informado
PC007418;1,0;60,31;Não informado
PC007419;19,0;1352,59;Não informado
PC007420;12,0;2005,81;Não informado
PC007421;73,0;164,12;Não informado
PC007422;422,0;638,42;Não informado
PC007423;17,0;823,21;Não informado
PC007424;40,0;527,96;Não informado
PC007425;1,0;4049,5;Não informado
PC007427;14,0;288,36;Não informado
PC007428;34,0;7231,0;Não informado
PC007429;1,0;739,82;Não informado
PC007430;38,0;454,83;Não informado
PC007431;12,0;1516,67;Não informado
PC007432;67,0;692,56;Não informado
PC007433;7,0;268,67;Não informado
PC007434;1,0;733,82;Não informado
PC007436;6,0;273,58;Não informado
PC007437;4,0;6176,62;Não informado
PC007438;102,0;814,38;Não informado
PC007439;6,0;989,51;Não informado
PC007441;42,0;278,33;Não informado
PC007442;14,0;1034,28;Não informado
PC007443;34,0;376,06;Não informado
PC007444;18,0;3874,27;Não informado
PC007445;2,0;206,36;Não informado
PC007446;36,0;914,29;Não informado
PC007447;32,0;925,93;Não informado
PC007448;1,0;2049,22;Não informado
PC007449;9,0;5616,79;Não informado
PC007450;19,0;3926,39;Não informado
PC007451;12,0;508,67;Não informado
PC007452;3,0;309,28;Não informado
PC007453;8,0;376,33;Não informado
PC007454;9,0;400,19;Não informado
PC007455;4,0;390,29;Não informado
PC007456;31,0;110,94;Não informado
PC007457;21,0;25,07;Não informado
PC007458;49,0;86,38;Não informado
PC007459;203,0;1131,1;Não informado
PC007460;44,0;222,46;Não informado
PC007461;26,0;2615,36;Não informado
PC007462;49,0;647,69;Não informado
PC007463;20,0;1067,04;Não informado
PC007464;2,0;74,82;Não informado
PC007465;7,0;66,62;Não informado
PC007467;8,0;471,9;Não informado
PC007468;7,0;137,31;Não informado
PC007469;64,0;1324,65;Não informado
PC007470;12,0;1718,21;Não informado
PC007471;7,0;4693,04;Não informado
PC007472;10,0;968,1;Não informado
PC007473;12,0;95,19;Não informado
PC007474;30,0;82,58;Não informado
PC007475;10,0;352,13;Não informado
PC007477;46,0;170,65;Não informado
PC007478;34,0;327,31;Não informado
PC007479;18,0;107,07;Não informado
PC007480;1,0;886,76;Não informado
PC007482;2,0;54,55;Não informado
PC007483;11,0;662,02;Não informado
PC007484;99,0;3003,48;Não informado
PC007485;1,0;152,0;Não informado
PC007486;4,0;2701,36;Não informado
PC007487;16,0;904,36;Não informado
PC007488;5,0;368,75;Não informado
PC007489;6,0;3641,52;Não informado
PC007490;10,0;4398,09;Não informado
PC007491;26,0;99,82;Não informado
PC007492;30,0;5069,26;Não informado
PC007493;455,0;956,42;Não informado
PC007494;16,0;253,39;Não informado
PC007495;3,0;5201,49;Não informado
PC007496;3,0;456,66;Não informado
PC007497;5,0;260,78;Não informado
PC007498;71,0;1380,32;Não informado
PC007499;1,0;199,05;Não informado
PC007500;111,0;235,38;Não informado
PC007501;12,0;3292,76;Não informado
PC007502;8,0;61,96;Não informado
PC007503;10,0;210,23;Não informado
PC007504;2,0;461,21;Não informado
PC007505;104,0;4861,79;Não informado
PC007506;5,0;520,24;Não informado
PC007507;60,0;159,51;Não informado
PC007508;38,0;4401,47;Não informado
PC007509;5,0;547,04;Não informado
PC007510;7,0;322,13;Não informado
PC007511;37,0;1013,44;Não informado
PC007512;1,0;2035,22;Não informado
PC007513;120,0;3351,0;Não informado
PC007514;13,0;3035,91;Não informado
PC007515;15,0;109,67;Não informado
PC007516;279,0;156,05;Não informado
PC007517;8,0;157,71;Não informado
PC007518;67,0;782,76;Não informado
PC007519;1,0;422,57;Não informado
PC007520;3,0;176,09;Não informado
PC007521;8,0;69,12;Não informado
PC007522;12,0;256,52;Não informado
PC007523;57,0;1193,08;Não informado
PC007524;38,0;653,16;Não informado
PC007525;38,0;829,53;Não informado
PC007526;2,0;172,38;Não informado
PC007527;4,0;546,21;Não informado
PC007528;55,0;20,71;Não informado
PC007529;48,0;67,67;Não informado
PC007530;2,0;66,7;Não informado
PC007531;5,0;631,92;Não informado
PC007532;122,0;1038,6;Não informado
PC007533;82,0;2515,25;Não informado
PC007534;11,0;1494,63;Não informado
PC007535;29,0;3436,81;Não informado
PC007536;36,0;191,33;Não informado
PC007537;1,0;233,13;Não informado
PC007538;38,0;57,22;Não informado
PC007539;8,0;131,61;Não informado
PC007540;37,0;3502,93;Não informado
PC007541;2,0;78,3;Não informado
PC007542;3,0;210,49;Não informado
PC007543;53,0;729,77;Não informado
PC007544;18,0;1017,13;Não informado
PC007545;19,0;452,27;Não informado
PC007546;6,0;106,25;Não informado
PC007547;57,0;1487,5;Não informado
PC007548;13,0;1810,8;Não informado
PC007549;10,0;189,99;Não informado
PC007550;7,0;4379,26;Não informado
PC007551;121,0;921,58;Não informado
PC007552;6,0;486,26;Não informado
PC007553;57,0;737,78;Não informado
PC007554;38,0;2749,87;Não informado
PC007555;2,0;104,56;Não informado
PC007556;3,0;4893,77;Não informado
PC007557;2,0;1560,75;Não informado
PC007558;4,0;287,35;Não informado
PC007559;2,0;4278,75;Não informado
PC007560;29,0;664,52;Não informado
PC007561;6,0;475,05;Não informado
PC007562;99,0;1212,38;Não informado
PC007563;27,0;563,62;Não informado
PC007564;14,0;85,59;Não informado
PC007565;5,0;4350,77;Não informado
PC007566;27,0;1266,46;Não informado
PC007567;19,0;269,07;Não informado
PC007568;17,0;598,71;Não informado
PC007569;5,0;3875,67;Não informado
PC007570;17,0;152,72;Não informado
PC007571;4,0;337,17;Não informado
PC007572;8,0;2979,23;Não informado
PC007573;3,0;160,38;Não informado
PC007574;42,0;929,58;Não informado
PC007575;2,0;1155,17;Não informado
PC007577;3,0;5302,09;Não informado
PC007578;8,0;4793,61;Não informado
PC007579;1,0;45,12;Não informado
PC007580;23,0;164,16;Não informado
PC007581;17,0;50,66;Não informado
PC007582;15,0;941,92;Não informado
PC007583;7,0;1166,49;Não informado
PC007584;6,0;570,06;Não informado
PC007585;17,0;58,34;Não informado
PC007586;6,0;987,76;Não informado
PC007587;4,0;410,49;Não informado
PC007588;12,0;396,24;Não informado
PC007589;4,0;2426,03;Não informado
PC007590;2,0;480,73;Não informado
PC007591;15,0;1049,15;Não informado
PC007592;70,0;66,63;Não informado
PC007593;154,0;89,24;Não informado
PC007594;1,0;578,68;Não informado
PC007595;61,0;943,59;Não informado
PC007596;45,0;341,75;Não informado
PC007597;2,0;2187,2;Não informado
PC007598;0,0;614,68;Não informado
PC007599;6,0;1715,07;Não informado
PC007600;1,0;822,96;Não informado
PC007601;3,0;239,09;Não informado
PC007602;15,0;44,51;Não informado
PC007603;25,0;161,28;Não informado
PC007604;15,0;3184,84;Não informado
PC007605;4,0;758,29;Não informado
PC007606;17,0;182,07;Não informado
PC007607;364,0;889,18;Não informado
PC007608;4,0;266,19;Não informado
PC007609;2,0;425,14;Não informado
PC007610;2,0;90,73;Não informado
PC007611;5,0;2713,35;Não informado
PC007612;1,0;3264,79;Não informado
PC007613;5,0;352,3;Não informado
PC007614;116,0;4480,53;Não informado
PC007615;8,0;1066,12;Não informado
PC007617;3,0;1223,35;Não informado
PC007618;10,0;2674,03;Não informado
PC007619;2,0;165,2;Não informado
PC007620;44,0;466,01;Não informado
PC007621;46,0;2615,79;Não informado
PC007622;5,0;1009,9;Não informado
PC007623;51,0;6046,77;Não informado
PC007624;26,0;317,31;Não informado
PC007625;8,0;821,92;Não informado
PC007626;19,0;1338,79;Não informado
PC007627;19,0;458,85;Não informado
PC007628;1,0;282,96;Não informado
PC007629;14,0;3627,52;Não informado
PC007630;12,0;653,04;Não informado
PC007631;15,0;477,17;Não informado
PC007632;41,0;307,18;Não informado
PC007633;111,0;5078,92;Não informado
PC007634;77,0;769,02;Não informado
PC007635;6,0;407,17;Não informado
PC007636;3,0;4446,7;Não informado
PC007638;23,0;823,62;Não informado
PC007639;29,0;1132,99;Não informado
PC007640;39,0;958,02;Não informado
PC007641;3,0;3228,07;Não informado
PC007642;8,0;1527,63;Não informado
PC007643;252,0;523,96;Não informado
PC007644;1,0;94,19;Não informado
PC007645;6,0;263,33;Não informado
PC007646;1,0;518,64;Não informado
PC007647;32,0;2069,64;Não informado
PC007648;52,0;843,58;Não informado
PC007649;10,0;42,65;Não informado
PC007650;35,0;246,66;Não informado
PC007651;1,0;737,38;Não informado
PC007652;56,0;405,41;Não informado
PC007653;1,0;2662,41;Não informado
PC007654;7,0;233,27;Não informado
PC007655;45,0;717,64;Não informado
PC007656;45,0;85,87;Não informado
PC007658;9,0;265,96;Não informado
PC007659;12,0;725,14;Não informado
PC007660;28,0;757,98;Não informado
PC007661;5,0;1709,37;Não informado
PC007662;1,0;522,85;Não informado
PC007663;25,0;760,02;Não informado
PC007664;6,0;429,13;Não informado
PC007665;23,0;237,06;Não informado
PC007666;1,0;107,41;Não informado
PC007667;58,0;328,54;Não informado
PC007668;1,0;6507,58;Não informado
PC007669;4,0;613,14;Não informado
PC007670;9,0;321,56;Não informado
PC007671;9,0;451,28;Não informado
PC007672;49,0;343,33;Não informado
PC007673;23,0;1191,41;Não informado
PC007674;17,0;94,46;Não informado
PC007675;20,0;1923,84;Não informado
PC007676;694,0;4242,51;Não informado
PC007677;237,0;366,2;Não informado
PC007678;71,0;3400,5;Não informado
PC007679;8,0;961,55;Não informado
PC007680;8,0;519,16;Não informado
PC007681;34,0;2998,34;Não informado
PC007682;15,0;2515,63;Não informado
PC007683;39,0;275,85;Não informado
PC007684;70,0;4828,47;Não informado
PC007685;25,0;1947,75;Não informado
PC007686;83,0;708,98;Não informado
PC007687;3,0;2067,05;Não informado
PC007689;37,0;777,51;Não informado
PC007690;5,0;1343,95;Não informado
PC007691;29,0;81,92;Não informado
PC007692;2,0;289,51;Não informado
PC007693;132,0;6733,26;Não informado
PC007694;75,0;1431,16;Não informado
PC007695;24,0;292,74;Não informado
PC007696;15,0;772,07;Não informado
PC007697;4,0;1147,42;Não informado
PC007698;4,0;806,25;Não informado
PC007699;2,0;330,89;Não informado
PC007700;58,0;5427,44;Não informado
PC007701;4,0;96,09;Não informado
PC007702;157,0;249,82;Não informado
PC007703;13,0;609,43;Não informado
PC007704;9,0;5187,08;Não informado
PC007705;136,0;3886,64;Não informado
PC007706;11,0;1914,51;Não informado
PC007707;21,0;620,11;Não informado
PC007708;36,0;266,57;Não informado
PC007709;17,0;301,39;Não informado
PC007710;43,0;822,59;Não informado
PC007711;6,0;1247,71;Não informado
PC007712;2,0;635,02;Não informado
PC007713;1,0;60,97;Não informado
PC007714;25,0;227,47;Não informado
PC007715;2,0;899,84;Não informado
PC007716;108,0;281,85;Não informado
PC007717;17,0;487,67;Não informado
PC007718;7,0;860,62;Não informado
PC007719;11,0;852,56;Não informado
PC007720;5,0;26,0;Não informado
PC007721;8,0;33,57;Não informado
PC007722;67,0;424,59;Não informado
PC007723;93,0;920,53;Não informado
PC007724;45,0;390,79;Não informado
PC007725;2,0;2205,46;Não informado
PC007726;52,0;1055,09;Não informado
PC007727;4,0;5671,14;Não informado
PC007728;24,0;847,06;Não informado
PC007729;12,0;242,17;Não informado
PC007730;1,0;113,32;Não informado
PC007731;29,0;329,55;Não informado
PC007734;33,0;370,83;Não informado
PC007735;8,0;70,87;Não informado
PC007736;1,0;120,51;Não informado
PC007737;6,0;690,09;Não informado
PC007738;20,0;69,69;Não informado
PC007739;15,0;2308,19;Não informado
PC007740;5,0;4904,39;Não informado
PC007741;13,0;73,75;Não informado
PC007742;34,0;887,79;Não informado
PC007743;70,0;886,85;Não informado
PC007744;2,0;608,29;Não informado
PC007745;3,0;3098,91;Não informado
PC007746;24,0;4747,75;Não informado
PC007747;14,0;187,63;Não informado
PC007748;3,0;365,76;Não informado
PC007749;6,0;630,31;Não informado
PC007750;115,0;923,23;Não informado
PC007751;12,0;5224,25;Não informado
PC007752;3,0;922,95;Não informado
PC007753;46,0;1063,58;Não informado
PC007754;116,0;1689,63;Não informado
PC007755;13,0;700,38;Não informado
PC007756;2,0;173,66;Não informado
PC007757;3,0;6697,59;Não informado
PC007758;2,0;943,58;Não informado
PC007759;5,0;728,9;Não informado
PC007760;36,0;434,85;Não informado
PC007761;8,0;4682,09;Não informado
PC007762;5,0;101,16;Não informado
PC007763;37,0;402,26;Não informado
PC007764;8,0;5731,96;Não informado
PC007765;18,0;400,04;Não informado
PC007766;18,0;1149,47;Não informado
PC007767;0,0;1918,17;Não informado
PC007768;4,0;3047,8;Não informado
PC007769;12,0;4642,38;Não informado
PC007770;64,0;3753,41;Não informado
PC007771;1,0;615,68;Não informado
PC007772;7,0;74,8;Não informado
PC007773;90,0;230,33;Não informado
PC007774;6,0;702,45;Não informado
PC007775;18,0;706,45;Não informado
PC007776;12,0;107,98;Não informado
PC007777;4,0;82,47;Não informado
PC007779;5,0;1544,48;Não informado
PC007780;5,0;772,29;Não informado
PC007781;2,0;1177,03;Não informado
PC007782;6,0;553,81;Não informado
PC007783;6,0;808,38;Não informado
PC007784;12,0;25,12;Não informado
PC007785;8,0;62,96;Não informado
PC007786;105,0;631,02;Não informado
PC007787;5,0;1180,34;Não informado
PC007788;3,0;524,55;Não informado
PC007789;14,0;3732,64;Não informado
PC007790;44,0;265,8;Não informado
PC007791;91,0;7718,27;Não informado
PC007792;18,0;216,66;Não informado
PC007793;210,0;213,72;Não informado
PC007794;1,0;96,66;Não informado
PC007795;23,0;110,25;Não informado
PC007796;58,0;5731,56;Não informado
PC007797;394,0;921,2;Não informado
PC007798;82,0;387,72;Não informado
PC007799;13,0;919,83;Não informado
PC007800;5,0;1071,11;Não informado
PC007802;5,0;96,56;Não informado
PC007803;78,0;2447,67;Não informado
PC007804;3,0;4913,23;Não informado
PC007805;29,0;92,17;Não informado
PC007806;5,0;3180,24;Não informado
PC007807;17,0;641,97;Não informado
PC007808;80,0;386,02;Não informado
PC007809;74,0;857,28;Não informado
PC007810;100,0;4055,74;Não informado
PC007811;11,0;58,02;Não informado
PC007812;11,0;3460,07;Não informado
PC007813;108,0;2642,15;Não informado
PC007814;48,0;781,34;Não informado
PC007815;88,0;2027,66;Não informado
PC007817;4,0;835,89;Não informado
PC007818;8,0;2000,0;Não informado
PC007819;3,0;742,12;Não informado
PC007820;9,0;255,84;Não informado
PC007821;4,0;1002,54;Não informado
PC007822;19,0;573,27;Não informado
PC007823;78,0;1048,44;Não informado
PC007824;20,0;149,96;Não informado
PC007825;21,0;2828,8;Não informado
PC007826;21,0;384,23;Não informado
PC007827;110,0;943,76;Não informado
PC007828;17,0;301,07;Não informado
PC007829;6,0;413,42;Não informado
PC007830;69,0;788,0;Não informado
PC007831;33,0;1604,21;Não informado
PC007832;48,0;1834,3;Não informado
PC007833;23,0;3743,5;Não informado
PC007834;53,0;5776,13;Não informado
PC007835;8,0;247,86;Não informado
PC007836;4,0;78,79;Não informado
PC007837;418,0;359,23;Não informado
PC007838;68,0;766,56;Não informado
PC007839;4,0;1133,32;Não informado
PC007840;69,0;539,91;Não informado
PC007841;14,0;37,51;Não informado
PC007842;0,0;259,59;Não informado
PC007843;40,0;1431,15;Não informado
PC007844;7,0;636,77;Não informado
PC007845;69,0;2634,79;Não informado
PC007846;8,0;1018,54;Não informado
PC007847;20,0;871,07;Não informado
PC007848;0,0;45,74;Não informado
PC007849;27,0;72,96;Não informado
PC007850;2,0;340,68;Não informado
PC007851;89,0;617,68;Não informado
PC007852;1,0;158,91;Não informado
PC007853;360,0;1202,11;Não informado
PC007855;45,0;4021,74;Não informado
PC007856;953,0;950,29;Não informado
PC007857;1,0;235,6;Não informado
PC007858;4,0;70,48;Não informado
PC007859;1,0;185,59;Não informado
PC007860;17,0;6006,84;Não informado
PC007861;97,0;277,16;Não informado
PC007862;11,0;43,69;Não informado
PC007863;3,0;873,41;Não informado
PC007864;19,0;193,06;Não informado
PC007865;6,0;388,57;Não informado
PC007866;34,0;64,6;Não informado
PC007867;7,0;1598,2;Não informado
PC007868;15,0;6084,06;Não informado
PC007869;14,0;288,51;Não informado
PC007870;27,0;420,81;Não informado
PC007871;135,0;95,47;Não informado
PC007872;58,0;367,28;Não informado
PC007873;19,0;5008,3;Não informado
PC007874;5,0;1424,14;Não informado
PC007875;11,0;262,23;Não informado
PC007876;63,0;5290,46;Não informado
PC007877;5,0;599,48;Não informado
PC007878;29,0;341,15;Não informado
PC007879;29,0;3301,32;Não informado
PC007880;12,0;446,87;Não informado
PC007881;9,0;444,58;Não informado
PC007882;10,0;470,14;Não informado
PC007883;25,0;735,1;Não informado
PC007884;10,0;116,96;Não informado
PC007885;8,0;6412,98;Não informado
PC007886;1,0;903,89;Não informado
PC007887;1,0;1105,69;Não informado
PC007888;66,0;1383,7;Não informado
PC007889;16,0;4185,99;Não informado
PC007890;4,0;471,58;Não informado
PC007891;2,0;257,64;Não informado
PC007892;5,0;1014,44;Não informado
PC007893;44,0;692,25;Não informado
PC007894;2,0;1197,61;Não informado
PC007895;54,0;1778,6;Não informado
PC007896;4,0;3933,07;Não informado
PC007897;28,0;7709,42;Não informado
PC007898;13,0;904,67;Não informado
PC007899;47,0;921,99;Não informado
PC007901;26,0;232,96;Não informado
PC007903;13,0;281,92;Não informado
PC007904;4,0;661,41;Não informado
PC007905;21,0;62,78;Não informado
PC007906;9,0;137,61;Não informado
PC007907;23,0;774,04;Não informado
PC007908;17,0;215,62;Não informado
PC007909;13,0;1713,84;Não informado
PC007910;2,0;502,05;Não informado
PC007911;10,0;1036,85;Não informado
PC007912;63,0;25,09;Não informado
PC007913;72,0;56,81;Não informado
PC007914;3,0;855,63;Não informado
PC007915;199,0;802,55;Não informado
PC007916;1,0;556,8;Não informado
PC007917;17,0;5226,9;Não informado
PC007918;11,0;1548,95;Não informado
PC007919;2,0;1164,01;Não informado
PC007920;3,0;469,95;Não informado
PC007921;5,0;258,0;Não informado
PC007922;1,0;111,38;Não informado
PC007923;2,0;262,42;Não informado
PC007924;30,0;2784,26;Não informado
PC007925;33,0;260,77;Não informado
PC007926;23,0;126,52;Não informado
PC007927;6,0;301,16;Não informado
PC007928;0,0;402,12;Não informado
PC007930;53,0;57,0;Não informado
PC007931;1,0;1700,88;Não informado
PC007932;3,0;6098,24;Não informado
PC007933;69,0;190,86;Não informado
PC007934;41,0;1192,77;Não informado
PC007935;10,0;631,97;Não informado
PC007936;8,0;766,97;Não informado
PC007937;1,0;2825,08;Não informado
PC007938;5,0;811,25;Não informado
PC007939;25,0;184,2;Não informado
PC007940;5,0;4364,35;Não informado
PC007941;6,0;2167,02;Não informado
PC007942;2,0;264,57;Não informado
PC007943;204,0;5169,93;Não informado
PC007944;7,0;286,81;Não informado
PC007945;1,0;781,28;Não informado
PC007946;200,0;1159,29;Não informado
PC007947;4,0;99,32;Não informado
PC007948;19,0;243,17;Não informado
PC007949;17,0;5463,77;Não informado
PC007950;7,0;1232,03;Não informado
PC007951;140,0;1141,2;Não informado
PC007952;22,0;947,49;Não informado
PC007953;5,0;1521,73;Não informado
PC007954;10,0;1185,65;Não informado
PC007955;1,0;655,4;Não informado
PC007956;17,0;2234,93;Não informado
PC007957;14,0;322,4;Não informado
PC007958;33,0;158,44;Não informado
PC007959;18,0;2840,02;Não informado
PC007960;106,0;1650,43;Não informado
PC007961;35,0;5689,41;Não informado
PC007962;12,0;1066,49;Não informado
PC007963;37,0;635,98;Não informado
PC007964;3,0;281,04;Não informado
PC007965;10,0;274,72;Não informado
PC007966;24,0;1057,84;Não informado
PC007967;2,0;802,34;Não informado
PC007968;6,0;255,57;Não informado
PC007969;38,0;20,31;Não informado
PC007971;1,0;1113,95;Não informado
PC007972;29,0;427,89;Não informado
PC007973;6,0;791,76;Não informado
PC007974;9,0;576,31;Não informado
PC007975;151,0;99,28;Não informado
PC007976;10,0;23,56;Não informado
PC007977;37,0;59,02;Não informado
PC007978;6,0;676,5;Não informado
PC007979;39,0;332,35;Não informado
PC007980;3,0;383,27;Não informado
PC007981;38,0;4007,34;Não informado
PC007982;49,0;124,44;Não informado
PC007983;33,0;3612,57;Não informado
PC007984;21,0;769,98;Não informado
PC007985;64,0;256,12;Não informado
PC007986;12,0;48,64;Não informado
PC007987;1,0;147,0;Não informado
PC007988;3,0;6622,24;Não informado
PC007989;1,0;183,98;Não informado
PC007990;31,0;418,14;Não informado
PC007991;25,0;1016,69;Não informado
PC007992;140,0;741,92;Não informado
PC007993;9,0;446,14;Não informado
PC007994;12,0;44,49;Não informado
PC007995;4,0;2283,16;Não informado
PC007996;21,0;4650,71;Não informado
PC007997;17,0;384,87;Não informado
PC007998;4,0;2161,78;Não informado
PC007999;13,0;668,38;Não informado
PC008000;14,0;478,19;Não informado
PC008001;11,0;3579,56;Não informado
PC008002;2,0;600,67;Não informado
PC008003;11,0;264,02;Não informado
PC008004;15,0;3138,36;Não informado
PC008005;37,0;1033,12;Não informado
PC008006;69,0;1070,21;Não informado
PC008007;7,0;2432,07;Não informado
PC008008;91,0;404,55;Não informado
PC008009;38,0;406,76;Não informado
PC008010;43,0;217,95;Não informado
PC008011;14,0;801,83;Não informado
PC008012;15,0;285,0;Não informado
PC008013;12,0;3306,17;Não informado
PC008015;4,0;956,61;Não informado
PC008016;0,0;888,09;Não informado
PC008017;325,0;3563,11;Não informado
PC008018;27,0;1147,49;Não informado
PC008019;63,0;137,18;Não informado
PC008020;49,0;3742,55;Não informado
PC008021;20,0;774,85;Não informado
PC008022;13,0;581,53;Não informado
PC008023;50,0;2559,41;Não informado
PC008024;5,0;4007,17;Não informado
PC008025;4,0;2102,91;Não informado
PC008026;13,0;1699,24;Não informado
PC008027;51,0;738,6;Não informado
PC008028;4,0;343,89;Não informado
PC008029;3,0;71,99;Não informado
PC008030;43,0;808,46;Não informado
PC008031;18,0;1316,38;Não informado
PC008032;7,0;76,58;Não informado
PC008033;24,0;76,31;Não informado
PC008034;1,0;512,84;Não informado
PC008035;25,0;1939,09;Não informado
PC008036;24,0;632,0;Não informado
PC008037;23,0;2753,27;Não informado
PC008038;31,0;474,8;Não informado
PC008039;9,0;885,94;Não informado
PC008040;6,0;28,36;Não informado
PC008041;256,0;90,69;Não informado
PC008042;33,0;974,34;Não informado
PC008043;32,0;383,7;Não informado
PC008044;16,0;919,65;Não informado
PC008045;19,0;361,18;Não informado
PC008047;18,0;7321,45;Não informado
PC008048;53,0;658,56;Não informado
PC008049;18,0;184,85;Não informado
PC008050;3,0;45,2;Não informado
PC008051;6,0;177,98;Não informado
PC008052;246,0;1136,06;Não informado
PC008053;6,0;143,68;Não informado
PC008054;4,0;182,84;Não informado
PC008055;7,0;200,69;Não informado
PC008056;5,0;132,35;Não informado
PC008057;4,0;338,28;Não informado
PC008058;97,0;71,65;Não informado
PC008059;24,0;1991,54;Não informado
PC008061;20,0;245,62;Não informado
PC008062;4,0;2408,4;Não informado
PC008063;16,0;1128,51;Não informado
PC008064;123,0;400,08;Não informado
PC008065;5,0;2579,23;Não informado
PC008066;2,0;2558,5;Não informado
PC008067;5,0;244,53;Não informado
PC008068;5,0;3111,97;Não informado
PC008069;56,0;1896,98;Não informado
PC008070;129,0;704,31;Não informado
PC008071;17,0;5827,42;Não informado
PC008072;28,0;571,79;Não informado
PC008073;83,0;1083,16;Não informado
PC008074;6,0;1066,85;Não informado
PC008075;40,0;610,51;Não informado
PC008076;3,0;176,13;Não informado
PC008077;13,0;3337,56;Não informado
PC008078;3,0;513,81;Não informado
PC008079;14,0;374,12;Não informado
PC008080;139,0;818,58;Não informado
PC008081;50,0;1300,82;Não informado
PC008082;147,0;1141,4;Não informado
PC008083;2,0;754,52;Não informado
PC008084;98,0;5969,66;Não informado
PC008085;7,0;522,22;Não informado
PC008086;2,0;910,31;Não informado
PC008087;3,0;775,4;Não informado
PC008088;7,0;6014,07;Não informado
PC008089;3,0;1127,93;Não informado
PC008090;10,0;4172,1;Não informado
PC008091;2,0;46,21;Não informado
PC008092;18,0;177,15;Não informado
PC008093;8,0;144,9;Não informado
PC008094;3,0;378,68;Não informado
PC008095;21,0;267,11;Não informado
PC008096;51,0;433,54;Não informado
PC008097;98,0;21,03;Não informado
PC008098;12,0;259,14;Não informado
PC008099;27,0;811,2;Não informado
PC008100;6,0;1080,61;Não informado
PC008101;21,0;569,77;Não informado
PC008102;10,0;59,11;Não informado
PC008103;16,0;508,39;Não informado
PC008104;13,0;92,74;Não informado
PC008105;36,0;35,43;Não informado
PC008106;11,0;551,53;Não informado
PC008107;48,0;2060,4;Não informado
PC008108;16,0;1142,4;Não informado
PC008109;3,0;5233,18;Não informado
PC008110;12,0;881,5;Não informado
PC008111;10,0;6384,65;Não informado
PC008112;11,0;662,42;Não informado
PC008113;7,0;234,16;Não informado
PC008114;50,0;50,74;Não informado
PC008115;3,0;177,18;Não informado
PC008116;4,0;5278,13;Não informado
PC008117;33,0;446,78;Não informado
PC008118;12,0;285,26;Não informado
PC008119;23,0;612,59;Não informado
PC008120;4,0;98,7;Não informado
PC008121;5,0;605,75;Não informado
PC008122;15,0;42,75;Não informado
PC008123;16,0;1719,7;Não informado
PC008124;7,0;3354,9;Não informado
PC008125;10,0;369,42;Não informado
PC008126;4,0;1073,32;Não informado
PC008127;33,0;1001,8;Não informado
PC008128;6,0;805,74;Não informado
PC008129;9,0;4001,25;Não informado
PC008130;12,0;586,93;Não informado
PC008131;7,0;355,29;Não informado
PC008132;82,0;4761,73;Não informado
PC008133;4,0;1702,71;Não informado
PC008134;3,0;842,84;Não informado
PC008135;36,0;702,78;Não informado
PC008136;109,0;793,05;Não informado
PC008137;6,0;587,84;Não informado
PC008138;9,0;1519,11;Não informado
PC008139;22,0;155,29;Não informado
PC008140;10,0;162,0;Não informado
PC008141;2,0;3535,38;Não informado
PC008142;11,0;889,72;Não informado
PC008143;76,0;842,62;Não informado
PC008144;8,0;727,22;Não informado
PC008145;4,0;4103,03;Não informado
PC008146;5,0;397,35;Não informado
PC008147;0,0;668,93;Não informado
PC008148;38,0;3607,64;Não informado
PC008149;4,0;210,14;Não informado
PC008150;0,0;309,23;Não informado
PC008151;6,0;921,21;Não informado
PC008152;2,0;697,46;Não informado
PC008153;7,0;3164,83;Não informado
PC008154;17,0;2384,72;Não informado
PC008155;3,0;439,48;Não informado
PC008156;8,0;268,65;Não informado
PC008157;1,0;405,82;Não informado
PC008159;34,0;1168,64;Não informado
PC008160;86,0;569,67;Não informado
PC008161;10,0;107,88;Não informado
PC008162;58,0;470,24;Não informado
PC008163;11,0;922,13;Não informado
PC008164;9,0;456,78;Não informado
PC008165;22,0;1258,18;Não informado
PC008166;54,0;700,23;Não informado
PC008167;103,0;472,42;Não informado
PC008168;87,0;92,69;Não informado
PC008169;8,0;72,44;Não informado
PC008170;19,0;943,52;Não informado
PC008171;6,0;1074,76;Não informado
PC008172;39,0;317,82;Não informado
PC008173;27,0;1889,32;Não informado
PC008174;18,0;428,03;Não informado
PC008175;48,0;4936,95;Não informado
PC008176;20,0;571,24;Não informado
PC008177;61,0;74,11;Não informado
PC008178;245,0;82,95;Não informado
PC008179;136,0;194,72;Não informado
PC008180;22,0;906,84;Não informado
PC008181;33,0;775,24;Não informado
PC008182;18,0;170,53;Não informado
PC008183;6,0;624,91;Não informado
PC008184;41,0;885,51;Não informado
PC008185;7,0;154,6;Não informado
PC008186;6,0;42,69;Não informado
PC008187;60,0;1420,26;Não informado
PC008188;29,0;7056,34;Não informado
PC008189;13,0;64,62;Não informado
PC008190;1,0;280,27;Não informado
PC008191;6,0;92,95;Não informado
PC008192;169,0;1117,81;Não informado
PC008193;41,0;1976,45;Não informado
PC008194;19,0;5381,53;Não informado
PC008195;7,0;159,03;Não informado
PC008196;32,0;1486,45;Não informado
PC008197;526,0;2040,24;Não informado
PC008198;13,0;522,01;Não informado
PC008199;10,0;2111,8;Não informado
PC008200;13,0;1148,44;Não informado
PC008201;16,0;371,06;Não informado
PC008202;1,0;325,1;Não informado
PC008203;7,0;611,81;Não informado
PC008204;60,0;282,91;Não informado
PC008205;214,0;680,16;Não informado
PC008206;95,0;157,76;Não informado
PC008207;30,0;423,68;Não informado
PC008208;33,0;1116,64;Não informado
PC008209;7,0;6285,72;Não informado
PC008210;11,0;485,43;Não informado
PC008211;5,0;370,43;Não informado
PC008212;1,0;742,97;Não informado
PC008213;11,0;817,13;Não informado
PC008214;3,0;1129,07;Não informado
PC008215;16,0;2720,63;Não informado
PC008217;62,0;514,2;Não informado
PC008218;15,0;4657,82;Não informado
PC008219;13,0;1398,26;Não informado
PC008220;18,0;163,36;Não informado
PC008221;177,0;231,47;Não informado
PC008222;6,0;130,96;Não informado
PC008223;6,0;860,5;Não informado
PC008224;11,0;699,41;Não informado
PC008225;19,0;48,0;Não informado
PC008226;151,0;819,06;Não informado
PC008227;16,0;434,08;Não informado
PC008228;22,0;527,16;Não informado
PC008229;72,0;3213,5;Não informado
PC008230;14,0;660,42;Não informado
PC008231;8,0;891,07;Não informado
PC008232;5,0;32,26;Não informado
PC008233;10,0;71,93;Não informado
PC008234;3,0;273,58;Não informado
PC008235;392,0;509,64;Não informado
PC008236;8,0;828,73;Não informado
PC008237;4,0;1544,97;Não informado
PC008238;9,0;1645,33;Não informado
PC008239;3,0;613,45;Não informado
PC008240;1,0;346,83;Não informado
PC008242;46,0;34,23;Não informado
PC008243;10,0;157,27;Não informado
PC008244;28,0;3077,22;Não informado
PC008245;3,0;896,76;Não informado
PC008246;56,0;80,45;Não informado
PC008247;28,0;621,34;Não informado
PC008248;212,0;441,62;Não informado
PC008249;15,0;519,01;Não informado
PC008250;5,0;89,95;Não informado
PC008251;77,0;1798,17;Não informado
PC008252;180,0;3670,11;Não informado
PC008253;9,0;328,67;Não informado
PC008254;15,0;2497,48;Não informado
PC008255;34,0;681,5;Não informado
PC008256;19,0;852,34;Não informado
PC008257;7,0;5387,53;Não informado
PC008258;19,0;4155,76;Não informado
PC008259;127,0;75,05;Não informado
PC008260;15,0;846,82;Não informado
PC008261;3,0;1098,97;Não informado
PC008262;19,0;735,63;Não informado
PC008263;27,0;2680,9;Não informado
PC008264;66,0;255,9;Não informado
PC008266;12,0;1140,58;Não informado
PC008267;14,0;310,01;Não informado
PC008268;4,0;107,31;Não informado
PC008269;66,0;3449,23;Não informado
PC008270;13,0;1019,65;Não informado
PC008271;25,0;158,01;Não informado
PC008272;22,0;596,66;Não informado
PC008273;64,0;5650,82;Não informado
PC008274;9,0;689,95;Não informado
PC008275;48,0;916,18;Não informado
PC008276;35,0;5901,86;Não informado
PC008277;11,0;931,99;Não informado
PC008278;10,0;630,73;Não informado
PC008279;6,0;2063,35;Não informado
PC008280;46,0;6527,59;Não informado
PC008281;12,0;2589,12;Não informado
PC008282;24,0;4769,09;Não informado
PC008283;19,0;240,4;Não informado
PC008284;3,0;198,68;Não informado
PC008285;1,0;52,85;Não informado
PC008286;100,0;661,33;Não informado
PC008287;53,0;461,63;Não informado
PC008288;139,0;605,9;Não informado
PC008289;61,0;56,92;Não informado
PC008290;5,0;431,53;Não informado
PC008291;1,0;332,34;Não informado
PC008292;759,0;1043,32;Não informado
PC008293;15,0;1938,95;Não informado
PC008294;18,0;881,82;Não informado
PC008295;51,0;957,87;Não informado
PC008296;6,0;85,16;Não informado
PC008297;23,0;32,29;Não informado
PC008298;17,0;660,13;Não informado
PC008299;51,0;968,9;Não informado
PC008300;18,0;779,59;Não informado
PC008301;1,0;6260,95;Não informado
PC008302;5,0;478,89;Não informado
PC008303;36,0;3458,47;Não informado
PC008304;15,0;1238,99;Não informado
PC008305;4,0;159,58;Não informado
PC008306;3,0;60,94;Não informado
PC008307;3,0;238,15;Não informado
PC008308;16,0;600,97;Não informado
PC008309;3,0;716,42;Não informado
PC008310;5,0;209,92;Não informado
PC008311;44,0;175,84;Não informado
PC008312;21,0;238,77;Não informado
PC008313;66,0;962,36;Não informado
PC008314;27,0;94,6;Não informado
PC008315;1,0;2470,42;Não informado
PC008316;12,0;4497,63;Não informado
PC008317;96,0;133,08;Não informado
PC008318;1,0;3982,61;Não informado
PC008319;27,0;1130,68;Não informado
PC008320;51,0;641,57;Não informado
PC008321;1,0;2141,08;Não informado
PC008322;6,0;4839,11;Não informado
PC008323;59,0;361,83;Não informado
PC008324;25,0;1929,58;Não informado
PC008325;1,0;2379,31;Não informado
PC008326;23,0;603,15;Não informado
PC008327;5,0;2657,95;Não informado
PC008328;2,0;391,69;Não informado
PC008329;15,0;1066,68;Não informado
PC008330;3,0;440,06;Não informado
PC008331;6,0;409,84;Não informado
PC008332;8,0;214,55;Não informado
PC008333;87,0;3822,39;Não informado
PC008334;68,0;496,83;Não informado
PC008335;119,0;778,91;Não informado
PC008336;4,0;341,22;Não informado
PC008337;20,0;3145,03;Não informado
PC008338;32,0;996,9;Não informado
PC008339;7,0;669,15;Não informado
PC008340;17,0;1795,78;Não informado
PC008341;19,0;776,17;Não informado
PC008342;44,0;350,28;Não informado
PC008343;12,0;1888,2;Não informado
PC008344;3,0;5527,01;Não informado
PC008345;72,0;1094,67;Não informado
PC008346;15,0;3082,01;Não informado
PC008347;8,0;959,36;Não informado
PC008348;19,0;220,28;Não informado
PC008349;1,0;163,69;Não informado
PC008350;2,0;1016,11;Não informado
PC008351;4,0;1085,32;Não informado
PC008352;0,0;378,48;Não informado
PC008353;9,0;53,71;Não informado
PC008355;16,0;475,47;Não informado
PC008356;2,0;675,34;Não informado
PC008357;10,0;1322,27;Não informado
PC008358;1,0;868,22;Não informado
PC008359;17,0;800,23;Não informado
PC008360;3,0;121,32;Não informado
PC008361;80,0;18,81;Não informado
PC008362;94,0;669,22;Não informado
PC008363;35,0;1495,92;Não informado
PC008364;2,0;222,78;Não informado
PC008366;10,0;1003,55;Não informado
PC008367;14,0;6874,47;Não informado
PC008369;616,0;225,65;Não informado
PC008370;5,0;75,22;Não informado
PC008371;2,0;98,36;Não informado
PC008372;15,0;2505,61;Não informado
PC008373;19,0;906,74;Não informado
PC008374;0,0;207,73;Não informado
PC008375;61,0;149,44;Não informado
PC008376;2,0;473,69;Não informado
PC008377;18,0;858,23;Não informado
PC008378;76,0;89,31;Não informado
PC008379;3,0;2061,68;Não informado
PC008380;45,0;7414,22;Não informado
PC008381;8,0;62,55;Não informado
PC008382;10,0;3387,72;Não informado
PC008383;55,0;151,81;Não informado
PC008384;23,0;383,59;Não informado
PC008385;23,0;3986,17;Não informado
PC008386;1,0;5467,18;Não informado
PC008387;53,0;296,84;Não informado
PC008388;11,0;1411,94;Não informado
PC008389;6,0;1742,43;Não informado
PC008390;6,0;338,07;Não informado
PC008391;1,0;3755,24;Não informado
PC008393;23,0;210,39;Não informado
PC008394;109,0;651,7;Não informado
PC008395;5,0;171,74;Não informado
PC008396;12,0;94,66;Não informado
PC008397;145,0;6823,51;Não informado
PC008398;68,0;144,83;Não informado
PC008399;12,0;741,26;Não informado
PC008400;3,0;721,72;Não informado
PC008401;9,0;2953,88;Não informado
PC008402;12,0;956,02;Não informado
PC008403;40,0;740,99;Não informado
PC008404;3,0;4171,88;Não informado
PC008405;2,0;270,82;Não informado
PC008406;53,0;724,68;Não informado
PC008407;2,0;344,48;Não informado
PC008408;3,0;8434,61;Não informado
PC008409;20,0;2339,29;Não informado
PC008410;1,0;1031,38;Não informado
PC008411;17,0;918,08;Não informado
PC008412;35,0;291,76;Não informado
PC008413;2,0;154,9;Não informado
PC008414;25,0;498,25;Não informado
PC008415;57,0;661,04;Não informado
PC008416;2,0;760,2;Não informado
PC008417;26,0;69,09;Não informado
PC008418;13,0;990,38;Não informado
PC008419;1,0;1499,11;Não informado
PC008420;37,0;946,66;Não informado
PC008421;4,0;595,58;Não informado
PC008422;41,0;350,2;Não informado
PC008423;3,0;483,73;Não informado
PC008424;195,0;56,41;Não informado
PC008425;0,0;30,86;Não informado
PC008426;6,0;390,41;Não informado
PC008427;5,0;1466,62;Não informado
PC008428;46,0;110,51;Não informado
PC008429;348,0;862,38;Não informado
PC008430;21,0;1906,31;Não informado
PC008431;23,0;6648,8;Não informado
PC008432;135,0;321,03;Não informado
PC008433;455,0;100,42;Não informado
PC008434;12,0;31,77;Não informado
PC008435;32,0;302,02;Não informado
PC008436;1,0;3514,69;Não informado
PC008437;23,0;132,12;Não informado
PC008438;19,0;277,49;Não informado
PC008439;7,0;1170,73;Não informado
PC008440;59,0;843,99;Não informado
PC008441;3,0;802,85;Não informado
PC008442;4,0;32,63;Não informado
PC008443;1,0;521,35;Não informado
PC008444;15,0;4316,42;Não informado
PC008445;36,0;323,04;Não informado
PC008446;3,0;1164,9;Não informado
PC008447;7,0;176,12;Não informado
PC008448;5,0;1044,68;Não informado
PC008449;78,0;209,0;Não informado
PC008450;42,0;5696,73;Não informado
PC008451;38,0;261,69;Não informado
PC008452;6,0;3945,5;Não informado
PC008453;248,0;1390,35;Não informado
PC008454;29,0;522,47;Não informado
PC008455;10,0;3667,41;Não informado
PC008456;21,0;1677,89;Não informado
PC008457;31,0;250,07;Não informado
PC008458;3,0;1286,32;Não informado
PC008459;126,0;128,25;Não informado
PC008460;43,0;65,09;Não informado
PC008462;1,0;264,69;Não informado
PC008463;28,0;1526,01;Não informado
PC008464;7,0;305,94;Não informado
PC008465;36,0;2819,35;Não informado
PC008466;7,0;523,74;Não informado
PC008467;15,0;111,5;Não informado
PC008468;20,0;3416,09;Não informado
PC008469;13,0;522,6;Não informado
PC008470;24,0;527,02;Não informado
PC008471;4,0;1515,21;Não informado
PC008472;7,0;1807,91;Não informado
PC008473;36,0;3797,56;Não informado
PC008474;7,0;1478,67;Não informado
PC008475;54,0;1054,73;Não informado
PC008476;47,0;345,38;Não informado
PC008477;28,0;116,09;Não informado
PC008478;2,0;656,06;Não informado
PC008479;190,0;1445,41;Não informado
PC008480;33,0;70,38;Não informado
PC008481;21,0;31,77;Não informado
PC008482;7,0;581,63;Não informado
PC008483;2,0;257,98;Não informado
PC008484;131,0;884,93;Não informado
PC008485;22,0;1590,94;Não informado
PC008486;12,0;413,67;Não informado
PC008487;17,0;123,79;Não informado
PC008488;3,0;63,53;Não informado
PC008489;3,0;72,21;Não informado
PC008490;10,0;151,25;Não informado
PC008491;11,0;940,96;Não informado
PC008492;0,0;504,22;Não informado
PC008493;39,0;1621,58;Não informado
PC008494;101,0;677,79;Não informado
PC008495;5,0;3021,9;Não informado
PC008496;2,0;449,19;Não informado
PC008497;120,0;168,9;Não informado
PC008498;13,0;22,05;Não informado
PC008499;1,0;121,58;Não informado
PC008500;395,0;1752,63;Não informado
PC008501;34,0;739,02;Não informado
PC008502;48,0;152,37;Não informado
PC008503;23,0;643,78;Não informado
PC008504;44,0;187,33;Não informado
PC008505;197,0;1095,53;Não informado
PC008506;1,0;48,48;Não informado
PC008507;19,0;528,25;Não informado
PC008508;182,0;8601,82;Não informado
PC008509;9,0;367,96;Não informado
PC008510;16,0;5585,48;Não informado
PC008511;25,0;952,97;Não informado
PC008512;536,0;384,63;Não informado
PC008513;1,0;5560,77;Não informado
PC008514;6,0;2622,6;Não informado
PC008515;14,0;357,0;Não informado
PC008516;6,0;3101,27;Não informado
PC008517;227,0;966,96;Não informado
PC008518;16,0;763,66;Não informado
PC008519;49,0;6269,22;Não informado
PC008520;17,0;660,19;Não informado
PC008521;20,0;496,63;Não informado
PC008522;31,0;1887,02;Não informado
PC008523;190,0;896,53;Não informado
PC008524;12,0;142,5;Não informado
PC008525;27,0;999,86;Não informado
PC008526;12,0;1306,23;Não informado
PC008527;32,0;60,7;Não informado
PC008528;3,0;606,23;Não informado
PC008529;5,0;476,68;Não informado
PC008530;22,0;154,8;Não informado
PC008531;14,0;574,02;Não informado
PC008532;14,0;3943,28;Não informado
PC008533;5,0;1005,48;Não informado
PC008534;1,0;900,33;Não informado
PC008535;70,0;1839,88;Não informado
PC008536;8,0;1430,5;Não informado
PC008537;14,0;3773,62;Não informado
PC008538;13,0;2703,26;Não informado
PC008539;35,0;777,07;Não informado
PC008540;88,0;359,58;Não informado
PC008541;2,0;157,18;Não informado
PC008542;14,0;266,92;Não informado
PC008543;5,0;1457,86;Não informado
PC008544;262,0;717,19;Não informado
PC008545;3,0;101,08;Não informado
PC008546;10,0;968,3;Não informado
PC008547;17,0;578,06;Não informado
PC008548;119,0;111,57;Não informado
PC008549;25,0;2291,29;Não informado
PC008550;17,0;671,8;Não informado
PC008551;10,0;824,46;Não informado
PC008552;6,0;84,33;Não informado
PC008553;82,0;16,57;Não informado
PC008554;10,0;726,06;Não informado
PC008555;4,0;867,05;Não informado
PC008556;23,0;536,2;Não informado
PC008557;14,0;2563,95;Não informado
PC008558;1,0;1671,66;Não informado
PC008559;520,0;6101,87;Não informado
PC008560;2,0;267,89;Não informado
PC008561;42,0;73,23;Não informado
PC008562;124,0;42,95;Não informado
PC008563;56,0;396,78;Não informado
PC008564;35,0;5941,37;Não informado
PC008565;103,0;237,01;Não informado
PC008566;26,0;59,62;Não informado
PC008567;5,0;1153,2;Não informado
PC008568;0,0;865,29;Não informado
PC008569;8,0;153,95;Não informado
PC008570;286,0;44,07;Não informado
PC008571;1,0;2284,69;Não informado
PC008572;5,0;3605,86;Não informado
PC008573;1,0;272,57;Não informado
PC008574;324,0;3100,85;Não informado
PC008575;43,0;810,66;Não informado
PC008576;7,0;90,74;Não informado
PC008577;6,0;545,43;Não informado
PC008578;3,0;6040,38;Não informado
PC008579;14,0;261,08;Não informado
PC008580;41,0;2304,56;Não informado
PC008581;9,0;1314,0;Não informado
PC008582;15,0;154,46;Não informado
PC008583;19,0;2102,2;Não informado
PC008584;7,0;385,02;Não informado
PC008585;15,0;948,99;Não informado
PC008586;51,0;802,55;Não informado
PC008587;10,0;475,07;Não informado
PC008588;10,0;76,69;Não informado
PC008589;141,0;2109,48;Não informado
PC008591;31,0;311,28;Não informado
PC008592;4,0;759,71;Não informado
PC008593;1,0;4308,56;Não informado
PC008594;4,0;820,93;Não informado
PC008595;21,0;87,0;Não informado
PC008596;1,0;1469,49;Não informado
PC008597;89,0;960,38;Não informado
PC008598;82,0;419,98;Não informado
PC008599;9,0;810,4;Não informado
PC008600;7,0;2296,5;Não informado
PC008601;135,0;7152,32;Não informado
PC008602;10,0;3194,54;Não informado
PC008603;20,0;1133,31;Não informado
PC008604;4,0;237,13;Não informado
PC008605;12,0;158,68;Não informado
PC008606;6,0;848,11;Não informado
PC008607;6,0;1089,64;Não informado
PC008609;11,0;61,63;Não informado
PC008610;50,0;166,21;Não informado
PC008611;9,0;1552,44;Não informado
PC008612;11,0;821,27;Não informado
PC008613;54,0;1024,89;Não informado
PC008614;339,0;656,15;Não informado
PC008615;2,0;348,35;Não informado
PC008616;18,0;90,05;Não informado
PC008617;204,0;22,58;Não informado
PC008618;14,0;130,66;Não informado
PC008619;6,0;935,26;Não informado
PC008620;47,0;1116,01;Não informado
PC008621;4,0;3605,73;Não informado
PC008622;72,0;1231,93;Não informado
PC008623;39,0;4051,07;Não informado
PC008624;3,0;697,37;Não informado
PC008625;344,0;270,43;Não informado
PC008626;50,0;35,35;Não informado
PC008627;17,0;287,3;Não informado
PC008628;19,0;6164,69;Não informado
PC008629;14,0;254,57;Não informado
PC008630;6,0;262,11;Não informado
PC008631;2,0;1057,19;Não informado
PC008632;23,0;922,0;Não informado
PC008633;14,0;721,03;Não informado
PC008634;5,0;112,62;Não informado
PC008635;6,0;2053,35;Não informado
PC008636;14,0;2839,93;Não informado
PC008637;6,0;321,4;Não informado
PC008638;32,0;5332,94;Não informado
PC008639;3,0;269,7;Não informado
PC008640;18,0;499,41;Não informado
PC008641;15,0;4056,28;Não informado
PC008642;2,0;1517,95;Não informado
PC008643;13,0;273,38;Não informado
PC008644;104,0;3943,3;Não informado
PC008645;285,0;1937,49;Não informado
PC008646;27,0;191,62;Não informado
PC008647;216,0;3793,54;Não informado
PC008648;4,0;971,23;Não informado
PC008649;5,0;1079,62;Não informado
PC008650;7,0;371,92;Não informado
PC008651;8,0;305,13;Não informado
PC008652;30,0;406,47;Não informado
PC008653;7,0;5739,93;Não informado
PC008654;12,0;543,54;Não informado
PC008655;4,0;363,88;Não informado
PC008656;2,0;124,65;Não informado
PC008657;25,0;3170,23;Não informado
PC008658;15,0;731,17;Não informado
PC008659;9,0;676,6;Não informado
PC008660;17,0;373,86;Não informado
PC008661;10,0;469,4;Não informado
PC008662;137,0;212,0;Não informado
PC008663;3,0;2222,51;Não informado
PC008665;87,0;2261,53;Não informado
PC008666;17,0;3926,68;Não informado
PC008667;5,0;837,94;Não informado
PC008668;3,0;273,58;Não informado
PC008669;3,0;302,13;Não informado
PC008670;15,0;943,6;Não informado
PC008671;52,0;232,54;Não informado
PC008672;3,0;244,4;Não informado
PC008673;43,0;57,74;Não informado
PC008674;10,0;468,7;Não informado
PC008675;10,0;1148,98;Não informado
PC008676;20,0;51,04;Não informado
PC008677;11,0;3183,36;Não informado
PC008678;151,0;431,31;Não informado
PC008679;40,0;361,71;Não informado
PC008680;191,0;40,19;Não informado
PC008681;48,0;100,39;Não informado
PC008682;20,0;877,72;Não informado
PC008683;2,0;1166,1;Não informado
PC008684;11,0;912,49;Não informado
PC008685;6,0;1377,39;Não informado
PC008686;4,0;559,23;Não informado
PC008687;13,0;688,62;Não informado
PC008688;3,0;369,07;Não informado
PC008689;6,0;86,07;Não informado
PC008690;20,0;63,06;Não informado
PC008691;4,0;257,7;Não informado
PC008692;9,0;2141,38;Não informado
PC008693;114,0;181,18;Não informado
PC008694;19,0;274,74;Não informado
PC008695;21,0;1003,42;Não informado
PC008696;196,0;449,63;Não informado
PC008697;12,0;536,73;Não informado
PC008698;6,0;85,53;Não informado
PC008699;6,0;384,67;Não informado
PC008700;46,0;5907,32;Não informado
PC008701;18,0;326,21;Não informado
PC008702;7,0;627,06;Não informado
PC008703;18,0;1055,06;Não informado
PC008704;60,0;458,94;Não informado
PC008705;80,0;4183,85;Não informado
PC008706;14,0;4803,05;Não informado
PC008707;10,0;202,66;Não informado
PC008708;30,0;1639,57;Não informado
PC008709;14,0;2132,12;Não informado
PC008710;88,0;398,53;Não informado
PC008711;3,0;2038,76;Não informado
PC008712;46,0;1823,08;Não informado
PC008713;5,0;608,45;Não informado
PC008714;34,0;635,82;Não informado
PC008715;1,0;613,59;Não informado
PC008716;15,0;178,5;Não informado
PC008717;10,0;4182,74;Não informado
PC008718;5,0;513,53;Não informado
PC008719;19,0;747,81;Não informado
PC008720;5,0;785,24;Não informado
PC008721;135,0;760,42;Não informado
PC008722;5,0;613,4;Não informado
PC008723;1,0;708,14;Não informado
PC008724;29,0;4061,62;Não informado
PC008725;2,0;939,72;Não informado
PC008726;4,0;229,34;Não informado
PC008727;47,0;571,24;Não informado
PC008728;590,0;6993,05;Não informado
PC008729;130,0;6811,41;Não informado
PC008730;4,0;3474,77;Não informado
PC008731;9,0;66,2;Não informado
PC008732;4,0;182,22;Não informado
PC008733;19,0;343,38;Não informado
PC008734;6,0;1194,53;Não informado
PC008735;12,0;291,36;Não informado
PC008736;3,0;587,29;Não informado
PC008737;45,0;54,16;Não informado
PC008738;37,0;965,25;Não informado
PC008739;14,0;1430,63;Não informado
PC008740;8,0;560,07;Não informado
PC008741;2,0;2194,77;Não informado
PC008742;21,0;710,21;Não informado
PC008743;7,0;530,0;Não informado
PC008744;85,0;51,4;Não informado
PC008745;6,0;30,2;Não informado
PC008746;12,0;518,07;Não informado
PC008747;20,0;324,06;Não informado
PC008748;7,0;194,18;Não informado
PC008749;23,0;947,25;Não informado
PC008750;16,0;140,54;Não informado
PC008751;4,0;5016,72;Não informado
PC008752;51,0;645,47;Não informado
PC008754;2,0;89,49;Não informado
PC008755;73,0;191,1;Não informado
PC008757;3,0;888,52;Não informado
PC008758;4,0;169,46;Não informado
PC008759;37,0;900,94;Não informado
PC008760;19,0;854,6;Não informado
PC008761;22,0;451,27;Não informado
PC008762;452,0;86,06;Não informado
PC008763;7,0;335,51;Não informado
PC008764;17,0;1389,16;Não informado
PC008765;20,0;180,81;Não informado
PC008766;10,0;6339,79;Não informado
PC008767;9,0;700,75;Não informado
PC008768;179,0;504,63;Não informado
PC008769;11,0;3891,71;Não informado
PC008770;20,0;1121,23;Não informado
PC008771;19,0;286,68;Não informado
PC008772;1,0;1879,79;Não informado
PC008773;2,0;902,34;Não informado
PC008774;70,0;773,56;Não informado
PC008775;5,0;4835,51;Não informado
PC008776;85,0;1651,27;Não informado
PC008777;13,0;77,54;Não informado
PC008778;5,0;111,25;Não informado
PC008779;27,0;956,77;Não informado
PC008780;7,0;140,42;Não informado
PC008781;3,0;4579,36;Não informado
PC008782;5,0;1329,19;Não informado
PC008783;217,0;483,48;Não informado
PC008784;1,0;650,48;Não informado
PC008785;252,0;3164,77;Não informado
PC008786;805,0;116,53;Não informado
PC008787;2,0;183,33;Não informado
PC008788;8,0;4178,04;Não informado
PC008789;28,0;699,52;Não informado
PC008790;1,0;438,52;Não informado
PC008791;1,0;2455,15;Não informado
PC008792;0,0;5735,77;Não informado
PC008793;10,0;306,74;Não informado
PC008794;131,0;1164,62;Não informado
PC008795;4,0;1092,12;Não informado
PC008796;9,0;286,82;Não informado
PC008797;45,0;215,45;Não informado
PC008798;46,0;525,29;Não informado
PC008799;90,0;330,29;Não informado
PC008800;798,0;429,23;Não informado
PC008801;1,0;100,47;Não informado
PC008802;146,0;797,39;Não informado
PC008803;30,0;1152,27;Não informado
PC008805;47,0;2141,49;Não informado
PC008806;15,0;764,89;Não informado
PC008807;4,0;840,03;Não informado
PC008808;53,0;116,5;Não informado
PC008809;71,0;62,55;Não informado
PC008810;9,0;255,32;Não informado
PC008811;8,0;605,13;Não informado
PC008812;15,0;402,76;Não informado
PC008813;37,0;2479,49;Não informado
PC008814;17,0;770,17;Não informado
PC008815;13,0;2042,25;Não informado
PC008816;40,0;495,07;Não informado
PC008817;14,0;174,53;Não informado
PC008818;2,0;99,68;Não informado
PC008819;74,0;260,81;Não informado
PC008820;87,0;5700,24;Não informado
PC008821;48,0;313,09;Não informado
PC008822;1,0;251,21;Não informado
PC008823;168,0;70,82;Não informado
PC008824;14,0;433,77;Não informado
PC008825;61,0;764,46;Não informado
PC008826;7,0;36,0;Não informado
PC008827;7,0;1581,94;Não informado
PC008828;45,0;2925,56;Não informado
PC008829;30,0;168,96;Não informado
PC008830;30,0;3537,97;Não informado
PC008831;16,0;85,42;Não informado
PC008832;3,0;100,51;Não informado
PC008834;1,0;4351,08;Não informado
PC008835;242,0;120,78;Não informado
PC008836;3,0;7452,57;Não informado
PC008837;12,0;1812,27;Não informado
PC008838;22,0;536,54;Não informado
PC008839;4,0;362,83;Não informado
PC008840;14,0;1516,32;Não informado
PC008841;160,0;69,33;Não informado
PC008842;9,0;828,92;Não informado
PC008843;113,0;900,86;Não informado
PC008844;29,0;261,06;Não informado
PC008845;8,0;2631,66;Não informado
PC008846;250,0;1489,34;Não informado
PC008847;88,0;1408,6;Não informado
PC008848;5,0;922,12;Não informado
PC008849;34,0;1681,32;Não informado
PC008850;36,0;74,29;Não informado
PC008851;64,0;340,12;Não informado
PC008853;61,0;791,37;Não informado
PC008854;18,0;842,39;Não informado
PC008855;11,0;2252,49;Não informado
PC008856;51,0;4745,48;Não informado
PC008857;3,0;6546,13;Não informado
PC008858;8,0;536,37;Não informado
PC008859;11,0;1215,86;Não informado
PC008860;5,0;283,28;Não informado
PC008861;6,0;355,07;Não informado
PC008862;18,0;1175,29;Não informado
PC008863;4,0;1548,53;Não informado
PC008864;1,0;508,75;Não informado
PC008865;48,0;26,99;Não informado
PC008866;8,0;641,58;Não informado
PC008867;8,0;1177,04;Não informado
PC008868;34,0;770,58;Não informado
PC008869;9,0;1527,55;Não informado
PC008870;5,0;499,17;Não informado
PC008871;1,0;1187,3;Não informado
PC008872;13,0;78,19;Não informado
PC008873;20,0;56,64;Não informado
PC008874;5,0;523,38;Não informado
PC008875;1,0;909,04;Não informado
PC008876;4,0;272,24;Não informado
PC008877;69,0;2211,79;Não informado
PC008878;6,0;1176,68;Não informado
PC008879;20,0;2016,52;Não informado
PC008880;214,0;493,21;Não informado
PC008881;5,0;267,65;Não informado
PC008882;5,0;91,06;Não informado
PC008883;1,0;265,46;Não informado
PC008884;27,0;1453,56;Não informado
PC008885;56,0;281,64;Não informado
PC008886;172,0;179,19;Não informado
PC008887;2,0;1315,45;Não informado
PC008888;127,0;103,65;Não informado
PC008889;4,0;560,54;Não informado
PC008890;16,0;29,45;Não informado
PC008891;2,0;1634,59;Não informado
PC008892;15,0;482,04;Não informado
PC008893;19,0;175,83;Não informado
PC008894;1,0;1223,48;Não informado
PC008895;14,0;269,93;Não informado
PC008896;52,0;704,22;Não informado
PC008897;7,0;1926,01;Não informado
PC008898;24,0;813,87;Não informado
PC008899;4,0;203,78;Não informado
PC008900;15,0;820,33;Não informado
PC008901;11,0;2643,02;Não informado
PC008902;4,0;416,66;Não informado
PC008903;408,0;972,42;Não informado
PC008904;5,0;426,79;Não informado
PC008905;26,0;478,61;Não informado
PC008906;4,0;1493,81;Não informado
PC008907;8,0;475,54;Não informado
PC008908;15,0;327,98;Não informado
PC008909;28,0;443,74;Não informado
PC008910;10,0;707,48;Não informado
PC008911;16,0;768,23;Não informado
PC008912;120,0;1379,67;Não informado
PC008913;14,0;3465,19;Não informado
PC008914;15,0;806,72;Não informado
PC008915;16,0;440,05;Não informado
PC008916;52,0;2748,53;Não informado
PC008917;28,0;67,25;Não informado
PC008918;7,0;743,43;Não informado
PC008919;921,0;395,34;Não informado
PC008920;4,0;6286,07;Não informado
PC008921;25,0;1170,24;Não informado
PC008922;9,0;863,28;Não informado
PC008923;163,0;92,84;Não informado
PC008924;2,0;291,49;Não informado
PC008925;24,0;236,25;Não informado
PC008926;529,0;74,67;Não informado
PC008927;11,0;89,38;Não informado
PC008928;21,0;223,8;Não informado
PC008929;20,0;82,74;Não informado
PC008930;45,0;837,22;Não informado
PC008931;3,0;1509,9;Não informado
PC008932;119,0;1017,84;Não informado
PC008933;33,0;1366,63;Não informado
PC008934;64,0;650,64;Não informado
PC008935;45,0;118,93;Não informado
PC008936;6,0;52,49;Não informado
PC008937;37,0;49,08;Não informado
PC008938;5,0;691,94;Não informado
PC008940;2,0;878,77;Não informado
PC008941;6,0;3605,59;Não informado
PC008942;3,0;253,62;Não informado
PC008943;50,0;5405,23;Não informado
PC008944;8,0;229,77;Não informado
PC008945;49,0;122,16;Não informado
PC008946;69,0;75,52;Não informado
PC008947;14,0;108,17;Não informado
PC008948;23,0;5670,83;Não informado
PC008949;2,0;817,06;Não informado
PC008950;73,0;178,77;Não informado
PC008951;34,0;753,4;Não informado
PC008952;6,0;756,9;Não informado
PC008953;4,0;277,44;Não informado
PC008954;74,0;119,99;Não informado
PC008955;183,0;1268,78;Não informado
PC008956;12,0;2749,03;Não informado
PC008957;97,0;58,74;Não informado
PC008958;4,0;1226,26;Não informado
PC008959;5,0;899,45;Não informado
PC008960;3,0;412,76;Não informado
PC008961;1,0;704,47;Não informado
PC008962;459,0;3557,61;Não informado
PC008963;12,0;107,0;Não informado
PC008965;3,0;714,5;Não informado
PC008966;4,0;614,09;Não informado
PC008967;10,0;5335,78;Não informado
PC008968;18,0;123,76;Não informado
PC008969;117,0;520,15;Não informado
PC008970;57,0;1758,81;Não informado
PC008971;3,0;386,02;Não informado
PC008972;6,0;232,67;Não informado
PC008973;6,0;2760,73;Não informado
PC008974;24,0;1085,35;Não informado
PC008975;13,0;105,36;Não informado
PC008976;15,0;1203,54;Não informado
PC008977;2,0;4235,77;Não informado
PC008978;9,0;421,1;Não informado
PC008979;14,0;835,82;Não informado
PC008980;60,0;4627,19;Não informado
PC008981;32,0;543,04;Não informado
PC008982;37,0;204,52;Não informado
PC008983;5,0;1683,51;Não informado
PC008984;2,0;4785,38;Não informado
PC008985;42,0;4819,37;Não informado
PC008986;1,0;5249,59;Não informado
PC008987;64,0;1062,19;Não informado
PC008989;32,0;178,96;Não informado
PC008990;2,0;1352,19;Não informado
PC008991;18,0;1740,29;Não informado
PC008992;121,0;1076,5;Não informado
PC008993;18,0;113,86;Não informado
PC008994;32,0;1045,5;Não informado
PC008995;9,0;262,36;Não informado
PC008996;1,0;725,99;Não informado
PC008997;9,0;1496,59;Não informado
PC008998;49,0;500,65;Não informado
PC008999;6,0;898,07;Não informado
PC009000;7,0;71,57;Não informado
PC009001;10,0;21,34;Não informado
PC009002;3,0;237,51;Não informado
PC009003;1,0;1469,89;Não informado
PC009004;0,0;1042,24;Não informado
PC009005;4,0;4895,67;Não informado
PC009006;8,0;1583,23;Não informado
PC009007;11,0;6326,66;Não informado
PC009008;25,0;245,6;Não informado
PC009009;22,0;305,83;Não informado
PC009010;15,0;27,63;Não informado
PC009011;32,0;271,35;Não informado
PC009012;1,0;3793,54;Não informado
PC009013;117,0;704,61;Não informado
PC009014;6,0;235,35;Não informado
PC009015;2,0;1166,25;Não informado
PC009016;43,0;457,97;Não informado
PC009017;5,0;1148,48;Não informado
PC009018;44,0;56,74;Não informado
PC009019;15,0;1938,95;Não informado
PC009020;15,0;5599,51;Não informado
PC009022;3,0;4305,43;Não informado
PC009023;1,0;238,33;Não informado
PC009024;5,0;369,36;Não informado
PC009025;11,0;786,63;Não informado
PC009026;168,0;4662,77;Não informado
PC009027;15,0;224,49;Não informado
PC009028;2,0;360,36;Não informado
PC009029;26,0;1798,03;Não informado
PC009030;3,0;560,64;Não informado
PC009031;7,0;3992,38;Não informado
PC009033;31,0;877,37;Não informado
PC009034;2,0;1262,17;Não informado
PC009035;4,0;418,55;Não informado
PC009036;6,0;220,39;Não informado
PC009037;4,0;1020,17;Não informado
PC009038;64,0;1075,54;Não informado
PC009039;34,0;407,63;Não informado
PC009040;38,0;63,85;Não informado
PC009041;3,0;5501,91;Não informado
PC009042;14,0;239,63;Não informado
PC009043;82,0;525,98;Não informado
PC009044;9,0;1252,2;Não informado
PC009045;14,0;816,44;Não informado
PC009046;1,0;609,95;Não informado
PC009047;2,0;1657,83;Não informado
PC009048;2,0;5635,18;Não informado
PC009049;0,0;6406,87;Não informado
PC009050;1,0;4252,65;Não informado
PC009051;18,0;824,87;Não informado
PC009052;2,0;169,93;Não informado
PC009053;9,0;262,3;Não informado
PC009054;9,0;98,85;Não informado
PC009055;20,0;1586,42;Não informado
PC009056;8,0;746,02;Não informado
PC009057;87,0;90,53;Não informado
PC009058;116,0;848,94;Não informado
PC009059;10,0;1395,73;Não informado
PC009060;54,0;545,21;Não informado
PC009061;3,0;2049,59;Não informado
PC009062;38,0;633,22;Não informado
PC009063;1,0;616,52;Não informado
PC009064;2,0;87,59;Não informado
PC009065;40,0;109,16;Não informado
PC009066;101,0;132,23;Não informado
PC009067;2,0;1667,48;Não informado
PC009068;1,0;373,61;Não informado
PC009069;109,0;3519,62;Não informado
PC009070;70,0;419,76;Não informado
PC009071;20,0;4905,13;Não informado
PC009072;13,0;349,96;Não informado
PC009073;14,0;253,95;Não informado
PC009074;23,0;58,88;Não informado
PC009076;6,0;3230,3;Não informado
PC009077;15,0;464,0;Não informado
PC009078;11,0;380,97;Não informado
PC009079;125,0;794,23;Não informado
PC009080;10,0;1177,2;Não informado
PC009081;3,0;352,03;Não informado
PC009082;21,0;72,69;Não informado
PC009083;11,0;2567,21;Não informado
PC009084;10,0;5890,32;Não informado
PC009085;6,0;244,51;Não informado
PC009086;6,0;1904,73;Não informado
PC009087;19,0;968,86;Não informado
PC009088;4,0;521,34;Não informado
PC009089;60,0;4456,55;Não informado
PC009090;41,0;5142,25;Não informado
PC009091;114,0;109,68;Não informado
PC009092;2,0;5589,36;Não informado
PC009093;323,0;2135,83;Não informado
PC009094;4,0;666,77;Não informado
PC009095;1,0;612,05;Não informado
PC009096;59,0;172,85;Não informado
PC009097;7,0;326,52;Não informado
PC009098;8,0;1042,67;Não informado
PC009099;6,0;417,77;Não informado
PC009100;7,0;140,95;Não informado
PC009101;3,0;7236,79;Não informado
PC009102;16,0;208,65;Não informado
PC009103;1,0;125,85;Não informado
PC009104;4,0;917,34;Não informado
PC009105;7,0;2547,18;Não informado
PC009106;31,0;1039,86;Não informado
PC009107;8,0;861,01;Não informado
PC009108;5,0;4596,92;Não informado
PC009109;17,0;586,97;Não informado
PC009110;206,0;198,05;Não informado
PC009111;2,0;895,64;Não informado
PC009112;14,0;6680,29;Não informado
PC009113;3,0;331,82;Não informado
PC009115;10,0;919,3;Não informado
PC009116;22,0;283,64;Não informado
PC009117;3,0;335,78;Não informado
PC009118;12,0;363,63;Não informado
PC009119;1,0;592,41;Não informado
PC009120;23,0;149,97;Não informado
PC009121;3,0;42,81;Não informado
PC009122;1,0;202,16;Não informado
PC009123;2,0;346,98;Não informado
PC009124;11,0;855,86;Não informado
PC009125;9,0;758,63;Não informado
PC009126;3,0;827,52;Não informado
PC009127;14,0;369,83;Não informado
PC009128;9,0;22,24;Não informado
PC009129;2,0;58,22;Não informado
PC009130;16,0;981,68;Não informado
PC009131;22,0;1409,08;Não informado
PC009132;4,0;583,05;Não informado
PC009133;61,0;5490,1;Não informado
PC009134;16,0;1772,89;Não informado
PC009135;5,0;1656,93;Não informado
PC009136;5,0;553,93;Não informado
PC009137;16,0;172,07;Não informado
PC009138;54,0;90,95;Não informado
PC009139;12,0;136,86;Não informado
PC009140;5,0;5918,31;Não informado
PC009141;19,0;491,8;Não informado
PC009142;579,0;130,29;Não informado
PC009143;1,0;822,63;Não informado
PC009144;22,0;670,12;Não informado
PC009145;2,0;1034,49;Não informado
PC009146;293,0;18,48;Não informado
PC009147;1,0;1545,08;Não informado
PC009148;49,0;857,64;Não informado
PC009149;11,0;267,26;Não informado
PC009150;112,0;1982,68;Não informado
PC009151;25,0;880,59;Não informado
PC009152;84,0;796,12;Não informado
PC009153;25,0;2469,7;Não informado
PC009154;12,0;2971,35;Não informado
PC009155;7,0;313,53;Não informado
PC009156;1,0;3530,5;Não informado
PC009157;40,0;572,39;Não informado
PC009158;17,0;199,3;Não informado
PC009159;82,0;273,67;Não informado
PC009160;2,0;1589,47;Não informado
PC009161;9,0;112,77;Não informado
PC009162;2,0;772,71;Não informado
PC009164;1,0;341,12;Não informado
PC009165;4,0;2716,95;Não informado
PC009166;10,0;929,55;Não informado
PC009167;411,0;1559,43;Não informado
PC009168;3,0;925,72;Não informado
PC009169;2,0;366,93;Não informado
PC009170;87,0;122,82;Não informado
PC009171;7,0;826,06;Não informado
PC009172;23,0;684,64;Não informado
PC009173;12,0;597,18;Não informado
PC009174;65,0;246,97;Não informado
PC009175;1,0;2078,27;Não informado
PC009176;103,0;458,2;Não informado
PC009177;26,0;4290,52;Não informado
PC009178;2,0;3671,79;Não informado
PC009179;77,0;123,8;Não informado
PC009180;14,0;57,87;Não informado
PC009181;59,0;117,57;Não informado
PC009182;95,0;923,16;Não informado
PC009183;66,0;351,44;Não informado
PC009184;62,0;316,81;Não informado
PC009185;1,0;24,29;Não informado
PC009186;2,0;987,13;Não informado
PC009187;5,0;178,58;Não informado
PC009188;6,0;932,61;Não informado
PC009189;14,0;2001,51;Não informado
PC009190;3,0;181,37;Não informado
PC009191;298,0;504,85;Não informado
PC009192;8,0;100,07;Não informado
PC009193;72,0;62,76;Não informado
PC009194;1,0;557,08;Não informado
PC009195;32,0;956,19;Não informado
PC009196;31,0;1157,22;Não informado
PC009197;1,0;5282,78;Não informado
PC009198;3,0;838,91;Não informado
PC009199;0,0;460,15;Não informado
PC009200;73,0;495,2;Não informado
PC009201;15,0;342,47;Não informado
PC009202;1,0;52,01;Não informado
PC009203;17,0;371,62;Não informado
PC009205;8,0;125,53;Não informado
PC009206;22,0;196,1;Não informado
PC009207;26,0;314,13;Não informado
PC009208;7,0;1206,75;Não informado
PC009209;33,0;116,65;Não informado
PC009210;6,0;50,95;Não informado
PC009211;19,0;1539,87;Não informado
PC009212;270,0;4693,11;Não informado
PC009213;1,0;254,48;Não informado
PC009214;15,0;4886,13;Não informado
PC009215;95,0;662,4;Não informado
PC009217;403,0;952,86;Não informado
PC009218;2,0;4008,72;Não informado
PC009219;15,0;227,93;Não informado
PC009220;47,0;2139,72;Não informado
PC009221;10,0;473,93;Não informado
PC009222;9,0;679,06;Não informado
PC009223;7,0;738,99;Não informado
PC009224;11,0;124,18;Não informado
PC009225;108,0;569,82;Não informado
PC009226;16,0;1404,51;Não informado
PC009227;7,0;117,28;Não informado
PC009228;4,0;135,86;Não informado
PC009229;9,0;4219,45;Não informado
PC009230;16,0;355,66;Não informado
PC009231;2,0;584,02;Não informado
PC009232;26,0;338,34;Não informado
PC009233;17,0;3592,68;Não informado
PC009234;4,0;386,28;Não informado
PC009235;12,0;851,19;Não informado
PC009236;0,0;5096,95;Não informado
PC009237;14,0;917,57;Não informado
PC009238;20,0;476,27;Não informado
PC009239;9,0;2414,16;Não informado
PC009240;3,0;4697,6;Não informado
PC009241;46,0;1595,17;Não informado
PC009242;9,0;4470,18;Não informado
PC009243;1,0;300,4;Não informado
PC009244;80,0;338,38;Não informado
PC009245;9,0;225,89;Não informado
PC009246;3,0;233,48;Não informado
PC009247;522,0;1053,33;Não informado
PC009248;2,0;745,31;Não informado
PC009249;58,0;84,14;Não informado
PC009250;3,0;191,75;Não informado
PC009251;5,0;1836,15;Não informado
PC009252;3,0;211,91;Não informado
PC009253;10,0;951,44;Não informado
PC009254;9,0;711,42;Não informado
PC009255;38,0;1149,63;Não informado
PC009256;15,0;36,29;Não informado
PC009257;29,0;119,79;Não informado
PC009258;4,0;442,14;Não informado
PC009259;38,0;312,46;Não informado
PC009260;34,0;515,1;Não informado
PC009262;12,0;782,0;Não informado
PC009263;22,0;824,13;Não informado
PC009264;7,0;531,73;Não informado
PC009265;22,0;294,4;Não informado
PC009266;5,0;53,77;Não informado
PC009267;24,0;96,01;Não informado
PC009269;23,0;226,62;Não informado
PC009270;2,0;308,68;Não informado
PC009271;4,0;298,2;Não informado
PC009272;4,0;489,16;Não informado
PC009273;61,0;629,26;Não informado
PC009274;5,0;77,1;Não informado
PC009275;21,0;383,83;Não informado
PC009276;11,0;948,09;Não informado
PC009277;34,0;292,95;Não informado
PC009278;20,0;1226,62;Não informado
PC009279;9,0;455,11;Não informado
PC009280;108,0;880,35;Não informado
PC009281;33,0;2898,07;Não informado
PC009282;154,0;569,33;Não informado
PC009283;13,0;162,93;Não informado
PC009285;180,0;2649,29;Não informado
PC009286;43,0;987,28;Não informado
PC009287;14,0;4708,2;Não informado
PC009288;2,0;1341,42;Não informado
PC009289;12,0;864,69;Não informado
PC009290;173,0;1144,09;Não informado
PC009291;2,0;380,14;Não informado
PC009292;13,0;348,05;Não informado
PC009293;29,0;2734,98;Não informado
PC009294;6,0;905,0;Não informado
PC009295;6,0;194,23;Não informado
PC009296;1,0;1033,68;Não informado
PC009297;16,0;3341,17;Não informado
PC009298;8,0;288,64;Não informado
PC009299;14,0;336,99;Não informado
PC009301;10,0;602,54;Não informado
PC009302;43,0;409,74;Não informado
PC009303;39,0;2903,58;Não informado
PC009304;10,0;5555,45;Não informado
PC009305;28,0;2894,18;Não informado
PC009306;2,0;5962,65;Não informado
PC009307;18,0;1035,28;Não informado
PC009308;7,0;45,3;Não informado
PC009309;23,0;85,9;Não informado
PC009310;3,0;893,65;Não informado
PC009311;38,0;1038,77;Não informado
PC009312;3,0;629,88;Não informado
PC009313;11,0;113,37;Não informado
PC009314;2,0;477,01;Não informado
PC009315;10,0;1138,88;Não informado
PC009316;37,0;347,81;Não informado
PC009317;15,0;1971,14;Não informado
PC009318;5,0;374,33;Não informado
PC009319;15,0;318,45;Não informado
PC009320;219,0;86,4;Não informado
PC009321;35,0;94,41;Não informado
PC009322;10,0;299,5;Não informado
PC009323;196,0;298,2;Não informado
PC009324;21,0;242,71;Não informado
PC009325;6,0;1965,32;Não informado
PC009326;33,0;528,5;Não informado
PC009327;9,0;7680,22;Não informado
PC009328;1,0;144,11;Não informado
PC009329;104,0;130,51;Não informado
PC009330;8,0;21,27;Não informado
PC009331;9,0;176,46;Não informado
PC009332;54,0;4774,45;Não informado
PC009333;23,0;662,42;Não informado
PC009334;69,0;284,27;Não informado
PC009335;2,0;430,45;Não informado
PC009336;4,0;392,75;Não informado
PC009337;1,0;349,75;Não informado
PC009338;21,0;39,79;Não informado
PC009339;2,0;1789,35;Não informado
PC009340;40,0;4786,32;Não informado
PC009341;2,0;383,66;Não informado
PC009342;49,0;1494,65;Não informado
PC009343;4,0;532,84;Não informado
PC009344;0,0;809,95;Não informado
PC009345;14,0;4423,14;Não informado
PC009346;10,0;5580,32;Não informado
PC009347;3,0;266,82;Não informado
PC009348;7,0;925,79;Não informado
PC009349;4,0;1378,97;Não informado
PC009350;12,0;398,02;Não informado
PC009351;17,0;1115,79;Não informado
PC009352;5,0;894,99;Não informado
PC009353;1,0;132,72;Não informado
PC009354;1,0;1624,19;Não informado
PC009355;12,0;371,2;Não informado
PC009356;2,0;196,64;Não informado
PC009357;1,0;1620,06;Não informado
PC009358;41,0;158,99;Não informado
PC009359;2,0;773,91;Não informado
PC009360;139,0;1411,05;Não informado
PC009361;23,0;5919,27;Não informado
PC009362;69,0;1334,11;Não informado
PC009363;28,0;367,28;Não informado
PC009364;69,0;1929,52;Não informado
PC009365;14,0;225,12;Não informado
PC009366;20,0;590,38;Não informado
PC009367;8,0;1405,8;Não informado
PC009368;10,0;1289,65;Não informado
PC009369;13,0;1080,49;Não informado
PC009370;15,0;4450,09;Não informado
PC009371;15,0;571,94;Não informado
PC009372;19,0;256,38;Não informado
PC009373;49,0;242,51;Não informado
PC009374;6,0;890,64;Não informado
PC009375;1,0;150,3;Não informado
PC009376;27,0;354,28;Não informado
PC009377;74,0;106,65;Não informado
PC009378;6,0;457,85;Não informado
PC009379;0,0;679,96;Não informado
PC009380;12,0;1144,23;Não informado
PC009381;26,0;1199,16;Não informado
PC009382;231,0;218,6;Não informado
PC009383;718,0;470,48;Não informado
PC009384;4,0;108,64;Não informado
PC009385;33,0;21,95;Não informado
PC009386;3,0;399,49;Não informado
PC009387;39,0;1192,44;Não informado
PC009388;95,0;566,02;Não informado
PC009389;7,0;2734,41;Não informado
PC009390;19,0;1818,69;Não informado
PC009391;13,0;1229,47;Não informado
PC009392;21,0;1019,76;Não informado
PC009393;4,0;105,17;Não informado
PC009394;5,0;35,27;Não informado
PC009395;1,0;343,09;Não informado
PC009396;11,0;2783,59;Não informado
PC009397;10,0;577,97;Não informado
PC009398;27,0;335,04;Não informado
PC009399;20,0;854,72;Não informado
PC009400;9,0;1162,07;Não informado
PC009401;9,0;779,23;Não informado
PC009402;32,0;77,68;Não informado
PC009403;12,0;344,58;Não informado
PC009405;12,0;177,83;Não informado
PC009406;10,0;5088,35;Não informado
PC009407;1,0;127,36;Não informado
PC009408;6,0;343,28;Não informado
PC009409;2,0;5541,39;Não informado
PC009410;86,0;4151,6;Não informado
PC009411;1,0;174,08;Não informado
PC009412;14,0;1401,4;Não informado
PC009413;29,0;2642,01;Não informado
PC009414;17,0;957,94;Não informado
PC009415;26,0;254,02;Não informado
PC009416;57,0;692,69;Não informado
PC009417;102,0;395,86;Não informado
PC009418;2,0;1436,36;Não informado
PC009419;26,0;278,25;Não informado
PC009420;19,0;274,27;Não informado
PC009421;1,0;2311,65;Não informado
PC009422;16,0;842,85;Não informado
PC009423;9,0;856,89;Não informado
PC009424;8,0;1104,24;Não informado
PC009425;3,0;4803,19;Não informado
PC009426;20,0;454,19;Não informado
PC009428;7,0;4624,25;Não informado
PC009429;7,0;655,17;Não informado
PC009430;6,0;290,99;Não informado
PC009431;6,0;1527,92;Não informado
PC009432;31,0;3593,35;Não informado
PC009433;10,0;6195,89;Não informado
PC009434;8,0;4553,4;Não informado
PC009435;51,0;88,1;Não informado
PC009436;37,0;418,52;Não informado
PC009437;2,0;235,91;Não informado
PC009438;1,0;1380,19;Não informado
PC009439;2,0;1352,81;Não informado
PC009440;3,0;434,05;Não informado
PC009441;211,0;17,57;Não informado
PC009442;24,0;898,9;Não informado
PC009443;11,0;1726,13;Não informado
PC009444;3,0;341,52;Não informado
PC009445;43,0;703,01;Não informado
PC009446;9,0;754,99;Não informado
PC009447;5,0;300,78;Não informado
PC009448;35,0;20,29;Não informado
PC009449;50,0;24,26;Não informado
PC009450;58,0;124,76;Não informado
PC009451;9,0;455,65;Não informado
PC009452;1,0;316,73;Não informado
PC009453;5,0;5304,96;Não informado
PC009454;36,0;563,35;Não informado
PC009455;71,0;5468,96;Não informado
PC009456;67,0;693,19;Não informado
PC009457;3,0;130,38;Não informado
PC009458;2,0;68,33;Não informado
PC009459;12,0;170,79;Não informado
PC009460;26,0;2200,75;Não informado
PC009461;196,0;287,02;Não informado
PC009462;8,0;322,01;Não informado
PC009463;11,0;542,68;Não informado
PC009464;10,0;123,23;Não informado
PC009465;332,0;540,14;Não informado
PC009466;12,0;82,16;Não informado
PC009467;12,0;1846,51;Não informado
PC009468;8,0;3725,38;Não informado
PC009469;1,0;175,07;Não informado
PC009470;11,0;3862,39;Não informado
PC009471;3,0;1027,35;Não informado
PC009472;128,0;701,02;Não informado
PC009473;79,0;2750,53;Não informado
PC009474;121,0;3471,89;Não informado
PC009475;10,0;79,86;Não informado
PC009476;2,0;5019,52;Não informado
PC009477;9,0;1739,51;Não informado
PC009478;3,0;1140,48;Não informado
PC009479;19,0;1379,09;Não informado
PC009481;30,0;44,09;Não informado
PC009482;72,0;1136,31;Não informado
PC009483;1,0;241,07;Não informado
PC009484;224,0;306,65;Não informado
PC009485;2,0;5990,38;Não informado
PC009486;21,0;418,35;Não informado
PC009487;16,0;949,68;Não informado
PC009488;46,0;516,63;Não informado
PC009489;29,0;3221,58;Não informado
PC009490;3,0;672,73;Não informado
PC009491;9,0;253,7;Não informado
PC009492;4,0;2252,96;Não informado
PC009493;3,0;292,39;Não informado
PC009494;4,0;868,14;Não informado
PC009495;36,0;2899,14;Não informado
PC009496;9,0;6819,76;Não informado
PC009498;10,0;5334,97;Não informado
PC009499;12,0;812,22;Não informado
PC009500;43,0;98,89;Não informado
PC009501;61,0;149,6;Não informado
PC009502;3,0;744,65;Não informado
PC009503;29,0;1356,34;Não informado
PC009504;3,0;683,78;Não informado
PC009505;13,0;108,29;Não informado
PC009506;50,0;381,13;Não informado
PC009507;23,0;1310,24;Não informado
PC009508;22,0;617,31;Não informado
PC009510;19,0;103,9;Não informado
PC009511;77,0;280,23;Não informado
PC009512;55,0;75,94;Não informado
PC009513;40,0;65,68;Não informado
PC009514;17,0;155,53;Não informado
PC009515;11,0;1100,5;Não informado
PC009516;5,0;917,07;Não informado
PC009517;25,0;5077,17;Não informado
PC009518;8,0;592,67;Não informado
PC009519;1,0;540,16;Não informado
PC009520;2,0;490,07;Não informado
PC009521;84,0;218,04;Não informado
PC009522;23,0;115,86;Não informado
PC009523;44,0;55,36;Não informado
PC009524;25,0;5682,91;Não informado
PC009525;14,0;254,46;Não informado
PC009526;48,0;130,98;Não informado
PC009527;17,0;1084,27;Não informado
PC009528;48,0;923,05;Não informado
PC009529;6,0;578,95;Não informado
PC009530;71,0;95,65;Não informado
PC009531;3,0;436,8;Não informado
PC009532;40,0;6787,66;Não informado
PC009533;1,0;173,59;Não informado
PC009534;31,0;2369,02;Não informado
PC009536;10,0;799,07;Não informado
PC009537;24,0;1355,28;Não informado
PC009538;2,0;1288,95;Não informado
PC009539;2,0;361,25;Não informado
PC009540;353,0;3417,77;Não informado
PC009541;2,0;3049,24;Não informado
PC009542;37,0;967,61;Não informado
PC009543;50,0;4570,48;Não informado
PC009544;21,0;1665,46;Não informado
PC009545;3,0;685,59;Não informado
PC009546;1,0;422,6;Não informado
PC009547;29,0;681,2;Não informado
PC009548;1,0;222,4;Não informado
PC009549;123,0;4266,86;Não informado
PC009550;54,0;398,15;Não informado
PC009551;50,0;1098,75;Não informado
PC009552;11,0;203,46;Não informado
PC009553;10,0;4025,87;Não informado
PC009554;118,0;140,64;Não informado
PC009555;6,0;268,54;Não informado
PC009556;6,0;2922,43;Não informado
PC009557;11,0;828,24;Não informado
PC009558;4,0;332,29;Não informado
PC009559;35,0;1745,58;Não informado
PC009560;9,0;1117,91;Não informado
PC009562;7,0;2370,47;Não informado
PC009563;5,0;924,39;Não informado
PC009564;12,0;206,91;Não informado
PC009565;2,0;47,53;Não informado
PC009566;2,0;788,58;Não informado
PC009567;50,0;979,42;Não informado
PC009568;16,0;860,33;Não informado
PC009569;5,0;99,48;Não informado
PC009570;11,0;714,67;Não informado
PC009571;155,0;889,76;Não informado
PC009572;2,0;430,21;Não informado
PC009573;164,0;1587,21;Não informado
PC009574;5,0;552,26;Não informado
PC009575;2,0;339,74;Não informado
PC009576;1,0;53,17;Não informado
PC009577;2,0;47,54;Não informado
PC009578;6,0;331,33;Não informado
PC009579;813,0;440,86;Não informado
PC009580;73,0;1182,25;Não informado
PC009581;4,0;4064,12;Não informado
PC009582;171,0;1022,14;Não informado
PC009583;63,0;1495,71;Não informado
PC009584;100,0;298,59;Não informado
PC009585;11,0;150,28;Não informado
PC009586;4,0;87,11;Não informado
PC009587;3,0;54,51;Não informado
PC009588;2,0;1600,6;Não informado
PC009589;93,0;443,62;Não informado
PC009590;178,0;310,87;Não informado
PC009591;20,0;478,73;Não informado
PC009592;30,0;360,68;Não informado
PC009593;224,0;119,54;Não informado
PC009594;10,0;43,08;Não informado
PC009595;5,0;1496,14;Não informado
PC009596;32,0;1505,19;Não informado
PC009597;3,0;341,66;Não informado
PC009598;13,0;387,48;Não informado
PC009599;21,0;785,36;Não informado
PC009600;62,0;660,32;Não informado
PC009601;32,0;2288,81;Não informado
PC009602;17,0;4022,56;Não informado
PC009603;4,0;186,43;Não informado
PC009604;13,0;1255,02;Não informado
PC009605;36,0;946,1;Não informado
PC009606;8,0;52,61;Não informado
PC009607;24,0;2665,17;Não informado
PC009608;33,0;556,49;Não informado
PC009609;12,0;504,97;Não informado
PC009610;6,0;206,8;Não informado
PC009611;51,0;630,6;Não informado
PC009612;19,0;326,35;Não informado
PC009613;9,0;5702,66;Não informado
PC009614;61,0;258,61;Não informado
PC009615;3,0;1454,74;Não informado
PC009616;66,0;360,64;Não informado
PC009617;9,0;4398,6;Não informado
PC009618;14,0;882,22;Não informado
PC009619;1,0;464,26;Não informado
PC009620;9,0;2573,99;Não informado
PC009621;12,0;485,35;Não informado
PC009622;5,0;654,21;Não informado
PC009623;4,0;2961,55;Não informado
PC009624;13,0;1055,09;Não informado
PC009625;18,0;5778,95;Não informado
PC009626;2,0;243,04;Não informado
PC009627;6,0;1415,23;Não informado
PC009628;30,0;176,16;Não informado
PC009629;33,0;45,84;Não informado
PC009630;1,0;308,24;Não informado
PC009631;2,0;1058,25;Não informado
PC009632;7,0;733,33;Não informado
PC009633;69,0;99,29;Não informado
PC009634;6,0;281,33;Não informado
PC009635;69,0;1548,24;Não informado
PC009636;42,0;669,4;Não informado
PC009637;64,0;2556,47;Não informado
PC009638;7,0;741,48;Não informado
PC009639;6,0;711,13;Não informado
PC009640;8,0;73,63;Não informado
PC009641;11,0;67,97;Não informado
PC009642;8,0;259,48;Não informado
PC009643;54,0;558,96;Não informado
PC009644;707,0;749,45;Não informado
PC009645;42,0;3624,04;Não informado
PC009646;5,0;274,27;Não informado
PC009647;66,0;5073,13;Não informado
PC009648;6,0;682,4;Não informado
PC009649;17,0;130,99;Não informado
PC009650;5,0;99,48;Não informado
PC009651;2,0;296,27;Não informado
PC009652;12,0;5761,01;Não informado
PC009653;9,0;490,66;Não informado
PC009654;16,0;337,94;Não informado
PC009655;2,0;275,08;Não informado
PC009656;15,0;784,96;Não informado
PC009658;2,0;110,14;Não informado
PC009659;4,0;1601,32;Não informado
PC009660;4,0;2977,97;Não informado
PC009661;11,0;63,06;Não informado
PC009662;2,0;2670,42;Não informado
PC009663;67,0;429,13;Não informado
PC009664;37,0;802,54;Não informado
PC009665;7,0;4680,04;Não informado
PC009666;1,0;1030,96;Não informado
PC009667;1,0;304,19;Não informado
PC009668;23,0;1952,71;Não informado
PC009669;3,0;2843,93;Não informado
PC009670;13,0;606,33;Não informado
PC009671;31,0;1805,65;Não informado
PC009672;3,0;306,21;Não informado
PC009673;217,0;344,18;Não informado
PC009674;20,0;145,2;Não informado
PC009675;237,0;395,21;Não informado
PC009676;5,0;309,35;Não informado
PC009677;6,0;789,61;Não informado
PC009678;3,0;1156,24;Não informado
PC009679;10,0;369,66;Não informado
PC009680;4,0;714,34;Não informado
PC009681;22,0;1668,27;Não informado
PC009682;3,0;871,25;Não informado
PC009683;23,0;943,4;Não informado
PC009684;9,0;3405,23;Não informado
PC009685;193,0;278,1;Não informado
PC009686;9,0;125,26;Não informado
PC009687;0,0;616,89;Não informado
PC009688;35,0;4060,49;Não informado
PC009689;13,0;3612,19;Não informado
PC009690;3,0;1115,4;Não informado
PC009691;1,0;964,61;Não informado
PC009692;56,0;98,31;Não informado
PC009693;26,0;348,59;Não informado
PC009694;58,0;521,46;Não informado
PC009695;43,0;1441,74;Não informado
PC009696;18,0;289,15;Não informado
PC009697;5,0;44,81;Não informado
PC009698;88,0;47,1;Não informado
PC009699;7,0;770,19;Não informado
PC009700;1,0;224,0;Não informado
PC009701;13,0;885,54;Não informado
PC009702;139,0;1045,76;Não informado
PC009703;15,0;476,74;Não informado
PC009704;2,0;59,75;Não informado
PC009705;38,0;96,14;Não informado
PC009706;1,0;291,67;Não informado
PC009707;70,0;1100,58;Não informado
PC009708;77,0;1052,08;Não informado
PC009709;49,0;3007,75;Não informado
PC009710;11,0;1023,31;Não informado
PC009711;64,0;3062,39;Não informado
PC009712;31,0;762,04;Não informado
PC009713;13,0;90,96;Não informado
PC009714;36,0;27,3;Não informado
PC009715;32,0;220,85;Não informado
PC009716;3,0;4772,58;Não informado
PC009717;31,0;216,53;Não informado
PC009718;2,0;230,47;Não informado
PC009719;21,0;238,51;Não informado
PC009720;0,0;944,13;Não informado
PC009721;2,0;1147,65;Não informado
PC009722;2,0;92,95;Não informado
PC009723;11,0;1696,12;Não informado
PC009724;5,0;1518,39;Não informado
PC009725;20,0;76,61;Não informado
PC009726;25,0;851,14;Não informado
PC009727;14,0;413,3;Não informado
PC009728;17,0;924,4;Não informado
PC009729;3,0;5486,46;Não informado
PC009730;7,0;1125,92;Não informado
PC009731;15,0;55,88;Não informado
PC009733;1,0;2736,55;Não informado
PC009734;13,0;171,21;Não informado
PC009735;25,0;2312,3;Não informado
PC009736;8,0;1391,26;Não informado
PC009737;8,0;487,42;Não informado
PC009738;160,0;1298,97;Não informado
PC009739;1,0;503,23;Não informado
PC009740;21,0;127,26;Não informado
PC009741;8,0;5360,38;Não informado
PC009742;2,0;208,34;Não informado
PC009743;19,0;1117,14;Não informado
PC009744;72,0;518,49;Não informado
PC009745;33,0;1202,88;Não informado
PC009746;5,0;1087,78;Não informado
PC009747;22,0;176,51;Não informado
PC009748;48,0;1846,11;Não informado
PC009749;2,0;335,77;Não informado
PC009750;6,0;854,95;Não informado
PC009751;2,0;1440,17;Não informado
PC009752;10,0;4932,92;Não informado
PC009753;36,0;3997,96;Não informado
PC009754;124,0;3222,66;Não informado
PC009755;19,0;165,82;Não informado
PC009756;16,0;189,95;Não informado
PC009757;22,0;179,6;Não informado
PC009758;8,0;1022,99;Não informado
PC009759;4,0;761,37;Não informado
PC009760;20,0;152,82;Não informado
PC009761;7,0;40,62;Não informado
PC009762;26,0;402,79;Não informado
PC009763;5,0;404,58;Não informado
PC009764;11,0;867,51;Não informado
PC009765;110,0;1980,84;Não informado
PC009766;16,0;518,99;Não informado
PC009767;6,0;1088,29;Não informado
PC009768;42,0;107,08;Não informado
PC009769;18,0;85,03;Não informado
PC009770;14,0;592,06;Não informado
PC009771;13,0;558,78;Não informado
PC009772;1,0;858,79;Não informado
PC009773;8,0;2947,11;Não informado
PC009774;13,0;752,72;Não informado
PC009775;0,0;1309,54;Não informado
PC009776;59,0;257,31;Não informado
PC009777;34,0;135,51;Não informado
PC009778;3,0;125,17;Não informado
PC009779;8,0;79,11;Não informado
PC009780;10,0;2426,98;Não informado
PC009781;6,0;601,32;Não informado
PC009782;1,0;56,42;Não informado
PC009783;8,0;803,73;Não informado
PC009784;25,0;801,87;Não informado
PC009785;13,0;785,77;Não informado
PC009786;27,0;76,39;Não informado
PC009787;4,0;2319,66;Não informado
PC009788;29,0;2313,04;Não informado
PC009789;25,0;205,09;Não informado
PC009791;1,0;755,26;Não informado
PC009792;1,0;515,67;Não informado
PC009793;8,0;3711,63;Não informado
PC009794;9,0;2750,11;Não informado
PC009795;1,0;262,41;Não informado
PC009796;19,0;7131,31;Não informado
PC009798;4,0;536,45;Não informado
PC009799;10,0;4609,59;Não informado
PC009800;21,0;1529,47;Não informado
PC009801;19,0;220,0;Não informado
PC009802;35,0;1217,92;Não informado
PC009803;6,0;123,56;Não informado
PC009804;1,0;97,78;Não informado
PC009805;2,0;3565,16;Não informado
PC009806;85,0;351,98;Não informado
PC009807;17,0;560,29;Não informado
PC009808;49,0;1519,01;Não informado
PC009809;11,0;5313,13;Não informado
PC009810;34,0;298,44;Não informado
PC009811;2,0;473,16;Não informado
PC009812;150,0;2483,14;Não informado
PC009813;192,0;792,37;Não informado
PC009814;31,0;857,69;Não informado
PC009815;78,0;1537,64;Não informado
PC009816;0,0;997,37;Não informado
PC009817;13,0;2384,81;Não informado
PC009818;13,0;1197,31;Não informado
PC009819;93,0;327,58;Não informado
PC009820;5,0;136,15;Não informado
PC009821;1,0;84,04;Não informado
PC009822;7,0;781,98;Não informado
PC009823;7,0;853,89;Não informado
PC009824;136,0;473,47;Não informado
PC009825;62,0;99,73;Não informado
PC009826;75,0;235,03;Não informado
PC009827;4,0;1467,12;Não informado
PC009828;18,0;756,01;Não informado
PC009829;18,0;1454,58;Não informado
PC009830;26,0;479,33;Não informado
PC009832;20,0;60,78;Não informado
PC009833;3,0;43,9;Não informado
PC009834;38,0;648,82;Não informado
PC009835;17,0;522,75;Não informado
PC009836;7,0;203,98;Não informado
PC009837;7,0;1952,39;Não informado
PC009838;30,0;1526,42;Não informado
PC009839;3,0;3530,0;Não informado
PC009840;3,0;267,52;Não informado
PC009841;4,0;64,48;Não informado
PC009842;11,0;28,47;Não informado
PC009843;139,0;245,02;Não informado
PC009844;3,0;2574,06;Não informado
PC009845;11,0;763,26;Não informado
PC009846;9,0;174,44;Não informado
PC009847;19,0;1010,55;Não informado
PC009848;3,0;1138,1;Não informado
PC009849;40,0;129,09;Não informado
PC009851;0,0;1993,7;Não informado
PC009852;84,0;860,42;Não informado
PC009853;6,0;237,03;Não informado
PC009854;35,0;5468,28;Não informado
PC009855;2,0;125,39;Não informado
PC009856;2,0;718,41;Não informado
PC009857;4,0;575,04;Não informado
PC009858;68,0;5494,2;Não informado
PC009859;1,0;108,35;Não informado
PC009860;6,0;3246,79;Não informado
PC009861;6,0;1822,11;Não informado
PC009862;28,0;990,88;Não informado
PC009863;3,0;1497,52;Não informado
PC009864;24,0;231,57;Não informado
PC009865;6,0;509,71;Não informado
PC009866;3,0;927,58;Não informado
PC009867;2,0;88,65;Não informado
PC009868;48,0;115,1;Não informado
PC009869;12,0;282,81;Não informado
PC009870;6,0;68,84;Não informado
PC009871;11,0;691,04;Não informado
PC009872;137,0;108,11;Não informado
PC009874;550,0;413,67;Não informado
PC009877;141,0;670,74;Não informado
PC009878;61,0;140,36;Não informado
PC009879;1,0;661,87;Não informado
PC009880;1,0;392,89;Não informado
PC009881;1,0;1930,1;Não informado
PC009882;108,0;4878,06;Não informado
PC009883;54,0;530,92;Não informado
PC009885;42,0;124,05;Não informado
PC009886;11,0;601,05;Não informado
PC009887;6,0;722,11;Não informado
PC009888;40,0;211,62;Não informado
PC009889;9,0;74,2;Não informado
PC009890;6,0;721,12;Não informado
PC009891;1,0;1331,63;Não informado
PC009892;26,0;208,49;Não informado
PC009893;4,0;405,05;Não informado
PC009894;21,0;677,69;Não informado
PC009895;6,0;337,76;Não informado
PC009896;6,0;32,18;Não informado
PC009897;3,0;36,32;Não informado
PC009898;5,0;157,74;Não informado
PC009899;3,0;1877,7;Não informado
PC009900;2,0;105,89;Não informado
PC009901;23,0;738,23;Não informado
PC009902;31,0;223,15;Não informado
PC009903;13,0;3994,63;Não informado
PC009904;13,0;918,84;Não informado
PC009905;101,0;80,79;Não informado
PC009906;12,0;95,2;Não informado
PC009907;33,0;129,14;Não informado
PC009908;97,0;4476,96;Não informado
PC009909;5,0;915,75;Não informado
PC009910;0,0;184,9;Não informado
PC009911;13,0;565,08;Não informado
PC009912;14,0;914,59;Não informado
PC009913;22,0;102,01;Não informado
PC009914;26,0;105,75;Não informado
PC009915;2,0;1001,66;Não informado
PC009916;2,0;5408,92;Não informado
PC009918;91,0;2391,87;Não informado
PC009919;10,0;1036,2;Não informado
PC009920;28,0;150,32;Não informado
PC009921;27,0;4759,38;Não informado
PC009922;15,0;635,81;Não informado
PC009923;6,0;317,09;Não informado
PC009924;550,0;2543,91;Não informado
PC009925;6,0;315,1;Não informado
PC009926;13,0;363,09;Não informado
PC009927;8,0;1010,96;Não informado
PC009928;18,0;1182,15;Não informado
PC009929;22,0;874,58;Não informado
PC009930;35,0;1515,71;Não informado
PC009931;6,0;211,92;Não informado
PC009932;40,0;303,15;Não informado
PC009933;3,0;6406,96;Não informado
PC009934;30,0;747,05;Não informado
PC009935;1,0;173,89;Não informado
PC009936;4,0;390,72;Não informado
PC009937;2,0;958,65;Não informado
PC009938;9,0;1285,29;Não informado
PC009939;13,0;322,23;Não informado
PC009940;2,0;212,86;Não informado
PC009941;33,0;670,66;Não informado
PC009942;8,0;117,27;Não informado
PC009943;0,0;884,01;Não informado
PC009944;1,0;5027,49;Não informado
PC009945;17,0;3986,34;Não informado
PC009946;8,0;1916,19;Não informado
PC009947;1,0;713,08;Não informado
PC009948;2,0;246,97;Não informado
PC009949;8,0;181,48;Não informado
PC009950;141,0;488,41;Não informado
PC009951;4,0;1659,61;Não informado
PC009952;36,0;727,51;Não informado
PC009953;72,0;16,23;Não informado
PC009954;70,0;592,37;Não informado
PC009955;4,0;312,67;Não informado
PC009956;11,0;921,45;Não informado
PC009958;6,0;507,53;Não informado
PC009959;13,0;763,62;Não informado
PC009960;22,0;32,44;Não informado
PC009962;2,0;467,28;Não informado
PC009963;95,0;1559,66;Não informado
PC009964;9,0;981,81;Não informado
PC009965;31,0;3518,22;Não informado
PC009966;21,0;1825,1;Não informado
PC009967;6,0;7977,4;Não informado
PC009968;6,0;146,65;Não informado
PC009969;44,0;233,6;Não informado
PC009970;501,0;71,47;Não informado
PC009971;6,0;379,97;Não informado
PC009972;6,0;5466,66;Não informado
PC009973;18,0;734,19;Não informado
PC009974;10,0;322,13;Não informado
PC009975;1,0;760,06;Não informado
PC009976;1,0;443,28;Não informado
PC009977;85,0;755,7;Não informado
PC009978;9,0;19,63;Não informado
PC009979;25,0;1660,9;Não informado
PC009980;32,0;4416,49;Não informado
PC009981;1,0;167,43;Não informado
PC009982;11,0;4233,37;Não informado
PC009983;50,0;648,26;Não informado
PC009984;27,0;400,31;Não informado
PC009985;0,0;4336,11;Não informado
PC009986;3,0;1637,26;Não informado
PC009987;23,0;173,99;Não informado
PC009988;142,0;5875,32;Não informado
PC009989;2,0;2166,57;Não informado
PC009990;107,0;736,55;Não informado
PC009991;1,0;1918,4;Não informado
PC009992;7,0;1339,95;Não informado
PC009993;12,0;203,24;Não informado
PC009994;26,0;1572,46;Não informado
PC009995;2,0;723,53;Não informado
PC009996;12,0;270,13;Não informado
PC009997;2,0;808,03;Não informado
PC009998;65,0;641,56;Não informado
PC009999;3,0;986,98;Não informado
PC010000;41,0;1152,86;Não informado
